5minute_intervals_timestamp,missing_cbg,cbg,finger,basal,hr,gsr,carbInput,bolus,time
5438454.6,0.0,219.0,,,,,,,2021-09-13 12:30:00
5438455.600122174,0.0,229.0,,,,,,,2021-09-13 12:35:00
5438456.600244349,0.0,224.0,,,,,,,2021-09-13 12:40:00
5438457.6003665235,0.0,221.0,,,,,,,2021-09-13 12:45:00
5438458.600488698,0.0,215.0,,,,,,,2021-09-13 12:50:00
5438459.600610873,0.0,209.0,,,,,,,2021-09-13 12:55:00
5438460.600733048,0.0,203.0,,,,,,,2021-09-13 13:00:00
5438461.600855223,0.0,199.0,,,,,,,2021-09-13 13:05:00
5438462.6009773975,0.0,196.0,,,,,,,2021-09-13 13:10:00
5438463.601099572,0.0,196.0,,,,,,,2021-09-13 13:15:00
5438464.601221747,0.0,208.0,,,,,,,2021-09-13 13:20:00
5438465.601343921,0.0,202.0,,,,,,,2021-09-13 13:25:00
5438466.601466096,0.0,192.0,,,,,,,2021-09-13 13:30:00
5438467.601588271,0.0,194.0,,,,,,,2021-09-13 13:35:00
5438468.601710445,0.0,195.0,,,,,,,2021-09-13 13:40:00
5438469.60183262,0.0,189.0,169.0,,,,,3.3,2021-09-13 13:45:00
5438470.601954795,0.0,190.0,,,,,,,2021-09-13 13:50:00
5438471.60207697,0.0,183.0,,,,,,,2021-09-13 13:55:00
5438472.602199145,0.0,172.0,,,,,,,2021-09-13 14:00:00
5438473.602321319,0.0,166.0,,,,,,,2021-09-13 14:05:00
5438474.602443494,0.0,156.0,,,,,,,2021-09-13 14:10:00
5438475.6025656685,0.0,149.0,,,,,,,2021-09-13 14:15:00
5438476.602687843,0.0,153.0,,,,,,,2021-09-13 14:20:00
5438477.602810018,0.0,160.0,,,,,,,2021-09-13 14:25:00
5438478.602932192,0.0,159.0,,,,,,,2021-09-13 14:30:00
5438479.603054367,0.0,156.0,,,,,,,2021-09-13 14:35:00
5438480.603176542,0.0,158.0,,,,,,,2021-09-13 14:40:00
5438481.603298717,0.0,151.0,,,,,,,2021-09-13 14:45:00
5438482.603420892,0.0,150.0,,,,,,,2021-09-13 14:50:00
5438483.603543066,0.0,149.0,,,,,,,2021-09-13 14:55:00
5438484.603665241,0.0,137.0,,,,,,,2021-09-13 15:00:00
5438485.603787416,0.0,127.0,,,,,,,2021-09-13 15:05:00
5438486.60390959,0.0,123.0,,,,,,,2021-09-13 15:10:00
5438487.604031765,0.0,122.0,,,,,,,2021-09-13 15:15:00
5438488.6041539395,0.0,125.0,,,,,,,2021-09-13 15:20:00
5438489.604276114,0.0,121.0,,,,,,,2021-09-13 15:25:00
5438490.604398289,0.0,117.0,,,,,,,2021-09-13 15:30:00
5438491.604520464,0.0,117.0,,,,,,,2021-09-13 15:35:00
5438492.604642639,0.0,120.0,,,,,,,2021-09-13 15:40:00
5438493.604764814,0.0,122.0,,,,,,,2021-09-13 15:45:00
5438494.604886988,0.0,116.0,,,,,,,2021-09-13 15:50:00
5438495.605009163,0.0,113.0,,,,,,,2021-09-13 15:55:00
5438496.605131337,0.0,109.0,,,,,,,2021-09-13 16:00:00
5438497.605253512,0.0,112.0,112.0,,,,,7.4,2021-09-13 16:05:00
5438498.605375687,0.0,109.0,,,,,,,2021-09-13 16:10:00
5438499.605497861,0.0,99.0,,,,,,,2021-09-13 16:15:00
5438500.605620036,0.0,94.0,,,,,,,2021-09-13 16:20:00
5438501.605742211,0.0,93.0,,,,,,,2021-09-13 16:25:00
5438502.605864386,0.0,91.0,,,,,,,2021-09-13 16:30:00
5438503.605986561,0.0,89.0,,,,,,,2021-09-13 16:35:00
5438504.606108735,0.0,90.0,,,,,,,2021-09-13 16:40:00
5438505.60623091,0.0,88.0,,,,,,,2021-09-13 16:45:00
5438506.606353085,0.0,87.0,,,,,,,2021-09-13 16:50:00
5438507.606475259,0.0,88.0,,,,,,,2021-09-13 16:55:00
5438508.606597434,0.0,87.0,,,,,,,2021-09-13 17:00:00
5438509.606719608,0.0,87.0,,,,,,,2021-09-13 17:05:00
5438510.606841783,0.0,88.0,94.0,,,,,,2021-09-13 17:10:00
5438511.606963958,0.0,88.0,,,,,,,2021-09-13 17:15:00
5438512.607086133,0.0,90.0,,,,,,,2021-09-13 17:20:00
5438513.607208308,0.0,91.0,,,,,,,2021-09-13 17:25:00
5438514.607330482,0.0,88.0,,,,,,,2021-09-13 17:30:00
5438515.607452657,0.0,89.0,,,,,,,2021-09-13 17:35:00
5438516.607574832,0.0,113.0,,,,,,,2021-09-13 17:40:00
5438517.607697006,0.0,135.0,,,,,,,2021-09-13 17:45:00
5438518.607819181,0.0,122.0,,,,,,,2021-09-13 17:50:00
5438519.607941356,0.0,119.0,,0.7,,,,,2021-09-13 17:55:00
5438520.60806353,0.0,113.0,,0.7,,,,,2021-09-13 18:00:00
5438521.608185705,0.0,104.0,,0.7,,,,,2021-09-13 18:05:00
5438522.60830788,0.0,95.0,,0.7,,,,,2021-09-13 18:10:00
5438523.608430055,0.0,86.0,,0.7,,,,,2021-09-13 18:15:00
5438524.60855223,1.0,,89.0,0.7,,,,,2021-09-13 18:20:00
5438525.608674404,1.0,,,0.7,,,,,2021-09-13 18:25:00
5438526.608796579,1.0,,89.0,0.7,,,,4.3,2021-09-13 18:30:00
5438527.608918753,0.0,73.0,,0.7,,,,,2021-09-13 18:35:00
5438528.609040928,0.0,75.0,,0.7,,,,,2021-09-13 18:40:00
5438529.609163103,0.0,77.0,,0.7,,,,,2021-09-13 18:45:00
5438530.609285277,0.0,75.0,,0.7,,,,,2021-09-13 18:50:00
5438531.609407452,0.0,76.0,,0.7,,,,,2021-09-13 18:55:00
5438532.609529627,0.0,78.0,,0.7,,,,,2021-09-13 19:00:00
5438533.609651802,0.0,80.0,,0.7,,,,,2021-09-13 19:05:00
5438534.609773977,0.0,83.0,,0.7,,,,,2021-09-13 19:10:00
5438535.609896151,0.0,86.0,,0.7,,,,,2021-09-13 19:15:00
5438536.610018326,0.0,86.0,,0.7,,,,,2021-09-13 19:20:00
5438537.610140501,0.0,86.0,,0.7,,,,,2021-09-13 19:25:00
5438538.610262675,0.0,84.0,,0.7,,,,,2021-09-13 19:30:00
5438539.61038485,0.0,82.0,,0.7,,,,,2021-09-13 19:35:00
5438540.610507024,0.0,81.0,,0.7,,,,,2021-09-13 19:40:00
5438541.610629199,0.0,84.0,,0.7,,,,,2021-09-13 19:45:00
5438542.610751374,0.0,83.0,,0.7,,,,,2021-09-13 19:50:00
5438543.610873549,0.0,83.0,,0.7,,,,,2021-09-13 19:55:00
5438544.610995724,0.0,86.0,,0.7,,,,,2021-09-13 20:00:00
5438545.6111178985,0.0,88.0,,0.7,,,,,2021-09-13 20:05:00
5438546.611240073,0.0,91.0,,0.7,,,,,2021-09-13 20:10:00
5438547.611362248,0.0,92.0,,0.7,,,,,2021-09-13 20:15:00
5438548.611484422,0.0,93.0,,0.7,,,,,2021-09-13 20:20:00
5438549.611606597,0.0,92.0,,0.7,,,,,2021-09-13 20:25:00
5438550.611728772,0.0,93.0,,0.7,,,,,2021-09-13 20:30:00
5438551.611850946,0.0,95.0,,0.7,,,,,2021-09-13 20:35:00
5438552.611973121,0.0,98.0,111.0,0.7,,,,,2021-09-13 20:40:00
5438553.612095295,0.0,109.0,111.0,0.7,,,,6.0,2021-09-13 20:45:00
5438554.612217471,0.0,121.0,,0.7,,,,,2021-09-13 20:50:00
5438555.612339646,0.0,120.0,,0.7,,,,,2021-09-13 20:55:00
5438556.61246182,0.0,124.0,,0.7,,,,,2021-09-13 21:00:00
5438557.612583995,0.0,129.0,,0.7,,,,,2021-09-13 21:05:00
5438558.6127061695,0.0,128.0,,0.7,,,,,2021-09-13 21:10:00
5438559.612828344,0.0,132.0,,0.7,,,,,2021-09-13 21:15:00
5438560.612950519,0.0,138.0,,0.7,,,,,2021-09-13 21:20:00
5438561.613072693,0.0,141.0,,0.7,,,,,2021-09-13 21:25:00
5438562.613194868,0.0,146.0,,0.7,,,,,2021-09-13 21:30:00
5438563.613317043,0.0,153.0,,0.7,,,,,2021-09-13 21:35:00
5438564.613439218,0.0,154.0,,0.7,,,,,2021-09-13 21:40:00
5438565.613561393,0.0,153.0,,0.7,,,,,2021-09-13 21:45:00
5438566.613683567,0.0,151.0,,0.7,,,,,2021-09-13 21:50:00
5438567.613805742,0.0,148.0,,0.7,,,,,2021-09-13 21:55:00
5438568.613927917,0.0,151.0,137.0,0.7,,,,1.1,2021-09-13 22:00:00
5438569.614050091,0.0,167.0,,0.7,,,,,2021-09-13 22:05:00
5438570.614172266,0.0,174.0,,0.7,,,,,2021-09-13 22:10:00
5438571.6142944405,0.0,175.0,,0.7,,,,,2021-09-13 22:15:00
5438572.614416615,0.0,170.0,,0.7,,,,,2021-09-13 22:20:00
5438573.61453879,0.0,168.0,,0.7,,,,,2021-09-13 22:25:00
5438574.614660964,0.0,169.0,,0.7,,,,,2021-09-13 22:30:00
5438575.61478314,0.0,167.0,,0.7,,,,,2021-09-13 22:35:00
5438576.6149053145,0.0,162.0,,0.7,,,,,2021-09-13 22:40:00
5438577.615027489,0.0,156.0,,0.7,,,,,2021-09-13 22:45:00
5438578.615149664,0.0,149.0,,0.7,,,,,2021-09-13 22:50:00
5438579.615271838,0.0,142.0,,0.7,,,,,2021-09-13 22:55:00
5438580.615394013,0.0,138.0,,0.7,,,,,2021-09-13 23:00:00
5438581.615516188,0.0,135.0,,0.7,,,,,2021-09-13 23:05:00
5438582.615638362,0.0,130.0,,0.7,,,,,2021-09-13 23:10:00
5438583.615760537,0.0,126.0,,0.7,,,,,2021-09-13 23:15:00
5438584.6158827115,0.0,128.0,,0.7,,,,,2021-09-13 23:20:00
5438585.616004887,0.0,137.0,,0.7,,,,,2021-09-13 23:25:00
5438586.616127062,0.0,135.0,,0.7,,,,,2021-09-13 23:30:00
5438587.616249236,0.0,132.0,,0.7,,,,,2021-09-13 23:35:00
5438588.616371411,0.0,128.0,,0.7,,,,,2021-09-13 23:40:00
5438589.6164935855,0.0,126.0,,0.7,,,,,2021-09-13 23:45:00
5438590.61661576,0.0,125.0,,0.7,,,,,2021-09-13 23:50:00
5438591.616737935,0.0,124.0,,1.5,,,,,2021-09-13 23:55:00
5438592.616860109,0.0,122.0,,1.5,,,,,2021-09-14 00:00:00
5438593.616982284,0.0,122.0,,1.5,,,,,2021-09-14 00:05:00
5438594.617104459,0.0,121.0,,1.5,,,,,2021-09-14 00:10:00
5438595.617226634,0.0,120.0,,1.5,,,,,2021-09-14 00:15:00
5438596.617348809,0.0,120.0,,1.5,,,,,2021-09-14 00:20:00
5438597.617470983,0.0,121.0,,1.5,,,,,2021-09-14 00:25:00
5438598.617593158,0.0,122.0,,1.5,,,,,2021-09-14 00:30:00
5438599.617715333,0.0,123.0,,1.5,,,,,2021-09-14 00:35:00
5438600.617837507,0.0,123.0,,1.5,,,,,2021-09-14 00:40:00
5438601.617959682,0.0,131.0,,1.5,,,,,2021-09-14 00:45:00
5438602.6180818565,0.0,133.0,,1.5,,,,,2021-09-14 00:50:00
5438603.618204031,0.0,130.0,,1.5,,,,,2021-09-14 00:55:00
5438604.618326206,0.0,126.0,,1.5,,,,,2021-09-14 01:00:00
5438605.61844838,0.0,125.0,,1.5,,,,,2021-09-14 01:05:00
5438606.618570556,0.0,128.0,,1.5,,,,,2021-09-14 01:10:00
5438607.618692731,0.0,136.0,,1.5,,,,,2021-09-14 01:15:00
5438608.618814905,0.0,132.0,,1.5,,,,,2021-09-14 01:20:00
5438609.61893708,0.0,130.0,,1.5,,,,,2021-09-14 01:25:00
5438610.619059254,0.0,136.0,,1.5,,,,,2021-09-14 01:30:00
5438611.619181429,0.0,143.0,,1.5,,,,,2021-09-14 01:35:00
5438612.619303604,0.0,142.0,,1.5,,,,,2021-09-14 01:40:00
5438613.619425778,0.0,138.0,,1.5,,,,,2021-09-14 01:45:00
5438614.619547953,0.0,135.0,,1.5,,,,,2021-09-14 01:50:00
5438615.6196701275,0.0,132.0,,1.5,,,,,2021-09-14 01:55:00
5438616.619792303,0.0,130.0,,1.5,,,,,2021-09-14 02:00:00
5438617.619914478,0.0,128.0,,1.5,,,,,2021-09-14 02:05:00
5438618.620036652,0.0,128.0,,1.5,,,,,2021-09-14 02:10:00
5438619.620158827,0.0,136.0,,1.5,,,,,2021-09-14 02:15:00
5438620.620281002,0.0,140.0,,1.5,,,,,2021-09-14 02:20:00
5438621.620403176,0.0,140.0,,1.5,,,,,2021-09-14 02:25:00
5438622.620525351,0.0,141.0,,1.5,,,,,2021-09-14 02:30:00
5438623.620647525,0.0,142.0,,1.5,,,,,2021-09-14 02:35:00
5438624.6207697,0.0,140.0,,1.5,,,,,2021-09-14 02:40:00
5438625.620891875,0.0,136.0,,1.5,,,,,2021-09-14 02:45:00
5438626.621014049,0.0,135.0,,1.5,,,,,2021-09-14 02:50:00
5438627.621136225,0.0,141.0,,1.55,,,,,2021-09-14 02:55:00
5438628.621258399,0.0,140.0,,1.55,,,,,2021-09-14 03:00:00
5438629.621380574,0.0,137.0,,1.55,,,,,2021-09-14 03:05:00
5438630.621502749,0.0,136.0,,1.55,,,,,2021-09-14 03:10:00
5438631.621624923,0.0,134.0,,1.55,,,,,2021-09-14 03:15:00
5438632.621747098,0.0,135.0,,1.55,,,,,2021-09-14 03:20:00
5438633.621869273,0.0,146.0,,1.55,,,,,2021-09-14 03:25:00
5438634.621991447,0.0,153.0,,1.55,,,,,2021-09-14 03:30:00
5438635.622113622,0.0,154.0,,1.55,,,,,2021-09-14 03:35:00
5438636.622235796,0.0,155.0,,1.55,,,,,2021-09-14 03:40:00
5438637.622357972,0.0,155.0,,1.55,,,,,2021-09-14 03:45:00
5438638.622480147,0.0,149.0,,1.55,,,,,2021-09-14 03:50:00
5438639.622602321,0.0,148.0,,1.55,,,,,2021-09-14 03:55:00
5438640.622724496,0.0,153.0,,1.55,,,,,2021-09-14 04:00:00
5438641.62284667,0.0,154.0,,1.55,,,,,2021-09-14 04:05:00
5438642.622968845,0.0,155.0,,1.55,,,,,2021-09-14 04:10:00
5438643.62309102,0.0,158.0,,1.55,,,,,2021-09-14 04:15:00
5438644.623213194,0.0,163.0,,1.55,,,,,2021-09-14 04:20:00
5438645.623335369,0.0,169.0,,1.55,,,,,2021-09-14 04:25:00
5438646.623457544,0.0,171.0,,1.55,,,,,2021-09-14 04:30:00
5438647.623579718,0.0,173.0,,1.55,,,,,2021-09-14 04:35:00
5438648.623701894,0.0,174.0,,1.55,,,,,2021-09-14 04:40:00
5438649.623824068,0.0,173.0,,1.55,,,,,2021-09-14 04:45:00
5438650.623946243,0.0,171.0,,1.55,,,,,2021-09-14 04:50:00
5438651.624068418,0.0,172.0,,1.55,,,,,2021-09-14 04:55:00
5438652.624190592,0.0,173.0,,1.55,,,,,2021-09-14 05:00:00
5438653.624312767,0.0,174.0,,1.55,,,,,2021-09-14 05:05:00
5438654.624434941,0.0,187.0,,1.55,,,,,2021-09-14 05:10:00
5438655.624557116,0.0,193.0,113.0,1.55,,,,,2021-09-14 05:15:00
5438656.624679291,0.0,196.0,,1.55,,,,,2021-09-14 05:20:00
5438657.624801465,0.0,199.0,,1.55,,,,,2021-09-14 05:25:00
5438658.624923641,0.0,202.0,,1.55,,,,,2021-09-14 05:30:00
5438659.6250458155,0.0,209.0,,1.55,,,,,2021-09-14 05:35:00
5438660.62516799,0.0,218.0,,1.55,,,,,2021-09-14 05:40:00
5438661.625290165,0.0,225.0,,1.55,,,,,2021-09-14 05:45:00
5438662.625412339,0.0,233.0,,1.55,,,,,2021-09-14 05:50:00
5438663.625534514,0.0,241.0,,1.55,,,40.0,,2021-09-14 05:55:00
5438664.625656689,0.0,247.0,171.0,1.55,,,,16.1,2021-09-14 06:00:00
5438665.625778863,0.0,255.0,,1.55,,,,,2021-09-14 06:05:00
5438666.625901038,0.0,264.0,,1.55,,,,,2021-09-14 06:10:00
5438667.626023212,0.0,276.0,,1.55,,,,,2021-09-14 06:15:00
5438668.626145388,0.0,282.0,196.0,1.55,,,,5.3,2021-09-14 06:20:00
5438669.626267563,1.0,,,1.55,,,,,2021-09-14 06:25:00
5438670.626389737,1.0,,,1.55,,,,,2021-09-14 06:30:00
5438671.626511912,0.0,202.0,,1.55,,,,,2021-09-14 06:35:00
5438672.6266340865,0.0,196.0,,1.55,,,,,2021-09-14 06:40:00
5438673.626756261,0.0,180.0,,1.55,,,,,2021-09-14 06:45:00
5438674.626878436,0.0,168.0,,1.55,,,,,2021-09-14 06:50:00
5438675.62700061,0.0,161.0,,1.55,,,,,2021-09-14 06:55:00
5438676.627122785,0.0,149.0,,1.55,,,,,2021-09-14 07:00:00
5438677.62724496,0.0,137.0,,1.55,,,,,2021-09-14 07:05:00
5438678.627367134,0.0,126.0,,1.55,,,,,2021-09-14 07:10:00
5438679.62748931,0.0,117.0,,1.55,,,,,2021-09-14 07:15:00
5438680.627611484,0.0,111.0,,1.55,,,,,2021-09-14 07:20:00
5438681.627733659,0.0,106.0,,1.1,,,,,2021-09-14 07:25:00
5438682.627855834,0.0,101.0,,1.1,,,,,2021-09-14 07:30:00
5438683.627978008,0.0,98.0,,1.1,,,,,2021-09-14 07:35:00
5438684.628100183,0.0,96.0,,1.1,,,,,2021-09-14 07:40:00
5438685.6282223575,0.0,94.0,,1.1,,,,,2021-09-14 07:45:00
5438686.628344532,0.0,93.0,,1.1,,,,,2021-09-14 07:50:00
5438687.628466707,0.0,91.0,,1.1,,,35.0,,2021-09-14 07:55:00
5438688.628588881,0.0,90.0,,1.1,,,,,2021-09-14 08:00:00
5438689.628711057,0.0,89.0,43.0,1.1,,,,,2021-09-14 08:05:00
5438690.6288332315,0.0,87.0,,1.1,,,,,2021-09-14 08:10:00
5438691.628955406,0.0,87.0,,1.1,,,,,2021-09-14 08:15:00
5438692.629077581,0.0,90.0,,1.1,,,,,2021-09-14 08:20:00
5438693.629199755,0.0,93.0,,1.1,,,,,2021-09-14 08:25:00
5438694.62932193,0.0,95.0,,1.1,,,,,2021-09-14 08:30:00
5438695.629444105,0.0,97.0,,1.1,,,,,2021-09-14 08:35:00
5438696.629566279,0.0,100.0,77.0,1.1,,,,,2021-09-14 08:40:00
5438697.629688454,0.0,104.0,,1.1,,,,,2021-09-14 08:45:00
5438698.6298106285,0.0,109.0,,1.1,,,,,2021-09-14 08:50:00
5438699.629932803,0.0,113.0,,1.1,,,,,2021-09-14 08:55:00
5438700.630054979,0.0,116.0,,1.1,,,,,2021-09-14 09:00:00
5438701.630177153,0.0,117.0,,1.1,,,,,2021-09-14 09:05:00
5438702.630299328,0.0,118.0,,1.1,,,,,2021-09-14 09:10:00
5438703.6304215025,0.0,119.0,,1.1,,,,,2021-09-14 09:15:00
5438704.630543677,0.0,123.0,,1.1,,,,,2021-09-14 09:20:00
5438705.630665852,0.0,128.0,,1.1,,,,,2021-09-14 09:25:00
5438706.630788026,0.0,133.0,,1.1,,,,,2021-09-14 09:30:00
5438707.630910201,0.0,135.0,,1.1,,,,,2021-09-14 09:35:00
5438708.631032376,0.0,137.0,,1.1,,,,,2021-09-14 09:40:00
5438709.63115455,0.0,138.0,,1.1,,,,,2021-09-14 09:45:00
5438710.631276726,0.0,137.0,,1.1,,,,,2021-09-14 09:50:00
5438711.6313989,0.0,137.0,,1.1,,,,,2021-09-14 09:55:00
5438712.631521075,0.0,135.0,,1.1,,,,,2021-09-14 10:00:00
5438713.63164325,0.0,132.0,,1.1,,,,,2021-09-14 10:05:00
5438714.631765424,0.0,131.0,,1.1,,,,,2021-09-14 10:10:00
5438715.631887599,0.0,129.0,,1.1,,,,,2021-09-14 10:15:00
5438716.6320097735,0.0,125.0,,1.1,,,,,2021-09-14 10:20:00
5438717.632131948,0.0,123.0,,0.9,,,,,2021-09-14 10:25:00
5438718.632254123,0.0,122.0,,0.9,,,,,2021-09-14 10:30:00
5438719.632376297,0.0,120.0,,0.9,,,,,2021-09-14 10:35:00
5438720.632498472,0.0,119.0,85.0,0.9,,,,,2021-09-14 10:40:00
5438721.632620648,0.0,117.0,,0.9,,,,,2021-09-14 10:45:00
5438722.632742822,0.0,118.0,,0.9,,,,,2021-09-14 10:50:00
5438723.632864997,0.0,94.0,,0.9,,,,,2021-09-14 10:55:00
5438724.632987171,0.0,92.0,,0.9,,,,,2021-09-14 11:00:00
5438725.633109346,0.0,90.0,,0.9,,,,,2021-09-14 11:05:00
5438726.633231521,0.0,89.0,,0.9,,,,,2021-09-14 11:10:00
5438727.633353695,0.0,88.0,,0.9,,,,,2021-09-14 11:15:00
5438728.63347587,0.0,89.0,87.0,0.9,,,,3.7,2021-09-14 11:20:00
5438729.6335980445,0.0,89.0,,0.6,,,23.0,,2021-09-14 11:25:00
5438730.633720219,0.0,87.0,,0.6,,,,,2021-09-14 11:30:00
5438731.633842395,0.0,88.0,,0.6,,,,,2021-09-14 11:35:00
5438732.633964569,0.0,91.0,,0.6,,,,,2021-09-14 11:40:00
5438733.634086744,0.0,96.0,,0.6,,,,,2021-09-14 11:45:00
5438734.634208919,0.0,102.0,,0.6,,,,,2021-09-14 11:50:00
5438735.634331093,0.0,108.0,,0.6,,,,,2021-09-14 11:55:00
5438736.634453268,0.0,110.0,,0.6,,,,,2021-09-14 12:00:00
5438737.634575442,0.0,110.0,,0.6,,,,,2021-09-14 12:05:00
5438738.634697617,0.0,112.0,,0.6,,,,,2021-09-14 12:10:00
5438739.634819792,0.0,112.0,,0.6,,,,,2021-09-14 12:15:00
5438740.634941966,0.0,110.0,,0.6,,,,,2021-09-14 12:20:00
5438741.635064142,0.0,109.0,,0.6,,,,,2021-09-14 12:25:00
5438742.635186316,0.0,108.0,,0.6,,,,,2021-09-14 12:30:00
5438743.635308491,0.0,107.0,,0.6,,,,,2021-09-14 12:35:00
5438744.635430666,0.0,109.0,,0.6,,,,,2021-09-14 12:40:00
5438745.63555284,0.0,110.0,,0.6,,,,,2021-09-14 12:45:00
5438746.635675015,0.0,108.0,,0.6,,,,,2021-09-14 12:50:00
5438747.63579719,0.0,109.0,,0.6,,,,,2021-09-14 12:55:00
5438748.635919364,0.0,112.0,,0.6,,,,,2021-09-14 13:00:00
5438749.636041539,0.0,113.0,,0.6,,,,,2021-09-14 13:05:00
5438750.636163713,0.0,117.0,,0.6,,,,,2021-09-14 13:10:00
5438751.636285888,0.0,119.0,,0.6,,,,,2021-09-14 13:15:00
5438752.636408064,0.0,122.0,,0.6,,,,,2021-09-14 13:20:00
5438753.636530238,0.0,127.0,,0.6,,,,,2021-09-14 13:25:00
5438754.636652413,0.0,130.0,137.0,0.6,,,,0.9,2021-09-14 13:30:00
5438755.636774587,0.0,133.0,,0.6,,,,,2021-09-14 13:35:00
5438756.636896762,0.0,134.0,,0.6,,,,,2021-09-14 13:40:00
5438757.637018937,0.0,135.0,,0.6,,,,,2021-09-14 13:45:00
5438758.637141111,0.0,136.0,,0.6,,,,,2021-09-14 13:50:00
5438759.637263286,0.0,138.0,,0.6,,,,,2021-09-14 13:55:00
5438760.637385461,0.0,141.0,,0.6,,,,,2021-09-14 14:00:00
5438761.637507635,0.0,143.0,,0.6,,,,,2021-09-14 14:05:00
5438762.637629811,0.0,142.0,,0.6,,,,,2021-09-14 14:10:00
5438763.637751985,0.0,140.0,,0.6,,,,,2021-09-14 14:15:00
5438764.63787416,0.0,139.0,,0.6,,,,,2021-09-14 14:20:00
5438765.637996335,0.0,139.0,109.0,0.6,,,,4.4,2021-09-14 14:25:00
5438766.638118509,0.0,138.0,,0.6,,,,,2021-09-14 14:30:00
5438767.638240684,0.0,140.0,,0.6,,,,,2021-09-14 14:35:00
5438768.638362858,0.0,141.0,,0.6,,,,,2021-09-14 14:40:00
5438769.638485033,0.0,142.0,,0.6,,,,,2021-09-14 14:45:00
5438770.638607208,0.0,143.0,,0.6,,,,,2021-09-14 14:50:00
5438771.638729382,0.0,145.0,,0.6,,,,,2021-09-14 14:55:00
5438772.638851557,0.0,148.0,,0.6,,,,,2021-09-14 15:00:00
5438773.6389737325,0.0,150.0,,0.6,,,,,2021-09-14 15:05:00
5438774.639095907,0.0,149.0,,0.6,,,,,2021-09-14 15:10:00
5438775.639218082,0.0,147.0,,0.6,,,,,2021-09-14 15:15:00
5438776.639340256,0.0,146.0,,0.6,,,,,2021-09-14 15:20:00
5438777.639462431,0.0,144.0,,0.6,,,,,2021-09-14 15:25:00
5438778.639584606,0.0,142.0,,0.6,,,,,2021-09-14 15:30:00
5438779.63970678,0.0,141.0,,0.6,,,,,2021-09-14 15:35:00
5438780.639828955,0.0,140.0,,0.6,,,,,2021-09-14 15:40:00
5438781.639951129,0.0,140.0,,0.6,,,,,2021-09-14 15:45:00
5438782.640073304,0.0,139.0,,0.6,,,,,2021-09-14 15:50:00
5438783.64019548,0.0,139.0,,0.6,,,,,2021-09-14 15:55:00
5438784.640317654,0.0,138.0,,0.6,,,,,2021-09-14 16:00:00
5438785.640439829,0.0,135.0,,0.6,,,5.0,,2021-09-14 16:05:00
5438786.6405620035,0.0,133.0,,0.6,,,,,2021-09-14 16:10:00
5438787.640684178,0.0,132.0,,0.6,,,,,2021-09-14 16:15:00
5438788.640806353,0.0,132.0,,0.6,,,,,2021-09-14 16:20:00
5438789.640928527,0.0,133.0,,0.6,,,,,2021-09-14 16:25:00
5438790.641050702,0.0,134.0,,0.6,,,,,2021-09-14 16:30:00
5438791.641172877,0.0,136.0,,0.6,,,,,2021-09-14 16:35:00
5438792.641295051,0.0,138.0,154.0,0.6,,,,2.5,2021-09-14 16:40:00
5438793.641417226,0.0,141.0,,0.6,,,,,2021-09-14 16:45:00
5438794.641539401,0.0,144.0,,0.6,,,,,2021-09-14 16:50:00
5438795.641661576,0.0,149.0,,0.6,,,,,2021-09-14 16:55:00
5438796.641783751,0.0,153.0,,0.6,,,,,2021-09-14 17:00:00
5438797.641905925,0.0,157.0,,0.6,,,,,2021-09-14 17:05:00
5438798.6420281,0.0,160.0,,0.6,,,,,2021-09-14 17:10:00
5438799.6421502745,0.0,163.0,,0.6,,,,,2021-09-14 17:15:00
5438800.642272449,0.0,165.0,,0.6,,,,,2021-09-14 17:20:00
5438801.642394624,0.0,166.0,,0.6,,,,,2021-09-14 17:25:00
5438802.642516798,0.0,166.0,,0.6,,,,,2021-09-14 17:30:00
5438803.642638973,0.0,165.0,,0.6,,,,,2021-09-14 17:35:00
5438804.6427611485,0.0,164.0,,0.6,,,,,2021-09-14 17:40:00
5438805.642883323,0.0,163.0,,0.6,,,,,2021-09-14 17:45:00
5438806.643005498,0.0,163.0,,0.6,,,,,2021-09-14 17:50:00
5438807.643127672,0.0,163.0,,0.7,,,,,2021-09-14 17:55:00
5438808.643249847,0.0,164.0,,0.7,,,,,2021-09-14 18:00:00
5438809.643372022,0.0,164.0,,0.7,,,,,2021-09-14 18:05:00
5438810.643494196,0.0,166.0,,0.7,,,,,2021-09-14 18:10:00
5438811.643616371,0.0,168.0,,0.7,,,,,2021-09-14 18:15:00
5438812.6437385455,0.0,169.0,,0.7,,,,,2021-09-14 18:20:00
5438813.64386072,0.0,171.0,,0.7,,,,,2021-09-14 18:25:00
5438814.643982895,0.0,173.0,,0.7,,,,,2021-09-14 18:30:00
5438815.64410507,0.0,175.0,,0.7,,,,,2021-09-14 18:35:00
5438816.644227245,0.0,176.0,,0.7,,,,,2021-09-14 18:40:00
5438817.6443494195,0.0,178.0,,0.7,,,,,2021-09-14 18:45:00
5438818.644471594,0.0,181.0,,0.7,,,,,2021-09-14 18:50:00
5438819.644593769,0.0,184.0,,0.7,,,,,2021-09-14 18:55:00
5438820.644715943,0.0,187.0,,0.7,,,,,2021-09-14 19:00:00
5438821.644838118,0.0,191.0,,0.7,,,,,2021-09-14 19:05:00
5438822.644960293,0.0,195.0,,0.7,,,,,2021-09-14 19:10:00
5438823.645082467,0.0,198.0,,0.7,,,,,2021-09-14 19:15:00
5438824.645204642,0.0,202.0,,0.7,,,,,2021-09-14 19:20:00
5438825.645326817,0.0,205.0,,0.7,,,,,2021-09-14 19:25:00
5438826.645448992,0.0,208.0,,0.7,,,,,2021-09-14 19:30:00
5438827.645571167,0.0,212.0,,0.7,,,35.0,,2021-09-14 19:35:00
5438828.645693341,0.0,214.0,283.0,0.7,,,,14.3,2021-09-14 19:40:00
5438829.645815516,0.0,216.0,,0.7,,,,,2021-09-14 19:45:00
5438830.6459376905,0.0,219.0,,0.7,,,,,2021-09-14 19:50:00
5438831.646059865,0.0,253.0,,0.7,,,,,2021-09-14 19:55:00
5438832.64618204,0.0,251.0,,0.7,,,,,2021-09-14 20:00:00
5438833.646304214,0.0,251.0,290.0,0.7,,,,12.4,2021-09-14 20:05:00
5438834.646426389,0.0,251.0,,0.7,,,,,2021-09-14 20:10:00
5438835.646548565,0.0,248.0,,0.7,,,,,2021-09-14 20:15:00
5438836.646670739,0.0,240.0,,0.7,,,,,2021-09-14 20:20:00
5438837.646792914,0.0,233.0,,0.7,,,,,2021-09-14 20:25:00
5438838.646915088,0.0,228.0,,0.7,,,,,2021-09-14 20:30:00
5438839.647037263,0.0,223.0,,0.7,,,,,2021-09-14 20:35:00
5438840.647159438,0.0,219.0,,0.7,,,,,2021-09-14 20:40:00
5438841.647281612,0.0,214.0,,0.7,,,,,2021-09-14 20:45:00
5438842.647403787,0.0,208.0,,0.7,,,,,2021-09-14 20:50:00
5438843.6475259615,0.0,202.0,,0.7,,,,,2021-09-14 20:55:00
5438844.647648136,0.0,196.0,,0.7,,,,,2021-09-14 21:00:00
5438845.647770311,0.0,190.0,,0.7,,,,,2021-09-14 21:05:00
5438846.647892486,0.0,185.0,,0.7,,,,,2021-09-14 21:10:00
5438847.648014661,0.0,179.0,,0.7,,,,,2021-09-14 21:15:00
5438848.648136836,0.0,174.0,,0.7,,,,,2021-09-14 21:20:00
5438849.64825901,0.0,170.0,,0.7,,,,,2021-09-14 21:25:00
5438850.648381185,0.0,166.0,,0.7,,,,,2021-09-14 21:30:00
5438851.648503359,0.0,162.0,,0.7,,,,,2021-09-14 21:35:00
5438852.648625534,0.0,158.0,,0.7,,,,,2021-09-14 21:40:00
5438853.648747709,0.0,155.0,,0.7,,,,,2021-09-14 21:45:00
5438854.648869883,0.0,151.0,,0.7,,,,,2021-09-14 21:50:00
5438855.648992058,0.0,147.0,123.0,0.7,,,,,2021-09-14 21:55:00
5438856.649114233,0.0,144.0,,0.7,,,,,2021-09-14 22:00:00
5438857.649236408,0.0,141.0,,0.7,,,,,2021-09-14 22:05:00
5438858.649358583,0.0,136.0,,0.7,,,,,2021-09-14 22:10:00
5438859.649480757,0.0,129.0,,0.7,,,,,2021-09-14 22:15:00
5438860.649602932,0.0,123.0,,0.7,,,,,2021-09-14 22:20:00
5438861.649725107,0.0,119.0,,0.7,,,,,2021-09-14 22:25:00
5438862.649847281,0.0,115.0,,0.7,,,,,2021-09-14 22:30:00
5438863.649969456,0.0,111.0,,0.7,,,,,2021-09-14 22:35:00
5438864.65009163,0.0,107.0,,0.7,,,,,2021-09-14 22:40:00
5438865.650213805,0.0,104.0,,0.7,,,,,2021-09-14 22:45:00
5438866.65033598,0.0,101.0,,0.7,,,,,2021-09-14 22:50:00
5438867.650458155,0.0,99.0,,0.7,,,,,2021-09-14 22:55:00
5438868.65058033,0.0,98.0,,0.7,,,,,2021-09-14 23:00:00
5438869.650702504,0.0,96.0,,0.7,,,,,2021-09-14 23:05:00
5438870.650824679,0.0,95.0,,0.7,,,,,2021-09-14 23:10:00
5438871.650946854,0.0,93.0,,0.7,,,,,2021-09-14 23:15:00
5438872.651069028,0.0,90.0,,0.7,,,,,2021-09-14 23:20:00
5438873.651191203,0.0,89.0,,0.7,,,,,2021-09-14 23:25:00
5438874.651313378,0.0,88.0,,0.7,,,,,2021-09-14 23:30:00
5438875.651435552,0.0,86.0,,0.7,,,,,2021-09-14 23:35:00
5438876.651557727,0.0,84.0,,0.7,,,,,2021-09-14 23:40:00
5438877.651679902,0.0,83.0,,0.7,,,,,2021-09-14 23:45:00
5438878.651802077,0.0,83.0,,0.7,,,,,2021-09-14 23:50:00
5438879.651924252,0.0,81.0,,0.7,,,,,2021-09-14 23:55:00
5438880.652046426,0.0,80.0,,0.7,,,,,2021-09-15 00:00:00
5438881.652168601,0.0,78.0,,0.7,,,,,2021-09-15 00:05:00
5438882.652290775,0.0,76.0,,0.7,,,,,2021-09-15 00:10:00
5438883.65241295,0.0,74.0,,0.7,,,,,2021-09-15 00:15:00
5438884.652535125,0.0,73.0,,0.7,,,,,2021-09-15 00:20:00
5438885.652657299,0.0,72.0,,0.7,,,,,2021-09-15 00:25:00
5438886.652779474,0.0,72.0,,0.7,,,,,2021-09-15 00:30:00
5438887.652901649,0.0,74.0,,0.7,,,,,2021-09-15 00:35:00
5438888.653023824,0.0,77.0,,0.7,,,,,2021-09-15 00:40:00
5438889.653145999,0.0,78.0,,0.7,,,,,2021-09-15 00:45:00
5438890.653268173,0.0,76.0,,0.7,,,,,2021-09-15 00:50:00
5438891.653390348,0.0,75.0,,0.7,,,,,2021-09-15 00:55:00
5438892.653512523,0.0,74.0,,0.7,,,,,2021-09-15 01:00:00
5438893.653634697,0.0,73.0,,0.7,,,,,2021-09-15 01:05:00
5438894.653756872,0.0,72.0,,0.7,,,,,2021-09-15 01:10:00
5438895.653879046,0.0,71.0,,0.7,,,,,2021-09-15 01:15:00
5438896.654001221,0.0,71.0,,0.7,,,,,2021-09-15 01:20:00
5438897.654123396,0.0,71.0,,0.7,,,,,2021-09-15 01:25:00
5438898.654245571,0.0,71.0,,0.7,,,,,2021-09-15 01:30:00
5438899.654367746,0.0,72.0,,0.7,,,,,2021-09-15 01:35:00
5438900.6544899205,0.0,72.0,,0.7,,,,,2021-09-15 01:40:00
5438901.654612095,0.0,72.0,,0.7,,,,,2021-09-15 01:45:00
5438902.65473427,0.0,74.0,,0.7,,,,,2021-09-15 01:50:00
5438903.654856444,0.0,77.0,,0.7,,,,,2021-09-15 01:55:00
5438904.654978619,0.0,78.0,,0.7,,,,,2021-09-15 02:00:00
5438905.655100794,0.0,80.0,,0.7,,,,,2021-09-15 02:05:00
5438906.655222968,0.0,82.0,,0.7,,,,,2021-09-15 02:10:00
5438907.655345143,0.0,83.0,,0.7,,,,,2021-09-15 02:15:00
5438908.655467318,0.0,81.0,,0.7,,,,,2021-09-15 02:20:00
5438909.655589493,0.0,80.0,,0.7,,,,,2021-09-15 02:25:00
5438910.655711668,0.0,79.0,,0.7,,,,,2021-09-15 02:30:00
5438911.655833842,0.0,79.0,,0.7,,,,,2021-09-15 02:35:00
5438912.655956017,0.0,80.0,,0.7,,,,,2021-09-15 02:40:00
5438913.6560781915,0.0,78.0,,0.7,,,,,2021-09-15 02:45:00
5438914.656200366,0.0,77.0,,0.7,,,,,2021-09-15 02:50:00
5438915.656322541,0.0,76.0,,0.7,,,,,2021-09-15 02:55:00
5438916.656444715,0.0,76.0,,0.7,,,,,2021-09-15 03:00:00
5438917.65656689,0.0,77.0,,0.7,,,,,2021-09-15 03:05:00
5438918.656689065,0.0,77.0,,0.7,,,,,2021-09-15 03:10:00
5438919.65681124,0.0,76.0,,0.7,,,,,2021-09-15 03:15:00
5438920.656933415,0.0,75.0,,0.7,,,,,2021-09-15 03:20:00
5438921.657055589,0.0,78.0,,0.7,,,,,2021-09-15 03:25:00
5438922.657177764,0.0,77.0,,0.7,,,,,2021-09-15 03:30:00
5438923.657299939,0.0,76.0,,0.7,,,,,2021-09-15 03:35:00
5438924.657422113,0.0,76.0,,0.7,,,,,2021-09-15 03:40:00
5438925.657544288,0.0,75.0,,0.7,,,,,2021-09-15 03:45:00
5438926.6576664625,0.0,77.0,,0.7,,,,,2021-09-15 03:50:00
5438927.657788637,0.0,80.0,,0.7,,,,,2021-09-15 03:55:00
5438928.657910812,0.0,80.0,,0.7,,,,,2021-09-15 04:00:00
5438929.658032987,0.0,80.0,,0.7,,,,,2021-09-15 04:05:00
5438930.658155162,0.0,80.0,,0.7,,,,,2021-09-15 04:10:00
5438931.6582773365,0.0,81.0,,0.7,,,,,2021-09-15 04:15:00
5438932.658399511,0.0,80.0,,0.7,,,,,2021-09-15 04:20:00
5438933.658521686,0.0,79.0,,0.7,,,,,2021-09-15 04:25:00
5438934.65864386,0.0,78.0,,0.7,,,,,2021-09-15 04:30:00
5438935.658766035,0.0,78.0,,0.7,,,,,2021-09-15 04:35:00
5438936.65888821,0.0,79.0,,0.7,,,,,2021-09-15 04:40:00
5438937.659010384,0.0,79.0,,0.7,,,,,2021-09-15 04:45:00
5438938.659132559,0.0,79.0,,0.7,,,,,2021-09-15 04:50:00
5438939.6592547335,0.0,80.0,,0.7,,,,,2021-09-15 04:55:00
5438940.659376909,0.0,80.0,48.0,0.7,,,15.0,,2021-09-15 05:00:00
5438941.659499084,0.0,80.0,,0.7,,,,,2021-09-15 05:05:00
5438942.659621258,0.0,82.0,,0.7,,,,,2021-09-15 05:10:00
5438943.659743433,0.0,86.0,,0.7,,,,,2021-09-15 05:15:00
5438944.6598656075,0.0,91.0,,0.7,,,,,2021-09-15 05:20:00
5438945.659987782,0.0,96.0,,0.7,,,,,2021-09-15 05:25:00
5438946.660109957,0.0,103.0,,0.7,,,,,2021-09-15 05:30:00
5438947.660232131,0.0,110.0,,0.7,,,,,2021-09-15 05:35:00
5438948.660354306,0.0,116.0,,0.7,,,,,2021-09-15 05:40:00
5438949.660476481,0.0,122.0,,0.7,,,,,2021-09-15 05:45:00
5438950.660598656,0.0,128.0,136.0,0.7,,,,5.4,2021-09-15 05:50:00
5438951.660720831,0.0,136.0,,0.7,,,,,2021-09-15 05:55:00
5438952.660843005,0.0,149.0,,0.7,,,,,2021-09-15 06:00:00
5438953.66096518,0.0,157.0,,0.7,,,,,2021-09-15 06:05:00
5438954.661087355,0.0,142.0,,0.7,,,,,2021-09-15 06:10:00
5438955.661209529,0.0,145.0,,0.7,,,,,2021-09-15 06:15:00
5438956.661331704,0.0,147.0,,0.7,,,,,2021-09-15 06:20:00
5438957.6614538785,0.0,145.0,,0.7,,,,,2021-09-15 06:25:00
5438958.661576053,0.0,140.0,,0.7,,,,,2021-09-15 06:30:00
5438959.661698228,0.0,135.0,,0.7,,,,,2021-09-15 06:35:00
5438960.661820402,0.0,133.0,,0.7,,,,,2021-09-15 06:40:00
5438961.661942578,0.0,128.0,,0.7,,,16.0,,2021-09-15 06:45:00
5438962.662064753,0.0,125.0,,0.7,,,,,2021-09-15 06:50:00
5438963.662186927,0.0,123.0,,0.7,,,,,2021-09-15 06:55:00
5438964.662309102,0.0,119.0,,0.7,,,,,2021-09-15 07:00:00
5438965.662431276,0.0,118.0,,0.7,,,,,2021-09-15 07:05:00
5438966.662553451,0.0,118.0,,0.7,,,,,2021-09-15 07:10:00
5438967.662675626,0.0,119.0,,0.7,,,,,2021-09-15 07:15:00
5438968.6627978,0.0,119.0,,0.7,,,,,2021-09-15 07:20:00
5438969.662919975,0.0,118.0,,0.7,,,,,2021-09-15 07:25:00
5438970.6630421495,0.0,118.0,,0.7,,,,,2021-09-15 07:30:00
5438971.663164325,0.0,119.0,,0.7,,,,,2021-09-15 07:35:00
5438972.6632865,0.0,120.0,,0.7,,,,,2021-09-15 07:40:00
5438973.663408674,0.0,121.0,,0.7,,,,,2021-09-15 07:45:00
5438974.663530849,0.0,123.0,,0.7,,,,,2021-09-15 07:50:00
5438975.663653024,0.0,126.0,,0.7,,,,,2021-09-15 07:55:00
5438976.663775198,0.0,125.0,,0.7,,,,,2021-09-15 08:00:00
5438977.663897373,0.0,124.0,,0.7,,,,,2021-09-15 08:05:00
5438978.664019547,0.0,125.0,,0.7,,,,,2021-09-15 08:10:00
5438979.664141722,0.0,127.0,125.0,0.7,,,,,2021-09-15 08:15:00
5438980.664263897,0.0,130.0,,0.7,,,,,2021-09-15 08:20:00
5438981.664386072,0.0,133.0,,0.7,,,,,2021-09-15 08:25:00
5438982.664508247,0.0,134.0,,0.7,,,,,2021-09-15 08:30:00
5438983.664630421,0.0,134.0,,0.7,,,,,2021-09-15 08:35:00
5438984.664752596,0.0,134.0,,0.7,,,,,2021-09-15 08:40:00
5438985.664874771,0.0,136.0,,0.7,,,,,2021-09-15 08:45:00
5438986.664996945,0.0,139.0,,0.7,,,,,2021-09-15 08:50:00
5438987.66511912,0.0,140.0,,0.7,,,,,2021-09-15 08:55:00
5438988.665241295,0.0,140.0,,0.7,,,,,2021-09-15 09:00:00
5438989.665363469,0.0,141.0,,0.7,,,,,2021-09-15 09:05:00
5438990.665485644,0.0,144.0,,0.7,,,,,2021-09-15 09:10:00
5438991.665607818,0.0,145.0,,0.7,,,,,2021-09-15 09:15:00
5438992.665729994,0.0,147.0,,0.7,,,,,2021-09-15 09:20:00
5438993.665852169,0.0,150.0,,0.7,,,,,2021-09-15 09:25:00
5438994.665974343,0.0,152.0,,0.7,,,,,2021-09-15 09:30:00
5438995.666096518,0.0,154.0,,0.7,,,,,2021-09-15 09:35:00
5438996.666218692,0.0,155.0,155.0,0.7,,,,1.9,2021-09-15 09:40:00
5438997.666340867,0.0,157.0,,0.7,,,,,2021-09-15 09:45:00
5438998.666463042,0.0,157.0,,0.7,,,,,2021-09-15 09:50:00
5438999.666585216,0.0,160.0,,0.7,,,,,2021-09-15 09:55:00
5439000.666707391,0.0,161.0,,0.7,,,,,2021-09-15 10:00:00
5439001.666829566,0.0,159.0,,0.7,,,,,2021-09-15 10:05:00
5439002.666951741,0.0,157.0,,0.7,,,,,2021-09-15 10:10:00
5439003.667073916,0.0,154.0,,0.7,,,,,2021-09-15 10:15:00
5439004.66719609,0.0,154.0,,0.7,,,,,2021-09-15 10:20:00
5439005.667318265,0.0,153.0,,0.7,,,,,2021-09-15 10:25:00
5439006.66744044,0.0,152.0,,0.7,,,,,2021-09-15 10:30:00
5439007.667562614,0.0,148.0,,0.7,,,,,2021-09-15 10:35:00
5439008.667684789,0.0,144.0,,0.7,,,,,2021-09-15 10:40:00
5439009.667806963,0.0,143.0,,0.7,,,,,2021-09-15 10:45:00
5439010.667929138,0.0,143.0,,0.7,,,,,2021-09-15 10:50:00
5439011.668051313,0.0,141.0,,0.7,,,,,2021-09-15 10:55:00
5439012.668173487,0.0,141.0,,0.7,,,,,2021-09-15 11:00:00
5439013.668295663,0.0,141.0,,0.7,,,,,2021-09-15 11:05:00
5439014.6684178375,0.0,140.0,143.0,0.7,,,,0.5,2021-09-15 11:10:00
5439015.668540012,0.0,139.0,,0.7,,,,,2021-09-15 11:15:00
5439016.668662187,0.0,138.0,,0.7,,,,,2021-09-15 11:20:00
5439017.668784361,0.0,141.0,143.0,0.7,,,11.0,4.0,2021-09-15 11:25:00
5439018.668906536,0.0,139.0,,0.7,,,,,2021-09-15 11:30:00
5439019.669028711,0.0,138.0,,0.7,,,,,2021-09-15 11:35:00
5439020.669150885,0.0,140.0,,0.7,,,,,2021-09-15 11:40:00
5439021.66927306,0.0,142.0,,0.7,,,,,2021-09-15 11:45:00
5439022.669395234,0.0,140.0,,0.7,,,,,2021-09-15 11:50:00
5439023.66951741,0.0,137.0,,0.7,,,,,2021-09-15 11:55:00
5439024.669639585,0.0,133.0,,0.7,,,,,2021-09-15 12:00:00
5439025.669761759,0.0,130.0,,0.7,,,,,2021-09-15 12:05:00
5439026.669883934,0.0,129.0,,0.7,,,,,2021-09-15 12:10:00
5439027.6700061085,0.0,127.0,,0.7,,,,,2021-09-15 12:15:00
5439028.670128283,0.0,122.0,,0.7,,,,,2021-09-15 12:20:00
5439029.670250458,0.0,118.0,,0.7,,,,,2021-09-15 12:25:00
5439030.670372632,0.0,119.0,,0.7,,,,,2021-09-15 12:30:00
5439031.670494807,0.0,120.0,,0.7,,,,,2021-09-15 12:35:00
5439032.670616982,0.0,120.0,,0.7,,,,,2021-09-15 12:40:00
5439033.670739156,0.0,122.0,,0.7,,,,,2021-09-15 12:45:00
5439034.670861332,0.0,120.0,,0.7,,,,,2021-09-15 12:50:00
5439035.670983506,0.0,119.0,,0.7,,,,,2021-09-15 12:55:00
5439036.671105681,0.0,120.0,,0.7,,,,,2021-09-15 13:00:00
5439037.671227856,0.0,121.0,,0.7,,,,,2021-09-15 13:05:00
5439038.67135003,0.0,122.0,,0.7,,,,,2021-09-15 13:10:00
5439039.671472205,0.0,123.0,,0.7,,,,,2021-09-15 13:15:00
5439040.6715943795,0.0,124.0,,0.7,,,,,2021-09-15 13:20:00
5439041.671716554,0.0,124.0,,0.7,,,,,2021-09-15 13:25:00
5439042.671838729,0.0,123.0,131.0,0.7,,,,0.6,2021-09-15 13:30:00
5439043.671960903,0.0,124.0,,0.7,,,,,2021-09-15 13:35:00
5439044.672083079,0.0,123.0,,0.7,,,,,2021-09-15 13:40:00
5439045.6722052535,0.0,126.0,,0.7,,,,,2021-09-15 13:45:00
5439046.672327428,0.0,129.0,,0.7,,,,,2021-09-15 13:50:00
5439047.672449603,0.0,133.0,,0.7,,,,,2021-09-15 13:55:00
5439048.672571777,0.0,136.0,,0.7,,,,,2021-09-15 14:00:00
5439049.672693952,0.0,136.0,,0.7,,,,,2021-09-15 14:05:00
5439050.672816127,0.0,140.0,,0.7,,,,,2021-09-15 14:10:00
5439051.672938301,0.0,142.0,,0.7,,,,,2021-09-15 14:15:00
5439052.673060476,0.0,143.0,,0.7,,,,,2021-09-15 14:20:00
5439053.6731826505,0.0,146.0,,0.7,,,,,2021-09-15 14:25:00
5439054.673304825,0.0,146.0,,0.7,,,,,2021-09-15 14:30:00
5439055.673427001,0.0,148.0,,0.7,,,,,2021-09-15 14:35:00
5439056.673549175,0.0,151.0,,0.7,,,,,2021-09-15 14:40:00
5439057.67367135,0.0,152.0,,0.7,,,,,2021-09-15 14:45:00
5439058.6737935245,0.0,157.0,,0.7,,,,,2021-09-15 14:50:00
5439059.673915699,0.0,158.0,,0.7,,,,,2021-09-15 14:55:00
5439060.674037874,0.0,160.0,,0.7,,,,,2021-09-15 15:00:00
5439061.674160048,0.0,163.0,187.0,0.7,,,,4.9,2021-09-15 15:05:00
5439062.674282223,0.0,166.0,,0.7,,,,,2021-09-15 15:10:00
5439063.674404398,0.0,168.0,,0.7,,,,,2021-09-15 15:15:00
5439064.674526572,0.0,168.0,,0.7,,,,,2021-09-15 15:20:00
5439065.674648748,0.0,169.0,,0.7,,,,,2021-09-15 15:25:00
5439066.674770922,0.0,170.0,,0.7,,,,,2021-09-15 15:30:00
5439067.674893097,0.0,169.0,,0.7,,,,,2021-09-15 15:35:00
5439068.675015272,0.0,167.0,,0.7,,,,,2021-09-15 15:40:00
5439069.675137446,0.0,164.0,,0.7,,,,,2021-09-15 15:45:00
5439070.675259621,0.0,160.0,,0.7,,,,,2021-09-15 15:50:00
5439071.6753817955,0.0,159.0,,0.7,,,,,2021-09-15 15:55:00
5439072.67550397,0.0,158.0,,0.7,,,,,2021-09-15 16:00:00
5439073.675626145,0.0,158.0,,0.7,,,,,2021-09-15 16:05:00
5439074.675748319,0.0,158.0,,0.7,,,,,2021-09-15 16:10:00
5439075.675870495,0.0,158.0,,0.7,,,,,2021-09-15 16:15:00
5439076.67599267,0.0,158.0,,0.7,,,,,2021-09-15 16:20:00
5439077.676114844,0.0,158.0,,0.7,,,,,2021-09-15 16:25:00
5439078.676237019,0.0,156.0,,0.7,,,,,2021-09-15 16:30:00
5439079.676359193,0.0,154.0,,0.7,,,,,2021-09-15 16:35:00
5439080.676481368,0.0,154.0,,0.7,,,,,2021-09-15 16:40:00
5439081.676603543,0.0,155.0,,0.7,,,,,2021-09-15 16:45:00
5439082.676725717,0.0,155.0,,0.7,,,,,2021-09-15 16:50:00
5439083.676847892,0.0,155.0,,0.7,,,,,2021-09-15 16:55:00
5439084.6769700665,0.0,153.0,,0.7,,,,,2021-09-15 17:00:00
5439085.677092241,0.0,152.0,,0.7,,,,,2021-09-15 17:05:00
5439086.677214417,0.0,152.0,,0.7,,,,,2021-09-15 17:10:00
5439087.677336591,0.0,151.0,,0.7,,,,,2021-09-15 17:15:00
5439088.677458766,0.0,151.0,,0.7,,,,,2021-09-15 17:20:00
5439089.677580941,0.0,153.0,,0.7,,,,,2021-09-15 17:25:00
5439090.677703115,0.0,154.0,,0.7,,,,,2021-09-15 17:30:00
5439091.67782529,0.0,152.0,,0.7,,,,,2021-09-15 17:35:00
5439092.677947464,0.0,151.0,,0.7,,,,,2021-09-15 17:40:00
5439093.678069639,0.0,148.0,,0.7,,,,,2021-09-15 17:45:00
5439094.678191814,0.0,146.0,,0.7,,,,,2021-09-15 17:50:00
5439095.678313988,0.0,142.0,,0.7,,,,,2021-09-15 17:55:00
5439096.678436164,0.0,139.0,,0.7,,,,,2021-09-15 18:00:00
5439097.678558338,0.0,136.0,,0.7,,,,,2021-09-15 18:05:00
5439098.678680513,0.0,132.0,,0.7,,,,,2021-09-15 18:10:00
5439099.678802688,0.0,129.0,,0.7,,,,,2021-09-15 18:15:00
5439100.678924862,0.0,126.0,,0.7,,,,,2021-09-15 18:20:00
5439101.679047037,0.0,125.0,,0.7,,,,,2021-09-15 18:25:00
5439102.679169212,0.0,123.0,,0.7,,,,,2021-09-15 18:30:00
5439103.679291386,0.0,121.0,,0.7,,,,,2021-09-15 18:35:00
5439104.679413561,0.0,120.0,,0.7,,,,,2021-09-15 18:40:00
5439105.679535735,0.0,121.0,,0.7,,,,,2021-09-15 18:45:00
5439106.67965791,0.0,120.0,,0.7,,,,,2021-09-15 18:50:00
5439107.679780086,0.0,119.0,,0.7,,,,,2021-09-15 18:55:00
5439108.67990226,0.0,120.0,,0.7,,,,,2021-09-15 19:00:00
5439109.680024435,0.0,119.0,,0.7,,,,,2021-09-15 19:05:00
5439110.680146609,0.0,118.0,,0.7,,,,,2021-09-15 19:10:00
5439111.680268784,0.0,118.0,,0.7,,,,,2021-09-15 19:15:00
5439112.680390959,0.0,117.0,,0.7,,,,,2021-09-15 19:20:00
5439113.680513133,0.0,119.0,,0.7,,,,,2021-09-15 19:25:00
5439114.680635308,0.0,118.0,,0.7,,,,,2021-09-15 19:30:00
5439115.680757483,0.0,116.0,,0.7,,,,,2021-09-15 19:35:00
5439116.680879657,0.0,117.0,,0.7,,,,,2021-09-15 19:40:00
5439117.681001833,0.0,121.0,,0.7,,,,,2021-09-15 19:45:00
5439118.681124007,0.0,127.0,,0.7,,,,,2021-09-15 19:50:00
5439119.681246182,0.0,131.0,,0.7,,,,,2021-09-15 19:55:00
5439120.681368357,0.0,133.0,,0.7,,,,,2021-09-15 20:00:00
5439121.681490531,0.0,136.0,,0.7,,,,,2021-09-15 20:05:00
5439122.681612706,0.0,134.0,,0.7,,,,,2021-09-15 20:10:00
5439123.68173488,0.0,135.0,,0.7,,,40.0,,2021-09-15 20:15:00
5439124.681857055,0.0,140.0,138.0,0.7,,,,12.5,2021-09-15 20:20:00
5439125.68197923,0.0,140.0,,0.7,,,,,2021-09-15 20:25:00
5439126.682101404,0.0,139.0,,0.7,,,,,2021-09-15 20:30:00
5439127.682223579,0.0,139.0,,0.7,,,,,2021-09-15 20:35:00
5439128.6823457545,0.0,143.0,,0.7,,,,,2021-09-15 20:40:00
5439129.682467929,0.0,145.0,,0.7,,,,,2021-09-15 20:45:00
5439130.682590104,0.0,141.0,,0.7,,,,,2021-09-15 20:50:00
5439131.682712278,0.0,137.0,,0.7,,,,,2021-09-15 20:55:00
5439132.682834453,0.0,132.0,,0.7,,,,,2021-09-15 21:00:00
5439133.682956628,0.0,127.0,,0.7,,,,,2021-09-15 21:05:00
5439134.683078802,0.0,122.0,,0.7,,,,,2021-09-15 21:10:00
5439135.683200977,0.0,116.0,,0.7,,,,,2021-09-15 21:15:00
5439136.683323151,0.0,107.0,,0.7,,,,,2021-09-15 21:20:00
5439137.683445326,0.0,101.0,,0.7,,,,,2021-09-15 21:25:00
5439138.683567502,0.0,97.0,,0.7,,,,,2021-09-15 21:30:00
5439139.683689676,0.0,95.0,,0.7,,,,,2021-09-15 21:35:00
5439140.683811851,0.0,95.0,,0.7,,,,,2021-09-15 21:40:00
5439141.6839340255,0.0,95.0,,0.7,,,,,2021-09-15 21:45:00
5439142.6840562,0.0,96.0,,0.7,,,,,2021-09-15 21:50:00
5439143.684178375,0.0,97.0,,0.7,,,,,2021-09-15 21:55:00
5439144.684300549,0.0,99.0,126.0,0.7,,,,,2021-09-15 22:00:00
5439145.684422724,0.0,104.0,,0.7,,,,,2021-09-15 22:05:00
5439146.684544899,0.0,110.0,,0.7,,,,,2021-09-15 22:10:00
5439147.684667073,0.0,117.0,,0.7,,,,,2021-09-15 22:15:00
5439148.684789249,0.0,126.0,,0.7,,,,,2021-09-15 22:20:00
5439149.684911423,0.0,128.0,,0.7,,,,,2021-09-15 22:25:00
5439150.685033598,0.0,131.0,,0.7,,,,,2021-09-15 22:30:00
5439151.685155773,0.0,136.0,,0.7,,,,,2021-09-15 22:35:00
5439152.685277947,0.0,142.0,,0.7,,,,,2021-09-15 22:40:00
5439153.685400122,0.0,146.0,,0.7,,,,,2021-09-15 22:45:00
5439154.6855222965,0.0,148.0,,0.7,,,,,2021-09-15 22:50:00
5439155.685644471,0.0,149.0,,0.7,,,,,2021-09-15 22:55:00
5439156.685766646,0.0,151.0,,0.7,,,,,2021-09-15 23:00:00
5439157.68588882,0.0,153.0,,0.7,,,,,2021-09-15 23:05:00
5439158.686010995,0.0,154.0,,0.7,,,,,2021-09-15 23:10:00
5439159.6861331705,0.0,154.0,,0.7,,,,,2021-09-15 23:15:00
5439160.686255345,0.0,154.0,,0.7,,,,,2021-09-15 23:20:00
5439161.68637752,0.0,154.0,,0.7,,,,,2021-09-15 23:25:00
5439162.686499694,0.0,155.0,,0.7,,,,,2021-09-15 23:30:00
5439163.686621869,0.0,155.0,,0.7,,,,,2021-09-15 23:35:00
5439164.686744044,0.0,155.0,,0.7,,,,,2021-09-15 23:40:00
5439165.686866218,0.0,156.0,,0.7,,,,,2021-09-15 23:45:00
5439166.686988393,0.0,158.0,,0.7,,,,,2021-09-15 23:50:00
5439167.687110567,0.0,160.0,,0.7,,,,,2021-09-15 23:55:00
5439168.687232742,0.0,161.0,,0.7,,,,,2021-09-16 00:00:00
5439169.687354918,0.0,162.0,,0.7,,,,,2021-09-16 00:05:00
5439170.687477092,0.0,165.0,,0.7,,,,,2021-09-16 00:10:00
5439171.687599267,0.0,167.0,,0.7,,,,,2021-09-16 00:15:00
5439172.6877214415,0.0,169.0,,0.7,,,,,2021-09-16 00:20:00
5439173.687843616,0.0,171.0,,0.7,,,,,2021-09-16 00:25:00
5439174.687965791,0.0,173.0,,0.7,,,,,2021-09-16 00:30:00
5439175.688087965,0.0,174.0,,0.7,,,,,2021-09-16 00:35:00
5439176.68821014,0.0,175.0,,0.7,,,,,2021-09-16 00:40:00
5439177.688332315,0.0,176.0,,0.7,,,,,2021-09-16 00:45:00
5439178.688454489,0.0,176.0,,0.7,,,,,2021-09-16 00:50:00
5439179.688576664,0.0,177.0,,0.7,,,,,2021-09-16 00:55:00
5439180.688698839,0.0,178.0,,0.7,,,,,2021-09-16 01:00:00
5439181.688821014,0.0,180.0,,0.7,,,,,2021-09-16 01:05:00
5439182.688943189,0.0,182.0,,0.7,,,,,2021-09-16 01:10:00
5439183.689065363,0.0,184.0,,0.7,,,,,2021-09-16 01:15:00
5439184.689187538,0.0,186.0,,0.7,,,,,2021-09-16 01:20:00
5439185.6893097125,0.0,189.0,,0.7,,,,,2021-09-16 01:25:00
5439186.689431887,0.0,191.0,,0.7,,,,,2021-09-16 01:30:00
5439187.689554062,0.0,193.0,,0.7,,,,,2021-09-16 01:35:00
5439188.689676236,0.0,195.0,,0.7,,,,,2021-09-16 01:40:00
5439189.689798411,0.0,196.0,,0.7,,,,,2021-09-16 01:45:00
5439190.6899205865,0.0,198.0,,0.7,,,,,2021-09-16 01:50:00
5439191.690042761,0.0,200.0,,0.7,,,,,2021-09-16 01:55:00
5439192.690164936,0.0,202.0,,0.7,,,,,2021-09-16 02:00:00
5439193.69028711,0.0,204.0,,0.7,,,,,2021-09-16 02:05:00
5439194.690409285,0.0,205.0,,0.7,,,,,2021-09-16 02:10:00
5439195.69053146,0.0,211.0,,0.7,,,,,2021-09-16 02:15:00
5439196.690653634,0.0,220.0,,0.7,,,,,2021-09-16 02:20:00
5439197.690775809,0.0,224.0,,0.7,,,,,2021-09-16 02:25:00
5439198.6908979835,0.0,225.0,230.0,0.7,,,,11.5,2021-09-16 02:30:00
5439199.691020158,0.0,222.0,,0.7,,,,,2021-09-16 02:35:00
5439200.691142333,0.0,219.0,,0.7,,,,,2021-09-16 02:40:00
5439201.691264508,0.0,225.0,,0.7,,,,,2021-09-16 02:45:00
5439202.691386683,0.0,224.0,,0.7,,,,,2021-09-16 02:50:00
5439203.6915088575,0.0,224.0,,0.7,,,,,2021-09-16 02:55:00
5439204.691631032,0.0,226.0,,0.7,,,,,2021-09-16 03:00:00
5439205.691753207,0.0,221.0,,0.7,,,,,2021-09-16 03:05:00
5439206.691875381,0.0,211.0,,0.7,,,,,2021-09-16 03:10:00
5439207.691997556,0.0,206.0,,0.7,,,,,2021-09-16 03:15:00
5439208.692119731,0.0,211.0,,0.7,,,,,2021-09-16 03:20:00
5439209.692241905,0.0,213.0,,0.7,,,,,2021-09-16 03:25:00
5439210.69236408,0.0,210.0,,0.7,,,,,2021-09-16 03:30:00
5439211.692486255,0.0,207.0,,0.7,,,,,2021-09-16 03:35:00
5439212.69260843,0.0,202.0,,0.7,,,,,2021-09-16 03:40:00
5439213.692730605,0.0,198.0,,0.7,,,,,2021-09-16 03:45:00
5439214.692852779,0.0,194.0,,0.7,,,,,2021-09-16 03:50:00
5439215.692974954,0.0,191.0,,0.7,,,,,2021-09-16 03:55:00
5439216.6930971285,0.0,193.0,,0.7,,,,,2021-09-16 04:00:00
5439217.693219303,0.0,193.0,,0.7,,,,,2021-09-16 04:05:00
5439218.693341478,0.0,189.0,,0.7,,,,,2021-09-16 04:10:00
5439219.693463652,0.0,186.0,,0.7,,,,,2021-09-16 04:15:00
5439220.693585827,0.0,182.0,,0.7,,,,,2021-09-16 04:20:00
5439221.693708003,0.0,179.0,,0.7,,,,,2021-09-16 04:25:00
5439222.693830177,0.0,175.0,,0.7,,,,,2021-09-16 04:30:00
5439223.693952352,0.0,171.0,,0.7,,,,,2021-09-16 04:35:00
5439224.694074526,0.0,166.0,,0.7,,,,,2021-09-16 04:40:00
5439225.694196701,0.0,160.0,,0.7,,,,,2021-09-16 04:45:00
5439226.694318876,0.0,155.0,,0.7,,,,,2021-09-16 04:50:00
5439227.69444105,0.0,151.0,,0.7,,,,,2021-09-16 04:55:00
5439228.694563225,0.0,149.0,,0.7,,,,,2021-09-16 05:00:00
5439229.6946853995,0.0,152.0,,0.7,,,,,2021-09-16 05:05:00
5439230.694807574,0.0,150.0,,0.7,,,,,2021-09-16 05:10:00
5439231.694929749,0.0,144.0,,0.7,,,,,2021-09-16 05:15:00
5439232.695051924,0.0,135.0,,0.7,,,,,2021-09-16 05:20:00
5439233.695174099,0.0,127.0,,0.7,,,,,2021-09-16 05:25:00
5439234.695296274,0.0,122.0,,0.7,,,20.0,,2021-09-16 05:30:00
5439235.695418448,0.0,119.0,109.0,0.7,,,,6.3,2021-09-16 05:35:00
5439236.695540623,0.0,118.0,,0.7,,,,,2021-09-16 05:40:00
5439237.695662797,0.0,114.0,,0.7,,,,,2021-09-16 05:45:00
5439238.695784972,0.0,113.0,,0.7,,,,,2021-09-16 05:50:00
5439239.695907147,0.0,114.0,,0.7,,,,,2021-09-16 05:55:00
5439240.696029321,0.0,116.0,,0.7,,,,,2021-09-16 06:00:00
5439241.696151496,0.0,116.0,,0.7,,,,,2021-09-16 06:05:00
5439242.696273671,0.0,112.0,,0.7,,,,,2021-09-16 06:10:00
5439243.696395846,0.0,104.0,,0.7,,,,,2021-09-16 06:15:00
5439244.696518021,0.0,95.0,,0.7,,,,,2021-09-16 06:20:00
5439245.696640195,0.0,87.0,,0.7,,,,,2021-09-16 06:25:00
5439246.69676237,0.0,80.0,,0.7,,,,,2021-09-16 06:30:00
5439247.696884545,0.0,77.0,45.0,0.7,,,,,2021-09-16 06:35:00
5439248.697006719,0.0,76.0,,0.7,,,,,2021-09-16 06:40:00
5439249.697128894,0.0,75.0,,0.7,,,15.0,,2021-09-16 06:45:00
5439250.697251068,0.0,73.0,,0.7,,,,,2021-09-16 06:50:00
5439251.697373243,0.0,72.0,,0.7,,,,,2021-09-16 06:55:00
5439252.697495418,0.0,74.0,,0.7,,,,,2021-09-16 07:00:00
5439253.697617593,0.0,79.0,,0.7,,,,,2021-09-16 07:05:00
5439254.697739768,0.0,85.0,,0.7,,,,,2021-09-16 07:10:00
5439255.697861942,0.0,92.0,,0.7,,,,,2021-09-16 07:15:00
5439256.697984117,0.0,98.0,,0.7,,,,,2021-09-16 07:20:00
5439257.698106292,0.0,102.0,,0.7,,,,,2021-09-16 07:25:00
5439258.698228466,0.0,106.0,,0.7,,,,,2021-09-16 07:30:00
5439259.698350641,0.0,110.0,,0.7,,,,,2021-09-16 07:35:00
5439260.698472816,0.0,116.0,,0.7,,,,,2021-09-16 07:40:00
5439261.69859499,0.0,123.0,,0.7,,,,,2021-09-16 07:45:00
5439262.698717165,0.0,128.0,,0.7,,,,,2021-09-16 07:50:00
5439263.69883934,0.0,131.0,,0.7,,,,,2021-09-16 07:55:00
5439264.698961515,0.0,135.0,,0.7,,,,,2021-09-16 08:00:00
5439265.69908369,0.0,142.0,,0.7,,,,,2021-09-16 08:05:00
5439266.699205864,0.0,148.0,,0.7,,,,,2021-09-16 08:10:00
5439267.699328039,0.0,155.0,,0.7,,,,,2021-09-16 08:15:00
5439268.699450213,0.0,161.0,,0.7,,,,,2021-09-16 08:20:00
5439269.699572388,0.0,169.0,,0.7,,,,,2021-09-16 08:25:00
5439270.699694563,0.0,177.0,,0.7,,,,,2021-09-16 08:30:00
5439271.699816737,0.0,182.0,191.0,0.7,,,,4.0,2021-09-16 08:35:00
5439272.699938912,0.0,186.0,,0.7,,,,,2021-09-16 08:40:00
5439273.700061087,0.0,188.0,,0.7,,,,,2021-09-16 08:45:00
5439274.700183262,0.0,191.0,,0.7,,,,,2021-09-16 08:50:00
5439275.700305437,0.0,191.0,,0.7,,,,,2021-09-16 08:55:00
5439276.700427611,0.0,187.0,,0.7,,,,,2021-09-16 09:00:00
5439277.700549786,0.0,185.0,,0.7,,,,,2021-09-16 09:05:00
5439278.700671961,0.0,177.0,,0.7,,,,,2021-09-16 09:10:00
5439279.700794135,0.0,167.0,,0.7,,,,,2021-09-16 09:15:00
5439280.70091631,0.0,159.0,,0.7,,,,,2021-09-16 09:20:00
5439281.701038484,0.0,153.0,,0.7,,,,,2021-09-16 09:25:00
5439282.701160659,0.0,145.0,,0.7,,,,,2021-09-16 09:30:00
5439283.701282834,0.0,139.0,,0.7,,,,,2021-09-16 09:35:00
5439284.701405009,0.0,136.0,,0.7,,,,,2021-09-16 09:40:00
5439285.701527184,0.0,134.0,,0.7,,,,,2021-09-16 09:45:00
5439286.7016493585,0.0,130.0,,0.7,,,,,2021-09-16 09:50:00
5439287.701771533,0.0,132.0,,0.7,,,,,2021-09-16 09:55:00
5439288.701893708,0.0,132.0,,0.7,,,,,2021-09-16 10:00:00
5439289.702015882,0.0,130.0,,0.7,,,,,2021-09-16 10:05:00
5439290.702138057,0.0,127.0,,0.7,,,,,2021-09-16 10:10:00
5439291.702260232,0.0,128.0,,0.7,,,,,2021-09-16 10:15:00
5439292.702382406,0.0,127.0,,0.7,,,,,2021-09-16 10:20:00
5439293.702504581,0.0,124.0,,0.7,,,,,2021-09-16 10:25:00
5439294.702626755,0.0,123.0,,0.7,,,,,2021-09-16 10:30:00
5439295.702748931,0.0,123.0,,0.7,,,,,2021-09-16 10:35:00
5439296.702871106,0.0,124.0,,0.7,,,,,2021-09-16 10:40:00
5439297.70299328,0.0,128.0,,0.7,,,,,2021-09-16 10:45:00
5439298.703115455,0.0,129.0,,0.7,,,,,2021-09-16 10:50:00
5439299.7032376295,0.0,128.0,,0.7,,,,,2021-09-16 10:55:00
5439300.703359804,0.0,127.0,,0.7,,,,,2021-09-16 11:00:00
5439301.703481979,0.0,124.0,,0.7,,,,,2021-09-16 11:05:00
5439302.703604153,0.0,124.0,,0.7,,,,,2021-09-16 11:10:00
5439303.703726328,0.0,127.0,127.0,0.7,,,,,2021-09-16 11:15:00
5439304.703848503,0.0,128.0,,0.7,,,,,2021-09-16 11:20:00
5439305.703970678,0.0,125.0,,0.7,,,12.0,,2021-09-16 11:25:00
5439306.704092853,0.0,127.0,,0.7,,,,,2021-09-16 11:30:00
5439307.704215027,0.0,130.0,,0.7,,,,,2021-09-16 11:35:00
5439308.704337202,0.0,132.0,127.0,0.7,,,,3.3,2021-09-16 11:40:00
5439309.704459377,0.0,136.0,,0.7,,,,,2021-09-16 11:45:00
5439310.704581551,0.0,140.0,,0.7,,,,,2021-09-16 11:50:00
5439311.704703726,0.0,136.0,,0.7,,,,,2021-09-16 11:55:00
5439312.7048259005,0.0,138.0,,0.7,,,,,2021-09-16 12:00:00
5439313.704948075,0.0,140.0,,0.7,,,,,2021-09-16 12:05:00
5439314.70507025,0.0,141.0,,0.7,,,,,2021-09-16 12:10:00
5439315.705192425,0.0,140.0,,0.7,,,,,2021-09-16 12:15:00
5439316.7053146,0.0,137.0,,0.7,,,,,2021-09-16 12:20:00
5439317.7054367745,0.0,134.0,,0.7,,,,,2021-09-16 12:25:00
5439318.705558949,0.0,131.0,,0.7,,,,,2021-09-16 12:30:00
5439319.705681124,0.0,130.0,,0.7,,,,,2021-09-16 12:35:00
5439320.705803298,0.0,130.0,,0.7,,,,,2021-09-16 12:40:00
5439321.705925473,0.0,127.0,,0.7,,,,,2021-09-16 12:45:00
5439322.706047648,0.0,124.0,,0.7,,,,,2021-09-16 12:50:00
5439323.706169822,0.0,122.0,126.0,0.7,,,,,2021-09-16 12:55:00
5439324.706291997,0.0,123.0,,0.7,,,,,2021-09-16 13:00:00
5439325.7064141715,0.0,123.0,,0.7,,,,,2021-09-16 13:05:00
5439326.706536347,0.0,125.0,,0.7,,,,,2021-09-16 13:10:00
5439327.706658522,0.0,127.0,,0.7,,,,,2021-09-16 13:15:00
5439328.706780696,0.0,126.0,,0.7,,,,,2021-09-16 13:20:00
5439329.706902871,0.0,128.0,,0.7,,,,,2021-09-16 13:25:00
5439330.7070250455,0.0,130.0,,0.7,,,,,2021-09-16 13:30:00
5439331.70714722,0.0,130.0,,0.7,,,,,2021-09-16 13:35:00
5439332.707269395,0.0,129.0,,0.7,,,,,2021-09-16 13:40:00
5439333.707391569,0.0,131.0,,0.7,,,,,2021-09-16 13:45:00
5439334.707513744,0.0,135.0,,0.7,,,,,2021-09-16 13:50:00
5439335.707635919,0.0,138.0,,0.7,,,,,2021-09-16 13:55:00
5439336.707758094,0.0,142.0,,0.7,,,,,2021-09-16 14:00:00
5439337.707880269,0.0,144.0,,0.7,,,,,2021-09-16 14:05:00
5439338.708002443,0.0,146.0,,0.7,,,,,2021-09-16 14:10:00
5439339.708124618,0.0,152.0,,0.7,,,,,2021-09-16 14:15:00
5439340.708246793,0.0,155.0,,0.7,,,,,2021-09-16 14:20:00
5439341.708368967,0.0,158.0,,0.7,,,,,2021-09-16 14:25:00
5439342.708491142,0.0,162.0,,0.7,,,,,2021-09-16 14:30:00
5439343.7086133165,0.0,166.0,,0.7,,,,,2021-09-16 14:35:00
5439344.708735491,0.0,167.0,,0.7,,,,,2021-09-16 14:40:00
5439345.708857666,0.0,168.0,,0.7,,,,,2021-09-16 14:45:00
5439346.70897984,0.0,171.0,,0.7,,,,,2021-09-16 14:50:00
5439347.709102016,0.0,170.0,,0.7,,,,,2021-09-16 14:55:00
5439348.709224191,0.0,174.0,,0.7,,,,,2021-09-16 15:00:00
5439349.709346365,0.0,179.0,,0.7,,,,,2021-09-16 15:05:00
5439350.70946854,0.0,182.0,,0.7,,,,,2021-09-16 15:10:00
5439351.709590714,0.0,185.0,,0.7,,,,,2021-09-16 15:15:00
5439352.709712889,0.0,187.0,208.0,0.7,,,,,2021-09-16 15:20:00
5439353.709835064,0.0,188.0,208.0,0.7,,,,6.0,2021-09-16 15:25:00
5439354.709957238,0.0,190.0,,0.7,,,,,2021-09-16 15:30:00
5439355.710079413,0.0,192.0,,0.7,,,,,2021-09-16 15:35:00
5439356.7102015875,0.0,192.0,,0.7,,,,,2021-09-16 15:40:00
5439357.710323763,0.0,192.0,,0.7,,,,,2021-09-16 15:45:00
5439358.710445938,0.0,191.0,,0.7,,,,,2021-09-16 15:50:00
5439359.710568112,0.0,186.0,,0.7,,,,,2021-09-16 15:55:00
5439360.710690287,0.0,181.0,,0.7,,,,,2021-09-16 16:00:00
5439361.710812462,0.0,180.0,,0.7,,,,,2021-09-16 16:05:00
5439362.710934636,0.0,181.0,,0.7,,,,,2021-09-16 16:10:00
5439363.711056811,0.0,177.0,,0.7,,,,,2021-09-16 16:15:00
5439364.711178985,0.0,174.0,,0.7,,,,,2021-09-16 16:20:00
5439365.71130116,0.0,171.0,,0.7,,,,,2021-09-16 16:25:00
5439366.711423335,0.0,170.0,,0.7,,,,,2021-09-16 16:30:00
5439367.711545509,0.0,169.0,,0.7,,,,,2021-09-16 16:35:00
5439368.711667685,0.0,168.0,,0.7,,,,,2021-09-16 16:40:00
5439369.711789859,0.0,166.0,,0.7,,,,,2021-09-16 16:45:00
5439370.711912034,0.0,168.0,,0.7,,,,,2021-09-16 16:50:00
5439371.712034209,0.0,170.0,,0.7,,,,,2021-09-16 16:55:00
5439372.712156383,0.0,169.0,,0.7,,,,,2021-09-16 17:00:00
5439373.712278558,0.0,170.0,,0.7,,,,,2021-09-16 17:05:00
5439374.712400733,0.0,170.0,,0.7,,,,,2021-09-16 17:10:00
5439375.712522907,0.0,169.0,,0.7,,,,,2021-09-16 17:15:00
5439376.712645082,0.0,169.0,,0.7,,,,,2021-09-16 17:20:00
5439377.712767256,0.0,169.0,,0.7,,,,,2021-09-16 17:25:00
5439378.712889432,0.0,170.0,,0.7,,,,,2021-09-16 17:30:00
5439379.713011607,0.0,171.0,,0.7,,,,,2021-09-16 17:35:00
5439380.713133781,0.0,172.0,,0.7,,,,,2021-09-16 17:40:00
5439381.713255956,0.0,172.0,,0.7,,,,,2021-09-16 17:45:00
5439382.71337813,0.0,172.0,,0.7,,,,,2021-09-16 17:50:00
5439383.713500305,0.0,173.0,,0.7,,,,,2021-09-16 17:55:00
5439384.71362248,0.0,174.0,,0.7,,,,,2021-09-16 18:00:00
5439385.713744654,0.0,174.0,,0.7,,,,,2021-09-16 18:05:00
5439386.713866829,0.0,176.0,,0.7,,,,,2021-09-16 18:10:00
5439387.713989004,0.0,179.0,,0.7,,,,,2021-09-16 18:15:00
5439388.714111179,0.0,180.0,,0.7,,,,,2021-09-16 18:20:00
5439389.714233354,0.0,182.0,,0.7,,,,,2021-09-16 18:25:00
5439390.714355528,0.0,185.0,,0.7,,,,,2021-09-16 18:30:00
5439391.714477703,0.0,187.0,208.0,0.7,,,,8.6,2021-09-16 18:35:00
5439392.714599878,0.0,187.0,,0.7,,,,,2021-09-16 18:40:00
5439393.714722052,0.0,198.0,,0.7,,,,,2021-09-16 18:45:00
5439394.714844227,0.0,201.0,,0.7,,,,,2021-09-16 18:50:00
5439395.714966401,0.0,202.0,,0.7,,,,,2021-09-16 18:55:00
5439396.715088576,0.0,203.0,,0.7,,,,,2021-09-16 19:00:00
5439397.715210751,0.0,203.0,,0.7,,,,,2021-09-16 19:05:00
5439398.715332925,0.0,205.0,,0.7,,,,,2021-09-16 19:10:00
5439399.715455101,0.0,207.0,,0.7,,,,,2021-09-16 19:15:00
5439400.7155772755,0.0,203.0,,0.7,,,,,2021-09-16 19:20:00
5439401.71569945,0.0,199.0,,0.7,,,,,2021-09-16 19:25:00
5439402.715821625,0.0,196.0,,0.7,,,,,2021-09-16 19:30:00
5439403.715943799,0.0,197.0,,0.7,,,,,2021-09-16 19:35:00
5439404.716065974,0.0,196.0,211.0,0.7,,,,9.7,2021-09-16 19:40:00
5439405.716188149,0.0,194.0,,0.7,,,,,2021-09-16 19:45:00
5439406.716310323,0.0,192.0,,0.7,,,40.0,,2021-09-16 19:50:00
5439407.716432498,0.0,191.0,,0.7,,,,,2021-09-16 19:55:00
5439408.716554672,0.0,190.0,,0.7,,,,,2021-09-16 20:00:00
5439409.716676848,0.0,189.0,,0.7,,,,,2021-09-16 20:05:00
5439410.716799023,0.0,188.0,,0.7,,,,,2021-09-16 20:10:00
5439411.716921197,0.0,186.0,,0.7,,,,,2021-09-16 20:15:00
5439412.717043372,0.0,185.0,,0.7,,,,,2021-09-16 20:20:00
5439413.7171655465,0.0,183.0,185.0,0.7,,,,13.8,2021-09-16 20:25:00
5439414.717287721,0.0,184.0,,0.7,,,,,2021-09-16 20:30:00
5439415.717409896,0.0,187.0,,0.7,,,,,2021-09-16 20:35:00
5439416.71753207,0.0,188.0,,0.7,,,,,2021-09-16 20:40:00
5439417.717654245,0.0,189.0,,0.7,,,,,2021-09-16 20:45:00
5439418.71777642,0.0,192.0,,0.7,,,,,2021-09-16 20:50:00
5439419.717898594,0.0,194.0,,0.7,,,,,2021-09-16 20:55:00
5439420.71802077,0.0,195.0,,0.7,,,,,2021-09-16 21:00:00
5439421.718142944,0.0,196.0,,0.7,,,,,2021-09-16 21:05:00
5439422.718265119,0.0,196.0,,0.7,,,,,2021-09-16 21:10:00
5439423.718387294,0.0,197.0,,0.7,,,,,2021-09-16 21:15:00
5439424.718509468,0.0,193.0,,0.7,,,,,2021-09-16 21:20:00
5439425.718631643,0.0,187.0,,0.7,,,,,2021-09-16 21:25:00
5439426.7187538175,0.0,186.0,,0.7,,,,,2021-09-16 21:30:00
5439427.718875992,0.0,182.0,,0.7,,,,,2021-09-16 21:35:00
5439428.718998167,0.0,177.0,,0.7,,,,,2021-09-16 21:40:00
5439429.719120341,0.0,174.0,,0.7,,,,,2021-09-16 21:45:00
5439430.719242517,0.0,167.0,,0.7,,,,,2021-09-16 21:50:00
5439431.7193646915,0.0,164.0,,0.7,,,,,2021-09-16 21:55:00
5439432.719486866,0.0,162.0,,0.7,,,,,2021-09-16 22:00:00
5439433.719609041,0.0,160.0,,0.7,,,,,2021-09-16 22:05:00
5439434.719731215,0.0,158.0,,0.7,,,,,2021-09-16 22:10:00
5439435.71985339,0.0,156.0,,0.7,,,,,2021-09-16 22:15:00
5439436.719975565,0.0,154.0,,0.7,,,,,2021-09-16 22:20:00
5439437.720097739,0.0,152.0,,0.7,,,,,2021-09-16 22:25:00
5439438.720219914,0.0,150.0,,0.7,,,,,2021-09-16 22:30:00
5439439.7203420885,0.0,146.0,,0.7,,,,,2021-09-16 22:35:00
5439440.720464263,0.0,144.0,,0.7,,,,,2021-09-16 22:40:00
5439441.720586439,0.0,141.0,,0.7,,,,,2021-09-16 22:45:00
5439442.720708613,0.0,140.0,,0.7,,,,,2021-09-16 22:50:00
5439443.720830788,0.0,139.0,,0.7,,,,,2021-09-16 22:55:00
5439444.7209529625,0.0,137.0,132.0,0.7,,,,1.2,2021-09-16 23:00:00
5439445.721075137,0.0,134.0,,0.7,,,,,2021-09-16 23:05:00
5439446.721197312,0.0,130.0,,0.7,,,,,2021-09-16 23:10:00
5439447.721319486,0.0,125.0,,0.7,,,,,2021-09-16 23:15:00
5439448.721441661,0.0,121.0,,0.7,,,,,2021-09-16 23:20:00
5439449.721563836,0.0,120.0,,0.7,,,,,2021-09-16 23:25:00
5439450.72168601,0.0,116.0,,0.7,,,,,2021-09-16 23:30:00
5439451.721808186,0.0,113.0,,0.7,,,,,2021-09-16 23:35:00
5439452.72193036,0.0,108.0,,0.7,,,,,2021-09-16 23:40:00
5439453.722052535,0.0,103.0,,0.7,,,,,2021-09-16 23:45:00
5439454.72217471,0.0,99.0,,0.7,,,,,2021-09-16 23:50:00
5439455.722296884,0.0,98.0,,0.7,,,,,2021-09-16 23:55:00
5439456.722419059,0.0,97.0,,0.7,,,,,2021-09-17 00:00:00
5439457.7225412335,0.0,95.0,,0.7,,,,,2021-09-17 00:05:00
5439458.722663408,0.0,91.0,,0.7,,,,,2021-09-17 00:10:00
5439459.722785583,0.0,90.0,,0.7,,,,,2021-09-17 00:15:00
5439460.722907757,0.0,90.0,,0.7,,,,,2021-09-17 00:20:00
5439461.723029933,0.0,89.0,,0.7,,,,,2021-09-17 00:25:00
5439462.723152108,0.0,87.0,,0.7,,,,,2021-09-17 00:30:00
5439463.723274282,0.0,85.0,,0.7,,,,,2021-09-17 00:35:00
5439464.723396457,0.0,83.0,,0.7,,,,,2021-09-17 00:40:00
5439465.723518631,0.0,82.0,,0.7,,,,,2021-09-17 00:45:00
5439466.723640806,0.0,81.0,,0.7,,,,,2021-09-17 00:50:00
5439467.723762981,0.0,82.0,,0.7,,,,,2021-09-17 00:55:00
5439468.723885155,0.0,82.0,,0.7,,,,,2021-09-17 01:00:00
5439469.72400733,0.0,82.0,,0.7,,,,,2021-09-17 01:05:00
5439470.7241295045,0.0,83.0,,0.7,,,,,2021-09-17 01:10:00
5439471.724251679,0.0,83.0,,0.7,,,,,2021-09-17 01:15:00
5439472.724373855,0.0,81.0,,0.7,,,,,2021-09-17 01:20:00
5439473.724496029,0.0,80.0,,0.7,,,,,2021-09-17 01:25:00
5439474.724618204,0.0,79.0,,0.7,,,,,2021-09-17 01:30:00
5439475.724740379,0.0,79.0,,0.7,,,,,2021-09-17 01:35:00
5439476.724862553,0.0,80.0,,0.7,,,,,2021-09-17 01:40:00
5439477.724984728,0.0,80.0,,0.7,,,,,2021-09-17 01:45:00
5439478.725106902,0.0,81.0,,0.7,,,,,2021-09-17 01:50:00
5439479.725229077,0.0,82.0,,0.7,,,,,2021-09-17 01:55:00
5439480.725351252,0.0,82.0,,0.7,,,,,2021-09-17 02:00:00
5439481.725473426,0.0,80.0,,0.7,,,,,2021-09-17 02:05:00
5439482.725595602,0.0,78.0,,0.7,,,,,2021-09-17 02:10:00
5439483.725717776,0.0,78.0,,0.7,,,,,2021-09-17 02:15:00
5439484.725839951,0.0,75.0,,0.7,,,,,2021-09-17 02:20:00
5439485.725962126,0.0,74.0,,0.7,,,,,2021-09-17 02:25:00
5439486.7260843,0.0,75.0,,0.7,,,,,2021-09-17 02:30:00
5439487.726206475,0.0,73.0,,0.7,,,,,2021-09-17 02:35:00
5439488.72632865,0.0,73.0,,0.7,,,,,2021-09-17 02:40:00
5439489.726450824,0.0,72.0,98.0,0.7,,,,,2021-09-17 02:45:00
5439490.726572999,0.0,73.0,,0.7,,,,,2021-09-17 02:50:00
5439491.726695173,0.0,76.0,,0.7,,,,,2021-09-17 02:55:00
5439492.726817348,0.0,86.0,,0.7,,,,,2021-09-17 03:00:00
5439493.726939524,0.0,90.0,,0.7,,,,,2021-09-17 03:05:00
5439494.727061698,0.0,91.0,,0.7,,,,,2021-09-17 03:10:00
5439495.727183873,0.0,94.0,,0.7,,,,,2021-09-17 03:15:00
5439496.727306047,0.0,97.0,,0.7,,,,,2021-09-17 03:20:00
5439497.727428222,0.0,101.0,,0.7,,,,,2021-09-17 03:25:00
5439498.727550397,0.0,103.0,,0.7,,,,,2021-09-17 03:30:00
5439499.727672571,0.0,106.0,,0.7,,,,,2021-09-17 03:35:00
5439500.727794746,0.0,107.0,,0.7,,,,,2021-09-17 03:40:00
5439501.727916921,0.0,108.0,,0.7,,,,,2021-09-17 03:45:00
5439502.728039095,0.0,109.0,,0.7,,,,,2021-09-17 03:50:00
5439503.728161271,0.0,109.0,,0.7,,,,,2021-09-17 03:55:00
5439504.728283445,0.0,109.0,,0.7,,,,,2021-09-17 04:00:00
5439505.72840562,0.0,109.0,,0.7,,,,,2021-09-17 04:05:00
5439506.728527795,0.0,109.0,,0.7,,,,,2021-09-17 04:10:00
5439507.728649969,0.0,109.0,,0.7,,,,,2021-09-17 04:15:00
5439508.728772144,0.0,108.0,,0.7,,,,,2021-09-17 04:20:00
5439509.728894318,0.0,108.0,,0.7,,,,,2021-09-17 04:25:00
5439510.729016493,0.0,108.0,,0.7,,,,,2021-09-17 04:30:00
5439511.729138668,0.0,107.0,,0.7,,,,,2021-09-17 04:35:00
5439512.729260842,0.0,107.0,,0.7,,,,,2021-09-17 04:40:00
5439513.729383017,0.0,106.0,,0.7,,,,,2021-09-17 04:45:00
5439514.7295051925,0.0,105.0,,0.7,,,,,2021-09-17 04:50:00
5439515.729627367,0.0,104.0,,0.7,,,,,2021-09-17 04:55:00
5439516.729749542,0.0,100.0,,0.7,,,,,2021-09-17 05:00:00
5439517.729871716,0.0,96.0,,0.7,,,,,2021-09-17 05:05:00
5439518.729993891,0.0,94.0,,0.7,,,,,2021-09-17 05:10:00
5439519.730116066,0.0,91.0,,0.7,,,,,2021-09-17 05:15:00
5439520.73023824,0.0,88.0,,0.7,,,,,2021-09-17 05:20:00
5439521.730360415,0.0,87.0,,0.7,,,,,2021-09-17 05:25:00
5439522.730482589,0.0,88.0,,0.7,,,,,2021-09-17 05:30:00
5439523.730604764,0.0,95.0,,0.7,,,,,2021-09-17 05:35:00
5439524.73072694,0.0,96.0,,0.7,,,,,2021-09-17 05:40:00
5439525.730849114,0.0,94.0,,0.7,,,,,2021-09-17 05:45:00
5439526.730971289,0.0,94.0,,0.7,,,,,2021-09-17 05:50:00
5439527.7310934635,0.0,97.0,,0.7,,,,,2021-09-17 05:55:00
5439528.731215638,0.0,99.0,,0.7,,,,,2021-09-17 06:00:00
5439529.731337813,0.0,102.0,,0.7,,,,,2021-09-17 06:05:00
5439530.731459987,0.0,102.0,,0.7,,,,,2021-09-17 06:10:00
5439531.731582162,0.0,99.0,,0.7,,,,,2021-09-17 06:15:00
5439532.731704337,0.0,99.0,,0.7,,,,,2021-09-17 06:20:00
5439533.731826511,0.0,98.0,,0.7,,,,,2021-09-17 06:25:00
5439534.731948686,0.0,98.0,,0.7,,,,,2021-09-17 06:30:00
5439535.732070861,0.0,98.0,,0.7,,,,,2021-09-17 06:35:00
5439536.732193036,0.0,97.0,,0.7,,,,,2021-09-17 06:40:00
5439537.732315211,0.0,98.0,,0.7,,,,,2021-09-17 06:45:00
5439538.732437385,0.0,98.0,,0.7,,,,,2021-09-17 06:50:00
5439539.73255956,0.0,98.0,,0.7,,,,,2021-09-17 06:55:00
5439540.7326817345,0.0,99.0,,0.7,,,,,2021-09-17 07:00:00
5439541.732803909,0.0,102.0,,0.7,,,,,2021-09-17 07:05:00
5439542.732926084,0.0,105.0,,0.7,,,,,2021-09-17 07:10:00
5439543.733048258,0.0,107.0,,0.7,,,,,2021-09-17 07:15:00
5439544.733170433,0.0,112.0,,0.7,,,,,2021-09-17 07:20:00
5439545.7332926085,0.0,115.0,,0.7,,,,,2021-09-17 07:25:00
5439546.733414783,0.0,117.0,,0.7,,,,,2021-09-17 07:30:00
5439547.733536958,0.0,117.0,102.0,0.7,,,,,2021-09-17 07:35:00
5439548.733659132,0.0,119.0,,0.7,,,,,2021-09-17 07:40:00
5439549.733781307,0.0,124.0,,0.7,,,,,2021-09-17 07:45:00
5439550.733903482,0.0,123.0,,0.7,,,,,2021-09-17 07:50:00
5439551.734025656,0.0,123.0,112.0,0.7,,,,3.5,2021-09-17 07:55:00
5439552.734147831,0.0,126.0,,0.7,,,,,2021-09-17 08:00:00
5439553.7342700055,0.0,127.0,,0.7,,,,,2021-09-17 08:05:00
5439554.73439218,0.0,121.0,,0.7,,,,,2021-09-17 08:10:00
5439555.734514356,0.0,126.0,,0.7,,,,,2021-09-17 08:15:00
5439556.73463653,0.0,137.0,,0.7,,,,,2021-09-17 08:20:00
5439557.734758705,0.0,150.0,,0.7,,,,,2021-09-17 08:25:00
5439558.7348808795,0.0,163.0,,0.7,,,,,2021-09-17 08:30:00
5439559.735003054,0.0,173.0,,0.7,,,,,2021-09-17 08:35:00
5439560.735125229,0.0,182.0,,0.7,,,,,2021-09-17 08:40:00
5439561.735247403,0.0,190.0,214.0,0.7,,,,9.4,2021-09-17 08:45:00
5439562.735369578,0.0,190.0,,0.7,,,,,2021-09-17 08:50:00
5439563.735491753,0.0,193.0,,0.7,,,,,2021-09-17 08:55:00
5439564.735613927,0.0,207.0,,0.7,,,,,2021-09-17 09:00:00
5439565.735736102,0.0,211.0,,0.7,,,,,2021-09-17 09:05:00
5439566.735858277,0.0,216.0,,0.7,,,,,2021-09-17 09:10:00
5439567.735980452,0.0,221.0,,0.7,,,,,2021-09-17 09:15:00
5439568.736102627,0.0,223.0,,0.7,,,,,2021-09-17 09:20:00
5439569.736224801,0.0,224.0,,0.7,87.0,5.6e-05,,,2021-09-17 09:25:00
5439570.736346976,0.0,225.0,,0.7,96.0,5.6e-05,,,2021-09-17 09:30:00
5439571.7364691505,0.0,221.0,,0.7,113.0,5.5e-05,,,2021-09-17 09:35:00
5439572.736591325,0.0,219.0,224.0,0.7,103.0,5.4e-05,,11.3,2021-09-17 09:40:00
5439573.7367135,0.0,225.0,,0.7,97.0,5.5e-05,,,2021-09-17 09:45:00
5439574.736835674,0.0,223.0,,0.7,97.0,5.5e-05,,,2021-09-17 09:50:00
5439575.736957849,0.0,220.0,,0.7,97.0,5.7e-05,,,2021-09-17 09:55:00
5439576.737080025,0.0,218.0,,0.7,96.0,5.7e-05,,,2021-09-17 10:00:00
5439577.737202199,0.0,212.0,,0.7,94.0,5.8e-05,,,2021-09-17 10:05:00
5439578.737324374,0.0,208.0,,0.7,99.0,6e-05,,,2021-09-17 10:10:00
5439579.737446548,0.0,198.0,,0.7,101.0,5.8e-05,,,2021-09-17 10:15:00
5439580.737568723,0.0,189.0,,0.7,98.0,6.1e-05,,,2021-09-17 10:20:00
5439581.737690898,0.0,185.0,,0.7,99.0,6.3e-05,,,2021-09-17 10:25:00
5439582.737813072,0.0,173.0,,0.7,97.0,6.1e-05,,,2021-09-17 10:30:00
5439583.737935247,0.0,167.0,,0.7,102.0,6.3e-05,,,2021-09-17 10:35:00
5439584.7380574215,0.0,171.0,,0.7,98.0,6.1e-05,,,2021-09-17 10:40:00
5439585.738179596,0.0,171.0,,0.7,96.0,5.9e-05,,,2021-09-17 10:45:00
5439586.738301771,0.0,165.0,,0.7,94.0,5.9e-05,,,2021-09-17 10:50:00
5439587.738423946,0.0,159.0,,0.7,95.0,6e-05,,,2021-09-17 10:55:00
5439588.738546121,0.0,153.0,,0.7,108.0,5.9e-05,,,2021-09-17 11:00:00
5439589.738668296,0.0,148.0,,0.7,94.0,5.7e-05,,,2021-09-17 11:05:00
5439590.73879047,0.0,147.0,,0.7,93.0,0.000135,,,2021-09-17 11:10:00
5439591.738912645,0.0,140.0,,0.7,93.0,0.000137,,,2021-09-17 11:15:00
5439592.739034819,0.0,138.0,,0.7,92.0,9e-05,,,2021-09-17 11:20:00
5439593.739156994,0.0,135.0,,0.7,97.0,0.000163,,,2021-09-17 11:25:00
5439594.739279169,0.0,128.0,,0.7,94.0,0.000151,,,2021-09-17 11:30:00
5439595.739401343,0.0,120.0,,0.7,97.0,5.5e-05,,,2021-09-17 11:35:00
5439596.739523518,0.0,110.0,,0.7,100.0,5.4e-05,,,2021-09-17 11:40:00
5439597.739645693,0.0,101.0,,0.7,94.0,5.5e-05,,,2021-09-17 11:45:00
5439598.739767868,0.0,95.0,,0.7,97.0,5.5e-05,,,2021-09-17 11:50:00
5439599.739890043,0.0,87.0,,0.7,106.0,5.4e-05,25.0,,2021-09-17 11:55:00
5439600.740012217,0.0,78.0,,0.7,108.0,5.4e-05,,,2021-09-17 12:00:00
5439601.740134392,0.0,70.0,,0.7,103.0,5.7e-05,,,2021-09-17 12:05:00
5439602.740256567,0.0,66.0,40.0,0.7,100.0,5.8e-05,,,2021-09-17 12:10:00
5439603.740378741,0.0,62.0,,0.7,105.0,6.2e-05,,,2021-09-17 12:15:00
5439604.740500916,0.0,55.0,,0.7,100.0,7e-05,,,2021-09-17 12:20:00
5439605.74062309,0.0,51.0,,0.7,104.0,7.4e-05,,,2021-09-17 12:25:00
5439606.740745265,0.0,49.0,,0.7,104.0,7.2e-05,,,2021-09-17 12:30:00
5439607.74086744,0.0,52.0,,0.7,103.0,6.8e-05,,,2021-09-17 12:35:00
5439608.740989615,0.0,67.0,,0.7,100.0,6.6e-05,,,2021-09-17 12:40:00
5439609.74111179,0.0,83.0,,0.7,103.0,6.6e-05,,,2021-09-17 12:45:00
5439610.741233964,0.0,94.0,164.0,0.7,108.0,6.6e-05,,9.4,2021-09-17 12:50:00
5439611.741356139,0.0,101.0,,0.7,106.0,6.5e-05,20.0,,2021-09-17 12:55:00
5439612.741478314,0.0,111.0,,0.7,106.0,6.4e-05,,,2021-09-17 13:00:00
5439613.741600488,0.0,119.0,,0.7,100.0,6.2e-05,,,2021-09-17 13:05:00
5439614.741722663,0.0,143.0,,0.7,100.0,6.1e-05,,,2021-09-17 13:10:00
5439615.741844838,0.0,153.0,,0.7,99.0,6e-05,,,2021-09-17 13:15:00
5439616.741967012,0.0,157.0,,0.7,100.0,5.9e-05,,,2021-09-17 13:20:00
5439617.742089187,0.0,159.0,,0.7,100.0,5.9e-05,,,2021-09-17 13:25:00
5439618.742211362,0.0,162.0,,0.7,98.0,5.8e-05,,,2021-09-17 13:30:00
5439619.742333537,0.0,165.0,,0.7,96.0,5.8e-05,,,2021-09-17 13:35:00
5439620.742455712,0.0,168.0,,0.7,95.0,5.6e-05,,,2021-09-17 13:40:00
5439621.742577886,0.0,170.0,,0.7,90.0,5.5e-05,,,2021-09-17 13:45:00
5439622.742700061,0.0,170.0,,0.7,94.0,5.5e-05,,,2021-09-17 13:50:00
5439623.742822235,0.0,168.0,,0.7,111.0,5.3e-05,,,2021-09-17 13:55:00
5439624.74294441,0.0,165.0,,0.7,99.0,5.3e-05,,,2021-09-17 14:00:00
5439625.743066585,0.0,161.0,153.0,0.7,102.0,5.3e-05,,2.1,2021-09-17 14:05:00
5439626.743188759,0.0,150.0,,0.7,102.0,5.3e-05,,,2021-09-17 14:10:00
5439627.743310934,0.0,148.0,,0.7,99.0,5.4e-05,,,2021-09-17 14:15:00
5439628.7434331095,0.0,145.0,,0.7,97.0,5.5e-05,,,2021-09-17 14:20:00
5439629.743555284,0.0,143.0,,0.7,97.0,5.5e-05,,,2021-09-17 14:25:00
5439630.743677459,0.0,145.0,,0.7,95.0,5.5e-05,,,2021-09-17 14:30:00
5439631.743799633,0.0,149.0,,0.7,96.0,5.5e-05,,,2021-09-17 14:35:00
5439632.743921808,0.0,154.0,,0.7,92.0,5.5e-05,,,2021-09-17 14:40:00
5439633.744043983,0.0,158.0,,0.7,91.0,5.5e-05,,,2021-09-17 14:45:00
5439634.744166157,0.0,159.0,,0.7,90.0,5.5e-05,,,2021-09-17 14:50:00
5439635.744288332,0.0,157.0,,0.7,89.0,5.4e-05,,,2021-09-17 14:55:00
5439636.744410506,0.0,155.0,,0.7,88.0,5.4e-05,,,2021-09-17 15:00:00
5439637.744532681,0.0,152.0,,0.7,87.0,5.4e-05,,,2021-09-17 15:05:00
5439638.744654856,0.0,149.0,,0.7,87.0,5.4e-05,,,2021-09-17 15:10:00
5439639.744777031,0.0,146.0,,0.7,86.0,5.4e-05,,,2021-09-17 15:15:00
5439640.744899206,0.0,141.0,,0.7,86.0,5.4e-05,,,2021-09-17 15:20:00
5439641.7450213805,0.0,136.0,,0.7,94.0,5.4e-05,,,2021-09-17 15:25:00
5439642.745143555,0.0,129.0,,0.7,100.0,5.4e-05,,,2021-09-17 15:30:00
5439643.74526573,0.0,127.0,,0.7,91.0,5.4e-05,,,2021-09-17 15:35:00
5439644.745387904,0.0,133.0,,0.7,91.0,5.4e-05,,,2021-09-17 15:40:00
5439645.745510079,0.0,137.0,,0.7,88.0,5.4e-05,,,2021-09-17 15:45:00
5439646.745632254,0.0,145.0,,0.7,86.0,5.3e-05,,,2021-09-17 15:50:00
5439647.745754428,0.0,150.0,,0.7,91.0,5.3e-05,,,2021-09-17 15:55:00
5439648.745876603,0.0,156.0,,0.7,87.0,5.3e-05,,,2021-09-17 16:00:00
5439649.745998778,0.0,161.0,,0.7,85.0,5.3e-05,,,2021-09-17 16:05:00
5439650.746120953,0.0,168.0,,0.7,84.0,5.2e-05,,,2021-09-17 16:10:00
5439651.746243128,0.0,174.0,,0.7,84.0,5.3e-05,,,2021-09-17 16:15:00
5439652.746365302,0.0,179.0,,0.7,83.0,5.3e-05,,,2021-09-17 16:20:00
5439653.746487477,0.0,187.0,,0.7,95.0,5.2e-05,,,2021-09-17 16:25:00
5439654.7466096515,0.0,194.0,172.0,0.7,85.0,5.2e-05,,3.8,2021-09-17 16:30:00
5439655.746731826,0.0,196.0,,0.7,90.0,5.2e-05,,,2021-09-17 16:35:00
5439656.746854001,0.0,192.0,,0.7,89.0,5.2e-05,,,2021-09-17 16:40:00
5439657.746976175,0.0,182.0,,0.7,86.0,5.3e-05,,,2021-09-17 16:45:00
5439658.74709835,0.0,184.0,,0.7,87.0,5.2e-05,,,2021-09-17 16:50:00
5439659.747220525,0.0,183.0,,0.7,85.0,5.2e-05,,,2021-09-17 16:55:00
5439660.7473427,0.0,181.0,,0.7,85.0,5.2e-05,,,2021-09-17 17:00:00
5439661.747464875,0.0,180.0,,0.7,84.0,5.1e-05,,,2021-09-17 17:05:00
5439662.747587049,0.0,180.0,,0.7,84.0,5.1e-05,,,2021-09-17 17:10:00
5439663.747709224,0.0,183.0,,0.7,87.0,5.1e-05,,,2021-09-17 17:15:00
5439664.747831399,0.0,185.0,,0.7,87.0,5.2e-05,,,2021-09-17 17:20:00
5439665.747953573,0.0,184.0,,0.7,87.0,5.2e-05,,,2021-09-17 17:25:00
5439666.748075748,0.0,185.0,,0.7,85.0,5.2e-05,,,2021-09-17 17:30:00
5439667.7481979225,0.0,188.0,181.0,0.7,90.0,5.3e-05,,4.4,2021-09-17 17:35:00
5439668.748320097,0.0,185.0,,0.7,100.0,5.2e-05,,,2021-09-17 17:40:00
5439669.748442272,0.0,181.0,,0.7,93.0,5.3e-05,,,2021-09-17 17:45:00
5439670.748564447,0.0,180.0,,0.7,103.0,5.3e-05,,,2021-09-17 17:50:00
5439671.748686622,0.0,178.0,,0.7,101.0,5.3e-05,,,2021-09-17 17:55:00
5439672.7488087965,0.0,174.0,,0.7,106.0,5.3e-05,,,2021-09-17 18:00:00
5439673.748930971,0.0,169.0,,0.7,98.0,5.2e-05,,,2021-09-17 18:05:00
5439674.749053146,0.0,168.0,,0.7,89.0,5.2e-05,,,2021-09-17 18:10:00
5439675.74917532,0.0,168.0,,0.7,90.0,5.2e-05,,,2021-09-17 18:15:00
5439676.749297495,0.0,167.0,,0.7,89.0,5.3e-05,,,2021-09-17 18:20:00
5439677.74941967,0.0,167.0,,0.7,89.0,5.4e-05,,,2021-09-17 18:25:00
5439678.749541844,0.0,167.0,,0.7,87.0,5.4e-05,,,2021-09-17 18:30:00
5439679.749664019,0.0,168.0,,0.7,88.0,5.3e-05,,,2021-09-17 18:35:00
5439680.7497861935,0.0,167.0,,0.7,87.0,5.3e-05,,,2021-09-17 18:40:00
5439681.749908369,0.0,167.0,,0.7,85.0,5.3e-05,,,2021-09-17 18:45:00
5439682.750030544,0.0,169.0,,0.7,86.0,5.3e-05,,,2021-09-17 18:50:00
5439683.750152718,0.0,171.0,168.0,0.7,97.0,5.3e-05,,9.9,2021-09-17 18:55:00
5439684.750274893,0.0,168.0,,0.7,92.0,5.3e-05,,,2021-09-17 19:00:00
5439685.7503970675,0.0,167.0,,0.7,85.0,5.2e-05,,,2021-09-17 19:05:00
5439686.750519242,0.0,168.0,,0.7,82.0,5.2e-05,,,2021-09-17 19:10:00
5439687.750641417,0.0,168.0,,0.7,81.0,5.2e-05,,,2021-09-17 19:15:00
5439688.750763591,0.0,167.0,,0.7,82.0,5.1e-05,,,2021-09-17 19:20:00
5439689.750885766,0.0,165.0,,0.7,84.0,5.1e-05,,,2021-09-17 19:25:00
5439690.751007941,0.0,164.0,,0.7,83.0,5.1e-05,,,2021-09-17 19:30:00
5439691.751130116,0.0,161.0,,0.7,83.0,5.1e-05,,,2021-09-17 19:35:00
5439692.751252291,0.0,159.0,,0.7,81.0,5.1e-05,,,2021-09-17 19:40:00
5439693.751374465,0.0,155.0,,0.7,82.0,5.2e-05,,,2021-09-17 19:45:00
5439694.75149664,0.0,150.0,,0.7,82.0,5.2e-05,,,2021-09-17 19:50:00
5439695.751618815,0.0,145.0,,0.7,83.0,5.2e-05,,,2021-09-17 19:55:00
5439696.751740989,0.0,141.0,,0.7,83.0,5.2e-05,,,2021-09-17 20:00:00
5439697.751863164,0.0,139.0,,0.7,83.0,5.2e-05,,,2021-09-17 20:05:00
5439698.7519853385,0.0,138.0,,0.7,97.0,5.2e-05,,,2021-09-17 20:10:00
5439699.752107513,0.0,132.0,,0.7,98.0,5.2e-05,,,2021-09-17 20:15:00
5439700.752229688,0.0,129.0,,0.7,90.0,5.2e-05,,,2021-09-17 20:20:00
5439701.752351863,0.0,132.0,,0.7,88.0,5.3e-05,40.0,,2021-09-17 20:25:00
5439702.752474038,0.0,130.0,,0.7,94.0,5.3e-05,,,2021-09-17 20:30:00
5439703.752596213,0.0,124.0,,0.7,95.0,5.2e-05,,,2021-09-17 20:35:00
5439704.752718387,0.0,119.0,,0.7,88.0,5.3e-05,,,2021-09-17 20:40:00
5439705.752840562,0.0,118.0,,0.7,88.0,5.3e-05,,,2021-09-17 20:45:00
5439706.752962736,0.0,116.0,,0.7,87.0,5.4e-05,,,2021-09-17 20:50:00
5439707.753084911,0.0,116.0,,0.7,84.0,5.4e-05,,,2021-09-17 20:55:00
5439708.753207086,0.0,115.0,116.0,0.7,91.0,5.5e-05,,18.5,2021-09-17 21:00:00
5439709.75332926,0.0,113.0,,0.7,92.0,5.4e-05,,,2021-09-17 21:05:00
5439710.753451435,0.0,111.0,,0.7,84.0,5.4e-05,,,2021-09-17 21:10:00
5439711.7535736095,0.0,112.0,,0.7,84.0,5.4e-05,,,2021-09-17 21:15:00
5439712.753695785,0.0,109.0,,0.7,92.0,5.4e-05,,,2021-09-17 21:20:00
5439713.75381796,0.0,107.0,,0.7,92.0,5.4e-05,,,2021-09-17 21:25:00
5439714.753940134,0.0,104.0,,0.7,91.0,5.4e-05,,,2021-09-17 21:30:00
5439715.754062309,0.0,98.0,,0.7,90.0,5.4e-05,,,2021-09-17 21:35:00
5439716.754184484,0.0,94.0,,0.7,88.0,5.3e-05,,,2021-09-17 21:40:00
5439717.754306658,0.0,96.0,,0.7,104.0,5.3e-05,,,2021-09-17 21:45:00
5439718.754428833,0.0,100.0,,0.7,92.0,5.3e-05,,,2021-09-17 21:50:00
5439719.754551007,0.0,100.0,,0.7,88.0,5.3e-05,,,2021-09-17 21:55:00
5439720.754673182,0.0,100.0,,0.7,96.0,5.3e-05,,,2021-09-17 22:00:00
5439721.754795357,0.0,92.0,,0.7,110.0,5.2e-05,,,2021-09-17 22:05:00
5439722.754917532,0.0,82.0,,0.7,95.0,5.2e-05,,,2021-09-17 22:10:00
5439723.755039707,0.0,77.0,,0.7,92.0,5.2e-05,,,2021-09-17 22:15:00
5439724.755161881,0.0,74.0,,0.7,93.0,5.2e-05,,,2021-09-17 22:20:00
5439725.755284056,0.0,72.0,,0.7,86.0,5.3e-05,,,2021-09-17 22:25:00
5439726.755406231,0.0,73.0,,0.7,84.0,5.2e-05,,,2021-09-17 22:30:00
5439727.755528405,0.0,77.0,,0.7,85.0,5.2e-05,,,2021-09-17 22:35:00
5439728.75565058,0.0,82.0,84.0,0.7,85.0,5.2e-05,,,2021-09-17 22:40:00
5439729.755772755,0.0,85.0,,0.7,105.0,5.2e-05,,,2021-09-17 22:45:00
5439730.755894929,0.0,81.0,,0.7,107.0,5.2e-05,,,2021-09-17 22:50:00
5439731.756017104,0.0,79.0,,0.7,93.0,5.2e-05,,,2021-09-17 22:55:00
5439732.756139278,0.0,75.0,,0.7,92.0,5.3e-05,,,2021-09-17 23:00:00
5439733.756261454,0.0,71.0,,0.7,98.0,5.3e-05,,,2021-09-17 23:05:00
5439734.756383629,0.0,66.0,,0.7,103.0,5.3e-05,,,2021-09-17 23:10:00
5439735.756505803,0.0,64.0,,0.7,86.0,5.3e-05,,,2021-09-17 23:15:00
5439736.756627978,0.0,66.0,,0.7,84.0,5.3e-05,,,2021-09-17 23:20:00
5439737.756750152,0.0,70.0,90.0,0.7,85.0,5.3e-05,,,2021-09-17 23:25:00
5439738.756872327,0.0,74.0,,0.7,124.0,5.3e-05,,,2021-09-17 23:30:00
5439739.756994502,0.0,76.0,,0.7,153.0,5.3e-05,,,2021-09-17 23:35:00
5439740.757116676,0.0,75.0,,0.7,139.0,5.3e-05,,,2021-09-17 23:40:00
5439741.757238851,0.0,74.0,,0.7,81.0,5.3e-05,,,2021-09-17 23:45:00
5439742.757361026,0.0,71.0,,0.7,81.0,5.3e-05,,,2021-09-17 23:50:00
5439743.757483201,0.0,69.0,,0.7,80.0,5.3e-05,,,2021-09-17 23:55:00
5439744.757605376,0.0,68.0,,0.7,79.0,5.3e-05,,,2021-09-18 00:00:00
5439745.75772755,0.0,67.0,,0.7,88.0,5.3e-05,,,2021-09-18 00:05:00
5439746.757849725,0.0,68.0,,0.7,102.0,5.5e-05,,,2021-09-18 00:10:00
5439747.7579719,0.0,70.0,,0.7,99.0,5.7e-05,,,2021-09-18 00:15:00
5439748.758094074,0.0,71.0,,0.7,77.0,5.4e-05,,,2021-09-18 00:20:00
5439749.758216249,0.0,71.0,,0.7,77.0,5.3e-05,,,2021-09-18 00:25:00
5439750.758338423,0.0,72.0,,0.7,81.0,5.3e-05,,,2021-09-18 00:30:00
5439751.758460598,0.0,73.0,,0.7,96.0,5.2e-05,,,2021-09-18 00:35:00
5439752.758582773,0.0,78.0,,0.7,82.0,5.2e-05,,,2021-09-18 00:40:00
5439753.758704947,0.0,85.0,,0.7,79.0,5.3e-05,,,2021-09-18 00:45:00
5439754.758827123,0.0,85.0,,0.7,79.0,5.4e-05,,,2021-09-18 00:50:00
5439755.7589492975,0.0,86.0,,0.7,86.0,5.3e-05,,,2021-09-18 00:55:00
5439756.759071472,0.0,86.0,,0.7,77.0,5.4e-05,,,2021-09-18 01:00:00
5439757.759193647,0.0,84.0,,0.7,76.0,5.4e-05,,,2021-09-18 01:05:00
5439758.759315821,0.0,83.0,,0.7,77.0,5.6e-05,,,2021-09-18 01:10:00
5439759.759437996,0.0,84.0,,0.7,78.0,5.6e-05,,,2021-09-18 01:15:00
5439760.759560171,0.0,88.0,,0.7,82.0,5.4e-05,,,2021-09-18 01:20:00
5439761.759682345,0.0,93.0,,0.7,79.0,5.3e-05,,,2021-09-18 01:25:00
5439762.75980452,0.0,96.0,,0.7,75.0,5.3e-05,,,2021-09-18 01:30:00
5439763.759926694,0.0,98.0,,0.7,77.0,5.3e-05,,,2021-09-18 01:35:00
5439764.76004887,0.0,100.0,,0.7,89.0,5.2e-05,,,2021-09-18 01:40:00
5439765.760171045,0.0,101.0,,0.7,141.0,5.2e-05,,,2021-09-18 01:45:00
5439766.760293219,0.0,102.0,,0.7,136.0,5.3e-05,,,2021-09-18 01:50:00
5439767.760415394,0.0,102.0,,0.7,144.0,5.3e-05,,,2021-09-18 01:55:00
5439768.7605375685,0.0,102.0,,0.7,133.0,5.2e-05,,,2021-09-18 02:00:00
5439769.760659743,0.0,103.0,,0.7,73.0,5.2e-05,,,2021-09-18 02:05:00
5439770.760781918,0.0,104.0,,0.7,71.0,5.2e-05,,,2021-09-18 02:10:00
5439771.760904092,0.0,104.0,,0.7,107.0,5.2e-05,,,2021-09-18 02:15:00
5439772.761026267,0.0,105.0,,0.7,132.0,5.2e-05,,,2021-09-18 02:20:00
5439773.761148442,0.0,106.0,,0.7,136.0,5.2e-05,,,2021-09-18 02:25:00
5439774.761270616,0.0,107.0,,0.7,144.0,5.1e-05,,,2021-09-18 02:30:00
5439775.761392792,0.0,108.0,,0.7,78.0,5.1e-05,,,2021-09-18 02:35:00
5439776.761514966,0.0,112.0,,0.7,77.0,5.1e-05,,,2021-09-18 02:40:00
5439777.761637141,0.0,115.0,,0.7,78.0,5.2e-05,,,2021-09-18 02:45:00
5439778.761759316,0.0,116.0,,0.7,79.0,5.2e-05,,,2021-09-18 02:50:00
5439779.76188149,0.0,118.0,,0.7,76.0,5.2e-05,,,2021-09-18 02:55:00
5439780.762003665,0.0,119.0,,0.7,78.0,5.2e-05,,,2021-09-18 03:00:00
5439781.7621258395,0.0,120.0,,0.7,78.0,5.2e-05,,,2021-09-18 03:05:00
5439782.762248014,0.0,121.0,,0.7,77.0,5.2e-05,,,2021-09-18 03:10:00
5439783.762370189,0.0,122.0,,0.7,79.0,5.2e-05,,,2021-09-18 03:15:00
5439784.762492363,0.0,124.0,,0.7,87.0,5.2e-05,,,2021-09-18 03:20:00
5439785.762614539,0.0,123.0,,0.7,138.0,5.1e-05,,,2021-09-18 03:25:00
5439786.7627367135,0.0,117.0,,0.7,146.0,5.1e-05,,,2021-09-18 03:30:00
5439787.762858888,0.0,116.0,,0.7,143.0,5.1e-05,,,2021-09-18 03:35:00
5439788.762981063,0.0,119.0,,0.7,83.0,5.1e-05,,,2021-09-18 03:40:00
5439789.763103237,0.0,125.0,,0.7,70.0,5.1e-05,,,2021-09-18 03:45:00
5439790.763225412,0.0,129.0,,0.7,99.0,5.2e-05,,,2021-09-18 03:50:00
5439791.763347587,0.0,131.0,,0.7,141.0,5.2e-05,,,2021-09-18 03:55:00
5439792.763469761,0.0,131.0,,0.7,140.0,5.3e-05,,,2021-09-18 04:00:00
5439793.763591936,0.0,131.0,,0.7,139.0,5.3e-05,,,2021-09-18 04:05:00
5439794.7637141105,0.0,132.0,,0.7,141.0,5.3e-05,,,2021-09-18 04:10:00
5439795.763836286,0.0,133.0,,0.7,139.0,5.4e-05,,,2021-09-18 04:15:00
5439796.763958461,0.0,134.0,,0.7,113.0,5.3e-05,,,2021-09-18 04:20:00
5439797.764080635,0.0,135.0,,0.7,81.0,5.3e-05,,,2021-09-18 04:25:00
5439798.76420281,0.0,142.0,,0.7,71.0,5.2e-05,,,2021-09-18 04:30:00
5439799.7643249845,0.0,145.0,,0.7,70.0,5.2e-05,,,2021-09-18 04:35:00
5439800.764447159,0.0,145.0,,0.7,70.0,5.1e-05,,,2021-09-18 04:40:00
5439801.764569334,0.0,146.0,,0.7,78.0,5.1e-05,,,2021-09-18 04:45:00
5439802.764691508,0.0,150.0,,0.7,103.0,5.1e-05,,,2021-09-18 04:50:00
5439803.764813683,0.0,152.0,,0.7,142.0,5.1e-05,,,2021-09-18 04:55:00
5439804.764935858,0.0,150.0,,0.7,132.0,5.1e-05,,,2021-09-18 05:00:00
5439805.765058032,0.0,151.0,,0.7,104.0,5.1e-05,,,2021-09-18 05:05:00
5439806.765180208,0.0,156.0,,0.7,92.0,5.1e-05,,,2021-09-18 05:10:00
5439807.765302382,0.0,164.0,,0.7,81.0,5.1e-05,,,2021-09-18 05:15:00
5439808.765424557,0.0,166.0,,0.7,81.0,5.1e-05,,,2021-09-18 05:20:00
5439809.765546732,0.0,167.0,,0.7,76.0,4.9e-05,,,2021-09-18 05:25:00
5439810.765668906,0.0,166.0,,0.7,78.0,5.1e-05,,,2021-09-18 05:30:00
5439811.765791081,0.0,165.0,,0.7,78.0,5e-05,,,2021-09-18 05:35:00
5439812.7659132555,0.0,165.0,,0.7,78.0,5.1e-05,,,2021-09-18 05:40:00
5439813.76603543,0.0,162.0,,0.7,131.0,5.1e-05,,,2021-09-18 05:45:00
5439814.766157605,0.0,160.0,,0.7,145.0,5.1e-05,,,2021-09-18 05:50:00
5439815.766279779,0.0,157.0,,0.7,143.0,5.2e-05,,,2021-09-18 05:55:00
5439816.766401955,0.0,156.0,,0.7,141.0,5.2e-05,,,2021-09-18 06:00:00
5439817.76652413,0.0,155.0,,0.7,108.0,5.2e-05,,,2021-09-18 06:05:00
5439818.766646304,0.0,159.0,,0.7,86.0,5.1e-05,,,2021-09-18 06:10:00
5439819.766768479,0.0,161.0,,0.7,133.0,5.1e-05,,,2021-09-18 06:15:00
5439820.766890653,0.0,158.0,,0.7,144.0,5.1e-05,,,2021-09-18 06:20:00
5439821.767012828,0.0,155.0,,0.7,116.0,5.1e-05,,,2021-09-18 06:25:00
5439822.767135003,0.0,155.0,,0.7,76.0,5.1e-05,,,2021-09-18 06:30:00
5439823.767257177,0.0,160.0,,0.7,78.0,5.1e-05,,,2021-09-18 06:35:00
5439824.767379352,0.0,164.0,,0.7,75.0,5.1e-05,,,2021-09-18 06:40:00
5439825.7675015265,0.0,166.0,,0.7,80.0,5.9e-05,,,2021-09-18 06:45:00
5439826.767623701,0.0,168.0,,0.7,81.0,7.8e-05,,,2021-09-18 06:50:00
5439827.767745877,0.0,170.0,,0.7,85.0,6.5e-05,,,2021-09-18 06:55:00
5439828.767868051,0.0,171.0,,0.7,102.0,5.7e-05,,,2021-09-18 07:00:00
5439829.767990226,0.0,173.0,,0.7,102.0,,,,2021-09-18 07:05:00
5439830.768112401,0.0,178.0,,0.7,,,,,2021-09-18 07:10:00
5439831.768234575,0.0,180.0,,0.7,,,,,2021-09-18 07:15:00
5439832.76835675,0.0,182.0,,0.7,,,,,2021-09-18 07:20:00
5439833.768478924,0.0,187.0,201.0,0.7,,,,7.9,2021-09-18 07:25:00
5439834.768601099,0.0,192.0,,0.7,96.0,5.5e-05,,,2021-09-18 07:30:00
5439835.768723274,0.0,193.0,,0.7,91.0,5.4e-05,,,2021-09-18 07:35:00
5439836.768845448,0.0,199.0,,0.7,91.0,5.4e-05,,,2021-09-18 07:40:00
5439837.768967624,0.0,197.0,,0.7,99.0,5.4e-05,,,2021-09-18 07:45:00
5439838.769089798,0.0,199.0,,0.7,90.0,5.4e-05,,,2021-09-18 07:50:00
5439839.769211973,0.0,197.0,,0.7,91.0,5.4e-05,,,2021-09-18 07:55:00
5439840.769334148,0.0,193.0,,0.7,94.0,5.5e-05,,,2021-09-18 08:00:00
5439841.769456322,0.0,191.0,,0.7,95.0,5.8e-05,,,2021-09-18 08:05:00
5439842.769578497,0.0,190.0,,0.7,101.0,0.001792,,,2021-09-18 08:10:00
5439843.769700672,0.0,184.0,,0.7,92.0,0.000203,,,2021-09-18 08:15:00
5439844.769822846,0.0,177.0,,0.7,102.0,9.7e-05,,,2021-09-18 08:20:00
5439845.769945021,0.0,171.0,152.0,0.7,99.0,6.2e-05,,,2021-09-18 08:25:00
5439846.770067195,0.0,168.0,,0.7,99.0,5.8e-05,35.0,,2021-09-18 08:30:00
5439847.77018937,0.0,164.0,,0.7,110.0,5.4e-05,,,2021-09-18 08:35:00
5439848.770311546,0.0,160.0,152.0,0.7,106.0,5.8e-05,,13.6,2021-09-18 08:40:00
5439849.77043372,0.0,156.0,,0.7,107.0,5.9e-05,,,2021-09-18 08:45:00
5439850.770555895,0.0,153.0,,0.7,104.0,5.9e-05,,,2021-09-18 08:50:00
5439851.770678069,0.0,152.0,,0.7,103.0,5.9e-05,,,2021-09-18 08:55:00
5439852.770800244,0.0,151.0,,0.7,100.0,5.6e-05,,,2021-09-18 09:00:00
5439853.770922419,0.0,152.0,,0.7,104.0,5.5e-05,,,2021-09-18 09:05:00
5439854.771044593,0.0,156.0,,0.7,102.0,5.6e-05,,,2021-09-18 09:10:00
5439855.771166768,0.0,157.0,,0.7,102.0,5.6e-05,,,2021-09-18 09:15:00
5439856.771288943,0.0,158.0,,0.7,103.0,5.6e-05,,,2021-09-18 09:20:00
5439857.771411117,0.0,161.0,,0.7,103.0,5.4e-05,,,2021-09-18 09:25:00
5439858.771533293,0.0,159.0,,0.7,102.0,5.2e-05,,,2021-09-18 09:30:00
5439859.771655467,0.0,152.0,,0.7,112.0,5.5e-05,,,2021-09-18 09:35:00
5439860.771777642,0.0,142.0,,0.7,109.0,6.1e-05,,,2021-09-18 09:40:00
5439861.771899817,0.0,133.0,,0.7,111.0,1.900013,,,2021-09-18 09:45:00
5439862.772021991,0.0,123.0,,0.7,115.0,0.8062,,,2021-09-18 09:50:00
5439863.772144166,0.0,118.0,,0.7,114.0,1.2796,,,2021-09-18 09:55:00
5439864.77226634,0.0,112.0,,0.7,113.0,0.8408,,,2021-09-18 10:00:00
5439865.772388515,0.0,107.0,,0.7,109.0,0.713,,,2021-09-18 10:05:00
5439866.77251069,0.0,104.0,,0.7,110.0,0.4458,,,2021-09-18 10:10:00
5439867.772632864,0.0,100.0,,0.7,107.0,0.31626,,,2021-09-18 10:15:00
5439868.77275504,0.0,99.0,,0.7,109.0,0.40196,,,2021-09-18 10:20:00
5439869.7728772145,0.0,95.0,,0.7,111.0,0.8894,,,2021-09-18 10:25:00
5439870.772999389,0.0,91.0,,0.7,113.0,1.1492,,,2021-09-18 10:30:00
5439871.773121564,0.0,88.0,,0.7,120.0,3.448,,,2021-09-18 10:35:00
5439872.773243738,0.0,84.0,,0.7,114.0,5.858,,,2021-09-18 10:40:00
5439873.773365913,0.0,82.0,,0.7,109.0,7.934,,,2021-09-18 10:45:00
5439874.773488088,0.0,79.0,,0.7,108.0,3.182,,,2021-09-18 10:50:00
5439875.773610262,0.0,76.0,,0.7,108.0,2.606,,,2021-09-18 10:55:00
5439876.773732437,0.0,74.0,,0.7,99.0,1.988,,,2021-09-18 11:00:00
5439877.773854611,0.0,75.0,,0.7,110.0,0.7492,,,2021-09-18 11:05:00
5439878.773976786,0.0,73.0,,0.7,112.0,0.2709,,,2021-09-18 11:10:00
5439879.774098962,0.0,70.0,,0.7,107.0,0.07898,,,2021-09-18 11:15:00
5439880.774221136,0.0,69.0,,0.7,112.0,0.1175,,,2021-09-18 11:20:00
5439881.774343311,0.0,66.0,,0.7,109.0,0.05652,,,2021-09-18 11:25:00
5439882.7744654855,0.0,64.0,,0.7,108.0,0.01199,,,2021-09-18 11:30:00
5439883.77458766,0.0,65.0,,0.7,119.0,0.009386,,,2021-09-18 11:35:00
5439884.774709835,0.0,66.0,,0.7,107.0,0.02048,,,2021-09-18 11:40:00
5439885.774832009,0.0,66.0,,0.7,109.0,0.015072,,,2021-09-18 11:45:00
5439886.774954184,0.0,68.0,,0.7,113.0,0.003162,,,2021-09-18 11:50:00
5439887.775076359,0.0,70.0,,0.7,114.0,0.003066,,,2021-09-18 11:55:00
5439888.775198533,0.0,73.0,,0.7,112.0,0.057976,,,2021-09-18 12:00:00
5439889.775320709,0.0,77.0,,0.7,109.0,0.09424,,,2021-09-18 12:05:00
5439890.775442883,0.0,87.0,,0.7,105.0,0.03992,,,2021-09-18 12:10:00
5439891.775565058,0.0,100.0,,0.7,105.0,0.06808,,,2021-09-18 12:15:00
5439892.775687233,0.0,101.0,,0.7,115.0,0.12982,,,2021-09-18 12:20:00
5439893.775809407,0.0,105.0,,0.7,116.0,0.6506,,,2021-09-18 12:25:00
5439894.775931582,0.0,111.0,,0.7,105.0,1.4188,,,2021-09-18 12:30:00
5439895.7760537565,0.0,114.0,,0.7,104.0,1.3496,,,2021-09-18 12:35:00
5439896.776175931,0.0,116.0,,0.7,105.0,0.3574,,,2021-09-18 12:40:00
5439897.776298106,0.0,118.0,,0.7,99.0,0.6314,,,2021-09-18 12:45:00
5439898.77642028,0.0,119.0,,0.7,108.0,0.9368,,,2021-09-18 12:50:00
5439899.776542455,0.0,118.0,,0.7,101.0,0.6962,,,2021-09-18 12:55:00
5439900.7766646305,0.0,115.0,,0.7,118.0,0.33532,,,2021-09-18 13:00:00
5439901.776786805,0.0,113.0,,0.7,111.0,2.47,,,2021-09-18 13:05:00
5439902.77690898,0.0,112.0,,0.7,111.0,10.476,,,2021-09-18 13:10:00
5439903.777031154,0.0,112.0,,0.7,107.0,14.3,,,2021-09-18 13:15:00
5439904.777153329,0.0,113.0,,0.7,113.0,11.048,,,2021-09-18 13:20:00
5439905.777275504,0.0,115.0,,0.7,114.0,9.622,,,2021-09-18 13:25:00
5439906.777397678,0.0,116.0,,0.7,111.0,10.19,,,2021-09-18 13:30:00
5439907.777519853,0.0,115.0,,0.7,112.0,10.766,,,2021-09-18 13:35:00
5439908.7776420275,0.0,112.0,,0.7,112.0,10.258,,,2021-09-18 13:40:00
5439909.777764202,0.0,110.0,,0.7,105.0,7.546,,,2021-09-18 13:45:00
5439910.777886378,0.0,109.0,,0.7,109.0,5.636,,,2021-09-18 13:50:00
5439911.778008552,0.0,108.0,,0.7,104.0,5.308,,,2021-09-18 13:55:00
5439912.778130727,0.0,108.0,,0.7,114.0,3.112,,,2021-09-18 14:00:00
5439913.7782529015,0.0,106.0,,0.7,115.0,1.53826,,,2021-09-18 14:05:00
5439914.778375076,0.0,105.0,,0.7,108.0,0.2592,,,2021-09-18 14:10:00
5439915.778497251,0.0,104.0,,0.7,111.0,0.3048,,,2021-09-18 14:15:00
5439916.778619425,0.0,104.0,,0.7,112.0,0.2538,,,2021-09-18 14:20:00
5439917.7787416,0.0,106.0,,0.7,106.0,0.4506,,,2021-09-18 14:25:00
5439918.778863775,0.0,109.0,,0.7,108.0,0.576,,,2021-09-18 14:30:00
5439919.778985949,0.0,109.0,,0.7,108.0,0.5592,,,2021-09-18 14:35:00
5439920.779108124,0.0,112.0,,0.7,114.0,0.5074,,,2021-09-18 14:40:00
5439921.779230299,0.0,114.0,,0.7,108.0,0.5436,,,2021-09-18 14:45:00
5439922.779352474,0.0,115.0,,0.7,104.0,0.4642,,,2021-09-18 14:50:00
5439923.779474649,0.0,113.0,,0.7,102.0,0.292,,,2021-09-18 14:55:00
5439924.779596823,0.0,111.0,,0.7,98.0,0.2142,,,2021-09-18 15:00:00
5439925.779718998,0.0,110.0,,0.7,108.0,0.1684,,,2021-09-18 15:05:00
5439926.7798411725,0.0,111.0,117.0,0.7,104.0,0.1824,,,2021-09-18 15:10:00
5439927.779963347,0.0,114.0,,0.7,109.0,0.13842,,,2021-09-18 15:15:00
5439928.780085522,0.0,119.0,,0.7,107.0,0.15,,,2021-09-18 15:20:00
5439929.780207696,0.0,120.0,,0.7,100.0,0.1438,,,2021-09-18 15:25:00
5439930.780329871,0.0,118.0,,0.7,97.0,0.10712,,,2021-09-18 15:30:00
5439931.780452047,0.0,118.0,,0.7,96.0,0.11118,,,2021-09-18 15:35:00
5439932.780574221,0.0,118.0,,0.7,97.0,0.09134,,,2021-09-18 15:40:00
5439933.780696396,0.0,119.0,,0.7,109.0,0.10178,,,2021-09-18 15:45:00
5439934.78081857,0.0,122.0,,0.7,103.0,0.08962,,,2021-09-18 15:50:00
5439935.780940745,0.0,123.0,,0.7,97.0,0.09782,,,2021-09-18 15:55:00
5439936.78106292,0.0,123.0,,0.7,97.0,0.1048,,,2021-09-18 16:00:00
5439937.781185094,0.0,123.0,,0.7,97.0,0.114,,,2021-09-18 16:05:00
5439938.781307269,0.0,124.0,,0.7,108.0,0.11016,,,2021-09-18 16:10:00
5439939.7814294435,0.0,129.0,,0.7,100.0,0.03782,60.0,,2021-09-18 16:15:00
5439940.781551618,0.0,132.0,,0.7,99.0,0.07982,,,2021-09-18 16:20:00
5439941.781673794,0.0,134.0,,0.7,96.0,0.04802,,,2021-09-18 16:25:00
5439942.781795968,0.0,135.0,,0.7,96.0,0.0563,,,2021-09-18 16:30:00
5439943.781918143,0.0,137.0,124.0,0.7,98.0,0.05202,,14.7,2021-09-18 16:35:00
5439944.782040318,0.0,140.0,,0.7,103.0,0.03656,,,2021-09-18 16:40:00
5439945.782162492,0.0,143.0,,0.7,101.0,0.03212,,,2021-09-18 16:45:00
5439946.782284667,0.0,133.0,,0.7,104.0,0.02792,,,2021-09-18 16:50:00
5439947.782406841,0.0,133.0,,0.7,103.0,0.02826,,,2021-09-18 16:55:00
5439948.782529016,0.0,133.0,,0.7,100.0,0.02442,,,2021-09-18 17:00:00
5439949.782651191,0.0,134.0,,0.7,105.0,0.0236,,,2021-09-18 17:05:00
5439950.782773365,0.0,138.0,,0.7,104.0,0.01918,,,2021-09-18 17:10:00
5439951.78289554,0.0,144.0,,0.7,107.0,0.01688,,,2021-09-18 17:15:00
5439952.783017715,0.0,149.0,,0.7,112.0,0.01502,,,2021-09-18 17:20:00
5439953.78313989,0.0,153.0,,0.7,115.0,0.01626,,,2021-09-18 17:25:00
5439954.783262065,0.0,159.0,,0.7,114.0,0.01424,,,2021-09-18 17:30:00
5439955.783384239,0.0,165.0,,0.7,116.0,0.01532,,,2021-09-18 17:35:00
5439956.783506414,0.0,170.0,,0.7,113.0,0.01448,,,2021-09-18 17:40:00
5439957.783628589,0.0,175.0,,0.7,109.0,0.01556,,,2021-09-18 17:45:00
5439958.783750763,0.0,181.0,,0.7,109.0,0.012954,,,2021-09-18 17:50:00
5439959.783872938,0.0,185.0,,0.7,109.0,0.01542,,,2021-09-18 17:55:00
5439960.783995112,0.0,189.0,,0.7,108.0,0.01426,,,2021-09-18 18:00:00
5439961.784117287,0.0,194.0,,0.7,108.0,0.01298,,,2021-09-18 18:05:00
5439962.784239463,0.0,198.0,,0.7,110.0,0.011438,,,2021-09-18 18:10:00
5439963.784361637,0.0,202.0,,0.7,109.0,0.010156,,,2021-09-18 18:15:00
5439964.784483812,0.0,207.0,,0.7,107.0,0.007088,,,2021-09-18 18:20:00
5439965.784605986,0.0,210.0,,0.7,110.0,0.008454,,,2021-09-18 18:25:00
5439966.784728161,0.0,213.0,,0.7,113.0,0.007376,,,2021-09-18 18:30:00
5439967.784850336,0.0,216.0,,0.7,106.0,0.007596,,,2021-09-18 18:35:00
5439968.78497251,0.0,218.0,,0.7,102.0,0.008928,,,2021-09-18 18:40:00
5439969.785094685,0.0,220.0,,0.7,102.0,0.00996,,,2021-09-18 18:45:00
5439970.78521686,0.0,223.0,,0.7,100.0,0.00984,,,2021-09-18 18:50:00
5439971.785339034,0.0,225.0,,0.7,108.0,0.01175,,,2021-09-18 18:55:00
5439972.785461209,0.0,228.0,266.0,0.7,111.0,0.007098,,14.1,2021-09-18 19:00:00
5439973.785583384,0.0,229.0,,0.7,110.0,0.005756,,,2021-09-18 19:05:00
5439974.785705559,0.0,229.0,,0.7,98.0,0.002272,,,2021-09-18 19:10:00
5439975.785827734,0.0,227.0,,0.7,96.0,0.003124,,,2021-09-18 19:15:00
5439976.785949908,0.0,224.0,,0.7,96.0,0.003972,,,2021-09-18 19:20:00
5439977.786072083,0.0,221.0,,0.7,95.0,0.004176,,,2021-09-18 19:25:00
5439978.786194257,0.0,219.0,,0.7,97.0,0.004868,,,2021-09-18 19:30:00
5439979.786316432,0.0,217.0,,0.7,97.0,0.00545,,,2021-09-18 19:35:00
5439980.786438607,0.0,215.0,,0.7,99.0,0.006126,,,2021-09-18 19:40:00
5439981.786560781,0.0,212.0,,0.7,99.0,0.007534,,,2021-09-18 19:45:00
5439982.786682956,0.0,208.0,,0.7,99.0,0.00853,,,2021-09-18 19:50:00
5439983.7868051315,0.0,203.0,,0.7,101.0,0.009512,,,2021-09-18 19:55:00
5439984.786927306,0.0,198.0,,0.7,110.0,0.007552,,,2021-09-18 20:00:00
5439985.787049481,0.0,195.0,,0.7,99.0,0.006702,,,2021-09-18 20:05:00
5439986.787171655,0.0,190.0,,0.7,97.0,0.006432,,,2021-09-18 20:10:00
5439987.78729383,0.0,182.0,,0.7,96.0,0.00803,,,2021-09-18 20:15:00
5439988.787416005,0.0,176.0,,0.7,95.0,0.008622,,,2021-09-18 20:20:00
5439989.787538179,0.0,172.0,,0.7,95.0,0.008218,,,2021-09-18 20:25:00
5439990.787660354,0.0,170.0,,0.7,96.0,0.008222,,,2021-09-18 20:30:00
5439991.787782528,0.0,168.0,,0.7,111.0,0.008342,,,2021-09-18 20:35:00
5439992.787904703,0.0,169.0,,0.7,99.0,0.007286,,,2021-09-18 20:40:00
5439993.788026878,0.0,169.0,,0.7,92.0,0.00813,,,2021-09-18 20:45:00
5439994.788149053,0.0,165.0,,0.7,92.0,0.009618,,,2021-09-18 20:50:00
5439995.788271228,0.0,161.0,,0.7,99.0,0.009052,,,2021-09-18 20:55:00
5439996.7883934025,0.0,161.0,,0.7,102.0,0.010212,,,2021-09-18 21:00:00
5439997.788515577,0.0,163.0,,0.7,95.0,0.0088,,,2021-09-18 21:05:00
5439998.788637752,0.0,160.0,,0.7,103.0,0.010936,,,2021-09-18 21:10:00
5439999.788759926,0.0,156.0,,0.7,103.0,0.011112,,,2021-09-18 21:15:00
5440000.788882101,0.0,152.0,,0.7,95.0,0.01054,,,2021-09-18 21:20:00
5440001.789004276,0.0,147.0,,0.7,95.0,0.009722,,,2021-09-18 21:25:00
5440002.78912645,0.0,141.0,,0.7,93.0,0.00914,,,2021-09-18 21:30:00
5440003.789248625,0.0,135.0,,0.7,92.0,0.011026,,,2021-09-18 21:35:00
5440004.7893708,0.0,132.0,,0.7,93.0,0.009872,,,2021-09-18 21:40:00
5440005.789492975,0.0,131.0,185.0,0.7,104.0,0.01077,,4.7,2021-09-18 21:45:00
5440006.78961515,0.0,132.0,,0.7,102.0,0.011716,,,2021-09-18 21:50:00
5440007.789737324,0.0,134.0,,0.7,98.0,0.008548,,,2021-09-18 21:55:00
5440008.789859499,0.0,156.0,,0.7,90.0,0.009646,,,2021-09-18 22:00:00
5440009.7899816735,0.0,154.0,,0.7,92.0,0.011156,,,2021-09-18 22:05:00
5440010.790103848,0.0,149.0,,0.7,85.0,0.011172,,,2021-09-18 22:10:00
5440011.790226023,0.0,146.0,,0.7,87.0,0.008112,,,2021-09-18 22:15:00
5440012.790348197,0.0,145.0,,0.7,86.0,0.007158,,,2021-09-18 22:20:00
5440013.790470372,0.0,144.0,,0.7,87.0,0.006162,,,2021-09-18 22:25:00
5440014.790592547,0.0,142.0,,0.7,85.0,0.005722,,,2021-09-18 22:30:00
5440015.790714722,0.0,139.0,,0.7,86.0,0.002298,,,2021-09-18 22:35:00
5440016.790836897,0.0,136.0,,0.7,103.0,0.000701,,,2021-09-18 22:40:00
5440017.790959071,0.0,133.0,,0.7,97.0,0.000691,,,2021-09-18 22:45:00
5440018.791081246,0.0,129.0,,0.7,86.0,0.001364,,,2021-09-18 22:50:00
5440019.791203421,0.0,121.0,,0.7,84.0,0.002018,,,2021-09-18 22:55:00
5440020.791325595,0.0,112.0,,0.7,84.0,0.001943,,,2021-09-18 23:00:00
5440021.79144777,0.0,105.0,,0.7,88.0,0.000867,,,2021-09-18 23:05:00
5440022.7915699445,0.0,103.0,,0.7,86.0,0.000836,,,2021-09-18 23:10:00
5440023.791692119,0.0,103.0,,0.7,83.0,0.000794,,,2021-09-18 23:15:00
5440024.791814294,0.0,100.0,,0.7,84.0,0.000869,,,2021-09-18 23:20:00
5440025.791936469,0.0,95.0,,0.7,83.0,0.001208,,,2021-09-18 23:25:00
5440026.792058644,0.0,91.0,,0.7,85.0,0.001482,,,2021-09-18 23:30:00
5440027.7921808185,0.0,88.0,,0.7,82.0,0.001744,,,2021-09-18 23:35:00
5440028.792302993,0.0,86.0,,0.7,83.0,0.002144,,,2021-09-18 23:40:00
5440029.792425168,0.0,85.0,,0.7,83.0,0.002944,,,2021-09-18 23:45:00
5440030.792547342,0.0,84.0,,0.7,82.0,0.00451,,,2021-09-18 23:50:00
5440031.792669517,0.0,84.0,,0.7,90.0,0.005454,,,2021-09-18 23:55:00
5440032.792791692,0.0,86.0,,0.7,86.0,0.002816,,,2021-09-19 00:00:00
5440033.792913866,0.0,98.0,,0.7,78.0,0.003612,,,2021-09-19 00:05:00
5440034.793036041,0.0,106.0,,0.7,78.0,0.003898,,,2021-09-19 00:10:00
5440035.793158216,0.0,107.0,,0.7,77.0,0.004116,,,2021-09-19 00:15:00
5440036.793280391,0.0,106.0,,0.7,77.0,0.00426,,,2021-09-19 00:20:00
5440037.793402566,0.0,107.0,,0.7,75.0,0.004282,,,2021-09-19 00:25:00
5440038.79352474,0.0,106.0,,0.7,76.0,0.004378,,,2021-09-19 00:30:00
5440039.793646915,0.0,106.0,,0.7,77.0,0.00368,,,2021-09-19 00:35:00
5440040.7937690895,0.0,107.0,,0.7,92.0,0.001406,,,2021-09-19 00:40:00
5440041.793891264,0.0,107.0,,0.7,126.0,0.000492,,,2021-09-19 00:45:00
5440042.794013439,0.0,107.0,,0.7,98.0,0.000513,,,2021-09-19 00:50:00
5440043.794135613,0.0,105.0,,0.7,79.0,0.000793,,,2021-09-19 00:55:00
5440044.794257788,0.0,100.0,,0.7,80.0,0.001062,,,2021-09-19 01:00:00
5440045.794379963,0.0,95.0,,0.7,79.0,0.001314,,,2021-09-19 01:05:00
5440046.794502138,0.0,92.0,,0.7,79.0,0.00139,,,2021-09-19 01:10:00
5440047.794624313,0.0,90.0,,0.7,80.0,0.00171,,,2021-09-19 01:15:00
5440048.794746487,0.0,89.0,,0.7,82.0,0.001844,,,2021-09-19 01:20:00
5440049.794868662,0.0,90.0,,0.7,77.0,0.001558,,,2021-09-19 01:25:00
5440050.794990837,0.0,92.0,,0.7,76.0,0.00183,,,2021-09-19 01:30:00
5440051.795113011,0.0,94.0,,0.7,78.0,0.002056,,,2021-09-19 01:35:00
5440052.795235186,0.0,95.0,,0.7,124.0,0.00153,,,2021-09-19 01:40:00
5440053.7953573605,0.0,97.0,,0.7,121.0,0.001628,,,2021-09-19 01:45:00
5440054.795479535,0.0,100.0,,0.7,75.0,0.00155,,,2021-09-19 01:50:00
5440055.79560171,0.0,103.0,,0.7,129.0,0.001784,,,2021-09-19 01:55:00
5440056.795723885,0.0,105.0,,0.7,103.0,0.00197,,,2021-09-19 02:00:00
5440057.79584606,0.0,106.0,,0.7,132.0,0.00221,,,2021-09-19 02:05:00
5440058.795968235,0.0,108.0,,0.7,80.0,0.002632,,,2021-09-19 02:10:00
5440059.796090409,0.0,109.0,,0.7,128.0,0.00255,,,2021-09-19 02:15:00
5440060.796212584,0.0,110.0,,0.7,106.0,0.002272,,,2021-09-19 02:20:00
5440061.796334758,0.0,110.0,,0.7,74.0,0.001636,,,2021-09-19 02:25:00
5440062.796456933,0.0,109.0,,0.7,75.0,0.00148,,,2021-09-19 02:30:00
5440063.796579108,0.0,105.0,,0.7,75.0,0.001662,,,2021-09-19 02:35:00
5440064.796701282,0.0,100.0,,0.7,77.0,0.00193,,,2021-09-19 02:40:00
5440065.796823457,0.0,98.0,,0.7,75.0,0.002132,,,2021-09-19 02:45:00
5440066.7969456315,0.0,98.0,,0.7,73.0,0.002814,,,2021-09-19 02:50:00
5440067.797067807,0.0,98.0,,0.7,76.0,0.00313,,,2021-09-19 02:55:00
5440068.797189982,0.0,94.0,,0.7,88.0,0.002752,,,2021-09-19 03:00:00
5440069.797312156,0.0,91.0,,0.7,75.0,0.003298,,,2021-09-19 03:05:00
5440070.797434331,0.0,89.0,,0.7,76.0,0.003138,,,2021-09-19 03:10:00
5440071.797556506,0.0,89.0,,0.7,77.0,0.00313,,,2021-09-19 03:15:00
5440072.79767868,0.0,90.0,,0.7,82.0,0.002594,,,2021-09-19 03:20:00
5440073.797800855,0.0,93.0,,0.7,112.0,0.002896,,,2021-09-19 03:25:00
5440074.797923029,0.0,99.0,,0.7,83.0,0.003024,,,2021-09-19 03:30:00
5440075.798045204,0.0,107.0,,0.7,72.0,0.003038,,,2021-09-19 03:35:00
5440076.798167379,0.0,110.0,,0.7,70.0,0.001384,,,2021-09-19 03:40:00
5440077.798289554,0.0,108.0,,0.7,69.0,0.001194,,,2021-09-19 03:45:00
5440078.798411729,0.0,105.0,,0.7,68.0,0.001524,,,2021-09-19 03:50:00
5440079.798533903,0.0,107.0,,0.7,69.0,0.001534,,,2021-09-19 03:55:00
5440080.798656078,0.0,110.0,,0.7,68.0,0.001492,,,2021-09-19 04:00:00
5440081.798778253,0.0,111.0,,0.7,67.0,0.001384,,,2021-09-19 04:05:00
5440082.798900427,0.0,113.0,,0.7,69.0,0.001352,,,2021-09-19 04:10:00
5440083.799022602,0.0,113.0,,0.7,70.0,0.001626,,,2021-09-19 04:15:00
5440084.799144777,0.0,110.0,,0.7,71.0,0.001806,,,2021-09-19 04:20:00
5440085.799266951,0.0,105.0,,0.7,96.0,0.001816,,,2021-09-19 04:25:00
5440086.799389126,0.0,105.0,,0.7,155.0,0.001896,,,2021-09-19 04:30:00
5440087.7995113,0.0,107.0,,0.7,107.0,0.001794,,,2021-09-19 04:35:00
5440088.799633476,0.0,108.0,,0.7,71.0,0.002358,,,2021-09-19 04:40:00
5440089.799755651,0.0,104.0,,0.7,73.0,0.003006,,,2021-09-19 04:45:00
5440090.799877825,0.0,103.0,,0.7,74.0,0.00347,,,2021-09-19 04:50:00
5440091.8,0.0,102.0,,0.7,72.0,0.003882,,,2021-09-19 04:55:00
5440092.800122174,0.0,101.0,,0.7,74.0,0.004308,,,2021-09-19 05:00:00
5440093.800244349,0.0,102.0,,0.7,89.0,0.00317,,,2021-09-19 05:05:00
5440094.800366524,0.0,105.0,,0.7,70.0,0.00324,,,2021-09-19 05:10:00
5440095.800488698,0.0,106.0,,0.7,68.0,0.003308,,,2021-09-19 05:15:00
5440096.800610873,0.0,107.0,,0.7,68.0,0.003298,,,2021-09-19 05:20:00
5440097.800733048,0.0,108.0,,0.7,72.0,0.002966,,,2021-09-19 05:25:00
5440098.800855223,0.0,107.0,,0.7,76.0,0.002836,,,2021-09-19 05:30:00
5440099.800977398,0.0,103.0,,0.7,90.0,0.002884,,,2021-09-19 05:35:00
5440100.801099572,0.0,102.0,,0.7,86.0,0.002992,,,2021-09-19 05:40:00
5440101.801221747,0.0,104.0,,0.7,85.0,0.002932,,,2021-09-19 05:45:00
5440102.801343922,0.0,106.0,,0.7,89.0,0.002826,,,2021-09-19 05:50:00
5440103.801466096,0.0,108.0,,0.7,97.0,0.002438,14.0,,2021-09-19 05:55:00
5440104.801588271,1.0,,,0.7,,,,,2021-09-19 06:00:00
5440105.801710445,1.0,,,0.7,,,,,2021-09-19 06:05:00
5440106.80183262,1.0,,,0.7,,,,,2021-09-19 06:10:00
5440107.801954795,1.0,,,0.7,,,,,2021-09-19 06:15:00
5440108.80207697,1.0,,,0.7,,,,,2021-09-19 06:20:00
5440109.802199145,1.0,,,0.7,,,,,2021-09-19 06:25:00
5440110.8023213195,1.0,,,0.7,,,,,2021-09-19 06:30:00
5440111.802443494,1.0,,,0.7,,,,,2021-09-19 06:35:00
5440112.802565669,1.0,,,0.7,,,,,2021-09-19 06:40:00
5440113.802687843,1.0,,,0.7,97.0,0.000419,,,2021-09-19 06:45:00
5440114.802810018,1.0,,,0.7,104.0,0.000567,,,2021-09-19 06:50:00
5440115.802932193,1.0,,,0.7,103.0,0.001155,,,2021-09-19 06:55:00
5440116.803054367,1.0,,,0.7,103.0,0.00027,,,2021-09-19 07:00:00
5440117.803176542,1.0,,,0.7,98.0,0.000236,,,2021-09-19 07:05:00
5440118.803298716,1.0,,202.0,0.7,101.0,0.004736,,9.2,2021-09-19 07:10:00
5440119.803420892,1.0,,,0.7,90.0,0.003934,,,2021-09-19 07:15:00
5440120.803543067,1.0,,,0.7,88.0,0.001127,,,2021-09-19 07:20:00
5440121.803665241,1.0,,,0.7,92.0,0.000693,,,2021-09-19 07:25:00
5440122.803787416,1.0,,,0.7,105.0,0.039484,,,2021-09-19 07:30:00
5440123.8039095905,1.0,,,0.7,98.0,0.5016,,,2021-09-19 07:35:00
5440124.804031765,1.0,,,0.7,88.0,0.2378,,,2021-09-19 07:40:00
5440125.80415394,1.0,,,0.7,90.0,0.05176,,,2021-09-19 07:45:00
5440126.804276114,1.0,,,0.7,103.0,0.096492,,,2021-09-19 07:50:00
5440127.804398289,1.0,,,0.7,102.0,1.3422,,,2021-09-19 07:55:00
5440128.804520464,1.0,,,0.7,90.0,0.722,,,2021-09-19 08:00:00
5440129.804642639,1.0,,,0.7,87.0,0.1336,,,2021-09-19 08:05:00
5440130.804764814,1.0,,,0.7,84.0,0.06128,,,2021-09-19 08:10:00
5440131.804886988,1.0,,,0.7,83.0,0.0494,,,2021-09-19 08:15:00
5440132.805009163,1.0,,,0.7,83.0,0.02852,,,2021-09-19 08:20:00
5440133.805131338,1.0,,,0.7,83.0,0.01514,,,2021-09-19 08:25:00
5440134.805253512,1.0,,,0.7,83.0,0.007572,,,2021-09-19 08:30:00
5440135.805375687,1.0,,,0.7,95.0,0.01008,,,2021-09-19 08:35:00
5440136.8054978615,1.0,,,0.7,94.0,0.01322,,,2021-09-19 08:40:00
5440137.805620036,1.0,,142.0,0.7,90.0,0.008202,,1.3,2021-09-19 08:45:00
5440138.805742211,1.0,,,0.7,90.0,0.003702,,,2021-09-19 08:50:00
5440139.805864385,1.0,,,0.7,89.0,0.002444,,,2021-09-19 08:55:00
5440140.805986561,0.0,142.0,,0.7,90.0,0.00168,,,2021-09-19 09:00:00
5440141.8061087355,0.0,142.0,,0.7,93.0,0.001616,,,2021-09-19 09:05:00
5440142.80623091,0.0,143.0,,0.7,103.0,0.009228,,,2021-09-19 09:10:00
5440143.806353085,0.0,145.0,,0.7,93.0,0.02314,,,2021-09-19 09:15:00
5440144.806475259,0.0,141.0,,0.7,91.0,0.01738,,,2021-09-19 09:20:00
5440145.806597434,0.0,138.0,,0.7,89.0,0.006212,,,2021-09-19 09:25:00
5440146.806719609,0.0,137.0,,0.7,90.0,0.009318,,,2021-09-19 09:30:00
5440147.806841783,0.0,140.0,,0.7,92.0,0.01712,,,2021-09-19 09:35:00
5440148.806963958,0.0,141.0,,0.7,94.0,0.03426,,,2021-09-19 09:40:00
5440149.8070861325,0.0,139.0,,0.7,95.0,0.04102,,,2021-09-19 09:45:00
5440150.807208308,0.0,136.0,,0.7,90.0,0.0299,,,2021-09-19 09:50:00
5440151.807330483,0.0,136.0,,0.7,93.0,0.0195,,,2021-09-19 09:55:00
5440152.807452657,0.0,138.0,,0.7,96.0,0.03108,,,2021-09-19 10:00:00
5440153.807574832,0.0,139.0,,0.7,89.0,0.03168,,,2021-09-19 10:05:00
5440154.8076970065,0.0,138.0,,0.7,88.0,0.01612,,,2021-09-19 10:10:00
5440155.807819181,0.0,139.0,,0.7,88.0,0.01716,,,2021-09-19 10:15:00
5440156.807941356,0.0,138.0,,0.7,91.0,0.014524,,,2021-09-19 10:20:00
5440157.80806353,0.0,137.0,,0.7,89.0,0.008686,,,2021-09-19 10:25:00
5440158.808185705,0.0,137.0,,0.7,89.0,0.01774,,,2021-09-19 10:30:00
5440159.80830788,0.0,137.0,,0.7,88.0,0.02156,,,2021-09-19 10:35:00
5440160.808430054,0.0,136.0,,0.7,86.0,0.00737,,,2021-09-19 10:40:00
5440161.80855223,0.0,134.0,,0.7,92.0,0.001499,,,2021-09-19 10:45:00
5440162.808674404,0.0,134.0,,0.7,96.0,0.008522,,,2021-09-19 10:50:00
5440163.808796579,0.0,134.0,,0.7,90.0,0.007552,,,2021-09-19 10:55:00
5440164.808918754,0.0,134.0,,0.7,95.0,0.01232,,,2021-09-19 11:00:00
5440165.809040928,0.0,131.0,,0.7,106.0,0.009538,,,2021-09-19 11:05:00
5440166.809163103,0.0,132.0,,0.7,112.0,0.0022,,,2021-09-19 11:10:00
5440167.8092852775,0.0,135.0,,0.7,87.0,0.001258,,,2021-09-19 11:15:00
5440168.809407452,0.0,136.0,,0.7,95.0,0.001178,,,2021-09-19 11:20:00
5440169.809529627,0.0,139.0,,0.7,85.0,0.000919,20.0,,2021-09-19 11:25:00
5440170.809651801,0.0,139.0,,0.7,92.0,0.00117,,,2021-09-19 11:30:00
5440171.809773977,0.0,141.0,,0.7,102.0,0.00176,,,2021-09-19 11:35:00
5440172.809896152,0.0,143.0,,0.7,95.0,0.001392,,,2021-09-19 11:40:00
5440173.810018326,0.0,141.0,,0.7,104.0,0.001249,,,2021-09-19 11:45:00
5440174.810140501,0.0,141.0,164.0,0.7,99.0,0.001552,,8.9,2021-09-19 11:50:00
5440175.810262675,0.0,145.0,,0.7,98.0,0.001604,,,2021-09-19 11:55:00
5440176.81038485,0.0,147.0,,0.7,99.0,0.001512,,,2021-09-19 12:00:00
5440177.810507025,0.0,159.0,,0.7,94.0,0.001662,,,2021-09-19 12:05:00
5440178.810629199,0.0,159.0,,0.7,88.0,0.001278,,,2021-09-19 12:10:00
5440179.810751374,0.0,158.0,,0.7,101.0,0.0018,,,2021-09-19 12:15:00
5440180.8108735485,0.0,158.0,,0.7,90.0,0.001512,,,2021-09-19 12:20:00
5440181.810995723,0.0,159.0,,0.7,99.0,0.009674,,,2021-09-19 12:25:00
5440182.811117899,0.0,169.0,,0.7,94.0,0.005434,,,2021-09-19 12:30:00
5440183.811240073,0.0,178.0,,0.7,94.0,0.003616,,,2021-09-19 12:35:00
5440184.811362248,0.0,184.0,,0.7,109.0,0.007532,,,2021-09-19 12:40:00
5440185.811484423,0.0,189.0,162.0,0.7,100.0,0.01132,,3.3,2021-09-19 12:45:00
5440186.811606597,0.0,190.0,,0.7,93.0,0.003824,,,2021-09-19 12:50:00
5440187.811728772,0.0,185.0,,0.7,90.0,0.003406,,,2021-09-19 12:55:00
5440188.811850946,0.0,171.0,,0.7,87.0,0.00326,,,2021-09-19 13:00:00
5440189.811973121,0.0,167.0,,0.7,86.0,0.003432,,,2021-09-19 13:05:00
5440190.812095296,0.0,164.0,,0.7,86.0,0.003428,,,2021-09-19 13:10:00
5440191.81221747,0.0,163.0,,0.7,98.0,0.003308,,,2021-09-19 13:15:00
5440192.812339646,0.0,168.0,,0.7,102.0,0.00257,,,2021-09-19 13:20:00
5440193.81246182,0.0,168.0,,0.7,93.0,0.00209,,,2021-09-19 13:25:00
5440194.812583995,0.0,166.0,,0.7,90.0,0.001906,,,2021-09-19 13:30:00
5440195.81270617,0.0,165.0,,0.7,90.0,0.002042,,,2021-09-19 13:35:00
5440196.812828344,0.0,164.0,,0.7,93.0,0.002168,,,2021-09-19 13:40:00
5440197.812950519,0.0,163.0,,0.7,95.0,0.001688,,,2021-09-19 13:45:00
5440198.8130726935,0.0,159.0,,0.7,89.0,0.002138,,,2021-09-19 13:50:00
5440199.813194868,0.0,154.0,,0.7,94.0,0.0015,,,2021-09-19 13:55:00
5440200.813317043,0.0,153.0,,0.7,98.0,0.000847,,,2021-09-19 14:00:00
5440201.813439217,0.0,148.0,,0.7,89.0,0.00084,,,2021-09-19 14:05:00
5440202.813561393,0.0,146.0,129.0,0.7,91.0,0.000744,,7.6,2021-09-19 14:10:00
5440203.813683568,0.0,145.0,,0.7,89.0,0.000675,,,2021-09-19 14:15:00
5440204.813805742,0.0,147.0,,0.7,85.0,0.000631,,,2021-09-19 14:20:00
5440205.813927917,0.0,140.0,,0.7,86.0,0.00047,,,2021-09-19 14:25:00
5440206.814050091,0.0,144.0,,0.7,83.0,0.000398,,,2021-09-19 14:30:00
5440207.814172266,0.0,149.0,,0.7,84.0,0.000334,,,2021-09-19 14:35:00
5440208.814294441,0.0,155.0,,0.7,84.0,0.00031,,,2021-09-19 14:40:00
5440209.814416615,0.0,160.0,,0.7,85.0,0.000284,,,2021-09-19 14:45:00
5440210.81453879,0.0,166.0,,0.7,86.0,0.000256,,,2021-09-19 14:50:00
5440211.8146609645,0.0,171.0,,0.7,86.0,0.000252,,,2021-09-19 14:55:00
5440212.814783139,0.0,174.0,,0.7,86.0,0.000245,,,2021-09-19 15:00:00
5440213.814905315,0.0,175.0,,0.7,89.0,0.000237,,,2021-09-19 15:05:00
5440214.815027489,0.0,175.0,,0.7,89.0,0.000231,,,2021-09-19 15:10:00
5440215.815149664,0.0,172.0,,0.7,88.0,0.000204,,,2021-09-19 15:15:00
5440216.815271839,0.0,169.0,,0.7,88.0,0.000171,,,2021-09-19 15:20:00
5440217.815394013,0.0,170.0,,0.7,88.0,0.000205,,,2021-09-19 15:25:00
5440218.815516188,0.0,163.0,,0.7,88.0,0.00019,,,2021-09-19 15:30:00
5440219.815638362,0.0,165.0,,0.7,87.0,0.000153,,,2021-09-19 15:35:00
5440220.815760537,0.0,167.0,,0.7,87.0,0.000148,,,2021-09-19 15:40:00
5440221.815882712,0.0,168.0,,0.7,87.0,0.000151,,,2021-09-19 15:45:00
5440222.816004886,0.0,167.0,,0.7,88.0,0.000115,,,2021-09-19 15:50:00
5440223.816127062,0.0,165.0,,0.7,87.0,0.000138,,,2021-09-19 15:55:00
5440224.816249236,0.0,163.0,,0.7,89.0,0.000106,,,2021-09-19 16:00:00
5440225.816371411,0.0,162.0,,0.7,96.0,0.000131,,,2021-09-19 16:05:00
5440226.816493586,0.0,161.0,,0.7,92.0,0.000172,,,2021-09-19 16:10:00
5440227.81661576,0.0,160.0,,0.7,85.0,0.000135,,,2021-09-19 16:15:00
5440228.816737935,0.0,161.0,,0.7,86.0,0.000125,,,2021-09-19 16:20:00
5440229.81686011,0.0,158.0,,0.7,86.0,0.00013,,,2021-09-19 16:25:00
5440230.816982284,0.0,153.0,,0.7,85.0,0.000129,,,2021-09-19 16:30:00
5440231.817104459,0.0,149.0,,0.7,84.0,0.00013,,,2021-09-19 16:35:00
5440232.817226633,0.0,146.0,,0.7,93.0,0.000137,,,2021-09-19 16:40:00
5440233.817348808,0.0,147.0,,0.7,93.0,0.000148,,,2021-09-19 16:45:00
5440234.817470984,0.0,150.0,,0.7,95.0,0.000203,,,2021-09-19 16:50:00
5440235.817593158,0.0,147.0,,0.7,96.0,0.000244,20.0,,2021-09-19 16:55:00
5440236.817715333,0.0,151.0,,0.7,94.0,0.0002,,,2021-09-19 17:00:00
5440237.817837507,0.0,148.0,,0.7,86.0,0.000163,,,2021-09-19 17:05:00
5440238.817959682,0.0,145.0,,0.7,85.0,0.000152,,,2021-09-19 17:10:00
5440239.818081857,0.0,141.0,151.0,0.7,97.0,0.00019,,0.7,2021-09-19 17:15:00
5440240.818204031,0.0,139.0,,0.7,91.0,0.0002,,,2021-09-19 17:20:00
5440241.818326206,0.0,135.0,,0.7,87.0,0.000214,,,2021-09-19 17:25:00
5440242.818448381,0.0,137.0,148.0,0.7,92.0,0.00021,,7.5,2021-09-19 17:30:00
5440243.818570555,0.0,135.0,,0.7,90.0,0.000198,,,2021-09-19 17:35:00
5440244.818692731,0.0,136.0,,0.7,87.0,0.000224,,,2021-09-19 17:40:00
5440245.818814905,0.0,138.0,,0.7,83.0,0.000211,,,2021-09-19 17:45:00
5440246.81893708,0.0,137.0,,0.7,89.0,0.000213,,,2021-09-19 17:50:00
5440247.819059255,0.0,138.0,,0.7,93.0,0.000299,,,2021-09-19 17:55:00
5440248.819181429,0.0,138.0,,0.7,91.0,0.00073,,,2021-09-19 18:00:00
5440249.819303604,0.0,137.0,,0.7,93.0,0.000471,,,2021-09-19 18:05:00
5440250.819425778,0.0,139.0,,0.7,87.0,0.000256,,,2021-09-19 18:10:00
5440251.819547953,0.0,143.0,,0.7,87.0,0.000214,,,2021-09-19 18:15:00
5440252.819670128,0.0,141.0,,0.7,88.0,0.000214,,,2021-09-19 18:20:00
5440253.819792302,0.0,137.0,,0.7,88.0,0.000182,,,2021-09-19 18:25:00
5440254.819914477,0.0,134.0,,0.7,90.0,0.000156,,,2021-09-19 18:30:00
5440255.8200366525,0.0,132.0,,0.7,88.0,0.000151,,,2021-09-19 18:35:00
5440256.820158827,0.0,131.0,,0.7,90.0,0.000115,,,2021-09-19 18:40:00
5440257.820281002,0.0,130.0,,0.7,90.0,0.000122,,,2021-09-19 18:45:00
5440258.820403176,0.0,128.0,,0.7,88.0,0.000111,,,2021-09-19 18:50:00
5440259.820525351,0.0,125.0,,0.7,90.0,0.000102,,,2021-09-19 18:55:00
5440260.820647526,0.0,124.0,166.0,0.7,89.0,0.000123,,3.5,2021-09-19 19:00:00
5440261.8207697,0.0,132.0,,0.7,90.0,0.000117,,,2021-09-19 19:05:00
5440262.820891875,0.0,140.0,,0.7,86.0,0.000103,,,2021-09-19 19:10:00
5440263.821014049,0.0,142.0,,0.7,87.0,0.000103,,,2021-09-19 19:15:00
5440264.821136224,0.0,142.0,,0.7,90.0,8.6e-05,,,2021-09-19 19:20:00
5440265.8212584,0.0,140.0,,0.7,89.0,9.6e-05,,,2021-09-19 19:25:00
5440266.821380574,0.0,138.0,,0.7,85.0,0.0001,,,2021-09-19 19:30:00
5440267.821502749,0.0,135.0,,0.7,99.0,7.8e-05,,,2021-09-19 19:35:00
5440268.8216249235,0.0,133.0,,0.7,98.0,0.000113,,,2021-09-19 19:40:00
5440269.821747098,0.0,134.0,,0.7,101.0,0.000121,,,2021-09-19 19:45:00
5440270.821869273,0.0,137.0,,0.7,106.0,0.000116,,,2021-09-19 19:50:00
5440271.821991447,0.0,138.0,,0.7,99.0,0.000112,,,2021-09-19 19:55:00
5440272.822113622,0.0,134.0,,0.7,88.0,0.000108,,,2021-09-19 20:00:00
5440273.822235797,0.0,124.0,,0.7,87.0,0.000114,,,2021-09-19 20:05:00
5440274.822357971,0.0,120.0,,0.7,93.0,0.000122,,,2021-09-19 20:10:00
5440275.822480147,0.0,121.0,,0.7,102.0,0.000133,,,2021-09-19 20:15:00
5440276.822602321,0.0,124.0,,0.7,92.0,0.000157,,,2021-09-19 20:20:00
5440277.822724496,0.0,124.0,,0.7,90.0,0.000177,,,2021-09-19 20:25:00
5440278.822846671,0.0,127.0,,0.7,103.0,0.00018,,,2021-09-19 20:30:00
5440279.822968845,0.0,129.0,,0.7,93.0,0.000157,,,2021-09-19 20:35:00
5440280.82309102,0.0,129.0,,0.7,91.0,0.000256,,,2021-09-19 20:40:00
5440281.8232131945,0.0,128.0,,0.7,92.0,0.000232,,,2021-09-19 20:45:00
5440282.823335369,0.0,123.0,,0.7,90.0,0.00028,,,2021-09-19 20:50:00
5440283.823457544,0.0,116.0,,0.7,89.0,0.000272,,,2021-09-19 20:55:00
5440284.823579718,0.0,117.0,,0.7,85.0,0.000301,,,2021-09-19 21:00:00
5440285.823701893,0.0,119.0,,0.7,85.0,0.000291,,,2021-09-19 21:05:00
5440286.8238240685,0.0,120.0,,0.7,86.0,0.000284,,,2021-09-19 21:10:00
5440287.823946243,0.0,120.0,,0.7,84.0,0.000215,,,2021-09-19 21:15:00
5440288.824068418,0.0,120.0,,0.7,85.0,0.000234,,,2021-09-19 21:20:00
5440289.824190592,0.0,122.0,,0.7,83.0,0.000175,,,2021-09-19 21:25:00
5440290.824312767,0.0,122.0,,0.7,87.0,0.000214,,,2021-09-19 21:30:00
5440291.824434942,0.0,119.0,,0.7,88.0,0.000241,,,2021-09-19 21:35:00
5440292.824557116,0.0,117.0,197.0,0.7,88.0,0.000287,,3.9,2021-09-19 21:40:00
5440293.824679291,0.0,120.0,,0.7,86.0,0.000182,,,2021-09-19 21:45:00
5440294.8248014655,0.0,123.0,,0.7,82.0,0.000144,,,2021-09-19 21:50:00
5440295.82492364,0.0,125.0,,0.7,98.0,0.000112,,,2021-09-19 21:55:00
5440296.825045816,0.0,126.0,,0.7,80.0,0.000121,,,2021-09-19 22:00:00
5440297.82516799,0.0,124.0,,0.7,90.0,0.000118,,,2021-09-19 22:05:00
5440298.825290165,0.0,123.0,,0.7,87.0,0.000138,,,2021-09-19 22:10:00
5440299.8254123395,0.0,125.0,,0.7,81.0,0.000151,,,2021-09-19 22:15:00
5440300.825534514,0.0,126.0,,0.7,81.0,0.000132,,,2021-09-19 22:20:00
5440301.825656689,0.0,124.0,,0.7,78.0,0.00014,,,2021-09-19 22:25:00
5440302.825778863,0.0,121.0,,0.7,80.0,0.00014,,,2021-09-19 22:30:00
5440303.825901038,0.0,115.0,,0.7,79.0,0.000183,,,2021-09-19 22:35:00
5440304.826023213,0.0,113.0,,0.7,78.0,0.000192,,,2021-09-19 22:40:00
5440305.826145387,0.0,112.0,,0.7,79.0,0.000224,,,2021-09-19 22:45:00
5440306.826267562,0.0,110.0,,0.7,79.0,0.000266,,,2021-09-19 22:50:00
5440307.826389737,0.0,109.0,,0.7,78.0,0.000307,,,2021-09-19 22:55:00
5440308.826511912,0.0,107.0,,0.7,79.0,0.00035,,,2021-09-19 23:00:00
5440309.826634087,0.0,106.0,,0.7,78.0,0.000395,,,2021-09-19 23:05:00
5440310.826756261,0.0,106.0,,0.7,76.0,0.000452,,,2021-09-19 23:10:00
5440311.826878436,0.0,105.0,184.0,0.7,88.0,0.000396,,6.6,2021-09-19 23:15:00
5440312.8270006105,0.0,103.0,,0.7,94.0,0.000257,,,2021-09-19 23:20:00
5440313.827122785,0.0,119.0,,0.7,79.0,0.000336,,,2021-09-19 23:25:00
5440314.82724496,0.0,129.0,,0.7,76.0,0.000509,,,2021-09-19 23:30:00
5440315.827367134,0.0,143.0,,0.7,75.0,0.00062,,,2021-09-19 23:35:00
5440316.827489309,0.0,142.0,,0.7,77.0,0.000384,,,2021-09-19 23:40:00
5440317.827611485,0.0,137.0,,0.7,76.0,0.000252,,,2021-09-19 23:45:00
5440318.827733659,0.0,129.0,,0.7,77.0,0.000307,,,2021-09-19 23:50:00
5440319.827855834,0.0,120.0,,0.7,79.0,0.000311,,,2021-09-19 23:55:00
5440320.827978008,0.0,114.0,,0.7,79.0,0.000308,,,2021-09-20 00:00:00
5440321.828100183,0.0,109.0,,0.7,75.0,0.000496,,,2021-09-20 00:05:00
5440322.828222358,0.0,104.0,,0.7,82.0,0.000431,,,2021-09-20 00:10:00
5440323.828344532,0.0,100.0,,0.7,87.0,0.000618,,,2021-09-20 00:15:00
5440324.828466707,0.0,94.0,,0.7,85.0,0.000436,,,2021-09-20 00:20:00
5440325.8285888815,0.0,89.0,,0.7,74.0,0.000693,,,2021-09-20 00:25:00
5440326.828711056,0.0,87.0,,0.7,78.0,0.000391,,,2021-09-20 00:30:00
5440327.828833231,0.0,83.0,,0.7,77.0,0.000285,,,2021-09-20 00:35:00
5440328.828955406,0.0,89.0,,0.7,77.0,0.000237,,,2021-09-20 00:40:00
5440329.829077581,0.0,97.0,,0.7,77.0,0.000185,,,2021-09-20 00:45:00
5440330.829199756,0.0,101.0,,0.7,74.0,0.000233,,,2021-09-20 00:50:00
5440331.82932193,0.0,98.0,,0.7,78.0,0.000322,,,2021-09-20 00:55:00
5440332.829444105,0.0,93.0,,0.7,79.0,0.000362,,,2021-09-20 01:00:00
5440333.829566279,0.0,92.0,,0.7,77.0,0.000432,,,2021-09-20 01:05:00
5440334.829688454,0.0,93.0,,0.7,73.0,0.000594,,,2021-09-20 01:10:00
5440335.829810629,0.0,93.0,,0.7,94.0,0.000274,,,2021-09-20 01:15:00
5440336.829932803,0.0,93.0,,0.7,100.0,0.000256,,,2021-09-20 01:20:00
5440337.830054978,0.0,91.0,,0.7,72.0,0.000251,,,2021-09-20 01:25:00
5440338.830177153,0.0,90.0,,0.7,74.0,0.000254,,,2021-09-20 01:30:00
5440339.830299328,0.0,91.0,,0.7,76.0,0.000289,,,2021-09-20 01:35:00
5440340.830421503,0.0,92.0,,0.7,77.0,0.000321,,,2021-09-20 01:40:00
5440341.830543677,0.0,92.0,,0.7,77.0,0.000351,,,2021-09-20 01:45:00
5440342.830665852,0.0,92.0,,0.7,77.0,0.000376,,,2021-09-20 01:50:00
5440343.830788027,0.0,92.0,,0.7,77.0,0.000395,,,2021-09-20 01:55:00
5440344.830910201,0.0,91.0,,0.7,76.0,0.000409,,,2021-09-20 02:00:00
5440345.831032376,0.0,88.0,,0.7,76.0,0.000431,,,2021-09-20 02:05:00
5440346.83115455,0.0,84.0,,0.7,77.0,0.000441,,,2021-09-20 02:10:00
5440347.831276725,0.0,86.0,,0.7,79.0,0.000314,,,2021-09-20 02:15:00
5440348.831398901,0.0,84.0,,0.7,75.0,0.000387,,,2021-09-20 02:20:00
5440349.831521075,0.0,92.0,,0.7,71.0,0.000401,,,2021-09-20 02:25:00
5440350.83164325,0.0,94.0,,0.7,76.0,0.000389,,,2021-09-20 02:30:00
5440351.831765424,0.0,93.0,,0.7,114.0,0.000433,,,2021-09-20 02:35:00
5440352.831887599,0.0,97.0,,0.7,121.0,0.000622,,,2021-09-20 02:40:00
5440353.832009774,0.0,101.0,,0.7,110.0,0.000997,,,2021-09-20 02:45:00
5440354.832131948,0.0,103.0,,0.7,131.0,0.000822,,,2021-09-20 02:50:00
5440355.832254123,0.0,106.0,,0.7,132.0,0.000797,,,2021-09-20 02:55:00
5440356.832376298,0.0,109.0,,0.7,80.0,0.000895,,,2021-09-20 03:00:00
5440357.832498472,0.0,110.0,,0.7,76.0,0.000618,,,2021-09-20 03:05:00
5440358.832620647,0.0,107.0,,0.7,72.0,0.00067,,,2021-09-20 03:10:00
5440359.832742822,0.0,103.0,,0.7,72.0,0.000749,,,2021-09-20 03:15:00
5440360.832864997,0.0,101.0,,0.7,74.0,0.00081,,,2021-09-20 03:20:00
5440361.832987172,0.0,101.0,,0.7,76.0,0.000887,,,2021-09-20 03:25:00
5440362.833109346,0.0,104.0,,0.7,78.0,0.001272,,,2021-09-20 03:30:00
5440363.833231521,0.0,111.0,,0.7,73.0,0.001934,,,2021-09-20 03:35:00
5440364.833353695,0.0,115.0,,0.7,76.0,0.002284,,,2021-09-20 03:40:00
5440365.83347587,0.0,110.0,,0.7,78.0,0.002662,,,2021-09-20 03:45:00
5440366.833598045,0.0,109.0,,0.7,77.0,0.002944,,,2021-09-20 03:50:00
5440367.833720219,0.0,111.0,,0.7,78.0,0.003338,,,2021-09-20 03:55:00
5440368.833842394,0.0,115.0,,0.7,76.0,0.003692,,,2021-09-20 04:00:00
5440369.8339645695,0.0,115.0,,0.7,77.0,0.003684,,,2021-09-20 04:05:00
5440370.834086744,0.0,113.0,,0.7,75.0,0.002318,,,2021-09-20 04:10:00
5440371.834208919,0.0,113.0,,0.7,76.0,0.001658,,,2021-09-20 04:15:00
5440372.834331093,0.0,114.0,,0.7,75.0,0.001578,,,2021-09-20 04:20:00
5440373.834453268,0.0,114.0,,0.7,76.0,0.001087,,,2021-09-20 04:25:00
5440374.834575443,0.0,113.0,,0.7,98.0,0.001232,,,2021-09-20 04:30:00
5440375.834697617,0.0,116.0,,0.7,111.0,0.001268,,,2021-09-20 04:35:00
5440376.834819792,0.0,116.0,,0.7,127.0,0.001738,,,2021-09-20 04:40:00
5440377.834941966,0.0,115.0,,0.7,139.0,0.001858,,,2021-09-20 04:45:00
5440378.835064141,0.0,114.0,,0.7,142.0,0.002144,,,2021-09-20 04:50:00
5440379.835186316,0.0,114.0,,0.7,113.0,0.002148,,,2021-09-20 04:55:00
5440380.835308491,0.0,120.0,,0.7,109.0,0.002126,,,2021-09-20 05:00:00
5440381.835430666,0.0,126.0,,0.7,128.0,0.002428,,,2021-09-20 05:05:00
5440382.8355528405,0.0,124.0,,0.7,102.0,0.002152,,,2021-09-20 05:10:00
5440383.835675015,0.0,126.0,,0.7,77.0,0.001848,,,2021-09-20 05:15:00
5440384.83579719,0.0,129.0,,0.7,84.0,0.001856,,,2021-09-20 05:20:00
5440385.835919364,0.0,134.0,137.0,0.7,90.0,0.002046,,2.5,2021-09-20 05:25:00
5440386.836041539,0.0,144.0,,0.7,85.0,0.001924,,,2021-09-20 05:30:00
5440387.836163714,0.0,152.0,,0.7,84.0,0.00177,,,2021-09-20 05:35:00
5440388.836285888,0.0,155.0,,0.7,84.0,0.001782,,,2021-09-20 05:40:00
5440389.836408063,0.0,155.0,,0.7,82.0,0.001326,,,2021-09-20 05:45:00
5440390.836530238,0.0,153.0,,0.7,80.0,0.00169,,,2021-09-20 05:50:00
5440391.836652413,0.0,150.0,,0.7,78.0,0.001638,,,2021-09-20 05:55:00
5440392.836774588,0.0,146.0,,0.7,77.0,0.00146,,,2021-09-20 06:00:00
5440393.836896762,0.0,143.0,,0.7,75.0,0.001276,,,2021-09-20 06:05:00
5440394.837018937,0.0,139.0,,0.7,88.0,0.001586,,,2021-09-20 06:10:00
5440395.8371411115,0.0,136.0,,0.7,88.0,0.001708,,,2021-09-20 06:15:00
5440396.837263286,0.0,141.0,,0.7,87.0,0.001664,,,2021-09-20 06:20:00
5440397.837385461,0.0,146.0,,0.7,87.0,0.002112,,,2021-09-20 06:25:00
5440398.837507635,0.0,144.0,,0.7,87.0,0.002398,,,2021-09-20 06:30:00
5440399.83762981,0.0,137.0,,0.7,87.0,0.002688,,,2021-09-20 06:35:00
5440400.837751985,0.0,132.0,,0.7,97.0,0.00426,,,2021-09-20 06:40:00
5440401.83787416,0.0,133.0,,0.7,93.0,0.003812,,,2021-09-20 06:45:00
5440402.837996335,0.0,135.0,,0.7,85.0,0.00351,,,2021-09-20 06:50:00
5440403.838118509,0.0,132.0,,0.7,82.0,0.00401,,,2021-09-20 06:55:00
5440404.838240684,0.0,127.0,,0.7,82.0,0.00455,,,2021-09-20 07:00:00
5440405.838362859,0.0,124.0,,0.7,84.0,0.003424,,,2021-09-20 07:05:00
5440406.838485033,0.0,122.0,,0.7,80.0,0.00259,,,2021-09-20 07:10:00
5440407.838607208,0.0,120.0,,0.7,81.0,0.003372,,,2021-09-20 07:15:00
5440408.8387293825,0.0,117.0,,0.7,81.0,0.005096,,,2021-09-20 07:20:00
5440409.838851557,0.0,115.0,,0.7,79.0,0.005726,,,2021-09-20 07:25:00
5440410.838973732,0.0,112.0,,0.7,94.0,0.006228,,,2021-09-20 07:30:00
5440411.839095907,0.0,116.0,183.0,0.7,102.0,0.005638,,8.1,2021-09-20 07:35:00
5440412.839218082,0.0,126.0,,0.7,93.0,0.005254,,,2021-09-20 07:40:00
5440413.8393402565,0.0,133.0,,0.7,94.0,0.005074,,,2021-09-20 07:45:00
5440414.839462431,0.0,163.0,,0.7,90.0,0.004032,,,2021-09-20 07:50:00
5440415.839584606,0.0,162.0,,0.7,86.0,0.004,,,2021-09-20 07:55:00
5440416.83970678,0.0,159.0,,0.7,83.0,0.002972,13.0,,2021-09-20 08:00:00
5440417.839828955,0.0,154.0,,0.7,83.0,0.003708,,,2021-09-20 08:05:00
5440418.83995113,0.0,146.0,,0.7,83.0,0.003454,,,2021-09-20 08:10:00
5440419.840073304,0.0,139.0,,0.7,103.0,0.005556,,,2021-09-20 08:15:00
5440420.840195479,0.0,143.0,,0.7,96.0,0.00738,,,2021-09-20 08:20:00
5440421.8403176535,0.0,152.0,,0.7,92.0,0.00325,,,2021-09-20 08:25:00
5440422.840439829,0.0,151.0,,0.7,93.0,0.003782,,,2021-09-20 08:30:00
5440423.840562004,0.0,143.0,,0.7,91.0,0.004088,,,2021-09-20 08:35:00
5440424.840684178,0.0,142.0,,0.7,83.0,0.003496,,,2021-09-20 08:40:00
5440425.840806353,0.0,145.0,,0.7,87.0,0.003564,,,2021-09-20 08:45:00
5440426.8409285275,0.0,146.0,,0.7,91.0,0.00331,,,2021-09-20 08:50:00
5440427.841050702,0.0,146.0,,0.7,87.0,0.004176,,,2021-09-20 08:55:00
5440428.841172877,0.0,145.0,,0.7,88.0,0.003478,,,2021-09-20 09:00:00
5440429.841295051,0.0,140.0,,0.7,84.0,0.003258,,,2021-09-20 09:05:00
5440430.841417226,0.0,132.0,,0.7,94.0,0.003414,,,2021-09-20 09:10:00
5440431.841539401,0.0,126.0,,0.7,85.0,0.004528,,,2021-09-20 09:15:00
5440432.841661576,0.0,125.0,,0.7,81.0,0.005972,,,2021-09-20 09:20:00
5440433.841783751,0.0,123.0,,0.7,80.0,0.006648,,,2021-09-20 09:25:00
5440434.841905925,0.0,119.0,,0.7,80.0,0.00728,,,2021-09-20 09:30:00
5440435.8420281,0.0,115.0,,0.7,81.0,0.0079,,,2021-09-20 09:35:00
5440436.842150275,0.0,110.0,,0.7,84.0,0.007416,,,2021-09-20 09:40:00
5440437.842272449,0.0,106.0,,0.7,93.0,0.003634,,,2021-09-20 09:45:00
5440438.842394624,0.0,102.0,,0.7,80.0,0.003376,,,2021-09-20 09:50:00
5440439.8425167985,0.0,95.0,,0.7,83.0,0.00296,,,2021-09-20 09:55:00
5440440.842638973,0.0,92.0,,0.7,81.0,0.002102,,,2021-09-20 10:00:00
5440441.842761148,0.0,89.0,,0.7,81.0,0.001996,,,2021-09-20 10:05:00
5440442.842883323,0.0,87.0,,0.7,79.0,0.002056,,,2021-09-20 10:10:00
5440443.843005498,0.0,84.0,,0.7,75.0,0.001946,,,2021-09-20 10:15:00
5440444.843127673,0.0,81.0,,0.7,79.0,0.001218,,,2021-09-20 10:20:00
5440445.843249847,0.0,77.0,,0.7,92.0,0.001274,,,2021-09-20 10:25:00
5440446.843372022,0.0,77.0,,0.7,80.0,0.001562,,,2021-09-20 10:30:00
5440447.843494196,0.0,82.0,,0.7,82.0,0.001744,,,2021-09-20 10:35:00
5440448.843616371,0.0,83.0,,0.7,77.0,0.001622,,,2021-09-20 10:40:00
5440449.843738546,0.0,81.0,,0.7,77.0,0.001512,,,2021-09-20 10:45:00
5440450.84386072,0.0,79.0,,0.7,78.0,0.001612,,,2021-09-20 10:50:00
5440451.843982895,0.0,79.0,,0.7,90.0,0.002113,,,2021-09-20 10:55:00
5440452.8441050695,0.0,82.0,,0.7,,,,,2021-09-20 11:00:00
5440453.844227245,0.0,88.0,,0.7,,,,,2021-09-20 11:05:00
5440454.84434942,0.0,87.0,,0.7,,,,,2021-09-20 11:10:00
5440455.844471594,0.0,81.0,,0.7,,,,,2021-09-20 11:15:00
5440456.844593769,0.0,69.0,,0.7,,,,,2021-09-20 11:20:00
5440457.844715944,0.0,60.0,74.0,0.7,,,,,2021-09-20 11:25:00
5440458.844838118,0.0,54.0,,0.7,,,,,2021-09-20 11:30:00
5440459.844960293,0.0,52.0,,0.7,120.0,0.000713,,,2021-09-20 11:35:00
5440460.845082467,0.0,61.0,,0.7,107.0,0.000279,,,2021-09-20 11:40:00
5440461.845204642,0.0,58.0,,0.7,103.0,0.000196,,,2021-09-20 11:45:00
5440462.845326817,0.0,63.0,,0.7,105.0,0.000206,,,2021-09-20 11:50:00
5440463.845448992,0.0,73.0,,0.7,108.0,0.000196,,,2021-09-20 11:55:00
5440464.845571167,0.0,85.0,,0.7,103.0,0.000186,,,2021-09-20 12:00:00
5440465.845693341,0.0,98.0,,0.7,105.0,0.000208,,,2021-09-20 12:05:00
5440466.845815516,0.0,103.0,,0.7,102.0,0.00039,,,2021-09-20 12:10:00
5440467.845937691,0.0,126.0,,0.7,99.0,0.000552,,,2021-09-20 12:15:00
5440468.846059865,0.0,146.0,,0.7,103.0,0.000941,,,2021-09-20 12:20:00
5440469.84618204,0.0,155.0,156.0,0.7,100.0,0.000645,,9.4,2021-09-20 12:25:00
5440470.846304215,0.0,154.0,,0.7,101.0,0.000421,,,2021-09-20 12:30:00
5440471.846426389,0.0,157.0,,0.7,101.0,0.000547,,,2021-09-20 12:35:00
5440472.846548564,0.0,168.0,,0.7,101.0,0.000801,,,2021-09-20 12:40:00
5440473.846670738,0.0,166.0,,0.7,102.0,0.000524,,,2021-09-20 12:45:00
5440474.846792914,0.0,171.0,,0.7,109.0,0.000724,,,2021-09-20 12:50:00
5440475.846915089,0.0,178.0,,0.7,101.0,0.000965,20.0,,2021-09-20 12:55:00
5440476.847037263,0.0,182.0,,0.7,100.0,0.000514,,,2021-09-20 13:00:00
5440477.847159438,0.0,177.0,,0.7,106.0,0.000404,,,2021-09-20 13:05:00
5440478.847281612,0.0,176.0,178.0,0.7,104.0,0.000279,,12.1,2021-09-20 13:10:00
5440479.847403787,0.0,177.0,,0.7,106.0,0.000253,,,2021-09-20 13:15:00
5440480.847525962,0.0,175.0,,0.7,108.0,0.000239,,,2021-09-20 13:20:00
5440481.847648136,0.0,175.0,,0.7,101.0,0.000229,,,2021-09-20 13:25:00
5440482.847770311,0.0,172.0,,0.7,108.0,0.00026,,,2021-09-20 13:30:00
5440483.847892486,0.0,170.0,,0.7,106.0,0.000269,,,2021-09-20 13:35:00
5440484.848014661,0.0,166.0,,0.7,110.0,0.000246,,,2021-09-20 13:40:00
5440485.848136836,0.0,160.0,,0.7,112.0,0.000384,,,2021-09-20 13:45:00
5440486.84825901,0.0,156.0,,0.7,113.0,0.000346,,,2021-09-20 13:50:00
5440487.848381185,0.0,153.0,,0.7,110.0,0.000297,,,2021-09-20 13:55:00
5440488.84850336,0.0,138.0,,0.7,110.0,0.000246,,,2021-09-20 14:00:00
5440489.848625534,0.0,129.0,,0.7,111.0,0.000316,,,2021-09-20 14:05:00
5440490.848747709,0.0,121.0,,0.7,110.0,0.000251,,,2021-09-20 14:10:00
5440491.848869883,0.0,116.0,,0.7,112.0,0.00035,,,2021-09-20 14:15:00
5440492.848992058,0.0,115.0,,0.7,116.0,0.002776,,,2021-09-20 14:20:00
5440493.849114233,0.0,111.0,,0.7,109.0,0.002548,,,2021-09-20 14:25:00
5440494.849236407,0.0,101.0,84.0,0.7,116.0,0.00239,,,2021-09-20 14:30:00
5440495.849358583,0.0,96.0,,0.7,114.0,0.001976,,,2021-09-20 14:35:00
5440496.8494807575,0.0,97.0,,0.7,110.0,0.0015,,,2021-09-20 14:40:00
5440497.849602932,0.0,92.0,,0.7,94.0,0.000902,,,2021-09-20 14:45:00
5440498.849725107,0.0,89.0,,0.7,98.0,0.000481,,,2021-09-20 14:50:00
5440499.849847281,0.0,88.0,,0.7,96.0,0.000387,,,2021-09-20 14:55:00
5440500.849969456,0.0,86.0,,0.7,102.0,0.000426,,,2021-09-20 15:00:00
5440501.850091631,0.0,87.0,,0.7,100.0,0.000303,,,2021-09-20 15:05:00
5440502.850213805,0.0,90.0,,0.7,94.0,0.000223,,,2021-09-20 15:10:00
5440503.85033598,0.0,91.0,,0.7,95.0,0.00012,,,2021-09-20 15:15:00
5440504.850458154,0.0,91.0,,0.7,95.0,0.00014,,,2021-09-20 15:20:00
5440505.85058033,0.0,89.0,,0.7,95.0,0.000106,,,2021-09-20 15:25:00
5440506.850702505,0.0,88.0,,0.7,91.0,9.7e-05,,,2021-09-20 15:30:00
5440507.850824679,0.0,88.0,,0.7,93.0,0.000103,,,2021-09-20 15:35:00
5440508.850946854,0.0,87.0,,0.7,94.0,7.7e-05,,,2021-09-20 15:40:00
5440509.8510690285,0.0,87.0,,0.7,93.0,6.8e-05,,,2021-09-20 15:45:00
5440510.851191203,0.0,86.0,,0.7,94.0,7.3e-05,,,2021-09-20 15:50:00
5440511.851313378,0.0,84.0,,0.7,91.0,7.4e-05,,,2021-09-20 15:55:00
5440512.851435552,0.0,86.0,,0.7,111.0,8.4e-05,,,2021-09-20 16:00:00
5440513.851557727,0.0,81.0,,0.7,106.0,8.3e-05,,,2021-09-20 16:05:00
5440514.851679902,0.0,73.0,,0.7,109.0,9.7e-05,,,2021-09-20 16:10:00
5440515.851802077,0.0,82.0,,0.7,106.0,0.000115,,,2021-09-20 16:15:00
5440516.851924252,0.0,87.0,,0.7,104.0,0.000144,,,2021-09-20 16:20:00
5440517.852046426,0.0,91.0,,0.7,106.0,0.000137,,,2021-09-20 16:25:00
5440518.852168601,0.0,92.0,,0.7,104.0,0.00012,,,2021-09-20 16:30:00
5440519.852290776,0.0,86.0,,0.7,110.0,0.000158,,,2021-09-20 16:35:00
5440520.85241295,0.0,81.0,,0.7,110.0,0.000266,,,2021-09-20 16:40:00
5440521.852535125,0.0,83.0,,0.7,98.0,0.003829,,,2021-09-20 16:45:00
5440522.8526572995,0.0,88.0,,0.7,120.0,7.1714,,,2021-09-20 16:50:00
5440523.852779474,0.0,92.0,,0.7,111.0,11.46,,,2021-09-20 16:55:00
5440524.852901649,0.0,93.0,,0.7,121.0,12.8,,,2021-09-20 17:00:00
5440525.853023823,0.0,93.0,,0.7,113.0,11.64,,,2021-09-20 17:05:00
5440526.853145999,0.0,93.0,,0.7,105.0,9.568,,,2021-09-20 17:10:00
5440527.8532681735,0.0,93.0,,0.7,113.0,11.74,,,2021-09-20 17:15:00
5440528.853390348,0.0,93.0,,0.7,104.0,13.0,,,2021-09-20 17:20:00
5440529.853512523,0.0,95.0,,0.7,115.0,10.202,,,2021-09-20 17:25:00
5440530.853634697,0.0,104.0,,0.7,116.0,5.42,,,2021-09-20 17:30:00
5440531.853756872,0.0,113.0,,0.7,110.0,6.788,,,2021-09-20 17:35:00
5440532.853879047,0.0,124.0,,0.7,107.0,6.086,,,2021-09-20 17:40:00
5440533.854001221,0.0,127.0,,0.7,110.0,10.25,,,2021-09-20 17:45:00
5440534.854123396,0.0,124.0,,0.7,114.0,10.682,,,2021-09-20 17:50:00
5440535.8542455705,0.0,125.0,,0.7,123.0,11.94,,,2021-09-20 17:55:00
5440536.854367746,0.0,125.0,,0.7,123.0,13.88,,,2021-09-20 18:00:00
5440537.854489921,0.0,123.0,,0.7,129.0,14.94,,,2021-09-20 18:05:00
5440538.854612095,0.0,117.0,,0.7,114.0,14.72,,,2021-09-20 18:10:00
5440539.85473427,0.0,108.0,,0.7,120.0,11.024,,,2021-09-20 18:15:00
5440540.8548564445,0.0,101.0,,0.7,118.0,6.742,,,2021-09-20 18:20:00
5440541.854978619,0.0,108.0,,0.7,120.0,3.28,,,2021-09-20 18:25:00
5440542.855100794,0.0,112.0,,0.7,115.0,1.386,,,2021-09-20 18:30:00
5440543.855222968,0.0,116.0,,0.7,123.0,0.861,,,2021-09-20 18:35:00
5440544.855345143,0.0,126.0,,0.7,115.0,0.6108,,,2021-09-20 18:40:00
5440545.855467318,0.0,135.0,,0.7,113.0,0.446,,,2021-09-20 18:45:00
5440546.855589492,0.0,153.0,,0.7,113.0,0.2166,,,2021-09-20 18:50:00
5440547.855711668,0.0,157.0,,0.7,120.0,0.1836,,,2021-09-20 18:55:00
5440548.855833842,0.0,158.0,,0.7,122.0,0.1386,,,2021-09-20 19:00:00
5440549.855956017,0.0,165.0,,0.7,129.0,0.09896,,,2021-09-20 19:05:00
5440550.856078192,0.0,176.0,,0.7,130.0,0.05778,,,2021-09-20 19:10:00
5440551.856200366,0.0,183.0,,0.7,119.0,1.33198,,,2021-09-20 19:15:00
5440552.856322541,0.0,190.0,,0.7,115.0,2.968,,,2021-09-20 19:20:00
5440553.8564447155,0.0,195.0,,0.7,120.0,1.61,,,2021-09-20 19:25:00
5440554.85656689,0.0,200.0,,0.7,117.0,0.721,,,2021-09-20 19:30:00
5440555.856689065,0.0,211.0,,0.7,113.0,0.463,,,2021-09-20 19:35:00
5440556.856811239,0.0,219.0,235.0,0.7,117.0,0.3348,,12.4,2021-09-20 19:40:00
5440557.856933415,0.0,223.0,,0.7,115.0,0.2046,,,2021-09-20 19:45:00
5440558.85705559,0.0,228.0,,0.7,109.0,0.1786,,,2021-09-20 19:50:00
5440559.857177764,0.0,234.0,,0.7,102.0,0.1416,,,2021-09-20 19:55:00
5440560.857299939,0.0,227.0,,0.7,111.0,0.1104,,,2021-09-20 20:00:00
5440561.857422113,0.0,225.0,,0.7,92.0,0.09982,,,2021-09-20 20:05:00
5440562.857544288,0.0,219.0,,0.7,124.0,0.0952,,,2021-09-20 20:10:00
5440563.857666463,0.0,210.0,161.0,0.7,127.0,0.0892,,,2021-09-20 20:15:00
5440564.857788637,0.0,196.0,,0.7,124.0,0.05804,5.0,,2021-09-20 20:20:00
5440565.857910812,0.0,181.0,,0.7,123.0,0.05238,,,2021-09-20 20:25:00
5440566.8580329865,0.0,165.0,,0.7,118.0,0.0587,,,2021-09-20 20:30:00
5440567.858155161,0.0,151.0,,0.7,117.0,0.05182,,,2021-09-20 20:35:00
5440568.858277337,0.0,138.0,,0.7,117.0,0.06126,,,2021-09-20 20:40:00
5440569.858399511,0.0,115.0,,0.7,121.0,0.05508,15.0,,2021-09-20 20:45:00
5440570.858521686,0.0,106.0,,0.7,126.0,0.04706,,,2021-09-20 20:50:00
5440571.858643861,0.0,96.0,,0.7,119.0,0.04586,,,2021-09-20 20:55:00
5440572.858766035,0.0,87.0,,0.7,116.0,0.02564,,,2021-09-20 21:00:00
5440573.85888821,0.0,80.0,,0.7,112.0,0.02748,,,2021-09-20 21:05:00
5440574.859010384,0.0,74.0,,0.7,112.0,0.02486,,,2021-09-20 21:10:00
5440575.859132559,0.0,70.0,,0.7,111.0,0.02202,,,2021-09-20 21:15:00
5440576.859254734,0.0,69.0,,0.7,111.0,0.02272,,,2021-09-20 21:20:00
5440577.859376908,0.0,69.0,,0.7,112.0,0.02418,,,2021-09-20 21:25:00
5440578.859499084,0.0,69.0,,0.7,111.0,0.0235,,,2021-09-20 21:30:00
5440579.859621258,0.0,69.0,,0.7,109.0,0.02278,,,2021-09-20 21:35:00
5440580.859743433,0.0,70.0,,0.7,109.0,0.012562,,,2021-09-20 21:40:00
5440581.859865608,0.0,70.0,,0.7,105.0,0.008526,,,2021-09-20 21:45:00
5440582.859987782,0.0,69.0,,0.7,107.0,0.006194,,,2021-09-20 21:50:00
5440583.860109957,0.0,69.0,,0.7,104.0,0.005454,,,2021-09-20 21:55:00
5440584.860232132,0.0,69.0,,0.7,109.0,0.005995,,,2021-09-20 22:00:00
5440585.860354306,0.0,68.0,,0.7,,,,,2021-09-20 22:05:00
5440586.860476481,0.0,67.0,,0.7,,,,,2021-09-20 22:10:00
5440587.860598655,0.0,63.0,,0.7,85.0,0.000167,,,2021-09-20 22:15:00
5440588.860720831,0.0,56.0,54.0,0.7,111.0,8.8e-05,,,2021-09-20 22:20:00
5440589.860843006,0.0,52.0,,0.7,119.0,0.000126,,,2021-09-20 22:25:00
5440590.86096518,0.0,51.0,,0.7,107.0,0.000126,,,2021-09-20 22:30:00
5440591.861087355,0.0,57.0,,0.7,103.0,0.000136,,,2021-09-20 22:35:00
5440592.861209529,0.0,69.0,,0.7,102.0,0.000135,,,2021-09-20 22:40:00
5440593.861331704,0.0,82.0,,0.7,101.0,0.000136,,,2021-09-20 22:45:00
5440594.861453879,0.0,93.0,,0.7,100.0,0.000135,,,2021-09-20 22:50:00
5440595.861576053,0.0,101.0,,0.7,106.0,0.000133,,,2021-09-20 22:55:00
5440596.861698228,0.0,107.0,,0.7,99.0,0.000143,,,2021-09-20 23:00:00
5440597.861820403,0.0,115.0,,0.7,99.0,0.000139,,,2021-09-20 23:05:00
5440598.861942577,0.0,117.0,,0.7,100.0,0.000142,,,2021-09-20 23:10:00
5440599.862064753,0.0,122.0,,0.7,105.0,0.000136,,,2021-09-20 23:15:00
5440600.862186927,0.0,128.0,,0.7,103.0,0.000129,,,2021-09-20 23:20:00
5440601.862309102,0.0,134.0,,0.7,99.0,0.000126,,,2021-09-20 23:25:00
5440602.862431277,0.0,142.0,,0.7,95.0,0.000129,,,2021-09-20 23:30:00
5440603.862553451,0.0,143.0,,0.7,92.0,0.00013,,,2021-09-20 23:35:00
5440604.862675626,0.0,141.0,,0.7,93.0,0.000153,,,2021-09-20 23:40:00
5440605.8627978,0.0,140.0,,0.7,92.0,0.00017,,,2021-09-20 23:45:00
5440606.862919975,0.0,140.0,,0.7,91.0,0.000182,,,2021-09-20 23:50:00
5440607.86304215,0.0,137.0,,0.7,91.0,0.000199,,,2021-09-20 23:55:00
5440608.863164324,0.0,135.0,,0.7,90.0,0.000161,,,2021-09-21 00:00:00
5440609.8632865,0.0,133.0,,0.7,90.0,0.000151,,,2021-09-21 00:05:00
5440610.8634086745,0.0,130.0,,0.7,91.0,0.000153,,,2021-09-21 00:10:00
5440611.863530849,0.0,128.0,,0.7,90.0,0.000152,,,2021-09-21 00:15:00
5440612.863653024,0.0,126.0,,0.7,89.0,0.000147,,,2021-09-21 00:20:00
5440613.863775198,0.0,124.0,,0.7,88.0,0.000139,,,2021-09-21 00:25:00
5440614.863897373,0.0,123.0,,0.7,88.0,0.000146,,,2021-09-21 00:30:00
5440615.864019548,0.0,122.0,,0.7,91.0,8.3e-05,,,2021-09-21 00:35:00
5440616.864141722,0.0,124.0,,0.7,129.0,6.5e-05,,,2021-09-21 00:40:00
5440617.864263897,0.0,129.0,,0.7,124.0,6.2e-05,,,2021-09-21 00:45:00
5440618.864386071,0.0,133.0,,0.7,130.0,5.8e-05,,,2021-09-21 00:50:00
5440619.864508246,0.0,134.0,,0.7,113.0,6e-05,,,2021-09-21 00:55:00
5440620.864630422,0.0,134.0,,0.7,83.0,9.4e-05,,,2021-09-21 01:00:00
5440621.864752596,0.0,133.0,,0.7,83.0,0.00011,,,2021-09-21 01:05:00
5440622.864874771,0.0,132.0,,0.7,90.0,6.9e-05,,,2021-09-21 01:10:00
5440623.8649969455,0.0,126.0,,0.7,126.0,5.2e-05,,,2021-09-21 01:15:00
5440624.86511912,0.0,127.0,,0.7,144.0,5.4e-05,,,2021-09-21 01:20:00
5440625.865241295,0.0,129.0,,0.7,120.0,5.7e-05,,,2021-09-21 01:25:00
5440626.865363469,0.0,128.0,,0.7,81.0,6.9e-05,,,2021-09-21 01:30:00
5440627.865485644,0.0,128.0,,0.7,81.0,6e-05,,,2021-09-21 01:35:00
5440628.865607819,0.0,128.0,,0.7,80.0,6.2e-05,,,2021-09-21 01:40:00
5440629.865729993,0.0,129.0,,0.7,81.0,6.7e-05,,,2021-09-21 01:45:00
5440630.865852169,0.0,130.0,,0.7,115.0,5.7e-05,,,2021-09-21 01:50:00
5440631.865974343,0.0,131.0,,0.7,148.0,5.6e-05,,,2021-09-21 01:55:00
5440632.866096518,0.0,132.0,,0.7,105.0,5.9e-05,,,2021-09-21 02:00:00
5440633.866218693,0.0,133.0,,0.7,79.0,6.3e-05,,,2021-09-21 02:05:00
5440634.866340867,0.0,135.0,,0.7,80.0,6.3e-05,,,2021-09-21 02:10:00
5440635.866463042,0.0,137.0,,0.7,79.0,7.7e-05,,,2021-09-21 02:15:00
5440636.8665852165,0.0,138.0,,0.7,79.0,0.000101,,,2021-09-21 02:20:00
5440637.866707391,0.0,139.0,,0.7,79.0,0.000116,,,2021-09-21 02:25:00
5440638.866829566,0.0,142.0,,0.7,80.0,0.000118,,,2021-09-21 02:30:00
5440639.86695174,0.0,145.0,,0.7,78.0,7.7e-05,,,2021-09-21 02:35:00
5440640.867073915,0.0,147.0,,0.7,80.0,7.8e-05,,,2021-09-21 02:40:00
5440641.8671960905,0.0,148.0,,0.7,84.0,8e-05,,,2021-09-21 02:45:00
5440642.867318265,0.0,148.0,,0.7,125.0,6.7e-05,,,2021-09-21 02:50:00
5440643.86744044,0.0,153.0,,0.7,137.0,6.5e-05,,,2021-09-21 02:55:00
5440644.867562614,0.0,155.0,,0.7,141.0,6.5e-05,,,2021-09-21 03:00:00
5440645.867684789,0.0,153.0,,0.7,159.0,6.3e-05,,,2021-09-21 03:05:00
5440646.867806964,1.0,,,0.7,133.0,6.5e-05,,,2021-09-21 03:10:00
5440647.867929138,1.0,,,0.7,79.0,6e-05,,,2021-09-21 03:15:00
5440648.868051313,1.0,,,0.7,79.0,6.4e-05,,,2021-09-21 03:20:00
5440649.8681734875,1.0,,,0.7,79.0,7.7e-05,,,2021-09-21 03:25:00
5440650.868295662,1.0,,,0.7,79.0,8e-05,,,2021-09-21 03:30:00
5440651.868417838,0.0,145.0,,0.7,79.0,8.5e-05,,,2021-09-21 03:35:00
5440652.868540012,0.0,145.0,,0.7,81.0,8.2e-05,,,2021-09-21 03:40:00
5440653.868662187,0.0,146.0,,0.7,79.0,0.000106,,,2021-09-21 03:45:00
5440654.8687843615,0.0,148.0,,0.7,77.0,0.00012,,,2021-09-21 03:50:00
5440655.868906536,0.0,151.0,,0.7,76.0,9.9e-05,,,2021-09-21 03:55:00
5440656.869028711,0.0,153.0,,0.7,76.0,8.1e-05,,,2021-09-21 04:00:00
5440657.869150885,0.0,154.0,,0.7,95.0,8.5e-05,,,2021-09-21 04:05:00
5440658.86927306,0.0,155.0,,0.7,85.0,7.7e-05,,,2021-09-21 04:10:00
5440659.869395235,0.0,159.0,,0.7,80.0,7.3e-05,,,2021-09-21 04:15:00
5440660.869517409,0.0,159.0,,0.7,79.0,9e-05,,,2021-09-21 04:20:00
5440661.869639584,0.0,154.0,,0.7,77.0,7.9e-05,,,2021-09-21 04:25:00
5440662.869761759,0.0,155.0,,0.7,76.0,8.1e-05,,,2021-09-21 04:30:00
5440663.869883934,0.0,156.0,,0.7,75.0,8e-05,,,2021-09-21 04:35:00
5440664.870006109,0.0,156.0,,0.7,77.0,7.6e-05,,,2021-09-21 04:40:00
5440665.870128283,0.0,155.0,,0.7,74.0,6.8e-05,,,2021-09-21 04:45:00
5440666.870250458,0.0,156.0,,0.7,76.0,6.6e-05,,,2021-09-21 04:50:00
5440667.8703726325,0.0,157.0,,0.7,76.0,8e-05,,,2021-09-21 04:55:00
5440668.870494807,0.0,155.0,,0.7,74.0,9.9e-05,,,2021-09-21 05:00:00
5440669.870616982,0.0,155.0,,0.7,73.0,0.000108,,,2021-09-21 05:05:00
5440670.870739156,0.0,158.0,,0.7,75.0,0.000104,,,2021-09-21 05:10:00
5440671.870861331,0.0,160.0,,0.7,78.0,8.7e-05,,,2021-09-21 05:15:00
5440672.870983507,0.0,161.0,,0.7,92.0,8.8e-05,,,2021-09-21 05:20:00
5440673.871105681,0.0,162.0,,0.7,86.0,9e-05,,,2021-09-21 05:25:00
5440674.871227856,0.0,163.0,,0.7,90.0,9.5e-05,,,2021-09-21 05:30:00
5440675.87135003,0.0,164.0,,0.7,84.0,8.1e-05,,,2021-09-21 05:35:00
5440676.871472205,0.0,173.0,,0.7,81.0,7.8e-05,,,2021-09-21 05:40:00
5440677.87159438,0.0,178.0,,0.7,77.0,8.6e-05,,,2021-09-21 05:45:00
5440678.871716554,0.0,179.0,,0.7,76.0,8.7e-05,,,2021-09-21 05:50:00
5440679.871838729,0.0,179.0,,0.7,76.0,7.7e-05,25.0,,2021-09-21 05:55:00
5440680.8719609035,0.0,179.0,,0.7,84.0,8.3e-05,,,2021-09-21 06:00:00
5440681.872083078,0.0,177.0,,0.7,,,,,2021-09-21 06:05:00
5440682.872205254,0.0,177.0,,0.7,,,,,2021-09-21 06:10:00
5440683.872327428,0.0,182.0,,0.7,,,,,2021-09-21 06:15:00
5440684.872449603,0.0,185.0,182.0,0.7,109.0,,,9.3,2021-09-21 06:20:00
5440685.872571778,0.0,191.0,,0.7,101.0,5.6e-05,,,2021-09-21 06:25:00
5440686.872693952,0.0,196.0,,0.7,96.0,6.3e-05,,,2021-09-21 06:30:00
5440687.872816127,0.0,185.0,,0.7,104.0,6.6e-05,,,2021-09-21 06:35:00
5440688.872938301,0.0,186.0,,0.7,99.0,6.8e-05,,,2021-09-21 06:40:00
5440689.873060476,0.0,188.0,,0.7,101.0,6.9e-05,,,2021-09-21 06:45:00
5440690.873182651,0.0,183.0,,0.7,112.0,7.6e-05,,,2021-09-21 06:50:00
5440691.873304825,0.0,193.0,,0.7,84.0,0.000292,,,2021-09-21 06:55:00
5440692.873427,0.0,198.0,,0.7,109.0,0.981378,,,2021-09-21 07:00:00
5440693.873549175,0.0,195.0,,0.7,103.0,3.308,,,2021-09-21 07:05:00
5440694.87367135,0.0,191.0,,0.7,104.0,2.196,,,2021-09-21 07:10:00
5440695.873793525,0.0,184.0,,0.7,112.0,0.315,,,2021-09-21 07:15:00
5440696.873915699,0.0,181.0,,0.7,115.0,0.10774,,,2021-09-21 07:20:00
5440697.874037874,0.0,184.0,,0.7,109.0,0.06468,,,2021-09-21 07:25:00
5440698.874160049,0.0,188.0,,0.7,112.0,0.02322,,,2021-09-21 07:30:00
5440699.874282223,0.0,189.0,,0.7,105.0,0.176588,,,2021-09-21 07:35:00
5440700.874404398,0.0,186.0,,0.7,103.0,0.27,,,2021-09-21 07:40:00
5440701.874526572,0.0,182.0,,0.7,108.0,0.1394,,,2021-09-21 07:45:00
5440702.874648747,0.0,176.0,167.0,0.7,117.0,0.06592,,3.4,2021-09-21 07:50:00
5440703.874770923,0.0,171.0,,0.7,113.0,2.3892,,,2021-09-21 07:55:00
5440704.874893097,0.0,166.0,,0.7,108.0,2.832,,,2021-09-21 08:00:00
5440705.875015272,0.0,159.0,,0.7,105.0,1.0848,,,2021-09-21 08:05:00
5440706.875137446,0.0,144.0,,0.7,103.0,0.5094,,,2021-09-21 08:10:00
5440707.875259621,0.0,141.0,,0.7,105.0,0.1896,,,2021-09-21 08:15:00
5440708.875381796,0.0,139.0,,0.7,106.0,0.10588,,,2021-09-21 08:20:00
5440709.87550397,0.0,136.0,,0.7,103.0,0.04538,,,2021-09-21 08:25:00
5440710.875626145,0.0,133.0,,0.7,106.0,0.02342,,,2021-09-21 08:30:00
5440711.87574832,0.0,131.0,,0.7,104.0,0.01456,,,2021-09-21 08:35:00
5440712.875870494,0.0,130.0,,0.7,104.0,0.011584,,,2021-09-21 08:40:00
5440713.875992669,0.0,131.0,,0.7,105.0,0.006158,,,2021-09-21 08:45:00
5440714.876114844,0.0,129.0,,0.7,105.0,0.005678,,,2021-09-21 08:50:00
5440715.876237019,0.0,128.0,,0.7,106.0,0.004336,,,2021-09-21 08:55:00
5440716.876359194,0.0,124.0,,0.7,106.0,0.003864,,,2021-09-21 09:00:00
5440717.876481368,0.0,121.0,,0.7,103.0,0.002796,,,2021-09-21 09:05:00
5440718.876603543,0.0,119.0,,0.7,107.0,0.002692,,,2021-09-21 09:10:00
5440719.876725717,0.0,118.0,110.0,0.7,101.0,0.002602,,,2021-09-21 09:15:00
5440720.876847892,0.0,118.0,,0.7,108.0,0.002192,,,2021-09-21 09:20:00
5440721.876970067,0.0,117.0,,0.7,102.0,0.002174,,,2021-09-21 09:25:00
5440722.877092241,0.0,112.0,,0.7,105.0,0.002142,,,2021-09-21 09:30:00
5440723.877214416,0.0,106.0,,0.7,110.0,0.00202,,,2021-09-21 09:35:00
5440724.8773365915,0.0,106.0,,0.7,109.0,0.002296,,,2021-09-21 09:40:00
5440725.877458766,0.0,108.0,,0.7,110.0,0.004354,,,2021-09-21 09:45:00
5440726.877580941,0.0,108.0,,0.7,100.0,0.002174,,,2021-09-21 09:50:00
5440727.877703115,0.0,105.0,,0.7,99.0,0.002082,,,2021-09-21 09:55:00
5440728.87782529,0.0,103.0,,0.7,97.0,0.001842,,,2021-09-21 10:00:00
5440729.877947465,0.0,103.0,,0.7,96.0,0.001922,,,2021-09-21 10:05:00
5440730.878069639,0.0,100.0,,0.7,101.0,0.001816,,,2021-09-21 10:10:00
5440731.878191814,0.0,99.0,,0.7,98.0,0.001646,,,2021-09-21 10:15:00
5440732.878313988,0.0,98.0,,0.7,98.0,0.00167,,,2021-09-21 10:20:00
5440733.878436163,0.0,98.0,,0.7,100.0,0.001576,,,2021-09-21 10:25:00
5440734.878558338,0.0,97.0,,0.7,103.0,0.001688,,,2021-09-21 10:30:00
5440735.878680513,0.0,97.0,,0.7,100.0,0.001724,,,2021-09-21 10:35:00
5440736.878802688,0.0,98.0,,0.7,101.0,0.001388,,,2021-09-21 10:40:00
5440737.8789248625,0.0,103.0,,0.7,106.0,0.001242,,,2021-09-21 10:45:00
5440738.879047037,0.0,108.0,110.0,0.7,116.0,0.001054,,,2021-09-21 10:50:00
5440739.879169212,0.0,112.0,,0.7,112.0,0.000772,,,2021-09-21 10:55:00
5440740.879291386,0.0,114.0,,0.7,102.0,0.000826,,,2021-09-21 11:00:00
5440741.879413561,0.0,116.0,,0.7,104.0,0.000692,,,2021-09-21 11:05:00
5440742.879535736,0.0,118.0,,0.7,101.0,0.00059,,,2021-09-21 11:10:00
5440743.87965791,0.0,115.0,,0.7,98.0,0.000661,,,2021-09-21 11:15:00
5440744.879780085,0.0,114.0,111.0,0.7,103.0,0.000638,,19.7,2021-09-21 11:20:00
5440745.87990226,0.0,115.0,,0.7,105.0,0.00071,,,2021-09-21 11:25:00
5440746.880024435,0.0,118.0,,0.7,106.0,0.000632,35.0,,2021-09-21 11:30:00
5440747.88014661,0.0,119.0,,0.7,105.0,0.000603,,,2021-09-21 11:35:00
5440748.880268784,0.0,125.0,,0.7,104.0,0.000504,,,2021-09-21 11:40:00
5440749.880390959,0.0,137.0,,0.7,103.0,0.000403,,,2021-09-21 11:45:00
5440750.8805131335,0.0,153.0,,0.7,107.0,0.000448,,,2021-09-21 11:50:00
5440751.880635308,0.0,168.0,,0.7,108.0,0.000427,,,2021-09-21 11:55:00
5440752.880757483,0.0,179.0,,0.7,110.0,0.000408,,,2021-09-21 12:00:00
5440753.880879657,0.0,187.0,,0.7,108.0,0.000396,,,2021-09-21 12:05:00
5440754.881001832,0.0,191.0,,0.7,112.0,0.000619,,,2021-09-21 12:10:00
5440755.8811240075,0.0,190.0,,0.7,114.0,0.000446,,,2021-09-21 12:15:00
5440756.881246182,0.0,188.0,,0.7,121.0,0.000316,,,2021-09-21 12:20:00
5440757.881368357,0.0,183.0,,0.7,115.0,0.000324,,,2021-09-21 12:25:00
5440758.881490531,0.0,179.0,,0.7,112.0,0.000336,,,2021-09-21 12:30:00
5440759.881612706,0.0,171.0,,0.7,110.0,0.000406,,,2021-09-21 12:35:00
5440760.881734881,0.0,168.0,188.0,0.7,115.0,0.000341,,6.8,2021-09-21 12:40:00
5440761.881857055,0.0,168.0,,0.7,115.0,0.000421,,,2021-09-21 12:45:00
5440762.88197923,0.0,170.0,,0.7,119.0,0.001321,,,2021-09-21 12:50:00
5440763.8821014045,0.0,175.0,,0.7,113.0,0.000432,,,2021-09-21 12:55:00
5440764.882223579,0.0,179.0,,0.7,109.0,0.000233,,,2021-09-21 13:00:00
5440765.882345754,0.0,184.0,,0.7,111.0,0.000198,,,2021-09-21 13:05:00
5440766.882467929,0.0,186.0,,0.7,110.0,0.00022,,,2021-09-21 13:10:00
5440767.882590104,0.0,189.0,,0.7,114.0,0.000137,,,2021-09-21 13:15:00
5440768.8827122785,0.0,194.0,,0.7,110.0,0.000198,,,2021-09-21 13:20:00
5440769.882834453,0.0,196.0,,0.7,112.0,0.000164,,,2021-09-21 13:25:00
5440770.882956628,0.0,199.0,199.0,0.7,111.0,0.000151,,7.7,2021-09-21 13:30:00
5440771.883078802,0.0,201.0,,0.7,111.0,0.000136,,,2021-09-21 13:35:00
5440772.883200977,0.0,203.0,,0.7,107.0,0.000185,,,2021-09-21 13:40:00
5440773.883323152,0.0,204.0,,0.7,113.0,0.000151,,,2021-09-21 13:45:00
5440774.883445326,0.0,204.0,,0.7,119.0,0.00017,,,2021-09-21 13:50:00
5440775.883567501,0.0,201.0,,0.7,113.0,0.000181,,,2021-09-21 13:55:00
5440776.883689676,0.0,196.0,,0.7,113.0,0.000208,,,2021-09-21 14:00:00
5440777.883811851,0.0,186.0,,0.7,111.0,0.000154,,,2021-09-21 14:05:00
5440778.883934026,0.0,177.0,,0.7,111.0,0.00016,,,2021-09-21 14:10:00
5440779.8840562,0.0,170.0,,0.7,112.0,0.000196,,,2021-09-21 14:15:00
5440780.884178375,0.0,165.0,,0.7,110.0,0.000173,,,2021-09-21 14:20:00
5440781.8843005495,0.0,156.0,,0.7,106.0,0.000245,,,2021-09-21 14:25:00
5440782.884422724,0.0,149.0,,0.7,114.0,0.000423,,,2021-09-21 14:30:00
5440783.884544899,0.0,144.0,,0.7,113.0,0.00063,,,2021-09-21 14:35:00
5440784.884667073,0.0,135.0,,0.7,113.0,0.000484,,,2021-09-21 14:40:00
5440785.884789248,0.0,128.0,,0.7,120.0,0.000744,,,2021-09-21 14:45:00
5440786.884911423,0.0,123.0,,0.7,121.0,0.000929,,,2021-09-21 14:50:00
5440787.885033598,0.0,119.0,,0.7,114.0,0.004268,,,2021-09-21 14:55:00
5440788.885155773,0.0,115.0,,0.7,116.0,0.014894,,,2021-09-21 15:00:00
5440789.885277947,0.0,110.0,,0.7,111.0,0.30652,,,2021-09-21 15:05:00
5440790.885400122,0.0,107.0,,0.7,107.0,1.0266,,,2021-09-21 15:10:00
5440791.885522297,0.0,104.0,,0.7,112.0,0.761,,,2021-09-21 15:15:00
5440792.885644471,0.0,99.0,,0.7,110.0,0.14826,,,2021-09-21 15:20:00
5440793.885766646,0.0,98.0,,0.7,110.0,0.11336,,,2021-09-21 15:25:00
5440794.8858888205,0.0,98.0,,0.7,110.0,0.11012,,,2021-09-21 15:30:00
5440795.886010995,0.0,99.0,,0.7,113.0,0.10942,,,2021-09-21 15:35:00
5440796.88613317,0.0,98.0,,0.7,106.0,0.078,,,2021-09-21 15:40:00
5440797.886255345,0.0,97.0,,0.7,103.0,0.7198,,,2021-09-21 15:45:00
5440798.88637752,0.0,95.0,,0.7,100.0,0.19496,,,2021-09-21 15:50:00
5440799.886499695,0.0,91.0,,0.7,107.0,0.05316,,,2021-09-21 15:55:00
5440800.886621869,0.0,88.0,,0.7,104.0,0.0508,,,2021-09-21 16:00:00
5440801.886744044,0.0,92.0,,0.7,100.0,0.0356,,,2021-09-21 16:05:00
5440802.886866218,0.0,98.0,,0.7,103.0,0.01698,,,2021-09-21 16:10:00
5440803.886988393,0.0,98.0,,0.7,104.0,0.01728,,,2021-09-21 16:15:00
5440804.887110568,0.0,97.0,,0.7,103.0,0.01132,,,2021-09-21 16:20:00
5440805.887232742,0.0,97.0,,0.7,109.0,0.009788,,,2021-09-21 16:25:00
5440806.887354917,0.0,97.0,,0.7,101.0,0.007284,,,2021-09-21 16:30:00
5440807.8874770915,0.0,95.0,,0.7,106.0,0.00587,,,2021-09-21 16:35:00
5440808.887599267,0.0,93.0,,0.7,97.0,0.002494,,,2021-09-21 16:40:00
5440809.887721442,0.0,92.0,,0.7,93.0,0.003432,,,2021-09-21 16:45:00
5440810.887843616,0.0,91.0,,0.7,107.0,0.00374,,,2021-09-21 16:50:00
5440811.887965791,0.0,90.0,,0.7,102.0,0.002462,,,2021-09-21 16:55:00
5440812.888087966,0.0,90.0,,0.7,101.0,0.002372,,,2021-09-21 17:00:00
5440813.88821014,0.0,91.0,,0.7,91.0,0.00135,,,2021-09-21 17:05:00
5440814.888332315,0.0,92.0,,0.7,91.0,0.00156,,,2021-09-21 17:10:00
5440815.888454489,0.0,92.0,,0.7,87.0,0.001255,,,2021-09-21 17:15:00
5440816.888576664,0.0,92.0,,0.7,93.0,0.000958,,,2021-09-21 17:20:00
5440817.888698839,0.0,91.0,,0.7,110.0,0.001095,,,2021-09-21 17:25:00
5440818.888821014,0.0,91.0,,0.7,109.0,0.000932,,,2021-09-21 17:30:00
5440819.888943189,0.0,94.0,89.0,0.7,106.0,0.001023,,,2021-09-21 17:35:00
5440820.889065363,0.0,97.0,,0.7,107.0,0.001055,,,2021-09-21 17:40:00
5440821.889187538,0.0,100.0,,0.7,107.0,0.000944,,,2021-09-21 17:45:00
5440822.889309713,0.0,103.0,,0.7,111.0,0.000884,,,2021-09-21 17:50:00
5440823.889431887,0.0,105.0,,0.7,112.0,0.000784,15.0,,2021-09-21 17:55:00
5440824.889554062,0.0,108.0,89.0,0.7,109.0,0.000887,,4.6,2021-09-21 18:00:00
5440825.889676237,0.0,109.0,,0.7,107.0,0.001038,,,2021-09-21 18:05:00
5440826.889798411,0.0,111.0,,0.7,108.0,0.000998,,,2021-09-21 18:10:00
5440827.889920586,0.0,104.0,,0.7,105.0,0.001026,,,2021-09-21 18:15:00
5440828.890042761,0.0,109.0,,0.7,98.0,0.000895,,,2021-09-21 18:20:00
5440829.890164936,0.0,114.0,,0.7,106.0,0.000647,,,2021-09-21 18:25:00
5440830.890287111,0.0,117.0,,0.7,100.0,0.000634,,,2021-09-21 18:30:00
5440831.890409285,0.0,119.0,,0.7,97.0,0.000656,,,2021-09-21 18:35:00
5440832.89053146,0.0,119.0,,0.7,97.0,0.000712,,,2021-09-21 18:40:00
5440833.890653634,0.0,119.0,,0.7,97.0,0.000628,,,2021-09-21 18:45:00
5440834.890775809,0.0,118.0,,0.7,97.0,0.000608,,,2021-09-21 18:50:00
5440835.890897984,0.0,116.0,,0.7,95.0,0.000714,,,2021-09-21 18:55:00
5440836.891020158,0.0,116.0,,0.7,96.0,0.000632,,,2021-09-21 19:00:00
5440837.891142333,0.0,116.0,,0.7,95.0,0.000628,,,2021-09-21 19:05:00
5440838.891264508,0.0,117.0,,0.7,95.0,0.000499,,,2021-09-21 19:10:00
5440839.891386683,0.0,119.0,,0.7,94.0,0.000349,,,2021-09-21 19:15:00
5440840.891508858,0.0,121.0,,0.7,92.0,0.000304,,,2021-09-21 19:20:00
5440841.891631032,0.0,123.0,,0.7,94.0,0.000283,,,2021-09-21 19:25:00
5440842.891753207,0.0,126.0,,0.7,91.0,0.000238,,,2021-09-21 19:30:00
5440843.891875382,0.0,128.0,,0.7,93.0,0.000251,,,2021-09-21 19:35:00
5440844.891997556,0.0,132.0,,0.7,92.0,0.000268,,,2021-09-21 19:40:00
5440845.892119731,0.0,136.0,,0.7,94.0,0.000234,,,2021-09-21 19:45:00
5440846.892241905,0.0,140.0,164.0,0.7,107.0,0.000228,,,2021-09-21 19:50:00
5440847.89236408,0.0,144.0,,0.7,107.0,0.000188,,,2021-09-21 19:55:00
5440848.892486255,0.0,150.0,164.0,0.7,96.0,0.000186,,7.1,2021-09-21 20:00:00
5440849.89260843,0.0,157.0,,0.7,90.0,0.000194,,,2021-09-21 20:05:00
5440850.892730605,0.0,161.0,,0.7,88.0,0.00019,,,2021-09-21 20:10:00
5440851.8928527795,0.0,167.0,,0.7,89.0,0.000189,,,2021-09-21 20:15:00
5440852.892974954,0.0,173.0,,0.7,89.0,0.000173,,,2021-09-21 20:20:00
5440853.893097129,0.0,178.0,,0.7,90.0,0.000172,,,2021-09-21 20:25:00
5440854.893219303,0.0,183.0,,0.7,93.0,0.000197,,,2021-09-21 20:30:00
5440855.893341478,0.0,184.0,,0.7,92.0,0.000127,,,2021-09-21 20:35:00
5440856.893463653,0.0,185.0,,0.7,96.0,0.000127,,,2021-09-21 20:40:00
5440857.893585827,0.0,185.0,,0.7,95.0,0.000132,,,2021-09-21 20:45:00
5440858.893708002,0.0,185.0,,0.7,101.0,0.000133,,,2021-09-21 20:50:00
5440859.893830176,0.0,184.0,,0.7,98.0,0.000144,,,2021-09-21 20:55:00
5440860.893952352,0.0,184.0,,0.7,94.0,0.000136,,,2021-09-21 21:00:00
5440861.894074527,0.0,183.0,,0.7,92.0,0.000135,,,2021-09-21 21:05:00
5440862.894196701,0.0,182.0,,0.7,92.0,0.000133,,,2021-09-21 21:10:00
5440863.894318876,0.0,182.0,,0.7,91.0,0.000141,,,2021-09-21 21:15:00
5440864.8944410505,0.0,184.0,,0.7,92.0,0.000153,,,2021-09-21 21:20:00
5440865.894563225,0.0,187.0,,0.7,91.0,0.000141,,,2021-09-21 21:25:00
5440866.8946854,0.0,189.0,,0.7,91.0,0.000136,,,2021-09-21 21:30:00
5440867.894807574,0.0,192.0,,0.7,99.0,0.000134,,,2021-09-21 21:35:00
5440868.894929749,0.0,195.0,239.0,0.7,100.0,0.000139,,8.5,2021-09-21 21:40:00
5440869.895051924,0.0,200.0,,0.7,91.0,0.000124,,,2021-09-21 21:45:00
5440870.895174099,0.0,203.0,,0.7,97.0,0.000129,,,2021-09-21 21:50:00
5440871.895296274,0.0,223.0,,0.7,99.0,0.000135,,,2021-09-21 21:55:00
5440872.895418448,0.0,225.0,,0.7,89.0,0.000123,,,2021-09-21 22:00:00
5440873.895540623,0.0,227.0,,0.7,87.0,0.000116,,,2021-09-21 22:05:00
5440874.895662798,0.0,221.0,,0.7,87.0,0.000119,,,2021-09-21 22:10:00
5440875.895784972,0.0,215.0,,0.7,85.0,0.000129,,,2021-09-21 22:15:00
5440876.895907147,0.0,208.0,,0.7,85.0,0.000109,,,2021-09-21 22:20:00
5440877.8960293215,0.0,204.0,190.0,0.7,93.0,0.000107,,,2021-09-21 22:25:00
5440878.896151496,0.0,198.0,,0.7,91.0,0.000108,,,2021-09-21 22:30:00
5440879.896273671,0.0,195.0,,0.7,83.0,0.000103,,,2021-09-21 22:35:00
5440880.896395845,0.0,189.0,,0.7,82.0,0.000109,,,2021-09-21 22:40:00
5440881.896518021,0.0,182.0,,0.7,83.0,0.000118,,,2021-09-21 22:45:00
5440882.8966401955,0.0,177.0,,0.7,83.0,0.000148,,,2021-09-21 22:50:00
5440883.89676237,0.0,174.0,,0.7,83.0,0.000152,,,2021-09-21 22:55:00
5440884.896884545,0.0,172.0,,0.7,84.0,0.000159,,,2021-09-21 23:00:00
5440885.897006719,0.0,172.0,,0.7,82.0,0.000125,,,2021-09-21 23:05:00
5440886.897128894,0.0,174.0,,0.7,82.0,0.000144,,,2021-09-21 23:10:00
5440887.897251069,0.0,174.0,,0.7,82.0,0.000142,,,2021-09-21 23:15:00
5440888.897373243,0.0,174.0,,0.7,80.0,0.000129,,,2021-09-21 23:20:00
5440889.897495418,0.0,173.0,,0.7,90.0,0.000127,,,2021-09-21 23:25:00
5440890.8976175925,0.0,172.0,,0.7,97.0,0.00011,,,2021-09-21 23:30:00
5440891.897739768,0.0,171.0,,0.7,83.0,7.9e-05,,,2021-09-21 23:35:00
5440892.897861943,0.0,167.0,,0.7,78.0,0.000105,,,2021-09-21 23:40:00
5440893.897984117,0.0,164.0,,0.7,79.0,0.000114,,,2021-09-21 23:45:00
5440894.898106292,0.0,163.0,,0.7,78.0,9.7e-05,,,2021-09-21 23:50:00
5440895.8982284665,0.0,161.0,,0.7,80.0,6.9e-05,,,2021-09-21 23:55:00
5440896.898350641,0.0,159.0,,0.7,77.0,6.1e-05,,,2021-09-22 00:00:00
5440897.898472816,0.0,159.0,,0.7,103.0,6.9e-05,,,2021-09-22 00:05:00
5440898.89859499,0.0,160.0,,0.7,141.0,5.1e-05,,,2021-09-22 00:10:00
5440899.898717165,0.0,162.0,,0.7,118.0,5.1e-05,,,2021-09-22 00:15:00
5440900.89883934,0.0,162.0,,0.7,76.0,5.5e-05,,,2021-09-22 00:20:00
5440901.898961514,0.0,163.0,,0.7,76.0,7e-05,,,2021-09-22 00:25:00
5440902.89908369,0.0,164.0,,0.7,75.0,7.5e-05,,,2021-09-22 00:30:00
5440903.899205864,0.0,166.0,,0.7,75.0,8e-05,,,2021-09-22 00:35:00
5440904.899328039,0.0,171.0,,0.7,75.0,8.9e-05,,,2021-09-22 00:40:00
5440905.899450214,0.0,175.0,,0.7,75.0,9.3e-05,,,2021-09-22 00:45:00
5440906.899572388,0.0,179.0,,0.7,75.0,9.9e-05,,,2021-09-22 00:50:00
5440907.899694563,0.0,183.0,,0.7,87.0,0.000104,,,2021-09-22 00:55:00
5440908.8998167375,0.0,186.0,,0.7,124.0,0.000105,,,2021-09-22 01:00:00
5440909.899938912,0.0,191.0,,0.7,92.0,0.000114,,,2021-09-22 01:05:00
5440910.900061087,0.0,193.0,,0.7,98.0,0.00012,,,2021-09-22 01:10:00
5440911.900183261,0.0,195.0,,0.7,79.0,0.000108,,,2021-09-22 01:15:00
5440912.900305437,0.0,196.0,,0.7,105.0,0.000108,,,2021-09-22 01:20:00
5440913.900427612,0.0,198.0,,0.7,87.0,0.000111,,,2021-09-22 01:25:00
5440914.900549786,0.0,201.0,,0.7,97.0,0.000114,,,2021-09-22 01:30:00
5440915.900671961,0.0,203.0,,0.7,135.0,9.2e-05,,,2021-09-22 01:35:00
5440916.900794135,0.0,205.0,,0.7,134.0,7.1e-05,,,2021-09-22 01:40:00
5440917.90091631,0.0,210.0,,0.7,78.0,6.6e-05,,,2021-09-22 01:45:00
5440918.901038485,0.0,212.0,,0.7,75.0,7.1e-05,,,2021-09-22 01:50:00
5440919.901160659,0.0,212.0,,0.7,76.0,8.2e-05,,,2021-09-22 01:55:00
5440920.901282834,0.0,219.0,,0.7,79.0,9.5e-05,,,2021-09-22 02:00:00
5440921.9014050085,0.0,224.0,,0.7,75.0,0.000107,,,2021-09-22 02:05:00
5440922.901527184,0.0,226.0,,0.7,75.0,0.000111,,,2021-09-22 02:10:00
5440923.901649359,0.0,225.0,,0.7,81.0,7e-05,,,2021-09-22 02:15:00
5440924.901771533,0.0,221.0,,0.7,144.0,5.6e-05,,,2021-09-22 02:20:00
5440925.901893708,0.0,222.0,,0.7,140.0,6.2e-05,,,2021-09-22 02:25:00
5440926.902015883,0.0,221.0,,0.7,143.0,6.1e-05,,,2021-09-22 02:30:00
5440927.902138057,0.0,221.0,,0.7,81.0,6e-05,,,2021-09-22 02:35:00
5440928.902260232,0.0,223.0,,0.7,77.0,6.3e-05,,,2021-09-22 02:40:00
5440929.902382406,0.0,227.0,,0.7,78.0,7.3e-05,,,2021-09-22 02:45:00
5440930.902504581,0.0,235.0,,0.7,77.0,9e-05,,,2021-09-22 02:50:00
5440931.902626756,0.0,240.0,,0.7,77.0,9.8e-05,,,2021-09-22 02:55:00
5440932.90274893,0.0,242.0,245.0,0.7,92.0,0.00011,,12.3,2021-09-22 03:00:00
5440933.902871106,0.0,242.0,,0.7,78.0,8.2e-05,,,2021-09-22 03:05:00
5440934.90299328,0.0,243.0,,0.7,75.0,8e-05,,,2021-09-22 03:10:00
5440935.903115455,0.0,248.0,,0.7,73.0,0.0001,,,2021-09-22 03:15:00
5440936.90323763,0.0,250.0,,0.7,73.0,0.000113,,,2021-09-22 03:20:00
5440937.903359804,0.0,248.0,,0.7,73.0,9.2e-05,,,2021-09-22 03:25:00
5440938.903481979,0.0,245.0,,0.7,80.0,7.6e-05,,,2021-09-22 03:30:00
5440939.903604154,0.0,240.0,,0.7,139.0,6.7e-05,,,2021-09-22 03:35:00
5440940.903726328,0.0,233.0,,0.7,101.0,6.3e-05,,,2021-09-22 03:40:00
5440941.903848503,0.0,225.0,,0.7,73.0,6.7e-05,,,2021-09-22 03:45:00
5440942.903970677,0.0,219.0,,0.7,71.0,9.1e-05,,,2021-09-22 03:50:00
5440943.904092853,0.0,215.0,,0.7,72.0,0.000103,,,2021-09-22 03:55:00
5440944.904215028,0.0,210.0,,0.7,69.0,9e-05,,,2021-09-22 04:00:00
5440945.904337202,0.0,201.0,,0.7,71.0,9e-05,,,2021-09-22 04:05:00
5440946.904459377,0.0,191.0,,0.7,72.0,7.3e-05,,,2021-09-22 04:10:00
5440947.904581551,0.0,182.0,,0.7,75.0,5.9e-05,,,2021-09-22 04:15:00
5440948.904703726,0.0,173.0,,0.7,111.0,6.3e-05,,,2021-09-22 04:20:00
5440949.904825901,0.0,166.0,,0.7,141.0,6.3e-05,,,2021-09-22 04:25:00
5440950.904948075,0.0,159.0,,0.7,81.0,6.3e-05,,,2021-09-22 04:30:00
5440951.90507025,0.0,153.0,,0.7,77.0,6.2e-05,,,2021-09-22 04:35:00
5440952.905192425,0.0,148.0,,0.7,77.0,6.5e-05,,,2021-09-22 04:40:00
5440953.905314599,0.0,143.0,,0.7,77.0,6.6e-05,,,2021-09-22 04:45:00
5440954.905436775,0.0,139.0,,0.7,78.0,6.3e-05,,,2021-09-22 04:50:00
5440955.905558949,0.0,135.0,,0.7,101.0,6.1e-05,,,2021-09-22 04:55:00
5440956.905681124,0.0,133.0,,0.7,94.0,6.6e-05,,,2021-09-22 05:00:00
5440957.905803299,0.0,133.0,,0.7,89.0,7.4e-05,,,2021-09-22 05:05:00
5440958.905925473,0.0,127.0,,0.7,100.0,7.7e-05,,,2021-09-22 05:10:00
5440959.906047648,0.0,121.0,,0.7,,8.3e-05,,,2021-09-22 05:15:00
5440960.906169822,0.0,118.0,,0.7,,,,,2021-09-22 05:20:00
5440961.906291997,0.0,115.0,,0.7,,,,,2021-09-22 05:25:00
5440962.906414172,0.0,112.0,,0.7,,,,,2021-09-22 05:30:00
5440963.906536346,0.0,107.0,,0.7,,,,,2021-09-22 05:35:00
5440964.906658522,0.0,103.0,,0.7,112.0,6.5e-05,,,2021-09-22 05:40:00
5440965.9067806965,0.0,101.0,,0.7,111.0,0.00011,,,2021-09-22 05:45:00
5440966.906902871,0.0,99.0,89.0,0.7,110.0,0.000178,,3.5,2021-09-22 05:50:00
5440967.907025046,0.0,98.0,,0.7,109.0,0.00021,,,2021-09-22 05:55:00
5440968.90714722,0.0,97.0,,0.7,106.0,0.000151,5.0,,2021-09-22 06:00:00
5440969.907269395,0.0,96.0,,0.7,108.0,0.00018,,,2021-09-22 06:05:00
5440970.90739157,0.0,94.0,,0.7,110.0,0.000379,,,2021-09-22 06:10:00
5440971.907513744,0.0,92.0,,0.7,111.0,0.008374,,,2021-09-22 06:15:00
5440972.907635919,0.0,91.0,,0.7,111.0,4.05,,,2021-09-22 06:20:00
5440973.907758093,0.0,88.0,,0.7,110.0,6.874,,,2021-09-22 06:25:00
5440974.907880268,0.0,83.0,,0.7,100.0,5.764,,,2021-09-22 06:30:00
5440975.908002444,0.0,79.0,,0.7,97.0,1.65,,,2021-09-22 06:35:00
5440976.908124618,0.0,76.0,,0.7,106.0,1.192,,,2021-09-22 06:40:00
5440977.908246793,0.0,75.0,,0.7,109.0,0.4872,,,2021-09-22 06:45:00
5440978.9083689675,0.0,72.0,,0.7,103.0,0.12638,,,2021-09-22 06:50:00
5440979.908491142,0.0,69.0,,0.7,103.0,0.05946,,,2021-09-22 06:55:00
5440980.908613317,0.0,68.0,,0.7,103.0,0.03442,,,2021-09-22 07:00:00
5440981.908735491,0.0,70.0,,0.7,105.0,0.022036,,,2021-09-22 07:05:00
5440982.908857666,0.0,72.0,,0.7,113.0,0.006256,,,2021-09-22 07:10:00
5440983.908979841,0.0,76.0,,0.7,112.0,0.003632,,,2021-09-22 07:15:00
5440984.909102015,0.0,79.0,,0.7,115.0,0.003492,,,2021-09-22 07:20:00
5440985.909224191,0.0,83.0,,0.7,108.0,0.003854,,,2021-09-22 07:25:00
5440986.909346365,0.0,87.0,,0.7,112.0,0.003232,,,2021-09-22 07:30:00
5440987.90946854,0.0,93.0,,0.7,108.0,0.002678,,,2021-09-22 07:35:00
5440988.909590715,0.0,104.0,,0.7,107.0,0.002502,,,2021-09-22 07:40:00
5440989.909712889,0.0,117.0,,0.7,105.0,0.002572,,,2021-09-22 07:45:00
5440990.909835064,0.0,130.0,,0.7,110.0,0.002462,,,2021-09-22 07:50:00
5440991.9099572385,0.0,146.0,,0.7,114.0,0.003864,,,2021-09-22 07:55:00
5440992.910079413,0.0,157.0,,0.7,115.0,0.012524,,,2021-09-22 08:00:00
5440993.910201588,0.0,165.0,186.0,0.7,107.0,0.01676,,12.5,2021-09-22 08:05:00
5440994.910323762,0.0,173.0,,0.7,108.0,0.01588,,,2021-09-22 08:10:00
5440995.910445938,0.0,184.0,,0.7,105.0,0.00825,,,2021-09-22 08:15:00
5440996.9105681125,0.0,196.0,,0.7,105.0,0.004092,,,2021-09-22 08:20:00
5440997.910690287,0.0,194.0,,0.7,106.0,0.002852,,,2021-09-22 08:25:00
5440998.910812462,0.0,205.0,,0.7,109.0,0.003868,,,2021-09-22 08:30:00
5440999.910934636,0.0,213.0,,0.7,109.0,0.004402,,,2021-09-22 08:35:00
5441000.911056811,0.0,208.0,188.0,0.7,109.0,0.003162,,6.1,2021-09-22 08:40:00
5441001.911178986,0.0,204.0,,0.7,105.0,0.003046,,,2021-09-22 08:45:00
5441002.91130116,0.0,195.0,,0.7,108.0,0.002348,,,2021-09-22 08:50:00
5441003.911423335,0.0,180.0,,0.7,111.0,0.001902,,,2021-09-22 08:55:00
5441004.9115455095,0.0,163.0,,0.7,113.0,0.00735,,,2021-09-22 09:00:00
5441005.911667684,0.0,147.0,,0.7,107.0,0.004654,,,2021-09-22 09:05:00
5441006.91178986,0.0,131.0,,0.7,107.0,0.00415,,,2021-09-22 09:10:00
5441007.911912034,0.0,118.0,,0.7,111.0,0.002512,,,2021-09-22 09:15:00
5441008.912034209,0.0,112.0,,0.7,117.0,0.00294,,,2021-09-22 09:20:00
5441009.9121563835,0.0,108.0,,0.7,111.0,0.0023,,,2021-09-22 09:25:00
5441010.912278558,0.0,103.0,,0.7,107.0,0.002228,,,2021-09-22 09:30:00
5441011.912400733,0.0,98.0,,0.7,110.0,0.001738,,,2021-09-22 09:35:00
5441012.912522907,0.0,94.0,,0.7,108.0,0.001798,,,2021-09-22 09:40:00
5441013.912645082,0.0,91.0,,0.7,111.0,0.0017,,,2021-09-22 09:45:00
5441014.912767257,0.0,91.0,,0.7,112.0,0.00156,,,2021-09-22 09:50:00
5441015.912889431,0.0,91.0,,0.7,114.0,0.001576,,,2021-09-22 09:55:00
5441016.913011607,0.0,92.0,,0.7,110.0,0.001698,,,2021-09-22 10:00:00
5441017.913133781,0.0,92.0,,0.7,106.0,0.00165,,,2021-09-22 10:05:00
5441018.913255956,0.0,93.0,,0.7,106.0,0.00153,,,2021-09-22 10:10:00
5441019.913378131,0.0,94.0,,0.7,107.0,0.00154,,,2021-09-22 10:15:00
5441020.913500305,0.0,97.0,,0.7,105.0,0.001138,,,2021-09-22 10:20:00
5441021.91362248,0.0,101.0,,0.7,111.0,0.00073,,,2021-09-22 10:25:00
5441022.9137446545,0.0,103.0,,0.7,109.0,0.000816,,,2021-09-22 10:30:00
5441023.913866829,0.0,103.0,,0.7,117.0,0.000706,,,2021-09-22 10:35:00
5441024.913989004,0.0,103.0,,0.7,107.0,0.001049,,,2021-09-22 10:40:00
5441025.914111178,0.0,101.0,,0.7,106.0,0.001056,,,2021-09-22 10:45:00
5441026.914233353,0.0,99.0,,0.7,100.0,0.0011,,,2021-09-22 10:50:00
5441027.914355529,0.0,97.0,,0.7,102.0,0.000851,,,2021-09-22 10:55:00
5441028.914477703,0.0,96.0,100.0,0.7,101.0,0.001055,,,2021-09-22 11:00:00
5441029.914599878,0.0,93.0,,0.7,101.0,0.001252,,,2021-09-22 11:05:00
5441030.914722052,0.0,92.0,,0.7,100.0,0.001154,,,2021-09-22 11:10:00
5441031.914844227,0.0,91.0,,0.7,104.0,0.00077,,,2021-09-22 11:15:00
5441032.914966402,0.0,92.0,,0.7,109.0,0.000647,,,2021-09-22 11:20:00
5441033.915088576,0.0,92.0,100.0,0.7,113.0,0.000423,25.0,3.2,2021-09-22 11:25:00
5441034.915210751,0.0,91.0,,0.7,109.0,0.00033,,,2021-09-22 11:30:00
5441035.9153329255,0.0,89.0,,0.7,113.0,0.000344,,,2021-09-22 11:35:00
5441036.9154551,0.0,95.0,,0.7,110.0,0.000382,,,2021-09-22 11:40:00
5441037.915577276,0.0,98.0,,0.7,108.0,0.000417,,,2021-09-22 11:45:00
5441038.91569945,0.0,103.0,,0.7,108.0,0.000417,,,2021-09-22 11:50:00
5441039.915821625,0.0,109.0,,0.7,105.0,0.00037,,,2021-09-22 11:55:00
5441040.9159438,0.0,117.0,,0.7,107.0,0.000345,,,2021-09-22 12:00:00
5441041.916065974,0.0,126.0,,0.7,104.0,0.000401,,,2021-09-22 12:05:00
5441042.916188149,0.0,131.0,,0.7,99.0,0.000417,,,2021-09-22 12:10:00
5441043.916310323,0.0,135.0,,0.7,96.0,0.000507,,,2021-09-22 12:15:00
5441044.916432498,0.0,137.0,,0.7,95.0,0.000455,,,2021-09-22 12:20:00
5441045.916554673,0.0,141.0,,0.7,99.0,0.00041,,,2021-09-22 12:25:00
5441046.916676847,0.0,142.0,,0.7,98.0,0.000391,,,2021-09-22 12:30:00
5441047.916799022,0.0,141.0,,0.7,96.0,0.000425,,,2021-09-22 12:35:00
5441048.916921197,0.0,140.0,,0.7,98.0,0.000309,,,2021-09-22 12:40:00
5441049.917043372,0.0,142.0,139.0,0.7,101.0,0.000313,,1.6,2021-09-22 12:45:00
5441050.917165547,0.0,143.0,,0.7,102.0,0.000318,,,2021-09-22 12:50:00
5441051.917287721,0.0,140.0,,0.7,102.0,0.000302,,,2021-09-22 12:55:00
5441052.917409896,0.0,139.0,,0.7,97.0,0.000385,,,2021-09-22 13:00:00
5441053.917532071,0.0,139.0,,0.7,98.0,0.000394,,,2021-09-22 13:05:00
5441054.917654245,0.0,138.0,,0.7,99.0,0.000377,,,2021-09-22 13:10:00
5441055.91777642,0.0,138.0,,0.7,98.0,0.000506,,,2021-09-22 13:15:00
5441056.917898594,0.0,139.0,,0.7,98.0,0.000441,,,2021-09-22 13:20:00
5441057.918020769,0.0,141.0,,0.7,98.0,0.000378,,,2021-09-22 13:25:00
5441058.918142945,0.0,142.0,,0.7,98.0,0.000429,,,2021-09-22 13:30:00
5441059.918265119,0.0,144.0,,0.7,99.0,0.000402,,,2021-09-22 13:35:00
5441060.918387294,0.0,144.0,,0.7,111.0,0.000306,,,2021-09-22 13:40:00
5441061.918509468,0.0,146.0,,0.7,111.0,0.000384,,,2021-09-22 13:45:00
5441062.918631643,0.0,149.0,,0.7,103.0,0.000781,,,2021-09-22 13:50:00
5441063.918753818,0.0,151.0,170.0,0.7,107.0,0.00065,,3.4,2021-09-22 13:55:00
5441064.918875992,0.0,154.0,,0.7,98.0,0.000574,,,2021-09-22 14:00:00
5441065.918998167,0.0,155.0,,0.7,95.0,0.000588,,,2021-09-22 14:05:00
5441066.919120342,0.0,160.0,,0.7,91.0,0.000526,,,2021-09-22 14:10:00
5441067.919242516,0.0,159.0,,0.7,89.0,0.000445,,,2021-09-22 14:15:00
5441068.919364692,0.0,156.0,,0.7,95.0,0.000493,,,2021-09-22 14:20:00
5441069.919486866,0.0,148.0,,0.7,103.0,0.000429,,,2021-09-22 14:25:00
5441070.919609041,0.0,146.0,,0.7,102.0,0.000418,,,2021-09-22 14:30:00
5441071.919731216,0.0,141.0,,0.7,98.0,0.000477,,,2021-09-22 14:35:00
5441072.91985339,0.0,142.0,,0.7,100.0,0.000409,,,2021-09-22 14:40:00
5441073.919975565,0.0,140.0,,0.7,98.0,0.000463,,,2021-09-22 14:45:00
5441074.920097739,0.0,137.0,,0.7,97.0,0.000532,,,2021-09-22 14:50:00
5441075.920219914,0.0,135.0,,0.7,97.0,0.000484,,,2021-09-22 14:55:00
5441076.920342089,0.0,134.0,,0.7,98.0,0.000399,,,2021-09-22 15:00:00
5441077.920464263,0.0,138.0,,0.7,99.0,0.000222,,,2021-09-22 15:05:00
5441078.920586438,0.0,138.0,,0.7,103.0,0.000288,,,2021-09-22 15:10:00
5441079.9207086135,0.0,139.0,,0.7,113.0,0.000348,,,2021-09-22 15:15:00
5441080.920830788,0.0,143.0,,0.7,102.0,0.000306,,,2021-09-22 15:20:00
5441081.920952963,0.0,145.0,,0.7,100.0,0.000384,,,2021-09-22 15:25:00
5441082.921075137,0.0,145.0,,0.7,101.0,0.000338,,,2021-09-22 15:30:00
5441083.921197312,0.0,144.0,,0.7,98.0,0.000319,,,2021-09-22 15:35:00
5441084.921319487,0.0,145.0,,0.7,95.0,0.00027,,,2021-09-22 15:40:00
5441085.921441661,0.0,146.0,,0.7,99.0,0.000252,,,2021-09-22 15:45:00
5441086.921563836,0.0,150.0,,0.7,101.0,0.00027,,,2021-09-22 15:50:00
5441087.92168601,0.0,158.0,,0.7,93.0,0.000241,,,2021-09-22 15:55:00
5441088.921808185,0.0,162.0,,0.7,91.0,0.000221,,,2021-09-22 16:00:00
5441089.921930361,0.0,166.0,,0.7,90.0,0.000279,,,2021-09-22 16:05:00
5441090.922052535,0.0,169.0,,0.7,91.0,0.000258,,,2021-09-22 16:10:00
5441091.92217471,0.0,176.0,,0.7,97.0,0.000232,,,2021-09-22 16:15:00
5441092.9222968845,0.0,181.0,,0.7,90.0,0.000178,,,2021-09-22 16:20:00
5441093.922419059,0.0,184.0,,0.7,91.0,0.000188,,,2021-09-22 16:25:00
5441094.922541234,0.0,189.0,,0.7,100.0,0.000189,,,2021-09-22 16:30:00
5441095.922663408,0.0,201.0,,0.7,110.0,0.000164,,,2021-09-22 16:35:00
5441096.922785583,0.0,212.0,,0.7,102.0,0.000144,35.0,,2021-09-22 16:40:00
5441097.922907758,0.0,223.0,214.0,0.7,106.0,0.000189,,12.9,2021-09-22 16:45:00
5441098.923029932,0.0,234.0,,0.7,103.0,0.000197,,,2021-09-22 16:50:00
5441099.923152107,0.0,247.0,,0.7,94.0,0.000182,,,2021-09-22 16:55:00
5441100.923274282,0.0,239.0,,0.7,94.0,0.000201,,,2021-09-22 17:00:00
5441101.923396457,0.0,258.0,,0.7,93.0,0.000187,,,2021-09-22 17:05:00
5441102.923518632,0.0,277.0,,0.7,97.0,0.000179,,,2021-09-22 17:10:00
5441103.923640806,0.0,292.0,,0.7,99.0,0.000179,,,2021-09-22 17:15:00
5441104.923762981,0.0,300.0,,0.7,96.0,0.000186,,,2021-09-22 17:20:00
5441105.9238851555,0.0,297.0,,0.7,93.0,0.000198,,,2021-09-22 17:25:00
5441106.92400733,0.0,304.0,382.0,0.7,91.0,0.000167,,,2021-09-22 17:30:00
5441107.924129505,0.0,313.0,,0.7,104.0,0.000159,,,2021-09-22 17:35:00
5441108.924251679,0.0,322.0,,0.7,94.0,0.000173,,,2021-09-22 17:40:00
5441109.924373854,0.0,327.0,,0.7,97.0,0.000162,,,2021-09-22 17:45:00
5441110.9244960295,0.0,332.0,,0.7,102.0,0.000207,,,2021-09-22 17:50:00
5441111.924618204,0.0,332.0,,0.7,114.0,0.000186,,,2021-09-22 17:55:00
5441112.924740379,0.0,329.0,,0.7,117.0,0.000219,,,2021-09-22 18:00:00
5441113.924862553,0.0,329.0,,0.7,109.0,0.001409,,,2021-09-22 18:05:00
5441114.924984728,0.0,324.0,,0.7,110.0,0.003993,,,2021-09-22 18:10:00
5441115.925106903,0.0,315.0,,0.7,106.0,0.015978,,,2021-09-22 18:15:00
5441116.925229077,0.0,305.0,,0.7,99.0,0.07454,,,2021-09-22 18:20:00
5441117.925351252,0.0,295.0,,0.7,112.0,0.04752,,,2021-09-22 18:25:00
5441118.9254734265,0.0,283.0,,0.7,112.0,0.08598,,,2021-09-22 18:30:00
5441119.925595601,0.0,272.0,,0.7,112.0,0.0628,,,2021-09-22 18:35:00
5441120.925717776,0.0,261.0,,0.7,103.0,0.10076,,,2021-09-22 18:40:00
5441121.925839951,0.0,242.0,,0.7,107.0,0.05192,,,2021-09-22 18:45:00
5441122.925962126,0.0,230.0,,0.7,114.0,0.0299,,,2021-09-22 18:50:00
5441123.9260843005,0.0,220.0,,0.7,108.0,0.013638,,,2021-09-22 18:55:00
5441124.926206475,0.0,211.0,,0.7,113.0,0.01916,,,2021-09-22 19:00:00
5441125.92632865,0.0,202.0,,0.7,108.0,0.008006,,,2021-09-22 19:05:00
5441126.926450824,0.0,193.0,198.0,0.7,115.0,0.006784,,,2021-09-22 19:10:00
5441127.926572999,0.0,186.0,,0.7,116.0,0.005878,,,2021-09-22 19:15:00
5441128.926695174,0.0,178.0,198.0,0.7,115.0,0.003138,,3.9,2021-09-22 19:20:00
5441129.926817348,0.0,165.0,,0.7,111.0,0.002588,,,2021-09-22 19:25:00
5441130.926939523,0.0,150.0,,0.7,107.0,0.002536,,,2021-09-22 19:30:00
5441131.927061698,0.0,137.0,,0.7,106.0,0.002406,,,2021-09-22 19:35:00
5441132.927183873,0.0,129.0,,0.7,112.0,0.00355,,,2021-09-22 19:40:00
5441133.927306048,0.0,126.0,,0.7,108.0,0.002394,,,2021-09-22 19:45:00
5441134.927428222,0.0,120.0,,0.7,105.0,0.002206,,,2021-09-22 19:50:00
5441135.927550397,0.0,113.0,,0.7,107.0,0.001411,,,2021-09-22 19:55:00
5441136.9276725715,0.0,108.0,,0.7,107.0,0.001544,,,2021-09-22 20:00:00
5441137.927794746,0.0,103.0,,0.7,106.0,0.001531,,,2021-09-22 20:05:00
5441138.927916921,0.0,99.0,,0.7,104.0,0.001582,,,2021-09-22 20:10:00
5441139.928039095,0.0,92.0,,0.7,104.0,0.001285,,,2021-09-22 20:15:00
5441140.92816127,0.0,86.0,,0.7,103.0,0.001316,,,2021-09-22 20:20:00
5441141.928283445,0.0,82.0,80.0,0.7,109.0,0.001084,,,2021-09-22 20:25:00
5441142.92840562,0.0,79.0,80.0,0.7,111.0,0.00116,35.0,,2021-09-22 20:30:00
5441143.928527795,0.0,77.0,80.0,0.7,116.0,0.001096,,15.4,2021-09-22 20:35:00
5441144.928649969,0.0,72.0,,0.7,111.0,0.000928,,,2021-09-22 20:40:00
5441145.928772144,0.0,64.0,,0.7,113.0,0.001054,,,2021-09-22 20:45:00
5441146.928894319,0.0,61.0,,0.7,110.0,0.000902,,,2021-09-22 20:50:00
5441147.929016493,0.0,60.0,,0.7,101.0,0.00092,,,2021-09-22 20:55:00
5441148.929138668,0.0,63.0,78.0,0.7,98.0,0.000746,,,2021-09-22 21:00:00
5441149.9292608425,0.0,67.0,,0.7,98.0,0.000756,,,2021-09-22 21:05:00
5441150.929383017,0.0,71.0,,0.7,94.0,0.000689,,,2021-09-22 21:10:00
5441151.929505192,0.0,77.0,,0.7,95.0,0.000805,,,2021-09-22 21:15:00
5441152.929627367,0.0,81.0,,0.7,95.0,0.00053,,,2021-09-22 21:20:00
5441153.929749542,0.0,84.0,,0.7,100.0,0.000448,,,2021-09-22 21:25:00
5441154.929871717,0.0,88.0,,0.7,109.0,0.000377,,,2021-09-22 21:30:00
5441155.929993891,0.0,89.0,,0.7,107.0,0.000299,,,2021-09-22 21:35:00
5441156.930116066,0.0,89.0,,0.7,96.0,0.000316,,,2021-09-22 21:40:00
5441157.93023824,0.0,91.0,,0.7,106.0,0.000324,,,2021-09-22 21:45:00
5441158.930360415,0.0,92.0,,0.7,105.0,0.000358,,,2021-09-22 21:50:00
5441159.93048259,0.0,93.0,99.0,0.7,117.0,0.00038,,,2021-09-22 21:55:00
5441160.930604764,0.0,93.0,,0.7,105.0,0.000427,,,2021-09-22 22:00:00
5441161.930726939,0.0,91.0,,0.7,112.0,0.000307,,,2021-09-22 22:05:00
5441162.930849114,0.0,87.0,,0.7,97.0,0.000185,,,2021-09-22 22:10:00
5441163.930971289,0.0,87.0,,0.7,96.0,0.000207,,,2021-09-22 22:15:00
5441164.931093464,0.0,88.0,,0.7,96.0,0.00022,,,2021-09-22 22:20:00
5441165.931215638,0.0,88.0,,0.7,97.0,0.000228,,,2021-09-22 22:25:00
5441166.931337813,0.0,89.0,,0.7,97.0,0.000239,,,2021-09-22 22:30:00
5441167.931459988,0.0,89.0,,0.7,98.0,0.000263,,,2021-09-22 22:35:00
5441168.931582162,0.0,88.0,,0.7,97.0,0.000279,,,2021-09-22 22:40:00
5441169.931704337,0.0,85.0,,0.7,96.0,0.000288,,,2021-09-22 22:45:00
5441170.931826511,0.0,83.0,,0.7,97.0,0.000284,,,2021-09-22 22:50:00
5441171.931948686,0.0,80.0,,0.7,107.0,0.000256,,,2021-09-22 22:55:00
5441172.932070861,0.0,76.0,,0.7,101.0,0.000133,,,2021-09-22 23:00:00
5441173.932193036,0.0,72.0,,0.7,100.0,0.000131,,,2021-09-22 23:05:00
5441174.932315211,0.0,70.0,,0.7,95.0,0.000147,,,2021-09-22 23:10:00
5441175.932437385,0.0,70.0,,0.7,94.0,0.000108,,,2021-09-22 23:15:00
5441176.93255956,0.0,71.0,,0.7,94.0,0.000193,,,2021-09-22 23:20:00
5441177.932681735,0.0,72.0,,0.7,94.0,0.00012,,,2021-09-22 23:25:00
5441178.932803909,0.0,71.0,,0.7,94.0,0.000191,,,2021-09-22 23:30:00
5441179.932926084,0.0,69.0,,0.7,94.0,0.00018,,,2021-09-22 23:35:00
5441180.933048259,0.0,68.0,,0.7,93.0,0.000179,,,2021-09-22 23:40:00
5441181.933170433,0.0,66.0,,0.7,93.0,0.0002,,,2021-09-22 23:45:00
5441182.933292608,0.0,65.0,,0.7,93.0,0.000168,,,2021-09-22 23:50:00
5441183.933414783,0.0,64.0,,0.7,92.0,0.000173,,,2021-09-22 23:55:00
5441184.933536958,0.0,64.0,,0.7,92.0,0.000183,,,2021-09-23 00:00:00
5441185.933659133,0.0,64.0,,0.7,89.0,0.000162,,,2021-09-23 00:05:00
5441186.933781307,0.0,65.0,,0.7,89.0,0.00019,,,2021-09-23 00:10:00
5441187.933903482,0.0,65.0,,0.7,88.0,0.000214,,,2021-09-23 00:15:00
5441188.934025656,0.0,67.0,,0.7,88.0,0.000223,,,2021-09-23 00:20:00
5441189.934147831,0.0,69.0,,0.7,88.0,0.000229,,,2021-09-23 00:25:00
5441190.934270006,0.0,71.0,89.0,0.7,88.0,0.000209,,,2021-09-23 00:30:00
5441191.93439218,0.0,73.0,,0.7,101.0,0.000162,,,2021-09-23 00:35:00
5441192.934514355,0.0,76.0,,0.7,92.0,9.9e-05,,,2021-09-23 00:40:00
5441193.93463653,0.0,80.0,,0.7,87.0,0.000107,,,2021-09-23 00:45:00
5441194.934758705,0.0,79.0,,0.7,84.0,5e-05,,,2021-09-23 00:50:00
5441195.93488088,0.0,80.0,,0.7,85.0,5.2e-05,,,2021-09-23 00:55:00
5441196.935003054,0.0,84.0,,0.7,82.0,5.9e-05,,,2021-09-23 01:00:00
5441197.935125229,0.0,85.0,,0.7,84.0,7.9e-05,,,2021-09-23 01:05:00
5441198.935247404,0.0,86.0,,0.7,84.0,0.000103,,,2021-09-23 01:10:00
5441199.935369578,0.0,88.0,,0.7,84.0,0.00011,,,2021-09-23 01:15:00
5441200.935491753,0.0,90.0,,0.7,84.0,0.000119,,,2021-09-23 01:20:00
5441201.935613927,0.0,92.0,,0.7,85.0,9.1e-05,,,2021-09-23 01:25:00
5441202.935736102,0.0,94.0,,0.7,86.0,7.3e-05,,,2021-09-23 01:30:00
5441203.935858277,0.0,95.0,,0.7,85.0,8.9e-05,,,2021-09-23 01:35:00
5441204.935980452,0.0,96.0,,0.7,86.0,0.000104,,,2021-09-23 01:40:00
5441205.936102627,0.0,97.0,,0.7,85.0,7e-05,,,2021-09-23 01:45:00
5441206.9362248015,0.0,97.0,,0.7,86.0,6.5e-05,,,2021-09-23 01:50:00
5441207.936346976,0.0,97.0,,0.7,83.0,9.6e-05,,,2021-09-23 01:55:00
5441208.936469151,0.0,95.0,,0.7,81.0,0.000111,,,2021-09-23 02:00:00
5441209.936591325,0.0,92.0,,0.7,80.0,0.000126,,,2021-09-23 02:05:00
5441210.9367135,0.0,89.0,,0.7,89.0,0.000197,,,2021-09-23 02:10:00
5441211.936835675,0.0,87.0,,0.7,91.0,0.000237,,,2021-09-23 02:15:00
5441212.936957849,0.0,85.0,,0.7,115.0,0.000213,,,2021-09-23 02:20:00
5441213.937080024,0.0,83.0,,0.7,93.0,0.000174,,,2021-09-23 02:25:00
5441214.937202198,0.0,83.0,,0.7,80.0,0.000123,,,2021-09-23 02:30:00
5441215.937324374,0.0,86.0,,0.7,79.0,0.000114,,,2021-09-23 02:35:00
5441216.937446549,0.0,90.0,,0.7,78.0,0.000106,,,2021-09-23 02:40:00
5441217.937568723,0.0,92.0,,0.7,77.0,0.000102,,,2021-09-23 02:45:00
5441218.937690898,0.0,91.0,,0.7,75.0,5.2e-05,,,2021-09-23 02:50:00
5441219.937813072,0.0,89.0,,0.7,80.0,5.4e-05,,,2021-09-23 02:55:00
5441220.937935247,0.0,86.0,,0.7,76.0,6.7e-05,,,2021-09-23 03:00:00
5441221.938057422,0.0,84.0,,0.7,77.0,8.4e-05,,,2021-09-23 03:05:00
5441222.938179596,0.0,82.0,,0.7,78.0,9.4e-05,,,2021-09-23 03:10:00
5441223.938301771,0.0,82.0,,0.7,79.0,0.0001,,,2021-09-23 03:15:00
5441224.938423946,0.0,82.0,,0.7,78.0,0.000105,,,2021-09-23 03:20:00
5441225.938546121,0.0,81.0,,0.7,79.0,0.000109,,,2021-09-23 03:25:00
5441226.938668296,0.0,81.0,,0.7,80.0,0.000106,,,2021-09-23 03:30:00
5441227.93879047,0.0,79.0,,0.7,108.0,0.000121,,,2021-09-23 03:35:00
5441228.938912645,0.0,75.0,,0.7,103.0,0.000178,,,2021-09-23 03:40:00
5441229.93903482,0.0,73.0,,0.7,77.0,0.00025,,,2021-09-23 03:45:00
5441230.939156994,0.0,70.0,,0.7,76.0,0.000234,,,2021-09-23 03:50:00
5441231.939279169,0.0,68.0,,0.7,77.0,0.000225,,,2021-09-23 03:55:00
5441232.939401343,0.0,67.0,,0.7,77.0,0.000228,,,2021-09-23 04:00:00
5441233.939523518,0.0,65.0,,0.7,78.0,0.000244,,,2021-09-23 04:05:00
5441234.939645693,0.0,64.0,,0.7,79.0,0.000165,,,2021-09-23 04:10:00
5441235.939767868,0.0,67.0,,0.7,75.0,0.000148,,,2021-09-23 04:15:00
5441236.939890043,0.0,69.0,,0.7,75.0,0.000128,,,2021-09-23 04:20:00
5441237.9400122175,0.0,69.0,,0.7,74.0,0.000105,,,2021-09-23 04:25:00
5441238.940134392,0.0,68.0,,0.7,73.0,0.000106,,,2021-09-23 04:30:00
5441239.940256567,0.0,68.0,,0.7,73.0,0.000103,,,2021-09-23 04:35:00
5441240.940378741,0.0,67.0,,0.7,79.0,9.6e-05,,,2021-09-23 04:40:00
5441241.940500916,0.0,65.0,,0.7,80.0,0.00012,,,2021-09-23 04:45:00
5441242.940623091,0.0,64.0,57.0,0.7,97.0,0.000128,,,2021-09-23 04:50:00
5441243.940745265,0.0,64.0,,0.7,98.0,0.00012,,,2021-09-23 04:55:00
5441244.94086744,0.0,63.0,,0.7,99.0,,,,2021-09-23 05:00:00
5441245.940989614,0.0,58.0,,0.0,,,,,2021-09-23 05:05:00
5441246.94111179,0.0,58.0,,0.0,,,,,2021-09-23 05:10:00
5441247.941233965,0.0,57.0,,0.0,,,,,2021-09-23 05:15:00
5441248.941356139,0.0,57.0,,0.0,,,,,2021-09-23 05:20:00
5441249.941478314,0.0,60.0,,0.7,,,,,2021-09-23 05:25:00
5441250.9416004885,0.0,65.0,89.0,0.7,,,,8.4,2021-09-23 05:30:00
5441251.941722663,0.0,72.0,,0.7,,,35.0,,2021-09-23 05:35:00
5441252.941844838,0.0,82.0,,0.7,,,,,2021-09-23 05:40:00
5441253.941967012,0.0,93.0,,0.7,,,,,2021-09-23 05:45:00
5441254.942089187,0.0,106.0,,0.7,,,,,2021-09-23 05:50:00
5441255.942211362,0.0,119.0,,0.7,,,,,2021-09-23 05:55:00
5441256.942333537,0.0,126.0,,0.7,,,,,2021-09-23 06:00:00
5441257.942455712,0.0,129.0,,0.7,,,,,2021-09-23 06:05:00
5441258.942577886,0.0,131.0,,0.7,,,,,2021-09-23 06:10:00
5441259.942700061,0.0,127.0,,0.7,,,,,2021-09-23 06:15:00
5441260.942822236,0.0,127.0,,0.7,116.0,0.053094,,,2021-09-23 06:20:00
5441261.94294441,0.0,124.0,,0.7,111.0,0.7102,,,2021-09-23 06:25:00
5441262.943066585,0.0,120.0,,0.7,109.0,0.8406,,,2021-09-23 06:30:00
5441263.9431887595,0.0,119.0,,0.7,107.0,3.4444,,,2021-09-23 06:35:00
5441264.943310934,0.0,120.0,,0.7,112.0,6.2714,,,2021-09-23 06:40:00
5441265.943433109,0.0,120.0,,0.7,105.0,5.806,,,2021-09-23 06:45:00
5441266.943555283,0.0,120.0,,0.7,104.0,3.4546,,,2021-09-23 06:50:00
5441267.943677459,0.0,122.0,,0.7,106.0,2.042,,,2021-09-23 06:55:00
5441268.9437996335,0.0,123.0,,0.7,97.0,0.9826,,,2021-09-23 07:00:00
5441269.943921808,0.0,122.0,,0.7,94.0,0.2516,,,2021-09-23 07:05:00
5441270.944043983,0.0,127.0,,0.7,112.0,0.14468,,,2021-09-23 07:10:00
5441271.944166157,0.0,133.0,137.0,0.7,105.0,0.11338,,11.1,2021-09-23 07:15:00
5441272.944288332,0.0,135.0,,0.7,105.0,0.02234,,,2021-09-23 07:20:00
5441273.944410507,0.0,132.0,,0.7,99.0,0.012168,,,2021-09-23 07:25:00
5441274.944532681,0.0,133.0,,0.7,98.0,0.006212,,,2021-09-23 07:30:00
5441275.944654856,0.0,138.0,,0.7,94.0,0.00605,,,2021-09-23 07:35:00
5441276.9447770305,0.0,142.0,,0.7,99.0,0.002672,,,2021-09-23 07:40:00
5441277.944899206,0.0,149.0,,0.7,96.0,0.0026,,,2021-09-23 07:45:00
5441278.945021381,0.0,154.0,,0.7,97.0,0.00283,,,2021-09-23 07:50:00
5441279.945143555,0.0,165.0,,0.7,109.0,0.00258,,,2021-09-23 07:55:00
5441280.94526573,0.0,168.0,,0.7,95.0,0.003778,,,2021-09-23 08:00:00
5441281.9453879045,0.0,178.0,,0.7,100.0,0.005368,,,2021-09-23 08:05:00
5441282.945510079,0.0,186.0,,0.7,100.0,0.00407,,,2021-09-23 08:10:00
5441283.945632254,0.0,190.0,228.0,0.7,101.0,0.003754,,9.8,2021-09-23 08:15:00
5441284.945754428,0.0,193.0,,0.7,98.0,0.002466,,,2021-09-23 08:20:00
5441285.945876603,0.0,195.0,,0.7,102.0,0.001734,,,2021-09-23 08:25:00
5441286.945998778,0.0,212.0,,0.7,100.0,0.001898,,,2021-09-23 08:30:00
5441287.946120952,0.0,216.0,,0.7,94.0,0.001482,,,2021-09-23 08:35:00
5441288.946243128,0.0,219.0,,0.7,92.0,0.001308,,,2021-09-23 08:40:00
5441289.946365302,0.0,219.0,,0.7,93.0,0.00114,,,2021-09-23 08:45:00
5441290.946487477,0.0,219.0,,0.7,102.0,0.000906,,,2021-09-23 08:50:00
5441291.946609652,0.0,224.0,,0.7,111.0,0.00069,,,2021-09-23 08:55:00
5441292.946731826,0.0,228.0,,0.7,103.0,0.000665,,,2021-09-23 09:00:00
5441293.946854001,0.0,228.0,,0.7,100.0,0.000688,,,2021-09-23 09:05:00
5441294.9469761755,0.0,222.0,,0.7,99.0,0.000689,,,2021-09-23 09:10:00
5441295.94709835,0.0,213.0,,0.7,97.0,0.000592,,,2021-09-23 09:15:00
5441296.947220525,0.0,205.0,,0.7,94.0,0.000478,,,2021-09-23 09:20:00
5441297.947342699,0.0,197.0,,0.7,93.0,0.000458,,,2021-09-23 09:25:00
5441298.947464875,0.0,191.0,,0.7,94.0,0.000467,,,2021-09-23 09:30:00
5441299.94758705,0.0,185.0,,0.7,93.0,0.000459,,,2021-09-23 09:35:00
5441300.947709224,0.0,181.0,,0.7,94.0,0.000448,,,2021-09-23 09:40:00
5441301.947831399,0.0,179.0,,0.7,105.0,0.00035,,,2021-09-23 09:45:00
5441302.947953573,0.0,176.0,,0.7,102.0,0.000308,,,2021-09-23 09:50:00
5441303.948075748,0.0,163.0,,0.7,96.0,0.00033,,,2021-09-23 09:55:00
5441304.948197923,0.0,153.0,,0.7,92.0,0.000329,,,2021-09-23 10:00:00
5441305.948320097,0.0,146.0,,0.7,93.0,0.000326,,,2021-09-23 10:05:00
5441306.948442272,0.0,138.0,,0.7,93.0,0.000284,,,2021-09-23 10:10:00
5441307.9485644465,0.0,132.0,,0.7,89.0,0.000263,,,2021-09-23 10:15:00
5441308.948686622,0.0,128.0,,0.7,94.0,0.00025,,,2021-09-23 10:20:00
5441309.948808797,0.0,127.0,,0.7,106.0,0.000239,,,2021-09-23 10:25:00
5441310.948930971,0.0,125.0,,0.7,97.0,0.000237,,,2021-09-23 10:30:00
5441311.949053146,0.0,120.0,111.0,0.7,100.0,0.00022,,,2021-09-23 10:35:00
5441312.949175321,0.0,118.0,,0.7,108.0,0.000223,,,2021-09-23 10:40:00
5441313.949297495,0.0,112.0,,0.7,95.0,0.000239,,,2021-09-23 10:45:00
5441314.94941967,0.0,106.0,,0.7,91.0,0.000242,,,2021-09-23 10:50:00
5441315.949541844,0.0,99.0,,0.7,92.0,0.000241,,,2021-09-23 10:55:00
5441316.949664019,0.0,91.0,,0.7,97.0,0.000243,,,2021-09-23 11:00:00
5441317.949786194,0.0,85.0,,0.7,97.0,0.000241,,,2021-09-23 11:05:00
5441318.949908368,0.0,81.0,,0.7,97.0,0.000234,,,2021-09-23 11:10:00
5441319.950030544,0.0,77.0,,0.7,96.0,0.000234,,,2021-09-23 11:15:00
5441320.950152718,0.0,75.0,111.0,0.7,108.0,0.000221,,1.8,2021-09-23 11:20:00
5441321.950274893,0.0,75.0,,0.7,106.0,0.000209,5.0,,2021-09-23 11:25:00
5441322.950397068,0.0,73.0,,0.7,101.0,0.000202,,,2021-09-23 11:30:00
5441323.950519242,0.0,76.0,,0.7,100.0,0.000175,,,2021-09-23 11:35:00
5441324.950641417,0.0,73.0,,0.7,98.0,0.000165,,,2021-09-23 11:40:00
5441325.950763592,0.0,71.0,,0.7,98.0,0.000148,,,2021-09-23 11:45:00
5441326.950885766,0.0,74.0,,0.7,105.0,0.000151,,,2021-09-23 11:50:00
5441327.951007941,0.0,78.0,,0.7,102.0,0.000214,,,2021-09-23 11:55:00
5441328.951130115,0.0,83.0,,0.7,101.0,0.000309,,,2021-09-23 12:00:00
5441329.951252291,0.0,90.0,,0.7,95.0,0.00026,,,2021-09-23 12:05:00
5441330.951374466,0.0,97.0,,0.7,93.0,0.00024,,,2021-09-23 12:10:00
5441331.95149664,0.0,105.0,,0.7,94.0,0.000282,,,2021-09-23 12:15:00
5441332.951618815,0.0,108.0,,0.7,97.0,0.000406,,,2021-09-23 12:20:00
5441333.951740989,0.0,108.0,,0.7,96.0,0.000433,,,2021-09-23 12:25:00
5441334.951863164,0.0,104.0,,0.7,96.0,0.000307,,,2021-09-23 12:30:00
5441335.951985339,0.0,103.0,,0.7,94.0,0.00027,,,2021-09-23 12:35:00
5441336.952107513,0.0,107.0,,0.7,93.0,0.000235,,,2021-09-23 12:40:00
5441337.952229688,0.0,115.0,,0.7,100.0,0.000232,,,2021-09-23 12:45:00
5441338.952351863,0.0,121.0,,0.7,105.0,0.000227,,,2021-09-23 12:50:00
5441339.952474037,0.0,121.0,,0.7,102.0,0.000439,,,2021-09-23 12:55:00
5441340.952596213,0.0,121.0,,0.7,98.0,0.000364,,,2021-09-23 13:00:00
5441341.952718387,0.0,122.0,,0.7,98.0,0.000237,,,2021-09-23 13:05:00
5441342.952840562,0.0,122.0,,0.7,98.0,0.000235,,,2021-09-23 13:10:00
5441343.952962737,0.0,122.0,,0.7,98.0,0.000194,,,2021-09-23 13:15:00
5441344.953084911,0.0,123.0,,0.7,96.0,0.000221,,,2021-09-23 13:20:00
5441345.953207086,0.0,121.0,,0.7,96.0,0.000203,,,2021-09-23 13:25:00
5441346.95332926,0.0,119.0,,0.7,102.0,0.000285,,,2021-09-23 13:30:00
5441347.953451435,0.0,118.0,,0.7,107.0,0.000255,,,2021-09-23 13:35:00
5441348.95357361,0.0,117.0,,0.7,101.0,0.000191,,,2021-09-23 13:40:00
5441349.953695784,0.0,115.0,,0.7,102.0,0.00021,,,2021-09-23 13:45:00
5441350.95381796,0.0,113.0,,0.7,102.0,0.000262,,,2021-09-23 13:50:00
5441351.9539401345,0.0,109.0,,0.7,93.0,0.000208,,,2021-09-23 13:55:00
5441352.954062309,0.0,104.0,,0.7,91.0,0.000206,,,2021-09-23 14:00:00
5441353.954184484,0.0,104.0,98.0,0.7,93.0,0.00021,,,2021-09-23 14:05:00
5441354.954306658,0.0,102.0,,0.7,94.0,0.000211,,,2021-09-23 14:10:00
5441355.954428833,0.0,99.0,,0.7,93.0,0.000218,,,2021-09-23 14:15:00
5441356.954551008,0.0,98.0,,0.7,93.0,0.000208,,,2021-09-23 14:20:00
5441357.954673182,0.0,97.0,,0.7,102.0,0.000201,,,2021-09-23 14:25:00
5441358.954795357,0.0,95.0,,0.7,100.0,0.000182,,,2021-09-23 14:30:00
5441359.954917531,0.0,90.0,,0.7,94.0,0.000183,,,2021-09-23 14:35:00
5441360.955039706,0.0,86.0,,0.7,90.0,0.000195,,,2021-09-23 14:40:00
5441361.955161882,0.0,85.0,,0.7,92.0,0.000189,,,2021-09-23 14:45:00
5441362.955284056,0.0,85.0,,0.7,89.0,0.000184,,,2021-09-23 14:50:00
5441363.955406231,0.0,85.0,,0.7,91.0,0.000193,,,2021-09-23 14:55:00
5441364.9555284055,0.0,83.0,,0.7,92.0,0.000185,,,2021-09-23 15:00:00
5441365.95565058,0.0,81.0,,0.7,94.0,0.000196,,,2021-09-23 15:05:00
5441366.955772755,0.0,78.0,,0.7,101.0,0.000171,,,2021-09-23 15:10:00
5441367.955894929,0.0,78.0,,0.7,101.0,0.00013,,,2021-09-23 15:15:00
5441368.956017104,0.0,78.0,,0.7,93.0,0.000115,,,2021-09-23 15:20:00
5441369.956139279,0.0,78.0,,0.7,93.0,0.000107,,,2021-09-23 15:25:00
5441370.956261453,0.0,77.0,,0.7,91.0,0.000105,,,2021-09-23 15:30:00
5441371.956383629,0.0,77.0,,0.7,96.0,9.8e-05,,,2021-09-23 15:35:00
5441372.956505803,0.0,78.0,,0.7,105.0,9.5e-05,,,2021-09-23 15:40:00
5441373.956627978,0.0,80.0,,0.7,99.0,0.000105,,,2021-09-23 15:45:00
5441374.956750153,0.0,78.0,,0.7,94.0,0.000115,,,2021-09-23 15:50:00
5441375.956872327,0.0,77.0,,0.7,90.0,0.000103,,,2021-09-23 15:55:00
5441376.956994502,0.0,76.0,,0.7,108.0,7.7e-05,,,2021-09-23 16:00:00
5441377.9571166765,0.0,79.0,,0.7,106.0,7.7e-05,,,2021-09-23 16:05:00
5441378.957238851,0.0,83.0,,0.7,109.0,8.7e-05,,,2021-09-23 16:10:00
5441379.957361026,0.0,90.0,,0.7,123.0,0.002856,,,2021-09-23 16:15:00
5441380.9574832,0.0,96.0,,0.7,126.0,6.382,,,2021-09-23 16:20:00
5441381.957605375,0.0,100.0,,0.7,107.0,14.58,,,2021-09-23 16:25:00
5441382.9577275505,0.0,98.0,,0.7,105.0,15.26,,,2021-09-23 16:30:00
5441383.957849725,0.0,96.0,,0.7,114.0,13.36,,,2021-09-23 16:35:00
5441384.9579719,0.0,95.0,,0.7,110.0,12.54,,,2021-09-23 16:40:00
5441385.958094074,0.0,93.0,,0.7,121.0,12.16,,,2021-09-23 16:45:00
5441386.958216249,0.0,91.0,,0.7,119.0,8.462,,,2021-09-23 16:50:00
5441387.958338424,0.0,92.0,,0.7,117.0,6.57,,,2021-09-23 16:55:00
5441388.958460598,0.0,94.0,,0.7,112.0,5.428,,,2021-09-23 17:00:00
5441389.958582773,0.0,97.0,,0.7,105.0,3.8,,,2021-09-23 17:05:00
5441390.9587049475,0.0,98.0,,0.7,126.0,3.588,,,2021-09-23 17:10:00
5441391.958827122,0.0,93.0,,0.7,129.0,6.416,,,2021-09-23 17:15:00
5441392.958949298,0.0,92.0,,0.7,116.0,10.902,,,2021-09-23 17:20:00
5441393.959071472,0.0,93.0,,0.7,117.0,10.954,,,2021-09-23 17:25:00
5441394.959193647,0.0,96.0,,0.7,124.0,5.454,,,2021-09-23 17:30:00
5441395.9593158215,0.0,97.0,,0.7,112.0,4.172,,,2021-09-23 17:35:00
5441396.959437996,0.0,97.0,,0.7,109.0,2.782,,,2021-09-23 17:40:00
5441397.959560171,0.0,99.0,,0.7,108.0,1.5002,,,2021-09-23 17:45:00
5441398.959682345,0.0,100.0,,0.7,107.0,0.7432,,,2021-09-23 17:50:00
5441399.95980452,0.0,103.0,83.0,0.7,118.0,0.3196,,,2021-09-23 17:55:00
5441400.959926695,0.0,105.0,,0.7,115.0,0.213,,,2021-09-23 18:00:00
5441401.960048869,0.0,107.0,,0.7,120.0,0.1294,,,2021-09-23 18:05:00
5441402.960171045,0.0,111.0,,0.7,126.0,0.11002,,,2021-09-23 18:10:00
5441403.960293219,0.0,116.0,83.0,0.7,119.0,0.08558,,3.9,2021-09-23 18:15:00
5441404.960415394,0.0,122.0,,0.7,112.0,0.08706,,,2021-09-23 18:20:00
5441405.960537569,0.0,130.0,,0.7,109.0,0.06502,15.0,,2021-09-23 18:25:00
5441406.960659743,0.0,137.0,,0.7,113.0,0.05014,,,2021-09-23 18:30:00
5441407.960781918,0.0,100.0,,0.7,108.0,0.03962,,,2021-09-23 18:35:00
5441408.9609040925,0.0,103.0,,0.7,118.0,0.03276,,,2021-09-23 18:40:00
5441409.961026267,0.0,106.0,,0.7,117.0,0.02896,,,2021-09-23 18:45:00
5441410.961148442,0.0,106.0,,0.7,118.0,0.027,,,2021-09-23 18:50:00
5441411.961270616,0.0,107.0,,0.7,113.0,0.0196,,,2021-09-23 18:55:00
5441412.961392791,0.0,109.0,,0.7,112.0,0.02036,,,2021-09-23 19:00:00
5441413.961514967,0.0,113.0,,0.7,116.0,0.0177,,,2021-09-23 19:05:00
5441414.961637141,0.0,116.0,,0.7,112.0,0.013326,,,2021-09-23 19:10:00
5441415.961759316,0.0,119.0,,0.7,113.0,0.01212,,,2021-09-23 19:15:00
5441416.96188149,0.0,122.0,,0.7,111.0,0.009888,,,2021-09-23 19:20:00
5441417.962003665,0.0,125.0,,0.7,111.0,0.009252,,,2021-09-23 19:25:00
5441418.96212584,0.0,128.0,,0.7,112.0,0.007726,,,2021-09-23 19:30:00
5441419.962248014,0.0,131.0,,0.7,111.0,0.007826,,,2021-09-23 19:35:00
5441420.962370189,0.0,134.0,,0.7,113.0,0.007098,,,2021-09-23 19:40:00
5441421.9624923635,0.0,133.0,,0.7,112.0,0.007888,,,2021-09-23 19:45:00
5441422.962614538,0.0,133.0,,0.7,115.0,0.007262,,,2021-09-23 19:50:00
5441423.962736714,0.0,135.0,,0.7,112.0,0.010348,,,2021-09-23 19:55:00
5441424.962858888,0.0,138.0,,0.7,116.0,0.08816,,,2021-09-23 20:00:00
5441425.962981063,0.0,140.0,,0.7,112.0,0.0588,,,2021-09-23 20:05:00
5441426.963103238,0.0,142.0,,0.7,109.0,0.04134,,,2021-09-23 20:10:00
5441427.963225412,0.0,144.0,,0.7,108.0,0.03544,,,2021-09-23 20:15:00
5441428.963347587,0.0,147.0,,0.7,107.0,0.03256,,,2021-09-23 20:20:00
5441429.963469761,0.0,149.0,,0.7,119.0,0.02498,,,2021-09-23 20:25:00
5441430.963591936,0.0,152.0,,0.7,115.0,0.02334,,,2021-09-23 20:30:00
5441431.963714111,0.0,155.0,153.0,0.7,110.0,0.01864,,6.5,2021-09-23 20:35:00
5441432.963836285,0.0,159.0,225.0,0.7,109.0,0.01366,,9.2,2021-09-23 20:40:00
5441433.96395846,0.0,166.0,,0.7,106.0,0.01306,,,2021-09-23 20:45:00
5441434.964080635,0.0,173.0,,0.7,105.0,0.0132,,,2021-09-23 20:50:00
5441435.96420281,0.0,158.0,,0.7,104.0,0.01326,,,2021-09-23 20:55:00
5441436.964324985,0.0,163.0,,0.7,106.0,0.01092,,,2021-09-23 21:00:00
5441437.964447159,0.0,166.0,,0.7,106.0,0.010004,,,2021-09-23 21:05:00
5441438.964569334,0.0,169.0,,0.7,105.0,0.00924,,,2021-09-23 21:10:00
5441439.964691509,0.0,171.0,,0.7,106.0,0.009158,,,2021-09-23 21:15:00
5441440.964813683,0.0,170.0,,0.7,106.0,0.00806,,,2021-09-23 21:20:00
5441441.964935858,0.0,169.0,,0.7,105.0,0.007228,,,2021-09-23 21:25:00
5441442.965058032,0.0,169.0,,0.7,106.0,0.00639,,,2021-09-23 21:30:00
5441443.965180207,0.0,169.0,,0.7,107.0,0.00559,,,2021-09-23 21:35:00
5441444.965302383,0.0,168.0,,0.7,106.0,0.005422,,,2021-09-23 21:40:00
5441445.965424557,0.0,168.0,,0.7,104.0,0.004864,,,2021-09-23 21:45:00
5441446.965546732,0.0,169.0,,0.7,105.0,0.003874,,,2021-09-23 21:50:00
5441447.965668906,0.0,168.0,259.0,0.7,109.0,0.00394,,11.5,2021-09-23 21:55:00
5441448.965791081,0.0,170.0,,0.7,112.0,0.005664,,,2021-09-23 22:00:00
5441449.965913256,0.0,171.0,,0.7,110.0,0.03396,,,2021-09-23 22:05:00
5441450.96603543,0.0,198.0,,0.7,108.0,0.02432,,,2021-09-23 22:10:00
5441451.966157605,0.0,197.0,,0.7,108.0,0.02656,,,2021-09-23 22:15:00
5441452.96627978,0.0,193.0,,0.7,107.0,0.011634,,,2021-09-23 22:20:00
5441453.966401954,0.0,192.0,,0.7,103.0,0.008042,,,2021-09-23 22:25:00
5441454.966524129,0.0,190.0,,0.7,101.0,0.009222,,,2021-09-23 22:30:00
5441455.966646304,0.0,186.0,,0.7,103.0,0.0129,,,2021-09-23 22:35:00
5441456.966768479,0.0,187.0,,0.7,102.0,0.009962,,,2021-09-23 22:40:00
5441457.966890654,0.0,183.0,,0.7,108.0,0.004974,,,2021-09-23 22:45:00
5441458.967012828,0.0,174.0,,0.7,101.0,0.005808,,,2021-09-23 22:50:00
5441459.967135003,0.0,166.0,,0.7,100.0,0.005224,,,2021-09-23 22:55:00
5441460.967257177,0.0,157.0,,0.7,100.0,0.003374,,,2021-09-23 23:00:00
5441461.967379352,0.0,150.0,,0.7,100.0,0.001624,,,2021-09-23 23:05:00
5441462.967501527,0.0,143.0,,0.7,99.0,0.001016,,,2021-09-23 23:10:00
5441463.967623701,0.0,138.0,,0.7,99.0,0.000833,,,2021-09-23 23:15:00
5441464.967745876,0.0,132.0,,0.7,98.0,0.00087,,,2021-09-23 23:20:00
5441465.9678680515,0.0,127.0,,0.7,97.0,0.000962,,,2021-09-23 23:25:00
5441466.967990226,0.0,122.0,,0.7,97.0,0.000942,,,2021-09-23 23:30:00
5441467.968112401,0.0,117.0,,0.7,95.0,0.000858,,,2021-09-23 23:35:00
5441468.968234575,0.0,113.0,,0.7,96.0,0.00084,,,2021-09-23 23:40:00
5441469.96835675,0.0,109.0,,0.7,95.0,0.00085,,,2021-09-23 23:45:00
5441470.968478925,0.0,105.0,,0.7,94.0,0.000922,,,2021-09-23 23:50:00
5441471.968601099,0.0,101.0,,0.7,93.0,0.001072,,,2021-09-23 23:55:00
5441472.968723274,0.0,98.0,,0.7,92.0,0.001252,,,2021-09-24 00:00:00
5441473.968845448,0.0,94.0,,0.7,97.0,0.001153,,,2021-09-24 00:05:00
5441474.968967623,0.0,93.0,,0.7,95.0,0.001056,,,2021-09-24 00:10:00
5441475.969089799,0.0,97.0,,0.7,91.0,0.001258,,,2021-09-24 00:15:00
5441476.969211973,0.0,95.0,,0.7,90.0,0.00138,,,2021-09-24 00:20:00
5441477.969334148,0.0,91.0,,0.7,93.0,0.001386,,,2021-09-24 00:25:00
5441478.9694563225,0.0,88.0,,0.7,90.0,0.000849,,,2021-09-24 00:30:00
5441479.969578497,0.0,85.0,,0.7,91.0,0.001085,,,2021-09-24 00:35:00
5441480.969700672,0.0,83.0,,0.7,89.0,0.00135,,,2021-09-24 00:40:00
5441481.969822846,0.0,80.0,88.0,0.7,90.0,0.000843,,,2021-09-24 00:45:00
5441482.969945021,0.0,76.0,,0.7,88.0,0.00094,,,2021-09-24 00:50:00
5441483.970067196,0.0,72.0,,0.7,89.0,0.001013,,,2021-09-24 00:55:00
5441484.97018937,0.0,72.0,,0.7,85.0,0.00161,,,2021-09-24 01:00:00
5441485.970311545,0.0,71.0,,0.7,84.0,0.001684,,,2021-09-24 01:05:00
5441486.97043372,0.0,70.0,,0.7,84.0,0.001748,,,2021-09-24 01:10:00
5441487.970555895,0.0,69.0,,0.7,85.0,0.001894,,,2021-09-24 01:15:00
5441488.97067807,0.0,67.0,,0.7,84.0,0.001394,,,2021-09-24 01:20:00
5441489.970800244,0.0,66.0,,0.7,91.0,0.001038,,,2021-09-24 01:25:00
5441490.970922419,0.0,68.0,,0.7,87.0,0.001009,,,2021-09-24 01:30:00
5441491.9710445935,0.0,65.0,,0.7,84.0,0.001081,,,2021-09-24 01:35:00
5441492.971166768,0.0,62.0,,0.7,82.0,0.001184,,,2021-09-24 01:40:00
5441493.971288943,0.0,59.0,,0.7,96.0,0.000919,,,2021-09-24 01:45:00
5441494.971411117,0.0,57.0,67.0,0.7,101.0,0.000797,,,2021-09-24 01:50:00
5441495.971533292,0.0,54.0,,0.7,90.0,0.000852,,,2021-09-24 01:55:00
5441496.9716554675,0.0,51.0,,0.7,87.0,0.000924,,,2021-09-24 02:00:00
5441497.971777642,0.0,58.0,,0.7,86.0,0.000992,,,2021-09-24 02:05:00
5441498.971899817,0.0,61.0,,0.7,84.0,0.000918,,,2021-09-24 02:10:00
5441499.972021991,0.0,63.0,,0.7,84.0,0.000835,,,2021-09-24 02:15:00
5441500.972144166,0.0,65.0,,0.7,81.0,0.000943,,,2021-09-24 02:20:00
5441501.972266341,0.0,70.0,,0.7,81.0,0.00116,,,2021-09-24 02:25:00
5441502.972388515,0.0,77.0,,0.7,82.0,0.001264,,,2021-09-24 02:30:00
5441503.97251069,0.0,81.0,,0.7,82.0,0.000776,,,2021-09-24 02:35:00
5441504.9726328645,0.0,86.0,,0.7,83.0,0.000487,,,2021-09-24 02:40:00
5441505.972755039,0.0,91.0,,0.7,82.0,0.000822,,,2021-09-24 02:45:00
5441506.972877214,0.0,94.0,,0.7,84.0,0.000714,,,2021-09-24 02:50:00
5441507.972999389,0.0,96.0,,0.7,86.0,0.000735,,,2021-09-24 02:55:00
5441508.973121564,0.0,95.0,,0.7,87.0,0.000894,,,2021-09-24 03:00:00
5441509.9732437385,0.0,94.0,,0.7,86.0,0.001072,,,2021-09-24 03:05:00
5441510.973365913,0.0,92.0,,0.7,85.0,0.001244,,,2021-09-24 03:10:00
5441511.973488088,0.0,89.0,,0.7,84.0,0.000698,,,2021-09-24 03:15:00
5441512.973610262,0.0,88.0,,0.7,82.0,0.000532,,,2021-09-24 03:20:00
5441513.973732437,0.0,86.0,,0.7,81.0,0.000514,25.0,,2021-09-24 03:25:00
5441514.973854612,0.0,86.0,,0.7,80.0,0.000788,,,2021-09-24 03:30:00
5441515.973976786,0.0,86.0,,0.7,77.0,0.000878,,,2021-09-24 03:35:00
5441516.974098961,0.0,85.0,,0.7,78.0,0.000932,,,2021-09-24 03:40:00
5441517.974221136,0.0,82.0,,0.7,81.0,0.000988,,,2021-09-24 03:45:00
5441518.974343311,0.0,79.0,,0.7,108.0,0.000391,,,2021-09-24 03:50:00
5441519.974465486,0.0,77.0,,0.7,90.0,9.8e-05,,,2021-09-24 03:55:00
5441520.97458766,0.0,75.0,,0.7,77.0,0.000107,,,2021-09-24 04:00:00
5441521.974709835,0.0,73.0,,0.7,77.0,0.000178,,,2021-09-24 04:05:00
5441522.9748320095,0.0,71.0,,0.7,79.0,0.000236,,,2021-09-24 04:10:00
5441523.974954184,0.0,70.0,,0.7,89.0,0.000277,,,2021-09-24 04:15:00
5441524.975076359,0.0,70.0,,0.7,77.0,0.000286,,,2021-09-24 04:20:00
5441525.975198533,0.0,71.0,,0.7,84.0,0.000269,,,2021-09-24 04:25:00
5441526.975320708,0.0,69.0,,0.7,86.0,0.000217,,,2021-09-24 04:30:00
5441527.975442883,0.0,67.0,,0.7,136.0,0.000185,,,2021-09-24 04:35:00
5441528.975565058,0.0,64.0,,0.7,125.0,0.000178,,,2021-09-24 04:40:00
5441529.975687233,0.0,61.0,,0.7,76.0,0.000215,,,2021-09-24 04:45:00
5441530.975809407,0.0,60.0,,0.7,80.0,0.000248,,,2021-09-24 04:50:00
5441531.975931582,0.0,61.0,,0.7,78.0,0.000312,,,2021-09-24 04:55:00
5441532.976053757,0.0,64.0,,0.7,77.0,0.000217,,,2021-09-24 05:00:00
5441533.976175931,0.0,67.0,,0.7,78.0,0.000217,,,2021-09-24 05:05:00
5441534.976298106,0.0,67.0,,0.7,92.0,0.000232,,,2021-09-24 05:10:00
5441535.9764202805,0.0,69.0,,0.7,,,,,2021-09-24 05:15:00
5441536.976542455,0.0,72.0,,0.7,,,,,2021-09-24 05:20:00
5441537.97666463,0.0,74.0,,0.7,,,,,2021-09-24 05:25:00
5441538.976786805,0.0,73.0,,0.7,,,,,2021-09-24 05:30:00
5441539.97690898,0.0,71.0,,0.7,,,,,2021-09-24 05:35:00
5441540.977031155,0.0,72.0,,0.7,,,,,2021-09-24 05:40:00
5441541.977153329,0.0,73.0,87.0,0.7,,,18.0,3.3,2021-09-24 05:45:00
5441542.977275504,0.0,75.0,,0.7,,,,,2021-09-24 05:50:00
5441543.977397678,0.0,76.0,,0.7,,,,,2021-09-24 05:55:00
5441544.977519853,0.0,77.0,,0.7,,,,,2021-09-24 06:00:00
5441545.977642028,0.0,79.0,,0.7,,,,,2021-09-24 06:05:00
5441546.977764202,0.0,84.0,,0.7,105.0,0.000319,,,2021-09-24 06:10:00
5441547.977886377,0.0,90.0,,0.7,112.0,0.062646,,,2021-09-24 06:15:00
5441548.9780085515,0.0,98.0,,0.7,105.0,3.416,,,2021-09-24 06:20:00
5441549.978130727,0.0,104.0,,0.7,97.0,2.002,,,2021-09-24 06:25:00
5441550.978252902,0.0,109.0,,0.7,106.0,0.8882,,,2021-09-24 06:30:00
5441551.978375076,0.0,115.0,,0.7,103.0,0.4432,,,2021-09-24 06:35:00
5441552.978497251,0.0,121.0,,0.7,111.0,0.3872,,,2021-09-24 06:40:00
5441553.978619426,0.0,126.0,,0.7,106.0,0.201,,,2021-09-24 06:45:00
5441554.9787416,0.0,129.0,,0.7,113.0,1.543,,,2021-09-24 06:50:00
5441555.978863775,0.0,131.0,148.0,0.7,101.0,3.044,,2.4,2021-09-24 06:55:00
5441556.978985949,0.0,127.0,,0.7,99.0,1.576,,,2021-09-24 07:00:00
5441557.979108124,0.0,128.0,,0.7,100.0,1.0546,,,2021-09-24 07:05:00
5441558.979230299,0.0,131.0,,0.7,106.0,1.1124,,,2021-09-24 07:10:00
5441559.979352474,0.0,137.0,,0.7,107.0,1.314,,,2021-09-24 07:15:00
5441560.979474649,0.0,145.0,,0.7,101.0,0.8428,,,2021-09-24 07:20:00
5441561.979596823,0.0,147.0,,0.7,101.0,0.4766,,,2021-09-24 07:25:00
5441562.979718998,0.0,144.0,,0.7,101.0,0.3096,,,2021-09-24 07:30:00
5441563.979841173,0.0,142.0,,0.7,100.0,0.1824,,,2021-09-24 07:35:00
5441564.979963347,0.0,140.0,,0.7,100.0,0.1617,,,2021-09-24 07:40:00
5441565.980085522,0.0,141.0,,0.7,103.0,0.1504,,,2021-09-24 07:45:00
5441566.980207697,0.0,143.0,,0.7,109.0,0.10526,,,2021-09-24 07:50:00
5441567.980329871,0.0,148.0,,0.7,109.0,0.1198,,,2021-09-24 07:55:00
5441568.980452046,0.0,152.0,,0.7,104.0,0.09238,,,2021-09-24 08:00:00
5441569.980574221,0.0,156.0,,0.7,104.0,0.08464,,,2021-09-24 08:05:00
5441570.980696396,0.0,157.0,,0.7,99.0,0.04892,,,2021-09-24 08:10:00
5441571.980818571,0.0,156.0,,0.7,96.0,0.04626,,,2021-09-24 08:15:00
5441572.980940745,0.0,156.0,,0.7,93.0,0.02586,,,2021-09-24 08:20:00
5441573.98106292,0.0,162.0,197.0,0.7,96.0,0.02474,,4.9,2021-09-24 08:25:00
5441574.981185094,0.0,158.0,,0.7,103.0,0.03346,,,2021-09-24 08:30:00
5441575.981307269,0.0,161.0,,0.7,99.0,0.02682,,,2021-09-24 08:35:00
5441576.981429444,0.0,162.0,,0.7,92.0,0.02536,,,2021-09-24 08:40:00
5441577.981551618,0.0,158.0,,0.7,98.0,0.02288,,,2021-09-24 08:45:00
5441578.981673793,0.0,157.0,,0.7,93.0,0.02342,,,2021-09-24 08:50:00
5441579.981795968,0.0,156.0,,0.7,97.0,0.01718,,,2021-09-24 08:55:00
5441580.981918143,0.0,162.0,,0.7,92.0,0.0171,,,2021-09-24 09:00:00
5441581.982040318,0.0,162.0,,0.7,91.0,0.01802,,,2021-09-24 09:05:00
5441582.982162492,0.0,160.0,,0.7,93.0,0.01634,,,2021-09-24 09:10:00
5441583.982284667,0.0,158.0,,0.7,96.0,0.014704,,,2021-09-24 09:15:00
5441584.982406842,0.0,158.0,,0.7,99.0,0.01576,,,2021-09-24 09:20:00
5441585.982529016,0.0,156.0,198.0,0.7,93.0,0.01294,,7.9,2021-09-24 09:25:00
5441586.982651191,0.0,156.0,,0.7,100.0,0.0164,,,2021-09-24 09:30:00
5441587.982773365,0.0,161.0,,0.7,98.0,0.01548,,,2021-09-24 09:35:00
5441588.98289554,0.0,190.0,,0.7,97.0,0.0142,,,2021-09-24 09:40:00
5441589.983017715,0.0,189.0,,0.7,98.0,0.01348,,,2021-09-24 09:45:00
5441590.98313989,0.0,191.0,,0.7,95.0,0.01464,,,2021-09-24 09:50:00
5441591.983262065,0.0,184.0,,0.7,94.0,0.01388,,,2021-09-24 09:55:00
5441592.9833842395,0.0,177.0,,0.7,91.0,0.01642,,,2021-09-24 10:00:00
5441593.983506414,0.0,173.0,,0.7,91.0,0.01764,,,2021-09-24 10:05:00
5441594.983628589,0.0,173.0,,0.7,97.0,0.011202,,,2021-09-24 10:10:00
5441595.983750763,0.0,173.0,,0.7,109.0,0.010224,,,2021-09-24 10:15:00
5441596.983872938,0.0,173.0,,0.7,97.0,0.01166,,,2021-09-24 10:20:00
5441597.983995113,0.0,167.0,,0.7,91.0,0.009486,,,2021-09-24 10:25:00
5441598.984117287,0.0,161.0,,0.7,95.0,0.007168,,,2021-09-24 10:30:00
5441599.984239462,0.0,158.0,,0.7,98.0,0.004312,,,2021-09-24 10:35:00
5441600.984361636,0.0,155.0,,0.7,93.0,0.008104,,,2021-09-24 10:40:00
5441601.984483812,0.0,148.0,,0.7,91.0,0.008544,,,2021-09-24 10:45:00
5441602.984605987,0.0,142.0,,0.7,94.0,0.008594,,,2021-09-24 10:50:00
5441603.984728161,0.0,137.0,,0.7,89.0,0.006278,,,2021-09-24 10:55:00
5441604.984850336,0.0,132.0,,0.7,94.0,0.005608,,,2021-09-24 11:00:00
5441605.9849725105,0.0,129.0,113.0,0.7,92.0,0.0064,,,2021-09-24 11:05:00
5441606.985094685,0.0,125.0,,0.7,94.0,0.007698,,,2021-09-24 11:10:00
5441607.98521686,0.0,122.0,,0.7,94.0,0.00613,,,2021-09-24 11:15:00
5441608.985339034,0.0,119.0,113.0,0.7,107.0,0.000687,,10.2,2021-09-24 11:20:00
5441609.985461209,0.0,115.0,,0.7,106.0,0.001121,35.0,,2021-09-24 11:25:00
5441610.985583384,0.0,109.0,,0.7,104.0,0.001147,,,2021-09-24 11:30:00
5441611.985705559,0.0,106.0,,0.7,101.0,0.001656,,,2021-09-24 11:35:00
5441612.985827734,0.0,102.0,,0.7,101.0,0.001858,,,2021-09-24 11:40:00
5441613.985949908,0.0,104.0,,0.7,104.0,0.001255,,,2021-09-24 11:45:00
5441614.986072083,0.0,111.0,,0.7,104.0,0.001445,,,2021-09-24 11:50:00
5441615.986194258,0.0,121.0,,0.7,108.0,0.00131,,,2021-09-24 11:55:00
5441616.986316432,0.0,129.0,,0.7,104.0,0.003648,,,2021-09-24 12:00:00
5441617.986438607,0.0,130.0,,0.7,102.0,0.008072,,,2021-09-24 12:05:00
5441618.9865607815,0.0,126.0,,0.7,101.0,0.004198,,,2021-09-24 12:10:00
5441619.986682956,0.0,127.0,,0.7,101.0,0.002616,,,2021-09-24 12:15:00
5441620.986805131,0.0,128.0,,0.7,100.0,0.002334,,,2021-09-24 12:20:00
5441621.986927305,0.0,130.0,,0.7,101.0,0.002214,,,2021-09-24 12:25:00
5441622.987049481,0.0,138.0,,0.7,100.0,0.002068,,,2021-09-24 12:30:00
5441623.9871716555,0.0,143.0,,0.7,98.0,0.001916,,,2021-09-24 12:35:00
5441624.98729383,0.0,153.0,,0.7,97.0,0.00148,,,2021-09-24 12:40:00
5441625.987416005,0.0,159.0,,0.7,100.0,0.001526,,,2021-09-24 12:45:00
5441626.987538179,0.0,163.0,,0.7,100.0,0.001684,,,2021-09-24 12:50:00
5441627.987660354,0.0,167.0,,0.7,101.0,0.00178,,,2021-09-24 12:55:00
5441628.987782529,0.0,167.0,154.0,0.7,100.0,0.001755,,2.1,2021-09-24 13:00:00
5441629.987904703,0.0,165.0,,0.7,100.0,0.00192,,,2021-09-24 13:05:00
5441630.988026878,0.0,163.0,,0.7,103.0,0.001122,,,2021-09-24 13:10:00
5441631.9881490525,0.0,165.0,,0.7,101.0,0.000969,,,2021-09-24 13:15:00
5441632.988271228,0.0,171.0,,0.7,101.0,0.000928,,,2021-09-24 13:20:00
5441633.988393403,0.0,177.0,,0.7,98.0,0.000663,,,2021-09-24 13:25:00
5441634.988515577,0.0,179.0,,0.7,101.0,0.00071,,,2021-09-24 13:30:00
5441635.988637752,0.0,177.0,,0.7,109.0,0.000571,,,2021-09-24 13:35:00
5441636.9887599265,0.0,184.0,,0.7,106.0,0.000572,,,2021-09-24 13:40:00
5441637.988882101,0.0,190.0,,0.7,101.0,0.000596,,,2021-09-24 13:45:00
5441638.989004276,0.0,190.0,,0.7,99.0,0.00061,,,2021-09-24 13:50:00
5441639.98912645,0.0,186.0,,0.7,99.0,0.000493,,,2021-09-24 13:55:00
5441640.989248625,0.0,184.0,188.0,0.7,100.0,0.000593,,7.0,2021-09-24 14:00:00
5441641.9893708,0.0,184.0,,0.7,114.0,0.00041,,,2021-09-24 14:05:00
5441642.989492975,0.0,187.0,,0.7,102.0,0.000315,,,2021-09-24 14:10:00
5441643.98961515,0.0,189.0,,0.7,99.0,0.000384,,,2021-09-24 14:15:00
5441644.989737324,0.0,190.0,,0.7,96.0,0.000392,,,2021-09-24 14:20:00
5441645.989859499,0.0,190.0,,0.7,103.0,0.00065,,,2021-09-24 14:25:00
5441646.989981674,0.0,189.0,,0.7,101.0,0.000771,,,2021-09-24 14:30:00
5441647.990103848,0.0,185.0,,0.7,97.0,0.00115,,,2021-09-24 14:35:00
5441648.990226023,0.0,178.0,,0.7,99.0,0.001391,,,2021-09-24 14:40:00
5441649.9903481975,0.0,172.0,,0.7,98.0,0.001374,,,2021-09-24 14:45:00
5441650.990470372,0.0,162.0,158.0,0.7,99.0,0.000952,,1.6,2021-09-24 14:50:00
5441651.990592547,0.0,164.0,,0.7,101.0,0.000956,,,2021-09-24 14:55:00
5441652.990714721,0.0,161.0,,0.7,99.0,0.001058,,,2021-09-24 15:00:00
5441653.990836897,0.0,154.0,,0.7,96.0,0.000956,,,2021-09-24 15:05:00
5441654.990959072,0.0,151.0,,0.7,104.0,0.001128,,,2021-09-24 15:10:00
5441655.991081246,0.0,150.0,,0.7,102.0,0.002074,,,2021-09-24 15:15:00
5441656.991203421,0.0,147.0,,0.7,112.0,0.002866,,,2021-09-24 15:20:00
5441657.991325595,0.0,139.0,,0.7,100.0,0.001065,,,2021-09-24 15:25:00
5441658.99144777,0.0,131.0,,0.7,97.0,0.000755,,,2021-09-24 15:30:00
5441659.991569945,0.0,126.0,,0.7,96.0,0.000728,,,2021-09-24 15:35:00
5441660.991692119,0.0,121.0,,0.7,96.0,0.000679,,,2021-09-24 15:40:00
5441661.991814294,0.0,118.0,,0.7,95.0,0.000615,,,2021-09-24 15:45:00
5441662.9919364685,0.0,113.0,,0.7,95.0,0.000456,,,2021-09-24 15:50:00
5441663.992058644,0.0,110.0,,0.7,97.0,0.000398,,,2021-09-24 15:55:00
5441664.992180819,0.0,109.0,113.0,0.7,94.0,0.000444,,14.6,2021-09-24 16:00:00
5441665.992302993,0.0,105.0,,0.7,99.0,0.000217,,,2021-09-24 16:05:00
5441666.992425168,0.0,103.0,,0.7,99.0,0.000267,,,2021-09-24 16:10:00
5441667.992547343,0.0,103.0,,0.7,94.0,0.000215,,,2021-09-24 16:15:00
5441668.992669517,0.0,97.0,,0.7,93.0,0.000218,,,2021-09-24 16:20:00
5441669.992791692,0.0,98.0,,0.7,93.0,0.000234,,,2021-09-24 16:25:00
5441670.992913866,0.0,111.0,,0.7,96.0,0.000252,,,2021-09-24 16:30:00
5441671.993036041,0.0,127.0,,0.7,98.0,0.00024,,,2021-09-24 16:35:00
5441672.993158216,0.0,141.0,,0.7,97.0,0.000269,,,2021-09-24 16:40:00
5441673.99328039,0.0,149.0,,0.7,98.0,0.0003,,,2021-09-24 16:45:00
5441674.993402566,0.0,155.0,,0.7,108.0,0.000188,,,2021-09-24 16:50:00
5441675.99352474,0.0,160.0,,0.7,112.0,0.000176,,,2021-09-24 16:55:00
5441676.993646915,0.0,163.0,,0.7,104.0,0.000165,,,2021-09-24 17:00:00
5441677.99376909,0.0,157.0,,0.7,98.0,0.000191,,,2021-09-24 17:05:00
5441678.993891264,0.0,152.0,,0.7,94.0,0.000207,,,2021-09-24 17:10:00
5441679.994013439,0.0,147.0,,0.7,94.0,0.000288,,,2021-09-24 17:15:00
5441680.994135614,0.0,142.0,,0.7,92.0,0.000247,,,2021-09-24 17:20:00
5441681.994257788,0.0,144.0,,0.7,93.0,0.000284,,,2021-09-24 17:25:00
5441682.994379963,0.0,148.0,,0.7,91.0,0.000274,,,2021-09-24 17:30:00
5441683.994502137,0.0,149.0,,0.7,90.0,0.000219,,,2021-09-24 17:35:00
5441684.994624313,0.0,148.0,,0.7,90.0,0.000235,,,2021-09-24 17:40:00
5441685.994746488,0.0,147.0,,0.7,89.0,0.000228,,,2021-09-24 17:45:00
5441686.994868662,0.0,146.0,,0.7,89.0,0.000221,,,2021-09-24 17:50:00
5441687.994990837,0.0,143.0,,0.7,90.0,0.000215,,,2021-09-24 17:55:00
5441688.995113011,0.0,141.0,,0.7,90.0,0.000214,,,2021-09-24 18:00:00
5441689.995235186,0.0,138.0,,0.7,89.0,0.000136,,,2021-09-24 18:05:00
5441690.995357361,0.0,135.0,,0.7,89.0,9.7e-05,,,2021-09-24 18:10:00
5441691.995479535,0.0,133.0,,0.7,89.0,0.000127,,,2021-09-24 18:15:00
5441692.99560171,0.0,128.0,135.0,0.7,106.0,0.000157,,1.3,2021-09-24 18:20:00
5441693.995723885,0.0,131.0,,0.7,91.0,0.000174,,,2021-09-24 18:25:00
5441694.995846059,0.0,132.0,,0.7,91.0,0.000161,,,2021-09-24 18:30:00
5441695.995968235,0.0,130.0,,0.7,89.0,0.000161,,,2021-09-24 18:35:00
5441696.996090409,0.0,129.0,,0.7,95.0,0.009127,,,2021-09-24 18:40:00
5441697.996212584,0.0,130.0,,0.7,109.0,0.02232,,,2021-09-24 18:45:00
5441698.996334759,0.0,134.0,,0.7,102.0,0.007076,,,2021-09-24 18:50:00
5441699.996456933,0.0,136.0,,0.7,101.0,0.005232,,,2021-09-24 18:55:00
5441700.996579108,0.0,137.0,,0.7,112.0,0.00389,,,2021-09-24 19:00:00
5441701.996701282,0.0,140.0,,0.7,101.0,0.003582,,,2021-09-24 19:05:00
5441702.996823457,0.0,140.0,,0.7,96.0,0.002704,,,2021-09-24 19:10:00
5441703.996945632,0.0,141.0,,0.7,105.0,0.001788,,,2021-09-24 19:15:00
5441704.997067806,0.0,150.0,,0.7,111.0,0.00159,,,2021-09-24 19:20:00
5441705.997189982,0.0,161.0,,0.7,109.0,0.015076,,,2021-09-24 19:25:00
5441706.9973121565,0.0,166.0,,0.7,113.0,0.10792,,,2021-09-24 19:30:00
5441707.997434331,0.0,168.0,,0.7,115.0,0.849,,,2021-09-24 19:35:00
5441708.997556506,0.0,167.0,,0.7,102.0,0.4308,,,2021-09-24 19:40:00
5441709.99767868,0.0,166.0,,0.7,99.0,0.1768,,,2021-09-24 19:45:00
5441710.997800855,0.0,169.0,,0.7,100.0,0.10114,,,2021-09-24 19:50:00
5441711.99792303,0.0,173.0,,0.7,96.0,0.0917,,,2021-09-24 19:55:00
5441712.998045204,0.0,179.0,,0.7,95.0,0.0843,,,2021-09-24 20:00:00
5441713.998167379,0.0,184.0,,0.7,94.0,0.07582,,,2021-09-24 20:05:00
5441714.998289553,0.0,189.0,,0.7,94.0,0.07284,,,2021-09-24 20:10:00
5441715.998411729,0.0,192.0,,0.7,93.0,0.06568,,,2021-09-24 20:15:00
5441716.998533904,0.0,192.0,,0.7,93.0,0.05408,,,2021-09-24 20:20:00
5441717.998656078,0.0,193.0,,0.7,92.0,0.05504,,,2021-09-24 20:25:00
5441718.998778253,0.0,191.0,,0.7,91.0,0.049,,,2021-09-24 20:30:00
5441719.9989004275,0.0,188.0,160.0,0.7,92.0,0.03822,,,2021-09-24 20:35:00
5441720.999022602,0.0,188.0,,0.7,105.0,0.03924,,,2021-09-24 20:40:00
5441721.999144777,0.0,185.0,160.0,0.7,107.0,0.03394,,10.4,2021-09-24 20:45:00
5441722.999266951,0.0,179.0,,0.7,107.0,0.02998,,,2021-09-24 20:50:00
5441723.999389126,0.0,170.0,,0.7,101.0,0.02528,,,2021-09-24 20:55:00
5441724.999511301,0.0,162.0,,0.7,95.0,0.017792,,,2021-09-24 21:00:00
5441725.999633475,0.0,155.0,,0.7,108.0,0.01916,,,2021-09-24 21:05:00
5441726.999755651,0.0,151.0,,0.7,97.0,0.01756,,,2021-09-24 21:10:00
5441727.999877825,0.0,148.0,,0.7,90.0,0.016934,,,2021-09-24 21:15:00
5441729.0,0.0,146.0,,0.7,88.0,0.006898,,,2021-09-24 21:25:00
5441730.000122175,0.0,145.0,,0.7,88.0,0.008398,,,2021-09-24 21:30:00
5441731.000244349,0.0,145.0,,0.7,91.0,0.003384,,,2021-09-24 21:35:00
5441732.000366524,0.0,143.0,,0.7,88.0,0.003742,,,2021-09-24 21:40:00
5441733.0004886985,0.0,141.0,,0.7,87.0,0.004574,,,2021-09-24 21:45:00
5441734.000610873,0.0,140.0,,0.7,88.0,0.004436,,,2021-09-24 21:50:00
5441735.000733048,0.0,137.0,,0.7,87.0,0.003256,,,2021-09-24 21:55:00
5441736.000855222,0.0,134.0,,0.7,87.0,0.003436,,,2021-09-24 22:00:00
5441737.000977398,0.0,129.0,,0.7,85.0,0.000229,,,2021-09-24 22:05:00
5441738.0010995725,0.0,123.0,,0.7,85.0,0.00021,,,2021-09-24 22:10:00
5441739.001221747,0.0,120.0,,0.7,84.0,0.000186,,,2021-09-24 22:15:00
5441740.001343922,0.0,116.0,,0.7,85.0,0.000202,,,2021-09-24 22:20:00
5441741.001466096,0.0,113.0,,0.7,85.0,0.000212,,,2021-09-24 22:25:00
5441742.001588271,0.0,108.0,,0.7,85.0,0.000206,,,2021-09-24 22:30:00
5441743.001710446,0.0,105.0,,0.7,86.0,0.000196,,,2021-09-24 22:35:00
5441744.00183262,0.0,102.0,,0.7,87.0,0.000206,,,2021-09-24 22:40:00
5441745.001954795,0.0,99.0,,0.7,87.0,0.000201,,,2021-09-24 22:45:00
5441746.0020769695,0.0,96.0,,0.7,88.0,0.000228,,,2021-09-24 22:50:00
5441747.002199144,0.0,93.0,66.0,0.7,103.0,0.000242,,,2021-09-24 22:55:00
5441748.00232132,0.0,91.0,,0.7,89.0,0.000218,,,2021-09-24 23:00:00
5441749.002443494,0.0,86.0,,0.7,90.0,0.000192,,,2021-09-24 23:05:00
5441750.002565669,0.0,70.0,,0.7,84.0,0.000169,,,2021-09-24 23:10:00
5441751.0026878435,0.0,68.0,,0.7,85.0,0.000187,,,2021-09-24 23:15:00
5441752.002810018,0.0,68.0,,0.7,86.0,0.000131,,,2021-09-24 23:20:00
5441753.002932193,0.0,72.0,,0.7,84.0,0.000149,,,2021-09-24 23:25:00
5441754.003054367,0.0,77.0,,0.7,83.0,0.000159,,,2021-09-24 23:30:00
5441755.003176542,0.0,78.0,,0.7,99.0,0.000181,,,2021-09-24 23:35:00
5441756.003298717,0.0,78.0,,0.7,96.0,0.000169,,,2021-09-24 23:40:00
5441757.003420891,0.0,79.0,,0.7,85.0,0.000131,,,2021-09-24 23:45:00
5441758.003543067,0.0,79.0,,0.7,83.0,0.00015,,,2021-09-24 23:50:00
5441759.003665241,0.0,80.0,,0.7,82.0,0.000168,,,2021-09-24 23:55:00
5441760.003787416,0.0,81.0,,0.7,83.0,0.000154,,,2021-09-25 00:00:00
5441761.003909591,0.0,82.0,,0.7,83.0,0.000165,,,2021-09-25 00:05:00
5441762.004031765,0.0,82.0,,0.7,83.0,0.000169,,,2021-09-25 00:10:00
5441763.00415394,0.0,83.0,,0.7,82.0,0.000168,,,2021-09-25 00:15:00
5441764.0042761145,0.0,84.0,,0.7,84.0,0.00016,,,2021-09-25 00:20:00
5441765.004398289,0.0,85.0,,0.7,83.0,0.000144,,,2021-09-25 00:25:00
5441766.004520464,0.0,88.0,,0.7,82.0,0.000125,,,2021-09-25 00:30:00
5441767.004642638,0.0,87.0,,0.7,84.0,0.000114,,,2021-09-25 00:35:00
5441768.004764813,0.0,85.0,,0.7,83.0,0.000108,,,2021-09-25 00:40:00
5441769.004886989,0.0,85.0,,0.7,84.0,0.000105,,,2021-09-25 00:45:00
5441770.005009163,0.0,86.0,,0.7,87.0,0.000102,,,2021-09-25 00:50:00
5441771.005131338,0.0,86.0,,0.7,132.0,8.7e-05,,,2021-09-25 00:55:00
5441772.005253512,0.0,86.0,,0.7,93.0,0.000107,,,2021-09-25 01:00:00
5441773.005375687,0.0,88.0,,0.7,81.0,0.00012,,,2021-09-25 01:05:00
5441774.005497862,0.0,89.0,,0.7,81.0,0.000128,,,2021-09-25 01:10:00
5441775.005620036,0.0,89.0,,0.7,81.0,0.000135,,,2021-09-25 01:15:00
5441776.005742211,0.0,91.0,,0.7,80.0,0.000142,,,2021-09-25 01:20:00
5441777.0058643855,0.0,92.0,,0.7,80.0,0.000152,,,2021-09-25 01:25:00
5441778.00598656,0.0,94.0,,0.7,79.0,0.000156,,,2021-09-25 01:30:00
5441779.006108736,0.0,94.0,,0.7,79.0,0.000159,,,2021-09-25 01:35:00
5441780.00623091,0.0,95.0,,0.7,80.0,0.000122,,,2021-09-25 01:40:00
5441781.006353085,0.0,96.0,,0.7,81.0,0.000174,,,2021-09-25 01:45:00
5441782.00647526,0.0,96.0,,0.7,97.0,0.000201,,,2021-09-25 01:50:00
5441783.006597434,0.0,94.0,,0.7,99.0,0.000189,,,2021-09-25 01:55:00
5441784.006719609,0.0,93.0,,0.7,138.0,0.00021,,,2021-09-25 02:00:00
5441785.006841783,0.0,91.0,,0.7,131.0,0.00023,,,2021-09-25 02:05:00
5441786.006963958,0.0,91.0,,0.7,83.0,0.000277,,,2021-09-25 02:10:00
5441787.007086133,0.0,91.0,,0.7,74.0,0.000295,,,2021-09-25 02:15:00
5441788.007208307,0.0,92.0,,0.7,74.0,0.000313,,,2021-09-25 02:20:00
5441789.007330482,0.0,93.0,,0.7,74.0,0.000333,,,2021-09-25 02:25:00
5441790.007452657,0.0,94.0,,0.7,76.0,0.000258,,,2021-09-25 02:30:00
5441791.007574832,0.0,95.0,,0.7,77.0,0.00023,,,2021-09-25 02:35:00
5441792.007697007,0.0,97.0,,0.7,76.0,0.00023,,,2021-09-25 02:40:00
5441793.007819181,0.0,99.0,,0.7,77.0,0.000245,,,2021-09-25 02:45:00
5441794.007941356,0.0,100.0,,0.7,77.0,0.000251,,,2021-09-25 02:50:00
5441795.008063531,0.0,100.0,,0.7,77.0,0.000279,,,2021-09-25 02:55:00
5441796.008185705,0.0,101.0,,0.7,78.0,0.000314,,,2021-09-25 03:00:00
5441797.00830788,0.0,101.0,,0.7,78.0,0.000274,,,2021-09-25 03:05:00
5441798.008430054,0.0,101.0,,0.7,91.0,0.000251,,,2021-09-25 03:10:00
5441799.008552229,0.0,101.0,,0.7,119.0,0.000185,,,2021-09-25 03:15:00
5441800.008674405,0.0,102.0,,0.7,134.0,0.000251,,,2021-09-25 03:20:00
5441801.008796579,0.0,103.0,,0.7,133.0,0.000139,,,2021-09-25 03:25:00
5441802.008918754,0.0,104.0,,0.7,126.0,0.000136,,,2021-09-25 03:30:00
5441803.009040928,0.0,105.0,,0.7,102.0,0.000138,,,2021-09-25 03:35:00
5441804.009163103,0.0,106.0,,0.7,72.0,0.000141,,,2021-09-25 03:40:00
5441805.009285278,0.0,109.0,,0.7,89.0,0.000152,,,2021-09-25 03:45:00
5441806.009407452,0.0,109.0,,0.7,121.0,0.000243,,,2021-09-25 03:50:00
5441807.009529627,0.0,105.0,,0.7,126.0,0.000261,,,2021-09-25 03:55:00
5441808.009651802,0.0,110.0,,0.7,151.0,0.000253,,,2021-09-25 04:00:00
5441809.009773976,0.0,116.0,,0.7,167.0,0.000223,,,2021-09-25 04:05:00
5441810.009896152,0.0,115.0,,0.7,137.0,0.000226,,,2021-09-25 04:10:00
5441811.010018326,0.0,113.0,,0.7,118.0,0.000231,,,2021-09-25 04:15:00
5441812.010140501,0.0,116.0,,0.7,72.0,0.000236,,,2021-09-25 04:20:00
5441813.010262676,0.0,117.0,,0.7,76.0,0.000281,,,2021-09-25 04:25:00
5441814.01038485,1.0,,,0.7,74.0,0.000313,,,2021-09-25 04:30:00
5441815.010507025,1.0,,,0.7,75.0,0.00034,,,2021-09-25 04:35:00
5441816.010629199,1.0,,,0.7,76.0,0.00037,,,2021-09-25 04:40:00
5441817.010751374,1.0,,,0.7,75.0,0.000326,,,2021-09-25 04:45:00
5441818.010873549,1.0,,,0.7,73.0,0.000311,,,2021-09-25 04:50:00
5441819.010995723,0.0,123.0,,0.7,74.0,0.000316,,,2021-09-25 04:55:00
5441820.011117898,0.0,125.0,,0.7,74.0,0.000324,,,2021-09-25 05:00:00
5441821.0112400735,0.0,126.0,,0.7,74.0,0.000289,,,2021-09-25 05:05:00
5441822.011362248,0.0,126.0,,0.7,76.0,0.000258,,,2021-09-25 05:10:00
5441823.011484423,0.0,126.0,,0.7,122.0,0.0003,,,2021-09-25 05:15:00
5441824.011606597,0.0,125.0,,0.7,106.0,0.000243,,,2021-09-25 05:20:00
5441825.011728772,0.0,127.0,,0.7,75.0,0.000251,,,2021-09-25 05:25:00
5441826.011850947,0.0,129.0,,0.7,84.0,0.00027,,,2021-09-25 05:30:00
5441827.011973121,0.0,133.0,,0.7,82.0,0.000233,,,2021-09-25 05:35:00
5441828.012095296,0.0,132.0,,0.7,80.0,0.000241,,,2021-09-25 05:40:00
5441829.01221747,0.0,132.0,,0.7,75.0,0.000215,,,2021-09-25 05:45:00
5441830.012339645,0.0,132.0,,0.7,73.0,0.000224,,,2021-09-25 05:50:00
5441831.012461821,0.0,132.0,,0.7,76.0,0.000242,,,2021-09-25 05:55:00
5441832.012583995,0.0,132.0,,0.7,76.0,0.000251,,,2021-09-25 06:00:00
5441833.01270617,0.0,134.0,,0.7,84.0,0.000189,,,2021-09-25 06:05:00
5441834.0128283445,0.0,134.0,,0.7,137.0,0.000174,,,2021-09-25 06:10:00
5441835.012950519,0.0,138.0,,0.7,70.0,0.000132,,,2021-09-25 06:15:00
5441836.013072694,0.0,139.0,,0.7,69.0,0.0001,,,2021-09-25 06:20:00
5441837.013194868,0.0,137.0,,0.7,68.0,8.8e-05,,,2021-09-25 06:25:00
5441838.013317043,0.0,136.0,,0.7,68.0,8.3e-05,,,2021-09-25 06:30:00
5441839.013439218,0.0,139.0,,0.7,71.0,7.9e-05,,,2021-09-25 06:35:00
5441840.013561392,0.0,141.0,,0.7,71.0,7.8e-05,,,2021-09-25 06:40:00
5441841.013683567,0.0,144.0,,0.7,74.0,9e-05,,,2021-09-25 06:45:00
5441842.013805742,0.0,144.0,,0.7,76.0,9.4e-05,,,2021-09-25 06:50:00
5441843.013927917,0.0,144.0,,0.7,77.0,9.8e-05,,,2021-09-25 06:55:00
5441844.014050092,0.0,145.0,,0.7,78.0,0.000104,,,2021-09-25 07:00:00
5441845.014172266,0.0,146.0,,0.7,79.0,0.000105,,,2021-09-25 07:05:00
5441846.014294441,0.0,147.0,,0.7,72.0,9.1e-05,,,2021-09-25 07:10:00
5441847.0144166155,0.0,148.0,,0.7,72.0,8.9e-05,,,2021-09-25 07:15:00
5441848.01453879,0.0,149.0,,0.7,73.0,8.6e-05,,,2021-09-25 07:20:00
5441849.014660965,0.0,149.0,,0.7,74.0,7.1e-05,,,2021-09-25 07:25:00
5441850.014783139,0.0,148.0,,0.7,72.0,5.3e-05,,,2021-09-25 07:30:00
5441851.014905314,0.0,152.0,,0.7,75.0,5.9e-05,,,2021-09-25 07:35:00
5441852.0150274895,0.0,151.0,,0.7,74.0,7.3e-05,,,2021-09-25 07:40:00
5441853.015149664,0.0,151.0,,0.7,78.0,7.7e-05,,,2021-09-25 07:45:00
5441854.015271839,0.0,150.0,,0.7,81.0,7.8e-05,,,2021-09-25 07:50:00
5441855.015394013,0.0,147.0,151.0,0.7,104.0,9.7e-05,,,2021-09-25 07:55:00
5441856.015516188,0.0,146.0,,0.7,100.0,0.000125,,,2021-09-25 08:00:00
5441857.015638363,0.0,146.0,,0.7,101.0,0.000127,,,2021-09-25 08:05:00
5441858.015760537,0.0,145.0,,0.7,101.0,0.000141,15.0,,2021-09-25 08:10:00
5441859.015882712,0.0,144.0,151.0,0.7,97.0,0.00016,,5.8,2021-09-25 08:15:00
5441860.0160048865,0.0,146.0,,0.7,94.0,0.000175,,,2021-09-25 08:20:00
5441861.016127061,0.0,152.0,,0.7,93.0,0.000196,,,2021-09-25 08:25:00
5441862.016249236,0.0,170.0,,0.7,87.0,0.000241,,,2021-09-25 08:30:00
5441863.016371411,0.0,157.0,,0.7,88.0,0.000228,,,2021-09-25 08:35:00
5441864.016493586,0.0,160.0,,0.7,87.0,0.000236,,,2021-09-25 08:40:00
5441865.0166157605,0.0,161.0,,0.7,87.0,0.000218,,,2021-09-25 08:45:00
5441866.016737935,1.0,,,0.7,86.0,0.000219,,,2021-09-25 08:50:00
5441867.01686011,1.0,,,0.7,89.0,0.000235,,,2021-09-25 08:55:00
5441868.016982284,1.0,,186.0,0.7,99.0,0.000233,,6.1,2021-09-25 09:00:00
5441869.017104459,1.0,,,0.7,100.0,0.000247,,,2021-09-25 09:05:00
5441870.017226634,1.0,,,0.7,93.0,0.000277,,,2021-09-25 09:10:00
5441871.017348808,1.0,,,0.7,92.0,0.000299,,,2021-09-25 09:15:00
5441872.017470983,1.0,,,0.7,92.0,0.000317,,,2021-09-25 09:20:00
5441873.017593158,1.0,,,0.7,106.0,0.000365,,,2021-09-25 09:25:00
5441874.017715333,1.0,,,0.7,92.0,0.000327,,,2021-09-25 09:30:00
5441875.017837508,1.0,,,0.7,86.0,0.000293,,,2021-09-25 09:35:00
5441876.017959682,1.0,,,0.7,87.0,0.000375,,,2021-09-25 09:40:00
5441877.018081857,1.0,,,0.7,88.0,0.000474,,,2021-09-25 09:45:00
5441878.0182040315,1.0,,,0.7,106.0,0.000352,,,2021-09-25 09:50:00
5441879.018326206,1.0,,,0.7,,,,,2021-09-25 09:55:00
5441880.018448381,1.0,,,0.7,,,,,2021-09-25 10:00:00
5441881.018570555,1.0,,,0.7,,,,,2021-09-25 10:05:00
5441882.01869273,1.0,,,0.7,,,,,2021-09-25 10:10:00
5441883.018814906,1.0,,,0.7,,,,,2021-09-25 10:15:00
5441884.01893708,1.0,,,0.7,,,,,2021-09-25 10:20:00
5441885.019059255,1.0,,,0.7,,,,,2021-09-25 10:25:00
5441886.019181429,1.0,,,0.7,,,,,2021-09-25 10:30:00
5441887.019303604,1.0,,,0.7,,,,,2021-09-25 10:35:00
5441888.019425779,1.0,,,0.7,,,,,2021-09-25 10:40:00
5441889.019547953,1.0,,,0.7,112.0,0.020041,,,2021-09-25 10:45:00
5441890.019670128,1.0,,,0.7,112.0,1.262,,,2021-09-25 10:50:00
5441891.0197923025,1.0,,,0.7,104.0,1.8318,,,2021-09-25 10:55:00
5441892.019914477,1.0,,,0.7,106.0,0.6202,,,2021-09-25 11:00:00
5441893.020036652,1.0,,,0.7,102.0,0.4052,,,2021-09-25 11:05:00
5441894.020158827,1.0,,,0.7,102.0,0.18704,,,2021-09-25 11:10:00
5441895.020281002,1.0,,,0.7,105.0,0.06278,,,2021-09-25 11:15:00
5441896.020403177,1.0,,,0.7,104.0,0.02754,,,2021-09-25 11:20:00
5441897.020525351,1.0,,109.0,0.7,107.0,0.01996,,,2021-09-25 11:25:00
5441898.020647526,1.0,,,0.7,103.0,0.005656,,,2021-09-25 11:30:00
5441899.0207697,1.0,,,0.7,102.0,0.002302,,,2021-09-25 11:35:00
5441900.020891875,1.0,,,0.7,99.0,0.001308,,,2021-09-25 11:40:00
5441901.02101405,1.0,,,0.7,95.0,0.001382,,,2021-09-25 11:45:00
5441902.021136224,1.0,,,0.7,92.0,0.001218,,,2021-09-25 11:50:00
5441903.021258399,1.0,,,0.7,104.0,0.000861,,,2021-09-25 11:55:00
5441904.021380574,1.0,,,0.7,99.0,0.000749,25.0,,2021-09-25 12:00:00
5441905.021502749,1.0,,,0.7,99.0,0.0006,,,2021-09-25 12:05:00
5441906.021624924,1.0,,,0.7,106.0,0.000589,,,2021-09-25 12:10:00
5441907.021747098,1.0,,,0.7,97.0,0.000258,,,2021-09-25 12:15:00
5441908.021869273,1.0,,,0.7,98.0,0.000149,,,2021-09-25 12:20:00
5441909.021991448,1.0,,90.0,0.7,103.0,0.000168,,1.8,2021-09-25 12:25:00
5441910.022113622,1.0,,,0.7,107.0,0.00015,,,2021-09-25 12:30:00
5441911.022235797,1.0,,,0.7,99.0,0.000154,,,2021-09-25 12:35:00
5441912.022357971,0.0,86.0,,0.7,104.0,0.000181,,,2021-09-25 12:40:00
5441913.022480146,0.0,91.0,,0.7,108.0,0.000176,,,2021-09-25 12:45:00
5441914.022602321,0.0,90.0,,0.7,106.0,0.000178,,,2021-09-25 12:50:00
5441915.022724496,0.0,89.0,,0.7,112.0,0.00027,,,2021-09-25 12:55:00
5441916.022846671,0.0,91.0,,0.7,105.0,0.000262,,,2021-09-25 13:00:00
5441917.022968845,0.0,92.0,,0.7,99.0,0.000213,,,2021-09-25 13:05:00
5441918.02309102,0.0,93.0,,0.7,97.0,0.000193,,,2021-09-25 13:10:00
5441919.023213195,0.0,93.0,,0.7,95.0,0.000188,,,2021-09-25 13:15:00
5441920.023335369,0.0,95.0,,0.7,105.0,0.00019,,,2021-09-25 13:20:00
5441921.023457544,0.0,100.0,,0.7,107.0,0.000175,,,2021-09-25 13:25:00
5441922.023579719,0.0,102.0,,0.7,98.0,0.000168,,,2021-09-25 13:30:00
5441923.023701893,0.0,102.0,,0.7,99.0,0.000174,,,2021-09-25 13:35:00
5441924.023824068,0.0,104.0,169.0,0.7,107.0,0.000174,,8.8,2021-09-25 13:40:00
5441925.023946243,0.0,106.0,,0.7,104.0,0.000155,,,2021-09-25 13:45:00
5441926.024068418,0.0,104.0,,0.7,97.0,9.5e-05,,,2021-09-25 13:50:00
5441927.024190593,0.0,104.0,,0.7,99.0,7.5e-05,,,2021-09-25 13:55:00
5441928.024312767,0.0,104.0,,0.7,114.0,6.1e-05,,,2021-09-25 14:00:00
5441929.024434942,0.0,106.0,,0.7,96.0,6.8e-05,,,2021-09-25 14:05:00
5441930.024557116,0.0,108.0,,0.7,95.0,6.4e-05,,,2021-09-25 14:10:00
5441931.024679291,0.0,110.0,,0.7,96.0,6.3e-05,,,2021-09-25 14:15:00
5441932.024801466,0.0,114.0,,0.7,95.0,6.4e-05,,,2021-09-25 14:20:00
5441933.02492364,0.0,121.0,,0.7,92.0,6.6e-05,,,2021-09-25 14:25:00
5441934.025045815,0.0,130.0,,0.7,111.0,5.7e-05,,,2021-09-25 14:30:00
5441935.02516799,0.0,138.0,,0.7,137.0,5.5e-05,,,2021-09-25 14:35:00
5441936.025290165,0.0,148.0,,0.7,101.0,5.9e-05,,,2021-09-25 14:40:00
5441937.02541234,0.0,152.0,,0.7,100.0,5.8e-05,,,2021-09-25 14:45:00
5441938.025534514,0.0,149.0,,0.7,99.0,5.8e-05,,,2021-09-25 14:50:00
5441939.025656689,0.0,150.0,,0.7,100.0,5.7e-05,,,2021-09-25 14:55:00
5441940.025778864,0.0,154.0,,0.7,100.0,5.4e-05,,,2021-09-25 15:00:00
5441941.025901038,0.0,158.0,,0.7,100.0,5.3e-05,,,2021-09-25 15:05:00
5441942.026023213,0.0,163.0,221.0,0.7,101.0,5.2e-05,,9.3,2021-09-25 15:10:00
5441943.026145387,0.0,170.0,,0.7,106.0,5.7e-05,,,2021-09-25 15:15:00
5441944.026267562,0.0,173.0,,0.7,98.0,6e-05,,,2021-09-25 15:20:00
5441945.026389737,0.0,212.0,,0.7,102.0,5.8e-05,,,2021-09-25 15:25:00
5441946.026511912,0.0,211.0,,0.7,102.0,5.6e-05,,,2021-09-25 15:30:00
5441947.026634087,0.0,215.0,,0.7,101.0,5.8e-05,,,2021-09-25 15:35:00
5441948.0267562615,0.0,220.0,,0.7,106.0,5.8e-05,,,2021-09-25 15:40:00
5441949.026878436,0.0,231.0,,0.7,105.0,5.6e-05,,,2021-09-25 15:45:00
5441950.027000611,0.0,235.0,248.0,0.7,101.0,5.8e-05,,13.7,2021-09-25 15:50:00
5441951.027122785,0.0,238.0,,0.7,106.0,5.8e-05,,,2021-09-25 15:55:00
5441952.02724496,0.0,243.0,,0.7,105.0,5.8e-05,,,2021-09-25 16:00:00
5441953.027367135,0.0,243.0,,0.7,103.0,6e-05,,,2021-09-25 16:05:00
5441954.027489309,0.0,237.0,,0.7,102.0,6.3e-05,,,2021-09-25 16:10:00
5441955.027611484,0.0,234.0,,0.7,109.0,5.4e-05,,,2021-09-25 16:15:00
5441956.027733659,0.0,226.0,,0.7,103.0,5.1e-05,,,2021-09-25 16:20:00
5441957.027855834,0.0,209.0,,0.7,102.0,5.8e-05,,,2021-09-25 16:25:00
5441958.027978009,0.0,200.0,,0.7,101.0,5.7e-05,,,2021-09-25 16:30:00
5441959.028100183,0.0,195.0,,0.7,104.0,5.9e-05,,,2021-09-25 16:35:00
5441960.028222358,0.0,192.0,,0.7,101.0,6e-05,,,2021-09-25 16:40:00
5441961.0283445325,0.0,192.0,,0.7,107.0,6.1e-05,,,2021-09-25 16:45:00
5441962.028466707,0.0,194.0,,0.7,104.0,6e-05,,,2021-09-25 16:50:00
5441963.028588882,0.0,195.0,195.0,0.7,106.0,5.3e-05,,6.9,2021-09-25 16:55:00
5441964.028711056,0.0,196.0,,0.7,108.0,7.3e-05,,,2021-09-25 17:00:00
5441965.028833231,0.0,198.0,,0.7,108.0,7.3e-05,,,2021-09-25 17:05:00
5441966.028955406,0.0,197.0,,0.7,107.0,6.9e-05,,,2021-09-25 17:10:00
5441967.029077581,0.0,195.0,,0.7,106.0,5.1e-05,,,2021-09-25 17:15:00
5441968.029199756,0.0,193.0,,0.7,105.0,6.4e-05,,,2021-09-25 17:20:00
5441969.02932193,0.0,196.0,,0.7,105.0,6.7e-05,,,2021-09-25 17:25:00
5441970.029444105,0.0,199.0,,0.7,109.0,5.9e-05,,,2021-09-25 17:30:00
5441971.02956628,0.0,203.0,,0.7,102.0,5.9e-05,,,2021-09-25 17:35:00
5441972.029688454,0.0,203.0,,0.7,101.0,6.1e-05,,,2021-09-25 17:40:00
5441973.029810629,0.0,205.0,,0.7,101.0,6.6e-05,,,2021-09-25 17:45:00
5441974.0299328035,0.0,211.0,,0.7,102.0,7.2e-05,,,2021-09-25 17:50:00
5441975.030054978,0.0,210.0,,0.7,100.0,7.4e-05,,,2021-09-25 17:55:00
5441976.030177153,0.0,208.0,,0.7,99.0,8.2e-05,,,2021-09-25 18:00:00
5441977.030299328,0.0,210.0,,0.7,98.0,8.5e-05,,,2021-09-25 18:05:00
5441978.030421503,0.0,211.0,,0.7,100.0,8.1e-05,,,2021-09-25 18:10:00
5441979.0305436775,0.0,215.0,,0.7,94.0,8.4e-05,,,2021-09-25 18:15:00
5441980.030665852,0.0,220.0,,0.7,106.0,7.6e-05,,,2021-09-25 18:20:00
5441981.030788027,0.0,222.0,246.0,0.7,97.0,7.4e-05,,12.5,2021-09-25 18:25:00
5441982.030910201,0.0,220.0,,0.7,94.0,7.3e-05,,,2021-09-25 18:30:00
5441983.031032376,0.0,221.0,,0.7,91.0,7.4e-05,,,2021-09-25 18:35:00
5441984.031154551,0.0,217.0,,0.7,89.0,7.3e-05,,,2021-09-25 18:40:00
5441985.031276725,0.0,213.0,,0.7,88.0,7.3e-05,,,2021-09-25 18:45:00
5441986.0313989,0.0,213.0,,0.7,91.0,7.1e-05,,,2021-09-25 18:50:00
5441987.0315210745,0.0,218.0,,0.7,89.0,7.3e-05,,,2021-09-25 18:55:00
5441988.03164325,0.0,222.0,,0.7,90.0,6e-05,,,2021-09-25 19:00:00
5441989.031765425,0.0,224.0,,0.7,88.0,6.4e-05,,,2021-09-25 19:05:00
5441990.031887599,0.0,223.0,,0.7,89.0,6.7e-05,,,2021-09-25 19:10:00
5441991.032009774,0.0,221.0,,0.7,90.0,6.1e-05,,,2021-09-25 19:15:00
5441992.0321319485,0.0,218.0,,0.7,90.0,6.7e-05,,,2021-09-25 19:20:00
5441993.032254123,0.0,208.0,,0.7,89.0,7e-05,,,2021-09-25 19:25:00
5441994.032376298,0.0,207.0,,0.7,91.0,6.7e-05,,,2021-09-25 19:30:00
5441995.032498472,0.0,213.0,,0.7,91.0,6.6e-05,,,2021-09-25 19:35:00
5441996.032620647,0.0,211.0,,0.7,89.0,6.5e-05,,,2021-09-25 19:40:00
5441997.032742822,0.0,200.0,,0.7,90.0,6.1e-05,,,2021-09-25 19:45:00
5441998.032864997,0.0,188.0,,0.7,90.0,6.3e-05,,,2021-09-25 19:50:00
5441999.032987172,0.0,186.0,,0.7,98.0,6.3e-05,,,2021-09-25 19:55:00
5442000.033109346,0.0,201.0,,0.7,95.0,6.4e-05,,,2021-09-25 20:00:00
5442001.033231521,0.0,216.0,232.0,0.7,88.0,6.3e-05,,13.7,2021-09-25 20:05:00
5442002.033353696,0.0,220.0,,0.7,86.0,6.1e-05,,,2021-09-25 20:10:00
5442003.03347587,0.0,223.0,,0.7,84.0,4.9e-05,,,2021-09-25 20:15:00
5442004.033598045,0.0,226.0,,0.7,84.0,5.5e-05,,,2021-09-25 20:20:00
5442005.0337202195,0.0,230.0,,0.7,88.0,5.3e-05,,,2021-09-25 20:25:00
5442006.033842394,0.0,231.0,,0.7,84.0,5.8e-05,,,2021-09-25 20:30:00
5442007.033964569,0.0,223.0,,0.7,86.0,5.6e-05,,,2021-09-25 20:35:00
5442008.034086743,0.0,216.0,,0.7,101.0,6e-05,,,2021-09-25 20:40:00
5442009.034208919,0.0,219.0,,0.7,96.0,6.1e-05,,,2021-09-25 20:45:00
5442010.034331094,0.0,225.0,,0.7,84.0,6e-05,,,2021-09-25 20:50:00
5442011.034453268,0.0,225.0,,0.7,86.0,6e-05,,,2021-09-25 20:55:00
5442012.034575443,0.0,222.0,,0.7,86.0,6.2e-05,,,2021-09-25 21:00:00
5442013.034697617,0.0,222.0,,0.7,83.0,6.7e-05,,,2021-09-25 21:05:00
5442014.034819792,0.0,223.0,,0.7,85.0,7.1e-05,,,2021-09-25 21:10:00
5442015.034941967,0.0,220.0,,0.7,85.0,6.9e-05,,,2021-09-25 21:15:00
5442016.035064141,0.0,216.0,,0.7,85.0,6.6e-05,,,2021-09-25 21:20:00
5442017.035186316,0.0,210.0,,0.7,86.0,7e-05,,,2021-09-25 21:25:00
5442018.0353084905,0.0,205.0,,0.7,83.0,7.2e-05,,,2021-09-25 21:30:00
5442019.035430666,0.0,198.0,,0.7,83.0,7.6e-05,,,2021-09-25 21:35:00
5442020.035552841,0.0,188.0,,0.7,82.0,8e-05,,,2021-09-25 21:40:00
5442021.035675015,0.0,175.0,,0.7,83.0,7.1e-05,,,2021-09-25 21:45:00
5442022.03579719,0.0,161.0,,0.7,85.0,7.6e-05,,,2021-09-25 21:50:00
5442023.035919365,0.0,158.0,,0.7,84.0,7.8e-05,,,2021-09-25 21:55:00
5442024.036041539,0.0,162.0,,0.7,82.0,7.8e-05,,,2021-09-25 22:00:00
5442025.036163714,0.0,166.0,,0.7,82.0,7.8e-05,,,2021-09-25 22:05:00
5442026.036285888,0.0,171.0,188.0,0.7,86.0,8e-05,,,2021-09-25 22:10:00
5442027.036408063,0.0,176.0,,0.7,84.0,8.5e-05,,,2021-09-25 22:15:00
5442028.036530238,0.0,178.0,188.0,0.7,87.0,8.1e-05,,6.4,2021-09-25 22:20:00
5442029.036652412,0.0,178.0,,0.7,87.0,7.2e-05,,,2021-09-25 22:25:00
5442030.036774588,0.0,177.0,,0.7,88.0,7.9e-05,,,2021-09-25 22:30:00
5442031.036896762,0.0,173.0,,0.7,86.0,8.4e-05,,,2021-09-25 22:35:00
5442032.037018937,0.0,168.0,,0.7,82.0,8.5e-05,,,2021-09-25 22:40:00
5442033.037141112,0.0,162.0,,0.7,82.0,8.4e-05,,,2021-09-25 22:45:00
5442034.037263286,0.0,152.0,,0.7,88.0,8.8e-05,,,2021-09-25 22:50:00
5442035.037385461,0.0,155.0,,0.7,91.0,7.4e-05,,,2021-09-25 22:55:00
5442036.037507636,0.0,150.0,,0.7,82.0,6.1e-05,,,2021-09-25 23:00:00
5442037.03762981,0.0,143.0,,0.7,95.0,5.9e-05,,,2021-09-25 23:05:00
5442038.037751985,0.0,139.0,,0.7,142.0,5.9e-05,,,2021-09-25 23:10:00
5442039.037874159,0.0,133.0,,0.7,121.0,5.9e-05,,,2021-09-25 23:15:00
5442040.037996335,0.0,129.0,,0.7,78.0,5.9e-05,,,2021-09-25 23:20:00
5442041.03811851,0.0,125.0,,0.7,77.0,5.9e-05,,,2021-09-25 23:25:00
5442042.038240684,0.0,120.0,,0.7,77.0,5.9e-05,,,2021-09-25 23:30:00
5442043.038362859,0.0,117.0,,0.7,79.0,5.9e-05,,,2021-09-25 23:35:00
5442044.038485033,0.0,109.0,,0.7,76.0,7.5e-05,,,2021-09-25 23:40:00
5442045.038607208,0.0,98.0,,0.7,76.0,7.7e-05,,,2021-09-25 23:45:00
5442046.038729383,0.0,85.0,,0.7,74.0,8.1e-05,,,2021-09-25 23:50:00
5442047.038851557,0.0,74.0,,0.7,73.0,8.3e-05,,,2021-09-25 23:55:00
5442048.038973732,0.0,70.0,,0.7,74.0,5.3e-05,,,2021-09-26 00:00:00
5442049.039095907,0.0,70.0,,0.7,75.0,5.6e-05,,,2021-09-26 00:05:00
5442050.039218082,0.0,68.0,,0.7,74.0,5.8e-05,,,2021-09-26 00:10:00
5442051.039340257,0.0,65.0,,0.7,74.0,5.9e-05,,,2021-09-26 00:15:00
5442052.039462431,0.0,64.0,,0.7,95.0,5.9e-05,,,2021-09-26 00:20:00
5442053.039584606,0.0,69.0,,0.7,145.0,5.7e-05,,,2021-09-26 00:25:00
5442054.039706781,0.0,75.0,,0.7,154.0,5.4e-05,,,2021-09-26 00:30:00
5442055.039828955,0.0,76.0,,0.7,111.0,5.4e-05,,,2021-09-26 00:35:00
5442056.03995113,0.0,77.0,,0.7,79.0,5.8e-05,,,2021-09-26 00:40:00
5442057.040073304,0.0,77.0,,0.7,147.0,5.9e-05,,,2021-09-26 00:45:00
5442058.040195479,0.0,75.0,,0.7,108.0,5.3e-05,,,2021-09-26 00:50:00
5442059.040317654,0.0,72.0,40.0,0.7,84.0,5.7e-05,,,2021-09-26 00:55:00
5442060.040439828,0.0,71.0,,0.7,99.0,6.2e-05,,,2021-09-26 01:00:00
5442061.040562004,0.0,69.0,,0.7,81.0,6.2e-05,,,2021-09-26 01:05:00
5442062.0406841785,0.0,66.0,,0.7,78.0,5.9e-05,,,2021-09-26 01:10:00
5442063.040806353,0.0,64.0,,0.7,76.0,5.7e-05,,,2021-09-26 01:15:00
5442064.040928528,0.0,68.0,,0.7,79.0,5.3e-05,,,2021-09-26 01:20:00
5442065.041050702,0.0,77.0,,0.7,127.0,5e-05,,,2021-09-26 01:25:00
5442066.041172877,0.0,84.0,,0.7,70.0,5.7e-05,,,2021-09-26 01:30:00
5442067.041295052,0.0,86.0,,0.7,71.0,5.8e-05,,,2021-09-26 01:35:00
5442068.041417226,0.0,84.0,,0.7,72.0,5.8e-05,,,2021-09-26 01:40:00
5442069.041539401,0.0,85.0,,0.7,73.0,5.9e-05,,,2021-09-26 01:45:00
5442070.041661575,0.0,85.0,,0.7,73.0,6e-05,,,2021-09-26 01:50:00
5442071.041783751,0.0,84.0,,0.7,71.0,6e-05,,,2021-09-26 01:55:00
5442072.041905926,0.0,83.0,,0.7,75.0,5.8e-05,,,2021-09-26 02:00:00
5442073.0420281,0.0,87.0,,0.7,126.0,5.6e-05,,,2021-09-26 02:05:00
5442074.042150275,0.0,88.0,,0.7,140.0,5.6e-05,,,2021-09-26 02:10:00
5442075.0422724495,0.0,85.0,,0.7,136.0,5.5e-05,,,2021-09-26 02:15:00
5442076.042394624,0.0,83.0,,0.7,83.0,5.8e-05,,,2021-09-26 02:20:00
5442077.042516799,0.0,83.0,,0.7,70.0,5.8e-05,,,2021-09-26 02:25:00
5442078.042638973,0.0,80.0,,0.7,73.0,5.8e-05,,,2021-09-26 02:30:00
5442079.042761148,0.0,78.0,,0.7,114.0,6.1e-05,,,2021-09-26 02:35:00
5442080.042883323,0.0,77.0,,0.7,73.0,7.1e-05,,,2021-09-26 02:40:00
5442081.043005497,0.0,75.0,,0.7,74.0,7.7e-05,,,2021-09-26 02:45:00
5442082.043127673,0.0,73.0,,0.7,75.0,8.3e-05,,,2021-09-26 02:50:00
5442083.043249847,0.0,72.0,,0.7,74.0,7.3e-05,,,2021-09-26 02:55:00
5442084.043372022,0.0,74.0,,0.7,74.0,6.9e-05,,,2021-09-26 03:00:00
5442085.043494197,0.0,75.0,,0.7,75.0,7e-05,,,2021-09-26 03:05:00
5442086.043616371,0.0,75.0,,0.7,75.0,7.2e-05,,,2021-09-26 03:10:00
5442087.043738546,0.0,75.0,,0.7,75.0,7.3e-05,,,2021-09-26 03:15:00
5442088.0438607205,0.0,75.0,,0.7,76.0,7.5e-05,,,2021-09-26 03:20:00
5442089.043982895,0.0,75.0,,0.7,96.0,6.3e-05,,,2021-09-26 03:25:00
5442090.04410507,0.0,78.0,,0.7,141.0,5.9e-05,,,2021-09-26 03:30:00
5442091.044227244,0.0,79.0,,0.7,122.0,5.8e-05,,,2021-09-26 03:35:00
5442092.04434942,0.0,76.0,,0.7,74.0,5.7e-05,,,2021-09-26 03:40:00
5442093.0444715945,0.0,75.0,,0.7,70.0,5.4e-05,,,2021-09-26 03:45:00
5442094.044593769,0.0,72.0,,0.7,70.0,5.6e-05,,,2021-09-26 03:50:00
5442095.044715944,0.0,68.0,,0.7,66.0,6.7e-05,,,2021-09-26 03:55:00
5442096.044838118,0.0,56.0,,0.7,72.0,6.7e-05,,,2021-09-26 04:00:00
5442097.044960293,0.0,53.0,,0.7,77.0,6.1e-05,,,2021-09-26 04:05:00
5442098.045082468,0.0,63.0,59.0,0.7,94.0,6.1e-05,,,2021-09-26 04:10:00
5442099.045204642,0.0,68.0,,0.7,78.0,5.6e-05,,,2021-09-26 04:15:00
5442100.045326817,0.0,70.0,,0.7,76.0,6.1e-05,,,2021-09-26 04:20:00
5442101.0454489915,0.0,70.0,,0.7,74.0,5.9e-05,,,2021-09-26 04:25:00
5442102.045571166,0.0,68.0,72.0,0.7,76.0,5.6e-05,,,2021-09-26 04:30:00
5442103.045693342,0.0,66.0,,0.7,73.0,5.5e-05,,,2021-09-26 04:35:00
5442104.045815516,0.0,67.0,,0.7,78.0,5.5e-05,,,2021-09-26 04:40:00
5442105.045937691,0.0,75.0,,0.7,105.0,5.3e-05,,,2021-09-26 04:45:00
5442106.0460598655,0.0,74.0,,0.7,107.0,5.5e-05,,,2021-09-26 04:50:00
5442107.04618204,0.0,81.0,,0.7,125.0,5.6e-05,,,2021-09-26 04:55:00
5442108.046304215,0.0,85.0,,0.7,72.0,6.1e-05,,,2021-09-26 05:00:00
5442109.046426389,0.0,85.0,,0.7,74.0,6.2e-05,,,2021-09-26 05:05:00
5442110.046548564,0.0,87.0,,0.7,75.0,6.4e-05,,,2021-09-26 05:10:00
5442111.046670739,0.0,89.0,,0.7,76.0,6.6e-05,,,2021-09-26 05:15:00
5442112.046792913,0.0,92.0,,0.7,77.0,6.7e-05,,,2021-09-26 05:20:00
5442113.046915089,0.0,96.0,,0.7,117.0,6.1e-05,,,2021-09-26 05:25:00
5442114.047037263,0.0,101.0,,0.7,129.0,5.8e-05,,,2021-09-26 05:30:00
5442115.047159438,0.0,103.0,,0.7,108.0,5.7e-05,,,2021-09-26 05:35:00
5442116.047281613,0.0,103.0,,0.7,74.0,5.7e-05,,,2021-09-26 05:40:00
5442117.047403787,0.0,102.0,,0.7,73.0,5.7e-05,,,2021-09-26 05:45:00
5442118.047525962,0.0,100.0,,0.7,72.0,5.8e-05,,,2021-09-26 05:50:00
5442119.0476481365,0.0,94.0,,0.7,70.0,6.1e-05,,,2021-09-26 05:55:00
5442120.047770311,0.0,87.0,,0.7,75.0,5.7e-05,,,2021-09-26 06:00:00
5442121.047892486,0.0,87.0,,0.7,75.0,6e-05,,,2021-09-26 06:05:00
5442122.04801466,0.0,89.0,,0.7,88.0,6.2e-05,,,2021-09-26 06:10:00
5442123.048136836,0.0,92.0,,0.7,133.0,6e-05,,,2021-09-26 06:15:00
5442124.048259011,0.0,94.0,,0.7,146.0,5.9e-05,,,2021-09-26 06:20:00
5442125.048381185,0.0,95.0,,0.7,141.0,5.9e-05,,,2021-09-26 06:25:00
5442126.04850336,0.0,96.0,,0.7,140.0,5.9e-05,,,2021-09-26 06:30:00
5442127.048625534,0.0,95.0,,0.7,75.0,6.1e-05,,,2021-09-26 06:35:00
5442128.048747709,0.0,93.0,,0.7,76.0,6.3e-05,,,2021-09-26 06:40:00
5442129.048869884,0.0,91.0,,0.7,77.0,6.6e-05,,,2021-09-26 06:45:00
5442130.048992058,0.0,87.0,,0.7,77.0,6.7e-05,,,2021-09-26 06:50:00
5442131.049114233,0.0,87.0,,0.7,78.0,6.8e-05,,,2021-09-26 06:55:00
5442132.0492364075,0.0,87.0,,0.7,78.0,6.9e-05,,,2021-09-26 07:00:00
5442133.049358582,0.0,87.0,,0.7,78.0,7e-05,,,2021-09-26 07:05:00
5442134.049480758,0.0,89.0,,0.7,86.0,6.9e-05,,,2021-09-26 07:10:00
5442135.049602932,0.0,102.0,,0.7,146.0,7e-05,,,2021-09-26 07:15:00
5442136.049725107,0.0,105.0,,0.7,119.0,7e-05,,,2021-09-26 07:20:00
5442137.049847282,0.0,105.0,,0.7,72.0,6.9e-05,,,2021-09-26 07:25:00
5442138.049969456,0.0,104.0,,0.7,71.0,7e-05,,,2021-09-26 07:30:00
5442139.050091631,0.0,102.0,,0.7,71.0,7.1e-05,,,2021-09-26 07:35:00
5442140.050213805,0.0,101.0,,0.7,105.0,7.6e-05,,,2021-09-26 07:40:00
5442141.05033598,0.0,105.0,,0.7,131.0,7.4e-05,,,2021-09-26 07:45:00
5442142.050458155,0.0,108.0,,0.7,131.0,6.9e-05,,,2021-09-26 07:50:00
5442143.050580329,0.0,110.0,,0.7,77.0,7.8e-05,,,2021-09-26 07:55:00
5442144.050702505,0.0,111.0,,0.7,72.0,7.8e-05,,,2021-09-26 08:00:00
5442145.050824679,0.0,112.0,,0.7,125.0,6.7e-05,,,2021-09-26 08:05:00
5442146.050946854,0.0,112.0,,0.7,81.0,6.5e-05,,,2021-09-26 08:10:00
5442147.051069029,0.0,108.0,,0.7,78.0,6.6e-05,,,2021-09-26 08:15:00
5442148.051191203,0.0,103.0,,0.7,77.0,6.6e-05,,,2021-09-26 08:20:00
5442149.051313378,0.0,104.0,,0.7,92.0,6.9e-05,,,2021-09-26 08:25:00
5442150.051435553,0.0,110.0,,0.7,90.0,7.7e-05,,,2021-09-26 08:30:00
5442151.051557727,0.0,114.0,,0.7,79.0,7.4e-05,,,2021-09-26 08:35:00
5442152.051679902,0.0,119.0,,0.7,81.0,7e-05,,,2021-09-26 08:40:00
5442153.051802076,0.0,122.0,,0.7,87.0,6.9e-05,,,2021-09-26 08:45:00
5442154.051924251,0.0,125.0,,0.7,79.0,6.6e-05,,,2021-09-26 08:50:00
5442155.052046427,0.0,127.0,,0.7,82.0,6.5e-05,,,2021-09-26 08:55:00
5442156.052168601,0.0,130.0,,0.7,96.0,8.1e-05,15.0,,2021-09-26 09:00:00
5442157.052290776,0.0,133.0,155.0,0.7,91.0,7.6e-05,,,2021-09-26 09:05:00
5442158.05241295,0.0,134.0,,0.7,95.0,7.7e-05,,,2021-09-26 09:10:00
5442159.052535125,0.0,134.0,,0.7,104.0,7.8e-05,,,2021-09-26 09:15:00
5442160.0526573,0.0,139.0,156.0,0.7,102.0,8.8e-05,,6.6,2021-09-26 09:20:00
5442161.052779474,0.0,142.0,,0.7,93.0,8.3e-05,,,2021-09-26 09:25:00
5442162.052901649,0.0,154.0,,0.7,90.0,8.1e-05,,,2021-09-26 09:30:00
5442163.053023824,0.0,165.0,,0.7,89.0,8.1e-05,,,2021-09-26 09:35:00
5442164.053145998,0.0,153.0,211.0,0.7,95.0,8e-05,,14.9,2021-09-26 09:40:00
5442165.053268174,0.0,157.0,,0.7,91.0,8.4e-05,,,2021-09-26 09:45:00
5442166.053390348,0.0,160.0,,0.7,91.0,9e-05,,,2021-09-26 09:50:00
5442167.053512523,0.0,164.0,,0.7,90.0,9.5e-05,,,2021-09-26 09:55:00
5442168.053634698,0.0,166.0,,0.7,90.0,8.5e-05,,,2021-09-26 10:00:00
5442169.053756872,0.0,167.0,,0.7,91.0,8.3e-05,,,2021-09-26 10:05:00
5442170.053879047,0.0,166.0,,0.7,90.0,8.4e-05,,,2021-09-26 10:10:00
5442171.054001221,0.0,163.0,,0.7,90.0,7.6e-05,,,2021-09-26 10:15:00
5442172.054123396,0.0,159.0,,0.7,98.0,7.8e-05,,,2021-09-26 10:20:00
5442173.054245571,0.0,158.0,,0.7,93.0,7.9e-05,,,2021-09-26 10:25:00
5442174.054367745,0.0,156.0,,0.7,90.0,7.6e-05,,,2021-09-26 10:30:00
5442175.05448992,0.0,155.0,,0.7,94.0,7.8e-05,,,2021-09-26 10:35:00
5442176.0546120955,0.0,151.0,,0.7,99.0,7.8e-05,,,2021-09-26 10:40:00
5442177.05473427,0.0,144.0,,0.7,96.0,6.8e-05,,,2021-09-26 10:45:00
5442178.054856445,0.0,139.0,,0.7,132.0,6.3e-05,,,2021-09-26 10:50:00
5442179.054978619,0.0,135.0,,0.7,122.0,6.5e-05,,,2021-09-26 10:55:00
5442180.055100794,0.0,133.0,,0.7,94.0,6.8e-05,,,2021-09-26 11:00:00
5442181.055222969,0.0,136.0,,0.7,106.0,6.5e-05,,,2021-09-26 11:05:00
5442182.055345143,0.0,134.0,,0.7,123.0,6.3e-05,,,2021-09-26 11:10:00
5442183.055467318,0.0,130.0,,0.7,101.0,6.3e-05,,,2021-09-26 11:15:00
5442184.055589492,0.0,128.0,,0.7,107.0,6.4e-05,,,2021-09-26 11:20:00
5442185.055711667,0.0,131.0,,0.7,100.0,6.3e-05,,,2021-09-26 11:25:00
5442186.055833843,0.0,129.0,,0.7,99.0,6.7e-05,,,2021-09-26 11:30:00
5442187.055956017,0.0,125.0,,0.7,101.0,7.2e-05,,,2021-09-26 11:35:00
5442188.056078192,0.0,121.0,,0.7,100.0,7.3e-05,,,2021-09-26 11:40:00
5442189.0562003665,0.0,121.0,,0.7,114.0,7.9e-05,,,2021-09-26 11:45:00
5442190.056322541,0.0,124.0,,0.7,100.0,8.2e-05,,,2021-09-26 11:50:00
5442191.056444716,0.0,122.0,,0.7,94.0,8e-05,,,2021-09-26 11:55:00
5442192.05656689,0.0,119.0,,0.7,106.0,7e-05,,,2021-09-26 12:00:00
5442193.056689065,0.0,117.0,,0.7,102.0,6.7e-05,,,2021-09-26 12:05:00
5442194.05681124,0.0,114.0,,0.7,99.0,6.4e-05,,,2021-09-26 12:10:00
5442195.056933414,0.0,113.0,,0.7,97.0,6.5e-05,,,2021-09-26 12:15:00
5442196.05705559,0.0,112.0,,0.7,102.0,6.3e-05,,,2021-09-26 12:20:00
5442197.057177764,0.0,112.0,,0.7,104.0,6.2e-05,,,2021-09-26 12:25:00
5442198.057299939,0.0,111.0,,0.7,107.0,6.1e-05,,,2021-09-26 12:30:00
5442199.057422114,0.0,112.0,,0.7,107.0,6.3e-05,,,2021-09-26 12:35:00
5442200.057544288,0.0,115.0,,0.7,96.0,6.2e-05,,,2021-09-26 12:40:00
5442201.057666463,0.0,111.0,,0.7,91.0,6.2e-05,,,2021-09-26 12:45:00
5442202.0577886375,0.0,103.0,,0.7,91.0,6.3e-05,,,2021-09-26 12:50:00
5442203.057910812,0.0,100.0,,0.7,91.0,6.4e-05,,,2021-09-26 12:55:00
5442204.058032987,0.0,103.0,,0.7,94.0,,,,2021-09-26 13:00:00
5442205.058155161,0.0,107.0,,0.7,,,,,2021-09-26 13:05:00
5442206.058277336,0.0,109.0,,0.7,,,,,2021-09-26 13:10:00
5442207.0583995115,0.0,109.0,,0.7,,,,,2021-09-26 13:15:00
5442208.058521686,0.0,110.0,,0.7,,,,,2021-09-26 13:20:00
5442209.058643861,0.0,113.0,,0.7,,,,,2021-09-26 13:25:00
5442210.058766035,0.0,115.0,,0.7,117.0,,,,2021-09-26 13:30:00
5442211.05888821,0.0,121.0,,0.7,115.0,0.064249,,,2021-09-26 13:35:00
5442212.059010385,0.0,125.0,145.0,0.7,110.0,0.4414,,1.5,2021-09-26 13:40:00
5442213.059132559,0.0,128.0,,0.7,103.0,0.5032,,,2021-09-26 13:45:00
5442214.059254734,0.0,136.0,,0.7,108.0,0.2938,,,2021-09-26 13:50:00
5442215.0593769085,0.0,136.0,,0.7,115.0,0.06878,,,2021-09-26 13:55:00
5442216.059499083,0.0,137.0,,0.7,108.0,0.02926,,,2021-09-26 14:00:00
5442217.059621259,0.0,137.0,,0.7,111.0,0.01652,,,2021-09-26 14:05:00
5442218.059743433,0.0,138.0,,0.7,111.0,0.013116,,,2021-09-26 14:10:00
5442219.059865608,0.0,139.0,,0.7,109.0,0.010208,,,2021-09-26 14:15:00
5442220.0599877825,0.0,140.0,,0.7,112.0,0.0225,,,2021-09-26 14:20:00
5442221.060109957,0.0,137.0,,0.7,108.0,0.01968,,,2021-09-26 14:25:00
5442222.060232132,0.0,140.0,,0.7,113.0,0.0271,,,2021-09-26 14:30:00
5442223.060354306,0.0,145.0,,0.7,106.0,0.01932,,,2021-09-26 14:35:00
5442224.060476481,0.0,149.0,,0.7,106.0,0.011346,15.0,,2021-09-26 14:40:00
5442225.060598656,0.0,150.0,,0.7,114.0,0.00582,,,2021-09-26 14:45:00
5442226.06072083,0.0,157.0,,0.7,120.0,0.007666,,,2021-09-26 14:50:00
5442227.060843005,0.0,160.0,160.0,0.7,114.0,0.01898,,6.9,2021-09-26 14:55:00
5442228.06096518,0.0,160.0,,0.7,109.0,0.00988,,,2021-09-26 15:00:00
5442229.061087355,0.0,165.0,,0.7,100.0,0.005824,,,2021-09-26 15:05:00
5442230.06120953,0.0,173.0,,0.7,101.0,0.00415,,,2021-09-26 15:10:00
5442231.061331704,0.0,171.0,,0.7,97.0,0.00498,,,2021-09-26 15:15:00
5442232.061453879,0.0,180.0,,0.7,97.0,0.003716,,,2021-09-26 15:20:00
5442233.0615760535,0.0,190.0,,0.7,96.0,0.002958,,,2021-09-26 15:25:00
5442234.061698228,0.0,197.0,,0.7,96.0,0.002594,,,2021-09-26 15:30:00
5442235.061820403,0.0,203.0,,0.7,112.0,0.001762,,,2021-09-26 15:35:00
5442236.061942577,0.0,209.0,,0.7,102.0,0.001737,,,2021-09-26 15:40:00
5442237.062064752,0.0,213.0,,0.7,104.0,0.001424,,,2021-09-26 15:45:00
5442238.062186928,0.0,213.0,,0.7,100.0,0.001528,,,2021-09-26 15:50:00
5442239.062309102,0.0,213.0,,0.7,97.0,0.001382,,,2021-09-26 15:55:00
5442240.062431277,0.0,211.0,,0.7,102.0,0.001412,,,2021-09-26 16:00:00
5442241.062553451,0.0,208.0,,0.7,101.0,0.001722,,,2021-09-26 16:05:00
5442242.062675626,0.0,202.0,,0.7,96.0,0.0013,,,2021-09-26 16:10:00
5442243.062797801,0.0,193.0,,0.7,103.0,0.001682,,,2021-09-26 16:15:00
5442244.062919975,0.0,188.0,,0.7,98.0,0.001222,,,2021-09-26 16:20:00
5442245.06304215,0.0,178.0,,0.7,100.0,0.001322,,,2021-09-26 16:25:00
5442246.0631643245,0.0,170.0,,0.7,107.0,0.001243,,,2021-09-26 16:30:00
5442247.063286499,0.0,165.0,,0.7,108.0,0.001126,,,2021-09-26 16:35:00
5442248.063408674,0.0,161.0,,0.7,99.0,0.001059,,,2021-09-26 16:40:00
5442249.063530849,0.0,155.0,,0.7,111.0,0.000896,,,2021-09-26 16:45:00
5442250.063653024,0.0,147.0,,0.7,109.0,0.001015,,,2021-09-26 16:50:00
5442251.0637751985,0.0,141.0,,0.7,109.0,0.001199,,,2021-09-26 16:55:00
5442252.063897373,0.0,133.0,,0.7,112.0,0.001292,,,2021-09-26 17:00:00
5442253.064019548,0.0,128.0,,0.7,110.0,0.00121,,,2021-09-26 17:05:00
5442254.064141722,0.0,123.0,,0.7,110.0,0.000792,,,2021-09-26 17:10:00
5442255.064263897,0.0,117.0,,0.7,112.0,0.000222,,,2021-09-26 17:15:00
5442256.064386072,0.0,113.0,,0.7,114.0,0.000246,,,2021-09-26 17:20:00
5442257.064508246,0.0,111.0,,0.7,112.0,0.000334,,,2021-09-26 17:25:00
5442258.064630421,0.0,107.0,,0.7,111.0,0.00031,,,2021-09-26 17:30:00
5442259.064752596,0.0,102.0,,0.7,115.0,0.000345,,,2021-09-26 17:35:00
5442260.064874771,0.0,97.0,,0.7,110.0,0.000436,,,2021-09-26 17:40:00
5442261.064996946,0.0,93.0,,0.7,107.0,0.00047,,,2021-09-26 17:45:00
5442262.06511912,0.0,89.0,,0.7,106.0,0.000467,,,2021-09-26 17:50:00
5442263.065241295,0.0,85.0,,0.7,115.0,0.000529,,,2021-09-26 17:55:00
5442264.0653634695,0.0,83.0,,0.7,106.0,0.000533,,,2021-09-26 18:00:00
5442265.065485644,0.0,84.0,,0.7,107.0,0.00026,,,2021-09-26 18:05:00
5442266.065607819,0.0,84.0,,0.7,108.0,0.00029,,,2021-09-26 18:10:00
5442267.065729993,0.0,83.0,,0.7,108.0,0.00012,,,2021-09-26 18:15:00
5442268.065852168,0.0,84.0,,0.7,108.0,0.000188,,,2021-09-26 18:20:00
5442269.065974343,0.0,82.0,,0.7,102.0,0.000236,,,2021-09-26 18:25:00
5442270.066096518,0.0,78.0,,0.7,109.0,0.000213,,,2021-09-26 18:30:00
5442271.066218693,0.0,78.0,,0.7,99.0,0.00021,,,2021-09-26 18:35:00
5442272.066340867,0.0,78.0,,0.7,99.0,0.000232,,,2021-09-26 18:40:00
5442273.066463042,0.0,79.0,,0.7,97.0,0.000269,,,2021-09-26 18:45:00
5442274.066585217,0.0,81.0,,0.7,97.0,0.000278,,,2021-09-26 18:50:00
5442275.066707391,0.0,83.0,,0.7,102.0,0.000316,,,2021-09-26 18:55:00
5442276.066829566,0.0,85.0,,0.7,114.0,0.000322,,,2021-09-26 19:00:00
5442277.0669517405,0.0,88.0,93.0,0.7,116.0,0.000312,,,2021-09-26 19:05:00
5442278.067073915,0.0,87.0,,0.7,113.0,0.000298,,,2021-09-26 19:10:00
5442279.06719609,0.0,83.0,,0.7,112.0,0.000339,,,2021-09-26 19:15:00
5442280.067318265,0.0,83.0,,0.7,114.0,0.000353,,,2021-09-26 19:20:00
5442281.06744044,0.0,80.0,,0.7,111.0,0.000374,,,2021-09-26 19:25:00
5442282.067562615,0.0,79.0,76.0,0.7,113.0,0.000396,40.0,,2021-09-26 19:30:00
5442283.067684789,0.0,81.0,76.0,0.7,114.0,0.00043,,7.3,2021-09-26 19:35:00
5442284.067806964,0.0,83.0,,0.7,106.0,0.000441,,,2021-09-26 19:40:00
5442285.067929138,0.0,87.0,,0.7,100.0,0.000488,,,2021-09-26 19:45:00
5442286.068051313,0.0,93.0,,0.7,98.0,0.000512,,,2021-09-26 19:50:00
5442287.068173488,0.0,99.0,,0.7,106.0,0.000521,,,2021-09-26 19:55:00
5442288.068295662,0.0,106.0,,0.7,112.0,0.000453,,,2021-09-26 20:00:00
5442289.068417837,0.0,112.0,,0.7,105.0,0.000199,,,2021-09-26 20:05:00
5442290.068540012,0.0,117.0,,0.7,105.0,0.00014,,,2021-09-26 20:10:00
5442291.068662187,0.0,119.0,,0.7,98.0,0.000146,,,2021-09-26 20:15:00
5442292.068784362,0.0,121.0,,0.7,99.0,0.000176,,,2021-09-26 20:20:00
5442293.068906536,0.0,122.0,,0.7,101.0,0.000209,,,2021-09-26 20:25:00
5442294.069028711,0.0,124.0,,0.7,107.0,0.00024,,,2021-09-26 20:30:00
5442295.069150886,0.0,127.0,,0.7,107.0,0.000226,,,2021-09-26 20:35:00
5442296.06927306,0.0,131.0,,0.7,105.0,0.000275,,,2021-09-26 20:40:00
5442297.069395235,0.0,136.0,,0.7,101.0,0.000289,,,2021-09-26 20:45:00
5442298.069517409,0.0,140.0,,0.7,100.0,0.000277,,,2021-09-26 20:50:00
5442299.069639584,0.0,143.0,,0.7,101.0,0.000319,,,2021-09-26 20:55:00
5442300.069761759,0.0,147.0,,0.7,100.0,0.000289,,,2021-09-26 21:00:00
5442301.069883934,0.0,152.0,,0.7,98.0,0.000345,,,2021-09-26 21:05:00
5442302.070006109,0.0,156.0,,0.7,99.0,0.000373,,,2021-09-26 21:10:00
5442303.070128283,0.0,159.0,169.0,0.7,109.0,0.000304,,2.4,2021-09-26 21:15:00
5442304.070250458,0.0,161.0,,0.7,98.0,0.00029,,,2021-09-26 21:20:00
5442305.070372633,0.0,163.0,,0.7,93.0,0.000257,,,2021-09-26 21:25:00
5442306.070494807,0.0,169.0,,0.7,101.0,0.00028,,,2021-09-26 21:30:00
5442307.070616982,0.0,172.0,,0.7,101.0,0.000256,,,2021-09-26 21:35:00
5442308.070739157,0.0,178.0,174.0,0.7,91.0,0.000229,,3.8,2021-09-26 21:40:00
5442309.070861331,0.0,182.0,,0.7,86.0,0.000141,,,2021-09-26 21:45:00
5442310.070983506,0.0,185.0,,0.7,86.0,8.7e-05,,,2021-09-26 21:50:00
5442311.071105681,0.0,184.0,,0.7,89.0,7.1e-05,,,2021-09-26 21:55:00
5442312.071227856,0.0,182.0,,0.7,89.0,9.6e-05,,,2021-09-26 22:00:00
5442313.071350031,0.0,180.0,,0.7,85.0,9.9e-05,,,2021-09-26 22:05:00
5442314.071472205,0.0,175.0,,0.7,84.0,0.000153,,,2021-09-26 22:10:00
5442315.07159438,0.0,166.0,,0.7,84.0,0.000198,,,2021-09-26 22:15:00
5442316.071716554,0.0,157.0,,0.7,85.0,0.000128,,,2021-09-26 22:20:00
5442317.071838729,0.0,151.0,,0.7,85.0,0.000167,,,2021-09-26 22:25:00
5442318.071960904,0.0,147.0,,0.7,84.0,0.000147,,,2021-09-26 22:30:00
5442319.072083078,0.0,145.0,,0.7,89.0,0.000123,,,2021-09-26 22:35:00
5442320.072205253,0.0,142.0,,0.7,105.0,0.000145,,,2021-09-26 22:40:00
5442321.072327428,0.0,138.0,,0.7,86.0,0.000167,,,2021-09-26 22:45:00
5442322.072449603,0.0,141.0,,0.7,86.0,8.9e-05,,,2021-09-26 22:50:00
5442323.072571778,0.0,144.0,,0.7,102.0,0.000113,,,2021-09-26 22:55:00
5442324.072693952,0.0,140.0,,0.7,136.0,0.000129,,,2021-09-26 23:00:00
5442325.072816127,0.0,133.0,,0.7,84.0,0.000162,,,2021-09-26 23:05:00
5442326.072938302,0.0,131.0,,0.7,91.0,0.000182,,,2021-09-26 23:10:00
5442327.073060476,0.0,130.0,,0.7,98.0,0.000168,,,2021-09-26 23:15:00
5442328.073182651,0.0,128.0,,0.7,78.0,0.000197,,,2021-09-26 23:20:00
5442329.073304825,0.0,127.0,,0.7,82.0,0.000238,,,2021-09-26 23:25:00
5442330.073427,0.0,130.0,,0.7,81.0,0.000208,,,2021-09-26 23:30:00
5442331.073549175,0.0,136.0,,0.7,80.0,0.000148,,,2021-09-26 23:35:00
5442332.07367135,0.0,133.0,,0.7,86.0,0.000147,,,2021-09-26 23:40:00
5442333.073793525,0.0,135.0,,0.7,132.0,0.00016,,,2021-09-26 23:45:00
5442334.0739156995,0.0,135.0,,0.7,78.0,0.000174,,,2021-09-26 23:50:00
5442335.074037874,0.0,133.0,,0.7,74.0,0.00022,,,2021-09-26 23:55:00
5442336.074160049,0.0,132.0,,0.7,71.0,0.000249,,,2021-09-27 00:00:00
5442337.074282223,0.0,132.0,,0.7,71.0,0.000251,,,2021-09-27 00:05:00
5442338.074404398,0.0,132.0,,0.7,72.0,0.000224,,,2021-09-27 00:10:00
5442339.074526573,0.0,131.0,,0.7,74.0,0.00023,,,2021-09-27 00:15:00
5442340.074648747,0.0,131.0,,0.7,85.0,0.000199,,,2021-09-27 00:20:00
5442341.074770922,0.0,134.0,,0.7,76.0,0.000134,,,2021-09-27 00:25:00
5442342.074893096,0.0,133.0,,0.7,77.0,0.000152,,,2021-09-27 00:30:00
5442343.075015272,0.0,132.0,,0.7,76.0,0.000158,,,2021-09-27 00:35:00
5442344.075137447,0.0,130.0,,0.7,76.0,0.000162,,,2021-09-27 00:40:00
5442345.075259621,0.0,129.0,,0.7,77.0,0.000167,,,2021-09-27 00:45:00
5442346.075381796,0.0,128.0,,0.7,77.0,0.000169,,,2021-09-27 00:50:00
5442347.0755039705,0.0,128.0,,0.7,77.0,0.000172,,,2021-09-27 00:55:00
5442348.075626145,0.0,128.0,,0.7,77.0,0.000176,,,2021-09-27 01:00:00
5442349.07574832,0.0,129.0,,0.7,77.0,0.000181,,,2021-09-27 01:05:00
5442350.075870494,0.0,129.0,,0.7,76.0,0.000185,,,2021-09-27 01:10:00
5442351.075992669,0.0,130.0,,0.7,77.0,0.000206,,,2021-09-27 01:15:00
5442352.076114844,0.0,131.0,,0.7,73.0,0.00022,,,2021-09-27 01:20:00
5442353.076237019,0.0,133.0,,0.7,74.0,0.000165,,,2021-09-27 01:25:00
5442354.076359194,0.0,134.0,,0.7,75.0,0.000157,,,2021-09-27 01:30:00
5442355.076481368,0.0,135.0,,0.7,71.0,0.000125,,,2021-09-27 01:35:00
5442356.076603543,0.0,138.0,,0.7,114.0,0.000138,,,2021-09-27 01:40:00
5442357.076725718,0.0,135.0,,0.7,103.0,0.000155,,,2021-09-27 01:45:00
5442358.076847892,0.0,134.0,,0.7,119.0,0.000139,,,2021-09-27 01:50:00
5442359.076970067,0.0,137.0,,0.7,147.0,0.000139,,,2021-09-27 01:55:00
5442360.0770922415,0.0,136.0,,0.7,133.0,0.000141,,,2021-09-27 02:00:00
5442361.077214416,0.0,137.0,,0.7,86.0,0.00014,,,2021-09-27 02:05:00
5442362.077336591,0.0,140.0,,0.7,74.0,0.000144,,,2021-09-27 02:10:00
5442363.077458766,0.0,143.0,,0.7,74.0,0.000144,,,2021-09-27 02:15:00
5442364.077580941,0.0,143.0,,0.7,75.0,0.000152,,,2021-09-27 02:20:00
5442365.0777031155,0.0,144.0,,0.7,76.0,0.000158,,,2021-09-27 02:25:00
5442366.07782529,0.0,144.0,,0.7,76.0,0.000164,,,2021-09-27 02:30:00
5442367.077947465,0.0,145.0,,0.7,76.0,0.000168,,,2021-09-27 02:35:00
5442368.078069639,0.0,145.0,,0.7,76.0,0.000172,,,2021-09-27 02:40:00
5442369.078191814,0.0,146.0,,0.7,75.0,0.000176,,,2021-09-27 02:45:00
5442370.078313989,0.0,148.0,,0.7,96.0,0.000178,,,2021-09-27 02:50:00
5442371.078436163,0.0,148.0,,0.7,141.0,0.000178,,,2021-09-27 02:55:00
5442372.078558338,0.0,148.0,,0.7,137.0,0.00019,,,2021-09-27 03:00:00
5442373.0786805125,0.0,150.0,,0.7,133.0,0.000199,,,2021-09-27 03:05:00
5442374.078802688,0.0,151.0,,0.7,166.0,0.0002,,,2021-09-27 03:10:00
5442375.078924863,0.0,150.0,,0.7,138.0,0.000212,,,2021-09-27 03:15:00
5442376.079047037,0.0,150.0,,0.7,138.0,0.000223,,,2021-09-27 03:20:00
5442377.079169212,0.0,153.0,,0.7,132.0,0.000231,,,2021-09-27 03:25:00
5442378.0792913865,0.0,154.0,,0.7,113.0,0.000254,,,2021-09-27 03:30:00
5442379.079413561,0.0,154.0,,0.7,86.0,0.000302,,,2021-09-27 03:35:00
5442380.079535736,0.0,155.0,,0.7,75.0,0.000201,,,2021-09-27 03:40:00
5442381.07965791,0.0,158.0,,0.7,76.0,0.000174,,,2021-09-27 03:45:00
5442382.079780085,0.0,157.0,,0.7,109.0,0.000198,,,2021-09-27 03:50:00
5442383.07990226,0.0,156.0,,0.7,130.0,0.000226,,,2021-09-27 03:55:00
5442384.080024435,0.0,152.0,,0.7,150.0,0.000279,,,2021-09-27 04:00:00
5442385.08014661,0.0,151.0,,0.7,151.0,0.000317,,,2021-09-27 04:05:00
5442386.080268784,0.0,150.0,,0.7,133.0,0.000286,,,2021-09-27 04:10:00
5442387.080390959,0.0,150.0,,0.7,85.0,0.000301,,,2021-09-27 04:15:00
5442388.080513134,0.0,149.0,,0.7,131.0,0.000312,,,2021-09-27 04:20:00
5442389.080635308,0.0,148.0,,0.7,77.0,0.000333,,,2021-09-27 04:25:00
5442390.080757483,0.0,154.0,,0.7,73.0,0.00027,,,2021-09-27 04:30:00
5442391.0808796575,0.0,158.0,,0.7,71.0,0.000261,,,2021-09-27 04:35:00
5442392.081001832,0.0,158.0,,0.7,71.0,0.000246,,,2021-09-27 04:40:00
5442393.081124007,0.0,158.0,,0.7,72.0,0.000229,,,2021-09-27 04:45:00
5442394.081246181,0.0,159.0,,0.7,71.0,0.000222,,,2021-09-27 04:50:00
5442395.081368357,0.0,159.0,,0.7,107.0,0.000215,,,2021-09-27 04:55:00
5442396.081490532,0.0,162.0,,0.7,88.0,0.00018,,,2021-09-27 05:00:00
5442397.081612706,0.0,166.0,,0.7,89.0,0.000168,,,2021-09-27 05:05:00
5442398.081734881,0.0,172.0,,0.7,89.0,0.000172,,,2021-09-27 05:10:00
5442399.081857055,0.0,176.0,,0.7,103.0,0.000189,,,2021-09-27 05:15:00
5442400.08197923,0.0,177.0,,0.7,,0.000159,,,2021-09-27 05:20:00
5442401.082101405,0.0,179.0,,0.7,,,,,2021-09-27 05:25:00
5442402.082223579,0.0,183.0,,0.7,,,,,2021-09-27 05:30:00
5442403.082345754,0.0,185.0,229.0,0.7,,,,10.1,2021-09-27 05:35:00
5442404.0824679285,0.0,188.0,,0.7,,,,,2021-09-27 05:40:00
5442405.082590104,0.0,189.0,,0.7,,,,,2021-09-27 05:45:00
5442406.082712279,0.0,216.0,,0.7,,,15.0,,2021-09-27 05:50:00
5442407.082834453,0.0,219.0,,0.7,,,,,2021-09-27 05:55:00
5442408.082956628,0.0,222.0,,0.7,,,,,2021-09-27 06:00:00
5442409.083078803,0.0,228.0,,0.7,,,,,2021-09-27 06:05:00
5442410.083200977,0.0,224.0,,0.7,,,,,2021-09-27 06:10:00
5442411.083323152,0.0,217.0,,0.7,,,,,2021-09-27 06:15:00
5442412.083445326,0.0,216.0,217.0,0.7,,,,5.9,2021-09-27 06:20:00
5442413.083567501,0.0,211.0,,0.7,,,,,2021-09-27 06:25:00
5442414.083689676,0.0,205.0,,0.7,,,,,2021-09-27 06:30:00
5442415.08381185,0.0,205.0,,0.7,102.0,0.000517,,,2021-09-27 06:35:00
5442416.083934026,0.0,202.0,,0.7,107.0,0.001045,,,2021-09-27 06:40:00
5442417.0840562,0.0,201.0,,0.7,112.0,0.000589,,,2021-09-27 06:45:00
5442418.084178375,0.0,197.0,,0.7,107.0,0.193619,,,2021-09-27 06:50:00
5442419.08430055,0.0,190.0,,0.7,100.0,1.2844,,,2021-09-27 06:55:00
5442420.084422724,0.0,179.0,,0.7,104.0,1.0652,,,2021-09-27 07:00:00
5442421.084544899,0.0,169.0,,0.7,107.0,0.36694,,,2021-09-27 07:05:00
5442422.084667074,0.0,160.0,,0.7,105.0,0.45824,,,2021-09-27 07:10:00
5442423.084789248,0.0,149.0,99.0,0.7,103.0,0.04608,,,2021-09-27 07:15:00
5442424.084911423,0.0,139.0,,0.7,109.0,0.19066,,,2021-09-27 07:20:00
5442425.085033597,0.0,127.0,,0.7,113.0,3.72218,,,2021-09-27 07:25:00
5442426.085155773,0.0,119.0,,0.7,112.0,6.478,,,2021-09-27 07:30:00
5442427.085277948,0.0,114.0,,0.7,109.0,2.2082,,,2021-09-27 07:35:00
5442428.085400122,0.0,110.0,,0.7,108.0,0.6708,,,2021-09-27 07:40:00
5442429.085522297,0.0,104.0,,0.7,106.0,0.11514,,,2021-09-27 07:45:00
5442430.085644471,0.0,99.0,,0.7,108.0,0.07134,,,2021-09-27 07:50:00
5442431.085766646,0.0,95.0,,0.7,108.0,0.06412,,,2021-09-27 07:55:00
5442432.085888821,0.0,93.0,,0.7,100.0,0.02078,,,2021-09-27 08:00:00
5442433.086010995,0.0,91.0,,0.7,111.0,0.003432,,,2021-09-27 08:05:00
5442434.08613317,0.0,89.0,,0.7,112.0,0.000147,,,2021-09-27 08:10:00
5442435.086255345,0.0,85.0,,0.7,112.0,0.00809,,,2021-09-27 08:15:00
5442436.08637752,0.0,86.0,76.0,0.7,109.0,0.534003,,,2021-09-27 08:20:00
5442437.086499695,0.0,89.0,,0.7,107.0,0.18744,,,2021-09-27 08:25:00
5442438.086621869,0.0,91.0,,0.7,105.0,0.5696,,,2021-09-27 08:30:00
5442439.086744044,0.0,87.0,,0.7,106.0,0.31808,,,2021-09-27 08:35:00
5442440.086866219,0.0,90.0,,0.7,102.0,0.2732,,,2021-09-27 08:40:00
5442441.086988393,0.0,93.0,,0.7,101.0,0.13876,,,2021-09-27 08:45:00
5442442.087110568,0.0,96.0,,0.7,99.0,0.046566,,,2021-09-27 08:50:00
5442443.087232742,0.0,98.0,,0.7,101.0,0.001485,,,2021-09-27 08:55:00
5442444.087354917,0.0,104.0,,0.7,106.0,0.000695,,,2021-09-27 09:00:00
5442445.087477092,0.0,107.0,,0.7,102.0,0.02096,,,2021-09-27 09:05:00
5442446.087599266,0.0,107.0,,0.7,107.0,0.07132,,,2021-09-27 09:10:00
5442447.087721442,0.0,108.0,,0.7,106.0,0.06062,,,2021-09-27 09:15:00
5442448.0878436165,0.0,109.0,,0.7,108.0,0.057095,,,2021-09-27 09:20:00
5442449.087965791,0.0,109.0,,0.7,117.0,0.27081,,,2021-09-27 09:25:00
5442450.088087966,0.0,109.0,,0.7,103.0,1.00724,,,2021-09-27 09:30:00
5442451.08821014,0.0,109.0,,0.7,100.0,0.190154,,,2021-09-27 09:35:00
5442452.088332315,0.0,111.0,,0.7,100.0,0.1948,,,2021-09-27 09:40:00
5442453.08845449,0.0,115.0,,0.7,101.0,0.1113,,,2021-09-27 09:45:00
5442454.088576664,0.0,120.0,,0.7,108.0,0.09404,,,2021-09-27 09:50:00
5442455.088698839,0.0,123.0,,0.7,107.0,0.07874,,,2021-09-27 09:55:00
5442456.088821013,0.0,128.0,,0.7,105.0,0.06116,,,2021-09-27 10:00:00
5442457.088943189,0.0,132.0,,0.7,106.0,0.0515,,,2021-09-27 10:05:00
5442458.089065364,0.0,136.0,,0.7,106.0,0.04778,,,2021-09-27 10:10:00
5442459.089187538,0.0,143.0,,0.7,101.0,0.0499,,,2021-09-27 10:15:00
5442460.089309713,0.0,148.0,,0.7,98.0,0.03964,,,2021-09-27 10:20:00
5442461.0894318875,0.0,153.0,,0.7,100.0,0.02962,,,2021-09-27 10:25:00
5442462.089554062,0.0,157.0,,0.7,101.0,0.02566,,,2021-09-27 10:30:00
5442463.089676237,0.0,160.0,,0.7,100.0,0.01234,,,2021-09-27 10:35:00
5442464.089798411,0.0,161.0,,0.7,117.0,0.003338,,,2021-09-27 10:40:00
5442465.089920586,0.0,163.0,177.0,0.7,108.0,0.004347,,7.3,2021-09-27 10:45:00
5442466.090042761,0.0,161.0,,0.7,104.0,0.005454,,,2021-09-27 10:50:00
5442467.090164935,0.0,159.0,,0.7,102.0,0.00439,,,2021-09-27 10:55:00
5442468.090287111,0.0,166.0,,0.7,99.0,0.003486,,,2021-09-27 11:00:00
5442469.090409285,0.0,166.0,,0.7,102.0,0.002172,,,2021-09-27 11:05:00
5442470.09053146,0.0,167.0,,0.7,101.0,0.002976,,,2021-09-27 11:10:00
5442471.090653635,0.0,170.0,,0.7,104.0,0.002146,,,2021-09-27 11:15:00
5442472.090775809,0.0,171.0,,0.7,102.0,0.00276,,,2021-09-27 11:20:00
5442473.090897984,0.0,173.0,176.0,0.7,104.0,0.001036,,7.5,2021-09-27 11:25:00
5442474.0910201585,0.0,178.0,,0.7,116.0,0.000685,34.0,,2021-09-27 11:30:00
5442475.091142333,0.0,177.0,,0.7,113.0,0.000141,,,2021-09-27 11:35:00
5442476.091264508,0.0,173.0,,0.7,112.0,0.000322,,,2021-09-27 11:40:00
5442477.091386682,0.0,174.0,,0.7,109.0,0.000234,,,2021-09-27 11:45:00
5442478.091508858,0.0,178.0,,0.7,114.0,0.000116,,,2021-09-27 11:50:00
5442479.0916310325,0.0,185.0,,0.7,115.0,0.000239,,,2021-09-27 11:55:00
5442480.091753207,0.0,189.0,,0.7,111.0,0.000626,,,2021-09-27 12:00:00
5442481.091875382,0.0,189.0,,0.7,111.0,0.001545,,,2021-09-27 12:05:00
5442482.091997556,0.0,189.0,,0.7,106.0,0.002374,,,2021-09-27 12:10:00
5442483.092119731,0.0,190.0,,0.7,103.0,0.001336,,,2021-09-27 12:15:00
5442484.092241906,0.0,191.0,,0.7,103.0,0.000714,,,2021-09-27 12:20:00
5442485.09236408,0.0,194.0,,0.7,102.0,0.000372,,,2021-09-27 12:25:00
5442486.092486255,0.0,195.0,,0.7,101.0,0.000305,,,2021-09-27 12:30:00
5442487.0926084295,0.0,196.0,,0.7,100.0,0.000286,,,2021-09-27 12:35:00
5442488.092730604,0.0,195.0,,0.7,103.0,0.000277,,,2021-09-27 12:40:00
5442489.09285278,0.0,193.0,,0.7,103.0,0.000311,,,2021-09-27 12:45:00
5442490.092974954,0.0,193.0,,0.7,106.0,0.000287,,,2021-09-27 12:50:00
5442491.093097129,0.0,194.0,,0.7,107.0,0.000219,,,2021-09-27 12:55:00
5442492.0932193035,0.0,195.0,,0.7,107.0,0.000312,,,2021-09-27 13:00:00
5442493.093341478,0.0,196.0,,0.7,101.0,0.000286,,,2021-09-27 13:05:00
5442494.093463653,0.0,198.0,,0.7,99.0,0.000156,,,2021-09-27 13:10:00
5442495.093585827,0.0,199.0,,0.7,99.0,0.000147,,,2021-09-27 13:15:00
5442496.093708002,0.0,199.0,,0.7,96.0,0.000144,,,2021-09-27 13:20:00
5442497.093830177,0.0,198.0,,0.7,96.0,0.000154,,,2021-09-27 13:25:00
5442498.093952351,0.0,195.0,,0.7,98.0,0.000161,,,2021-09-27 13:30:00
5442499.094074527,0.0,192.0,173.0,0.7,100.0,0.00018,,7.0,2021-09-27 13:35:00
5442500.094196701,0.0,190.0,,0.7,102.0,0.000171,,,2021-09-27 13:40:00
5442501.094318876,0.0,187.0,,0.7,109.0,0.000147,,,2021-09-27 13:45:00
5442502.094441051,0.0,181.0,,0.7,106.0,9.4e-05,,,2021-09-27 13:50:00
5442503.094563225,0.0,180.0,,0.7,104.0,0.000106,,,2021-09-27 13:55:00
5442504.0946854,0.0,179.0,,0.7,101.0,0.0001,,,2021-09-27 14:00:00
5442505.0948075745,0.0,180.0,,0.7,97.0,0.000135,,,2021-09-27 14:05:00
5442506.094929749,0.0,182.0,,0.7,97.0,0.000115,,,2021-09-27 14:10:00
5442507.095051924,0.0,185.0,,0.7,94.0,0.000126,,,2021-09-27 14:15:00
5442508.095174098,0.0,189.0,,0.7,96.0,0.000119,,,2021-09-27 14:20:00
5442509.095296273,0.0,196.0,,0.7,99.0,0.000153,,,2021-09-27 14:25:00
5442510.095418449,0.0,200.0,,0.7,101.0,0.000143,,,2021-09-27 14:30:00
5442511.095540623,0.0,199.0,,0.7,103.0,0.000178,,,2021-09-27 14:35:00
5442512.095662798,0.0,197.0,,0.7,101.0,0.000175,,,2021-09-27 14:40:00
5442513.095784972,0.0,192.0,198.0,0.7,97.0,0.000175,,6.1,2021-09-27 14:45:00
5442514.095907147,0.0,184.0,,0.7,95.0,0.000147,,,2021-09-27 14:50:00
5442515.096029322,0.0,177.0,,0.7,96.0,0.000176,,,2021-09-27 14:55:00
5442516.096151496,0.0,172.0,,0.7,91.0,0.000139,,,2021-09-27 15:00:00
5442517.096273671,0.0,167.0,,0.7,93.0,0.000158,,,2021-09-27 15:05:00
5442518.0963958455,0.0,164.0,,0.7,99.0,0.000157,,,2021-09-27 15:10:00
5442519.09651802,0.0,162.0,,0.7,105.0,0.000158,,,2021-09-27 15:15:00
5442520.096640196,0.0,157.0,,0.7,113.0,0.000244,,,2021-09-27 15:20:00
5442521.09676237,0.0,152.0,,0.7,114.0,0.00024,,,2021-09-27 15:25:00
5442522.096884545,0.0,144.0,,0.7,117.0,0.000284,,,2021-09-27 15:30:00
5442523.09700672,0.0,137.0,,0.7,113.0,0.000425,,,2021-09-27 15:35:00
5442524.097128894,0.0,131.0,,0.7,117.0,0.002985,,,2021-09-27 15:40:00
5442525.097251069,0.0,125.0,97.0,0.7,107.0,0.003919,,,2021-09-27 15:45:00
5442526.097373243,0.0,117.0,,0.7,111.0,0.00178,,,2021-09-27 15:50:00
5442527.097495418,0.0,113.0,,0.7,115.0,0.006256,,,2021-09-27 15:55:00
5442528.097617593,0.0,114.0,,0.7,107.0,0.004304,,,2021-09-27 16:00:00
5442529.097739767,0.0,118.0,,0.7,105.0,0.001994,,,2021-09-27 16:05:00
5442530.097861943,0.0,127.0,,0.7,104.0,0.0013,,,2021-09-27 16:10:00
5442531.097984117,0.0,135.0,,0.7,104.0,0.001354,,,2021-09-27 16:15:00
5442532.098106292,0.0,144.0,,0.7,105.0,0.001054,,,2021-09-27 16:20:00
5442533.098228467,0.0,151.0,,0.7,104.0,0.000495,,,2021-09-27 16:25:00
5442534.098350641,0.0,157.0,,0.7,109.0,0.000564,,,2021-09-27 16:30:00
5442535.098472816,0.0,158.0,,0.7,109.0,0.000657,,,2021-09-27 16:35:00
5442536.098594991,0.0,156.0,,0.7,102.0,0.000287,,,2021-09-27 16:40:00
5442537.098717165,0.0,154.0,,0.7,104.0,0.000206,,,2021-09-27 16:45:00
5442538.09883934,0.0,152.0,,0.7,105.0,0.000134,,,2021-09-27 16:50:00
5442539.098961514,0.0,151.0,,0.7,104.0,0.000119,,,2021-09-27 16:55:00
5442540.099083689,0.0,151.0,,0.7,102.0,9.6e-05,,,2021-09-27 17:00:00
5442541.099205865,0.0,151.0,,0.7,100.0,0.0001,,,2021-09-27 17:05:00
5442542.099328039,0.0,151.0,,0.7,101.0,8.9e-05,,,2021-09-27 17:10:00
5442543.099450214,0.0,149.0,,0.7,100.0,7.5e-05,,,2021-09-27 17:15:00
5442544.099572388,0.0,147.0,,0.7,100.0,8e-05,,,2021-09-27 17:20:00
5442545.099694563,0.0,145.0,,0.7,100.0,8.3e-05,,,2021-09-27 17:25:00
5442546.099816738,0.0,144.0,,0.7,97.0,7e-05,,,2021-09-27 17:30:00
5442547.099938912,0.0,144.0,,0.7,98.0,7.1e-05,,,2021-09-27 17:35:00
5442548.100061087,0.0,145.0,,0.7,98.0,6.6e-05,,,2021-09-27 17:40:00
5442549.100183262,0.0,146.0,,0.7,96.0,5.9e-05,,,2021-09-27 17:45:00
5442550.100305436,0.0,147.0,,0.7,95.0,6.1e-05,,,2021-09-27 17:50:00
5442551.100427612,0.0,148.0,,0.7,95.0,6.3e-05,,,2021-09-27 17:55:00
5442552.100549786,0.0,149.0,,0.7,93.0,5.8e-05,,,2021-09-27 18:00:00
5442553.100671961,0.0,149.0,,0.7,91.0,5.6e-05,,,2021-09-27 18:05:00
5442554.100794136,0.0,150.0,,0.7,95.0,6e-05,,,2021-09-27 18:10:00
5442555.10091631,0.0,150.0,,0.7,94.0,6.3e-05,,,2021-09-27 18:15:00
5442556.101038485,0.0,151.0,,0.7,95.0,6e-05,,,2021-09-27 18:20:00
5442557.101160659,0.0,152.0,,0.7,87.0,5.5e-05,,,2021-09-27 18:25:00
5442558.101282834,0.0,152.0,,0.7,97.0,6e-05,,,2021-09-27 18:30:00
5442559.101405009,0.0,153.0,,0.7,102.0,6.4e-05,,,2021-09-27 18:35:00
5442560.101527183,0.0,154.0,,0.7,117.0,6.5e-05,,,2021-09-27 18:40:00
5442561.101649358,0.0,154.0,,0.7,104.0,6.5e-05,,,2021-09-27 18:45:00
5442562.1017715335,0.0,156.0,,0.7,103.0,9.8e-05,,,2021-09-27 18:50:00
5442563.101893708,0.0,160.0,,0.7,102.0,0.000111,,,2021-09-27 18:55:00
5442564.102015883,0.0,161.0,,0.7,109.0,0.000184,,,2021-09-27 19:00:00
5442565.102138057,0.0,163.0,,0.7,111.0,0.000319,,,2021-09-27 19:05:00
5442566.102260232,0.0,165.0,,0.7,110.0,0.00303,,,2021-09-27 19:10:00
5442567.102382407,0.0,169.0,,0.7,110.0,0.03475,,,2021-09-27 19:15:00
5442568.102504581,0.0,171.0,,0.7,107.0,0.775,,,2021-09-27 19:20:00
5442569.102626756,0.0,171.0,,0.7,110.0,0.52884,,,2021-09-27 19:25:00
5442570.10274893,0.0,171.0,,0.7,108.0,0.14852,,,2021-09-27 19:30:00
5442571.102871105,0.0,171.0,,0.7,115.0,0.0247,,,2021-09-27 19:35:00
5442572.102993281,0.0,172.0,,0.7,106.0,0.002062,,,2021-09-27 19:40:00
5442573.103115455,0.0,172.0,213.0,0.7,111.0,0.005087,,14.5,2021-09-27 19:45:00
5442574.10323763,0.0,176.0,,0.7,114.0,0.002234,40.0,,2021-09-27 19:50:00
5442575.1033598045,0.0,178.0,,0.7,114.0,0.001776,,,2021-09-27 19:55:00
5442576.103481979,0.0,196.0,,0.7,118.0,0.001321,,,2021-09-27 20:00:00
5442577.103604154,0.0,204.0,,0.7,117.0,0.000955,,,2021-09-27 20:05:00
5442578.103726328,0.0,215.0,,0.7,113.0,0.000841,,,2021-09-27 20:10:00
5442579.103848503,0.0,217.0,,0.7,108.0,0.000876,,,2021-09-27 20:15:00
5442580.103970678,0.0,217.0,,0.7,103.0,0.000743,,,2021-09-27 20:20:00
5442581.104092852,0.0,217.0,,0.7,100.0,0.000714,,,2021-09-27 20:25:00
5442582.104215027,0.0,218.0,,0.7,100.0,0.000726,,,2021-09-27 20:30:00
5442583.104337202,0.0,218.0,,0.7,105.0,0.000687,,,2021-09-27 20:35:00
5442584.104459377,0.0,216.0,,0.7,105.0,0.000576,,,2021-09-27 20:40:00
5442585.104581552,0.0,209.0,,0.7,107.0,0.00029,,,2021-09-27 20:45:00
5442586.104703726,0.0,202.0,,0.7,106.0,0.000284,,,2021-09-27 20:50:00
5442587.104825901,0.0,195.0,,0.7,104.0,0.000224,,,2021-09-27 20:55:00
5442588.1049480755,0.0,189.0,,0.7,105.0,0.000194,,,2021-09-27 21:00:00
5442589.10507025,0.0,182.0,,0.7,103.0,0.000109,,,2021-09-27 21:05:00
5442590.105192425,0.0,176.0,,0.7,104.0,0.000288,,,2021-09-27 21:10:00
5442591.105314599,0.0,173.0,,0.7,103.0,0.000203,,,2021-09-27 21:15:00
5442592.105436774,0.0,166.0,,0.7,98.0,0.000223,,,2021-09-27 21:20:00
5442593.1055589495,0.0,158.0,,0.7,94.0,0.000229,,,2021-09-27 21:25:00
5442594.105681124,0.0,151.0,,0.7,93.0,0.000222,,,2021-09-27 21:30:00
5442595.105803299,0.0,145.0,,0.7,93.0,0.000279,,,2021-09-27 21:35:00
5442596.105925473,0.0,140.0,,0.7,92.0,0.000223,,,2021-09-27 21:40:00
5442597.106047648,0.0,137.0,,0.7,94.0,0.000206,,,2021-09-27 21:45:00
5442598.106169823,0.0,134.0,,0.7,87.0,0.000173,,,2021-09-27 21:50:00
5442599.106291997,0.0,131.0,101.0,0.7,86.0,0.000178,,,2021-09-27 21:55:00
5442600.106414172,0.0,127.0,,0.7,105.0,0.000129,,,2021-09-27 22:00:00
5442601.1065363465,0.0,122.0,,0.7,102.0,0.000111,,,2021-09-27 22:05:00
5442602.106658521,0.0,113.0,,0.7,88.0,7.8e-05,,,2021-09-27 22:10:00
5442603.106780697,0.0,110.0,,0.7,85.0,7.2e-05,,,2021-09-27 22:15:00
5442604.106902871,0.0,106.0,,0.7,92.0,6.8e-05,,,2021-09-27 22:20:00
5442605.107025046,0.0,103.0,,0.7,82.0,6.3e-05,,,2021-09-27 22:25:00
5442606.1071472205,0.0,97.0,,0.7,80.0,6.8e-05,,,2021-09-27 22:30:00
5442607.107269395,0.0,93.0,,0.7,81.0,6.3e-05,,,2021-09-27 22:35:00
5442608.10739157,0.0,90.0,,0.7,81.0,6e-05,,,2021-09-27 22:40:00
5442609.107513744,0.0,89.0,,0.7,82.0,6.2e-05,,,2021-09-27 22:45:00
5442610.107635919,0.0,87.0,,0.7,82.0,6.5e-05,,,2021-09-27 22:50:00
5442611.107758094,0.0,86.0,,0.7,82.0,6.7e-05,,,2021-09-27 22:55:00
5442612.107880268,0.0,85.0,,0.7,82.0,7e-05,,,2021-09-27 23:00:00
5442613.108002443,0.0,85.0,,0.7,81.0,7.4e-05,,,2021-09-27 23:05:00
5442614.108124618,0.0,85.0,,0.7,81.0,7.8e-05,,,2021-09-27 23:10:00
5442615.108246793,0.0,84.0,,0.7,82.0,7.5e-05,,,2021-09-27 23:15:00
5442616.108368968,0.0,93.0,,0.7,100.0,6.8e-05,,,2021-09-27 23:20:00
5442617.108491142,0.0,97.0,,0.7,155.0,6.6e-05,,,2021-09-27 23:25:00
5442618.108613317,0.0,96.0,,0.7,139.0,6.7e-05,,,2021-09-27 23:30:00
5442619.1087354915,0.0,96.0,,0.7,92.0,6.8e-05,,,2021-09-27 23:35:00
5442620.108857666,0.0,96.0,,0.7,84.0,6.8e-05,,,2021-09-27 23:40:00
5442621.108979841,0.0,97.0,,0.7,82.0,6.3e-05,,,2021-09-27 23:45:00
5442622.109102015,0.0,94.0,,0.7,121.0,5.4e-05,,,2021-09-27 23:50:00
5442623.10922419,0.0,90.0,,0.7,145.0,5.6e-05,,,2021-09-27 23:55:00
5442624.109346366,0.0,90.0,,1.5,157.0,5.7e-05,,,2021-09-28 00:00:00
5442625.10946854,0.0,90.0,,1.5,142.0,5.8e-05,,,2021-09-28 00:05:00
5442626.109590715,0.0,94.0,,1.5,132.0,6.2e-05,,,2021-09-28 00:10:00
5442627.109712889,0.0,98.0,,1.5,76.0,6.3e-05,,,2021-09-28 00:15:00
5442628.109835064,0.0,101.0,,1.5,97.0,6.7e-05,,,2021-09-28 00:20:00
5442629.109957239,0.0,105.0,,1.5,142.0,6.6e-05,,,2021-09-28 00:25:00
5442630.110079413,0.0,106.0,,1.5,144.0,6.4e-05,,,2021-09-28 00:30:00
5442631.110201588,0.0,114.0,,1.5,77.0,5.9e-05,,,2021-09-28 00:35:00
5442632.1103237625,0.0,123.0,,1.5,79.0,6.3e-05,,,2021-09-28 00:40:00
5442633.110445937,0.0,124.0,,1.5,79.0,6.7e-05,,,2021-09-28 00:45:00
5442634.110568112,0.0,125.0,,1.5,81.0,7e-05,,,2021-09-28 00:50:00
5442635.110690287,0.0,127.0,,1.5,81.0,7.8e-05,,,2021-09-28 00:55:00
5442636.110812462,0.0,129.0,,1.5,80.0,8.9e-05,,,2021-09-28 01:00:00
5442637.110934637,0.0,131.0,,1.5,81.0,9.3e-05,,,2021-09-28 01:05:00
5442638.111056811,0.0,133.0,,1.5,80.0,9.5e-05,,,2021-09-28 01:10:00
5442639.111178986,0.0,136.0,,1.5,80.0,9.6e-05,,,2021-09-28 01:15:00
5442640.11130116,0.0,138.0,,1.5,81.0,9.5e-05,,,2021-09-28 01:20:00
5442641.111423335,0.0,140.0,,1.5,80.0,9.7e-05,,,2021-09-28 01:25:00
5442642.11154551,0.0,142.0,,1.5,81.0,9.5e-05,,,2021-09-28 01:30:00
5442643.111667684,0.0,144.0,,1.5,81.0,9.5e-05,,,2021-09-28 01:35:00
5442644.111789859,0.0,146.0,,1.5,92.0,8.6e-05,,,2021-09-28 01:40:00
5442645.111912034,0.0,146.0,,1.5,146.0,7.7e-05,,,2021-09-28 01:45:00
5442646.112034209,0.0,146.0,,1.5,139.0,7.2e-05,,,2021-09-28 01:50:00
5442647.112156384,0.0,148.0,,1.5,145.0,7e-05,,,2021-09-28 01:55:00
5442648.112278558,0.0,152.0,,1.5,126.0,6.9e-05,,,2021-09-28 02:00:00
5442649.112400733,0.0,155.0,,1.5,113.0,6.8e-05,,,2021-09-28 02:05:00
5442650.112522908,0.0,157.0,,1.5,75.0,6.7e-05,,,2021-09-28 02:10:00
5442651.112645082,0.0,160.0,,1.5,84.0,7.1e-05,,,2021-09-28 02:15:00
5442652.112767257,0.0,169.0,,1.5,78.0,7.3e-05,,,2021-09-28 02:20:00
5442653.112889431,0.0,176.0,,1.5,79.0,7.6e-05,,,2021-09-28 02:25:00
5442654.113011606,0.0,177.0,,1.5,80.0,7.9e-05,,,2021-09-28 02:30:00
5442655.113133781,0.0,179.0,,1.5,81.0,8.1e-05,,,2021-09-28 02:35:00
5442656.113255956,0.0,181.0,,1.5,82.0,8.8e-05,,,2021-09-28 02:40:00
5442657.113378131,0.0,183.0,,1.5,81.0,9.3e-05,,,2021-09-28 02:45:00
5442658.113500305,0.0,182.0,,1.5,119.0,7.9e-05,,,2021-09-28 02:50:00
5442659.11362248,0.0,179.0,,1.5,144.0,7.6e-05,,,2021-09-28 02:55:00
5442660.113744655,0.0,179.0,,1.55,139.0,7.5e-05,,,2021-09-28 03:00:00
5442661.113866829,0.0,182.0,,1.55,153.0,7.4e-05,,,2021-09-28 03:05:00
5442662.113989004,0.0,182.0,,1.55,148.0,7.4e-05,,,2021-09-28 03:10:00
5442663.114111179,0.0,186.0,,1.55,88.0,6.7e-05,,,2021-09-28 03:15:00
5442664.114233353,0.0,201.0,,1.55,144.0,5.9e-05,,,2021-09-28 03:20:00
5442665.114355528,0.0,204.0,,1.55,148.0,5.8e-05,,,2021-09-28 03:25:00
5442666.114477703,0.0,205.0,,1.55,138.0,5.7e-05,,,2021-09-28 03:30:00
5442667.114599878,0.0,206.0,,1.55,99.0,5.8e-05,,,2021-09-28 03:35:00
5442668.114722053,0.0,207.0,,1.55,84.0,6.6e-05,,,2021-09-28 03:40:00
5442669.114844227,0.0,208.0,213.0,1.55,83.0,6.7e-05,,8.5,2021-09-28 03:45:00
5442670.114966402,0.0,208.0,,1.55,83.0,6.2e-05,,,2021-09-28 03:50:00
5442671.115088576,0.0,204.0,,1.55,125.0,5.6e-05,,,2021-09-28 03:55:00
5442672.115210751,0.0,197.0,,1.55,138.0,5.7e-05,,,2021-09-28 04:00:00
5442673.115332926,0.0,190.0,,1.55,78.0,6e-05,,,2021-09-28 04:05:00
5442674.1154551,0.0,194.0,,1.55,79.0,6e-05,,,2021-09-28 04:10:00
5442675.115577275,0.0,200.0,,1.55,77.0,6.5e-05,,,2021-09-28 04:15:00
5442676.1156994505,0.0,204.0,,1.55,78.0,5e-05,,,2021-09-28 04:20:00
5442677.115821625,0.0,204.0,,1.55,78.0,5.3e-05,,,2021-09-28 04:25:00
5442678.1159438,0.0,203.0,,1.55,77.0,5.3e-05,,,2021-09-28 04:30:00
5442679.116065974,0.0,201.0,,1.55,77.0,5.3e-05,,,2021-09-28 04:35:00
5442680.116188149,0.0,199.0,,1.55,75.0,5.1e-05,,,2021-09-28 04:40:00
5442681.116310324,0.0,197.0,,1.55,72.0,5.3e-05,,,2021-09-28 04:45:00
5442682.116432498,0.0,194.0,,1.55,102.0,5.2e-05,,,2021-09-28 04:50:00
5442683.116554673,0.0,187.0,,1.55,95.0,5.4e-05,,,2021-09-28 04:55:00
5442684.116676847,0.0,181.0,,1.55,77.0,5.4e-05,,,2021-09-28 05:00:00
5442685.116799022,0.0,179.0,,1.55,91.0,5.6e-05,,,2021-09-28 05:05:00
5442686.116921197,0.0,179.0,,1.55,89.0,5.8e-05,,,2021-09-28 05:10:00
5442687.117043372,0.0,179.0,,1.55,87.0,6.1e-05,,,2021-09-28 05:15:00
5442688.117165547,0.0,177.0,,1.55,104.0,6e-05,,,2021-09-28 05:20:00
5442689.1172877215,0.0,173.0,,1.55,,,,,2021-09-28 05:25:00
5442690.117409896,0.0,170.0,,1.55,,,,,2021-09-28 05:30:00
5442691.117532071,0.0,166.0,,1.55,,,,,2021-09-28 05:35:00
5442692.117654245,0.0,161.0,,1.55,,,,,2021-09-28 05:40:00
5442693.11777642,0.0,157.0,,1.55,115.0,0.00017,,,2021-09-28 05:45:00
5442694.117898595,0.0,154.0,,1.55,117.0,0.000191,,,2021-09-28 05:50:00
5442695.118020769,0.0,150.0,,1.55,107.0,0.000202,,,2021-09-28 05:55:00
5442696.118142944,0.0,151.0,,1.55,99.0,0.000151,,,2021-09-28 06:00:00
5442697.118265119,0.0,155.0,,1.55,95.0,0.000112,,,2021-09-28 06:05:00
5442698.118387294,0.0,156.0,,1.55,99.0,0.000119,,,2021-09-28 06:10:00
5442699.118509469,0.0,157.0,,1.55,102.0,0.000125,,,2021-09-28 06:15:00
5442700.118631643,0.0,156.0,,1.55,93.0,0.000141,,,2021-09-28 06:20:00
5442701.118753818,0.0,157.0,,1.55,107.0,0.000152,,,2021-09-28 06:25:00
5442702.1188759925,0.0,157.0,159.0,1.55,110.0,0.000414,,2.4,2021-09-28 06:30:00
5442703.118998167,0.0,159.0,,1.55,108.0,0.000467,,,2021-09-28 06:35:00
5442704.119120342,0.0,161.0,,1.55,116.0,0.016532,,,2021-09-28 06:40:00
5442705.119242516,0.0,160.0,,1.55,109.0,0.601,,,2021-09-28 06:45:00
5442706.119364691,0.0,161.0,154.0,1.55,107.0,0.093,,,2021-09-28 06:50:00
5442707.119486866,0.0,161.0,154.0,1.55,104.0,2.0528,,1.9,2021-09-28 06:55:00
5442708.119609041,0.0,162.0,,1.55,101.0,1.958,,,2021-09-28 07:00:00
5442709.119731216,0.0,162.0,,1.55,103.0,1.394,,,2021-09-28 07:05:00
5442710.11985339,0.0,163.0,,1.55,103.0,0.6772,,,2021-09-28 07:10:00
5442711.119975565,0.0,165.0,,1.55,113.0,0.4824,,,2021-09-28 07:15:00
5442712.12009774,0.0,167.0,,1.55,103.0,0.343,,,2021-09-28 07:20:00
5442713.120219914,0.0,166.0,,1.55,98.0,0.14582,,,2021-09-28 07:25:00
5442714.120342089,0.0,165.0,,1.1,103.0,0.04652,,,2021-09-28 07:30:00
5442715.1204642635,0.0,165.0,,1.1,103.0,0.04276,,,2021-09-28 07:35:00
5442716.120586438,0.0,167.0,,1.1,100.0,0.03312,,,2021-09-28 07:40:00
5442717.120708613,0.0,169.0,,1.1,99.0,0.02346,,,2021-09-28 07:45:00
5442718.120830788,0.0,172.0,,1.1,103.0,0.01702,,,2021-09-28 07:50:00
5442719.120952963,0.0,176.0,,1.1,109.0,0.011138,,,2021-09-28 07:55:00
5442720.1210751375,0.0,177.0,,1.1,106.0,0.01224,,,2021-09-28 08:00:00
5442721.121197312,0.0,174.0,,1.1,109.0,0.010284,,,2021-09-28 08:05:00
5442722.121319487,0.0,175.0,,1.1,102.0,0.009382,,,2021-09-28 08:10:00
5442723.121441661,0.0,175.0,,1.1,104.0,0.010124,,,2021-09-28 08:15:00
5442724.121563836,0.0,180.0,,1.1,100.0,0.008876,,,2021-09-28 08:20:00
5442725.121686011,0.0,187.0,189.0,1.1,106.0,0.003743,,5.0,2021-09-28 08:25:00
5442726.121808185,0.0,190.0,,1.1,109.0,0.004804,,,2021-09-28 08:30:00
5442727.12193036,0.0,187.0,,1.1,105.0,0.002982,,,2021-09-28 08:35:00
5442728.1220525345,0.0,188.0,,1.1,102.0,0.003908,,,2021-09-28 08:40:00
5442729.12217471,0.0,191.0,,1.1,100.0,0.002032,,,2021-09-28 08:45:00
5442730.122296885,0.0,190.0,,1.1,106.0,0.001112,,,2021-09-28 08:50:00
5442731.122419059,0.0,192.0,,1.1,110.0,0.000882,,,2021-09-28 08:55:00
5442732.122541234,0.0,190.0,,1.1,110.0,0.000275,,,2021-09-28 09:00:00
5442733.1226634085,0.0,189.0,,1.1,105.0,0.000455,,,2021-09-28 09:05:00
5442734.122785583,0.0,190.0,,1.1,101.0,0.000399,,,2021-09-28 09:10:00
5442735.122907758,0.0,189.0,,1.1,100.0,0.000282,,,2021-09-28 09:15:00
5442736.123029932,0.0,188.0,,1.1,102.0,0.000227,,,2021-09-28 09:20:00
5442737.123152107,0.0,190.0,,1.1,104.0,0.000207,,,2021-09-28 09:25:00
5442738.123274282,0.0,187.0,,1.1,102.0,0.000167,,,2021-09-28 09:30:00
5442739.123396457,0.0,188.0,,1.1,101.0,0.000171,,,2021-09-28 09:35:00
5442740.123518632,0.0,193.0,,1.1,99.0,0.000175,,,2021-09-28 09:40:00
5442741.123640806,0.0,194.0,,1.1,100.0,0.000137,,,2021-09-28 09:45:00
5442742.123762981,0.0,194.0,,1.1,98.0,0.000155,,,2021-09-28 09:50:00
5442743.123885156,0.0,191.0,,1.1,96.0,0.000141,,,2021-09-28 09:55:00
5442744.12400733,0.0,191.0,,1.1,98.0,0.000145,,,2021-09-28 10:00:00
5442745.124129505,0.0,192.0,,1.1,99.0,0.000105,,,2021-09-28 10:05:00
5442746.1242516795,0.0,192.0,,1.1,100.0,0.000109,,,2021-09-28 10:10:00
5442747.124373854,0.0,193.0,,1.1,100.0,0.000104,,,2021-09-28 10:15:00
5442748.124496029,0.0,195.0,,1.1,98.0,0.000108,,,2021-09-28 10:20:00
5442749.124618203,0.0,196.0,,1.1,98.0,0.000128,,,2021-09-28 10:25:00
5442750.124740379,0.0,195.0,,0.9,98.0,0.000123,,,2021-09-28 10:30:00
5442751.124862554,0.0,194.0,,0.9,103.0,0.000112,,,2021-09-28 10:35:00
5442752.124984728,0.0,192.0,,0.9,104.0,9.9e-05,,,2021-09-28 10:40:00
5442753.125106903,0.0,189.0,,0.9,113.0,8e-05,,,2021-09-28 10:45:00
5442754.125229077,0.0,188.0,,0.9,100.0,0.000105,,,2021-09-28 10:50:00
5442755.125351252,0.0,186.0,,0.9,98.0,0.000114,,,2021-09-28 10:55:00
5442756.125473427,0.0,186.0,,0.9,98.0,0.000122,,,2021-09-28 11:00:00
5442757.125595601,0.0,187.0,,0.9,100.0,0.000116,,,2021-09-28 11:05:00
5442758.125717776,0.0,188.0,,0.9,102.0,0.000136,,,2021-09-28 11:10:00
5442759.1258399505,0.0,187.0,,0.9,102.0,0.000106,,,2021-09-28 11:15:00
5442760.125962126,0.0,188.0,,0.9,106.0,8.3e-05,,,2021-09-28 11:20:00
5442761.126084301,0.0,188.0,,0.9,120.0,8.1e-05,,,2021-09-28 11:25:00
5442762.126206475,0.0,185.0,,0.6,117.0,7e-05,34.0,,2021-09-28 11:30:00
5442763.12632865,0.0,185.0,157.0,0.6,113.0,6e-05,,8.2,2021-09-28 11:35:00
5442764.126450825,0.0,185.0,,0.6,112.0,6.8e-05,,,2021-09-28 11:40:00
5442765.126572999,0.0,167.0,,0.6,108.0,7.8e-05,,,2021-09-28 11:45:00
5442766.126695174,0.0,173.0,,0.6,117.0,8e-05,,,2021-09-28 11:50:00
5442767.126817348,0.0,179.0,,0.6,113.0,0.000105,,,2021-09-28 11:55:00
5442768.126939523,0.0,187.0,,0.6,116.0,0.000107,,,2021-09-28 12:00:00
5442769.127061698,0.0,192.0,,0.6,108.0,9.4e-05,,,2021-09-28 12:05:00
5442770.127183873,0.0,196.0,,0.6,109.0,6.8e-05,,,2021-09-28 12:10:00
5442771.127306048,0.0,200.0,,0.6,108.0,8e-05,,,2021-09-28 12:15:00
5442772.127428222,0.0,202.0,,0.6,104.0,7.9e-05,,,2021-09-28 12:20:00
5442773.127550397,0.0,203.0,,0.6,104.0,0.000246,,,2021-09-28 12:25:00
5442774.127672572,0.0,203.0,,0.6,108.0,0.000272,,,2021-09-28 12:30:00
5442775.127794746,0.0,207.0,,0.6,106.0,0.00018,,,2021-09-28 12:35:00
5442776.127916921,0.0,216.0,,0.6,108.0,0.000248,,,2021-09-28 12:40:00
5442777.128039096,0.0,224.0,252.0,0.6,109.0,0.000283,,12.6,2021-09-28 12:45:00
5442778.12816127,0.0,233.0,,0.6,109.0,0.000103,,,2021-09-28 12:50:00
5442779.128283445,0.0,237.0,,0.6,104.0,0.000119,,,2021-09-28 12:55:00
5442780.128405619,0.0,244.0,,0.6,106.0,8.4e-05,,,2021-09-28 13:00:00
5442781.128527795,0.0,249.0,,0.6,103.0,5.5e-05,,,2021-09-28 13:05:00
5442782.12864997,0.0,252.0,,0.6,105.0,5.2e-05,,,2021-09-28 13:10:00
5442783.128772144,0.0,254.0,,0.6,104.0,6.8e-05,,,2021-09-28 13:15:00
5442784.128894319,0.0,254.0,,0.6,103.0,7.5e-05,,,2021-09-28 13:20:00
5442785.129016493,0.0,252.0,,0.6,102.0,6.3e-05,,,2021-09-28 13:25:00
5442786.129138668,0.0,255.0,,0.6,102.0,5.9e-05,,,2021-09-28 13:30:00
5442787.129260843,0.0,256.0,,0.6,106.0,6.1e-05,,,2021-09-28 13:35:00
5442788.129383017,0.0,253.0,,0.6,105.0,6.5e-05,,,2021-09-28 13:40:00
5442789.129505192,0.0,245.0,,0.6,118.0,6e-05,,,2021-09-28 13:45:00
5442790.129627367,0.0,241.0,,0.6,111.0,6.8e-05,,,2021-09-28 13:50:00
5442791.129749542,0.0,244.0,,0.6,108.0,7.3e-05,,,2021-09-28 13:55:00
5442792.129871717,0.0,242.0,,0.6,106.0,7.4e-05,,,2021-09-28 14:00:00
5442793.129993891,0.0,240.0,256.0,0.6,105.0,6.4e-05,,13.3,2021-09-28 14:05:00
5442794.130116066,0.0,239.0,,0.6,105.0,7.6e-05,,,2021-09-28 14:10:00
5442795.130238241,0.0,237.0,,0.6,106.0,7.2e-05,,,2021-09-28 14:15:00
5442796.130360415,0.0,233.0,,0.6,103.0,6.3e-05,,,2021-09-28 14:20:00
5442797.13048259,0.0,229.0,,0.6,104.0,8e-05,,,2021-09-28 14:25:00
5442798.130604764,0.0,225.0,,0.6,106.0,7.9e-05,,,2021-09-28 14:30:00
5442799.130726939,0.0,218.0,,0.6,105.0,9.7e-05,,,2021-09-28 14:35:00
5442800.130849114,0.0,217.0,,0.6,104.0,0.000101,,,2021-09-28 14:40:00
5442801.130971288,0.0,213.0,,0.6,105.0,0.000106,,,2021-09-28 14:45:00
5442802.131093464,0.0,210.0,,0.6,108.0,0.000102,,,2021-09-28 14:50:00
5442803.1312156385,0.0,208.0,,0.6,107.0,0.000117,,,2021-09-28 14:55:00
5442804.131337813,0.0,206.0,,0.6,105.0,0.000126,,,2021-09-28 15:00:00
5442805.131459988,0.0,204.0,,0.6,106.0,0.000134,,,2021-09-28 15:05:00
5442806.131582162,0.0,201.0,,0.6,102.0,0.000114,,,2021-09-28 15:10:00
5442807.131704337,0.0,199.0,,0.6,113.0,0.000122,,,2021-09-28 15:15:00
5442808.131826512,0.0,188.0,,0.6,111.0,9.6e-05,,,2021-09-28 15:20:00
5442809.131948686,0.0,181.0,,0.6,105.0,0.000109,,,2021-09-28 15:25:00
5442810.132070861,0.0,178.0,,0.6,103.0,0.00011,,,2021-09-28 15:30:00
5442811.132193035,0.0,172.0,,0.6,102.0,0.000117,,,2021-09-28 15:35:00
5442812.132315211,0.0,166.0,,0.6,104.0,0.000127,,,2021-09-28 15:40:00
5442813.132437386,0.0,160.0,,0.6,104.0,0.000109,,,2021-09-28 15:45:00
5442814.13255956,0.0,154.0,,0.6,102.0,0.000117,,,2021-09-28 15:50:00
5442815.132681735,0.0,150.0,,0.6,108.0,0.000103,,,2021-09-28 15:55:00
5442816.1328039095,0.0,146.0,,0.6,103.0,8.6e-05,,,2021-09-28 16:00:00
5442817.132926084,0.0,145.0,,0.6,99.0,9.7e-05,,,2021-09-28 16:05:00
5442818.133048259,0.0,143.0,,0.6,102.0,9.8e-05,,,2021-09-28 16:10:00
5442819.133170433,0.0,139.0,,0.6,102.0,0.0001,,,2021-09-28 16:15:00
5442820.133292608,0.0,136.0,,0.6,94.0,9e-05,,,2021-09-28 16:20:00
5442821.133414783,0.0,135.0,,0.6,94.0,5.8e-05,,,2021-09-28 16:25:00
5442822.133536957,0.0,132.0,,0.6,92.0,6.3e-05,,,2021-09-28 16:30:00
5442823.133659133,0.0,130.0,,0.6,98.0,5.5e-05,,,2021-09-28 16:35:00
5442824.133781307,0.0,127.0,,0.6,109.0,5.9e-05,,,2021-09-28 16:40:00
5442825.133903482,0.0,123.0,,0.6,101.0,6.7e-05,,,2021-09-28 16:45:00
5442826.134025657,0.0,119.0,,0.6,103.0,7.3e-05,,,2021-09-28 16:50:00
5442827.134147831,0.0,114.0,,0.6,104.0,7.3e-05,,,2021-09-28 16:55:00
5442828.134270006,0.0,111.0,,0.6,107.0,6.8e-05,,,2021-09-28 17:00:00
5442829.1343921805,0.0,108.0,,0.6,109.0,5.9e-05,,,2021-09-28 17:05:00
5442830.134514355,0.0,106.0,,0.6,112.0,6.3e-05,,,2021-09-28 17:10:00
5442831.13463653,0.0,103.0,,0.6,110.0,6.5e-05,,,2021-09-28 17:15:00
5442832.134758704,0.0,98.0,,0.6,104.0,5.3e-05,,,2021-09-28 17:20:00
5442833.13488088,0.0,97.0,,0.6,100.0,6.7e-05,,,2021-09-28 17:25:00
5442834.1350030545,0.0,93.0,,0.6,110.0,6.3e-05,,,2021-09-28 17:30:00
5442835.135125229,0.0,88.0,,0.6,104.0,6.6e-05,,,2021-09-28 17:35:00
5442836.135247404,0.0,84.0,,0.6,101.0,7.5e-05,,,2021-09-28 17:40:00
5442837.135369578,0.0,81.0,,0.6,102.0,7.7e-05,,,2021-09-28 17:45:00
5442838.135491753,0.0,78.0,,0.6,101.0,7.9e-05,,,2021-09-28 17:50:00
5442839.135613928,0.0,75.0,,0.6,102.0,8.2e-05,,,2021-09-28 17:55:00
5442840.135736102,0.0,73.0,,0.7,101.0,8.4e-05,,,2021-09-28 18:00:00
5442841.135858277,0.0,70.0,,0.7,103.0,8.6e-05,,,2021-09-28 18:05:00
5442842.1359804515,0.0,68.0,,0.7,98.0,9.1e-05,,,2021-09-28 18:10:00
5442843.136102627,0.0,66.0,,0.7,93.0,9.1e-05,,,2021-09-28 18:15:00
5442844.136224802,0.0,69.0,,0.7,100.0,9e-05,,,2021-09-28 18:20:00
5442845.136346976,0.0,79.0,,0.7,89.0,7.7e-05,,,2021-09-28 18:25:00
5442846.136469151,0.0,89.0,,0.7,84.0,7.8e-05,,,2021-09-28 18:30:00
5442847.1365913255,0.0,100.0,,0.7,85.0,7.7e-05,,,2021-09-28 18:35:00
5442848.1367135,0.0,108.0,,0.7,86.0,7.8e-05,,,2021-09-28 18:40:00
5442849.136835675,0.0,114.0,,0.7,85.0,7.8e-05,,,2021-09-28 18:45:00
5442850.136957849,0.0,117.0,,0.7,93.0,7e-05,,,2021-09-28 18:50:00
5442851.137080024,0.0,118.0,,0.7,88.0,7.2e-05,,,2021-09-28 18:55:00
5442852.137202199,0.0,118.0,,0.7,89.0,7.8e-05,,,2021-09-28 19:00:00
5442853.137324373,0.0,118.0,,0.7,90.0,8.1e-05,,,2021-09-28 19:05:00
5442854.137446549,0.0,119.0,,0.7,92.0,7.3e-05,,,2021-09-28 19:10:00
5442855.137568723,0.0,120.0,,0.7,105.0,7.3e-05,,,2021-09-28 19:15:00
5442856.137690898,0.0,118.0,,0.7,101.0,8e-05,,,2021-09-28 19:20:00
5442857.137813073,0.0,114.0,,0.7,105.0,7.1e-05,,,2021-09-28 19:25:00
5442858.137935247,0.0,108.0,,0.7,111.0,7e-05,,,2021-09-28 19:30:00
5442859.138057422,0.0,102.0,94.0,0.7,109.0,6.7e-05,75.0,16.0,2021-09-28 19:35:00
5442860.1381795965,0.0,95.0,,0.7,109.0,7.6e-05,,,2021-09-28 19:40:00
5442861.138301771,0.0,88.0,,0.7,107.0,7.4e-05,,,2021-09-28 19:45:00
5442862.138423946,0.0,80.0,,0.7,96.0,7e-05,,,2021-09-28 19:50:00
5442863.13854612,0.0,74.0,,0.7,95.0,7.2e-05,,,2021-09-28 19:55:00
5442864.138668296,0.0,73.0,,0.7,102.0,7.5e-05,,,2021-09-28 20:00:00
5442865.138790471,0.0,76.0,,0.7,108.0,7.8e-05,,,2021-09-28 20:05:00
5442866.138912645,0.0,79.0,,0.7,107.0,8.4e-05,,,2021-09-28 20:10:00
5442867.13903482,0.0,80.0,,0.7,103.0,8.5e-05,,,2021-09-28 20:15:00
5442868.139156994,0.0,84.0,,0.7,100.0,8e-05,,,2021-09-28 20:20:00
5442869.139279169,0.0,90.0,,0.7,101.0,8.2e-05,,,2021-09-28 20:25:00
5442870.139401344,0.0,95.0,,0.7,102.0,8.1e-05,,,2021-09-28 20:30:00
5442871.139523518,0.0,100.0,,0.7,100.0,8.5e-05,,,2021-09-28 20:35:00
5442872.139645693,0.0,104.0,,0.7,100.0,8.9e-05,,,2021-09-28 20:40:00
5442873.1397678675,0.0,107.0,,0.7,98.0,9.2e-05,,,2021-09-28 20:45:00
5442874.139890042,0.0,109.0,,0.7,99.0,8.5e-05,,,2021-09-28 20:50:00
5442875.140012218,0.0,110.0,,0.7,98.0,8.1e-05,,,2021-09-28 20:55:00
5442876.140134392,0.0,111.0,,0.7,99.0,8.3e-05,,,2021-09-28 21:00:00
5442877.140256567,0.0,112.0,,0.7,98.0,8e-05,,,2021-09-28 21:05:00
5442878.140378742,0.0,113.0,,0.7,97.0,7.7e-05,,,2021-09-28 21:10:00
5442879.140500916,0.0,112.0,,0.7,97.0,8.8e-05,,,2021-09-28 21:15:00
5442880.140623091,0.0,112.0,,0.7,96.0,8.3e-05,,,2021-09-28 21:20:00
5442881.140745265,0.0,110.0,,0.7,99.0,8.4e-05,,,2021-09-28 21:25:00
5442882.14086744,0.0,111.0,,0.7,98.0,9.4e-05,,,2021-09-28 21:30:00
5442883.140989615,0.0,108.0,,0.7,95.0,6.6e-05,,,2021-09-28 21:35:00
5442884.141111789,0.0,106.0,,0.7,100.0,6.1e-05,,,2021-09-28 21:40:00
5442885.141233965,0.0,105.0,,0.7,102.0,7e-05,,,2021-09-28 21:45:00
5442886.141356139,0.0,101.0,,0.7,96.0,8e-05,,,2021-09-28 21:50:00
5442887.141478314,0.0,103.0,120.0,0.7,102.0,7.7e-05,,,2021-09-28 21:55:00
5442888.141600489,0.0,104.0,,0.7,99.0,7.3e-05,,,2021-09-28 22:00:00
5442889.141722663,0.0,107.0,,0.7,97.0,8e-05,,,2021-09-28 22:05:00
5442890.141844838,0.0,110.0,,0.7,93.0,8.4e-05,,,2021-09-28 22:10:00
5442891.141967013,0.0,107.0,,0.7,104.0,7e-05,,,2021-09-28 22:15:00
5442892.142089187,0.0,105.0,,0.7,93.0,7e-05,,,2021-09-28 22:20:00
5442893.142211362,0.0,110.0,,0.7,93.0,7.3e-05,,,2021-09-28 22:25:00
5442894.142333536,0.0,113.0,,0.7,93.0,7.7e-05,,,2021-09-28 22:30:00
5442895.142455711,0.0,117.0,,0.7,94.0,7.8e-05,,,2021-09-28 22:35:00
5442896.142577887,0.0,121.0,,0.7,93.0,7.8e-05,,,2021-09-28 22:40:00
5442897.142700061,0.0,125.0,,0.7,93.0,7.9e-05,,,2021-09-28 22:45:00
5442898.142822236,0.0,130.0,,0.7,93.0,7.8e-05,,,2021-09-28 22:50:00
5442899.14294441,0.0,137.0,,0.7,92.0,7.5e-05,,,2021-09-28 22:55:00
5442900.143066585,0.0,139.0,,0.7,93.0,7.6e-05,,,2021-09-28 23:00:00
5442901.14318876,0.0,139.0,,0.7,92.0,7.6e-05,,,2021-09-28 23:05:00
5442902.143310934,0.0,136.0,,0.7,89.0,9.3e-05,,,2021-09-28 23:10:00
5442903.143433109,0.0,133.0,,0.7,84.0,0.000102,,,2021-09-28 23:15:00
5442904.143555284,0.0,128.0,,0.7,87.0,0.000138,,,2021-09-28 23:20:00
5442905.143677458,0.0,123.0,,0.7,87.0,0.000125,,,2021-09-28 23:25:00
5442906.143799634,0.0,120.0,,0.7,87.0,0.000143,,,2021-09-28 23:30:00
5442907.143921808,1.0,,,0.7,87.0,0.000143,,,2021-09-28 23:35:00
5442908.144043983,1.0,,,0.7,106.0,0.000119,,,2021-09-28 23:40:00
5442909.144166158,1.0,,113.0,0.7,92.0,0.000103,,,2021-09-28 23:45:00
5442910.144288332,1.0,,,0.7,89.0,9.3e-05,,,2021-09-28 23:50:00
5442911.144410507,1.0,,,0.7,88.0,8.3e-05,,,2021-09-28 23:55:00
5442912.144532681,0.0,118.0,,1.5,89.0,7.8e-05,,,2021-09-29 00:00:00
5442913.144654856,0.0,119.0,,1.5,88.0,7.3e-05,,,2021-09-29 00:05:00
5442914.144777031,0.0,119.0,,1.5,85.0,7.2e-05,,,2021-09-29 00:10:00
5442915.144899205,0.0,120.0,,1.5,86.0,7e-05,,,2021-09-29 00:15:00
5442916.145021381,0.0,119.0,,1.5,86.0,6.9e-05,,,2021-09-29 00:20:00
5442917.1451435555,0.0,119.0,,1.5,86.0,6.9e-05,,,2021-09-29 00:25:00
5442918.14526573,0.0,120.0,,1.5,87.0,7e-05,,,2021-09-29 00:30:00
5442919.145387905,0.0,121.0,,1.5,85.0,6.4e-05,,,2021-09-29 00:35:00
5442920.145510079,0.0,127.0,,1.5,86.0,6.5e-05,,,2021-09-29 00:40:00
5442921.145632254,0.0,129.0,,1.5,86.0,6.7e-05,,,2021-09-29 00:45:00
5442922.145754429,0.0,128.0,,1.5,86.0,6.9e-05,,,2021-09-29 00:50:00
5442923.145876603,0.0,129.0,,1.5,84.0,7e-05,,,2021-09-29 00:55:00
5442924.145998778,0.0,130.0,,1.5,84.0,6.9e-05,,,2021-09-29 01:00:00
5442925.146120952,0.0,130.0,,1.5,83.0,6.9e-05,,,2021-09-29 01:05:00
5442926.146243127,0.0,129.0,,1.5,85.0,6.9e-05,,,2021-09-29 01:10:00
5442927.146365303,0.0,131.0,,1.5,135.0,8e-05,,,2021-09-29 01:15:00
5442928.146487477,0.0,138.0,,1.5,85.0,8.6e-05,,,2021-09-29 01:20:00
5442929.146609652,0.0,139.0,,1.5,122.0,9.7e-05,,,2021-09-29 01:25:00
5442930.1467318265,0.0,139.0,,1.5,99.0,0.000104,,,2021-09-29 01:30:00
5442931.146854001,0.0,140.0,,1.5,78.0,0.000107,,,2021-09-29 01:35:00
5442932.146976176,0.0,140.0,,1.5,81.0,0.000111,,,2021-09-29 01:40:00
5442933.14709835,0.0,139.0,,1.5,80.0,7.3e-05,,,2021-09-29 01:45:00
5442934.147220525,0.0,142.0,,1.5,81.0,6.9e-05,,,2021-09-29 01:50:00
5442935.1473427,0.0,138.0,,1.5,80.0,6.5e-05,,,2021-09-29 01:55:00
5442936.147464874,0.0,133.0,,1.5,80.0,6.3e-05,,,2021-09-29 02:00:00
5442937.14758705,0.0,131.0,,1.5,79.0,6.2e-05,,,2021-09-29 02:05:00
5442938.147709224,0.0,129.0,,1.5,80.0,5.9e-05,,,2021-09-29 02:10:00
5442939.147831399,0.0,131.0,,1.5,80.0,6.1e-05,,,2021-09-29 02:15:00
5442940.147953574,0.0,134.0,,1.5,81.0,6.2e-05,,,2021-09-29 02:20:00
5442941.148075748,0.0,135.0,,1.5,82.0,6.4e-05,,,2021-09-29 02:25:00
5442942.148197923,0.0,136.0,,1.5,82.0,6.7e-05,,,2021-09-29 02:30:00
5442943.1483200975,0.0,137.0,,1.5,82.0,6.8e-05,,,2021-09-29 02:35:00
5442944.148442272,0.0,138.0,,1.5,83.0,7e-05,,,2021-09-29 02:40:00
5442945.148564447,0.0,137.0,,1.5,82.0,7.2e-05,,,2021-09-29 02:45:00
5442946.148686621,0.0,138.0,,1.5,83.0,7.4e-05,,,2021-09-29 02:50:00
5442947.148808796,0.0,137.0,,1.5,107.0,8.6e-05,,,2021-09-29 02:55:00
5442948.1489309715,0.0,141.0,,1.55,101.0,9.4e-05,,,2021-09-29 03:00:00
5442949.149053146,0.0,142.0,,1.55,94.0,9.9e-05,,,2021-09-29 03:05:00
5442950.149175321,0.0,141.0,,1.55,77.0,0.000103,,,2021-09-29 03:10:00
5442951.149297495,0.0,139.0,,1.55,88.0,0.000107,,,2021-09-29 03:15:00
5442952.14941967,0.0,138.0,,1.55,78.0,0.000111,,,2021-09-29 03:20:00
5442953.149541845,0.0,136.0,,1.55,78.0,0.000115,,,2021-09-29 03:25:00
5442954.149664019,0.0,135.0,,1.55,77.0,0.000119,,,2021-09-29 03:30:00
5442955.149786194,0.0,134.0,,1.55,74.0,0.000121,,,2021-09-29 03:35:00
5442956.1499083685,0.0,133.0,,1.55,76.0,0.000105,,,2021-09-29 03:40:00
5442957.150030543,0.0,137.0,,1.55,75.0,5.9e-05,,,2021-09-29 03:45:00
5442958.150152719,0.0,149.0,,1.55,105.0,6.2e-05,,,2021-09-29 03:50:00
5442959.150274893,0.0,146.0,,1.55,142.0,8e-05,,,2021-09-29 03:55:00
5442960.150397068,0.0,146.0,,1.55,101.0,8.4e-05,,,2021-09-29 04:00:00
5442961.1505192425,0.0,144.0,,1.55,106.0,9.1e-05,,,2021-09-29 04:05:00
5442962.150641417,0.0,143.0,,1.55,135.0,9.8e-05,,,2021-09-29 04:10:00
5442963.150763592,0.0,142.0,,1.55,136.0,0.000107,,,2021-09-29 04:15:00
5442964.150885766,0.0,142.0,,1.55,137.0,0.000111,,,2021-09-29 04:20:00
5442965.151007941,0.0,143.0,,1.55,148.0,0.000117,,,2021-09-29 04:25:00
5442966.151130116,0.0,142.0,,1.55,132.0,0.000123,,,2021-09-29 04:30:00
5442967.15125229,0.0,141.0,,1.55,114.0,0.000131,,,2021-09-29 04:35:00
5442968.151374465,0.0,140.0,,1.55,74.0,0.000119,,,2021-09-29 04:40:00
5442969.15149664,0.0,143.0,,1.55,75.0,0.000127,,,2021-09-29 04:45:00
5442970.151618815,0.0,147.0,,1.55,77.0,0.00013,,,2021-09-29 04:50:00
5442971.15174099,0.0,145.0,,1.55,77.0,0.000134,,,2021-09-29 04:55:00
5442972.151863164,0.0,144.0,,1.55,92.0,0.000117,,,2021-09-29 05:00:00
5442973.151985339,0.0,145.0,,1.55,,,,,2021-09-29 05:05:00
5442974.1521075135,0.0,140.0,,1.55,,,,,2021-09-29 05:10:00
5442975.152229688,0.0,140.0,,1.55,,,,,2021-09-29 05:15:00
5442976.152351863,0.0,142.0,,1.55,,,,,2021-09-29 05:20:00
5442977.152474037,0.0,145.0,,1.55,,,,,2021-09-29 05:25:00
5442978.152596212,0.0,143.0,,1.55,,,,,2021-09-29 05:30:00
5442979.152718388,0.0,142.0,201.0,1.55,,,,11.0,2021-09-29 05:35:00
5442980.152840562,0.0,144.0,,1.55,,,,,2021-09-29 05:40:00
5442981.152962737,0.0,181.0,,1.55,,,,,2021-09-29 05:45:00
5442982.153084911,0.0,180.0,,1.55,,,,,2021-09-29 05:50:00
5442983.153207086,0.0,186.0,,1.55,,,,,2021-09-29 05:55:00
5442984.153329261,0.0,189.0,,1.55,,,,,2021-09-29 06:00:00
5442985.153451435,0.0,187.0,,1.55,,,,,2021-09-29 06:05:00
5442986.15357361,0.0,188.0,,1.55,,,,,2021-09-29 06:10:00
5442987.1536957845,0.0,190.0,,1.55,107.0,5e-05,,,2021-09-29 06:15:00
5442988.153817959,0.0,193.0,,1.55,102.0,0.000402,,,2021-09-29 06:20:00
5442989.153940134,0.0,195.0,,1.55,105.0,0.894032,,,2021-09-29 06:25:00
5442990.154062309,0.0,192.0,,1.55,101.0,2.148,,,2021-09-29 06:30:00
5442991.154184484,0.0,187.0,,1.55,99.0,0.9506,,,2021-09-29 06:35:00
5442992.154306659,0.0,184.0,,1.55,111.0,0.1694,,,2021-09-29 06:40:00
5442993.154428833,0.0,178.0,,1.55,99.0,0.11098,,,2021-09-29 06:45:00
5442994.154551008,0.0,173.0,,1.55,104.0,0.02392,,,2021-09-29 06:50:00
5442995.154673182,0.0,170.0,,1.55,105.0,0.007628,,,2021-09-29 06:55:00
5442996.154795357,0.0,167.0,,1.55,103.0,0.003426,,,2021-09-29 07:00:00
5442997.154917532,0.0,165.0,,1.55,104.0,0.002558,,,2021-09-29 07:05:00
5442998.155039706,0.0,162.0,,1.55,95.0,0.001086,,,2021-09-29 07:10:00
5442999.155161881,0.0,155.0,,1.55,106.0,0.00132,,,2021-09-29 07:15:00
5443000.155284056,0.0,149.0,,1.55,110.0,0.001942,,,2021-09-29 07:20:00
5443001.155406231,0.0,144.0,,1.55,107.0,0.005534,,,2021-09-29 07:25:00
5443002.155528406,0.0,138.0,,1.1,107.0,0.002466,,,2021-09-29 07:30:00
5443003.15565058,0.0,126.0,,1.1,107.0,0.001594,,,2021-09-29 07:35:00
5443004.155772755,0.0,122.0,,1.1,107.0,0.00178,,,2021-09-29 07:40:00
5443005.15589493,0.0,126.0,,1.1,107.0,0.000928,,,2021-09-29 07:45:00
5443006.156017104,0.0,126.0,,1.1,108.0,0.000694,,,2021-09-29 07:50:00
5443007.156139279,0.0,129.0,,1.1,111.0,0.000368,,,2021-09-29 07:55:00
5443008.156261453,0.0,125.0,,1.1,110.0,0.000335,,,2021-09-29 08:00:00
5443009.156383628,0.0,119.0,,1.1,106.0,0.004068,,,2021-09-29 08:05:00
5443010.156505804,0.0,113.0,,1.1,111.0,0.00741,,,2021-09-29 08:10:00
5443011.156627978,0.0,108.0,,1.1,103.0,0.002764,,,2021-09-29 08:15:00
5443012.156750153,0.0,108.0,,1.1,104.0,0.001254,,,2021-09-29 08:20:00
5443013.156872327,0.0,114.0,,1.1,109.0,0.000712,,,2021-09-29 08:25:00
5443014.156994502,0.0,120.0,,1.1,107.0,0.000685,,,2021-09-29 08:30:00
5443015.157116677,0.0,121.0,,1.1,104.0,0.000564,,,2021-09-29 08:35:00
5443016.157238851,0.0,121.0,,1.1,99.0,0.000416,,,2021-09-29 08:40:00
5443017.157361026,0.0,121.0,,1.1,101.0,0.000361,,,2021-09-29 08:45:00
5443018.157483201,0.0,121.0,,1.1,99.0,0.000293,,,2021-09-29 08:50:00
5443019.157605375,0.0,118.0,,1.1,104.0,0.000273,,,2021-09-29 08:55:00
5443020.15772755,0.0,112.0,,1.1,114.0,0.000233,,,2021-09-29 09:00:00
5443021.157849725,0.0,106.0,,1.1,108.0,0.000228,,,2021-09-29 09:05:00
5443022.1579719,0.0,104.0,,1.1,105.0,0.000231,,,2021-09-29 09:10:00
5443023.158094075,0.0,106.0,,1.1,104.0,0.000238,,,2021-09-29 09:15:00
5443024.158216249,0.0,108.0,,1.1,101.0,0.000242,,,2021-09-29 09:20:00
5443025.158338424,0.0,110.0,,1.1,100.0,0.000245,,,2021-09-29 09:25:00
5443026.158460598,0.0,114.0,,1.1,101.0,0.00023,,,2021-09-29 09:30:00
5443027.158582773,0.0,117.0,,1.1,96.0,0.000221,,,2021-09-29 09:35:00
5443028.158704948,0.0,118.0,,1.1,93.0,0.000223,,,2021-09-29 09:40:00
5443029.158827122,0.0,119.0,,1.1,96.0,0.000232,,,2021-09-29 09:45:00
5443030.158949297,0.0,119.0,,1.1,100.0,0.000166,,,2021-09-29 09:50:00
5443031.1590714725,0.0,115.0,,1.1,98.0,0.000189,,,2021-09-29 09:55:00
5443032.159193647,0.0,113.0,,1.1,102.0,0.000165,,,2021-09-29 10:00:00
5443033.159315822,0.0,114.0,,1.1,89.0,0.000111,,,2021-09-29 10:05:00
5443034.159437996,0.0,117.0,,1.1,93.0,9.3e-05,,,2021-09-29 10:10:00
5443035.159560171,0.0,123.0,,1.1,99.0,0.000101,,,2021-09-29 10:15:00
5443036.159682346,0.0,127.0,,1.1,96.0,9.6e-05,,,2021-09-29 10:20:00
5443037.15980452,0.0,127.0,,1.1,102.0,8.7e-05,,,2021-09-29 10:25:00
5443038.159926695,0.0,125.0,,0.9,99.0,8.8e-05,,,2021-09-29 10:30:00
5443039.160048869,0.0,123.0,,0.9,101.0,9.3e-05,,,2021-09-29 10:35:00
5443040.160171044,0.0,120.0,,0.9,101.0,9.3e-05,,,2021-09-29 10:40:00
5443041.160293219,0.0,116.0,,0.9,96.0,9.2e-05,,,2021-09-29 10:45:00
5443042.160415394,0.0,118.0,,0.9,99.0,8.9e-05,,,2021-09-29 10:50:00
5443043.160537569,0.0,118.0,,0.9,97.0,9e-05,,,2021-09-29 10:55:00
5443044.1606597435,0.0,116.0,,0.9,93.0,8.9e-05,,,2021-09-29 11:00:00
5443045.160781918,0.0,121.0,,0.9,94.0,8.6e-05,,,2021-09-29 11:05:00
5443046.160904093,0.0,128.0,,0.9,94.0,9.3e-05,,,2021-09-29 11:10:00
5443047.161026267,0.0,135.0,,0.9,94.0,9.2e-05,,,2021-09-29 11:15:00
5443048.161148442,0.0,138.0,136.0,0.9,98.0,9e-05,,,2021-09-29 11:20:00
5443049.161270617,0.0,136.0,136.0,0.9,106.0,7.8e-05,,11.8,2021-09-29 11:25:00
5443050.161392791,0.0,129.0,,0.6,110.0,7.9e-05,34.0,,2021-09-29 11:30:00
5443051.161514966,0.0,127.0,,0.6,107.0,7.8e-05,,,2021-09-29 11:35:00
5443052.161637141,0.0,128.0,,0.6,97.0,7.1e-05,,,2021-09-29 11:40:00
5443053.161759316,0.0,132.0,,0.6,97.0,6.2e-05,,,2021-09-29 11:45:00
5443054.161881491,0.0,135.0,,0.6,103.0,6.1e-05,,,2021-09-29 11:50:00
5443055.162003665,0.0,141.0,,0.6,109.0,6.3e-05,,,2021-09-29 11:55:00
5443056.16212584,0.0,146.0,,0.6,106.0,6.2e-05,,,2021-09-29 12:00:00
5443057.1622480145,0.0,146.0,,0.6,104.0,6.5e-05,,,2021-09-29 12:05:00
5443058.162370189,0.0,151.0,,0.6,102.0,7.7e-05,,,2021-09-29 12:10:00
5443059.162492364,0.0,158.0,,0.6,101.0,7.9e-05,,,2021-09-29 12:15:00
5443060.162614538,0.0,166.0,,0.6,100.0,9.7e-05,,,2021-09-29 12:20:00
5443061.162736713,0.0,174.0,,0.6,105.0,9e-05,,,2021-09-29 12:25:00
5443062.162858888,0.0,177.0,,0.6,99.0,8.6e-05,,,2021-09-29 12:30:00
5443063.162981063,0.0,176.0,,0.6,100.0,8.6e-05,,,2021-09-29 12:35:00
5443064.163103238,0.0,176.0,,0.6,98.0,8.8e-05,,,2021-09-29 12:40:00
5443065.163225412,0.0,175.0,,0.6,98.0,9.1e-05,,,2021-09-29 12:45:00
5443066.163347587,0.0,174.0,,0.6,104.0,8e-05,,,2021-09-29 12:50:00
5443067.163469762,0.0,170.0,,0.6,103.0,9.3e-05,,,2021-09-29 12:55:00
5443068.163591936,0.0,163.0,,0.6,100.0,8.6e-05,,,2021-09-29 13:00:00
5443069.163714111,0.0,163.0,,0.6,97.0,7.9e-05,,,2021-09-29 13:05:00
5443070.1638362855,0.0,166.0,,0.6,100.0,8e-05,,,2021-09-29 13:10:00
5443071.16395846,0.0,168.0,,0.6,98.0,8.4e-05,,,2021-09-29 13:15:00
5443072.164080635,0.0,168.0,,0.6,97.0,8.4e-05,,,2021-09-29 13:20:00
5443073.16420281,0.0,166.0,,0.6,99.0,8.5e-05,,,2021-09-29 13:25:00
5443074.164324985,0.0,163.0,,0.6,100.0,8.4e-05,,,2021-09-29 13:30:00
5443075.1644471595,0.0,160.0,,0.6,100.0,8.2e-05,,,2021-09-29 13:35:00
5443076.164569334,0.0,156.0,,0.6,102.0,7.5e-05,,,2021-09-29 13:40:00
5443077.164691509,0.0,150.0,,0.6,110.0,7.3e-05,,,2021-09-29 13:45:00
5443078.164813683,0.0,144.0,,0.6,108.0,7.7e-05,,,2021-09-29 13:50:00
5443079.164935858,0.0,135.0,,0.6,106.0,8e-05,,,2021-09-29 13:55:00
5443080.165058033,0.0,131.0,,0.6,100.0,8e-05,,,2021-09-29 14:00:00
5443081.165180207,0.0,127.0,,0.6,102.0,7.5e-05,,,2021-09-29 14:05:00
5443082.165302382,0.0,122.0,,0.6,98.0,7.7e-05,,,2021-09-29 14:10:00
5443083.165424557,0.0,118.0,,0.6,106.0,7.3e-05,,,2021-09-29 14:15:00
5443084.165546732,0.0,117.0,,0.6,102.0,7.7e-05,,,2021-09-29 14:20:00
5443085.165668907,0.0,118.0,,0.6,100.0,7.3e-05,,,2021-09-29 14:25:00
5443086.165791081,0.0,118.0,,0.6,111.0,7.4e-05,,,2021-09-29 14:30:00
5443087.165913256,0.0,114.0,,0.6,100.0,8.9e-05,,,2021-09-29 14:35:00
5443088.1660354305,0.0,113.0,,0.6,101.0,8.6e-05,,,2021-09-29 14:40:00
5443089.166157605,0.0,111.0,,0.6,108.0,0.000114,,,2021-09-29 14:45:00
5443090.16627978,0.0,111.0,,0.6,105.0,0.000205,,,2021-09-29 14:50:00
5443091.166401954,0.0,110.0,,0.6,101.0,0.000137,,,2021-09-29 14:55:00
5443092.166524129,0.0,109.0,,0.6,98.0,9.1e-05,,,2021-09-29 15:00:00
5443093.166646304,0.0,108.0,,0.6,95.0,9.8e-05,,,2021-09-29 15:05:00
5443094.166768479,0.0,107.0,91.0,0.6,94.0,9.7e-05,,,2021-09-29 15:10:00
5443095.166890654,0.0,105.0,,0.6,105.0,0.000101,,,2021-09-29 15:15:00
5443096.167012828,0.0,98.0,,0.6,110.0,0.000126,,,2021-09-29 15:20:00
5443097.167135003,0.0,93.0,,0.6,102.0,9.5e-05,,,2021-09-29 15:25:00
5443098.167257178,0.0,88.0,,0.6,103.0,0.00011,,,2021-09-29 15:30:00
5443099.167379352,0.0,85.0,,0.6,106.0,0.00015,,,2021-09-29 15:35:00
5443100.167501527,0.0,83.0,,0.6,124.0,0.008974,,,2021-09-29 15:40:00
5443101.1676237015,0.0,87.0,,0.6,112.0,0.05934,,,2021-09-29 15:45:00
5443102.167745876,0.0,87.0,,0.6,109.0,0.02586,,,2021-09-29 15:50:00
5443103.167868051,0.0,87.0,,0.6,106.0,0.004678,,,2021-09-29 15:55:00
5443104.167990226,0.0,88.0,,0.6,103.0,0.000779,,,2021-09-29 16:00:00
5443105.168112401,0.0,89.0,,0.6,106.0,0.000254,,,2021-09-29 16:05:00
5443106.168234576,0.0,87.0,,0.6,111.0,0.000235,,,2021-09-29 16:10:00
5443107.16835675,0.0,84.0,,0.6,102.0,0.000217,,,2021-09-29 16:15:00
5443108.168478925,0.0,89.0,,0.6,97.0,0.000214,,,2021-09-29 16:20:00
5443109.168601099,0.0,90.0,,0.6,101.0,0.000194,,,2021-09-29 16:25:00
5443110.168723274,0.0,90.0,,0.6,104.0,0.000137,,,2021-09-29 16:30:00
5443111.168845449,0.0,88.0,,0.6,109.0,0.000147,,,2021-09-29 16:35:00
5443112.168967623,0.0,83.0,,0.6,107.0,0.000131,,,2021-09-29 16:40:00
5443113.169089798,0.0,85.0,,0.6,102.0,0.000141,,,2021-09-29 16:45:00
5443114.1692119725,0.0,88.0,,0.6,101.0,0.000147,,,2021-09-29 16:50:00
5443115.169334148,0.0,92.0,,0.6,101.0,0.000157,,,2021-09-29 16:55:00
5443116.169456323,0.0,98.0,,0.6,100.0,0.00015,,,2021-09-29 17:00:00
5443117.169578497,0.0,103.0,,0.6,109.0,0.000137,,,2021-09-29 17:05:00
5443118.169700672,0.0,108.0,,0.6,83.0,0.000135,,,2021-09-29 17:10:00
5443119.169822847,0.0,104.0,,0.6,87.0,0.000262,,,2021-09-29 17:15:00
5443120.169945021,0.0,103.0,,0.6,114.0,0.006382,,,2021-09-29 17:20:00
5443121.170067196,0.0,103.0,,0.6,120.0,0.51766,,,2021-09-29 17:25:00
5443122.17018937,0.0,103.0,,0.6,123.0,4.604,,,2021-09-29 17:30:00
5443123.170311545,1.0,,155.0,0.6,121.0,9.25,,7.1,2021-09-29 17:35:00
5443124.17043372,1.0,,,0.6,121.0,8.074,,,2021-09-29 17:40:00
5443125.170555895,1.0,,,0.6,118.0,3.374,,,2021-09-29 17:45:00
5443126.17067807,0.0,147.0,,0.6,114.0,1.0924,,,2021-09-29 17:50:00
5443127.170800244,0.0,159.0,,0.6,109.0,0.469,,,2021-09-29 17:55:00
5443128.170922419,0.0,175.0,,0.7,114.0,0.242,34.0,,2021-09-29 18:00:00
5443129.171044594,0.0,188.0,,0.7,113.0,0.1636,,,2021-09-29 18:05:00
5443130.171166768,0.0,193.0,,0.7,112.0,0.0803,,,2021-09-29 18:10:00
5443131.171288943,0.0,189.0,,0.7,107.0,0.04334,,,2021-09-29 18:15:00
5443132.171411118,0.0,195.0,,0.7,104.0,0.03616,,,2021-09-29 18:20:00
5443133.171533292,0.0,208.0,,0.7,103.0,0.02864,,,2021-09-29 18:25:00
5443134.171655467,0.0,218.0,207.0,0.7,101.0,0.01856,,10.0,2021-09-29 18:30:00
5443135.171777641,0.0,229.0,,0.7,103.0,0.01856,,,2021-09-29 18:35:00
5443136.171899817,0.0,236.0,,0.7,113.0,0.00866,,,2021-09-29 18:40:00
5443137.172021992,0.0,233.0,,0.7,104.0,0.00281,,,2021-09-29 18:45:00
5443138.172144166,0.0,232.0,,0.7,101.0,0.00275,,,2021-09-29 18:50:00
5443139.172266341,0.0,242.0,202.0,0.7,114.0,0.002798,,,2021-09-29 18:55:00
5443140.172388515,0.0,240.0,,0.7,114.0,0.002634,,,2021-09-29 19:00:00
5443141.17251069,0.0,230.0,,0.7,110.0,0.002196,,,2021-09-29 19:05:00
5443142.172632865,0.0,215.0,,0.7,106.0,0.001702,,,2021-09-29 19:10:00
5443143.172755039,0.0,224.0,,0.7,107.0,0.001077,,,2021-09-29 19:15:00
5443144.172877214,0.0,228.0,,0.7,117.0,0.000467,,,2021-09-29 19:20:00
5443145.172999389,0.0,225.0,,0.7,115.0,0.000224,,,2021-09-29 19:25:00
5443146.173121564,0.0,205.0,,0.7,106.0,0.008137,,,2021-09-29 19:30:00
5443147.173243739,0.0,187.0,,0.7,111.0,5.4612,,,2021-09-29 19:35:00
5443148.173365913,0.0,182.0,,0.7,120.0,11.318,,,2021-09-29 19:40:00
5443149.173488088,0.0,176.0,,0.7,125.0,13.06,,,2021-09-29 19:45:00
5443150.173610263,0.0,167.0,,0.7,118.0,10.648,,,2021-09-29 19:50:00
5443151.173732437,0.0,158.0,,0.7,118.0,12.256,,,2021-09-29 19:55:00
5443152.173854612,0.0,156.0,,0.7,127.0,6.868,,,2021-09-29 20:00:00
5443153.173976786,0.0,148.0,,0.7,135.0,10.306,,,2021-09-29 20:05:00
5443154.174098961,0.0,137.0,,0.7,127.0,18.42,,,2021-09-29 20:10:00
5443155.174221136,0.0,128.0,,0.7,126.0,17.62,,,2021-09-29 20:15:00
5443156.17434331,0.0,125.0,126.0,0.7,123.0,15.2,,6.8,2021-09-29 20:20:00
5443157.174465486,0.0,126.0,,0.7,120.0,8.908,,,2021-09-29 20:25:00
5443158.1745876605,0.0,128.0,,0.7,121.0,5.256,,,2021-09-29 20:30:00
5443159.174709835,0.0,130.0,,0.7,113.0,2.804,,,2021-09-29 20:35:00
5443160.17483201,0.0,135.0,,0.7,112.0,1.472,,,2021-09-29 20:40:00
5443161.174954184,0.0,143.0,,0.7,112.0,1.086,,,2021-09-29 20:45:00
5443162.175076359,0.0,151.0,,0.7,112.0,0.8268,,,2021-09-29 20:50:00
5443163.175198534,0.0,160.0,,0.7,114.0,0.4034,,,2021-09-29 20:55:00
5443164.175320708,0.0,165.0,,0.7,120.0,0.2976,,,2021-09-29 21:00:00
5443165.175442883,0.0,165.0,,0.7,114.0,0.2708,,,2021-09-29 21:05:00
5443166.175565057,0.0,159.0,,0.7,109.0,0.2632,,,2021-09-29 21:10:00
5443167.175687233,0.0,161.0,,0.7,109.0,0.2456,,,2021-09-29 21:15:00
5443168.175809408,0.0,163.0,,0.7,108.0,0.2226,,,2021-09-29 21:20:00
5443169.175931582,0.0,167.0,,0.7,107.0,0.2096,,,2021-09-29 21:25:00
5443170.176053757,0.0,171.0,,0.7,107.0,0.1946,,,2021-09-29 21:30:00
5443171.1761759315,0.0,172.0,,0.7,106.0,0.165,,,2021-09-29 21:35:00
5443172.176298106,0.0,173.0,,0.7,109.0,0.1238,,,2021-09-29 21:40:00
5443173.176420281,0.0,170.0,126.0,0.7,109.0,0.09016,,,2021-09-29 21:45:00
5443174.176542455,0.0,157.0,,0.7,108.0,0.07386,,,2021-09-29 21:50:00
5443175.17666463,0.0,152.0,,0.7,109.0,0.07078,,,2021-09-29 21:55:00
5443176.176786805,0.0,152.0,,0.7,113.0,0.07132,,,2021-09-29 22:00:00
5443177.17690898,0.0,147.0,,0.7,107.0,0.05048,,,2021-09-29 22:05:00
5443178.177031155,0.0,142.0,,0.7,100.0,0.04078,,,2021-09-29 22:10:00
5443179.177153329,0.0,139.0,,0.7,104.0,0.017484,,,2021-09-29 22:15:00
5443180.177275504,0.0,136.0,,0.7,122.0,0.003384,,,2021-09-29 22:20:00
5443181.177397679,0.0,131.0,,0.7,108.0,0.003174,,,2021-09-29 22:25:00
5443182.177519853,0.0,128.0,,0.7,99.0,0.00262,,,2021-09-29 22:30:00
5443183.177642028,0.0,125.0,,0.7,96.0,0.004654,,,2021-09-29 22:35:00
5443184.1777642025,0.0,120.0,,0.7,97.0,0.008016,,,2021-09-29 22:40:00
5443185.177886377,0.0,113.0,,0.7,96.0,0.007644,,,2021-09-29 22:45:00
5443186.178008552,0.0,108.0,,0.7,94.0,0.005564,,,2021-09-29 22:50:00
5443187.178130726,0.0,104.0,,0.7,94.0,0.005032,,,2021-09-29 22:55:00
5443188.178252902,0.0,101.0,,0.7,95.0,0.003938,,,2021-09-29 23:00:00
5443189.1783750765,0.0,98.0,,0.7,95.0,0.00266,,,2021-09-29 23:05:00
5443190.178497251,0.0,97.0,,0.7,95.0,0.002034,,,2021-09-29 23:10:00
5443191.178619426,0.0,97.0,,0.7,93.0,0.001814,,,2021-09-29 23:15:00
5443192.1787416,0.0,97.0,,0.7,94.0,0.00084,,,2021-09-29 23:20:00
5443193.178863775,0.0,96.0,,0.7,92.0,0.000832,,,2021-09-29 23:25:00
5443194.17898595,0.0,99.0,,0.7,92.0,0.000773,,,2021-09-29 23:30:00
5443195.179108124,0.0,98.0,,0.7,91.0,0.000469,,,2021-09-29 23:35:00
5443196.179230299,0.0,98.0,,0.7,91.0,0.000425,,,2021-09-29 23:40:00
5443197.1793524735,0.0,100.0,,0.7,90.0,0.000426,,,2021-09-29 23:45:00
5443198.179474649,0.0,100.0,,0.7,90.0,0.000343,,,2021-09-29 23:50:00
5443199.179596824,0.0,100.0,,0.7,89.0,0.000279,,,2021-09-29 23:55:00
5443200.179718998,0.0,100.0,,0.7,88.0,0.000154,,,2021-09-30 00:00:00
5443201.179841173,0.0,97.0,,0.7,85.0,0.000118,,,2021-09-30 00:05:00
5443202.1799633475,0.0,93.0,,0.7,79.0,0.000118,,,2021-09-30 00:10:00
5443203.180085522,0.0,92.0,,0.7,113.0,0.000111,,,2021-09-30 00:15:00
5443204.180207697,0.0,91.0,,0.7,82.0,0.000128,,,2021-09-30 00:20:00
5443205.180329871,0.0,91.0,,0.7,79.0,0.000141,,,2021-09-30 00:25:00
5443206.180452046,0.0,90.0,,0.7,77.0,0.000123,,,2021-09-30 00:30:00
5443207.180574221,0.0,89.0,,0.7,77.0,0.000108,,,2021-09-30 00:35:00
5443208.180696395,0.0,89.0,,0.7,90.0,0.000102,,,2021-09-30 00:40:00
5443209.180818571,0.0,95.0,,0.7,105.0,8.5e-05,,,2021-09-30 00:45:00
5443210.180940745,0.0,95.0,,0.7,90.0,6.5e-05,,,2021-09-30 00:50:00
5443211.18106292,0.0,94.0,,0.7,90.0,6.3e-05,,,2021-09-30 00:55:00
5443212.181185095,0.0,93.0,,0.7,93.0,5.6e-05,,,2021-09-30 01:00:00
5443213.181307269,0.0,91.0,,0.7,87.0,5.8e-05,,,2021-09-30 01:05:00
5443214.181429444,0.0,90.0,,0.7,91.0,6.4e-05,,,2021-09-30 01:10:00
5443215.1815516185,0.0,90.0,,0.7,84.0,6.9e-05,,,2021-09-30 01:15:00
5443216.181673793,0.0,89.0,,0.7,85.0,6.4e-05,,,2021-09-30 01:20:00
5443217.181795968,0.0,90.0,,0.7,106.0,6.2e-05,,,2021-09-30 01:25:00
5443218.181918142,0.0,88.0,72.0,0.7,105.0,6.1e-05,,,2021-09-30 01:30:00
5443219.182040318,0.0,88.0,,0.7,90.0,7.1e-05,,,2021-09-30 01:35:00
5443220.182162493,0.0,91.0,,0.7,86.0,6.1e-05,,,2021-09-30 01:40:00
5443221.182284667,0.0,95.0,,0.7,83.0,5.6e-05,,,2021-09-30 01:45:00
5443222.182406842,0.0,98.0,,0.7,82.0,5.7e-05,,,2021-09-30 01:50:00
5443223.182529016,0.0,104.0,,0.7,83.0,7e-05,,,2021-09-30 01:55:00
5443224.182651191,0.0,110.0,,0.7,84.0,7.8e-05,,,2021-09-30 02:00:00
5443225.182773366,0.0,117.0,,0.7,85.0,8.6e-05,,,2021-09-30 02:05:00
5443226.18289554,0.0,125.0,,0.7,85.0,9.2e-05,,,2021-09-30 02:10:00
5443227.183017715,0.0,132.0,,0.7,86.0,0.000101,,,2021-09-30 02:15:00
5443228.1831398895,0.0,140.0,,0.7,86.0,0.000118,,,2021-09-30 02:20:00
5443229.183262064,0.0,148.0,,0.7,87.0,0.000128,,,2021-09-30 02:25:00
5443230.18338424,0.0,156.0,,0.7,87.0,0.000137,,,2021-09-30 02:30:00
5443231.183506414,0.0,163.0,,0.7,86.0,0.000148,,,2021-09-30 02:35:00
5443232.183628589,0.0,168.0,,0.7,85.0,0.000156,,,2021-09-30 02:40:00
5443233.183750764,0.0,171.0,,0.7,83.0,0.000161,,,2021-09-30 02:45:00
5443234.183872938,0.0,172.0,,0.7,84.0,0.000158,,,2021-09-30 02:50:00
5443235.183995113,0.0,172.0,,0.7,81.0,0.000153,,,2021-09-30 02:55:00
5443236.184117287,0.0,173.0,,0.7,80.0,0.000153,,,2021-09-30 03:00:00
5443237.184239462,0.0,176.0,,0.7,79.0,0.000154,,,2021-09-30 03:05:00
5443238.184361637,0.0,176.0,,0.7,79.0,0.000149,,,2021-09-30 03:10:00
5443239.184483811,0.0,174.0,179.0,0.7,97.0,0.000125,,4.1,2021-09-30 03:15:00
5443240.184605987,0.0,172.0,,0.7,88.0,6.5e-05,,,2021-09-30 03:20:00
5443241.184728161,0.0,176.0,,0.7,87.0,6.1e-05,,,2021-09-30 03:25:00
5443242.184850336,0.0,176.0,,0.7,128.0,6.4e-05,,,2021-09-30 03:30:00
5443243.184972511,0.0,172.0,,0.7,149.0,6.7e-05,,,2021-09-30 03:35:00
5443244.185094685,0.0,169.0,,0.7,136.0,7e-05,,,2021-09-30 03:40:00
5443245.18521686,0.0,166.0,,0.7,132.0,7.2e-05,,,2021-09-30 03:45:00
5443246.185339035,0.0,163.0,,0.7,140.0,7.5e-05,,,2021-09-30 03:50:00
5443247.185461209,0.0,160.0,,0.7,138.0,7.5e-05,,,2021-09-30 03:55:00
5443248.185583384,0.0,160.0,,0.7,74.0,7.3e-05,,,2021-09-30 04:00:00
5443249.185705558,0.0,168.0,,0.7,75.0,7.1e-05,,,2021-09-30 04:05:00
5443250.185827734,0.0,167.0,,0.7,76.0,7e-05,,,2021-09-30 04:10:00
5443251.185949909,0.0,164.0,,0.7,103.0,6.6e-05,,,2021-09-30 04:15:00
5443252.186072083,0.0,159.0,,0.7,151.0,6.3e-05,,,2021-09-30 04:20:00
5443253.186194258,0.0,152.0,,0.7,139.0,6.2e-05,,,2021-09-30 04:25:00
5443254.186316432,0.0,149.0,,0.7,137.0,6.1e-05,,,2021-09-30 04:30:00
5443255.186438607,0.0,146.0,,0.7,78.0,6.2e-05,,,2021-09-30 04:35:00
5443256.186560782,0.0,146.0,,0.7,72.0,6.4e-05,,,2021-09-30 04:40:00
5443257.186682956,0.0,147.0,,0.7,72.0,6.5e-05,,,2021-09-30 04:45:00
5443258.186805131,0.0,145.0,,0.7,74.0,6.6e-05,,,2021-09-30 04:50:00
5443259.186927306,0.0,142.0,,0.7,79.0,6.3e-05,,,2021-09-30 04:55:00
5443260.18704948,0.0,136.0,,0.7,91.0,6.2e-05,,,2021-09-30 05:00:00
5443261.187171656,0.0,135.0,,0.7,75.0,6.1e-05,,,2021-09-30 05:05:00
5443262.18729383,0.0,136.0,,0.7,104.0,,,,2021-09-30 05:10:00
5443263.187416005,0.0,130.0,,0.7,,,,,2021-09-30 05:15:00
5443264.18753818,0.0,126.0,,0.7,,,,,2021-09-30 05:20:00
5443265.187660354,0.0,122.0,,0.7,,,,,2021-09-30 05:25:00
5443266.187782529,0.0,116.0,,0.7,,,,,2021-09-30 05:30:00
5443267.187904703,0.0,108.0,,0.7,,,,,2021-09-30 05:35:00
5443268.188026878,0.0,102.0,87.0,0.7,,,36.0,7.5,2021-09-30 05:40:00
5443269.188149053,0.0,100.0,,0.7,,,,,2021-09-30 05:45:00
5443270.188271227,0.0,102.0,,0.7,,,,,2021-09-30 05:50:00
5443271.188393403,0.0,95.0,,0.7,,,,,2021-09-30 05:55:00
5443272.188515577,0.0,97.0,,0.7,,,,,2021-09-30 06:00:00
5443273.188637752,0.0,98.0,,0.7,,,,,2021-09-30 06:05:00
5443274.188759927,0.0,98.0,,0.7,106.0,5.5e-05,,,2021-09-30 06:10:00
5443275.188882101,0.0,103.0,,0.7,115.0,0.000158,,,2021-09-30 06:15:00
5443276.189004276,0.0,105.0,,0.7,114.0,0.002054,,,2021-09-30 06:20:00
5443277.189126451,0.0,102.0,,0.7,113.0,0.25988,,,2021-09-30 06:25:00
5443278.189248625,0.0,97.0,,0.7,108.0,0.8138,,,2021-09-30 06:30:00
5443279.1893708,0.0,97.0,,0.7,110.0,0.1724,,,2021-09-30 06:35:00
5443280.189492974,0.0,92.0,,0.7,111.0,0.1254,,,2021-09-30 06:40:00
5443281.189615149,0.0,93.0,,0.7,111.0,0.03794,,,2021-09-30 06:45:00
5443282.189737325,0.0,89.0,91.0,0.7,113.0,2.4854,,,2021-09-30 06:50:00
5443283.189859499,0.0,89.0,,0.7,106.0,4.664,,,2021-09-30 06:55:00
5443284.189981674,0.0,94.0,,0.7,102.0,2.928,,,2021-09-30 07:00:00
5443285.190103848,0.0,93.0,,0.7,111.0,2.18,,,2021-09-30 07:05:00
5443286.190226023,0.0,90.0,,0.7,110.0,2.962,,,2021-09-30 07:10:00
5443287.190348198,0.0,91.0,,0.7,105.0,1.876,,,2021-09-30 07:15:00
5443288.190470372,0.0,96.0,,0.7,103.0,1.0878,,,2021-09-30 07:20:00
5443289.190592547,0.0,101.0,,0.7,111.0,1.0286,,,2021-09-30 07:25:00
5443290.190714722,0.0,105.0,,0.7,107.0,0.7066,,,2021-09-30 07:30:00
5443291.190836896,0.0,109.0,,0.7,106.0,0.3884,,,2021-09-30 07:35:00
5443292.190959072,0.0,113.0,,0.7,103.0,0.14838,,,2021-09-30 07:40:00
5443293.191081246,0.0,118.0,,0.7,105.0,0.12514,,,2021-09-30 07:45:00
5443294.191203421,0.0,121.0,,0.7,101.0,0.06112,,,2021-09-30 07:50:00
5443295.191325596,0.0,124.0,,0.7,102.0,0.0453,,,2021-09-30 07:55:00
5443296.19144777,0.0,126.0,,0.7,116.0,0.04536,,,2021-09-30 08:00:00
5443297.191569945,0.0,120.0,,0.7,109.0,0.07648,,,2021-09-30 08:05:00
5443298.191692119,0.0,115.0,,0.7,112.0,0.1722,,,2021-09-30 08:10:00
5443299.191814294,0.0,108.0,,0.7,106.0,0.3132,,,2021-09-30 08:15:00
5443300.191936469,0.0,112.0,,0.7,107.0,0.9226,,,2021-09-30 08:20:00
5443301.192058643,0.0,113.0,,0.7,106.0,4.71,,,2021-09-30 08:25:00
5443302.192180818,0.0,116.0,,0.7,105.0,4.102,,,2021-09-30 08:30:00
5443303.1923029935,0.0,120.0,109.0,0.7,108.0,2.098,,,2021-09-30 08:35:00
5443304.192425168,0.0,122.0,,0.7,105.0,1.242,,,2021-09-30 08:40:00
5443305.192547343,0.0,124.0,,0.7,104.0,0.7802,,,2021-09-30 08:45:00
5443306.192669517,0.0,121.0,,0.7,115.0,0.4988,,,2021-09-30 08:50:00
5443307.192791692,0.0,115.0,,0.7,106.0,0.6454,,,2021-09-30 08:55:00
5443308.192913867,0.0,115.0,,0.7,100.0,0.3884,,,2021-09-30 09:00:00
5443309.193036041,0.0,116.0,,0.7,103.0,0.1826,,,2021-09-30 09:05:00
5443310.193158216,0.0,118.0,,0.7,97.0,0.1596,,,2021-09-30 09:10:00
5443311.19328039,0.0,122.0,,0.7,103.0,0.1442,,,2021-09-30 09:15:00
5443312.193402565,0.0,125.0,,0.7,105.0,0.1266,,,2021-09-30 09:20:00
5443313.193524741,0.0,125.0,,0.7,103.0,0.1182,,,2021-09-30 09:25:00
5443314.193646915,0.0,125.0,,0.7,103.0,0.09428,,,2021-09-30 09:30:00
5443315.19376909,0.0,125.0,,0.7,98.0,0.0921,,,2021-09-30 09:35:00
5443316.1938912645,0.0,127.0,135.0,0.7,97.0,0.08428,,0.7,2021-09-30 09:40:00
5443317.194013439,0.0,128.0,,0.7,92.0,0.07136,,,2021-09-30 09:45:00
5443318.194135614,0.0,135.0,,0.7,100.0,0.05776,,,2021-09-30 09:50:00
5443319.194257788,0.0,131.0,,0.7,104.0,0.05042,,,2021-09-30 09:55:00
5443320.194379963,0.0,127.0,,0.7,104.0,0.0418,,,2021-09-30 10:00:00
5443321.194502138,0.0,125.0,,0.7,102.0,0.04026,,,2021-09-30 10:05:00
5443322.194624312,0.0,126.0,,0.7,100.0,0.03356,,,2021-09-30 10:10:00
5443323.194746488,0.0,128.0,,0.7,94.0,0.0359,,,2021-09-30 10:15:00
5443324.194868662,0.0,132.0,,0.7,101.0,0.03052,,,2021-09-30 10:20:00
5443325.194990837,0.0,133.0,,0.7,98.0,0.03438,,,2021-09-30 10:25:00
5443326.195113012,0.0,132.0,,0.7,97.0,0.02332,,,2021-09-30 10:30:00
5443327.195235186,0.0,133.0,,0.7,101.0,0.0192,,,2021-09-30 10:35:00
5443328.195357361,0.0,130.0,,0.7,100.0,0.01314,,,2021-09-30 10:40:00
5443329.1954795355,0.0,127.0,,0.7,96.0,0.01618,,,2021-09-30 10:45:00
5443330.19560171,0.0,126.0,,0.7,93.0,0.01632,,,2021-09-30 10:50:00
5443331.195723885,0.0,127.0,,0.7,91.0,0.01464,,,2021-09-30 10:55:00
5443332.195846059,0.0,130.0,,0.7,89.0,0.01582,,,2021-09-30 11:00:00
5443333.195968234,0.0,132.0,,0.7,90.0,0.01073,,,2021-09-30 11:05:00
5443334.1960904095,0.0,136.0,,0.7,92.0,0.01026,,,2021-09-30 11:10:00
5443335.196212584,0.0,137.0,131.0,0.7,96.0,0.00692,,,2021-09-30 11:15:00
5443336.196334759,0.0,134.0,,0.7,99.0,0.004756,,,2021-09-30 11:20:00
5443337.196456933,0.0,132.0,,0.7,101.0,0.004272,,,2021-09-30 11:25:00
5443338.196579108,0.0,128.0,136.0,0.7,103.0,0.004186,25.0,6.7,2021-09-30 11:30:00
5443339.196701283,0.0,123.0,,0.7,111.0,0.002174,,,2021-09-30 11:35:00
5443340.196823457,0.0,124.0,,0.7,101.0,0.002784,,,2021-09-30 11:40:00
5443341.196945632,0.0,131.0,,0.7,95.0,0.002778,,,2021-09-30 11:45:00
5443342.1970678065,0.0,136.0,,0.7,101.0,0.001927,,,2021-09-30 11:50:00
5443343.197189981,0.0,140.0,,0.7,106.0,0.002232,,,2021-09-30 11:55:00
5443344.197312157,0.0,141.0,,0.7,101.0,0.001612,,,2021-09-30 12:00:00
5443345.197434331,0.0,143.0,,0.7,99.0,0.001651,,,2021-09-30 12:05:00
5443346.197556506,0.0,143.0,,0.7,96.0,0.000928,,,2021-09-30 12:10:00
5443347.1976786805,0.0,149.0,,0.7,92.0,0.001596,,,2021-09-30 12:15:00
5443348.197800855,0.0,159.0,,0.7,87.0,0.000922,,,2021-09-30 12:20:00
5443349.19792303,0.0,167.0,,0.7,89.0,0.000973,,,2021-09-30 12:25:00
5443350.198045204,0.0,172.0,,0.7,91.0,0.001102,,,2021-09-30 12:30:00
5443351.198167379,0.0,175.0,,0.7,92.0,0.001435,,,2021-09-30 12:35:00
5443352.198289554,0.0,177.0,,0.7,91.0,0.000778,,,2021-09-30 12:40:00
5443353.198411728,0.0,178.0,,0.7,90.0,0.000561,,,2021-09-30 12:45:00
5443354.198533903,0.0,178.0,,0.7,95.0,0.000837,,,2021-09-30 12:50:00
5443355.198656078,0.0,170.0,,0.7,101.0,0.000594,,,2021-09-30 12:55:00
5443356.198778253,0.0,162.0,,0.7,96.0,0.000516,,,2021-09-30 13:00:00
5443357.198900428,0.0,159.0,,0.7,94.0,0.000477,,,2021-09-30 13:05:00
5443358.199022602,0.0,160.0,,0.7,94.0,0.000517,,,2021-09-30 13:10:00
5443359.199144777,0.0,162.0,,0.7,98.0,0.000602,,,2021-09-30 13:15:00
5443360.1992669515,0.0,162.0,,0.7,93.0,0.000403,,,2021-09-30 13:20:00
5443361.199389126,0.0,164.0,,0.7,96.0,0.000357,,,2021-09-30 13:25:00
5443362.199511301,0.0,165.0,,0.7,97.0,0.000308,,,2021-09-30 13:30:00
5443363.199633475,0.0,164.0,,0.7,96.0,0.00039,,,2021-09-30 13:35:00
5443364.19975565,0.0,163.0,,0.7,101.0,0.000238,,,2021-09-30 13:40:00
5443365.199877826,0.0,157.0,,0.7,107.0,0.000383,,,2021-09-30 13:45:00
5443366.2,0.0,151.0,,0.7,105.0,0.000259,,,2021-09-30 13:50:00
5443367.200122175,0.0,147.0,,0.7,103.0,0.00029,,,2021-09-30 13:55:00
5443368.200244349,0.0,145.0,142.0,0.7,113.0,0.000165,,8.0,2021-09-30 14:00:00
5443369.200366524,0.0,144.0,,0.7,108.0,0.000206,,,2021-09-30 14:05:00
5443370.200488699,0.0,147.0,,0.7,106.0,0.000191,,,2021-09-30 14:10:00
5443371.200610873,0.0,149.0,,0.7,105.0,0.000246,,,2021-09-30 14:15:00
5443372.200733048,0.0,152.0,,0.7,100.0,0.000198,,,2021-09-30 14:20:00
5443373.2008552225,0.0,156.0,,0.7,101.0,0.0002,,,2021-09-30 14:25:00
5443374.200977397,0.0,159.0,,0.7,103.0,0.000203,,,2021-09-30 14:30:00
5443375.201099572,0.0,155.0,,0.7,103.0,0.000263,,,2021-09-30 14:35:00
5443376.201221747,0.0,154.0,,0.7,98.0,0.000303,,,2021-09-30 14:40:00
5443377.201343922,0.0,158.0,,0.7,101.0,0.000205,,,2021-09-30 14:45:00
5443378.201466097,0.0,164.0,,0.7,97.0,0.000163,,,2021-09-30 14:50:00
5443379.201588271,0.0,171.0,,0.7,94.0,0.000191,,,2021-09-30 14:55:00
5443380.201710446,0.0,176.0,,0.7,96.0,0.000129,,,2021-09-30 15:00:00
5443381.20183262,0.0,179.0,,0.7,95.0,0.000185,,,2021-09-30 15:05:00
5443382.201954795,0.0,181.0,,0.7,97.0,0.000158,,,2021-09-30 15:10:00
5443383.20207697,0.0,183.0,,0.7,98.0,0.000203,,,2021-09-30 15:15:00
5443384.202199144,0.0,180.0,,0.7,103.0,0.000214,,,2021-09-30 15:20:00
5443385.202321319,0.0,167.0,,0.7,104.0,0.000184,,,2021-09-30 15:25:00
5443386.202443494,0.0,163.0,,0.7,104.0,0.000201,,,2021-09-30 15:30:00
5443387.202565669,0.0,160.0,,0.7,104.0,0.000142,,,2021-09-30 15:35:00
5443388.202687844,0.0,156.0,,0.7,101.0,0.000153,,,2021-09-30 15:40:00
5443389.202810018,0.0,150.0,138.0,0.7,103.0,0.000134,,,2021-09-30 15:45:00
5443390.202932193,0.0,147.0,,0.7,95.0,0.000147,,,2021-09-30 15:50:00
5443391.203054368,0.0,149.0,,0.7,108.0,0.000158,,,2021-09-30 15:55:00
5443392.203176542,0.0,144.0,,0.7,107.0,0.000134,,,2021-09-30 16:00:00
5443393.203298717,0.0,136.0,,0.7,102.0,0.000148,,,2021-09-30 16:05:00
5443394.203420891,0.0,132.0,,0.7,98.0,0.000153,,,2021-09-30 16:10:00
5443395.203543066,0.0,134.0,,0.7,96.0,0.00015,,,2021-09-30 16:15:00
5443396.203665241,0.0,142.0,,0.7,93.0,0.000161,,,2021-09-30 16:20:00
5443397.203787416,0.0,151.0,,0.7,92.0,0.000143,,,2021-09-30 16:25:00
5443398.203909591,0.0,159.0,,0.7,91.0,0.000156,,,2021-09-30 16:30:00
5443399.204031765,0.0,166.0,,0.7,89.0,0.00014,,,2021-09-30 16:35:00
5443400.20415394,0.0,170.0,,0.7,89.0,0.000133,,,2021-09-30 16:40:00
5443401.204276115,0.0,168.0,,0.7,90.0,0.000145,,,2021-09-30 16:45:00
5443402.204398289,0.0,165.0,,0.7,92.0,0.000161,,,2021-09-30 16:50:00
5443403.204520464,0.0,162.0,,0.7,91.0,0.000151,,,2021-09-30 16:55:00
5443404.204642639,0.0,158.0,,0.7,92.0,0.000144,,,2021-09-30 17:00:00
5443405.204764813,0.0,152.0,,0.7,93.0,0.00013,,,2021-09-30 17:05:00
5443406.204886988,0.0,136.0,,0.7,93.0,0.000136,,,2021-09-30 17:10:00
5443407.205009163,0.0,127.0,,0.7,92.0,0.000107,,,2021-09-30 17:15:00
5443408.205131338,0.0,119.0,,0.7,92.0,0.000106,,,2021-09-30 17:20:00
5443409.205253513,0.0,114.0,,0.7,91.0,0.000111,,,2021-09-30 17:25:00
5443410.205375687,0.0,110.0,94.0,0.7,93.0,0.000103,,,2021-09-30 17:30:00
5443411.205497862,0.0,107.0,,0.7,92.0,9e-05,,,2021-09-30 17:35:00
5443412.205620036,0.0,104.0,,0.7,89.0,9.9e-05,,,2021-09-30 17:40:00
5443413.205742211,0.0,98.0,,0.7,89.0,9.5e-05,,,2021-09-30 17:45:00
5443414.205864386,0.0,98.0,,0.7,90.0,0.000102,,,2021-09-30 17:50:00
5443415.20598656,0.0,97.0,,0.7,90.0,0.000104,,,2021-09-30 17:55:00
5443416.206108735,0.0,95.0,,0.7,105.0,0.000111,,,2021-09-30 18:00:00
5443417.2062309105,0.0,89.0,,0.7,102.0,0.000112,,,2021-09-30 18:05:00
5443418.206353085,0.0,85.0,,0.7,102.0,0.000119,,,2021-09-30 18:10:00
5443419.20647526,0.0,82.0,,0.7,98.0,0.000115,,,2021-09-30 18:15:00
5443420.206597434,0.0,84.0,,0.7,90.0,9.9e-05,,,2021-09-30 18:20:00
5443421.206719609,0.0,88.0,,0.7,94.0,0.000107,,,2021-09-30 18:25:00
5443422.206841784,0.0,92.0,,0.7,101.0,0.000114,,,2021-09-30 18:30:00
5443423.206963958,0.0,98.0,,0.7,95.0,0.000117,,,2021-09-30 18:35:00
5443424.207086133,0.0,104.0,,0.7,95.0,0.000129,,,2021-09-30 18:40:00
5443425.207208307,0.0,109.0,,0.7,88.0,0.000117,,,2021-09-30 18:45:00
5443426.207330482,0.0,114.0,,0.7,88.0,0.000125,,,2021-09-30 18:50:00
5443427.207452657,0.0,119.0,,0.7,88.0,0.00014,,,2021-09-30 18:55:00
5443428.207574832,0.0,123.0,,0.7,91.0,0.000133,,,2021-09-30 19:00:00
5443429.207697007,0.0,126.0,,0.7,88.0,0.000122,,,2021-09-30 19:05:00
5443430.2078191815,0.0,128.0,,0.7,89.0,7.3e-05,,,2021-09-30 19:10:00
5443431.207941356,0.0,130.0,,0.7,86.0,7.5e-05,27.0,,2021-09-30 19:15:00
5443432.208063531,0.0,130.0,,0.7,86.0,8.7e-05,,,2021-09-30 19:20:00
5443433.208185705,0.0,131.0,,0.7,89.0,9.3e-05,,,2021-09-30 19:25:00
5443434.20830788,0.0,128.0,131.0,0.7,107.0,9.2e-05,,9.8,2021-09-30 19:30:00
5443435.208430055,0.0,125.0,,0.7,105.0,9.7e-05,,,2021-09-30 19:35:00
5443436.208552229,0.0,127.0,,0.7,108.0,0.000135,,,2021-09-30 19:40:00
5443437.208674404,0.0,121.0,,0.7,103.0,0.000118,,,2021-09-30 19:45:00
5443438.208796579,0.0,124.0,,0.7,96.0,0.000137,,,2021-09-30 19:50:00
5443439.208918754,0.0,130.0,,0.7,91.0,0.000104,,,2021-09-30 19:55:00
5443440.209040929,0.0,137.0,,0.7,90.0,9.9e-05,,,2021-09-30 20:00:00
5443441.209163103,0.0,144.0,,0.7,92.0,0.000111,,,2021-09-30 20:05:00
5443442.209285278,0.0,151.0,,0.7,94.0,0.00012,,,2021-09-30 20:10:00
5443443.2094074525,0.0,152.0,,0.7,92.0,0.000116,,,2021-09-30 20:15:00
5443444.209529627,0.0,154.0,,0.7,93.0,0.000124,,,2021-09-30 20:20:00
5443445.209651802,0.0,157.0,,0.7,92.0,9.6e-05,,,2021-09-30 20:25:00
5443446.209773976,0.0,159.0,,0.7,100.0,9.2e-05,,,2021-09-30 20:30:00
5443447.209896151,0.0,158.0,,0.7,94.0,9.8e-05,,,2021-09-30 20:35:00
5443448.210018326,0.0,161.0,,0.7,102.0,9.3e-05,,,2021-09-30 20:40:00
5443449.210140501,0.0,160.0,,0.7,94.0,0.000109,,,2021-09-30 20:45:00
5443450.210262676,0.0,162.0,,0.7,93.0,0.000127,,,2021-09-30 20:50:00
5443451.21038485,0.0,161.0,,0.7,105.0,0.000108,,,2021-09-30 20:55:00
5443452.210507025,0.0,158.0,150.0,0.7,96.0,0.000127,,,2021-09-30 21:00:00
5443453.2106292,0.0,163.0,150.0,0.7,96.0,0.00011,,1.8,2021-09-30 21:05:00
5443454.210751374,0.0,165.0,,0.7,97.0,0.000109,,,2021-09-30 21:10:00
5443455.210873549,0.0,166.0,,0.7,92.0,0.000125,,,2021-09-30 21:15:00
5443456.2109957235,0.0,172.0,,0.7,90.0,0.000114,,,2021-09-30 21:20:00
5443457.211117898,0.0,176.0,,0.7,91.0,0.000118,,,2021-09-30 21:25:00
5443458.211240073,0.0,181.0,,0.7,97.0,0.000117,,,2021-09-30 21:30:00
5443459.211362248,0.0,179.0,,0.7,94.0,0.000111,,,2021-09-30 21:35:00
5443460.211484423,0.0,180.0,,0.7,91.0,0.000108,,,2021-09-30 21:40:00
5443461.2116065975,0.0,180.0,,0.7,97.0,0.000114,,,2021-09-30 21:45:00
5443462.211728772,0.0,175.0,,0.7,93.0,0.000112,,,2021-09-30 21:50:00
5443463.211850947,0.0,173.0,,0.7,90.0,0.000117,,,2021-09-30 21:55:00
5443464.211973121,0.0,173.0,,0.7,90.0,0.000115,,,2021-09-30 22:00:00
5443465.212095296,0.0,175.0,170.0,0.7,93.0,0.000114,,5.4,2021-09-30 22:05:00
5443466.212217471,0.0,174.0,,0.7,106.0,0.000116,,,2021-09-30 22:10:00
5443467.212339645,0.0,174.0,,0.7,93.0,9.6e-05,,,2021-09-30 22:15:00
5443468.21246182,0.0,174.0,,0.7,94.0,0.000107,,,2021-09-30 22:20:00
5443469.2125839945,0.0,174.0,,0.7,100.0,0.000107,,,2021-09-30 22:25:00
5443470.21270617,0.0,166.0,,0.7,104.0,0.000316,,,2021-09-30 22:30:00
5443471.212828345,0.0,163.0,,0.7,86.0,0.00011,,,2021-09-30 22:35:00
5443472.212950519,0.0,167.0,,0.7,84.0,0.000112,,,2021-09-30 22:40:00
5443473.213072694,0.0,167.0,,0.7,92.0,0.000134,,,2021-09-30 22:45:00
5443474.2131948685,0.0,164.0,,0.7,106.0,0.000122,,,2021-09-30 22:50:00
5443475.213317043,0.0,159.0,,0.7,93.0,0.000119,,,2021-09-30 22:55:00
5443476.213439218,0.0,153.0,,0.7,88.0,0.000132,,,2021-09-30 23:00:00
5443477.213561392,0.0,148.0,,0.7,87.0,0.000153,,,2021-09-30 23:05:00
5443478.213683567,0.0,144.0,,0.7,85.0,0.00011,,,2021-09-30 23:10:00
5443479.213805742,0.0,145.0,,0.7,84.0,9.7e-05,,,2021-09-30 23:15:00
5443480.213927917,0.0,147.0,,0.7,86.0,0.000101,,,2021-09-30 23:20:00
5443481.214050092,0.0,148.0,,0.7,85.0,9.8e-05,,,2021-09-30 23:25:00
5443482.214172266,0.0,147.0,,0.7,84.0,9.5e-05,,,2021-09-30 23:30:00
5443483.214294441,0.0,146.0,,0.7,84.0,9.9e-05,,,2021-09-30 23:35:00
5443484.214416616,0.0,145.0,,0.7,83.0,9.6e-05,,,2021-09-30 23:40:00
5443485.21453879,0.0,145.0,,0.7,82.0,9.7e-05,,,2021-09-30 23:45:00
5443486.214660965,0.0,145.0,,0.7,80.0,9.1e-05,,,2021-09-30 23:50:00
5443487.2147831395,0.0,146.0,,0.7,111.0,0.000129,,,2021-09-30 23:55:00
5443488.214905314,0.0,144.0,,0.7,87.0,0.000125,,,2021-10-01 00:00:00
5443489.215027489,0.0,141.0,,0.7,79.0,0.000149,,,2021-10-01 00:05:00
5443490.215149664,0.0,139.0,,0.7,81.0,0.000125,,,2021-10-01 00:10:00
5443491.215271839,0.0,138.0,,0.7,72.0,0.000131,,,2021-10-01 00:15:00
5443492.215394014,0.0,135.0,,0.7,76.0,0.000129,,,2021-10-01 00:20:00
5443493.215516188,0.0,133.0,,0.7,107.0,0.000112,,,2021-10-01 00:25:00
5443494.215638363,0.0,136.0,,0.7,78.0,9.5e-05,,,2021-10-01 00:30:00
5443495.215760537,0.0,143.0,,0.7,80.0,9.7e-05,,,2021-10-01 00:35:00
5443496.215882712,0.0,142.0,,0.7,79.0,0.0001,,,2021-10-01 00:40:00
5443497.216004887,0.0,142.0,,0.7,81.0,0.000116,,,2021-10-01 00:45:00
5443498.216127061,0.0,139.0,,0.7,129.0,0.000108,,,2021-10-01 00:50:00
5443499.216249236,0.0,137.0,,0.7,81.0,0.000107,,,2021-10-01 00:55:00
5443500.2163714105,0.0,134.0,,0.7,126.0,0.000103,,,2021-10-01 01:00:00
5443501.216493586,0.0,132.0,,0.7,91.0,9.5e-05,,,2021-10-01 01:05:00
5443502.216615761,0.0,129.0,,0.7,112.0,9e-05,,,2021-10-01 01:10:00
5443503.216737935,0.0,128.0,,0.7,77.0,9.6e-05,,,2021-10-01 01:15:00
5443504.21686011,0.0,128.0,,0.7,73.0,0.000102,,,2021-10-01 01:20:00
5443505.216982285,0.0,127.0,,0.7,73.0,0.000104,,,2021-10-01 01:25:00
5443506.217104459,0.0,126.0,,0.7,73.0,0.000112,,,2021-10-01 01:30:00
5443507.217226634,0.0,125.0,,0.7,73.0,0.000116,,,2021-10-01 01:35:00
5443508.217348808,0.0,124.0,,0.7,73.0,0.000115,,,2021-10-01 01:40:00
5443509.217470983,0.0,124.0,,0.7,74.0,0.000104,,,2021-10-01 01:45:00
5443510.217593158,0.0,128.0,,0.7,81.0,0.000107,,,2021-10-01 01:50:00
5443511.217715333,0.0,129.0,,0.7,137.0,0.000136,,,2021-10-01 01:55:00
5443512.217837508,0.0,125.0,,0.7,148.0,0.000138,,,2021-10-01 02:00:00
5443513.217959682,0.0,123.0,,0.7,127.0,0.000155,,,2021-10-01 02:05:00
5443514.218081857,0.0,122.0,,0.7,145.0,0.000162,,,2021-10-01 02:10:00
5443515.218204032,0.0,121.0,,0.7,98.0,0.00011,,,2021-10-01 02:15:00
5443516.218326206,0.0,119.0,,0.7,79.0,8.9e-05,,,2021-10-01 02:20:00
5443517.218448381,0.0,120.0,,0.7,79.0,9.6e-05,,,2021-10-01 02:25:00
5443518.218570556,0.0,121.0,,0.7,107.0,0.000112,,,2021-10-01 02:30:00
5443519.21869273,0.0,119.0,,0.7,144.0,0.000118,,,2021-10-01 02:35:00
5443520.218814905,0.0,117.0,,0.7,149.0,0.000122,,,2021-10-01 02:40:00
5443521.218937079,0.0,115.0,,0.7,97.0,0.000126,,,2021-10-01 02:45:00
5443522.219059255,0.0,113.0,,0.7,72.0,0.000129,,,2021-10-01 02:50:00
5443523.21918143,0.0,111.0,,0.7,72.0,0.000129,,,2021-10-01 02:55:00
5443524.219303604,0.0,109.0,,0.7,73.0,0.000139,,,2021-10-01 03:00:00
5443525.219425779,0.0,108.0,,0.7,73.0,0.00013,,,2021-10-01 03:05:00
5443526.219547953,0.0,107.0,,0.7,74.0,0.000132,,,2021-10-01 03:10:00
5443527.219670128,0.0,105.0,,0.7,120.0,0.000138,,,2021-10-01 03:15:00
5443528.219792303,0.0,105.0,,0.7,138.0,0.000144,,,2021-10-01 03:20:00
5443529.219914477,0.0,106.0,,0.7,72.0,0.000149,,,2021-10-01 03:25:00
5443530.220036652,0.0,109.0,,0.7,71.0,0.000102,,,2021-10-01 03:30:00
5443531.220158827,0.0,112.0,,0.7,71.0,9.2e-05,,,2021-10-01 03:35:00
5443532.220281002,0.0,112.0,,0.7,71.0,8.8e-05,,,2021-10-01 03:40:00
5443533.220403177,0.0,112.0,,0.7,72.0,8.9e-05,,,2021-10-01 03:45:00
5443534.220525351,0.0,112.0,,0.7,69.0,0.000128,,,2021-10-01 03:50:00
5443535.220647526,0.0,111.0,,0.7,71.0,0.000141,,,2021-10-01 03:55:00
5443536.220769701,0.0,109.0,,0.7,71.0,0.000154,,,2021-10-01 04:00:00
5443537.220891875,0.0,107.0,,0.7,91.0,0.000152,,,2021-10-01 04:05:00
5443538.22101405,0.0,108.0,,0.7,87.0,0.000113,,,2021-10-01 04:10:00
5443539.221136224,0.0,110.0,,0.7,81.0,0.000106,,,2021-10-01 04:15:00
5443540.221258399,0.0,112.0,,0.7,78.0,0.000103,,,2021-10-01 04:20:00
5443541.221380574,0.0,112.0,,0.7,80.0,0.000128,,,2021-10-01 04:25:00
5443542.221502748,0.0,111.0,,0.7,130.0,0.000144,,,2021-10-01 04:30:00
5443543.221624924,0.0,109.0,,0.7,99.0,0.000171,,,2021-10-01 04:35:00
5443544.2217470985,0.0,108.0,,0.7,72.0,0.000154,,,2021-10-01 04:40:00
5443545.221869273,0.0,107.0,,0.7,71.0,0.000123,,,2021-10-01 04:45:00
5443546.221991448,0.0,109.0,,0.7,72.0,0.000119,,,2021-10-01 04:50:00
5443547.222113622,0.0,109.0,,0.7,73.0,0.000116,,,2021-10-01 04:55:00
5443548.222235797,0.0,109.0,,0.7,75.0,0.000105,,,2021-10-01 05:00:00
5443549.222357972,0.0,110.0,,0.7,109.0,,,,2021-10-01 05:05:00
5443550.222480146,0.0,112.0,,0.7,,,,,2021-10-01 05:10:00
5443551.222602321,0.0,114.0,,0.7,,,,,2021-10-01 05:15:00
5443552.222724495,0.0,113.0,,0.7,,,,,2021-10-01 05:20:00
5443553.222846671,0.0,114.0,,0.7,,,,,2021-10-01 05:25:00
5443554.222968846,0.0,114.0,,0.7,,,,,2021-10-01 05:30:00
5443555.22309102,0.0,117.0,143.0,0.7,,,,,2021-10-01 05:35:00
5443556.223213195,0.0,118.0,143.0,0.7,,,,4.0,2021-10-01 05:40:00
5443557.2233353695,0.0,120.0,,0.7,,,15.0,,2021-10-01 05:45:00
5443558.223457544,0.0,119.0,,0.7,,,,,2021-10-01 05:50:00
5443559.223579719,0.0,125.0,,0.7,,,,,2021-10-01 05:55:00
5443560.223701893,0.0,129.0,,0.7,,,,,2021-10-01 06:00:00
5443561.223824068,0.0,125.0,,0.7,,,,,2021-10-01 06:05:00
5443562.223946243,0.0,118.0,,0.7,,,,,2021-10-01 06:10:00
5443563.224068418,0.0,125.0,,0.7,101.0,0.000359,,,2021-10-01 06:15:00
5443564.224190593,0.0,133.0,,0.7,101.0,0.111082,,,2021-10-01 06:20:00
5443565.224312767,0.0,142.0,,0.7,100.0,2.2934,,,2021-10-01 06:25:00
5443566.224434942,0.0,147.0,,0.7,108.0,2.4674,,,2021-10-01 06:30:00
5443567.224557117,0.0,147.0,,0.7,108.0,0.417316,,,2021-10-01 06:35:00
5443568.224679291,0.0,146.0,,0.7,104.0,0.1727,,,2021-10-01 06:40:00
5443569.224801466,0.0,146.0,,0.7,98.0,0.04432,,,2021-10-01 06:45:00
5443570.2249236405,0.0,148.0,,0.7,97.0,0.0196,,,2021-10-01 06:50:00
5443571.225045815,0.0,149.0,,0.7,100.0,0.004949,,,2021-10-01 06:55:00
5443572.22516799,0.0,151.0,,0.7,97.0,0.00344,,,2021-10-01 07:00:00
5443573.225290164,0.0,150.0,,0.7,107.0,0.00292,,,2021-10-01 07:05:00
5443574.22541234,0.0,149.0,,0.7,103.0,0.001446,,,2021-10-01 07:10:00
5443575.2255345145,0.0,150.0,,0.7,103.0,0.001538,,,2021-10-01 07:15:00
5443576.225656689,0.0,152.0,,0.7,108.0,0.000848,,,2021-10-01 07:20:00
5443577.225778864,0.0,146.0,153.0,0.7,113.0,0.001069,,7.4,2021-10-01 07:25:00
5443578.225901038,0.0,147.0,,0.7,105.0,0.000793,,,2021-10-01 07:30:00
5443579.226023213,0.0,152.0,,0.7,103.0,0.000641,,,2021-10-01 07:35:00
5443580.226145388,0.0,159.0,,0.7,102.0,0.000527,,,2021-10-01 07:40:00
5443581.226267562,0.0,151.0,,0.7,102.0,0.000335,,,2021-10-01 07:45:00
5443582.226389737,0.0,156.0,,0.7,107.0,0.000354,,,2021-10-01 07:50:00
5443583.2265119115,0.0,160.0,,0.7,113.0,0.000293,,,2021-10-01 07:55:00
5443584.226634087,0.0,163.0,,0.7,107.0,0.000358,,,2021-10-01 08:00:00
5443585.226756262,0.0,161.0,,0.7,93.0,0.001979,,,2021-10-01 08:05:00
5443586.226878436,0.0,154.0,,0.7,107.0,0.009052,,,2021-10-01 08:10:00
5443587.227000611,0.0,148.0,,0.7,108.0,0.004166,,,2021-10-01 08:15:00
5443588.2271227855,0.0,152.0,,0.7,105.0,0.002534,,,2021-10-01 08:20:00
5443589.22724496,0.0,161.0,,0.7,109.0,0.001562,,,2021-10-01 08:25:00
5443590.227367135,0.0,167.0,,0.7,108.0,0.001434,,,2021-10-01 08:30:00
5443591.227489309,0.0,168.0,,0.7,104.0,0.001184,,,2021-10-01 08:35:00
5443592.227611484,0.0,169.0,,0.7,111.0,0.000972,,,2021-10-01 08:40:00
5443593.227733659,0.0,169.0,,0.7,113.0,0.00185,,,2021-10-01 08:45:00
5443594.227855833,0.0,164.0,,0.7,111.0,0.006376,,,2021-10-01 08:50:00
5443595.227978009,0.0,159.0,,0.7,112.0,0.011916,,,2021-10-01 08:55:00
5443596.228100183,0.0,155.0,,0.7,108.0,0.010452,,,2021-10-01 09:00:00
5443597.228222358,0.0,151.0,,0.7,100.0,0.025,,,2021-10-01 09:05:00
5443598.228344533,0.0,154.0,,0.7,103.0,0.012196,,,2021-10-01 09:10:00
5443599.228466707,0.0,158.0,,0.7,104.0,0.010984,,,2021-10-01 09:15:00
5443600.228588882,0.0,160.0,,0.7,101.0,0.006144,,,2021-10-01 09:20:00
5443601.2287110565,0.0,162.0,,0.7,98.0,0.003308,,,2021-10-01 09:25:00
5443602.228833231,0.0,163.0,202.0,0.7,101.0,0.002938,,10.3,2021-10-01 09:30:00
5443603.228955406,0.0,165.0,,0.7,103.0,0.004404,,,2021-10-01 09:35:00
5443604.22907758,0.0,164.0,,0.7,100.0,0.002534,,,2021-10-01 09:40:00
5443605.229199756,0.0,161.0,,0.7,104.0,0.001854,,,2021-10-01 09:45:00
5443606.229321931,0.0,158.0,,0.7,109.0,0.001615,,,2021-10-01 09:50:00
5443607.229444105,0.0,151.0,,0.7,107.0,0.004478,,,2021-10-01 09:55:00
5443608.22956628,0.0,149.0,,0.7,104.0,0.002768,,,2021-10-01 10:00:00
5443609.229688454,0.0,149.0,,0.7,100.0,0.001914,,,2021-10-01 10:05:00
5443610.229810629,0.0,147.0,,0.7,100.0,0.001089,,,2021-10-01 10:10:00
5443611.229932804,0.0,143.0,,0.7,96.0,0.001031,,,2021-10-01 10:15:00
5443612.230054978,0.0,138.0,,0.7,102.0,0.000805,,,2021-10-01 10:20:00
5443613.230177153,0.0,131.0,,0.7,116.0,0.000539,,,2021-10-01 10:25:00
5443614.2302993275,0.0,124.0,,0.7,101.0,0.001242,,,2021-10-01 10:30:00
5443615.230421502,0.0,118.0,,0.7,107.0,0.001063,,,2021-10-01 10:35:00
5443616.230543678,0.0,113.0,,0.7,105.0,0.001434,,,2021-10-01 10:40:00
5443617.230665852,0.0,106.0,,0.7,104.0,0.000799,,,2021-10-01 10:45:00
5443618.230788027,0.0,100.0,,0.7,108.0,0.000977,,,2021-10-01 10:50:00
5443619.230910202,0.0,95.0,,0.7,100.0,0.000751,,,2021-10-01 10:55:00
5443620.231032376,0.0,91.0,,0.7,100.0,0.000589,,,2021-10-01 11:00:00
5443621.231154551,0.0,83.0,,0.7,101.0,0.000851,,,2021-10-01 11:05:00
5443622.231276725,0.0,80.0,80.0,0.7,102.0,0.00067,,,2021-10-01 11:10:00
5443623.2313989,0.0,78.0,,0.7,101.0,0.000929,,,2021-10-01 11:15:00
5443624.231521075,0.0,75.0,,0.7,99.0,0.000713,,,2021-10-01 11:20:00
5443625.231643249,0.0,75.0,,0.7,108.0,0.000462,,,2021-10-01 11:25:00
5443626.231765425,0.0,71.0,,0.7,116.0,0.000547,,,2021-10-01 11:30:00
5443627.231887599,0.0,69.0,,0.7,111.0,0.000509,20.0,,2021-10-01 11:35:00
5443628.232009774,0.0,69.0,,0.7,108.0,0.000397,,,2021-10-01 11:40:00
5443629.232131949,0.0,71.0,,0.7,106.0,0.000355,,,2021-10-01 11:45:00
5443630.232254123,0.0,74.0,,0.7,105.0,0.00033,,,2021-10-01 11:50:00
5443631.232376298,0.0,81.0,,0.7,105.0,0.000274,,,2021-10-01 11:55:00
5443632.232498473,0.0,90.0,,0.7,98.0,0.000278,,,2021-10-01 12:00:00
5443633.232620647,0.0,97.0,,0.7,105.0,0.000274,,,2021-10-01 12:05:00
5443634.232742822,0.0,104.0,,0.7,99.0,0.000293,,,2021-10-01 12:10:00
5443635.232864996,0.0,117.0,,0.7,94.0,0.000255,,,2021-10-01 12:15:00
5443636.232987171,0.0,125.0,,0.7,96.0,0.000266,,,2021-10-01 12:20:00
5443637.233109347,0.0,130.0,,0.7,97.0,0.000265,,,2021-10-01 12:25:00
5443638.233231521,1.0,,,0.7,97.0,0.000272,,,2021-10-01 12:30:00
5443639.233353696,1.0,,154.0,0.7,97.0,0.000254,,3.3,2021-10-01 12:35:00
5443640.23347587,1.0,,,0.7,96.0,0.000247,,,2021-10-01 12:40:00
5443641.233598045,1.0,,,0.7,97.0,0.000229,,,2021-10-01 12:45:00
5443642.23372022,1.0,,,0.7,102.0,0.000229,,,2021-10-01 12:50:00
5443643.233842394,1.0,,,0.7,101.0,0.000216,,,2021-10-01 12:55:00
5443644.233964569,1.0,,,0.7,94.0,0.000201,,,2021-10-01 13:00:00
5443645.234086744,1.0,,,0.7,89.0,0.000221,,,2021-10-01 13:05:00
5443646.234208918,1.0,,,0.7,91.0,0.000176,,,2021-10-01 13:10:00
5443647.234331094,1.0,,,0.7,90.0,0.000204,,,2021-10-01 13:15:00
5443648.234453268,1.0,,,0.7,92.0,0.000157,,,2021-10-01 13:20:00
5443649.234575443,1.0,,,0.7,96.0,0.000167,,,2021-10-01 13:25:00
5443650.234697618,1.0,,,0.7,93.0,0.000157,,,2021-10-01 13:30:00
5443651.234819792,1.0,,,0.7,93.0,0.000156,,,2021-10-01 13:35:00
5443652.234941967,1.0,,,0.7,101.0,0.000147,,,2021-10-01 13:40:00
5443653.235064141,1.0,,,0.7,112.0,0.000144,,,2021-10-01 13:45:00
5443654.235186316,1.0,,,0.7,99.0,0.000118,,,2021-10-01 13:50:00
5443655.235308491,1.0,,,0.7,96.0,0.000103,,,2021-10-01 13:55:00
5443656.235430665,1.0,,,0.7,93.0,0.0001,,,2021-10-01 14:00:00
5443657.235552841,1.0,,,0.7,95.0,9.1e-05,,,2021-10-01 14:05:00
5443658.2356750155,1.0,,,0.7,96.0,8.4e-05,,,2021-10-01 14:10:00
5443659.23579719,1.0,,,0.7,99.0,7.3e-05,,,2021-10-01 14:15:00
5443660.235919365,1.0,,,0.7,92.0,7.9e-05,,,2021-10-01 14:20:00
5443661.236041539,1.0,,,0.7,99.0,7.8e-05,,,2021-10-01 14:25:00
5443662.236163714,1.0,,,0.7,105.0,8e-05,,,2021-10-01 14:30:00
5443663.236285889,1.0,,,0.7,98.0,7.9e-05,,,2021-10-01 14:35:00
5443664.236408063,1.0,,,0.7,101.0,8.1e-05,,,2021-10-01 14:40:00
5443665.236530238,1.0,,,0.7,94.0,8.5e-05,,,2021-10-01 14:45:00
5443666.236652412,1.0,,,0.7,92.0,9.2e-05,,,2021-10-01 14:50:00
5443667.236774587,1.0,,,0.7,94.0,9.5e-05,,,2021-10-01 14:55:00
5443668.236896763,1.0,,,0.7,92.0,9e-05,,,2021-10-01 15:00:00
5443669.237018937,1.0,,,0.7,93.0,9.6e-05,,,2021-10-01 15:05:00
5443670.237141112,1.0,,,0.7,97.0,0.000101,,,2021-10-01 15:10:00
5443671.2372632865,1.0,,,0.7,100.0,8.8e-05,,,2021-10-01 15:15:00
5443672.237385461,1.0,,,0.7,100.0,6.6e-05,,,2021-10-01 15:20:00
5443673.237507636,1.0,,,0.7,96.0,5.9e-05,,,2021-10-01 15:25:00
5443674.23762981,1.0,,,0.7,96.0,6.1e-05,,,2021-10-01 15:30:00
5443675.237751985,1.0,,,0.7,94.0,6e-05,,,2021-10-01 15:35:00
5443676.23787416,1.0,,,0.7,89.0,5.7e-05,,,2021-10-01 15:40:00
5443677.237996334,1.0,,,0.7,91.0,5.7e-05,,,2021-10-01 15:45:00
5443678.23811851,1.0,,,0.7,95.0,5.9e-05,,,2021-10-01 15:50:00
5443679.238240684,1.0,,97.0,0.7,97.0,5.9e-05,,,2021-10-01 15:55:00
5443680.238362859,1.0,,,0.7,95.0,6.3e-05,,,2021-10-01 16:00:00
5443681.238485034,1.0,,,0.7,96.0,6.3e-05,,,2021-10-01 16:05:00
5443682.238607208,1.0,,97.0,0.7,102.0,6e-05,,,2021-10-01 16:10:00
5443683.238729383,1.0,,,0.7,100.0,6.1e-05,,,2021-10-01 16:15:00
5443684.2388515575,1.0,,,0.7,102.0,6.3e-05,,,2021-10-01 16:20:00
5443685.238973732,1.0,,,0.7,110.0,6.7e-05,,,2021-10-01 16:25:00
5443686.239095907,1.0,,,0.7,113.0,6.7e-05,,,2021-10-01 16:30:00
5443687.239218081,1.0,,,0.7,106.0,6.6e-05,,,2021-10-01 16:35:00
5443688.239340256,1.0,,,0.7,107.0,6.9e-05,,,2021-10-01 16:40:00
5443689.2394624315,1.0,,,0.7,115.0,9.9e-05,,,2021-10-01 16:45:00
5443690.239584606,1.0,,,0.7,113.0,0.000136,,,2021-10-01 16:50:00
5443691.239706781,1.0,,,0.7,109.0,9e-05,,,2021-10-01 16:55:00
5443692.239828955,1.0,,,0.7,114.0,6.7e-05,,,2021-10-01 17:00:00
5443693.23995113,1.0,,,0.7,110.0,6.5e-05,,,2021-10-01 17:05:00
5443694.240073305,1.0,,,0.7,104.0,6.2e-05,,,2021-10-01 17:10:00
5443695.240195479,1.0,,,0.7,102.0,6.3e-05,,,2021-10-01 17:15:00
5443696.240317654,1.0,,,0.7,100.0,6.3e-05,,,2021-10-01 17:20:00
5443697.2404398285,1.0,,,0.7,106.0,6.4e-05,,,2021-10-01 17:25:00
5443698.240562003,1.0,,,0.7,105.0,6.7e-05,,,2021-10-01 17:30:00
5443699.240684179,1.0,,,0.7,105.0,6.4e-05,,,2021-10-01 17:35:00
5443700.240806353,1.0,,,0.7,103.0,6.2e-05,,,2021-10-01 17:40:00
5443701.240928528,1.0,,,0.7,104.0,6.1e-05,,,2021-10-01 17:45:00
5443702.2410507025,1.0,,,0.7,101.0,6.2e-05,,,2021-10-01 17:50:00
5443703.241172877,1.0,,,0.7,103.0,6.6e-05,,,2021-10-01 17:55:00
5443704.241295052,1.0,,,0.7,97.0,6.6e-05,,,2021-10-01 18:00:00
5443705.241417226,1.0,,,0.7,101.0,6.5e-05,,,2021-10-01 18:05:00
5443706.241539401,1.0,,,0.7,98.0,6.5e-05,,,2021-10-01 18:10:00
5443707.241661576,1.0,,,0.7,98.0,6.1e-05,,,2021-10-01 18:15:00
5443708.24178375,1.0,,,0.7,104.0,6.3e-05,,,2021-10-01 18:20:00
5443709.241905925,1.0,,,0.7,98.0,6.3e-05,,,2021-10-01 18:25:00
5443710.2420281,1.0,,,0.7,104.0,6.1e-05,,,2021-10-01 18:30:00
5443711.242150275,1.0,,,0.7,116.0,6e-05,,,2021-10-01 18:35:00
5443712.24227245,1.0,,,0.7,109.0,5.9e-05,,,2021-10-01 18:40:00
5443713.242394624,1.0,,160.0,0.7,118.0,6.1e-05,,7.9,2021-10-01 18:45:00
5443714.242516799,1.0,,,0.7,111.0,6.5e-05,,,2021-10-01 18:50:00
5443715.2426389735,1.0,,,0.7,105.0,7e-05,,,2021-10-01 18:55:00
5443716.242761148,1.0,,,0.7,109.0,7.3e-05,,,2021-10-01 19:00:00
5443717.242883323,1.0,,,0.7,106.0,7.1e-05,,,2021-10-01 19:05:00
5443718.243005497,1.0,,,0.7,109.0,7.3e-05,,,2021-10-01 19:10:00
5443719.243127672,1.0,,,0.7,108.0,7.4e-05,,,2021-10-01 19:15:00
5443720.243249848,1.0,,,0.7,105.0,7.5e-05,,,2021-10-01 19:20:00
5443721.243372022,1.0,,,0.7,101.0,7.7e-05,,,2021-10-01 19:25:00
5443722.243494197,1.0,,,0.7,97.0,7.6e-05,,,2021-10-01 19:30:00
5443723.243616371,1.0,,,0.7,100.0,8e-05,,,2021-10-01 19:35:00
5443724.243738546,1.0,,,0.7,104.0,7.6e-05,,,2021-10-01 19:40:00
5443725.243860721,1.0,,,0.7,102.0,7.1e-05,,,2021-10-01 19:45:00
5443726.243982895,1.0,,,0.7,102.0,6.9e-05,,,2021-10-01 19:50:00
5443727.24410507,1.0,,,0.7,105.0,7.1e-05,,,2021-10-01 19:55:00
5443728.2442272445,1.0,,,0.7,105.0,6.7e-05,,,2021-10-01 20:00:00
5443729.244349419,1.0,,,0.7,101.0,6.9e-05,,,2021-10-01 20:05:00
5443730.244471595,1.0,,,0.7,115.0,6.9e-05,52.0,,2021-10-01 20:10:00
5443731.244593769,1.0,,110.0,0.7,112.0,7.2e-05,,12.5,2021-10-01 20:15:00
5443732.244715944,1.0,,,0.7,110.0,7.9e-05,,,2021-10-01 20:20:00
5443733.244838119,1.0,,,0.7,112.0,8.2e-05,,,2021-10-01 20:25:00
5443734.244960293,1.0,,,0.7,116.0,7.8e-05,,,2021-10-01 20:30:00
5443735.245082468,1.0,,,0.7,104.0,7.5e-05,,,2021-10-01 20:35:00
5443736.245204642,1.0,,,0.7,102.0,7.7e-05,,,2021-10-01 20:40:00
5443737.245326817,1.0,,,0.7,101.0,7.9e-05,,,2021-10-01 20:45:00
5443738.245448992,1.0,,,0.7,102.0,7.6e-05,,,2021-10-01 20:50:00
5443739.245571166,1.0,,,0.7,109.0,7.8e-05,,,2021-10-01 20:55:00
5443740.245693341,1.0,,61.0,0.7,112.0,7.7e-05,,,2021-10-01 21:00:00
5443741.245815516,1.0,,,0.7,105.0,7.5e-05,,,2021-10-01 21:05:00
5443742.245937691,1.0,,,0.7,100.0,7.5e-05,,,2021-10-01 21:10:00
5443743.246059866,1.0,,,0.7,97.0,7.5e-05,,,2021-10-01 21:15:00
5443744.24618204,1.0,,,0.7,99.0,7.4e-05,,,2021-10-01 21:20:00
5443745.246304215,1.0,,,0.7,100.0,7e-05,,,2021-10-01 21:25:00
5443746.24642639,1.0,,,0.7,100.0,7.1e-05,,,2021-10-01 21:30:00
5443747.246548564,1.0,,,0.7,104.0,6e-05,,,2021-10-01 21:35:00
5443748.246670739,1.0,,,0.7,105.0,6.2e-05,,,2021-10-01 21:40:00
5443749.246792913,1.0,,,0.7,103.0,6.4e-05,,,2021-10-01 21:45:00
5443750.246915088,1.0,,,0.7,107.0,6.3e-05,,,2021-10-01 21:50:00
5443751.247037264,1.0,,,0.7,107.0,6.1e-05,,,2021-10-01 21:55:00
5443752.247159438,1.0,,78.0,0.7,106.0,6.2e-05,,,2021-10-01 22:00:00
5443753.247281613,1.0,,,0.7,101.0,6.5e-05,,,2021-10-01 22:05:00
5443754.247403787,1.0,,,0.7,100.0,6.8e-05,,,2021-10-01 22:10:00
5443755.247525962,1.0,,,0.7,98.0,7.1e-05,,,2021-10-01 22:15:00
5443756.247648137,1.0,,,0.7,96.0,7.2e-05,,,2021-10-01 22:20:00
5443757.247770311,1.0,,,0.7,104.0,7.1e-05,,,2021-10-01 22:25:00
5443758.247892486,1.0,,,0.7,98.0,6.9e-05,,,2021-10-01 22:30:00
5443759.248014661,1.0,,,0.7,99.0,7.1e-05,,,2021-10-01 22:35:00
5443760.248136835,1.0,,,0.7,98.0,6.8e-05,,,2021-10-01 22:40:00
5443761.24825901,1.0,,,0.7,97.0,6.8e-05,,,2021-10-01 22:45:00
5443762.248381185,1.0,,,0.7,91.0,6.5e-05,,,2021-10-01 22:50:00
5443763.24850336,1.0,,,0.7,93.0,6.1e-05,,,2021-10-01 22:55:00
5443764.248625535,1.0,,,0.7,100.0,6.5e-05,,,2021-10-01 23:00:00
5443765.248747709,1.0,,,0.7,104.0,5.9e-05,,,2021-10-01 23:05:00
5443766.248869884,1.0,,,0.7,93.0,6.1e-05,,,2021-10-01 23:10:00
5443767.248992058,1.0,,,0.7,93.0,6e-05,,,2021-10-01 23:15:00
5443768.249114233,1.0,,,0.7,92.0,6.1e-05,,,2021-10-01 23:20:00
5443769.249236408,1.0,,,0.7,93.0,6.2e-05,,,2021-10-01 23:25:00
5443770.249358582,1.0,,,0.7,93.0,6.2e-05,,,2021-10-01 23:30:00
5443771.249480757,1.0,,,0.7,93.0,6.1e-05,,,2021-10-01 23:35:00
5443772.2496029325,1.0,,,0.7,92.0,5.9e-05,,,2021-10-01 23:40:00
5443773.249725107,1.0,,,0.7,116.0,5.2e-05,,,2021-10-01 23:45:00
5443774.249847282,1.0,,,0.7,99.0,5.7e-05,,,2021-10-01 23:50:00
5443775.249969456,1.0,,,0.7,86.0,5.8e-05,,,2021-10-01 23:55:00
5443776.250091631,1.0,,,1.5,85.0,5.8e-05,,,2021-10-02 00:00:00
5443777.250213806,1.0,,,1.5,85.0,5.7e-05,,,2021-10-02 00:05:00
5443778.25033598,1.0,,,1.5,84.0,5e-05,,,2021-10-02 00:10:00
5443779.250458155,1.0,,,1.5,83.0,5.5e-05,,,2021-10-02 00:15:00
5443780.250580329,1.0,,,1.5,87.0,5.7e-05,,,2021-10-02 00:20:00
5443781.250702504,1.0,,,1.5,86.0,5.8e-05,,,2021-10-02 00:25:00
5443782.250824679,1.0,,,1.5,86.0,5.7e-05,,,2021-10-02 00:30:00
5443783.250946854,1.0,,,1.5,86.0,5.7e-05,,,2021-10-02 00:35:00
5443784.251069029,1.0,,,1.5,88.0,5.3e-05,,,2021-10-02 00:40:00
5443785.2511912035,1.0,,,1.5,93.0,5.2e-05,,,2021-10-02 00:45:00
5443786.251313378,1.0,,,1.5,91.0,5.8e-05,,,2021-10-02 00:50:00
5443787.251435553,1.0,,56.0,1.5,101.0,5.8e-05,,,2021-10-02 00:55:00
5443788.251557727,1.0,,,1.5,85.0,5.9e-05,,,2021-10-02 01:00:00
5443789.251679902,1.0,,,1.5,84.0,5.4e-05,,,2021-10-02 01:05:00
5443790.251802077,1.0,,,1.5,103.0,5.3e-05,,,2021-10-02 01:10:00
5443791.251924251,1.0,,,1.5,147.0,5.2e-05,,,2021-10-02 01:15:00
5443792.252046426,1.0,,,1.5,148.0,5.3e-05,,,2021-10-02 01:20:00
5443793.252168601,1.0,,,1.5,85.0,5.6e-05,,,2021-10-02 01:25:00
5443794.252290776,1.0,,,1.5,81.0,5.6e-05,,,2021-10-02 01:30:00
5443795.252412951,1.0,,,1.5,100.0,5.5e-05,,,2021-10-02 01:35:00
5443796.252535125,1.0,,,1.5,78.0,5.8e-05,,,2021-10-02 01:40:00
5443797.2526573,1.0,,,1.5,81.0,6.2e-05,,,2021-10-02 01:45:00
5443798.2527794745,1.0,,,1.5,80.0,6.2e-05,,,2021-10-02 01:50:00
5443799.252901649,1.0,,,1.5,78.0,5.7e-05,,,2021-10-02 01:55:00
5443800.253023824,1.0,,,1.5,80.0,5.8e-05,,,2021-10-02 02:00:00
5443801.253145998,1.0,,,1.5,81.0,6e-05,,,2021-10-02 02:05:00
5443802.253268173,1.0,,,1.5,81.0,6.8e-05,,,2021-10-02 02:10:00
5443803.2533903485,1.0,,,1.5,81.0,6.9e-05,,,2021-10-02 02:15:00
5443804.253512523,1.0,,,1.5,81.0,6.7e-05,,,2021-10-02 02:20:00
5443805.253634698,1.0,,,1.5,80.0,6.1e-05,,,2021-10-02 02:25:00
5443806.253756872,1.0,,,1.5,81.0,6.2e-05,,,2021-10-02 02:30:00
5443807.253879047,1.0,,,1.5,82.0,6.3e-05,,,2021-10-02 02:35:00
5443808.254001222,1.0,,,1.5,93.0,6e-05,,,2021-10-02 02:40:00
5443809.254123396,1.0,,,1.5,150.0,5.9e-05,,,2021-10-02 02:45:00
5443810.254245571,1.0,,,1.5,147.0,5.8e-05,,,2021-10-02 02:50:00
5443811.2543677455,1.0,,,1.5,156.0,5.8e-05,,,2021-10-02 02:55:00
5443812.25448992,1.0,,,1.55,130.0,5.9e-05,,,2021-10-02 03:00:00
5443813.254612095,1.0,,,1.55,80.0,5.9e-05,,,2021-10-02 03:05:00
5443814.25473427,1.0,,,1.55,78.0,5.9e-05,,,2021-10-02 03:10:00
5443815.254856445,1.0,,,1.55,74.0,6.6e-05,,,2021-10-02 03:15:00
5443816.2549786195,1.0,,,1.55,77.0,6.7e-05,,,2021-10-02 03:20:00
5443817.255100794,1.0,,,1.55,76.0,6.2e-05,,,2021-10-02 03:25:00
5443818.255222969,1.0,,,1.55,129.0,5.6e-05,,,2021-10-02 03:30:00
5443819.255345143,1.0,,,1.55,103.0,5.6e-05,,,2021-10-02 03:35:00
5443820.255467318,1.0,,,1.55,125.0,5.6e-05,,,2021-10-02 03:40:00
5443821.255589493,1.0,,,1.55,126.0,5.5e-05,,,2021-10-02 03:45:00
5443822.255711667,1.0,,,1.55,70.0,5.5e-05,,,2021-10-02 03:50:00
5443823.255833842,1.0,,,1.55,75.0,5.5e-05,,,2021-10-02 03:55:00
5443824.255956017,1.0,,,1.55,74.0,5.6e-05,,,2021-10-02 04:00:00
5443825.256078192,1.0,,,1.55,76.0,5.8e-05,,,2021-10-02 04:05:00
5443826.256200367,1.0,,,1.55,76.0,5.9e-05,,,2021-10-02 04:10:00
5443827.256322541,1.0,,,1.55,76.0,5.9e-05,,,2021-10-02 04:15:00
5443828.256444716,1.0,,,1.55,76.0,5.9e-05,,,2021-10-02 04:20:00
5443829.2565668905,1.0,,,1.55,93.0,5.7e-05,,,2021-10-02 04:25:00
5443830.256689065,1.0,,,1.55,143.0,5.6e-05,,,2021-10-02 04:30:00
5443831.25681124,1.0,,,1.55,146.0,5.6e-05,,,2021-10-02 04:35:00
5443832.256933414,1.0,,,1.55,148.0,5.6e-05,,,2021-10-02 04:40:00
5443833.257055589,1.0,,,1.55,152.0,5.5e-05,,,2021-10-02 04:45:00
5443834.257177764,1.0,,,1.55,98.0,5.7e-05,,,2021-10-02 04:50:00
5443835.257299939,1.0,,,1.55,91.0,5.7e-05,,,2021-10-02 04:55:00
5443836.257422114,1.0,,,1.55,138.0,5.7e-05,,,2021-10-02 05:00:00
5443837.257544288,1.0,,,1.55,95.0,5.7e-05,,,2021-10-02 05:05:00
5443838.257666463,1.0,,,1.55,70.0,6.1e-05,,,2021-10-02 05:10:00
5443839.257788638,1.0,,,1.55,69.0,6.5e-05,,,2021-10-02 05:15:00
5443840.257910812,1.0,,,1.55,68.0,6.4e-05,,,2021-10-02 05:20:00
5443841.258032987,1.0,,,1.55,72.0,5.9e-05,,,2021-10-02 05:25:00
5443842.2581551615,1.0,,,1.55,71.0,5.9e-05,,,2021-10-02 05:30:00
5443843.258277336,1.0,,,1.55,72.0,5.8e-05,,,2021-10-02 05:35:00
5443844.258399511,1.0,,,1.55,74.0,5.8e-05,,,2021-10-02 05:40:00
5443845.258521686,1.0,,,1.55,78.0,5.7e-05,,,2021-10-02 05:45:00
5443846.258643861,1.0,,,1.55,123.0,5.6e-05,,,2021-10-02 05:50:00
5443847.258766036,1.0,,,1.55,141.0,5.6e-05,,,2021-10-02 05:55:00
5443848.25888821,1.0,,,1.55,129.0,5.6e-05,,,2021-10-02 06:00:00
5443849.259010385,1.0,,120.0,1.55,101.0,5.5e-05,,,2021-10-02 06:05:00
5443850.259132559,1.0,,,1.55,98.0,6e-05,,,2021-10-02 06:10:00
5443851.259254734,1.0,,,1.55,85.0,6.1e-05,,,2021-10-02 06:15:00
5443852.259376909,1.0,,,1.55,83.0,5.9e-05,,,2021-10-02 06:20:00
5443853.259499083,1.0,,,1.55,87.0,6.3e-05,,,2021-10-02 06:25:00
5443854.259621258,1.0,,,1.55,82.0,5.3e-05,,,2021-10-02 06:30:00
5443855.2597434325,1.0,,,1.55,82.0,5.4e-05,,,2021-10-02 06:35:00
5443856.259865608,1.0,,130.0,1.55,92.0,6e-05,,,2021-10-02 06:40:00
5443857.259987783,1.0,,,1.55,91.0,5.9e-05,,,2021-10-02 06:45:00
5443858.260109957,1.0,,130.0,1.55,91.0,5.9e-05,,0.6,2021-10-02 06:50:00
5443859.260232132,1.0,,,1.55,85.0,5.9e-05,,,2021-10-02 06:55:00
5443860.260354307,1.0,,,1.55,87.0,6.3e-05,25.0,,2021-10-02 07:00:00
5443861.260476481,1.0,,,1.55,86.0,6.1e-05,,,2021-10-02 07:05:00
5443862.260598656,1.0,,,1.55,86.0,6.1e-05,,,2021-10-02 07:10:00
5443863.26072083,1.0,,122.0,1.55,87.0,6.2e-05,,4.6,2021-10-02 07:15:00
5443864.260843005,1.0,,,1.55,91.0,6.1e-05,,,2021-10-02 07:20:00
5443865.26096518,1.0,,,1.55,88.0,6.1e-05,,,2021-10-02 07:25:00
5443866.261087355,1.0,,,1.1,87.0,5.8e-05,,,2021-10-02 07:30:00
5443867.26120953,1.0,,,1.1,90.0,5.8e-05,,,2021-10-02 07:35:00
5443868.261331704,1.0,,,1.1,103.0,5.7e-05,,,2021-10-02 07:40:00
5443869.261453879,1.0,,,1.1,112.0,6.7e-05,,,2021-10-02 07:45:00
5443870.261576054,1.0,,,1.1,122.0,0.026472,,,2021-10-02 07:50:00
5443871.261698228,1.0,,,1.1,112.0,3.878,,,2021-10-02 07:55:00
5443872.261820403,1.0,,,1.1,99.0,6.826,,,2021-10-02 08:00:00
5443873.261942578,1.0,,,1.1,124.0,8.652,,,2021-10-02 08:05:00
5443874.262064752,1.0,,,1.1,119.0,12.068,,,2021-10-02 08:10:00
5443875.262186927,1.0,,,1.1,91.0,10.014,,,2021-10-02 08:15:00
5443876.262309101,1.0,,,1.1,109.0,7.32,,,2021-10-02 08:20:00
5443877.262431277,1.0,,,1.1,114.0,8.006,,,2021-10-02 08:25:00
5443878.262553452,1.0,,,1.1,113.0,9.15,,,2021-10-02 08:30:00
5443879.262675626,1.0,,,1.1,111.0,7.654,,,2021-10-02 08:35:00
5443880.262797801,1.0,,,1.1,124.0,5.044,,,2021-10-02 08:40:00
5443881.262919975,1.0,,,1.1,118.0,3.87,,,2021-10-02 08:45:00
5443882.26304215,1.0,,,1.1,115.0,1.1162,,,2021-10-02 08:50:00
5443883.263164325,1.0,,,1.1,116.0,0.4938,,,2021-10-02 08:55:00
5443884.263286499,1.0,,,1.1,114.0,0.2692,,,2021-10-02 09:00:00
5443885.263408674,1.0,,,1.1,110.0,0.1362,,,2021-10-02 09:05:00
5443886.263530849,1.0,,,1.1,112.0,0.09032,,,2021-10-02 09:10:00
5443887.263653024,1.0,,,1.1,115.0,0.05478,,,2021-10-02 09:15:00
5443888.263775199,1.0,,,1.1,111.0,0.02986,,,2021-10-02 09:20:00
5443889.263897373,1.0,,,1.1,111.0,0.02844,,,2021-10-02 09:25:00
5443890.264019548,1.0,,,1.1,105.0,0.0246,,,2021-10-02 09:30:00
5443891.264141723,1.0,,,1.1,104.0,0.02384,,,2021-10-02 09:35:00
5443892.264263897,1.0,,,1.1,102.0,0.02154,,,2021-10-02 09:40:00
5443893.264386072,1.0,,,1.1,98.0,0.02668,,,2021-10-02 09:45:00
5443894.264508246,1.0,,,1.1,111.0,0.027933,,,2021-10-02 09:50:00
5443895.264630421,1.0,,,1.1,,,,,2021-10-02 09:55:00
5443896.264752596,1.0,,,1.1,,,,,2021-10-02 10:00:00
5443897.264874771,1.0,,,1.1,111.0,0.040906,,,2021-10-02 10:05:00
5443898.264996946,1.0,,,1.1,107.0,0.2804,,,2021-10-02 10:10:00
5443899.2651191205,1.0,,,1.1,106.0,0.09488,,,2021-10-02 10:15:00
5443900.265241295,1.0,,,1.1,115.0,0.0422,,,2021-10-02 10:20:00
5443901.26536347,1.0,,,1.1,100.0,0.10394,,,2021-10-02 10:25:00
5443902.265485644,1.0,,,0.9,111.0,0.1806,,,2021-10-02 10:30:00
5443903.265607819,1.0,,240.0,0.9,106.0,0.259,,11.2,2021-10-02 10:35:00
5443904.265729994,1.0,,,0.9,113.0,0.1556,,,2021-10-02 10:40:00
5443905.265852168,1.0,,,0.9,114.0,0.16446,,,2021-10-02 10:45:00
5443906.265974343,1.0,,,0.9,110.0,0.05178,,,2021-10-02 10:50:00
5443907.266096517,1.0,,,0.9,109.0,0.02302,,,2021-10-02 10:55:00
5443908.266218693,1.0,,,0.9,107.0,0.007734,,,2021-10-02 11:00:00
5443909.266340868,1.0,,,0.9,116.0,0.005118,,,2021-10-02 11:05:00
5443910.266463042,1.0,,,0.9,110.0,0.00394,,,2021-10-02 11:10:00
5443911.266585217,1.0,,,0.9,109.0,0.001696,,,2021-10-02 11:15:00
5443912.2667073915,1.0,,,0.9,101.0,0.000884,,,2021-10-02 11:20:00
5443913.266829566,1.0,,,0.9,101.0,0.000808,,,2021-10-02 11:25:00
5443914.266951741,1.0,,,0.6,111.0,0.001047,,,2021-10-02 11:30:00
5443915.267073915,1.0,,,0.6,106.0,0.00073,,,2021-10-02 11:35:00
5443916.26719609,1.0,,,0.6,99.0,0.000502,,,2021-10-02 11:40:00
5443917.267318265,1.0,,,0.6,97.0,0.000437,,,2021-10-02 11:45:00
5443918.26744044,1.0,,,0.6,94.0,0.000462,,,2021-10-02 11:50:00
5443919.267562615,1.0,,,0.6,97.0,0.00038,,,2021-10-02 11:55:00
5443920.267684789,1.0,,,0.6,100.0,0.000398,,,2021-10-02 12:00:00
5443921.267806964,1.0,,,0.6,93.0,0.000373,,,2021-10-02 12:05:00
5443922.267929139,1.0,,,0.6,89.0,0.000373,,,2021-10-02 12:10:00
5443923.268051313,1.0,,,0.6,90.0,0.000332,,,2021-10-02 12:15:00
5443924.268173488,1.0,,75.0,0.6,102.0,0.00042,,,2021-10-02 12:20:00
5443925.2682956625,1.0,,,0.6,108.0,0.000397,,,2021-10-02 12:25:00
5443926.268417837,0.0,73.0,,0.6,103.0,0.000248,,,2021-10-02 12:30:00
5443927.268540012,0.0,70.0,,0.6,89.0,0.000271,,,2021-10-02 12:35:00
5443928.268662186,0.0,68.0,,0.6,87.0,0.000273,,,2021-10-02 12:40:00
5443929.268784362,0.0,66.0,,0.6,88.0,0.000255,,,2021-10-02 12:45:00
5443930.2689065365,0.0,65.0,,0.6,89.0,0.000236,,,2021-10-02 12:50:00
5443931.269028711,0.0,65.0,,0.6,100.0,0.000238,,,2021-10-02 12:55:00
5443932.269150886,0.0,67.0,63.0,0.6,108.0,0.000208,,,2021-10-02 13:00:00
5443933.26927306,0.0,66.0,,0.6,106.0,0.00027,,,2021-10-02 13:05:00
5443934.269395235,0.0,64.0,,0.6,96.0,0.000259,,,2021-10-02 13:10:00
5443935.26951741,0.0,62.0,,0.6,90.0,0.000216,,,2021-10-02 13:15:00
5443936.269639584,0.0,66.0,,0.6,92.0,0.00022,,,2021-10-02 13:20:00
5443937.269761759,0.0,70.0,,0.6,90.0,0.000205,,,2021-10-02 13:25:00
5443938.2698839335,0.0,74.0,,0.6,90.0,0.000181,,,2021-10-02 13:30:00
5443939.270006109,0.0,77.0,,0.6,96.0,0.000214,,,2021-10-02 13:35:00
5443940.270128284,0.0,81.0,,0.6,88.0,0.000202,,,2021-10-02 13:40:00
5443941.270250458,0.0,85.0,,0.6,89.0,0.000201,,,2021-10-02 13:45:00
5443942.270372633,0.0,88.0,,0.6,91.0,0.00021,,,2021-10-02 13:50:00
5443943.2704948075,0.0,90.0,,0.6,88.0,0.000209,,,2021-10-02 13:55:00
5443944.270616982,0.0,92.0,,0.6,88.0,0.000212,,,2021-10-02 14:00:00
5443945.270739157,0.0,94.0,,0.6,99.0,0.000197,,,2021-10-02 14:05:00
5443946.270861331,0.0,95.0,,0.6,91.0,0.000181,,,2021-10-02 14:10:00
5443947.270983506,0.0,94.0,,0.6,90.0,0.000194,,,2021-10-02 14:15:00
5443948.271105681,0.0,98.0,,0.6,95.0,0.000189,,,2021-10-02 14:20:00
5443949.271227855,0.0,103.0,,0.6,102.0,0.000205,,,2021-10-02 14:25:00
5443950.271350031,0.0,104.0,,0.6,90.0,0.000187,,,2021-10-02 14:30:00
5443951.271472205,0.0,105.0,,0.6,89.0,0.000167,35.0,,2021-10-02 14:35:00
5443952.27159438,0.0,110.0,,0.6,87.0,0.000158,,,2021-10-02 14:40:00
5443953.271716555,0.0,113.0,,0.6,87.0,0.000157,,,2021-10-02 14:45:00
5443954.271838729,0.0,115.0,160.0,0.6,100.0,0.0002,,12.6,2021-10-02 14:50:00
5443955.271960904,0.0,120.0,,0.6,99.0,0.000185,,,2021-10-02 14:55:00
5443956.2720830785,0.0,127.0,,0.6,93.0,0.000178,,,2021-10-02 15:00:00
5443957.272205253,0.0,132.0,,0.6,89.0,0.000202,,,2021-10-02 15:05:00
5443958.272327428,0.0,135.0,,0.6,90.0,0.000198,,,2021-10-02 15:10:00
5443959.272449602,0.0,139.0,,0.6,99.0,0.000223,,,2021-10-02 15:15:00
5443960.272571778,0.0,140.0,,0.6,93.0,0.000184,,,2021-10-02 15:20:00
5443961.272693953,0.0,140.0,,0.6,99.0,0.000216,,,2021-10-02 15:25:00
5443962.272816127,0.0,139.0,,0.6,94.0,0.000216,,,2021-10-02 15:30:00
5443963.272938302,0.0,138.0,,0.6,92.0,0.000218,,,2021-10-02 15:35:00
5443964.273060476,0.0,138.0,,0.6,91.0,0.00023,,,2021-10-02 15:40:00
5443965.273182651,0.0,138.0,,0.6,92.0,0.000218,,,2021-10-02 15:45:00
5443966.273304826,0.0,138.0,,0.6,95.0,0.000222,,,2021-10-02 15:50:00
5443967.273427,0.0,136.0,,0.6,95.0,0.000203,,,2021-10-02 15:55:00
5443968.273549175,0.0,133.0,,0.6,96.0,0.000188,,,2021-10-02 16:00:00
5443969.2736713495,0.0,136.0,,0.6,97.0,0.000217,,,2021-10-02 16:05:00
5443970.273793525,0.0,143.0,,0.6,92.0,0.000199,,,2021-10-02 16:10:00
5443971.2739157,0.0,145.0,,0.6,96.0,0.000169,,,2021-10-02 16:15:00
5443972.274037874,0.0,147.0,,0.6,105.0,0.000135,,,2021-10-02 16:20:00
5443973.274160049,0.0,149.0,,0.6,87.0,0.000118,,,2021-10-02 16:25:00
5443974.274282224,0.0,150.0,,0.6,95.0,0.000129,,,2021-10-02 16:30:00
5443975.274404398,0.0,153.0,,0.6,113.0,0.000131,,,2021-10-02 16:35:00
5443976.274526573,0.0,154.0,,0.6,108.0,0.000148,,,2021-10-02 16:40:00
5443977.274648747,0.0,152.0,,0.6,94.0,0.000152,,,2021-10-02 16:45:00
5443978.274770922,0.0,153.0,,0.7,92.0,0.000162,,,2021-10-02 16:50:00
5443979.274893097,0.0,156.0,,0.7,98.0,0.000157,,,2021-10-02 16:55:00
5443980.275015271,0.0,158.0,,0.7,103.0,0.000152,,,2021-10-02 17:00:00
5443981.275137447,0.0,157.0,,0.7,106.0,0.000173,,,2021-10-02 17:05:00
5443982.275259621,0.0,152.0,,0.7,97.0,0.00015,,,2021-10-02 17:10:00
5443983.275381796,0.0,150.0,,0.7,93.0,0.000161,,,2021-10-02 17:15:00
5443984.275503971,0.0,159.0,,0.7,94.0,0.000174,,,2021-10-02 17:20:00
5443985.275626145,0.0,163.0,,0.7,92.0,0.000156,,,2021-10-02 17:25:00
5443986.27574832,0.0,165.0,,0.7,94.0,0.000163,,,2021-10-02 17:30:00
5443987.275870495,0.0,166.0,,0.7,94.0,0.000173,,,2021-10-02 17:35:00
5443988.275992669,0.0,165.0,,0.7,107.0,0.000192,,,2021-10-02 17:40:00
5443989.276114844,0.0,171.0,165.0,0.7,105.0,0.000215,,9.1,2021-10-02 17:45:00
5443990.276237018,0.0,174.0,,0.7,109.0,0.000176,,,2021-10-02 17:50:00
5443991.276359194,0.0,175.0,,0.7,98.0,0.000181,,,2021-10-02 17:55:00
5443992.276481369,0.0,170.0,,0.7,95.0,0.000159,,,2021-10-02 18:00:00
5443993.276603543,0.0,167.0,,0.7,93.0,0.000164,,,2021-10-02 18:05:00
5443994.276725718,0.0,167.0,,0.7,93.0,0.00018,,,2021-10-02 18:10:00
5443995.276847892,0.0,176.0,,0.7,92.0,0.00016,,,2021-10-02 18:15:00
5443996.276970067,0.0,176.0,,0.7,92.0,0.000152,,,2021-10-02 18:20:00
5443997.277092242,0.0,177.0,,0.7,100.0,0.000137,,,2021-10-02 18:25:00
5443998.277214416,0.0,181.0,,0.8,86.0,0.000126,,,2021-10-02 18:30:00
5443999.277336591,0.0,181.0,,0.8,94.0,0.000132,,,2021-10-02 18:35:00
5444000.277458766,0.0,186.0,,0.8,88.0,0.000136,,,2021-10-02 18:40:00
5444001.27758094,0.0,188.0,,0.8,84.0,0.00016,,,2021-10-02 18:45:00
5444002.277703116,0.0,187.0,,0.8,86.0,0.000165,,,2021-10-02 18:50:00
5444003.27782529,0.0,188.0,,0.8,88.0,0.000158,,,2021-10-02 18:55:00
5444004.277947465,0.0,189.0,,0.8,89.0,0.000167,,,2021-10-02 19:00:00
5444005.27806964,0.0,188.0,,0.8,89.0,0.000125,,,2021-10-02 19:05:00
5444006.278191814,0.0,185.0,,0.8,89.0,0.000148,,,2021-10-02 19:10:00
5444007.278313989,0.0,185.0,,0.8,93.0,0.00014,,,2021-10-02 19:15:00
5444008.278436163,0.0,185.0,,0.8,86.0,0.00015,,,2021-10-02 19:20:00
5444009.278558338,0.0,179.0,,0.8,86.0,0.000153,,,2021-10-02 19:25:00
5444010.278680513,0.0,174.0,,0.8,92.0,0.000156,,,2021-10-02 19:30:00
5444011.278802687,0.0,178.0,,0.8,102.0,0.000163,,,2021-10-02 19:35:00
5444012.278924863,0.0,183.0,,0.8,90.0,0.000153,,,2021-10-02 19:40:00
5444013.2790470375,0.0,175.0,,0.8,88.0,0.000149,,,2021-10-02 19:45:00
5444014.279169212,0.0,171.0,,0.8,86.0,0.000163,,,2021-10-02 19:50:00
5444015.279291387,0.0,169.0,,0.8,85.0,0.000171,,,2021-10-02 19:55:00
5444016.279413561,0.0,168.0,,0.8,85.0,0.000163,,,2021-10-02 20:00:00
5444017.279535736,0.0,171.0,,0.8,86.0,0.000142,,,2021-10-02 20:05:00
5444018.279657911,0.0,177.0,,0.8,86.0,0.000137,,,2021-10-02 20:10:00
5444019.279780085,0.0,181.0,,0.8,84.0,0.000148,,,2021-10-02 20:15:00
5444020.27990226,0.0,181.0,,0.8,83.0,0.00016,,,2021-10-02 20:20:00
5444021.280024434,0.0,180.0,202.0,0.8,90.0,0.000177,,13.9,2021-10-02 20:25:00
5444022.280146609,0.0,181.0,,0.8,99.0,0.000172,35.0,,2021-10-02 20:30:00
5444023.280268785,0.0,179.0,,0.8,95.0,0.000155,,,2021-10-02 20:35:00
5444024.280390959,0.0,168.0,,0.8,84.0,0.000164,,,2021-10-02 20:40:00
5444025.280513134,0.0,172.0,,0.8,92.0,0.000165,,,2021-10-02 20:45:00
5444026.2806353085,0.0,171.0,,0.8,82.0,0.000142,,,2021-10-02 20:50:00
5444027.280757483,0.0,165.0,,0.8,84.0,0.000149,,,2021-10-02 20:55:00
5444028.280879658,0.0,159.0,,0.8,89.0,0.000143,,,2021-10-02 21:00:00
5444029.281001832,0.0,154.0,,0.8,94.0,0.00017,,,2021-10-02 21:05:00
5444030.281124007,0.0,147.0,,0.8,94.0,0.000164,,,2021-10-02 21:10:00
5444031.281246182,0.0,138.0,,0.8,92.0,0.000154,,,2021-10-02 21:15:00
5444032.281368356,0.0,128.0,,0.8,88.0,0.000162,,,2021-10-02 21:20:00
5444033.281490532,0.0,119.0,,0.8,89.0,0.000174,,,2021-10-02 21:25:00
5444034.281612706,0.0,113.0,,0.8,89.0,0.000175,,,2021-10-02 21:30:00
5444035.281734881,0.0,108.0,,0.8,86.0,0.000172,,,2021-10-02 21:35:00
5444036.281857056,0.0,104.0,,0.8,87.0,0.000186,,,2021-10-02 21:40:00
5444037.28197923,0.0,101.0,,0.8,88.0,0.000187,,,2021-10-02 21:45:00
5444038.282101405,0.0,99.0,,0.8,87.0,0.000153,,,2021-10-02 21:50:00
5444039.2822235795,0.0,98.0,,0.8,87.0,0.000159,,,2021-10-02 21:55:00
5444040.282345754,0.0,95.0,,0.8,88.0,0.000158,,,2021-10-02 22:00:00
5444041.282467929,0.0,96.0,,0.8,102.0,0.000189,,,2021-10-02 22:05:00
5444042.282590103,0.0,93.0,,0.8,90.0,0.000166,,,2021-10-02 22:10:00
5444043.282712279,0.0,91.0,,0.8,84.0,0.000177,,,2021-10-02 22:15:00
5444044.2828344535,0.0,88.0,,0.8,83.0,0.000169,,,2021-10-02 22:20:00
5444045.282956628,0.0,86.0,,0.8,84.0,0.000172,,,2021-10-02 22:25:00
5444046.283078803,0.0,84.0,,0.8,86.0,0.000184,,,2021-10-02 22:30:00
5444047.283200977,0.0,83.0,,0.8,82.0,0.000175,,,2021-10-02 22:35:00
5444048.283323152,0.0,82.0,,0.8,83.0,0.000163,,,2021-10-02 22:40:00
5444049.283445327,0.0,80.0,,0.8,83.0,0.000157,,,2021-10-02 22:45:00
5444050.283567501,0.0,78.0,,0.8,80.0,0.000166,,,2021-10-02 22:50:00
5444051.283689676,0.0,79.0,,0.8,82.0,0.000155,,,2021-10-02 22:55:00
5444052.2838118505,0.0,78.0,,0.8,82.0,0.000143,,,2021-10-02 23:00:00
5444053.283934025,0.0,78.0,,0.8,84.0,0.000173,,,2021-10-02 23:05:00
5444054.284056201,0.0,78.0,,0.8,83.0,0.000125,,,2021-10-02 23:10:00
5444055.284178375,0.0,79.0,,0.8,82.0,7.1e-05,,,2021-10-02 23:15:00
5444056.28430055,0.0,80.0,,0.8,90.0,8.4e-05,,,2021-10-02 23:20:00
5444057.2844227245,0.0,80.0,60.0,0.8,95.0,0.000108,,,2021-10-02 23:25:00
5444058.284544899,0.0,81.0,,0.8,91.0,8.4e-05,,,2021-10-02 23:30:00
5444059.284667074,0.0,80.0,,0.8,82.0,8.9e-05,,,2021-10-02 23:35:00
5444060.284789248,0.0,80.0,,0.8,79.0,7.9e-05,,,2021-10-02 23:40:00
5444061.284911423,0.0,82.0,,0.8,79.0,7.7e-05,,,2021-10-02 23:45:00
5444062.285033598,0.0,85.0,,0.8,78.0,7.4e-05,,,2021-10-02 23:50:00
5444063.285155772,0.0,88.0,,0.8,78.0,7.2e-05,,,2021-10-02 23:55:00
5444064.285277948,0.0,89.0,,1.5,80.0,7.1e-05,,,2021-10-03 00:00:00
5444065.285400122,0.0,90.0,,1.5,78.0,6.9e-05,,,2021-10-03 00:05:00
5444066.285522297,0.0,90.0,,1.5,79.0,6.8e-05,,,2021-10-03 00:10:00
5444067.285644472,0.0,92.0,,1.5,78.0,6.8e-05,,,2021-10-03 00:15:00
5444068.285766646,0.0,94.0,,1.5,81.0,6.9e-05,,,2021-10-03 00:20:00
5444069.285888821,0.0,96.0,,1.5,80.0,7.2e-05,,,2021-10-03 00:25:00
5444070.2860109955,0.0,92.0,,1.5,82.0,7.2e-05,,,2021-10-03 00:30:00
5444071.28613317,0.0,91.0,,1.5,82.0,7.5e-05,,,2021-10-03 00:35:00
5444072.286255345,0.0,93.0,,1.5,81.0,8.1e-05,,,2021-10-03 00:40:00
5444073.286377519,0.0,95.0,,1.5,83.0,8.5e-05,,,2021-10-03 00:45:00
5444074.286499694,0.0,96.0,,1.5,82.0,8.7e-05,,,2021-10-03 00:50:00
5444075.28662187,0.0,97.0,,1.5,81.0,8e-05,,,2021-10-03 00:55:00
5444076.286744044,0.0,99.0,,1.5,78.0,8.2e-05,,,2021-10-03 01:00:00
5444077.286866219,0.0,102.0,,1.5,79.0,8.4e-05,,,2021-10-03 01:05:00
5444078.286988393,0.0,104.0,,1.5,79.0,9e-05,,,2021-10-03 01:10:00
5444079.287110568,0.0,104.0,,1.5,94.0,0.000122,,,2021-10-03 01:15:00
5444080.287232743,0.0,101.0,,1.5,121.0,0.000146,,,2021-10-03 01:20:00
5444081.287354917,0.0,100.0,,1.5,132.0,0.000125,,,2021-10-03 01:25:00
5444082.287477092,0.0,98.0,,1.5,127.0,0.000148,,,2021-10-03 01:30:00
5444083.2875992665,0.0,95.0,,1.5,79.0,0.000151,,,2021-10-03 01:35:00
5444084.287721441,0.0,93.0,,1.5,74.0,0.000158,,,2021-10-03 01:40:00
5444085.287843617,0.0,92.0,,1.5,74.0,0.000172,,,2021-10-03 01:45:00
5444086.287965791,0.0,91.0,,1.5,77.0,0.000126,,,2021-10-03 01:50:00
5444087.288087966,0.0,93.0,,1.5,76.0,9.3e-05,,,2021-10-03 01:55:00
5444088.288210141,0.0,105.0,,1.5,78.0,8.9e-05,,,2021-10-03 02:00:00
5444089.288332315,0.0,114.0,,1.5,79.0,8.6e-05,,,2021-10-03 02:05:00
5444090.28845449,0.0,116.0,,1.5,79.0,8.6e-05,,,2021-10-03 02:10:00
5444091.288576664,0.0,115.0,,1.5,79.0,0.000101,,,2021-10-03 02:15:00
5444092.288698839,0.0,114.0,,1.5,104.0,0.000129,,,2021-10-03 02:20:00
5444093.288821014,0.0,108.0,,1.5,87.0,0.000143,,,2021-10-03 02:25:00
5444094.288943188,0.0,104.0,,1.5,87.0,0.000153,,,2021-10-03 02:30:00
5444095.289065363,0.0,102.0,,1.5,76.0,0.000163,,,2021-10-03 02:35:00
5444096.289187538,0.0,102.0,,1.5,83.0,0.000177,,,2021-10-03 02:40:00
5444097.289309713,0.0,102.0,,1.5,76.0,0.000202,,,2021-10-03 02:45:00
5444098.289431888,0.0,104.0,,1.5,89.0,0.000186,,,2021-10-03 02:50:00
5444099.289554062,0.0,105.0,,1.5,77.0,0.000225,,,2021-10-03 02:55:00
5444100.289676237,0.0,105.0,,1.55,93.0,0.000198,,,2021-10-03 03:00:00
5444101.289798412,0.0,106.0,,1.55,79.0,0.00012,,,2021-10-03 03:05:00
5444102.289920586,0.0,110.0,,1.55,130.0,0.00017,,,2021-10-03 03:10:00
5444103.290042761,0.0,111.0,,1.55,133.0,0.000159,,,2021-10-03 03:15:00
5444104.290164935,0.0,110.0,,1.55,137.0,0.000164,,,2021-10-03 03:20:00
5444105.29028711,0.0,112.0,,1.55,99.0,0.000205,,,2021-10-03 03:25:00
5444106.290409286,0.0,115.0,,1.55,86.0,0.000128,,,2021-10-03 03:30:00
5444107.29053146,0.0,119.0,,1.55,90.0,0.000125,,,2021-10-03 03:35:00
5444108.290653635,0.0,132.0,,1.55,81.0,0.000122,,,2021-10-03 03:40:00
5444109.290775809,0.0,140.0,,1.55,77.0,0.000111,,,2021-10-03 03:45:00
5444110.290897984,0.0,142.0,,1.55,79.0,0.000105,,,2021-10-03 03:50:00
5444111.291020159,0.0,143.0,,1.55,80.0,0.000106,,,2021-10-03 03:55:00
5444112.291142333,0.0,143.0,,1.55,94.0,0.000112,,,2021-10-03 04:00:00
5444113.291264508,0.0,144.0,,1.55,110.0,9.2e-05,,,2021-10-03 04:05:00
5444114.291386683,0.0,145.0,,1.55,77.0,0.000102,,,2021-10-03 04:10:00
5444115.291508857,0.0,146.0,,1.55,88.0,9.7e-05,,,2021-10-03 04:15:00
5444116.291631032,0.0,144.0,,1.55,125.0,0.000101,,,2021-10-03 04:20:00
5444117.291753207,0.0,141.0,,1.55,74.0,0.000103,,,2021-10-03 04:25:00
5444118.291875382,0.0,142.0,,1.55,73.0,0.00011,,,2021-10-03 04:30:00
5444119.291997557,0.0,145.0,,1.55,73.0,9.6e-05,,,2021-10-03 04:35:00
5444120.292119731,0.0,147.0,,1.55,71.0,8.7e-05,,,2021-10-03 04:40:00
5444121.292241906,0.0,149.0,,1.55,69.0,8.2e-05,,,2021-10-03 04:45:00
5444122.29236408,0.0,153.0,,1.55,72.0,8.4e-05,,,2021-10-03 04:50:00
5444123.292486255,0.0,162.0,,1.55,79.0,8.8e-05,,,2021-10-03 04:55:00
5444124.29260843,0.0,167.0,,1.55,71.0,0.000112,,,2021-10-03 05:00:00
5444125.292730604,0.0,159.0,,1.55,72.0,0.000116,,,2021-10-03 05:05:00
5444126.292852779,0.0,154.0,,1.55,80.0,0.000129,,,2021-10-03 05:10:00
5444127.2929749545,0.0,152.0,,1.55,88.0,0.000131,,,2021-10-03 05:15:00
5444128.293097129,0.0,150.0,,1.55,80.0,0.000136,,,2021-10-03 05:20:00
5444129.293219304,0.0,149.0,,1.55,74.0,0.000144,,,2021-10-03 05:25:00
5444130.293341478,0.0,157.0,,1.55,88.0,0.000106,,,2021-10-03 05:30:00
5444131.293463653,0.0,167.0,,1.55,78.0,0.000115,,,2021-10-03 05:35:00
5444132.293585828,0.0,174.0,,1.55,76.0,0.000114,,,2021-10-03 05:40:00
5444133.293708002,0.0,173.0,,1.55,73.0,9.8e-05,,,2021-10-03 05:45:00
5444134.293830177,0.0,172.0,,1.55,73.0,9.6e-05,,,2021-10-03 05:50:00
5444135.293952351,0.0,171.0,,1.55,75.0,9.1e-05,,,2021-10-03 05:55:00
5444136.294074526,0.0,169.0,,1.55,70.0,9.5e-05,,,2021-10-03 06:00:00
5444137.294196702,0.0,168.0,,1.55,71.0,8.6e-05,,,2021-10-03 06:05:00
5444138.294318876,0.0,168.0,,1.55,73.0,9.3e-05,,,2021-10-03 06:10:00
5444139.294441051,0.0,168.0,,1.55,117.0,0.000107,,,2021-10-03 06:15:00
5444140.2945632255,0.0,164.0,,1.55,122.0,0.000113,,,2021-10-03 06:20:00
5444141.2946854,0.0,159.0,,1.55,128.0,0.00015,,,2021-10-03 06:25:00
5444142.294807575,0.0,159.0,,1.55,73.0,0.000146,,,2021-10-03 06:30:00
5444143.294929749,0.0,158.0,,1.55,90.0,0.000135,,,2021-10-03 06:35:00
5444144.295051924,0.0,157.0,,1.55,73.0,9.7e-05,,,2021-10-03 06:40:00
5444145.295174099,0.0,163.0,,1.55,73.0,9.3e-05,,,2021-10-03 06:45:00
5444146.295296273,0.0,169.0,,1.55,80.0,9.2e-05,,,2021-10-03 06:50:00
5444147.295418448,0.0,171.0,,1.55,111.0,0.000113,,,2021-10-03 06:55:00
5444148.295540623,0.0,169.0,,1.55,121.0,0.000116,,,2021-10-03 07:00:00
5444149.295662798,0.0,165.0,,1.55,86.0,0.000105,,,2021-10-03 07:05:00
5444150.295784973,1.0,,,1.55,83.0,0.000104,,,2021-10-03 07:10:00
5444151.295907147,1.0,,,1.55,74.0,0.000113,,,2021-10-03 07:15:00
5444152.296029322,1.0,,,1.55,74.0,0.000124,,,2021-10-03 07:20:00
5444153.2961514965,1.0,,,1.55,74.0,0.000119,,,2021-10-03 07:25:00
5444154.296273671,1.0,,,1.2,75.0,0.000119,,,2021-10-03 07:30:00
5444155.296395846,1.0,,,1.2,75.0,0.000133,,,2021-10-03 07:35:00
5444156.29651802,1.0,,,1.2,78.0,0.000143,,,2021-10-03 07:40:00
5444157.296640195,1.0,,,1.2,78.0,0.000154,,,2021-10-03 07:45:00
5444158.2967623705,1.0,,,1.2,77.0,0.00016,,,2021-10-03 07:50:00
5444159.296884545,1.0,,,1.2,78.0,0.00017,,,2021-10-03 07:55:00
5444160.29700672,1.0,,,1.2,78.0,0.00018,,,2021-10-03 08:00:00
5444161.297128894,1.0,,,1.2,78.0,0.00019,,,2021-10-03 08:05:00
5444162.297251069,1.0,,,1.2,76.0,0.000186,,,2021-10-03 08:10:00
5444163.297373244,1.0,,,1.2,74.0,0.00018,,,2021-10-03 08:15:00
5444164.297495418,1.0,,,1.2,71.0,0.00016,,,2021-10-03 08:20:00
5444165.297617593,1.0,,,1.2,71.0,0.000142,,,2021-10-03 08:25:00
5444166.2977397675,1.0,,,1.2,67.0,0.000129,,,2021-10-03 08:30:00
5444167.297861942,1.0,,,1.2,68.0,0.000106,,,2021-10-03 08:35:00
5444168.297984117,1.0,,,1.2,68.0,0.000101,,,2021-10-03 08:40:00
5444169.298106292,1.0,,,1.2,65.0,9.8e-05,,,2021-10-03 08:45:00
5444170.298228467,1.0,,,1.2,67.0,9.6e-05,,,2021-10-03 08:50:00
5444171.2983506415,1.0,,,1.2,70.0,8.4e-05,,,2021-10-03 08:55:00
5444172.298472816,1.0,,,1.2,69.0,7.9e-05,,,2021-10-03 09:00:00
5444173.298594991,1.0,,,1.2,71.0,7.6e-05,,,2021-10-03 09:05:00
5444174.298717165,1.0,,,1.2,79.0,7.8e-05,,,2021-10-03 09:10:00
5444175.29883934,1.0,,193.0,1.2,86.0,9.6e-05,,5.7,2021-10-03 09:15:00
5444176.298961515,1.0,,,1.2,88.0,0.000113,,,2021-10-03 09:20:00
5444177.299083689,1.0,,,1.2,81.0,0.000113,,,2021-10-03 09:25:00
5444178.299205864,1.0,,,1.2,82.0,0.000116,,,2021-10-03 09:30:00
5444179.299328039,1.0,,,1.2,79.0,0.000125,,,2021-10-03 09:35:00
5444180.299450214,1.0,,,1.2,82.0,0.000129,,,2021-10-03 09:40:00
5444181.299572389,1.0,,,1.2,78.0,0.000129,,,2021-10-03 09:45:00
5444182.299694563,1.0,,,1.2,90.0,0.009867,,,2021-10-03 09:50:00
5444183.299816738,1.0,,162.0,1.2,86.0,0.1462,,,2021-10-03 09:55:00
5444184.2999389125,1.0,,,1.0,81.0,0.0886,,,2021-10-03 10:00:00
5444185.300061087,1.0,,,1.0,82.0,0.05436,,,2021-10-03 10:05:00
5444186.300183262,0.0,163.0,,1.0,81.0,0.03812,,,2021-10-03 10:10:00
5444187.300305436,0.0,161.0,,1.0,80.0,0.02878,,,2021-10-03 10:15:00
5444188.300427611,0.0,156.0,,1.0,101.0,0.01082,,,2021-10-03 10:20:00
5444189.300549786,0.0,153.0,,1.0,92.0,0.00763,,,2021-10-03 10:25:00
5444190.300671961,0.0,152.0,,1.0,95.0,0.007606,15.0,,2021-10-03 10:30:00
5444191.300794136,0.0,151.0,,1.0,85.0,0.006736,,,2021-10-03 10:35:00
5444192.30091631,0.0,150.0,,1.0,97.0,0.006062,,,2021-10-03 10:40:00
5444193.301038485,0.0,145.0,,1.0,97.0,0.006742,,,2021-10-03 10:45:00
5444194.30116066,0.0,142.0,141.0,1.0,100.0,0.007406,,7.7,2021-10-03 10:50:00
5444195.301282834,0.0,143.0,,1.0,94.0,0.004972,,,2021-10-03 10:55:00
5444196.301405009,0.0,145.0,,1.0,86.0,0.004518,,,2021-10-03 11:00:00
5444197.3015271835,0.0,147.0,,1.0,87.0,0.003492,,,2021-10-03 11:05:00
5444198.301649358,0.0,149.0,,1.0,88.0,0.00333,,,2021-10-03 11:10:00
5444199.301771533,0.0,151.0,,1.0,91.0,0.003286,,,2021-10-03 11:15:00
5444200.301893708,0.0,152.0,,1.0,102.0,0.003732,,,2021-10-03 11:20:00
5444201.302015883,0.0,155.0,,1.0,106.0,,,,2021-10-03 11:25:00
5444202.302138058,0.0,156.0,,0.7,,,,,2021-10-03 11:30:00
5444203.302260232,0.0,156.0,,0.7,,,,,2021-10-03 11:35:00
5444204.302382407,0.0,155.0,,0.7,,,,,2021-10-03 11:40:00
5444205.302504581,0.0,151.0,,0.7,,,,,2021-10-03 11:45:00
5444206.302626756,0.0,141.0,,0.7,,,,,2021-10-03 11:50:00
5444207.302748931,0.0,130.0,,0.7,,,,,2021-10-03 11:55:00
5444208.302871105,0.0,122.0,,0.7,,,,,2021-10-03 12:00:00
5444209.30299328,0.0,118.0,,0.7,,,,,2021-10-03 12:05:00
5444210.303115455,0.0,117.0,,0.7,100.0,5.3e-05,,,2021-10-03 12:10:00
5444211.30323763,0.0,122.0,,0.7,108.0,0.000121,,,2021-10-03 12:15:00
5444212.303359805,0.0,123.0,,0.7,97.0,0.006416,,,2021-10-03 12:20:00
5444213.303481979,0.0,122.0,,0.7,92.0,0.000755,,,2021-10-03 12:25:00
5444214.303604154,0.0,114.0,,0.7,90.0,0.00039,,,2021-10-03 12:30:00
5444215.303726329,0.0,108.0,,0.7,90.0,0.000241,,,2021-10-03 12:35:00
5444216.303848503,0.0,105.0,,0.7,90.0,0.00019,,,2021-10-03 12:40:00
5444217.303970678,0.0,102.0,,0.7,98.0,0.000178,,,2021-10-03 12:45:00
5444218.304092852,0.0,103.0,,0.7,90.0,0.000159,,,2021-10-03 12:50:00
5444219.304215027,0.0,104.0,,0.7,94.0,0.000166,,,2021-10-03 12:55:00
5444220.304337202,0.0,107.0,,0.7,99.0,0.000174,,,2021-10-03 13:00:00
5444221.304459377,0.0,109.0,,0.7,98.0,0.000168,,,2021-10-03 13:05:00
5444222.304581552,0.0,105.0,,0.7,93.0,0.000335,,,2021-10-03 13:10:00
5444223.304703726,0.0,105.0,,0.7,93.0,0.000246,,,2021-10-03 13:15:00
5444224.304825901,0.0,105.0,,0.7,101.0,0.000179,,,2021-10-03 13:20:00
5444225.304948076,0.0,106.0,,0.7,106.0,0.004201,,,2021-10-03 13:25:00
5444226.30507025,0.0,112.0,,0.7,111.0,0.47698,,,2021-10-03 13:30:00
5444227.305192425,0.0,115.0,,0.7,102.0,2.056,,,2021-10-03 13:35:00
5444228.3053146,0.0,115.0,,0.7,114.0,6.022,,,2021-10-03 13:40:00
5444229.305436774,0.0,109.0,,0.7,93.0,3.16,,,2021-10-03 13:45:00
5444230.305558949,0.0,105.0,,0.7,96.0,2.024,,,2021-10-03 13:50:00
5444231.305681124,0.0,103.0,,0.7,99.0,0.7912,,,2021-10-03 13:55:00
5444232.305803299,0.0,98.0,,0.7,106.0,0.083744,,,2021-10-03 14:00:00
5444233.305925474,0.0,100.0,,0.7,97.0,0.0293,,,2021-10-03 14:05:00
5444234.306047648,0.0,98.0,,0.7,100.0,0.01408,,,2021-10-03 14:10:00
5444235.306169823,0.0,96.0,,0.7,104.0,0.009192,,,2021-10-03 14:15:00
5444236.306291997,0.0,99.0,,0.7,109.0,0.006772,,,2021-10-03 14:20:00
5444237.306414172,0.0,100.0,,0.7,108.0,0.016288,,,2021-10-03 14:25:00
5444238.306536347,0.0,101.0,,0.7,102.0,0.03836,,,2021-10-03 14:30:00
5444239.306658521,0.0,101.0,,0.7,98.0,0.04298,,,2021-10-03 14:35:00
5444240.306780696,0.0,100.0,,0.7,98.0,0.06092,,,2021-10-03 14:40:00
5444241.306902871,0.0,100.0,,0.7,93.0,0.02152,,,2021-10-03 14:45:00
5444242.307025046,0.0,100.0,,0.7,108.0,0.04412,,,2021-10-03 14:50:00
5444243.307147221,0.0,101.0,,0.7,108.0,0.15808,,,2021-10-03 14:55:00
5444244.307269395,0.0,100.0,,0.7,107.0,0.05764,,,2021-10-03 15:00:00
5444245.30739157,0.0,100.0,,0.7,104.0,0.017814,,,2021-10-03 15:05:00
5444246.307513745,0.0,102.0,,0.7,103.0,0.00194,,,2021-10-03 15:10:00
5444247.307635919,0.0,104.0,,0.7,107.0,0.003336,,,2021-10-03 15:15:00
5444248.307758094,0.0,106.0,,0.7,107.0,0.000282,,,2021-10-03 15:20:00
5444249.307880268,0.0,110.0,,0.7,97.0,0.000458,,,2021-10-03 15:25:00
5444250.308002443,0.0,111.0,,0.7,96.0,0.000237,,,2021-10-03 15:30:00
5444251.308124618,0.0,113.0,,0.7,100.0,0.000175,,,2021-10-03 15:35:00
5444252.308246793,0.0,115.0,,0.7,94.0,0.000112,,,2021-10-03 15:40:00
5444253.308368968,0.0,115.0,,0.7,110.0,0.000137,,,2021-10-03 15:45:00
5444254.3084911425,0.0,116.0,,0.7,104.0,9.3e-05,,,2021-10-03 15:50:00
5444255.308613317,0.0,117.0,,0.7,103.0,0.000132,,,2021-10-03 15:55:00
5444256.308735492,0.0,120.0,,0.7,111.0,0.000975,,,2021-10-03 16:00:00
5444257.308857666,0.0,125.0,,0.7,110.0,0.011138,,,2021-10-03 16:05:00
5444258.308979841,0.0,126.0,,0.7,101.0,0.007489,,,2021-10-03 16:10:00
5444259.309102016,0.0,125.0,,0.7,106.0,0.001024,,,2021-10-03 16:15:00
5444260.30922419,0.0,126.0,,0.7,100.0,0.00046,,,2021-10-03 16:20:00
5444261.309346365,0.0,127.0,,0.7,106.0,0.000467,,,2021-10-03 16:25:00
5444262.309468539,0.0,131.0,,0.7,108.0,0.000534,,,2021-10-03 16:30:00
5444263.309590715,0.0,134.0,,0.7,105.0,0.000417,,,2021-10-03 16:35:00
5444264.30971289,0.0,135.0,,0.7,105.0,0.000141,,,2021-10-03 16:40:00
5444265.309835064,0.0,134.0,,0.7,108.0,8.1e-05,,,2021-10-03 16:45:00
5444266.309957239,0.0,134.0,,0.7,102.0,0.000166,,,2021-10-03 16:50:00
5444267.3100794135,0.0,133.0,,0.7,103.0,8e-05,,,2021-10-03 16:55:00
5444268.310201588,0.0,131.0,,0.7,107.0,0.000115,,,2021-10-03 17:00:00
5444269.310323763,0.0,131.0,,0.7,110.0,9.9e-05,,,2021-10-03 17:05:00
5444270.310445937,0.0,132.0,,0.7,105.0,6e-05,,,2021-10-03 17:10:00
5444271.310568112,0.0,137.0,,0.7,102.0,5.7e-05,,,2021-10-03 17:15:00
5444272.310690287,0.0,139.0,,0.7,103.0,6.5e-05,,,2021-10-03 17:20:00
5444273.310812462,0.0,139.0,,0.7,102.0,7.7e-05,,,2021-10-03 17:25:00
5444274.310934637,0.0,138.0,,0.7,98.0,7e-05,,,2021-10-03 17:30:00
5444275.311056811,0.0,142.0,,0.7,111.0,5.7e-05,,,2021-10-03 17:35:00
5444276.311178986,0.0,145.0,,0.7,103.0,5.3e-05,,,2021-10-03 17:40:00
5444277.311301161,0.0,140.0,,0.7,98.0,4.8e-05,,,2021-10-03 17:45:00
5444278.311423335,0.0,139.0,,0.7,106.0,4.9e-05,,,2021-10-03 17:50:00
5444279.31154551,0.0,144.0,,0.7,104.0,4.7e-05,,,2021-10-03 17:55:00
5444280.311667684,0.0,147.0,,0.7,108.0,4.8e-05,,,2021-10-03 18:00:00
5444281.311789859,0.0,149.0,,0.7,98.0,4.9e-05,,,2021-10-03 18:05:00
5444282.311912034,0.0,152.0,,0.7,106.0,6.2e-05,,,2021-10-03 18:10:00
5444283.312034209,0.0,152.0,,0.7,108.0,5.1e-05,,,2021-10-03 18:15:00
5444284.312156384,0.0,152.0,,0.7,105.0,6e-05,,,2021-10-03 18:20:00
5444285.3122785585,0.0,152.0,,0.7,96.0,6.7e-05,15.0,,2021-10-03 18:25:00
5444286.312400733,0.0,155.0,,0.8,103.0,6.1e-05,,,2021-10-03 18:30:00
5444287.312522908,0.0,155.0,,0.8,105.0,5.9e-05,,,2021-10-03 18:35:00
5444288.312645082,0.0,152.0,,0.8,104.0,6.2e-05,,,2021-10-03 18:40:00
5444289.312767257,0.0,147.0,,0.8,101.0,6.6e-05,,,2021-10-03 18:45:00
5444290.312889432,0.0,149.0,230.0,0.8,105.0,6.2e-05,,13.2,2021-10-03 18:50:00
5444291.313011606,0.0,163.0,,0.8,103.0,5.7e-05,,,2021-10-03 18:55:00
5444292.313133781,0.0,168.0,,0.8,101.0,5.7e-05,,,2021-10-03 19:00:00
5444293.313255955,0.0,201.0,,0.8,106.0,6.6e-05,,,2021-10-03 19:05:00
5444294.313378131,0.0,203.0,,0.8,103.0,7.4e-05,,,2021-10-03 19:10:00
5444295.313500306,0.0,196.0,,0.8,100.0,8.3e-05,,,2021-10-03 19:15:00
5444296.31362248,0.0,190.0,,0.8,104.0,6.7e-05,,,2021-10-03 19:20:00
5444297.313744655,0.0,188.0,,0.8,108.0,6.5e-05,,,2021-10-03 19:25:00
5444298.3138668295,0.0,189.0,,0.8,94.0,6.7e-05,,,2021-10-03 19:30:00
5444299.313989004,0.0,185.0,,0.8,107.0,6.4e-05,,,2021-10-03 19:35:00
5444300.314111179,0.0,176.0,,0.8,110.0,6.5e-05,,,2021-10-03 19:40:00
5444301.314233353,0.0,167.0,,0.8,106.0,6.3e-05,,,2021-10-03 19:45:00
5444302.314355528,0.0,159.0,,0.8,111.0,5.6e-05,,,2021-10-03 19:50:00
5444303.314477703,0.0,145.0,,0.8,109.0,5.7e-05,,,2021-10-03 19:55:00
5444304.314599878,0.0,134.0,,0.8,110.0,5.8e-05,,,2021-10-03 20:00:00
5444305.314722053,0.0,130.0,,0.8,108.0,6e-05,,,2021-10-03 20:05:00
5444306.314844227,0.0,135.0,,0.8,114.0,5.6e-05,,,2021-10-03 20:10:00
5444307.314966402,0.0,137.0,,0.8,113.0,5.7e-05,,,2021-10-03 20:15:00
5444308.315088577,0.0,134.0,,0.8,119.0,5.9e-05,,,2021-10-03 20:20:00
5444309.315210751,0.0,128.0,,0.8,117.0,6.1e-05,,,2021-10-03 20:25:00
5444310.315332926,0.0,118.0,,0.8,112.0,6.3e-05,,,2021-10-03 20:30:00
5444311.3154551005,0.0,111.0,111.0,0.8,112.0,6.3e-05,,7.1,2021-10-03 20:35:00
5444312.315577275,0.0,111.0,,0.8,120.0,6.1e-05,,,2021-10-03 20:40:00
5444313.31569945,0.0,112.0,,0.8,112.0,6.6e-05,,,2021-10-03 20:45:00
5444314.315821624,0.0,111.0,,0.8,110.0,7.1e-05,,,2021-10-03 20:50:00
5444315.3159438,0.0,111.0,,0.8,108.0,7.5e-05,,,2021-10-03 20:55:00
5444316.3160659745,0.0,112.0,104.0,0.8,104.0,7.6e-05,,,2021-10-03 21:00:00
5444317.316188149,0.0,110.0,,0.8,100.0,7.8e-05,,,2021-10-03 21:05:00
5444318.316310324,0.0,107.0,,0.8,97.0,7.9e-05,,,2021-10-03 21:10:00
5444319.316432498,0.0,111.0,,0.8,97.0,8.2e-05,,,2021-10-03 21:15:00
5444320.316554673,0.0,112.0,,0.8,95.0,8.1e-05,,,2021-10-03 21:20:00
5444321.316676848,0.0,108.0,,0.8,97.0,8.3e-05,,,2021-10-03 21:25:00
5444322.316799022,0.0,111.0,,0.8,97.0,8.7e-05,,,2021-10-03 21:30:00
5444323.316921197,0.0,113.0,,0.8,99.0,8.4e-05,,,2021-10-03 21:35:00
5444324.3170433715,0.0,113.0,,0.8,94.0,7.9e-05,,,2021-10-03 21:40:00
5444325.317165547,0.0,112.0,,0.8,87.0,7.1e-05,,,2021-10-03 21:45:00
5444326.317287722,0.0,109.0,,0.8,99.0,7.3e-05,,,2021-10-03 21:50:00
5444327.317409896,0.0,108.0,99.0,0.8,99.0,7.3e-05,,,2021-10-03 21:55:00
5444328.317532071,0.0,110.0,,0.8,97.0,6.6e-05,,,2021-10-03 22:00:00
5444329.3176542455,0.0,114.0,,0.8,93.0,6.5e-05,,,2021-10-03 22:05:00
5444330.31777642,0.0,113.0,,0.8,87.0,6.1e-05,,,2021-10-03 22:10:00
5444331.317898595,0.0,117.0,,0.8,90.0,5.9e-05,,,2021-10-03 22:15:00
5444332.318020769,0.0,123.0,,0.8,93.0,5.7e-05,,,2021-10-03 22:20:00
5444333.318142944,0.0,131.0,,0.8,95.0,5.8e-05,,,2021-10-03 22:25:00
5444334.318265119,0.0,138.0,,0.8,96.0,6e-05,,,2021-10-03 22:30:00
5444335.318387293,0.0,146.0,,0.8,96.0,6.3e-05,,,2021-10-03 22:35:00
5444336.318509469,0.0,154.0,,0.8,95.0,6.5e-05,,,2021-10-03 22:40:00
5444337.318631643,0.0,162.0,,0.8,93.0,6.2e-05,,,2021-10-03 22:45:00
5444338.318753818,0.0,168.0,,0.8,93.0,6.1e-05,,,2021-10-03 22:50:00
5444339.318875993,0.0,173.0,,0.8,94.0,6.3e-05,,,2021-10-03 22:55:00
5444340.318998167,0.0,177.0,,0.8,93.0,6.4e-05,,,2021-10-03 23:00:00
5444341.319120342,0.0,183.0,,0.8,92.0,6.3e-05,,,2021-10-03 23:05:00
5444342.3192425165,0.0,187.0,,0.8,88.0,5.6e-05,,,2021-10-03 23:10:00
5444343.319364691,0.0,192.0,,0.8,131.0,5.5e-05,,,2021-10-03 23:15:00
5444344.319486866,0.0,193.0,,0.8,146.0,5.4e-05,,,2021-10-03 23:20:00
5444345.31960904,0.0,193.0,,0.8,100.0,5.3e-05,,,2021-10-03 23:25:00
5444346.319731216,0.0,193.0,,0.8,87.0,5.2e-05,,,2021-10-03 23:30:00
5444347.319853391,0.0,194.0,,0.8,82.0,5.3e-05,,,2021-10-03 23:35:00
5444348.319975565,0.0,195.0,,0.8,81.0,5.4e-05,,,2021-10-03 23:40:00
5444349.32009774,0.0,196.0,,0.8,91.0,5.5e-05,,,2021-10-03 23:45:00
5444350.320219914,0.0,198.0,,0.8,86.0,5.5e-05,,,2021-10-03 23:50:00
5444351.320342089,0.0,205.0,,0.8,88.0,5.7e-05,,,2021-10-03 23:55:00
5444352.320464264,0.0,215.0,,1.5,88.0,5.9e-05,,,2021-10-04 00:00:00
5444353.320586438,0.0,218.0,,1.5,89.0,6.1e-05,,,2021-10-04 00:05:00
5444354.320708613,0.0,220.0,,1.5,90.0,5.9e-05,,,2021-10-04 00:10:00
5444355.3208307875,0.0,226.0,,1.5,89.0,5.5e-05,,,2021-10-04 00:15:00
5444356.320952962,0.0,234.0,234.0,1.5,86.0,5.6e-05,,12.5,2021-10-04 00:20:00
5444357.321075138,0.0,240.0,,1.5,94.0,5.7e-05,,,2021-10-04 00:25:00
5444358.321197312,0.0,253.0,,1.5,86.0,5.7e-05,,,2021-10-04 00:30:00
5444359.321319487,0.0,259.0,,1.5,83.0,5.8e-05,,,2021-10-04 00:35:00
5444360.321441662,0.0,255.0,,1.5,88.0,6.3e-05,,,2021-10-04 00:40:00
5444361.321563836,0.0,250.0,,1.5,106.0,6.9e-05,,,2021-10-04 00:45:00
5444362.321686011,0.0,243.0,,1.5,153.0,7.3e-05,,,2021-10-04 00:50:00
5444363.321808185,0.0,237.0,,1.5,135.0,7.7e-05,,,2021-10-04 00:55:00
5444364.32193036,0.0,232.0,,1.5,107.0,7.7e-05,,,2021-10-04 01:00:00
5444365.322052535,0.0,229.0,,1.5,83.0,7.6e-05,,,2021-10-04 01:05:00
5444366.322174709,0.0,228.0,,1.5,84.0,7.2e-05,,,2021-10-04 01:10:00
5444367.322296885,0.0,225.0,,1.5,87.0,7.3e-05,,,2021-10-04 01:15:00
5444368.322419059,0.0,223.0,,1.5,84.0,7.3e-05,,,2021-10-04 01:20:00
5444369.322541234,0.0,221.0,,1.5,85.0,6.6e-05,,,2021-10-04 01:25:00
5444370.322663409,0.0,224.0,,1.5,87.0,6.5e-05,,,2021-10-04 01:30:00
5444371.322785583,0.0,228.0,,1.5,127.0,6.2e-05,,,2021-10-04 01:35:00
5444372.322907758,0.0,226.0,,1.5,116.0,6.2e-05,,,2021-10-04 01:40:00
5444373.323029933,0.0,223.0,,1.5,90.0,5.9e-05,,,2021-10-04 01:45:00
5444374.323152107,0.0,218.0,,1.5,93.0,5.8e-05,,,2021-10-04 01:50:00
5444375.323274282,0.0,211.0,,1.5,81.0,5.9e-05,,,2021-10-04 01:55:00
5444376.323396456,0.0,208.0,,1.5,81.0,6.1e-05,,,2021-10-04 02:00:00
5444377.323518632,0.0,204.0,,1.5,82.0,6.2e-05,,,2021-10-04 02:05:00
5444378.323640807,0.0,200.0,,1.5,82.0,6.2e-05,,,2021-10-04 02:10:00
5444379.323762981,0.0,197.0,,1.5,118.0,5.5e-05,,,2021-10-04 02:15:00
5444380.323885156,0.0,195.0,,1.5,143.0,5.4e-05,,,2021-10-04 02:20:00
5444381.32400733,0.0,190.0,,1.5,149.0,5.3e-05,,,2021-10-04 02:25:00
5444382.324129505,0.0,185.0,,1.5,81.0,5.9e-05,,,2021-10-04 02:30:00
5444383.32425168,0.0,181.0,,1.5,78.0,5.3e-05,,,2021-10-04 02:35:00
5444384.324373854,0.0,178.0,,1.5,86.0,5.6e-05,,,2021-10-04 02:40:00
5444385.324496029,0.0,184.0,,1.5,84.0,5.8e-05,,,2021-10-04 02:45:00
5444386.324618204,0.0,188.0,,1.5,84.0,5.7e-05,,,2021-10-04 02:50:00
5444387.324740378,0.0,190.0,,1.5,78.0,5.8e-05,,,2021-10-04 02:55:00
5444388.324862554,0.0,190.0,,1.55,79.0,5.8e-05,,,2021-10-04 03:00:00
5444389.324984728,0.0,189.0,,1.55,116.0,5.5e-05,,,2021-10-04 03:05:00
5444390.325106903,0.0,186.0,188.0,1.55,97.0,5.7e-05,,4.3,2021-10-04 03:10:00
5444391.325229078,0.0,192.0,,1.55,81.0,5.4e-05,,,2021-10-04 03:15:00
5444392.325351252,0.0,197.0,,1.55,79.0,5.3e-05,,,2021-10-04 03:20:00
5444393.325473427,0.0,194.0,,1.55,83.0,5.4e-05,,,2021-10-04 03:25:00
5444394.325595601,0.0,187.0,,1.55,78.0,5.5e-05,,,2021-10-04 03:30:00
5444395.325717776,0.0,183.0,,1.55,75.0,5.7e-05,,,2021-10-04 03:35:00
5444396.325839951,0.0,180.0,,1.55,73.0,5.1e-05,,,2021-10-04 03:40:00
5444397.325962125,0.0,179.0,,1.55,115.0,5e-05,,,2021-10-04 03:45:00
5444398.326084301,0.0,174.0,,1.55,76.0,5.2e-05,,,2021-10-04 03:50:00
5444399.3262064755,0.0,168.0,,1.55,80.0,5.4e-05,,,2021-10-04 03:55:00
5444400.32632865,0.0,166.0,,1.55,87.0,5.6e-05,,,2021-10-04 04:00:00
5444401.326450825,0.0,160.0,,1.55,77.0,5.3e-05,,,2021-10-04 04:05:00
5444402.326572999,0.0,156.0,,1.55,76.0,6.5e-05,,,2021-10-04 04:10:00
5444403.326695174,0.0,153.0,,1.55,72.0,6.7e-05,,,2021-10-04 04:15:00
5444404.326817349,0.0,147.0,,1.55,73.0,6.4e-05,,,2021-10-04 04:20:00
5444405.326939523,0.0,143.0,,1.55,73.0,6.4e-05,,,2021-10-04 04:25:00
5444406.327061698,0.0,141.0,,1.55,74.0,5.6e-05,,,2021-10-04 04:30:00
5444407.327183872,0.0,139.0,,1.55,78.0,6.3e-05,,,2021-10-04 04:35:00
5444408.327306047,0.0,135.0,,1.55,96.0,6.2e-05,,,2021-10-04 04:40:00
5444409.327428223,0.0,129.0,,1.55,80.0,5.9e-05,,,2021-10-04 04:45:00
5444410.327550397,0.0,124.0,,1.55,130.0,5.8e-05,,,2021-10-04 04:50:00
5444411.327672572,0.0,120.0,,1.55,76.0,5.8e-05,,,2021-10-04 04:55:00
5444412.3277947465,0.0,117.0,,1.55,75.0,5.9e-05,,,2021-10-04 05:00:00
5444413.327916921,0.0,115.0,,1.55,77.0,5.8e-05,,,2021-10-04 05:05:00
5444414.328039096,0.0,115.0,,1.55,81.0,5.9e-05,,,2021-10-04 05:10:00
5444415.32816127,0.0,117.0,,1.55,,,,,2021-10-04 05:15:00
5444416.328283445,0.0,119.0,,1.55,,,,,2021-10-04 05:20:00
5444417.32840562,0.0,116.0,,1.55,,,,,2021-10-04 05:25:00
5444418.328527794,0.0,113.0,,1.55,,,,,2021-10-04 05:30:00
5444419.32864997,0.0,107.0,,1.55,,,,,2021-10-04 05:35:00
5444420.328772144,0.0,104.0,,1.55,,,,,2021-10-04 05:40:00
5444421.328894319,0.0,101.0,,1.55,,,20.0,,2021-10-04 05:45:00
5444422.329016494,0.0,101.0,,1.55,,,,,2021-10-04 05:50:00
5444423.329138668,0.0,104.0,92.0,1.55,,,,5.1,2021-10-04 05:55:00
5444424.329260843,0.0,106.0,,1.55,,,,,2021-10-04 06:00:00
5444425.3293830175,0.0,98.0,,1.55,,,,,2021-10-04 06:05:00
5444426.329505192,0.0,103.0,,1.55,,,,,2021-10-04 06:10:00
5444427.329627367,0.0,105.0,,1.55,,,,,2021-10-04 06:15:00
5444428.329749541,0.0,102.0,,1.55,108.0,,,,2021-10-04 06:20:00
5444429.329871716,0.0,100.0,,1.55,106.0,0.00087,,,2021-10-04 06:25:00
5444430.3299938915,0.0,96.0,,1.55,104.0,0.491778,,,2021-10-04 06:30:00
5444431.330116066,0.0,91.0,,1.55,104.0,3.404,,,2021-10-04 06:35:00
5444432.330238241,0.0,84.0,,1.55,102.0,4.596,,,2021-10-04 06:40:00
5444433.330360415,0.0,75.0,,1.55,108.0,2.862,,,2021-10-04 06:45:00
5444434.33048259,0.0,68.0,,1.55,108.0,2.716,,,2021-10-04 06:50:00
5444435.330604765,0.0,63.0,,1.55,101.0,11.8,40.0,,2021-10-04 06:55:00
5444436.330726939,0.0,59.0,43.0,1.55,103.0,11.74,,,2021-10-04 07:00:00
5444437.330849114,0.0,54.0,,1.55,100.0,7.678,,,2021-10-04 07:05:00
5444438.3309712885,0.0,52.0,,1.55,94.0,4.394,,,2021-10-04 07:10:00
5444439.331093463,0.0,52.0,,1.55,111.0,3.094,,,2021-10-04 07:15:00
5444440.331215639,0.0,58.0,,1.55,106.0,9.376,,,2021-10-04 07:20:00
5444441.331337813,0.0,63.0,,1.55,100.0,7.852,,,2021-10-04 07:25:00
5444442.331459988,0.0,67.0,,1.2,97.0,4.534,,,2021-10-04 07:30:00
5444443.3315821625,0.0,73.0,,1.2,99.0,2.514,,,2021-10-04 07:35:00
5444444.331704337,0.0,81.0,,1.2,100.0,1.2564,,,2021-10-04 07:40:00
5444445.331826512,0.0,90.0,,1.2,100.0,0.6572,,,2021-10-04 07:45:00
5444446.331948686,0.0,100.0,,1.2,103.0,0.3492,,,2021-10-04 07:50:00
5444447.332070861,0.0,118.0,,1.2,115.0,0.3122,,,2021-10-04 07:55:00
5444448.332193036,0.0,135.0,,1.2,110.0,0.388,,,2021-10-04 08:00:00
5444449.33231521,0.0,144.0,,1.2,109.0,0.17092,,,2021-10-04 08:05:00
5444450.332437386,0.0,150.0,,1.2,106.0,0.1148,,,2021-10-04 08:10:00
5444451.33255956,0.0,159.0,,1.2,97.0,0.07018,,,2021-10-04 08:15:00
5444452.332681735,0.0,172.0,,1.2,94.0,0.06212,,,2021-10-04 08:20:00
5444453.33280391,0.0,183.0,,1.2,95.0,0.03672,,,2021-10-04 08:25:00
5444454.332926084,0.0,193.0,,1.2,92.0,0.03298,,,2021-10-04 08:30:00
5444455.333048259,0.0,202.0,,1.2,93.0,0.03034,,,2021-10-04 08:35:00
5444456.3331704335,0.0,212.0,,1.2,94.0,0.02562,,,2021-10-04 08:40:00
5444457.333292608,0.0,224.0,273.0,1.2,93.0,0.02232,,11.0,2021-10-04 08:45:00
5444458.333414783,0.0,235.0,,1.2,104.0,0.01914,,,2021-10-04 08:50:00
5444459.333536957,0.0,247.0,,1.2,103.0,0.01502,,,2021-10-04 08:55:00
5444460.333659132,0.0,254.0,,1.2,103.0,0.013054,,,2021-10-04 09:00:00
5444461.333781308,0.0,259.0,,1.2,95.0,0.01196,,,2021-10-04 09:05:00
5444462.333903482,0.0,261.0,,1.2,97.0,0.01158,,,2021-10-04 09:10:00
5444463.334025657,0.0,260.0,,1.2,99.0,0.009642,,,2021-10-04 09:15:00
5444464.334147831,0.0,259.0,,1.2,95.0,0.007442,,,2021-10-04 09:20:00
5444465.334270006,0.0,251.0,246.0,1.2,96.0,0.007468,,9.3,2021-10-04 09:25:00
5444466.334392181,0.0,243.0,,1.2,96.0,0.00753,,,2021-10-04 09:30:00
5444467.334514355,0.0,241.0,,1.2,94.0,0.009406,,,2021-10-04 09:35:00
5444468.33463653,0.0,241.0,,1.2,93.0,0.007052,,,2021-10-04 09:40:00
5444469.3347587045,0.0,233.0,,1.2,96.0,0.006558,,,2021-10-04 09:45:00
5444470.334880879,0.0,228.0,,1.2,101.0,0.006926,,,2021-10-04 09:50:00
5444471.335003055,0.0,228.0,,1.2,94.0,0.00512,,,2021-10-04 09:55:00
5444472.335125229,0.0,221.0,,1.0,94.0,0.004332,,,2021-10-04 10:00:00
5444473.335247404,0.0,212.0,,1.0,94.0,0.004698,,,2021-10-04 10:05:00
5444474.335369579,0.0,204.0,,1.0,95.0,0.004856,,,2021-10-04 10:10:00
5444475.335491753,0.0,194.0,,1.0,92.0,0.004918,,,2021-10-04 10:15:00
5444476.335613928,0.0,185.0,,1.0,91.0,0.004876,,,2021-10-04 10:20:00
5444477.335736102,0.0,188.0,,1.0,94.0,0.002666,,,2021-10-04 10:25:00
5444478.335858277,0.0,190.0,,1.0,92.0,0.003142,,,2021-10-04 10:30:00
5444479.335980452,0.0,186.0,,1.0,96.0,0.002978,,,2021-10-04 10:35:00
5444480.336102626,0.0,185.0,,1.0,98.0,0.002218,,,2021-10-04 10:40:00
5444481.336224801,0.0,179.0,,1.0,105.0,0.001656,,,2021-10-04 10:45:00
5444482.336346976,0.0,175.0,,1.0,101.0,0.00145,,,2021-10-04 10:50:00
5444483.336469151,0.0,175.0,,1.0,91.0,0.001534,,,2021-10-04 10:55:00
5444484.336591326,0.0,174.0,,1.0,90.0,0.001435,,,2021-10-04 11:00:00
5444485.3367135,0.0,172.0,,1.0,89.0,0.001398,,,2021-10-04 11:05:00
5444486.336835675,0.0,170.0,,1.0,88.0,0.001522,,,2021-10-04 11:10:00
5444487.33695785,0.0,171.0,,1.0,90.0,0.001572,,,2021-10-04 11:15:00
5444488.337080024,0.0,170.0,,1.0,91.0,0.001708,,,2021-10-04 11:20:00
5444489.337202199,0.0,172.0,181.0,1.0,107.0,0.001624,,4.1,2021-10-04 11:25:00
5444490.337324373,0.0,176.0,,0.7,108.0,0.001109,30.0,,2021-10-04 11:30:00
5444491.337446548,0.0,180.0,,0.7,98.0,0.000975,,,2021-10-04 11:35:00
5444492.337568724,0.0,182.0,,0.7,96.0,0.000841,,,2021-10-04 11:40:00
5444493.337690898,0.0,185.0,,0.7,96.0,0.000974,,,2021-10-04 11:45:00
5444494.337813073,0.0,190.0,,0.7,98.0,0.000708,,,2021-10-04 11:50:00
5444495.337935247,0.0,191.0,,0.7,104.0,0.00068,,,2021-10-04 11:55:00
5444496.338057422,0.0,198.0,,0.7,107.0,0.000808,,,2021-10-04 12:00:00
5444497.338179597,0.0,208.0,199.0,0.7,100.0,0.001364,,6.8,2021-10-04 12:05:00
5444498.338301771,0.0,213.0,,0.7,102.0,0.001788,,,2021-10-04 12:10:00
5444499.338423946,0.0,217.0,,0.7,95.0,0.003644,,,2021-10-04 12:15:00
5444500.338546121,0.0,226.0,260.0,0.7,97.0,0.06788,,11.1,2021-10-04 12:20:00
5444501.338668295,0.0,220.0,,0.7,95.0,0.3464,,,2021-10-04 12:25:00
5444502.33879047,0.0,224.0,,0.7,96.0,0.406,,,2021-10-04 12:30:00
5444503.338912645,0.0,222.0,,0.7,100.0,0.10516,,,2021-10-04 12:35:00
5444504.33903482,0.0,221.0,,0.7,101.0,0.02072,,,2021-10-04 12:40:00
5444505.339156995,0.0,219.0,,0.7,102.0,0.01772,,,2021-10-04 12:45:00
5444506.339279169,0.0,216.0,,0.7,103.0,0.01766,,,2021-10-04 12:50:00
5444507.339401344,0.0,213.0,,0.7,99.0,0.00843,,,2021-10-04 12:55:00
5444508.339523518,0.0,206.0,,0.7,97.0,0.005202,,,2021-10-04 13:00:00
5444509.339645693,0.0,199.0,,0.7,94.0,0.005912,,,2021-10-04 13:05:00
5444510.339767868,0.0,194.0,,0.7,94.0,0.005822,,,2021-10-04 13:10:00
5444511.339890042,0.0,188.0,,0.7,92.0,0.004368,,,2021-10-04 13:15:00
5444512.340012217,0.0,184.0,,0.7,93.0,0.002252,,,2021-10-04 13:20:00
5444513.3401343925,0.0,182.0,,0.7,91.0,0.00205,,,2021-10-04 13:25:00
5444514.340256567,0.0,180.0,,0.7,90.0,0.001175,,,2021-10-04 13:30:00
5444515.340378742,0.0,172.0,,0.7,95.0,0.001186,,,2021-10-04 13:35:00
5444516.340500916,0.0,166.0,,0.7,100.0,0.001752,,,2021-10-04 13:40:00
5444517.340623091,0.0,166.0,,0.7,105.0,0.001818,,,2021-10-04 13:45:00
5444518.340745266,0.0,167.0,,0.7,101.0,0.001594,,,2021-10-04 13:50:00
5444519.34086744,0.0,172.0,,0.7,94.0,0.00144,,,2021-10-04 13:55:00
5444520.340989615,0.0,170.0,,0.7,100.0,0.001506,,,2021-10-04 14:00:00
5444521.341111789,0.0,170.0,,0.7,94.0,0.001918,,,2021-10-04 14:05:00
5444522.341233964,0.0,171.0,,0.7,90.0,0.001242,,,2021-10-04 14:10:00
5444523.34135614,0.0,169.0,,0.7,91.0,0.001396,,,2021-10-04 14:15:00
5444524.341478314,0.0,171.0,,0.7,91.0,0.001714,,,2021-10-04 14:20:00
5444525.341600489,0.0,173.0,,0.7,93.0,0.00141,,,2021-10-04 14:25:00
5444526.3417226635,0.0,175.0,,0.7,94.0,0.001127,,,2021-10-04 14:30:00
5444527.341844838,0.0,176.0,,0.7,90.0,0.001001,,,2021-10-04 14:35:00
5444528.341967013,0.0,174.0,,0.7,92.0,0.001034,,,2021-10-04 14:40:00
5444529.342089187,0.0,174.0,,0.7,92.0,0.001144,,,2021-10-04 14:45:00
5444530.342211362,0.0,176.0,,0.7,87.0,0.001126,,,2021-10-04 14:50:00
5444531.342333537,0.0,182.0,,0.7,86.0,0.001362,,,2021-10-04 14:55:00
5444532.342455711,0.0,181.0,,0.7,86.0,0.001458,,,2021-10-04 15:00:00
5444533.342577886,0.0,181.0,,0.7,84.0,0.001486,,,2021-10-04 15:05:00
5444534.342700061,0.0,188.0,,0.7,92.0,0.001214,,,2021-10-04 15:10:00
5444535.342822236,0.0,192.0,,0.7,99.0,0.001045,,,2021-10-04 15:15:00
5444536.342944411,0.0,198.0,,0.7,92.0,0.000978,,,2021-10-04 15:20:00
5444537.343066585,0.0,198.0,,0.7,90.0,0.0011,,,2021-10-04 15:25:00
5444538.34318876,0.0,195.0,,0.7,89.0,0.00112,,,2021-10-04 15:30:00
5444539.3433109345,0.0,192.0,,0.7,90.0,0.000847,,,2021-10-04 15:35:00
5444540.343433109,0.0,191.0,,0.7,90.0,0.001123,,,2021-10-04 15:40:00
5444541.343555284,0.0,190.0,,0.7,89.0,0.000972,,,2021-10-04 15:45:00
5444542.343677458,0.0,191.0,,0.7,91.0,0.001176,,,2021-10-04 15:50:00
5444543.343799633,0.0,195.0,,0.7,99.0,0.001188,,,2021-10-04 15:55:00
5444544.3439218085,0.0,201.0,,0.7,103.0,0.000769,,,2021-10-04 16:00:00
5444545.344043983,0.0,213.0,,0.7,103.0,0.000742,,,2021-10-04 16:05:00
5444546.344166158,0.0,221.0,,0.7,94.0,0.000702,,,2021-10-04 16:10:00
5444547.344288332,0.0,225.0,,0.7,100.0,0.000653,,,2021-10-04 16:15:00
5444548.344410507,0.0,227.0,,0.7,96.0,0.000698,,,2021-10-04 16:20:00
5444549.344532682,0.0,233.0,,0.7,99.0,0.000604,,,2021-10-04 16:25:00
5444550.344654856,0.0,237.0,,0.7,93.0,0.000854,,,2021-10-04 16:30:00
5444551.344777031,0.0,231.0,,0.7,101.0,0.000876,,,2021-10-04 16:35:00
5444552.3448992055,0.0,227.0,,0.7,104.0,0.000758,,,2021-10-04 16:40:00
5444553.34502138,0.0,231.0,,0.7,98.0,0.001041,,,2021-10-04 16:45:00
5444554.345143555,0.0,230.0,,0.7,106.0,0.002142,,,2021-10-04 16:50:00
5444555.34526573,0.0,231.0,,0.7,107.0,0.005676,,,2021-10-04 16:55:00
5444556.345387905,0.0,233.0,,0.7,100.0,0.00979,,,2021-10-04 17:00:00
5444557.3455100795,0.0,238.0,268.0,0.7,109.0,0.006816,,13.2,2021-10-04 17:05:00
5444558.345632254,0.0,245.0,,0.7,106.0,0.008444,,,2021-10-04 17:10:00
5444559.345754429,0.0,252.0,,0.7,106.0,0.07472,,,2021-10-04 17:15:00
5444560.345876603,0.0,260.0,,0.7,119.0,0.06442,,,2021-10-04 17:20:00
5444561.345998778,0.0,263.0,,0.7,120.0,0.49922,,,2021-10-04 17:25:00
5444562.346120953,0.0,266.0,,0.7,117.0,8.022,,,2021-10-04 17:30:00
5444563.346243127,0.0,262.0,,0.7,116.0,14.3,,,2021-10-04 17:35:00
5444564.346365302,0.0,249.0,,0.7,115.0,13.88,,,2021-10-04 17:40:00
5444565.346487477,0.0,231.0,,0.7,111.0,13.4,,,2021-10-04 17:45:00
5444566.346609652,0.0,212.0,,0.7,115.0,12.18,,,2021-10-04 17:50:00
5444567.346731827,0.0,195.0,,0.7,107.0,9.302,,,2021-10-04 17:55:00
5444568.346854001,0.0,179.0,,0.7,111.0,11.24,,,2021-10-04 18:00:00
5444569.346976176,0.0,166.0,,0.7,117.0,12.34,,,2021-10-04 18:05:00
5444570.3470983505,0.0,156.0,,0.7,120.0,14.42,,,2021-10-04 18:10:00
5444571.347220525,0.0,146.0,,0.7,112.0,12.64,,,2021-10-04 18:15:00
5444572.3473427,0.0,138.0,,0.7,120.0,10.374,,,2021-10-04 18:20:00
5444573.347464874,0.0,133.0,,0.7,109.0,7.126,,,2021-10-04 18:25:00
5444574.347587049,0.0,126.0,,0.8,109.0,4.824,,,2021-10-04 18:30:00
5444575.347709224,0.0,118.0,,0.8,121.0,3.664,,,2021-10-04 18:35:00
5444576.347831399,0.0,120.0,,0.8,118.0,2.888,,,2021-10-04 18:40:00
5444577.347953574,0.0,121.0,,0.8,112.0,2.892,7.0,,2021-10-04 18:45:00
5444578.348075748,0.0,117.0,,0.8,109.0,2.232,,,2021-10-04 18:50:00
5444579.348197923,0.0,114.0,,0.8,115.0,1.934,,,2021-10-04 18:55:00
5444580.348320098,0.0,111.0,,0.8,121.0,1.768,,,2021-10-04 19:00:00
5444581.348442272,0.0,108.0,108.0,0.8,116.0,1.578,,2.1,2021-10-04 19:05:00
5444582.348564447,0.0,108.0,,0.8,113.0,1.286,,,2021-10-04 19:10:00
5444583.3486866215,0.0,105.0,,0.8,106.0,1.174,,,2021-10-04 19:15:00
5444584.348808796,0.0,105.0,,0.8,104.0,1.058,,,2021-10-04 19:20:00
5444585.348930971,0.0,106.0,,0.8,101.0,0.9552,,,2021-10-04 19:25:00
5444586.349053146,0.0,109.0,,0.8,100.0,0.9344,,,2021-10-04 19:30:00
5444587.349175321,0.0,116.0,,0.8,99.0,0.5756,,,2021-10-04 19:35:00
5444588.349297496,0.0,124.0,,0.8,97.0,0.6132,,,2021-10-04 19:40:00
5444589.34941967,0.0,132.0,,0.8,97.0,0.5548,,,2021-10-04 19:45:00
5444590.349541845,0.0,137.0,,0.8,99.0,0.5766,,,2021-10-04 19:50:00
5444591.349664019,0.0,140.0,,0.8,99.0,0.6204,,,2021-10-04 19:55:00
5444592.349786194,0.0,142.0,,0.8,100.0,0.5782,,,2021-10-04 20:00:00
5444593.349908369,0.0,145.0,,0.8,98.0,0.574,,,2021-10-04 20:05:00
5444594.350030543,0.0,146.0,,0.8,106.0,0.5882,,,2021-10-04 20:10:00
5444595.350152718,0.0,148.0,,0.8,111.0,0.5576,,,2021-10-04 20:15:00
5444596.3502748925,0.0,149.0,,0.8,113.0,0.5438,,,2021-10-04 20:20:00
5444597.350397068,0.0,145.0,,0.8,102.0,0.4836,,,2021-10-04 20:25:00
5444598.350519243,0.0,142.0,,0.8,98.0,0.4784,,,2021-10-04 20:30:00
5444599.350641417,0.0,140.0,,0.8,98.0,0.4986,,,2021-10-04 20:35:00
5444600.350763592,0.0,142.0,,0.8,98.0,0.5108,,,2021-10-04 20:40:00
5444601.350885767,0.0,146.0,,0.8,102.0,0.5348,,,2021-10-04 20:45:00
5444602.351007941,0.0,151.0,,0.8,97.0,0.5436,,,2021-10-04 20:50:00
5444603.351130116,0.0,156.0,,0.8,96.0,0.5674,,,2021-10-04 20:55:00
5444604.35125229,0.0,158.0,,0.8,94.0,0.5792,,,2021-10-04 21:00:00
5444605.351374465,0.0,159.0,,0.8,94.0,0.5748,,,2021-10-04 21:05:00
5444606.35149664,0.0,161.0,,0.8,101.0,0.5902,,,2021-10-04 21:10:00
5444607.351618815,0.0,162.0,,0.8,,0.59725,,,2021-10-04 21:15:00
5444608.35174099,0.0,164.0,,0.8,,,,,2021-10-04 21:20:00
5444609.351863164,0.0,161.0,,0.8,,,,,2021-10-04 21:25:00
5444610.351985339,0.0,157.0,,0.8,,,,,2021-10-04 21:30:00
5444611.352107514,0.0,154.0,,0.8,,,,,2021-10-04 21:35:00
5444612.352229688,0.0,152.0,,0.8,,,,,2021-10-04 21:40:00
5444613.352351863,0.0,148.0,,0.8,,,,,2021-10-04 21:45:00
5444614.352474038,0.0,140.0,129.0,0.8,108.0,0.053451,,,2021-10-04 21:50:00
5444615.352596212,0.0,134.0,,0.8,96.0,9.1e-05,,,2021-10-04 21:55:00
5444616.352718387,0.0,130.0,,0.8,94.0,8.1e-05,,,2021-10-04 22:00:00
5444617.352840562,0.0,129.0,,0.8,93.0,8.5e-05,,,2021-10-04 22:05:00
5444618.352962737,0.0,129.0,,0.8,95.0,9.2e-05,,,2021-10-04 22:10:00
5444619.353084912,0.0,130.0,,0.8,94.0,9.9e-05,,,2021-10-04 22:15:00
5444620.353207086,0.0,131.0,,0.8,93.0,0.000102,,,2021-10-04 22:20:00
5444621.353329261,0.0,132.0,,0.8,93.0,0.000104,,,2021-10-04 22:25:00
5444622.353451435,0.0,132.0,,0.8,93.0,0.000108,,,2021-10-04 22:30:00
5444623.35357361,0.0,131.0,,0.8,93.0,0.000112,,,2021-10-04 22:35:00
5444624.353695785,0.0,130.0,,0.8,88.0,0.000116,,,2021-10-04 22:40:00
5444625.353817959,0.0,128.0,,0.8,87.0,0.000151,,,2021-10-04 22:45:00
5444626.353940134,0.0,125.0,,0.8,87.0,0.000184,,,2021-10-04 22:50:00
5444627.354062309,0.0,122.0,,0.8,88.0,0.000195,,,2021-10-04 22:55:00
5444628.354184484,0.0,120.0,,0.8,86.0,0.000209,,,2021-10-04 23:00:00
5444629.354306659,0.0,119.0,,0.8,83.0,0.000224,,,2021-10-04 23:05:00
5444630.354428833,0.0,117.0,,0.8,83.0,0.000234,,,2021-10-04 23:10:00
5444631.354551008,0.0,117.0,,0.8,82.0,0.000238,,,2021-10-04 23:15:00
5444632.354673183,0.0,117.0,,0.8,84.0,0.000145,,,2021-10-04 23:20:00
5444633.354795357,0.0,118.0,,0.8,88.0,0.000132,,,2021-10-04 23:25:00
5444634.354917532,0.0,117.0,,0.8,86.0,0.000137,,,2021-10-04 23:30:00
5444635.355039706,0.0,117.0,,0.8,86.0,0.000141,,,2021-10-04 23:35:00
5444636.355161881,0.0,116.0,,0.8,87.0,0.00015,,,2021-10-04 23:40:00
5444637.355284056,0.0,115.0,,0.8,87.0,0.000153,,,2021-10-04 23:45:00
5444638.355406231,0.0,114.0,,0.8,85.0,0.000161,,,2021-10-04 23:50:00
5444639.355528406,0.0,113.0,,0.8,84.0,0.000167,,,2021-10-04 23:55:00
5444640.3556505805,0.0,112.0,,0.8,82.0,0.000171,,,2021-10-05 00:00:00
5444641.355772755,0.0,111.0,,0.8,83.0,0.000167,,,2021-10-05 00:05:00
5444642.35589493,0.0,110.0,,0.8,79.0,0.000238,,,2021-10-05 00:10:00
5444643.356017104,0.0,111.0,,0.8,79.0,0.000265,,,2021-10-05 00:15:00
5444644.356139279,0.0,113.0,,0.8,79.0,0.000213,,,2021-10-05 00:20:00
5444645.356261454,0.0,114.0,,0.8,115.0,0.000171,,,2021-10-05 00:25:00
5444646.356383628,0.0,117.0,,0.8,89.0,0.000176,,,2021-10-05 00:30:00
5444647.356505803,0.0,119.0,,0.8,79.0,0.000162,,,2021-10-05 00:35:00
5444648.356627977,0.0,118.0,,0.8,84.0,0.000178,,,2021-10-05 00:40:00
5444649.356750153,0.0,116.0,,0.8,82.0,0.000181,,,2021-10-05 00:45:00
5444650.356872328,0.0,115.0,,0.8,81.0,0.000162,,,2021-10-05 00:50:00
5444651.356994502,0.0,116.0,,0.8,80.0,0.000166,,,2021-10-05 00:55:00
5444652.357116677,0.0,117.0,,0.8,82.0,0.000184,,,2021-10-05 01:00:00
5444653.3572388515,0.0,119.0,,0.8,83.0,0.000218,,,2021-10-05 01:05:00
5444654.357361026,0.0,120.0,,0.8,80.0,0.000222,,,2021-10-05 01:10:00
5444655.357483201,0.0,123.0,,0.8,79.0,0.000213,,,2021-10-05 01:15:00
5444656.357605375,0.0,125.0,,0.8,80.0,0.000225,,,2021-10-05 01:20:00
5444657.35772755,0.0,125.0,,0.8,80.0,0.000235,,,2021-10-05 01:25:00
5444658.357849725,0.0,124.0,,0.8,80.0,0.000246,,,2021-10-05 01:30:00
5444659.3579719,0.0,121.0,,0.8,78.0,0.00032,,,2021-10-05 01:35:00
5444660.358094075,0.0,119.0,,0.8,76.0,0.000395,,,2021-10-05 01:40:00
5444661.358216249,0.0,120.0,,0.8,103.0,0.000312,,,2021-10-05 01:45:00
5444662.358338424,0.0,120.0,,0.8,136.0,0.000307,,,2021-10-05 01:50:00
5444663.358460599,0.0,120.0,,0.8,101.0,0.000393,,,2021-10-05 01:55:00
5444664.358582773,0.0,121.0,,0.8,120.0,0.000359,,,2021-10-05 02:00:00
5444665.358704948,0.0,121.0,,0.8,150.0,0.000341,,,2021-10-05 02:05:00
5444666.3588271225,0.0,121.0,,0.8,123.0,0.000359,,,2021-10-05 02:10:00
5444667.358949297,0.0,121.0,,0.8,74.0,0.000365,,,2021-10-05 02:15:00
5444668.359071472,0.0,121.0,,0.8,75.0,0.000377,,,2021-10-05 02:20:00
5444669.359193646,0.0,121.0,,0.8,77.0,0.000402,,,2021-10-05 02:25:00
5444670.359315822,0.0,120.0,,0.8,80.0,0.000583,,,2021-10-05 02:30:00
5444671.3594379965,0.0,120.0,,0.8,80.0,0.000684,,,2021-10-05 02:35:00
5444672.359560171,0.0,120.0,,0.8,85.0,0.000632,,,2021-10-05 02:40:00
5444673.359682346,0.0,120.0,,0.8,115.0,0.000652,,,2021-10-05 02:45:00
5444674.35980452,0.0,120.0,,0.8,76.0,0.000671,,,2021-10-05 02:50:00
5444675.359926695,0.0,121.0,,0.8,139.0,0.000718,,,2021-10-05 02:55:00
5444676.36004887,0.0,120.0,,0.8,129.0,0.000814,,,2021-10-05 03:00:00
5444677.360171044,0.0,119.0,,0.8,133.0,0.000792,,,2021-10-05 03:05:00
5444678.360293219,0.0,118.0,,0.8,135.0,0.00078,,,2021-10-05 03:10:00
5444679.3604153935,0.0,117.0,,0.8,123.0,0.000832,,,2021-10-05 03:15:00
5444680.360537569,0.0,119.0,,0.8,92.0,0.000424,,,2021-10-05 03:20:00
5444681.360659744,0.0,122.0,,0.8,81.0,0.000341,,,2021-10-05 03:25:00
5444682.360781918,0.0,123.0,,0.8,83.0,0.000346,,,2021-10-05 03:30:00
5444683.360904093,0.0,123.0,,0.8,81.0,0.000559,,,2021-10-05 03:35:00
5444684.3610262675,0.0,122.0,,0.8,81.0,0.000427,,,2021-10-05 03:40:00
5444685.361148442,0.0,122.0,,0.8,81.0,0.000503,,,2021-10-05 03:45:00
5444686.361270617,0.0,121.0,,0.8,81.0,0.000414,,,2021-10-05 03:50:00
5444687.361392791,0.0,120.0,,0.8,80.0,0.000425,,,2021-10-05 03:55:00
5444688.361514966,0.0,120.0,,0.8,78.0,0.000477,,,2021-10-05 04:00:00
5444689.361637141,0.0,119.0,,0.8,79.0,0.000543,,,2021-10-05 04:05:00
5444690.361759316,0.0,118.0,,0.8,77.0,0.000375,,,2021-10-05 04:10:00
5444691.361881491,0.0,117.0,,0.8,73.0,0.000351,,,2021-10-05 04:15:00
5444692.362003665,0.0,115.0,,0.8,74.0,0.000333,,,2021-10-05 04:20:00
5444693.36212584,0.0,115.0,,0.8,71.0,0.00035,,,2021-10-05 04:25:00
5444694.362248015,0.0,114.0,,0.8,69.0,0.0004,,,2021-10-05 04:30:00
5444695.362370189,0.0,113.0,,0.8,72.0,0.000517,,,2021-10-05 04:35:00
5444696.362492364,0.0,112.0,,0.8,70.0,0.00055,,,2021-10-05 04:40:00
5444697.3626145385,0.0,111.0,,0.8,70.0,0.000568,,,2021-10-05 04:45:00
5444698.362736713,0.0,110.0,,0.8,69.0,0.000395,,,2021-10-05 04:50:00
5444699.362858888,0.0,111.0,,0.8,71.0,0.000305,,,2021-10-05 04:55:00
5444700.362981062,0.0,112.0,,0.8,71.0,0.000357,,,2021-10-05 05:00:00
5444701.363103238,0.0,111.0,,0.8,72.0,0.000372,,,2021-10-05 05:05:00
5444702.363225413,0.0,111.0,,0.8,72.0,0.000367,,,2021-10-05 05:10:00
5444703.363347587,0.0,111.0,,0.8,72.0,0.000363,,,2021-10-05 05:15:00
5444704.363469762,0.0,112.0,,0.8,73.0,0.000351,,,2021-10-05 05:20:00
5444705.363591936,0.0,111.0,,0.8,100.0,0.000386,,,2021-10-05 05:25:00
5444706.363714111,0.0,111.0,,0.8,,,,,2021-10-05 05:30:00
5444707.363836286,0.0,108.0,,0.8,,,,,2021-10-05 05:35:00
5444708.36395846,0.0,107.0,,0.8,,,,,2021-10-05 05:40:00
5444709.364080635,0.0,105.0,91.0,0.8,,,,,2021-10-05 05:45:00
5444710.3642028095,0.0,103.0,91.0,0.8,,,16.0,3.3,2021-10-05 05:50:00
5444711.364324985,0.0,103.0,,0.8,,,,,2021-10-05 05:55:00
5444712.36444716,0.0,105.0,,0.8,,,,,2021-10-05 06:00:00
5444713.364569334,0.0,107.0,,0.8,,,,,2021-10-05 06:05:00
5444714.364691509,0.0,112.0,,0.8,,,,,2021-10-05 06:10:00
5444715.364813684,0.0,118.0,,0.8,,,,,2021-10-05 06:15:00
5444716.364935858,0.0,122.0,,0.8,,,,,2021-10-05 06:20:00
5444717.365058033,0.0,123.0,,0.8,,,,,2021-10-05 06:25:00
5444718.365180207,0.0,121.0,,0.8,97.0,0.000662,,,2021-10-05 06:30:00
5444719.365302382,0.0,117.0,,0.8,99.0,0.076683,,,2021-10-05 06:35:00
5444720.365424557,0.0,117.0,,0.8,104.0,2.316,,,2021-10-05 06:40:00
5444721.365546731,0.0,112.0,,0.8,97.0,0.5544,,,2021-10-05 06:45:00
5444722.365668907,0.0,107.0,,0.8,104.0,0.1322,,,2021-10-05 06:50:00
5444723.365791081,0.0,106.0,,0.8,105.0,0.08752,,,2021-10-05 06:55:00
5444724.365913256,0.0,104.0,115.0,0.8,108.0,0.03094,,9.7,2021-10-05 07:00:00
5444725.366035431,0.0,105.0,,0.8,98.0,0.02994,,,2021-10-05 07:05:00
5444726.366157605,0.0,103.0,,0.8,95.0,0.01554,,,2021-10-05 07:10:00
5444727.36627978,0.0,111.0,,0.8,109.0,0.09791,,,2021-10-05 07:15:00
5444728.366401955,0.0,114.0,,0.8,92.0,0.5514,,,2021-10-05 07:20:00
5444729.366524129,0.0,114.0,,0.8,106.0,0.17396,,,2021-10-05 07:25:00
5444730.366646304,0.0,113.0,,0.8,100.0,0.072,,,2021-10-05 07:30:00
5444731.366768478,0.0,115.0,,0.8,97.0,0.03216,,,2021-10-05 07:35:00
5444732.366890654,0.0,119.0,,0.8,96.0,0.01686,,,2021-10-05 07:40:00
5444733.367012829,0.0,126.0,,0.8,102.0,0.01248,,,2021-10-05 07:45:00
5444734.367135003,0.0,134.0,,0.8,92.0,0.005238,,,2021-10-05 07:50:00
5444735.367257178,0.0,145.0,,0.8,100.0,0.01743,,,2021-10-05 07:55:00
5444736.367379352,0.0,154.0,,0.8,102.0,0.09412,,,2021-10-05 08:00:00
5444737.367501527,0.0,163.0,,0.8,103.0,0.19834,,,2021-10-05 08:05:00
5444738.367623702,0.0,171.0,224.0,0.8,105.0,0.3368,,9.7,2021-10-05 08:10:00
5444739.367745876,0.0,179.0,,0.8,100.0,0.2088,,,2021-10-05 08:15:00
5444740.367868051,0.0,192.0,,0.8,99.0,0.13094,,,2021-10-05 08:20:00
5444741.367990226,0.0,202.0,,0.8,89.0,0.06356,,,2021-10-05 08:25:00
5444742.3681124,0.0,213.0,,0.8,88.0,0.02366,,,2021-10-05 08:30:00
5444743.368234576,0.0,227.0,,0.8,93.0,0.024124,,,2021-10-05 08:35:00
5444744.36835675,0.0,238.0,,0.8,98.0,0.03064,,,2021-10-05 08:40:00
5444745.368478925,0.0,242.0,249.0,0.8,111.0,0.08266,,9.9,2021-10-05 08:45:00
5444746.3686011,0.0,245.0,,0.8,97.0,0.12358,,,2021-10-05 08:50:00
5444747.368723274,0.0,246.0,,0.8,105.0,0.09704,,,2021-10-05 08:55:00
5444748.368845449,0.0,248.0,,0.8,100.0,0.06634,,,2021-10-05 09:00:00
5444749.368967623,0.0,241.0,,0.8,99.0,0.13584,,,2021-10-05 09:05:00
5444750.369089798,0.0,238.0,,0.8,100.0,0.12138,,,2021-10-05 09:10:00
5444751.369211973,0.0,235.0,,0.8,102.0,0.14154,,,2021-10-05 09:15:00
5444752.369334147,0.0,226.0,,0.8,98.0,0.3726,,,2021-10-05 09:20:00
5444753.369456323,0.0,215.0,,0.8,97.0,0.1796,,,2021-10-05 09:25:00
5444754.3695784975,0.0,204.0,,0.8,98.0,0.1684,,,2021-10-05 09:30:00
5444755.369700672,0.0,196.0,,0.8,100.0,0.1346,,,2021-10-05 09:35:00
5444756.369822847,0.0,185.0,,0.8,97.0,0.1296,,,2021-10-05 09:40:00
5444757.369945021,0.0,177.0,,0.8,100.0,0.09442,,,2021-10-05 09:45:00
5444758.370067196,0.0,167.0,,0.8,101.0,0.06734,,,2021-10-05 09:50:00
5444759.370189371,1.0,,,0.8,98.0,0.05374,,,2021-10-05 09:55:00
5444760.370311545,1.0,,,0.8,101.0,0.05832,,,2021-10-05 10:00:00
5444761.37043372,1.0,,,0.8,98.0,0.04648,,,2021-10-05 10:05:00
5444762.370555894,1.0,,,0.8,95.0,0.04238,,,2021-10-05 10:10:00
5444763.370678069,1.0,,,0.8,98.0,0.0513,,,2021-10-05 10:15:00
5444764.370800245,1.0,,,0.8,96.0,0.04108,,,2021-10-05 10:20:00
5444765.370922419,1.0,,,0.8,95.0,0.0331,,,2021-10-05 10:25:00
5444766.371044594,1.0,,,0.8,96.0,0.034,,,2021-10-05 10:30:00
5444767.3711667685,1.0,,,0.8,101.0,0.02862,,,2021-10-05 10:35:00
5444768.371288943,1.0,,,0.8,99.0,0.01414,,,2021-10-05 10:40:00
5444769.371411118,1.0,,,0.8,98.0,0.01156,,,2021-10-05 10:45:00
5444770.371533292,1.0,,,0.8,99.0,0.01058,,,2021-10-05 10:50:00
5444771.371655467,1.0,,,0.8,94.0,0.007844,,,2021-10-05 10:55:00
5444772.371777642,1.0,,,0.8,88.0,0.00846,,,2021-10-05 11:00:00
5444773.371899816,1.0,,,0.8,89.0,0.007468,,,2021-10-05 11:05:00
5444774.372021992,1.0,,,0.8,96.0,0.006502,,,2021-10-05 11:10:00
5444775.372144166,1.0,,,0.8,88.0,0.006606,,,2021-10-05 11:15:00
5444776.372266341,1.0,,,0.8,85.0,0.006674,,,2021-10-05 11:20:00
5444777.372388516,1.0,,52.0,0.8,91.0,0.005092,,,2021-10-05 11:25:00
5444778.37251069,1.0,,,0.8,106.0,0.005206,35.0,,2021-10-05 11:30:00
5444779.372632865,1.0,,,0.8,107.0,0.004648,,,2021-10-05 11:35:00
5444780.3727550395,1.0,,,0.8,107.0,0.004756,,,2021-10-05 11:40:00
5444781.372877214,1.0,,,0.8,106.0,0.00395,,,2021-10-05 11:45:00
5444782.372999389,1.0,,,0.8,100.0,0.003792,,,2021-10-05 11:50:00
5444783.373121563,1.0,,,0.8,103.0,0.010674,,,2021-10-05 11:55:00
5444784.373243739,1.0,,,0.8,103.0,0.01244,,,2021-10-05 12:00:00
5444785.3733659135,1.0,,,0.8,102.0,0.007782,,,2021-10-05 12:05:00
5444786.373488088,1.0,,,0.8,93.0,0.005374,,,2021-10-05 12:10:00
5444787.373610263,1.0,,,0.8,94.0,0.009178,,,2021-10-05 12:15:00
5444788.373732437,1.0,,156.0,0.8,92.0,0.00685,,4.1,2021-10-05 12:20:00
5444789.373854612,1.0,,,0.8,93.0,0.00558,,,2021-10-05 12:25:00
5444790.373976787,1.0,,,0.8,92.0,0.005618,,,2021-10-05 12:30:00
5444791.374098961,0.0,163.0,,0.8,93.0,0.005892,,,2021-10-05 12:35:00
5444792.374221136,0.0,171.0,,0.8,92.0,0.006664,,,2021-10-05 12:40:00
5444793.3743433105,0.0,175.0,,0.8,92.0,0.00602,,,2021-10-05 12:45:00
5444794.374465485,0.0,181.0,,0.8,96.0,0.005436,,,2021-10-05 12:50:00
5444795.374587661,0.0,184.0,,0.8,99.0,0.006698,,,2021-10-05 12:55:00
5444796.374709835,0.0,184.0,,0.8,95.0,0.006242,,,2021-10-05 13:00:00
5444797.37483201,0.0,185.0,171.0,0.8,94.0,0.006406,,,2021-10-05 13:05:00
5444798.3749541845,0.0,188.0,,0.8,94.0,0.005474,,,2021-10-05 13:10:00
5444799.375076359,0.0,192.0,,0.8,91.0,0.004012,,,2021-10-05 13:15:00
5444800.375198534,0.0,195.0,,0.8,89.0,0.002942,,,2021-10-05 13:20:00
5444801.375320708,0.0,198.0,,0.8,89.0,0.003342,,,2021-10-05 13:25:00
5444802.375442883,0.0,206.0,,0.8,90.0,0.002646,,,2021-10-05 13:30:00
5444803.375565058,0.0,209.0,,0.8,89.0,0.002006,,,2021-10-05 13:35:00
5444804.375687232,0.0,214.0,209.0,0.8,94.0,0.00186,,11.2,2021-10-05 13:40:00
5444805.375809408,0.0,223.0,,0.8,94.0,0.00151,,,2021-10-05 13:45:00
5444806.375931582,0.0,233.0,,0.8,91.0,0.001872,,,2021-10-05 13:50:00
5444807.376053757,0.0,241.0,,0.8,93.0,0.001926,,,2021-10-05 13:55:00
5444808.376175932,0.0,250.0,,0.8,91.0,0.00235,,,2021-10-05 14:00:00
5444809.376298106,0.0,253.0,,0.8,104.0,0.00268,,,2021-10-05 14:05:00
5444810.376420281,0.0,249.0,,0.8,93.0,0.001898,,,2021-10-05 14:10:00
5444811.3765424555,0.0,246.0,,0.8,92.0,0.0015,,,2021-10-05 14:15:00
5444812.37666463,0.0,244.0,,0.8,91.0,0.001295,,,2021-10-05 14:20:00
5444813.376786805,0.0,245.0,,0.8,96.0,0.000944,,,2021-10-05 14:25:00
5444814.376908979,0.0,243.0,,0.8,98.0,0.001494,,,2021-10-05 14:30:00
5444815.377031154,0.0,234.0,,0.8,103.0,0.00116,,,2021-10-05 14:35:00
5444816.37715333,0.0,224.0,,0.8,95.0,0.001065,,,2021-10-05 14:40:00
5444817.377275504,0.0,218.0,,0.8,91.0,0.001116,,,2021-10-05 14:45:00
5444818.377397679,0.0,211.0,,0.8,88.0,0.000931,,,2021-10-05 14:50:00
5444819.377519853,0.0,208.0,,0.8,88.0,0.001033,,,2021-10-05 14:55:00
5444820.377642028,0.0,206.0,,0.8,88.0,0.001058,,,2021-10-05 15:00:00
5444821.377764203,0.0,210.0,,0.8,88.0,0.000947,,,2021-10-05 15:05:00
5444822.377886377,0.0,216.0,,0.8,88.0,0.000831,,,2021-10-05 15:10:00
5444823.378008552,0.0,221.0,,0.8,94.0,0.001306,,,2021-10-05 15:15:00
5444824.3781307265,0.0,224.0,,0.8,105.0,0.003268,,,2021-10-05 15:20:00
5444825.378252901,0.0,222.0,,0.8,93.0,0.002182,,,2021-10-05 15:25:00
5444826.378375077,0.0,213.0,,0.8,91.0,0.001404,,,2021-10-05 15:30:00
5444827.378497251,0.0,203.0,,0.8,89.0,0.001145,,,2021-10-05 15:35:00
5444828.378619426,0.0,196.0,,0.8,92.0,0.000818,,,2021-10-05 15:40:00
5444829.378741601,0.0,193.0,,0.8,91.0,0.000836,,,2021-10-05 15:45:00
5444830.378863775,0.0,190.0,,0.8,90.0,0.000745,,,2021-10-05 15:50:00
5444831.37898595,0.0,186.0,,0.8,90.0,0.00086,,,2021-10-05 15:55:00
5444832.379108124,0.0,182.0,,0.8,88.0,0.000727,,,2021-10-05 16:00:00
5444833.379230299,0.0,181.0,,0.8,86.0,0.000626,,,2021-10-05 16:05:00
5444834.379352474,0.0,176.0,,0.8,88.0,0.000612,,,2021-10-05 16:10:00
5444835.379474648,0.0,171.0,,0.8,89.0,0.000487,,,2021-10-05 16:15:00
5444836.379596823,0.0,170.0,,0.8,109.0,0.000577,,,2021-10-05 16:20:00
5444837.379718998,0.0,172.0,,0.8,102.0,0.000475,,,2021-10-05 16:25:00
5444838.379841173,0.0,169.0,,0.8,90.0,0.000412,,,2021-10-05 16:30:00
5444839.379963348,0.0,162.0,,0.8,89.0,0.000384,,,2021-10-05 16:35:00
5444840.380085522,0.0,159.0,,0.8,99.0,0.00043,,,2021-10-05 16:40:00
5444841.380207697,0.0,155.0,,0.8,101.0,0.013348,,,2021-10-05 16:45:00
5444842.380329872,0.0,147.0,,0.8,103.0,0.006828,,,2021-10-05 16:50:00
5444843.380452046,0.0,139.0,,0.8,100.0,0.00272,,,2021-10-05 16:55:00
5444844.380574221,0.0,132.0,,0.8,93.0,0.00245,,,2021-10-05 17:00:00
5444845.380696395,0.0,128.0,,0.8,105.0,0.003364,,,2021-10-05 17:05:00
5444846.38081857,0.0,126.0,,0.8,106.0,0.002816,,,2021-10-05 17:10:00
5444847.380940746,0.0,125.0,,0.8,102.0,0.002764,,,2021-10-05 17:15:00
5444848.38106292,0.0,124.0,,0.8,105.0,0.002442,,,2021-10-05 17:20:00
5444849.381185095,0.0,122.0,,0.8,99.0,0.003148,,,2021-10-05 17:25:00
5444850.381307269,0.0,119.0,,0.8,100.0,0.005674,,,2021-10-05 17:30:00
5444851.381429444,0.0,116.0,,0.8,100.0,0.002452,,,2021-10-05 17:35:00
5444852.381551619,0.0,116.0,,0.8,100.0,0.002332,,,2021-10-05 17:40:00
5444853.381673793,0.0,117.0,,0.8,97.0,0.003922,,,2021-10-05 17:45:00
5444854.381795968,0.0,116.0,,0.8,106.0,0.1868,,,2021-10-05 17:50:00
5444855.381918143,0.0,110.0,,0.8,96.0,1.078,,,2021-10-05 17:55:00
5444856.382040317,0.0,107.0,,0.8,89.0,0.298,,,2021-10-05 18:00:00
5444857.382162493,0.0,105.0,,0.8,87.0,0.15812,,,2021-10-05 18:05:00
5444858.382284667,0.0,105.0,,0.8,84.0,0.07016,,,2021-10-05 18:10:00
5444859.382406842,0.0,108.0,,0.8,90.0,0.05568,,,2021-10-05 18:15:00
5444860.382529017,1.0,,86.0,0.8,99.0,0.02504,,,2021-10-05 18:20:00
5444861.382651191,1.0,,,0.8,102.0,0.01744,,,2021-10-05 18:25:00
5444862.382773366,1.0,,,0.8,103.0,0.011694,,,2021-10-05 18:30:00
5444863.38289554,0.0,87.0,,0.8,94.0,0.010594,,,2021-10-05 18:35:00
5444864.383017715,0.0,88.0,,0.8,88.0,0.00488,,,2021-10-05 18:40:00
5444865.38313989,0.0,92.0,,0.8,87.0,0.005852,,,2021-10-05 18:45:00
5444866.383262064,0.0,97.0,,0.8,87.0,0.007938,,,2021-10-05 18:50:00
5444867.383384239,0.0,102.0,,0.8,84.0,0.004156,,,2021-10-05 18:55:00
5444868.3835064145,0.0,106.0,,0.8,92.0,0.00514,,,2021-10-05 19:00:00
5444869.383628589,0.0,107.0,,0.8,93.0,0.002155,,,2021-10-05 19:05:00
5444870.383750764,0.0,107.0,,0.8,95.0,0.002734,,,2021-10-05 19:10:00
5444871.383872938,0.0,103.0,,0.8,92.0,0.00233,,,2021-10-05 19:15:00
5444872.383995113,0.0,98.0,,0.8,90.0,0.00191,,,2021-10-05 19:20:00
5444873.384117288,0.0,97.0,,0.8,93.0,0.00148,,,2021-10-05 19:25:00
5444874.384239462,0.0,98.0,,0.8,88.0,0.001456,,,2021-10-05 19:30:00
5444875.384361637,0.0,99.0,,0.8,89.0,0.001171,,,2021-10-05 19:35:00
5444876.384483811,0.0,101.0,,0.8,93.0,0.000837,25.0,,2021-10-05 19:40:00
5444877.384605986,0.0,100.0,,0.8,100.0,0.000921,,,2021-10-05 19:45:00
5444878.384728162,0.0,95.0,,0.8,101.0,0.00076,,,2021-10-05 19:50:00
5444879.384850336,0.0,94.0,,0.8,100.0,0.0007,,,2021-10-05 19:55:00
5444880.384972511,0.0,98.0,,0.8,94.0,0.000775,,,2021-10-05 20:00:00
5444881.3850946855,0.0,102.0,,0.8,103.0,0.000759,,,2021-10-05 20:05:00
5444882.38521686,0.0,101.0,,0.8,101.0,0.000659,,,2021-10-05 20:10:00
5444883.385339035,0.0,103.0,103.0,0.8,104.0,0.000703,,5.6,2021-10-05 20:15:00
5444884.385461209,0.0,104.0,,0.8,97.0,0.000484,,,2021-10-05 20:20:00
5444885.385583384,0.0,108.0,,0.8,91.0,0.000419,,,2021-10-05 20:25:00
5444886.385705559,0.0,116.0,,0.8,88.0,0.000472,,,2021-10-05 20:30:00
5444887.385827733,0.0,122.0,,0.8,89.0,0.000505,,,2021-10-05 20:35:00
5444888.385949908,0.0,128.0,,0.8,88.0,0.000676,,,2021-10-05 20:40:00
5444889.386072083,0.0,132.0,,0.8,87.0,0.000525,,,2021-10-05 20:45:00
5444890.386194258,0.0,135.0,,0.8,88.0,0.000419,,,2021-10-05 20:50:00
5444891.386316433,0.0,138.0,,0.8,90.0,0.000485,,,2021-10-05 20:55:00
5444892.386438607,0.0,140.0,,0.8,90.0,0.000534,,,2021-10-05 21:00:00
5444893.386560782,0.0,141.0,,0.8,89.0,0.000658,,,2021-10-05 21:05:00
5444894.3866829565,0.0,142.0,,0.8,93.0,0.000508,,,2021-10-05 21:10:00
5444895.386805131,0.0,142.0,,0.8,84.0,0.000593,,,2021-10-05 21:15:00
5444896.386927306,0.0,142.0,,0.8,85.0,0.000596,,,2021-10-05 21:20:00
5444897.38704948,0.0,143.0,,0.8,86.0,0.000607,,,2021-10-05 21:25:00
5444898.387171655,0.0,145.0,,0.8,85.0,0.000545,,,2021-10-05 21:30:00
5444899.3872938305,0.0,147.0,,0.8,86.0,0.000511,,,2021-10-05 21:35:00
5444900.387416005,0.0,148.0,,0.8,86.0,0.000585,,,2021-10-05 21:40:00
5444901.38753818,0.0,151.0,,0.8,86.0,0.000678,,,2021-10-05 21:45:00
5444902.387660354,0.0,153.0,,0.8,85.0,0.000786,,,2021-10-05 21:50:00
5444903.387782529,0.0,155.0,,0.8,86.0,0.000116,,,2021-10-05 21:55:00
5444904.387904704,0.0,154.0,131.0,0.8,94.0,0.000112,,1.3,2021-10-05 22:00:00
5444905.388026878,0.0,148.0,,0.8,91.0,0.000134,,,2021-10-05 22:05:00
5444906.388149053,0.0,139.0,,0.8,96.0,0.000117,,,2021-10-05 22:10:00
5444907.3882712275,0.0,143.0,,0.8,84.0,9.3e-05,,,2021-10-05 22:15:00
5444908.388393402,0.0,144.0,,0.8,83.0,9.4e-05,,,2021-10-05 22:20:00
5444909.388515577,0.0,144.0,,0.8,83.0,0.000102,,,2021-10-05 22:25:00
5444910.388637752,0.0,145.0,,0.8,84.0,0.000109,,,2021-10-05 22:30:00
5444911.388759927,0.0,146.0,,0.8,84.0,0.000117,,,2021-10-05 22:35:00
5444912.3888821015,0.0,147.0,,0.8,85.0,0.00013,,,2021-10-05 22:40:00
5444913.389004276,0.0,148.0,,0.8,85.0,0.000188,,,2021-10-05 22:45:00
5444914.389126451,0.0,148.0,,0.8,86.0,0.000372,,,2021-10-05 22:50:00
5444915.389248625,0.0,148.0,,0.8,87.0,0.000613,,,2021-10-05 22:55:00
5444916.3893708,0.0,148.0,,0.8,88.0,0.001958,,,2021-10-05 23:00:00
5444917.389492975,0.0,147.0,,0.8,87.0,0.003826,,,2021-10-05 23:05:00
5444918.389615149,0.0,147.0,,0.8,86.0,0.00644,,,2021-10-05 23:10:00
5444919.389737324,0.0,147.0,,0.8,84.0,0.003098,,,2021-10-05 23:15:00
5444920.389859499,0.0,147.0,,0.8,117.0,0.000815,,,2021-10-05 23:20:00
5444921.389981674,0.0,145.0,,0.8,147.0,0.000414,,,2021-10-05 23:25:00
5444922.390103849,0.0,144.0,,0.8,132.0,0.000273,,,2021-10-05 23:30:00
5444923.390226023,0.0,143.0,,0.8,98.0,0.000208,,,2021-10-05 23:35:00
5444924.390348198,0.0,141.0,,0.8,85.0,0.000152,,,2021-10-05 23:40:00
5444925.3904703725,0.0,139.0,,0.8,123.0,8.6e-05,,,2021-10-05 23:45:00
5444926.390592547,0.0,141.0,,0.8,116.0,5.7e-05,,,2021-10-05 23:50:00
5444927.390714722,0.0,144.0,,0.8,101.0,6.5e-05,,,2021-10-05 23:55:00
5444928.390836896,0.0,145.0,,0.8,81.0,6.9e-05,,,2021-10-06 00:00:00
5444929.390959071,0.0,146.0,,0.8,126.0,6.5e-05,,,2021-10-06 00:05:00
5444930.391081247,0.0,146.0,,0.8,134.0,6.5e-05,,,2021-10-06 00:10:00
5444931.391203421,0.0,148.0,,0.8,143.0,6.5e-05,,,2021-10-06 00:15:00
5444932.391325596,0.0,154.0,,0.8,156.0,6.7e-05,,,2021-10-06 00:20:00
5444933.39144777,0.0,158.0,,0.8,84.0,8.4e-05,,,2021-10-06 00:25:00
5444934.391569945,0.0,159.0,,0.8,81.0,9.7e-05,,,2021-10-06 00:30:00
5444935.39169212,0.0,160.0,,0.8,80.0,0.00012,,,2021-10-06 00:35:00
5444936.391814294,0.0,160.0,,0.8,80.0,0.000169,,,2021-10-06 00:40:00
5444937.391936469,0.0,161.0,,0.8,80.0,0.000255,,,2021-10-06 00:45:00
5444938.3920586435,0.0,163.0,,0.8,79.0,0.000401,,,2021-10-06 00:50:00
5444939.392180818,0.0,165.0,,0.8,85.0,0.000299,,,2021-10-06 00:55:00
5444940.392302993,0.0,169.0,,0.8,132.0,0.000131,,,2021-10-06 01:00:00
5444941.392425168,0.0,170.0,,0.8,144.0,0.000105,,,2021-10-06 01:05:00
5444942.392547343,0.0,172.0,,0.8,129.0,8.9e-05,,,2021-10-06 01:10:00
5444943.392669518,0.0,174.0,,0.8,124.0,8.6e-05,,,2021-10-06 01:15:00
5444944.392791692,0.0,177.0,,0.8,79.0,9.5e-05,,,2021-10-06 01:20:00
5444945.392913867,0.0,182.0,,0.8,74.0,0.000106,,,2021-10-06 01:25:00
5444946.393036041,0.0,183.0,,0.8,75.0,0.00012,,,2021-10-06 01:30:00
5444947.393158216,0.0,186.0,,0.8,75.0,0.000137,,,2021-10-06 01:35:00
5444948.393280391,0.0,189.0,,0.8,74.0,0.000172,,,2021-10-06 01:40:00
5444949.393402565,0.0,195.0,,0.8,75.0,0.000213,,,2021-10-06 01:45:00
5444950.39352474,0.0,199.0,,0.8,75.0,0.000253,,,2021-10-06 01:50:00
5444951.393646915,0.0,202.0,,0.8,76.0,0.000285,,,2021-10-06 01:55:00
5444952.39376909,0.0,208.0,,0.8,75.0,0.000272,,,2021-10-06 02:00:00
5444953.393891265,0.0,213.0,,0.8,75.0,0.000273,,,2021-10-06 02:05:00
5444954.394013439,0.0,217.0,,0.8,79.0,0.000188,,,2021-10-06 02:10:00
5444955.394135614,0.0,217.0,,0.8,120.0,0.000154,,,2021-10-06 02:15:00
5444956.394257789,0.0,216.0,,0.8,134.0,0.00014,,,2021-10-06 02:20:00
5444957.394379963,0.0,217.0,,0.8,133.0,0.000109,,,2021-10-06 02:25:00
5444958.394502138,0.0,220.0,,0.8,134.0,8e-05,,,2021-10-06 02:30:00
5444959.394624312,0.0,222.0,,0.8,121.0,8e-05,,,2021-10-06 02:35:00
5444960.394746487,0.0,224.0,,0.8,135.0,8.4e-05,,,2021-10-06 02:40:00
5444961.394868662,0.0,228.0,,0.8,129.0,8.6e-05,,,2021-10-06 02:45:00
5444962.394990837,0.0,234.0,,0.8,81.0,0.000102,,,2021-10-06 02:50:00
5444963.395113012,0.0,241.0,251.0,0.8,83.0,0.000105,,9.55,2021-10-06 02:55:00
5444964.395235186,0.0,245.0,,0.8,89.0,0.00011,,,2021-10-06 03:00:00
5444965.395357361,0.0,248.0,,0.8,76.0,0.000132,,,2021-10-06 03:05:00
5444966.395479536,0.0,247.0,,0.8,91.0,0.000112,,,2021-10-06 03:10:00
5444967.39560171,0.0,243.0,,0.8,139.0,9.7e-05,,,2021-10-06 03:15:00
5444968.395723885,0.0,240.0,,0.8,146.0,9.8e-05,,,2021-10-06 03:20:00
5444969.39584606,0.0,239.0,,0.8,140.0,9.7e-05,,,2021-10-06 03:25:00
5444970.395968234,0.0,235.0,,0.8,139.0,9.7e-05,,,2021-10-06 03:30:00
5444971.396090409,0.0,236.0,,0.8,89.0,0.000107,,,2021-10-06 03:35:00
5444972.396212584,0.0,237.0,,0.8,69.0,0.000123,,,2021-10-06 03:40:00
5444973.396334759,0.0,233.0,,0.8,70.0,0.000129,,,2021-10-06 03:45:00
5444974.396456934,0.0,229.0,,0.8,72.0,0.000129,,,2021-10-06 03:50:00
5444975.396579108,0.0,224.0,,0.8,110.0,0.000111,,,2021-10-06 03:55:00
5444976.396701283,0.0,223.0,,0.8,92.0,0.000117,,,2021-10-06 04:00:00
5444977.396823457,0.0,224.0,,0.8,76.0,0.000123,,,2021-10-06 04:05:00
5444978.396945632,0.0,224.0,,0.8,72.0,0.000128,,,2021-10-06 04:10:00
5444979.397067807,0.0,219.0,,0.8,86.0,0.000116,,,2021-10-06 04:15:00
5444980.397189981,0.0,212.0,,0.8,76.0,0.000106,,,2021-10-06 04:20:00
5444981.397312156,0.0,208.0,,0.8,115.0,8.8e-05,,,2021-10-06 04:25:00
5444982.397434331,0.0,205.0,,0.8,92.0,8.4e-05,,,2021-10-06 04:30:00
5444983.397556506,0.0,202.0,,0.8,80.0,8.1e-05,,,2021-10-06 04:35:00
5444984.397678681,0.0,201.0,,0.8,76.0,9e-05,,,2021-10-06 04:40:00
5444985.397800855,0.0,200.0,,0.8,74.0,9.7e-05,,,2021-10-06 04:45:00
5444986.39792303,0.0,195.0,,0.8,123.0,8.5e-05,,,2021-10-06 04:50:00
5444987.398045205,0.0,187.0,,0.8,136.0,8.2e-05,,,2021-10-06 04:55:00
5444988.398167379,0.0,181.0,,0.8,120.0,8.3e-05,,,2021-10-06 05:00:00
5444989.398289554,0.0,183.0,166.0,0.8,105.0,,,2.9,2021-10-06 05:05:00
5444990.398411728,0.0,179.0,,0.8,,,,,2021-10-06 05:10:00
5444991.398533903,0.0,169.0,,0.8,,,,,2021-10-06 05:15:00
5444992.398656078,0.0,161.0,,0.8,,,,,2021-10-06 05:20:00
5444993.398778253,0.0,156.0,,0.8,,,,,2021-10-06 05:25:00
5444994.398900428,0.0,153.0,,0.8,,,,,2021-10-06 05:30:00
5444995.3990226025,0.0,149.0,,0.8,,,,,2021-10-06 05:35:00
5444996.399144777,0.0,147.0,,0.8,,,,,2021-10-06 05:40:00
5444997.399266952,0.0,140.0,,0.8,,,,,2021-10-06 05:45:00
5444998.399389126,0.0,135.0,,0.8,,,,,2021-10-06 05:50:00
5444999.399511301,0.0,131.0,133.0,0.8,,,,1.7,2021-10-06 05:55:00
5445000.399633476,0.0,128.0,,0.8,,,10.0,,2021-10-06 06:00:00
5445001.39975565,0.0,125.0,,0.8,,,,,2021-10-06 06:05:00
5445002.399877825,0.0,125.0,,0.8,,,,,2021-10-06 06:10:00
5445003.399999999,0.0,125.0,,0.8,,,,,2021-10-06 06:15:00
5445004.400122175,0.0,123.0,,0.8,,,,,2021-10-06 06:20:00
5445005.40024435,0.0,124.0,,0.8,,,,,2021-10-06 06:25:00
5445006.400366524,0.0,123.0,,0.8,,,,,2021-10-06 06:30:00
5445007.400488699,0.0,123.0,,0.8,,,,,2021-10-06 06:35:00
5445008.4006108735,0.0,123.0,,0.8,,,,,2021-10-06 06:40:00
5445009.400733048,0.0,124.0,,0.8,93.0,5.6e-05,,,2021-10-06 06:45:00
5445010.400855223,0.0,123.0,,0.8,102.0,0.000129,,,2021-10-06 06:50:00
5445011.400977397,0.0,124.0,,0.8,102.0,2.555969,,,2021-10-06 06:55:00
5445012.401099572,0.0,125.0,,0.8,105.0,6.306,,,2021-10-06 07:00:00
5445013.401221747,0.0,121.0,,0.8,101.0,2.884,,,2021-10-06 07:05:00
5445014.401343922,0.0,115.0,,0.8,90.0,1.3784,,,2021-10-06 07:10:00
5445015.401466097,0.0,111.0,123.0,0.8,104.0,0.89,,,2021-10-06 07:15:00
5445016.401588271,0.0,110.0,,0.8,98.0,1.88,,,2021-10-06 07:20:00
5445017.401710446,0.0,111.0,,0.8,93.0,1.174,,,2021-10-06 07:25:00
5445018.401832621,0.0,107.0,,0.8,87.0,0.6666,,,2021-10-06 07:30:00
5445019.401954795,0.0,106.0,,0.8,91.0,0.2088,,,2021-10-06 07:35:00
5445020.40207697,0.0,104.0,,0.8,93.0,0.135,,,2021-10-06 07:40:00
5445021.4021991445,0.0,103.0,,0.8,95.0,0.09026,,,2021-10-06 07:45:00
5445022.402321319,0.0,107.0,,0.8,91.0,0.0642,,,2021-10-06 07:50:00
5445023.402443494,0.0,106.0,,0.8,99.0,0.0727,,,2021-10-06 07:55:00
5445024.402565669,0.0,108.0,,0.8,104.0,0.11588,,,2021-10-06 08:00:00
5445025.402687844,0.0,109.0,,0.8,109.0,2.47116,,,2021-10-06 08:05:00
5445026.4028100185,0.0,109.0,,0.8,103.0,9.174,,,2021-10-06 08:10:00
5445027.402932193,0.0,108.0,109.0,0.8,95.0,6.344,,12.8,2021-10-06 08:15:00
5445028.403054368,0.0,105.0,,0.8,95.0,3.146,,,2021-10-06 08:20:00
5445029.403176542,0.0,105.0,,0.8,95.0,1.706,,,2021-10-06 08:25:00
5445030.403298717,0.0,108.0,,0.8,95.0,0.977,,,2021-10-06 08:30:00
5445031.403420892,0.0,110.0,,0.8,94.0,0.7602,,,2021-10-06 08:35:00
5445032.403543066,0.0,113.0,,0.8,96.0,0.6462,,,2021-10-06 08:40:00
5445033.403665241,0.0,117.0,,0.8,97.0,0.5884,,,2021-10-06 08:45:00
5445034.4037874155,0.0,123.0,,0.8,94.0,0.4596,,,2021-10-06 08:50:00
5445035.403909591,0.0,129.0,,0.8,95.0,0.383,,,2021-10-06 08:55:00
5445036.404031766,0.0,135.0,,0.8,95.0,0.3252,,,2021-10-06 09:00:00
5445037.40415394,0.0,140.0,,0.8,93.0,0.2402,,,2021-10-06 09:05:00
5445038.404276115,0.0,143.0,,0.8,93.0,0.1882,,,2021-10-06 09:10:00
5445039.4043982895,0.0,143.0,,0.8,95.0,0.1612,,,2021-10-06 09:15:00
5445040.404520464,0.0,143.0,,0.8,94.0,0.1642,,,2021-10-06 09:20:00
5445041.404642639,0.0,146.0,,0.8,93.0,0.1384,,,2021-10-06 09:25:00
5445042.404764813,0.0,144.0,138.0,0.8,94.0,0.1166,,,2021-10-06 09:30:00
5445043.404886988,0.0,139.0,,0.8,97.0,0.1132,,,2021-10-06 09:35:00
5445044.405009163,0.0,136.0,,0.8,92.0,0.1068,,,2021-10-06 09:40:00
5445045.405131338,0.0,132.0,,0.8,98.0,0.0965,,,2021-10-06 09:45:00
5445046.405253513,0.0,130.0,,0.8,95.0,0.07496,,,2021-10-06 09:50:00
5445047.405375687,0.0,129.0,,0.8,84.0,0.07206,,,2021-10-06 09:55:00
5445048.405497862,0.0,124.0,,0.8,86.0,0.07138,,,2021-10-06 10:00:00
5445049.405620037,0.0,120.0,,0.8,86.0,0.06732,,,2021-10-06 10:05:00
5445050.405742211,0.0,121.0,,0.8,87.0,0.05696,,,2021-10-06 10:10:00
5445051.405864386,0.0,122.0,,0.8,85.0,0.05674,,,2021-10-06 10:15:00
5445052.4059865605,0.0,122.0,,0.8,85.0,0.05272,,,2021-10-06 10:20:00
5445053.406108735,0.0,122.0,,0.8,85.0,0.0513,,,2021-10-06 10:25:00
5445054.40623091,0.0,123.0,,0.8,86.0,0.05064,,,2021-10-06 10:30:00
5445055.406353084,0.0,121.0,,0.8,89.0,0.05052,,,2021-10-06 10:35:00
5445056.40647526,0.0,119.0,,0.8,90.0,0.039728,,,2021-10-06 10:40:00
5445057.406597435,0.0,115.0,,0.8,86.0,0.03172,,,2021-10-06 10:45:00
5445058.406719609,0.0,114.0,,0.8,86.0,0.04056,,,2021-10-06 10:50:00
5445059.406841784,0.0,112.0,,0.8,86.0,0.03814,,,2021-10-06 10:55:00
5445060.406963958,0.0,110.0,,0.8,80.0,0.03642,,,2021-10-06 11:00:00
5445061.407086133,0.0,108.0,,0.8,106.0,0.03046,,,2021-10-06 11:05:00
5445062.407208308,0.0,108.0,,0.8,92.0,0.023272,,,2021-10-06 11:10:00
5445063.407330482,0.0,105.0,,0.8,91.0,0.03068,,,2021-10-06 11:15:00
5445064.407452657,0.0,99.0,94.0,0.8,88.0,0.021862,,,2021-10-06 11:20:00
5445065.4075748315,0.0,97.0,94.0,0.8,107.0,0.02332,,11.8,2021-10-06 11:25:00
5445066.407697007,0.0,96.0,,0.8,105.0,0.01978,40.0,,2021-10-06 11:30:00
5445067.407819182,0.0,94.0,,0.8,100.0,0.015672,,,2021-10-06 11:35:00
5445068.407941356,0.0,95.0,,0.8,99.0,0.0195,,,2021-10-06 11:40:00
5445069.408063531,0.0,96.0,,0.8,100.0,0.0133,,,2021-10-06 11:45:00
5445070.408185706,0.0,96.0,,0.8,99.0,0.011502,,,2021-10-06 11:50:00
5445071.40830788,0.0,99.0,,0.8,103.0,0.01498,,,2021-10-06 11:55:00
5445072.408430055,0.0,103.0,,0.8,103.0,0.014968,,,2021-10-06 12:00:00
5445073.408552229,0.0,102.0,,0.8,96.0,0.01742,,,2021-10-06 12:05:00
5445074.408674404,0.0,97.0,,0.8,95.0,0.01616,,,2021-10-06 12:10:00
5445075.408796579,0.0,96.0,,0.8,96.0,0.012024,,,2021-10-06 12:15:00
5445076.408918753,0.0,96.0,,0.8,95.0,0.011524,,,2021-10-06 12:20:00
5445077.409040929,0.0,95.0,,0.8,95.0,0.01824,,,2021-10-06 12:25:00
5445078.409163103,0.0,95.0,,0.8,94.0,0.012046,,,2021-10-06 12:30:00
5445079.409285278,0.0,96.0,,0.8,95.0,0.0153,,,2021-10-06 12:35:00
5445080.409407453,0.0,96.0,,0.8,94.0,0.01265,,,2021-10-06 12:40:00
5445081.409529627,0.0,97.0,,0.8,94.0,0.01662,,,2021-10-06 12:45:00
5445082.409651802,0.0,99.0,,0.8,101.0,0.015338,,,2021-10-06 12:50:00
5445083.409773977,0.0,97.0,,0.8,99.0,0.016672,,,2021-10-06 12:55:00
5445084.409896151,0.0,95.0,,0.8,97.0,0.02578,,,2021-10-06 13:00:00
5445085.410018326,0.0,96.0,,0.8,94.0,0.01698,,,2021-10-06 13:05:00
5445086.4101405,0.0,99.0,,0.8,97.0,0.01349,,,2021-10-06 13:10:00
5445087.410262676,0.0,99.0,,0.8,92.0,0.01528,,,2021-10-06 13:15:00
5445088.410384851,0.0,101.0,,0.8,93.0,0.01392,,,2021-10-06 13:20:00
5445089.410507025,0.0,106.0,,0.8,92.0,0.01404,,,2021-10-06 13:25:00
5445090.4106292,0.0,111.0,112.0,0.8,92.0,0.01378,,,2021-10-06 13:30:00
5445091.410751374,0.0,113.0,,0.8,93.0,0.01254,,,2021-10-06 13:35:00
5445092.410873549,0.0,115.0,,0.8,104.0,0.01522,,,2021-10-06 13:40:00
5445093.410995724,0.0,112.0,,0.8,112.0,0.01968,,,2021-10-06 13:45:00
5445094.411117898,0.0,111.0,,0.8,103.0,0.037502,,,2021-10-06 13:50:00
5445095.411240073,0.0,110.0,,0.8,97.0,0.02932,,,2021-10-06 13:55:00
5445096.411362248,0.0,108.0,,0.8,94.0,0.02482,,,2021-10-06 14:00:00
5445097.411484423,0.0,108.0,,0.8,96.0,0.014964,,,2021-10-06 14:05:00
5445098.411606598,0.0,112.0,,0.8,92.0,0.0202,,,2021-10-06 14:10:00
5445099.411728772,0.0,116.0,,0.8,92.0,0.01366,,,2021-10-06 14:15:00
5445100.411850947,0.0,123.0,,0.8,90.0,0.02146,,,2021-10-06 14:20:00
5445101.411973122,0.0,128.0,,0.8,101.0,0.01838,,,2021-10-06 14:25:00
5445102.412095296,0.0,130.0,,0.8,104.0,0.02726,,,2021-10-06 14:30:00
5445103.412217471,0.0,128.0,,0.8,102.0,0.03588,,,2021-10-06 14:35:00
5445104.412339645,0.0,126.0,,0.8,95.0,0.05388,,,2021-10-06 14:40:00
5445105.41246182,0.0,124.0,,0.8,87.0,0.0421,,,2021-10-06 14:45:00
5445106.412583995,0.0,128.0,,0.8,91.0,0.0373,,,2021-10-06 14:50:00
5445107.412706169,0.0,131.0,,0.8,89.0,0.03048,,,2021-10-06 14:55:00
5445108.412828345,0.0,133.0,,0.8,91.0,0.03396,,,2021-10-06 15:00:00
5445109.4129505195,0.0,135.0,,0.8,85.0,0.0314,,,2021-10-06 15:05:00
5445110.413072694,0.0,137.0,,0.8,84.0,0.02584,,,2021-10-06 15:10:00
5445111.413194869,0.0,139.0,,0.8,98.0,0.02672,,,2021-10-06 15:15:00
5445112.413317043,0.0,140.0,,0.8,95.0,0.01974,,,2021-10-06 15:20:00
5445113.413439218,0.0,140.0,,0.8,87.0,0.0179,,,2021-10-06 15:25:00
5445114.413561393,0.0,139.0,,0.8,90.0,0.03286,,,2021-10-06 15:30:00
5445115.413683567,0.0,141.0,,0.8,89.0,0.03028,,,2021-10-06 15:35:00
5445116.413805742,0.0,141.0,,0.8,87.0,0.02738,,,2021-10-06 15:40:00
5445117.413927916,0.0,142.0,,0.8,88.0,0.0238,,,2021-10-06 15:45:00
5445118.414050092,0.0,145.0,,0.8,100.0,0.01848,,,2021-10-06 15:50:00
5445119.414172267,0.0,150.0,,0.8,105.0,0.014958,,,2021-10-06 15:55:00
5445120.414294441,0.0,158.0,,0.8,113.0,0.019238,,,2021-10-06 16:00:00
5445121.414416616,0.0,161.0,,0.8,103.0,0.04432,,,2021-10-06 16:05:00
5445122.4145387905,0.0,164.0,166.0,0.8,104.0,0.26386,,,2021-10-06 16:10:00
5445123.414660965,0.0,169.0,,0.8,89.0,0.2024,,,2021-10-06 16:15:00
5445124.41478314,0.0,172.0,166.0,0.8,89.0,0.2054,,3.1,2021-10-06 16:20:00
5445125.414905314,0.0,175.0,,0.8,90.0,0.15606,,,2021-10-06 16:25:00
5445126.415027489,0.0,177.0,,0.8,90.0,0.205,,,2021-10-06 16:30:00
5445127.415149664,0.0,178.0,,0.8,89.0,0.13834,,,2021-10-06 16:35:00
5445128.415271838,0.0,176.0,,0.8,97.0,0.10802,,,2021-10-06 16:40:00
5445129.415394014,0.0,177.0,,0.8,91.0,0.1388,,,2021-10-06 16:45:00
5445130.415516188,0.0,175.0,,0.8,94.0,0.1167,,,2021-10-06 16:50:00
5445131.415638363,0.0,175.0,,0.8,113.0,0.1186,,,2021-10-06 16:55:00
5445132.415760538,0.0,177.0,,0.8,104.0,0.1414,,,2021-10-06 17:00:00
5445133.415882712,0.0,176.0,,0.8,104.0,0.187,,,2021-10-06 17:05:00
5445134.416004887,0.0,177.0,,0.8,114.0,1.9992,,,2021-10-06 17:10:00
5445135.4161270615,0.0,182.0,,0.8,120.0,8.234,,,2021-10-06 17:15:00
5445136.416249236,0.0,188.0,,0.8,113.0,14.8,,,2021-10-06 17:20:00
5445137.416371411,0.0,188.0,,0.8,112.0,15.12,,,2021-10-06 17:25:00
5445138.416493585,0.0,187.0,,0.8,127.0,14.86,,,2021-10-06 17:30:00
5445139.416615761,0.0,186.0,,0.8,101.0,13.84,,,2021-10-06 17:35:00
5445140.4167379355,0.0,180.0,,0.8,115.0,14.0,,,2021-10-06 17:40:00
5445141.41686011,0.0,178.0,,0.8,111.0,13.16,,,2021-10-06 17:45:00
5445142.416982285,0.0,183.0,,0.8,114.0,10.86,,,2021-10-06 17:50:00
5445143.417104459,0.0,184.0,158.0,0.8,115.0,9.022,,,2021-10-06 17:55:00
5445144.417226634,0.0,185.0,,0.8,104.0,4.37,,,2021-10-06 18:00:00
5445145.417348809,0.0,183.0,,0.8,104.0,3.674,,,2021-10-06 18:05:00
5445146.417470983,0.0,182.0,,0.8,103.0,3.384,,,2021-10-06 18:10:00
5445147.417593158,0.0,186.0,,0.8,102.0,2.656,,,2021-10-06 18:15:00
5445148.4177153325,0.0,190.0,,0.8,109.0,1.0212,,,2021-10-06 18:20:00
5445149.417837507,0.0,194.0,,0.8,112.0,0.6288,,,2021-10-06 18:25:00
5445150.417959683,0.0,200.0,,0.8,107.0,0.7332,,,2021-10-06 18:30:00
5445151.418081857,0.0,206.0,204.0,0.8,109.0,0.7584,,8.3,2021-10-06 18:35:00
5445152.418204032,0.0,213.0,,0.8,104.0,0.9568,,,2021-10-06 18:40:00
5445153.4183262065,0.0,222.0,,0.8,100.0,1.005,,,2021-10-06 18:45:00
5445154.418448381,0.0,235.0,,0.8,102.0,0.7544,,,2021-10-06 18:50:00
5445155.418570556,0.0,248.0,,0.8,109.0,0.7062,,,2021-10-06 18:55:00
5445156.41869273,0.0,256.0,237.0,0.8,98.0,0.8074,5.0,13.7,2021-10-06 19:00:00
5445157.418814905,0.0,256.0,,0.8,115.0,0.7968,,,2021-10-06 19:05:00
5445158.41893708,0.0,246.0,,0.8,109.0,4.432,,,2021-10-06 19:10:00
5445159.419059254,0.0,239.0,,0.8,112.0,5.178,,,2021-10-06 19:15:00
5445160.41918143,0.0,227.0,,0.8,125.0,4.146,,,2021-10-06 19:20:00
5445161.419303604,0.0,211.0,,0.8,122.0,3.86,,,2021-10-06 19:25:00
5445162.419425779,0.0,193.0,,0.8,117.0,3.628,,,2021-10-06 19:30:00
5445163.419547954,0.0,172.0,,0.8,114.0,3.292,,,2021-10-06 19:35:00
5445164.419670128,0.0,152.0,,0.8,107.0,3.084,,,2021-10-06 19:40:00
5445165.419792303,0.0,137.0,,0.8,105.0,2.84,,,2021-10-06 19:45:00
5445166.4199144775,0.0,125.0,,0.8,104.0,2.56,,,2021-10-06 19:50:00
5445167.420036652,0.0,114.0,,0.8,105.0,2.458,,,2021-10-06 19:55:00
5445168.420158827,0.0,106.0,,0.8,102.0,2.308,,,2021-10-06 20:00:00
5445169.420281001,0.0,99.0,,0.8,104.0,2.178,,,2021-10-06 20:05:00
5445170.420403177,0.0,95.0,,0.8,101.0,2.218,,,2021-10-06 20:10:00
5445171.420525352,0.0,89.0,,0.8,101.0,2.158,,,2021-10-06 20:15:00
5445172.420647526,0.0,84.0,,0.8,117.0,1.546,,,2021-10-06 20:20:00
5445173.420769701,0.0,77.0,,0.8,111.0,1.366,,,2021-10-06 20:25:00
5445174.420891875,0.0,69.0,,0.8,101.0,1.4144,,,2021-10-06 20:30:00
5445175.42101405,0.0,64.0,,0.8,100.0,1.35,,,2021-10-06 20:35:00
5445176.421136225,0.0,61.0,,0.8,99.0,1.37,,,2021-10-06 20:40:00
5445177.421258399,0.0,62.0,,0.8,98.0,1.1998,,,2021-10-06 20:45:00
5445178.421380574,0.0,65.0,,0.8,97.0,1.0102,,,2021-10-06 20:50:00
5445179.4215027485,0.0,70.0,,0.8,99.0,1.012,,,2021-10-06 20:55:00
5445180.421624923,0.0,72.0,,0.8,94.0,0.962,,,2021-10-06 21:00:00
5445181.421747099,0.0,74.0,,0.8,95.0,0.8552,,,2021-10-06 21:05:00
5445182.421869273,0.0,76.0,,0.8,91.0,0.8952,,,2021-10-06 21:10:00
5445183.421991448,0.0,78.0,64.0,0.8,106.0,0.7788,,,2021-10-06 21:15:00
5445184.422113623,0.0,78.0,,0.8,92.0,0.8588,,,2021-10-06 21:20:00
5445185.422235797,0.0,81.0,,0.8,90.0,0.9166,,,2021-10-06 21:25:00
5445186.422357972,0.0,83.0,,0.8,95.0,0.9576,,,2021-10-06 21:30:00
5445187.422480146,0.0,84.0,,0.8,106.0,0.7732,,,2021-10-06 21:35:00
5445188.422602321,0.0,83.0,,0.8,106.0,0.6368,,,2021-10-06 21:40:00
5445189.422724496,0.0,81.0,,0.8,94.0,0.7088,,,2021-10-06 21:45:00
5445190.42284667,0.0,80.0,,0.8,92.0,0.5374,,,2021-10-06 21:50:00
5445191.422968846,0.0,81.0,,0.8,95.0,0.742,,,2021-10-06 21:55:00
5445192.42309102,0.0,87.0,,0.8,110.0,0.714,,,2021-10-06 22:00:00
5445193.423213195,0.0,89.0,,0.8,,,,,2021-10-06 22:05:00
5445194.42333537,0.0,89.0,,0.8,,,,,2021-10-06 22:10:00
5445195.423457544,0.0,86.0,,0.8,101.0,0.481582,,,2021-10-06 22:15:00
5445196.423579719,0.0,85.0,,0.8,94.0,0.7736,,,2021-10-06 22:20:00
5445197.423701894,0.0,92.0,,0.8,87.0,0.2398,,,2021-10-06 22:25:00
5445198.423824068,0.0,100.0,,0.8,89.0,0.0981,,,2021-10-06 22:30:00
5445199.423946243,0.0,106.0,,0.8,107.0,0.1256,,,2021-10-06 22:35:00
5445200.424068417,0.0,110.0,,0.8,134.0,0.1664,,,2021-10-06 22:40:00
5445201.424190592,0.0,113.0,,0.8,124.0,0.156,,,2021-10-06 22:45:00
5445202.424312768,0.0,118.0,,0.8,95.0,0.095802,,,2021-10-06 22:50:00
5445203.424434942,0.0,122.0,,0.8,85.0,0.034,,,2021-10-06 22:55:00
5445204.424557117,0.0,123.0,,0.8,86.0,0.03688,,,2021-10-06 23:00:00
5445205.424679291,0.0,122.0,,0.8,85.0,0.03678,,,2021-10-06 23:05:00
5445206.424801466,0.0,120.0,,0.8,84.0,0.03268,,,2021-10-06 23:10:00
5445207.424923641,0.0,120.0,,0.8,85.0,0.02734,,,2021-10-06 23:15:00
5445208.425045815,0.0,124.0,,0.8,84.0,0.017002,,,2021-10-06 23:20:00
5445209.42516799,0.0,129.0,,0.8,84.0,0.010416,,,2021-10-06 23:25:00
5445210.425290165,0.0,132.0,,0.8,83.0,0.003924,,,2021-10-06 23:30:00
5445211.425412339,0.0,135.0,,0.8,81.0,0.003472,,,2021-10-06 23:35:00
5445212.425534515,0.0,138.0,,0.8,80.0,0.004984,,,2021-10-06 23:40:00
5445213.425656689,0.0,142.0,,0.8,79.0,0.003682,,,2021-10-06 23:45:00
5445214.425778864,0.0,145.0,,0.8,76.0,0.00223,,,2021-10-06 23:50:00
5445215.425901039,0.0,148.0,,0.8,78.0,0.002029,,,2021-10-06 23:55:00
5445216.426023213,0.0,150.0,,0.8,76.0,0.000177,,,2021-10-07 00:00:00
5445217.426145388,0.0,153.0,,0.8,75.0,8.4e-05,,,2021-10-07 00:05:00
5445218.426267562,0.0,155.0,,0.8,74.0,0.000351,,,2021-10-07 00:10:00
5445219.426389737,0.0,158.0,,0.8,77.0,0.000839,,,2021-10-07 00:15:00
5445220.426511912,0.0,161.0,,0.8,79.0,0.001296,,,2021-10-07 00:20:00
5445221.426634086,0.0,163.0,,0.8,77.0,0.001774,,,2021-10-07 00:25:00
5445222.426756261,0.0,165.0,,0.8,79.0,0.002224,,,2021-10-07 00:30:00
5445223.4268784365,0.0,167.0,,0.8,80.0,0.002592,,,2021-10-07 00:35:00
5445224.427000611,0.0,169.0,,0.8,78.0,0.003006,,,2021-10-07 00:40:00
5445225.427122786,0.0,171.0,,0.8,79.0,0.00264,,,2021-10-07 00:45:00
5445226.42724496,0.0,172.0,,0.8,77.0,0.002858,,,2021-10-07 00:50:00
5445227.427367135,0.0,174.0,,0.8,77.0,0.002982,,,2021-10-07 00:55:00
5445228.42748931,0.0,176.0,,0.8,76.0,0.003184,,,2021-10-07 01:00:00
5445229.427611484,0.0,177.0,,0.8,76.0,0.003046,,,2021-10-07 01:05:00
5445230.427733659,0.0,179.0,,0.8,94.0,0.002126,,,2021-10-07 01:10:00
5445231.427855833,0.0,179.0,,0.8,79.0,0.001648,,,2021-10-07 01:15:00
5445232.427978008,0.0,179.0,,0.8,75.0,0.001494,,,2021-10-07 01:20:00
5445233.428100184,0.0,177.0,,0.8,74.0,0.00188,,,2021-10-07 01:25:00
5445234.428222358,0.0,175.0,,0.8,72.0,0.00575,,,2021-10-07 01:30:00
5445235.428344533,0.0,171.0,,0.8,96.0,0.003894,,,2021-10-07 01:35:00
5445236.4284667075,0.0,169.0,,0.8,114.0,0.003258,,,2021-10-07 01:40:00
5445237.428588882,0.0,168.0,,0.8,75.0,0.004162,,,2021-10-07 01:45:00
5445238.428711057,0.0,169.0,,0.8,78.0,0.003586,,,2021-10-07 01:50:00
5445239.428833231,0.0,171.0,,0.8,71.0,0.002984,,,2021-10-07 01:55:00
5445240.428955406,0.0,169.0,,0.8,109.0,0.003108,,,2021-10-07 02:00:00
5445241.429077581,0.0,167.0,,0.8,138.0,0.00476,,,2021-10-07 02:05:00
5445242.429199755,0.0,165.0,,0.8,136.0,0.005382,,,2021-10-07 02:10:00
5445243.42932193,0.0,165.0,,0.8,130.0,0.005766,,,2021-10-07 02:15:00
5445244.429444105,0.0,167.0,,0.8,134.0,0.002151,,,2021-10-07 02:20:00
5445245.42956628,0.0,169.0,,0.8,123.0,0.00086,,,2021-10-07 02:25:00
5445246.429688455,0.0,171.0,,0.8,72.0,0.001547,,,2021-10-07 02:30:00
5445247.429810629,0.0,172.0,,0.8,72.0,0.00221,,,2021-10-07 02:35:00
5445248.429932804,0.0,172.0,,0.8,73.0,0.00246,,,2021-10-07 02:40:00
5445249.4300549785,0.0,172.0,,0.8,71.0,0.001229,,,2021-10-07 02:45:00
5445250.430177153,0.0,172.0,,0.8,71.0,0.001278,,,2021-10-07 02:50:00
5445251.430299328,0.0,172.0,,0.8,71.0,0.001208,,,2021-10-07 02:55:00
5445252.430421502,0.0,174.0,,0.8,71.0,0.001092,,,2021-10-07 03:00:00
5445253.430543677,0.0,178.0,,0.8,71.0,0.000911,,,2021-10-07 03:05:00
5445254.4306658525,0.0,183.0,,0.8,70.0,0.000746,,,2021-10-07 03:10:00
5445255.430788027,0.0,184.0,,0.8,70.0,0.000637,,,2021-10-07 03:15:00
5445256.430910202,0.0,184.0,,0.8,68.0,0.000548,,,2021-10-07 03:20:00
5445257.431032376,0.0,184.0,,0.8,67.0,0.000482,,,2021-10-07 03:25:00
5445258.431154551,0.0,185.0,,0.8,72.0,0.000459,,,2021-10-07 03:30:00
5445259.431276726,0.0,186.0,,0.8,125.0,0.000491,,,2021-10-07 03:35:00
5445260.4313989,0.0,185.0,,0.8,154.0,0.000687,,,2021-10-07 03:40:00
5445261.431521075,0.0,186.0,,0.8,149.0,0.000809,,,2021-10-07 03:45:00
5445262.4316432495,0.0,186.0,,0.8,144.0,0.000933,,,2021-10-07 03:50:00
5445263.431765424,0.0,188.0,,0.8,134.0,0.001199,,,2021-10-07 03:55:00
5445264.4318876,0.0,189.0,,0.8,139.0,0.00136,,,2021-10-07 04:00:00
5445265.432009774,0.0,189.0,,0.8,139.0,0.001338,,,2021-10-07 04:05:00
5445266.432131949,0.0,188.0,,0.8,132.0,0.001484,,,2021-10-07 04:10:00
5445267.4322541235,0.0,191.0,,0.8,87.0,0.000971,,,2021-10-07 04:15:00
5445268.432376298,0.0,194.0,,0.8,74.0,0.000582,,,2021-10-07 04:20:00
5445269.432498473,0.0,193.0,,0.8,71.0,0.00071,,,2021-10-07 04:25:00
5445270.432620647,0.0,193.0,,0.8,69.0,0.000716,,,2021-10-07 04:30:00
5445271.432742822,0.0,193.0,,0.8,70.0,0.000695,,,2021-10-07 04:35:00
5445272.432864997,0.0,194.0,,0.8,71.0,0.000645,,,2021-10-07 04:40:00
5445273.432987171,0.0,194.0,,0.8,71.0,0.001145,,,2021-10-07 04:45:00
5445274.433109346,0.0,195.0,,0.8,75.0,0.001542,,,2021-10-07 04:50:00
5445275.433231521,0.0,197.0,,0.8,79.0,0.001747,,,2021-10-07 04:55:00
5445276.433353696,0.0,199.0,,0.8,85.0,0.000892,,,2021-10-07 05:00:00
5445277.433475871,0.0,197.0,185.0,0.8,102.0,0.00127,,4.6,2021-10-07 05:05:00
5445278.433598045,0.0,195.0,,0.8,,0.00214,,,2021-10-07 05:10:00
5445279.43372022,0.0,196.0,,0.8,,,,,2021-10-07 05:15:00
5445280.4338423945,0.0,195.0,,0.8,,,,,2021-10-07 05:20:00
5445281.433964569,0.0,195.0,,0.8,,,,,2021-10-07 05:25:00
5445282.434086744,0.0,194.0,,0.8,,,,,2021-10-07 05:30:00
5445283.434208918,0.0,189.0,,0.8,,,,,2021-10-07 05:35:00
5445284.434331093,0.0,186.0,,0.8,,,,,2021-10-07 05:40:00
5445285.434453269,0.0,184.0,,0.8,,,,,2021-10-07 05:45:00
5445286.434575443,0.0,181.0,,0.8,,,10.0,,2021-10-07 05:50:00
5445287.434697618,0.0,180.0,180.0,0.8,,,,6.0,2021-10-07 05:55:00
5445288.434819792,0.0,180.0,,0.8,,,,,2021-10-07 06:00:00
5445289.434941967,0.0,182.0,,0.8,,,,,2021-10-07 06:05:00
5445290.435064142,0.0,182.0,,0.8,,,,,2021-10-07 06:10:00
5445291.435186316,0.0,183.0,,0.8,,,,,2021-10-07 06:15:00
5445292.435308491,0.0,184.0,,0.8,94.0,7.2e-05,,,2021-10-07 06:20:00
5445293.4354306655,0.0,188.0,193.0,0.8,106.0,0.000607,,4.0,2021-10-07 06:25:00
5445294.43555284,0.0,192.0,,0.8,106.0,0.11464,,,2021-10-07 06:30:00
5445295.435675015,0.0,191.0,,0.8,105.0,0.6542,,,2021-10-07 06:35:00
5445296.43579719,0.0,188.0,,0.8,101.0,0.249,,,2021-10-07 06:40:00
5445297.435919365,0.0,186.0,,0.8,110.0,0.1009,,,2021-10-07 06:45:00
5445298.43604154,0.0,183.0,,0.8,101.0,0.03504,,,2021-10-07 06:50:00
5445299.436163714,0.0,178.0,,0.8,113.0,0.022,,,2021-10-07 06:55:00
5445300.436285889,0.0,174.0,,0.8,106.0,0.12722,,,2021-10-07 07:00:00
5445301.436408063,0.0,164.0,,0.8,96.0,0.05284,,,2021-10-07 07:05:00
5445302.436530238,0.0,154.0,,0.8,93.0,0.0281,,,2021-10-07 07:10:00
5445303.436652413,0.0,148.0,,0.8,103.0,0.0195,,,2021-10-07 07:15:00
5445304.436774587,0.0,145.0,,0.8,105.0,0.02518,,,2021-10-07 07:20:00
5445305.436896762,0.0,138.0,,0.8,96.0,0.03072,,,2021-10-07 07:25:00
5445306.437018937,0.0,130.0,,0.8,99.0,0.04138,,,2021-10-07 07:30:00
5445307.437141112,0.0,124.0,,0.8,99.0,0.0263,,,2021-10-07 07:35:00
5445308.437263287,0.0,119.0,,0.8,98.0,0.0164,,,2021-10-07 07:40:00
5445309.437385461,0.0,117.0,,0.8,97.0,0.011216,,,2021-10-07 07:45:00
5445310.437507636,0.0,115.0,,0.8,98.0,0.01652,,,2021-10-07 07:50:00
5445311.437629811,0.0,112.0,,0.8,100.0,0.01488,,,2021-10-07 07:55:00
5445312.437751985,0.0,111.0,,0.8,115.0,0.01582,,,2021-10-07 08:00:00
5445313.43787416,0.0,110.0,,0.8,90.0,0.02224,,,2021-10-07 08:05:00
5445314.437996334,0.0,107.0,,0.8,101.0,0.01814,,,2021-10-07 08:10:00
5445315.438118509,0.0,107.0,,0.8,101.0,0.02614,,,2021-10-07 08:15:00
5445316.438240684,0.0,107.0,,0.8,98.0,0.02314,,,2021-10-07 08:20:00
5445317.438362859,0.0,108.0,,0.8,99.0,0.01536,,,2021-10-07 08:25:00
5445318.438485034,0.0,109.0,,0.8,92.0,0.01206,,,2021-10-07 08:30:00
5445319.438607208,0.0,111.0,,0.8,95.0,0.010534,,,2021-10-07 08:35:00
5445320.438729383,0.0,110.0,,0.8,99.0,0.010444,,,2021-10-07 08:40:00
5445321.438851558,0.0,109.0,,0.8,92.0,0.009598,,,2021-10-07 08:45:00
5445322.438973732,0.0,107.0,,0.8,95.0,0.008336,,,2021-10-07 08:50:00
5445323.439095907,0.0,106.0,,0.8,90.0,0.006958,,,2021-10-07 08:55:00
5445324.4392180815,0.0,106.0,,0.8,97.0,0.004182,,,2021-10-07 09:00:00
5445325.439340256,0.0,104.0,,0.8,98.0,0.004786,,,2021-10-07 09:05:00
5445326.439462431,0.0,101.0,,0.8,96.0,0.003784,,,2021-10-07 09:10:00
5445327.439584606,0.0,101.0,,0.8,97.0,0.003632,,,2021-10-07 09:15:00
5445328.439706781,0.0,100.0,,0.8,94.0,0.00319,,,2021-10-07 09:20:00
5445329.439828956,0.0,101.0,,0.8,91.0,0.003126,,,2021-10-07 09:25:00
5445330.43995113,0.0,101.0,,0.8,91.0,0.002926,,,2021-10-07 09:30:00
5445331.440073305,0.0,100.0,,0.8,84.0,0.002524,,,2021-10-07 09:35:00
5445332.440195479,0.0,99.0,,0.8,91.0,0.002786,,,2021-10-07 09:40:00
5445333.440317654,0.0,99.0,,0.8,90.0,0.002502,,,2021-10-07 09:45:00
5445334.440439829,0.0,102.0,,0.8,94.0,0.002974,,,2021-10-07 09:50:00
5445335.440562003,0.0,101.0,,0.8,97.0,0.002112,,,2021-10-07 09:55:00
5445336.440684178,0.0,101.0,,0.8,91.0,0.00194,,,2021-10-07 10:00:00
5445337.440806353,0.0,102.0,,0.8,97.0,0.001868,,,2021-10-07 10:05:00
5445338.440928528,0.0,102.0,,0.8,91.0,0.001762,,,2021-10-07 10:10:00
5445339.441050703,0.0,103.0,,0.8,86.0,0.001802,,,2021-10-07 10:15:00
5445340.441172877,0.0,105.0,,0.8,88.0,0.001718,,,2021-10-07 10:20:00
5445341.441295052,0.0,107.0,,0.8,89.0,0.001522,,,2021-10-07 10:25:00
5445342.441417227,0.0,107.0,,0.8,87.0,0.001634,,,2021-10-07 10:30:00
5445343.441539401,0.0,108.0,,0.8,92.0,0.00157,,,2021-10-07 10:35:00
5445344.441661576,0.0,109.0,,0.8,108.0,0.001302,,,2021-10-07 10:40:00
5445345.44178375,0.0,108.0,,0.8,95.0,0.001131,,,2021-10-07 10:45:00
5445346.441905925,0.0,106.0,,0.8,91.0,0.001174,,,2021-10-07 10:50:00
5445347.4420281,0.0,106.0,,0.8,88.0,0.001248,,,2021-10-07 10:55:00
5445348.442150275,0.0,108.0,,0.8,90.0,0.000897,,,2021-10-07 11:00:00
5445349.44227245,0.0,108.0,,0.8,91.0,0.000993,,,2021-10-07 11:05:00
5445350.442394624,0.0,108.0,106.0,0.8,90.0,0.000897,,,2021-10-07 11:10:00
5445351.442516799,0.0,110.0,,0.8,91.0,0.000852,,,2021-10-07 11:15:00
5445352.442638974,0.0,112.0,,0.8,88.0,0.000836,,,2021-10-07 11:20:00
5445353.442761148,0.0,110.0,,0.8,101.0,0.000895,,,2021-10-07 11:25:00
5445354.442883323,0.0,110.0,,0.8,104.0,0.000443,,,2021-10-07 11:30:00
5445355.443005498,0.0,112.0,,0.8,99.0,0.000289,,,2021-10-07 11:35:00
5445356.443127672,0.0,114.0,106.0,0.8,104.0,0.000283,,2.35,2021-10-07 11:40:00
5445357.443249847,0.0,116.0,,0.8,105.0,0.000301,,,2021-10-07 11:45:00
5445358.443372022,0.0,114.0,,0.8,103.0,0.000259,,,2021-10-07 11:50:00
5445359.443494197,0.0,118.0,,0.8,110.0,0.000201,,,2021-10-07 11:55:00
5445360.443616372,0.0,126.0,,0.8,102.0,0.000191,,,2021-10-07 12:00:00
5445361.443738546,0.0,137.0,,0.8,107.0,0.004416,,,2021-10-07 12:05:00
5445362.443860721,0.0,149.0,,0.8,106.0,0.13032,,,2021-10-07 12:10:00
5445363.443982895,0.0,163.0,,0.8,97.0,2.6314,,,2021-10-07 12:15:00
5445364.44410507,0.0,177.0,,0.8,93.0,6.178,,,2021-10-07 12:20:00
5445365.444227245,0.0,188.0,,0.8,102.0,5.492,,,2021-10-07 12:25:00
5445366.444349419,0.0,195.0,,0.8,102.0,5.84,,,2021-10-07 12:30:00
5445367.444471594,0.0,198.0,,0.8,95.0,5.046,,,2021-10-07 12:35:00
5445368.444593769,0.0,203.0,,0.8,98.0,4.842,,,2021-10-07 12:40:00
5445369.444715944,0.0,210.0,239.0,0.8,99.0,3.724,,9.0,2021-10-07 12:45:00
5445370.444838119,0.0,218.0,,0.8,104.0,3.026,,,2021-10-07 12:50:00
5445371.444960293,0.0,225.0,,0.8,98.0,2.042,,,2021-10-07 12:55:00
5445372.445082468,0.0,233.0,,0.8,95.0,1.512,,,2021-10-07 13:00:00
5445373.445204643,0.0,243.0,,0.8,94.0,1.1996,,,2021-10-07 13:05:00
5445374.445326817,0.0,250.0,,0.8,95.0,0.8166,,,2021-10-07 13:10:00
5445375.445448992,0.0,255.0,,0.8,98.0,0.5974,,,2021-10-07 13:15:00
5445376.445571166,0.0,258.0,,0.8,97.0,0.6216,,,2021-10-07 13:20:00
5445377.445693341,0.0,261.0,,0.8,94.0,0.5094,,,2021-10-07 13:25:00
5445378.445815516,0.0,263.0,,0.8,96.0,0.5674,,,2021-10-07 13:30:00
5445379.445937691,0.0,264.0,,0.8,96.0,0.6158,,,2021-10-07 13:35:00
5445380.446059866,0.0,261.0,,0.8,96.0,0.5072,,,2021-10-07 13:40:00
5445381.4461820405,0.0,255.0,,0.8,100.0,0.3106,,,2021-10-07 13:45:00
5445382.446304215,0.0,251.0,,0.8,97.0,0.2738,,,2021-10-07 13:50:00
5445383.44642639,0.0,241.0,,0.8,95.0,0.2716,,,2021-10-07 13:55:00
5445384.446548564,0.0,230.0,,0.8,95.0,0.1808,,,2021-10-07 14:00:00
5445385.446670739,0.0,223.0,,0.8,97.0,0.1912,,,2021-10-07 14:05:00
5445386.446792914,0.0,221.0,234.0,0.8,102.0,0.2018,,7.7,2021-10-07 14:10:00
5445387.446915088,0.0,218.0,,0.8,100.0,0.17184,,,2021-10-07 14:15:00
5445388.447037263,0.0,214.0,,0.8,95.0,0.165,,,2021-10-07 14:20:00
5445389.447159437,0.0,211.0,,0.8,96.0,0.12714,,,2021-10-07 14:25:00
5445390.447281613,0.0,208.0,,0.8,98.0,0.10108,,,2021-10-07 14:30:00
5445391.447403788,0.0,205.0,,0.8,101.0,0.09742,,,2021-10-07 14:35:00
5445392.447525962,0.0,200.0,,0.8,90.0,0.0804,,,2021-10-07 14:40:00
5445393.447648137,0.0,192.0,,0.8,90.0,0.04664,,,2021-10-07 14:45:00
5445394.4477703115,0.0,182.0,,0.8,90.0,0.0592,,,2021-10-07 14:50:00
5445395.447892486,0.0,173.0,,0.8,107.0,0.06328,,,2021-10-07 14:55:00
5445396.448014661,0.0,162.0,,0.8,111.0,0.19318,,,2021-10-07 15:00:00
5445397.448136835,0.0,148.0,,0.8,105.0,0.371,,,2021-10-07 15:05:00
5445398.44825901,0.0,131.0,,0.8,96.0,0.4886,,,2021-10-07 15:10:00
5445399.448381185,0.0,115.0,,0.8,100.0,0.3632,,,2021-10-07 15:15:00
5445400.44850336,0.0,104.0,,0.8,108.0,0.5538,,,2021-10-07 15:20:00
5445401.448625535,0.0,95.0,,0.8,99.0,0.8334,,,2021-10-07 15:25:00
5445402.448747709,0.0,84.0,,0.8,98.0,0.8772,,,2021-10-07 15:30:00
5445403.448869884,0.0,77.0,,0.8,97.0,0.6974,,,2021-10-07 15:35:00
5445404.448992059,0.0,72.0,,0.8,99.0,0.2916,,,2021-10-07 15:40:00
5445405.449114233,0.0,69.0,,0.8,105.0,0.2044,,,2021-10-07 15:45:00
5445406.449236408,0.0,66.0,,0.8,98.0,0.2094,,,2021-10-07 15:50:00
5445407.4493585825,0.0,63.0,,0.8,96.0,0.1794,,,2021-10-07 15:55:00
5445408.449480757,0.0,63.0,,0.8,96.0,0.1462,,,2021-10-07 16:00:00
5445409.449602932,0.0,63.0,,0.8,94.0,0.1418,,,2021-10-07 16:05:00
5445410.449725107,0.0,64.0,,0.8,93.0,0.1188,,,2021-10-07 16:10:00
5445411.449847282,0.0,67.0,,0.8,101.0,0.020295,,,2021-10-07 16:15:00
5445412.4499694565,0.0,69.0,,0.8,107.0,0.001856,,,2021-10-07 16:20:00
5445413.450091631,0.0,69.0,,0.8,94.0,0.003398,,,2021-10-07 16:25:00
5445414.450213806,0.0,72.0,,0.8,94.0,0.002674,,,2021-10-07 16:30:00
5445415.45033598,0.0,75.0,,0.8,99.0,0.002278,,,2021-10-07 16:35:00
5445416.450458155,0.0,79.0,,0.8,95.0,0.002056,,,2021-10-07 16:40:00
5445417.45058033,0.0,83.0,,0.8,91.0,0.002394,,,2021-10-07 16:45:00
5445418.450702504,0.0,89.0,,0.8,92.0,0.001498,,,2021-10-07 16:50:00
5445419.450824679,0.0,94.0,,0.8,106.0,0.001166,,,2021-10-07 16:55:00
5445420.4509468535,0.0,98.0,,0.8,106.0,0.001032,,,2021-10-07 17:00:00
5445421.451069029,0.0,101.0,,0.8,110.0,0.00101,,,2021-10-07 17:05:00
5445422.451191204,1.0,,,0.8,107.0,0.001144,,,2021-10-07 17:10:00
5445423.451313378,1.0,,,0.8,90.0,0.001097,,,2021-10-07 17:15:00
5445424.451435553,1.0,,,0.8,96.0,0.001316,,,2021-10-07 17:20:00
5445425.4515577275,1.0,,,0.8,105.0,0.001546,,,2021-10-07 17:25:00
5445426.451679902,1.0,,110.0,0.8,101.0,0.001734,,8.2,2021-10-07 17:30:00
5445427.451802077,1.0,,,0.8,100.0,0.001454,,,2021-10-07 17:35:00
5445428.451924251,1.0,,,0.8,91.0,0.001062,,,2021-10-07 17:40:00
5445429.452046426,1.0,,,0.8,95.0,0.00109,,,2021-10-07 17:45:00
5445430.452168601,1.0,,,0.8,104.0,0.001226,,,2021-10-07 17:50:00
5445431.452290776,1.0,,,0.8,108.0,0.00116,,,2021-10-07 17:55:00
5445432.452412951,1.0,,,0.8,99.0,0.001202,,,2021-10-07 18:00:00
5445433.452535125,1.0,,,0.8,108.0,0.001036,,,2021-10-07 18:05:00
5445434.4526573,1.0,,,0.8,106.0,0.000983,,,2021-10-07 18:10:00
5445435.452779475,1.0,,,0.8,102.0,0.000819,,,2021-10-07 18:15:00
5445436.452901649,1.0,,,0.8,99.0,0.000763,,,2021-10-07 18:20:00
5445437.453023824,1.0,,,0.8,99.0,0.000679,,,2021-10-07 18:25:00
5445438.4531459985,1.0,,128.0,0.8,100.0,0.000481,,,2021-10-07 18:30:00
5445439.453268173,1.0,,,0.8,107.0,0.000364,,,2021-10-07 18:35:00
5445440.453390348,1.0,,,0.8,100.0,0.000335,,,2021-10-07 18:40:00
5445441.453512522,1.0,,,0.8,97.0,0.00038,,,2021-10-07 18:45:00
5445442.453634698,1.0,,,0.8,98.0,0.000339,,,2021-10-07 18:50:00
5445443.453756873,1.0,,,0.8,97.0,0.000321,,,2021-10-07 18:55:00
5445444.453879047,1.0,,,0.8,97.0,0.000388,,,2021-10-07 19:00:00
5445445.454001222,1.0,,,0.8,96.0,0.00043,,,2021-10-07 19:05:00
5445446.454123396,1.0,,134.0,0.8,99.0,0.000446,,,2021-10-07 19:10:00
5445447.454245571,1.0,,,0.8,96.0,0.000295,,,2021-10-07 19:15:00
5445448.454367746,1.0,,,0.8,95.0,0.000286,,,2021-10-07 19:20:00
5445449.45448992,0.0,136.0,,0.8,95.0,0.000214,,,2021-10-07 19:25:00
5445450.454612095,0.0,137.0,,0.8,95.0,0.000165,,,2021-10-07 19:30:00
5445451.4547342695,0.0,139.0,,0.8,95.0,0.000169,,,2021-10-07 19:35:00
5445452.454856445,0.0,141.0,,0.8,94.0,0.000166,,,2021-10-07 19:40:00
5445453.45497862,0.0,143.0,,0.8,94.0,0.000149,,,2021-10-07 19:45:00
5445454.455100794,0.0,145.0,,0.8,98.0,0.000127,,,2021-10-07 19:50:00
5445455.455222969,0.0,145.0,,0.8,92.0,0.000139,,,2021-10-07 19:55:00
5445456.455345144,0.0,147.0,,0.8,93.0,0.000157,,,2021-10-07 20:00:00
5445457.455467318,0.0,150.0,,0.8,92.0,0.00015,,,2021-10-07 20:05:00
5445458.455589493,0.0,153.0,,0.8,94.0,0.00012,,,2021-10-07 20:10:00
5445459.455711667,0.0,156.0,,0.8,95.0,0.000123,,,2021-10-07 20:15:00
5445460.455833842,0.0,160.0,,0.8,93.0,0.000119,,,2021-10-07 20:20:00
5445461.455956017,0.0,163.0,,0.8,92.0,0.000119,,,2021-10-07 20:25:00
5445462.456078191,0.0,168.0,,0.8,101.0,0.000103,,,2021-10-07 20:30:00
5445463.456200367,0.0,170.0,,0.8,108.0,0.000108,,,2021-10-07 20:35:00
5445464.456322541,0.0,169.0,,0.8,91.0,0.000116,,,2021-10-07 20:40:00
5445465.456444716,0.0,171.0,,0.8,101.0,0.00012,,,2021-10-07 20:45:00
5445466.456566891,0.0,173.0,190.0,0.8,108.0,0.000108,,4.5,2021-10-07 20:50:00
5445467.456689065,0.0,176.0,,0.8,100.0,0.000111,,,2021-10-07 20:55:00
5445468.45681124,0.0,187.0,,0.8,91.0,0.000116,,,2021-10-07 21:00:00
5445469.456933415,0.0,192.0,,0.8,90.0,0.000115,,,2021-10-07 21:05:00
5445470.457055589,0.0,197.0,,0.8,90.0,0.000116,,,2021-10-07 21:10:00
5445471.457177764,0.0,201.0,,0.8,92.0,0.000128,,,2021-10-07 21:15:00
5445472.457299938,0.0,206.0,,0.8,99.0,0.000127,,,2021-10-07 21:20:00
5445473.457422114,0.0,209.0,,0.8,88.0,0.000127,,,2021-10-07 21:25:00
5445474.457544289,0.0,211.0,,0.8,89.0,0.000117,,,2021-10-07 21:30:00
5445475.457666463,0.0,212.0,,0.8,89.0,7.8e-05,,,2021-10-07 21:35:00
5445476.457788638,0.0,212.0,,0.8,89.0,6.7e-05,,,2021-10-07 21:40:00
5445477.457910812,0.0,211.0,,0.8,91.0,5.9e-05,,,2021-10-07 21:45:00
5445478.458032987,0.0,210.0,,0.8,89.0,6.5e-05,,,2021-10-07 21:50:00
5445479.458155162,0.0,208.0,,0.8,90.0,8e-05,,,2021-10-07 21:55:00
5445480.458277336,0.0,206.0,,0.8,91.0,8.1e-05,,,2021-10-07 22:00:00
5445481.458399511,0.0,204.0,181.0,0.8,101.0,8.2e-05,,1.8,2021-10-07 22:05:00
5445482.458521686,0.0,199.0,,0.8,104.0,9.3e-05,,,2021-10-07 22:10:00
5445483.45864386,0.0,191.0,,0.8,100.0,9.7e-05,,,2021-10-07 22:15:00
5445484.458766036,0.0,187.0,,0.8,95.0,7.8e-05,,,2021-10-07 22:20:00
5445485.45888821,0.0,175.0,,0.8,86.0,8.6e-05,,,2021-10-07 22:25:00
5445486.459010385,0.0,165.0,,0.8,95.0,7.9e-05,,,2021-10-07 22:30:00
5445487.45913256,0.0,159.0,,0.8,131.0,6.7e-05,,,2021-10-07 22:35:00
5445488.459254734,0.0,155.0,,0.8,85.0,0.0001,,,2021-10-07 22:40:00
5445489.459376909,0.0,153.0,,0.8,82.0,0.00011,,,2021-10-07 22:45:00
5445490.459499083,0.0,151.0,,0.8,82.0,0.000157,,,2021-10-07 22:50:00
5445491.459621258,0.0,149.0,,0.8,82.0,0.000244,,,2021-10-07 22:55:00
5445492.459743433,0.0,145.0,,0.8,81.0,0.000439,,,2021-10-07 23:00:00
5445493.459865607,0.0,142.0,,0.8,82.0,0.00067,,,2021-10-07 23:05:00
5445494.459987783,0.0,138.0,,0.8,84.0,0.000573,,,2021-10-07 23:10:00
5445495.4601099575,0.0,134.0,,0.8,127.0,8.8e-05,,,2021-10-07 23:15:00
5445496.460232132,0.0,130.0,,0.8,132.0,7.2e-05,,,2021-10-07 23:20:00
5445497.460354307,0.0,125.0,,0.8,92.0,7.6e-05,,,2021-10-07 23:25:00
5445498.460476481,0.0,122.0,,0.8,81.0,9.3e-05,15.0,,2021-10-07 23:30:00
5445499.460598656,0.0,119.0,,0.8,83.0,0.000175,,,2021-10-07 23:35:00
5445500.460720831,0.0,117.0,,0.8,80.0,0.000355,,,2021-10-07 23:40:00
5445501.460843005,0.0,114.0,,0.8,79.0,0.000363,,,2021-10-07 23:45:00
5445502.46096518,0.0,110.0,,0.8,81.0,0.000493,,,2021-10-07 23:50:00
5445503.461087354,0.0,106.0,,0.8,91.0,0.000254,,,2021-10-07 23:55:00
5445504.46120953,0.0,103.0,,0.8,123.0,6.1e-05,,,2021-10-08 00:00:00
5445505.461331705,0.0,100.0,,0.8,118.0,5.7e-05,,,2021-10-08 00:05:00
5445506.461453879,0.0,98.0,,0.8,86.0,6.6e-05,,,2021-10-08 00:10:00
5445507.461576054,0.0,97.0,,0.8,84.0,7.6e-05,,,2021-10-08 00:15:00
5445508.4616982285,0.0,97.0,,0.8,103.0,7.6e-05,,,2021-10-08 00:20:00
5445509.461820403,0.0,97.0,,0.8,122.0,6.9e-05,,,2021-10-08 00:25:00
5445510.461942578,0.0,97.0,,0.8,123.0,6.9e-05,,,2021-10-08 00:30:00
5445511.462064752,0.0,95.0,,0.8,101.0,7.5e-05,,,2021-10-08 00:35:00
5445512.462186927,0.0,95.0,,0.8,87.0,7.6e-05,,,2021-10-08 00:40:00
5445513.462309102,0.0,94.0,,0.8,78.0,7.6e-05,,,2021-10-08 00:45:00
5445514.462431276,0.0,91.0,,0.8,75.0,9e-05,,,2021-10-08 00:50:00
5445515.462553452,0.0,89.0,,0.8,82.0,0.0001,,,2021-10-08 00:55:00
5445516.462675626,0.0,87.0,,0.8,76.0,0.000105,,,2021-10-08 01:00:00
5445517.462797801,0.0,87.0,,0.8,80.0,9.5e-05,,,2021-10-08 01:05:00
5445518.462919976,0.0,86.0,,0.8,75.0,9.9e-05,,,2021-10-08 01:10:00
5445519.46304215,0.0,86.0,,0.8,101.0,8.4e-05,,,2021-10-08 01:15:00
5445520.463164325,0.0,86.0,,0.8,73.0,8e-05,,,2021-10-08 01:20:00
5445521.4632864995,0.0,86.0,,0.8,74.0,8.4e-05,,,2021-10-08 01:25:00
5445522.463408674,0.0,86.0,,0.8,74.0,8.9e-05,,,2021-10-08 01:30:00
5445523.463530849,0.0,87.0,,0.8,72.0,0.000113,,,2021-10-08 01:35:00
5445524.463653023,0.0,86.0,,0.8,71.0,0.000129,,,2021-10-08 01:40:00
5445525.463775199,0.0,85.0,,0.8,71.0,0.000135,,,2021-10-08 01:45:00
5445526.4638973735,0.0,87.0,,0.8,91.0,0.00011,,,2021-10-08 01:50:00
5445527.464019548,0.0,87.0,,0.8,115.0,8.4e-05,,,2021-10-08 01:55:00
5445528.464141723,0.0,86.0,,0.8,82.0,8.6e-05,,,2021-10-08 02:00:00
5445529.464263897,0.0,86.0,,0.8,83.0,9e-05,,,2021-10-08 02:05:00
5445530.464386072,0.0,86.0,,0.8,81.0,9e-05,,,2021-10-08 02:10:00
5445531.464508247,0.0,87.0,,0.8,72.0,0.000104,,,2021-10-08 02:15:00
5445532.464630421,0.0,86.0,,0.8,75.0,9.9e-05,,,2021-10-08 02:20:00
5445533.464752596,0.0,85.0,,0.8,71.0,9.2e-05,,,2021-10-08 02:25:00
5445534.4648747705,0.0,84.0,,0.8,72.0,8.4e-05,,,2021-10-08 02:30:00
5445535.464996945,0.0,83.0,,0.8,72.0,8.2e-05,,,2021-10-08 02:35:00
5445536.465119121,0.0,83.0,,0.8,72.0,8e-05,,,2021-10-08 02:40:00
5445537.465241295,0.0,82.0,,0.8,70.0,7.9e-05,,,2021-10-08 02:45:00
5445538.46536347,0.0,82.0,,0.8,93.0,8.3e-05,,,2021-10-08 02:50:00
5445539.4654856445,0.0,81.0,,0.8,75.0,8.6e-05,,,2021-10-08 02:55:00
5445540.465607819,0.0,81.0,,0.8,71.0,8.5e-05,,,2021-10-08 03:00:00
5445541.465729994,0.0,81.0,,0.8,72.0,8.8e-05,,,2021-10-08 03:05:00
5445542.465852168,0.0,82.0,,0.8,92.0,8.1e-05,,,2021-10-08 03:10:00
5445543.465974343,0.0,82.0,,0.8,74.0,7e-05,,,2021-10-08 03:15:00
5445544.466096518,0.0,83.0,,0.8,72.0,7.2e-05,,,2021-10-08 03:20:00
5445545.466218692,0.0,86.0,,0.8,88.0,7.4e-05,,,2021-10-08 03:25:00
5445546.466340868,0.0,86.0,,0.8,140.0,7e-05,,,2021-10-08 03:30:00
5445547.466463042,0.0,86.0,,0.8,139.0,7.5e-05,,,2021-10-08 03:35:00
5445548.466585217,0.0,88.0,,0.8,134.0,7.8e-05,,,2021-10-08 03:40:00
5445549.466707392,0.0,92.0,,0.8,97.0,8.1e-05,,,2021-10-08 03:45:00
5445550.466829566,0.0,98.0,,0.8,74.0,8.6e-05,,,2021-10-08 03:50:00
5445551.466951741,0.0,106.0,,0.8,72.0,8.7e-05,,,2021-10-08 03:55:00
5445552.4670739155,0.0,112.0,,0.8,73.0,9.2e-05,,,2021-10-08 04:00:00
5445553.46719609,0.0,118.0,,0.8,76.0,0.000102,,,2021-10-08 04:05:00
5445554.467318265,0.0,124.0,,0.8,73.0,9.5e-05,,,2021-10-08 04:10:00
5445555.467440439,0.0,128.0,,0.8,119.0,9.2e-05,,,2021-10-08 04:15:00
5445556.467562614,0.0,131.0,,0.8,134.0,8.9e-05,,,2021-10-08 04:20:00
5445557.46768479,0.0,134.0,,0.8,138.0,7.8e-05,,,2021-10-08 04:25:00
5445558.467806964,0.0,137.0,,0.8,80.0,8e-05,,,2021-10-08 04:30:00
5445559.467929139,0.0,139.0,,0.8,72.0,7.5e-05,,,2021-10-08 04:35:00
5445560.468051313,0.0,139.0,,0.8,71.0,7e-05,,,2021-10-08 04:40:00
5445561.468173488,0.0,138.0,,0.8,73.0,6.6e-05,,,2021-10-08 04:45:00
5445562.468295663,0.0,137.0,,0.8,74.0,6.6e-05,,,2021-10-08 04:50:00
5445563.468417837,0.0,136.0,,0.8,76.0,6.6e-05,,,2021-10-08 04:55:00
5445564.468540012,0.0,135.0,,0.8,77.0,6.6e-05,,,2021-10-08 05:00:00
5445565.4686621865,0.0,136.0,,0.8,101.0,7.2e-05,,,2021-10-08 05:05:00
5445566.468784361,0.0,135.0,,0.8,,,,,2021-10-08 05:10:00
5445567.468906537,0.0,133.0,,0.8,,,,,2021-10-08 05:15:00
5445568.469028711,0.0,135.0,,0.8,,,,,2021-10-08 05:20:00
5445569.469150886,0.0,138.0,,0.8,,,,,2021-10-08 05:25:00
5445570.469273061,0.0,141.0,,0.8,,,,,2021-10-08 05:30:00
5445571.469395235,0.0,142.0,,0.8,,,,,2021-10-08 05:35:00
5445572.46951741,0.0,143.0,170.0,0.8,,,,9.15,2021-10-08 05:40:00
5445573.469639584,0.0,145.0,,0.0,,,,,2021-10-08 05:45:00
5445574.469761759,0.0,150.0,,0.0,,,15.0,,2021-10-08 05:50:00
5445575.469883934,0.0,164.0,,0.0,,,,,2021-10-08 05:55:00
5445576.470006108,0.0,170.0,,0.8,,,,,2021-10-08 06:00:00
5445577.470128284,0.0,174.0,,0.8,,,,,2021-10-08 06:05:00
5445578.470250458,0.0,175.0,,0.8,,,,,2021-10-08 06:10:00
5445579.470372633,0.0,174.0,,0.8,,,,,2021-10-08 06:15:00
5445580.470494808,0.0,172.0,,0.8,,,,,2021-10-08 06:20:00
5445581.470616982,0.0,165.0,,0.8,,,,,2021-10-08 06:25:00
5445582.470739157,0.0,160.0,,0.8,,,,,2021-10-08 06:30:00
5445583.470861332,0.0,154.0,,0.8,103.0,0.004354,,,2021-10-08 06:35:00
5445584.470983506,0.0,146.0,,0.8,103.0,0.0473,,,2021-10-08 06:40:00
5445585.471105681,0.0,135.0,,0.8,100.0,0.012612,,,2021-10-08 06:45:00
5445586.471227855,0.0,123.0,,0.8,105.0,0.014048,,,2021-10-08 06:50:00
5445587.47135003,0.0,118.0,,0.8,99.0,0.01448,,,2021-10-08 06:55:00
5445588.471472206,0.0,112.0,,0.8,112.0,0.062378,,,2021-10-08 07:00:00
5445589.47159438,0.0,107.0,88.0,0.8,99.0,0.7724,,,2021-10-08 07:05:00
5445590.471716555,0.0,103.0,,0.8,99.0,0.4556,,,2021-10-08 07:10:00
5445591.471838729,0.0,96.0,,0.8,105.0,0.2586,,,2021-10-08 07:15:00
5445592.471960904,0.0,94.0,,0.8,108.0,1.0346,,,2021-10-08 07:20:00
5445593.472083079,0.0,94.0,,0.8,104.0,1.582,,,2021-10-08 07:25:00
5445594.472205253,0.0,93.0,,0.8,104.0,2.596,,,2021-10-08 07:30:00
5445595.472327428,0.0,92.0,,0.8,109.0,3.546,,,2021-10-08 07:35:00
5445596.472449603,0.0,95.0,,0.8,107.0,2.984,,,2021-10-08 07:40:00
5445597.472571777,0.0,97.0,,0.8,106.0,3.014,,,2021-10-08 07:45:00
5445598.472693953,0.0,103.0,,0.8,106.0,3.898,,,2021-10-08 07:50:00
5445599.472816127,0.0,115.0,,0.8,104.0,4.276,,,2021-10-08 07:55:00
5445600.472938302,0.0,127.0,,0.8,107.0,4.296,,,2021-10-08 08:00:00
5445601.473060477,0.0,135.0,,0.8,106.0,3.9,,,2021-10-08 08:05:00
5445602.473182651,0.0,142.0,,0.8,103.0,4.61,,,2021-10-08 08:10:00
5445603.473304826,0.0,147.0,,0.8,98.0,4.248,,,2021-10-08 08:15:00
5445604.473427,0.0,157.0,,0.8,94.0,2.898,,,2021-10-08 08:20:00
5445605.473549175,0.0,170.0,,0.8,90.0,1.678,,,2021-10-08 08:25:00
5445606.47367135,0.0,182.0,,0.8,89.0,1.426,,,2021-10-08 08:30:00
5445607.473793524,0.0,194.0,,0.8,88.0,1.23,,,2021-10-08 08:35:00
5445608.473915699,0.0,204.0,,0.8,102.0,1.134,,,2021-10-08 08:40:00
5445609.4740378745,0.0,208.0,,0.8,96.0,1.58,,,2021-10-08 08:45:00
5445610.474160049,0.0,213.0,,0.8,88.0,1.1004,,,2021-10-08 08:50:00
5445611.474282224,0.0,229.0,,0.8,92.0,0.943,,,2021-10-08 08:55:00
5445612.474404398,0.0,239.0,,0.8,96.0,0.9552,,,2021-10-08 09:00:00
5445613.474526573,0.0,241.0,280.0,0.8,94.0,0.5642,,10.9,2021-10-08 09:05:00
5445614.474648748,0.0,244.0,,0.8,89.0,0.691,,,2021-10-08 09:10:00
5445615.474770922,0.0,253.0,,0.8,88.0,0.42368,,,2021-10-08 09:15:00
5445616.474893097,0.0,264.0,,0.8,87.0,0.5638,,,2021-10-08 09:20:00
5445617.475015271,0.0,272.0,,0.8,88.0,0.497,,,2021-10-08 09:25:00
5445618.475137446,0.0,276.0,,0.8,86.0,0.4528,,,2021-10-08 09:30:00
5445619.475259622,0.0,279.0,,0.8,88.0,0.379,,,2021-10-08 09:35:00
5445620.475381796,0.0,278.0,,0.8,88.0,0.2994,,,2021-10-08 09:40:00
5445621.475503971,0.0,274.0,,0.8,93.0,0.1644,,,2021-10-08 09:45:00
5445622.4756261455,0.0,271.0,,0.8,102.0,0.12384,,,2021-10-08 09:50:00
5445623.47574832,0.0,258.0,,0.8,95.0,0.1068,,,2021-10-08 09:55:00
5445624.475870495,0.0,252.0,,0.8,90.0,0.12484,,,2021-10-08 10:00:00
5445625.475992669,0.0,253.0,,0.8,92.0,0.11134,,,2021-10-08 10:05:00
5445626.476114844,0.0,246.0,,0.8,93.0,0.1098,,,2021-10-08 10:10:00
5445627.476237019,0.0,241.0,,0.8,90.0,0.0976,,,2021-10-08 10:15:00
5445628.476359193,0.0,236.0,,0.8,87.0,0.11704,,,2021-10-08 10:20:00
5445629.476481368,0.0,228.0,,0.8,87.0,0.08152,,,2021-10-08 10:25:00
5445630.476603543,0.0,222.0,,0.8,86.0,0.0649,,,2021-10-08 10:30:00
5445631.476725718,0.0,218.0,,0.8,89.0,0.05312,,,2021-10-08 10:35:00
5445632.476847893,0.0,210.0,,0.8,96.0,0.05632,,,2021-10-08 10:40:00
5445633.476970067,0.0,204.0,,0.8,80.0,0.06204,,,2021-10-08 10:45:00
5445634.477092242,0.0,197.0,,0.8,86.0,0.0706,,,2021-10-08 10:50:00
5445635.4772144165,0.0,188.0,,0.8,82.0,0.07432,,,2021-10-08 10:55:00
5445636.477336591,0.0,181.0,,0.8,84.0,0.0764,,,2021-10-08 11:00:00
5445637.477458766,0.0,176.0,,0.8,87.0,0.05834,,,2021-10-08 11:05:00
5445638.47758094,0.0,174.0,,0.8,89.0,0.04162,,,2021-10-08 11:10:00
5445639.477703115,0.0,171.0,151.0,0.8,87.0,0.0493,,,2021-10-08 11:15:00
5445640.4778252905,0.0,165.0,,0.8,97.0,0.04588,,,2021-10-08 11:20:00
5445641.477947465,0.0,161.0,,0.8,97.0,0.03116,,,2021-10-08 11:25:00
5445642.47806964,0.0,152.0,,0.8,110.0,0.4643,,,2021-10-08 11:30:00
5445643.478191814,0.0,148.0,151.0,0.8,108.0,0.553,,3.6,2021-10-08 11:35:00
5445644.478313989,0.0,146.0,,0.8,104.0,0.3806,,,2021-10-08 11:40:00
5445645.478436164,0.0,142.0,,0.8,100.0,0.2836,,,2021-10-08 11:45:00
5445646.478558338,0.0,136.0,,0.8,103.0,0.2366,,,2021-10-08 11:50:00
5445647.478680513,0.0,133.0,,0.8,94.0,0.2366,,,2021-10-08 11:55:00
5445648.4788026875,0.0,133.0,,0.8,99.0,0.1722,,,2021-10-08 12:00:00
5445649.478924862,0.0,133.0,,0.8,101.0,0.1614,,,2021-10-08 12:05:00
5445650.479047038,0.0,133.0,,0.8,99.0,0.1236,,,2021-10-08 12:10:00
5445651.479169212,1.0,,,0.8,98.0,0.1358,,,2021-10-08 12:15:00
5445652.479291387,1.0,,,0.8,98.0,0.1398,,,2021-10-08 12:20:00
5445653.4794135615,1.0,,,0.8,98.0,0.1542,,,2021-10-08 12:25:00
5445654.479535736,1.0,,,0.8,94.0,0.2216,,,2021-10-08 12:30:00
5445655.479657911,1.0,,,0.8,102.0,0.3014,,,2021-10-08 12:35:00
5445656.479780085,1.0,,,0.8,104.0,0.2194,,,2021-10-08 12:40:00
5445657.47990226,1.0,,,0.8,101.0,0.2092,,,2021-10-08 12:45:00
5445658.480024435,1.0,,,0.8,99.0,0.2834,,,2021-10-08 12:50:00
5445659.480146609,1.0,,,0.8,103.0,0.474,,,2021-10-08 12:55:00
5445660.480268784,1.0,,,0.8,110.0,0.6426,,,2021-10-08 13:00:00
5445661.480390959,1.0,,,0.8,101.0,0.4936,,,2021-10-08 13:05:00
5445662.480513134,1.0,,,0.8,97.0,0.649,,,2021-10-08 13:10:00
5445663.480635309,1.0,,,0.8,102.0,0.6302,,,2021-10-08 13:15:00
5445664.480757483,1.0,,,0.8,99.0,0.6226,,,2021-10-08 13:20:00
5445665.480879658,1.0,,,0.8,96.0,0.5622,,,2021-10-08 13:25:00
5445666.4810018325,1.0,,,0.8,95.0,0.6794,,,2021-10-08 13:30:00
5445667.481124007,1.0,,,0.8,95.0,0.34466,,,2021-10-08 13:35:00
5445668.481246182,1.0,,,0.8,96.0,0.3308,,,2021-10-08 13:40:00
5445669.481368356,1.0,,,0.8,96.0,0.2622,,,2021-10-08 13:45:00
5445670.481490531,1.0,,,0.8,91.0,0.2526,,,2021-10-08 13:50:00
5445671.481612707,1.0,,,0.8,93.0,0.3406,,,2021-10-08 13:55:00
5445672.481734881,1.0,,,0.8,93.0,0.3518,,,2021-10-08 14:00:00
5445673.481857056,1.0,,,0.8,91.0,0.3208,,,2021-10-08 14:05:00
5445674.48197923,1.0,,,0.8,90.0,0.2422,,,2021-10-08 14:10:00
5445675.482101405,1.0,,,0.8,96.0,0.1826,,,2021-10-08 14:15:00
5445676.48222358,1.0,,,0.8,97.0,0.1858,,,2021-10-08 14:20:00
5445677.482345754,1.0,,,0.8,93.0,0.1564,,,2021-10-08 14:25:00
5445678.482467929,1.0,,,0.8,93.0,0.127,,,2021-10-08 14:30:00
5445679.4825901035,1.0,,,0.8,90.0,0.12802,,,2021-10-08 14:35:00
5445680.482712278,1.0,,,0.8,95.0,0.1684,,,2021-10-08 14:40:00
5445681.482834453,1.0,,,0.8,92.0,0.13748,,,2021-10-08 14:45:00
5445682.482956628,1.0,,132.0,0.8,102.0,0.07354,,,2021-10-08 14:50:00
5445683.483078803,1.0,,,0.8,112.0,0.06484,,,2021-10-08 14:55:00
5445684.483200978,1.0,,,0.8,99.0,0.06342,,,2021-10-08 15:00:00
5445685.483323152,1.0,,,0.8,90.0,0.07718,,,2021-10-08 15:05:00
5445686.483445327,1.0,,,0.8,89.0,0.08894,,,2021-10-08 15:10:00
5445687.483567501,1.0,,,0.8,96.0,0.0752,,,2021-10-08 15:15:00
5445688.483689676,1.0,,,0.8,111.0,0.08894,,,2021-10-08 15:20:00
5445689.483811851,1.0,,,0.8,99.0,0.1446,,,2021-10-08 15:25:00
5445690.483934025,1.0,,,0.8,97.0,0.128,,,2021-10-08 15:30:00
5445691.4840562,1.0,,,0.8,97.0,0.1314,,,2021-10-08 15:35:00
5445692.484178375,1.0,,,0.8,97.0,0.1524,,,2021-10-08 15:40:00
5445693.48430055,1.0,,,0.8,95.0,0.07222,,,2021-10-08 15:45:00
5445694.484422725,1.0,,,0.8,95.0,0.08414,,,2021-10-08 15:50:00
5445695.484544899,1.0,,,0.8,94.0,0.08988,,,2021-10-08 15:55:00
5445696.484667074,1.0,,,0.8,96.0,0.10782,,,2021-10-08 16:00:00
5445697.484789249,1.0,,,0.8,97.0,0.09624,,,2021-10-08 16:05:00
5445698.484911423,1.0,,,0.8,101.0,0.05636,,,2021-10-08 16:10:00
5445699.485033598,1.0,,190.0,0.8,111.0,0.04528,,11.1,2021-10-08 16:15:00
5445700.485155772,1.0,,,0.8,98.0,0.04612,,,2021-10-08 16:20:00
5445701.485277947,1.0,,,0.8,101.0,0.03772,,,2021-10-08 16:25:00
5445702.485400122,1.0,,,0.8,94.0,0.04562,,,2021-10-08 16:30:00
5445703.485522297,1.0,,,0.8,95.0,0.04266,,,2021-10-08 16:35:00
5445704.485644472,1.0,,,0.8,95.0,0.04816,,,2021-10-08 16:40:00
5445705.485766646,1.0,,,0.8,95.0,0.04514,,,2021-10-08 16:45:00
5445706.485888821,1.0,,,0.8,98.0,0.04668,,,2021-10-08 16:50:00
5445707.486010996,1.0,,,0.8,99.0,0.05108,,,2021-10-08 16:55:00
5445708.48613317,1.0,,,0.8,102.0,0.03844,,,2021-10-08 17:00:00
5445709.486255345,1.0,,,0.8,106.0,0.03916,,,2021-10-08 17:05:00
5445710.48637752,1.0,,,0.8,96.0,0.02744,,,2021-10-08 17:10:00
5445711.486499694,1.0,,,0.8,95.0,0.04142,,,2021-10-08 17:15:00
5445712.486621869,1.0,,,0.8,93.0,0.05088,,,2021-10-08 17:20:00
5445713.486744044,1.0,,,0.8,93.0,0.05602,,,2021-10-08 17:25:00
5445714.486866219,1.0,,,0.8,93.0,0.0572,,,2021-10-08 17:30:00
5445715.486988394,1.0,,,0.8,95.0,0.04288,,,2021-10-08 17:35:00
5445716.487110568,1.0,,,0.8,95.0,0.04974,,,2021-10-08 17:40:00
5445717.487232743,1.0,,,0.8,95.0,0.04906,,,2021-10-08 17:45:00
5445718.487354917,1.0,,,0.8,96.0,0.05294,,,2021-10-08 17:50:00
5445719.487477092,1.0,,,0.8,96.0,0.0434,,,2021-10-08 17:55:00
5445720.487599267,1.0,,,0.8,95.0,0.05296,,,2021-10-08 18:00:00
5445721.487721441,1.0,,,0.8,104.0,0.02944,,,2021-10-08 18:05:00
5445722.487843616,1.0,,,0.8,105.0,0.02676,,,2021-10-08 18:10:00
5445723.487965791,1.0,,194.0,0.8,103.0,0.02684,,5.3,2021-10-08 18:15:00
5445724.488087966,1.0,,,0.8,96.0,0.02474,,,2021-10-08 18:20:00
5445725.488210141,1.0,,,0.8,96.0,0.02716,,,2021-10-08 18:25:00
5445726.488332315,1.0,,,0.8,94.0,0.02888,,,2021-10-08 18:30:00
5445727.48845449,1.0,,,0.8,101.0,0.03122,,,2021-10-08 18:35:00
5445728.488576665,1.0,,,0.8,93.0,0.01986,,,2021-10-08 18:40:00
5445729.488698839,1.0,,,0.8,94.0,0.01874,,,2021-10-08 18:45:00
5445730.488821014,1.0,,,0.8,108.0,0.02664,,,2021-10-08 18:50:00
5445731.488943188,1.0,,,0.8,100.0,0.02426,,,2021-10-08 18:55:00
5445732.489065363,1.0,,,0.8,97.0,0.022016,,,2021-10-08 19:00:00
5445733.489187538,1.0,,,0.8,95.0,0.009968,,,2021-10-08 19:05:00
5445734.489309713,1.0,,,0.8,96.0,0.01924,,,2021-10-08 19:10:00
5445735.489431888,1.0,,182.0,0.8,107.0,0.014592,,,2021-10-08 19:15:00
5445736.4895540625,1.0,,,0.8,96.0,0.010406,,,2021-10-08 19:20:00
5445737.489676237,1.0,,,0.8,108.0,0.014968,,,2021-10-08 19:25:00
5445738.489798412,1.0,,,0.8,105.0,0.00916,15.0,,2021-10-08 19:30:00
5445739.489920586,1.0,,,0.8,92.0,0.01456,,,2021-10-08 19:35:00
5445740.490042761,1.0,,,0.8,90.0,0.01476,,,2021-10-08 19:40:00
5445741.490164936,1.0,,,0.8,99.0,0.013734,,,2021-10-08 19:45:00
5445742.49028711,1.0,,,0.8,99.0,0.01378,,,2021-10-08 19:50:00
5445743.490409285,1.0,,,0.8,98.0,0.008234,,,2021-10-08 19:55:00
5445744.49053146,1.0,,,0.8,100.0,0.012956,,,2021-10-08 20:00:00
5445745.490653635,1.0,,,0.8,104.0,0.010336,,,2021-10-08 20:05:00
5445746.49077581,1.0,,,0.8,95.0,0.01306,,,2021-10-08 20:10:00
5445747.490897984,1.0,,,0.8,102.0,0.010126,,,2021-10-08 20:15:00
5445748.491020159,1.0,,,0.8,88.0,0.009382,,,2021-10-08 20:20:00
5445749.4911423335,1.0,,,0.8,89.0,0.007228,,,2021-10-08 20:25:00
5445750.491264508,1.0,,122.0,0.8,89.0,0.007778,,,2021-10-08 20:30:00
5445751.491386683,1.0,,,0.8,96.0,0.008236,,,2021-10-08 20:35:00
5445752.491508857,1.0,,,0.8,88.0,0.009672,,,2021-10-08 20:40:00
5445753.491631032,0.0,120.0,,0.8,87.0,0.007698,,,2021-10-08 20:45:00
5445754.491753207,0.0,116.0,,0.8,88.0,0.01072,,,2021-10-08 20:50:00
5445755.491875382,0.0,115.0,,0.8,88.0,0.01092,,,2021-10-08 20:55:00
5445756.491997557,0.0,112.0,,0.8,89.0,0.01434,,,2021-10-08 21:00:00
5445757.492119731,0.0,111.0,,0.8,90.0,0.010628,,,2021-10-08 21:05:00
5445758.492241906,0.0,111.0,,0.8,90.0,0.010442,,,2021-10-08 21:10:00
5445759.492364081,0.0,113.0,,0.8,88.0,0.007238,,,2021-10-08 21:15:00
5445760.492486255,0.0,113.0,,0.8,90.0,0.005834,,,2021-10-08 21:20:00
5445761.49260843,0.0,114.0,,0.8,97.0,0.007038,,,2021-10-08 21:25:00
5445762.4927306045,0.0,118.0,,0.8,93.0,0.008752,,,2021-10-08 21:30:00
5445763.492852779,0.0,115.0,,0.8,93.0,0.009448,,,2021-10-08 21:35:00
5445764.492974954,0.0,112.0,,0.8,88.0,0.0136,,,2021-10-08 21:40:00
5445765.493097129,0.0,109.0,,0.8,88.0,0.01572,,,2021-10-08 21:45:00
5445766.493219304,0.0,107.0,,0.8,87.0,0.012114,,,2021-10-08 21:50:00
5445767.4933414785,0.0,105.0,,0.8,89.0,0.0115,,,2021-10-08 21:55:00
5445768.493463653,0.0,104.0,,0.8,86.0,0.011742,,,2021-10-08 22:00:00
5445769.493585828,0.0,105.0,,0.8,96.0,0.008632,,,2021-10-08 22:05:00
5445770.493708002,0.0,110.0,117.0,0.8,98.0,0.013806,,,2021-10-08 22:10:00
5445771.493830177,0.0,111.0,,0.8,100.0,0.011166,,,2021-10-08 22:15:00
5445772.493952352,0.0,112.0,,0.8,90.0,0.005736,,,2021-10-08 22:20:00
5445773.494074526,0.0,116.0,,0.8,87.0,0.004836,,,2021-10-08 22:25:00
5445774.494196701,0.0,112.0,,0.8,87.0,0.00994,,,2021-10-08 22:30:00
5445775.4943188755,0.0,109.0,,0.8,86.0,0.011126,,,2021-10-08 22:35:00
5445776.494441051,0.0,108.0,,0.8,89.0,0.010198,,,2021-10-08 22:40:00
5445777.494563226,0.0,108.0,,0.8,88.0,0.008198,,,2021-10-08 22:45:00
5445778.4946854,0.0,112.0,,0.8,88.0,0.007016,,,2021-10-08 22:50:00
5445779.494807575,0.0,114.0,,0.8,90.0,0.00811,,,2021-10-08 22:55:00
5445780.4949297495,0.0,115.0,127.0,0.8,96.0,0.007674,,,2021-10-08 23:00:00
5445781.495051924,0.0,119.0,,0.8,89.0,0.007188,,,2021-10-08 23:05:00
5445782.495174099,0.0,118.0,,0.8,96.0,0.007674,,,2021-10-08 23:10:00
5445783.495296273,0.0,124.0,,0.8,85.0,0.00502,,,2021-10-08 23:15:00
5445784.495418448,0.0,121.0,,0.8,82.0,0.006224,,,2021-10-08 23:20:00
5445785.495540623,0.0,122.0,,0.8,81.0,0.00453,,,2021-10-08 23:25:00
5445786.495662798,0.0,125.0,,0.8,81.0,0.00711,,,2021-10-08 23:30:00
5445787.495784973,0.0,128.0,,0.8,81.0,0.007864,,,2021-10-08 23:35:00
5445788.495907147,0.0,130.0,,0.8,81.0,0.00805,,,2021-10-08 23:40:00
5445789.496029322,0.0,131.0,,0.8,81.0,0.008678,,,2021-10-08 23:45:00
5445790.496151497,0.0,130.0,,0.8,81.0,0.00853,,,2021-10-08 23:50:00
5445791.496273671,0.0,126.0,,0.8,81.0,0.00924,,,2021-10-08 23:55:00
5445792.496395846,0.0,123.0,,0.8,81.0,0.009566,,,2021-10-09 00:00:00
5445793.4965180205,0.0,124.0,,0.8,81.0,0.010398,,,2021-10-09 00:05:00
5445794.496640195,0.0,125.0,,0.8,83.0,0.01072,,,2021-10-09 00:10:00
5445795.49676237,0.0,121.0,,0.8,82.0,0.01134,,,2021-10-09 00:15:00
5445796.496884544,0.0,121.0,,0.8,90.0,0.009734,,,2021-10-09 00:20:00
5445797.49700672,0.0,124.0,,0.8,118.0,0.00926,,,2021-10-09 00:25:00
5445798.497128895,0.0,121.0,,0.8,95.0,0.012476,,,2021-10-09 00:30:00
5445799.497251069,0.0,119.0,,0.8,78.0,0.006704,,,2021-10-09 00:35:00
5445800.497373244,0.0,118.0,,0.8,105.0,0.00434,,,2021-10-09 00:40:00
5445801.497495418,0.0,117.0,,0.8,92.0,0.004728,,,2021-10-09 00:45:00
5445802.497617593,0.0,116.0,,0.8,75.0,0.00363,,,2021-10-09 00:50:00
5445803.497739768,0.0,116.0,,0.8,75.0,0.004004,,,2021-10-09 00:55:00
5445804.497861942,0.0,115.0,,0.8,76.0,0.004654,,,2021-10-09 01:00:00
5445805.497984117,0.0,114.0,,0.8,76.0,0.005404,,,2021-10-09 01:05:00
5445806.4981062915,0.0,113.0,,0.8,76.0,0.006492,,,2021-10-09 01:10:00
5445807.498228467,0.0,112.0,,0.8,76.0,0.007002,,,2021-10-09 01:15:00
5445808.498350642,0.0,112.0,,0.8,74.0,0.011016,,,2021-10-09 01:20:00
5445809.498472816,0.0,106.0,,0.8,71.0,0.00943,,,2021-10-09 01:25:00
5445810.498594991,0.0,105.0,,0.8,76.0,0.007366,,,2021-10-09 01:30:00
5445811.498717166,0.0,104.0,,0.8,90.0,0.00552,,,2021-10-09 01:35:00
5445812.49883934,0.0,110.0,,0.8,75.0,0.005778,,,2021-10-09 01:40:00
5445813.498961515,0.0,118.0,,0.8,72.0,0.005106,,,2021-10-09 01:45:00
5445814.499083689,0.0,118.0,,0.8,73.0,0.005038,,,2021-10-09 01:50:00
5445815.499205864,0.0,116.0,,0.8,72.0,0.00587,,,2021-10-09 01:55:00
5445816.499328039,0.0,114.0,,0.8,73.0,0.005146,,,2021-10-09 02:00:00
5445817.499450214,0.0,113.0,,0.8,75.0,0.0047,,,2021-10-09 02:05:00
5445818.499572389,0.0,116.0,,0.8,72.0,0.005602,,,2021-10-09 02:10:00
5445819.499694563,0.0,121.0,,0.8,74.0,0.005768,,,2021-10-09 02:15:00
5445820.499816738,0.0,121.0,,0.8,77.0,0.007676,,,2021-10-09 02:20:00
5445821.499938913,0.0,121.0,,0.8,119.0,0.00618,,,2021-10-09 02:25:00
5445822.500061087,0.0,116.0,,0.8,133.0,0.005512,,,2021-10-09 02:30:00
5445823.500183262,0.0,114.0,,0.8,131.0,0.005688,,,2021-10-09 02:35:00
5445824.500305437,0.0,113.0,,0.8,114.0,0.004552,,,2021-10-09 02:40:00
5445825.500427611,0.0,114.0,,0.8,79.0,0.002692,,,2021-10-09 02:45:00
5445826.500549786,0.0,115.0,,0.8,69.0,0.001684,,,2021-10-09 02:50:00
5445827.50067196,0.0,113.0,,0.8,69.0,0.00219,,,2021-10-09 02:55:00
5445828.500794136,0.0,112.0,,0.8,70.0,0.002716,,,2021-10-09 03:00:00
5445829.500916311,0.0,112.0,,0.8,80.0,0.002834,,,2021-10-09 03:05:00
5445830.501038485,0.0,123.0,,0.8,84.0,0.002324,,,2021-10-09 03:10:00
5445831.50116066,0.0,128.0,,0.8,72.0,0.00112,,,2021-10-09 03:15:00
5445832.501282834,0.0,125.0,,0.8,72.0,0.001224,,,2021-10-09 03:20:00
5445833.501405009,0.0,122.0,,0.8,72.0,0.00127,,,2021-10-09 03:25:00
5445834.501527184,0.0,119.0,,0.8,73.0,0.001292,,,2021-10-09 03:30:00
5445835.501649358,0.0,117.0,,0.8,74.0,0.001362,,,2021-10-09 03:35:00
5445836.501771533,0.0,114.0,,0.8,74.0,0.001408,,,2021-10-09 03:40:00
5445837.501893708,0.0,113.0,,0.8,72.0,0.001426,,,2021-10-09 03:45:00
5445838.502015883,0.0,111.0,,0.8,73.0,0.001448,,,2021-10-09 03:50:00
5445839.502138058,0.0,109.0,,0.8,73.0,0.00147,,,2021-10-09 03:55:00
5445840.502260232,0.0,108.0,,0.8,73.0,0.001508,,,2021-10-09 04:00:00
5445841.502382407,0.0,107.0,,0.8,73.0,0.001524,,,2021-10-09 04:05:00
5445842.502504582,0.0,107.0,,0.8,73.0,0.001393,,,2021-10-09 04:10:00
5445843.502626756,0.0,111.0,,0.8,68.0,0.00292,,,2021-10-09 04:15:00
5445844.502748931,0.0,117.0,,0.8,72.0,0.003302,,,2021-10-09 04:20:00
5445845.502871105,0.0,119.0,,0.8,69.0,0.003022,,,2021-10-09 04:25:00
5445846.50299328,0.0,119.0,,0.8,122.0,0.001744,,,2021-10-09 04:30:00
5445847.503115455,0.0,121.0,,0.8,68.0,0.00432,,,2021-10-09 04:35:00
5445848.503237629,0.0,122.0,,0.8,68.0,0.005204,,,2021-10-09 04:40:00
5445849.503359805,0.0,120.0,,0.8,70.0,0.002674,,,2021-10-09 04:45:00
5445850.5034819795,0.0,115.0,,0.8,71.0,0.00164,,,2021-10-09 04:50:00
5445851.503604154,0.0,113.0,,0.8,71.0,0.001468,,,2021-10-09 04:55:00
5445852.503726329,0.0,111.0,,0.8,74.0,0.001394,,,2021-10-09 05:00:00
5445853.503848503,0.0,108.0,,0.8,71.0,0.000988,,,2021-10-09 05:05:00
5445854.503970678,0.0,109.0,,0.8,71.0,0.001176,,,2021-10-09 05:10:00
5445855.504092853,0.0,112.0,,0.8,72.0,0.001214,,,2021-10-09 05:15:00
5445856.504215027,0.0,110.0,,0.8,74.0,0.001246,,,2021-10-09 05:20:00
5445857.504337202,0.0,113.0,,0.8,71.0,0.000658,,,2021-10-09 05:25:00
5445858.504459376,0.0,115.0,,0.8,73.0,0.000558,,,2021-10-09 05:30:00
5445859.504581552,0.0,105.0,,0.8,71.0,0.00036,,,2021-10-09 05:35:00
5445860.504703727,0.0,112.0,,0.8,70.0,0.000333,,,2021-10-09 05:40:00
5445861.504825901,0.0,114.0,,0.8,72.0,0.000282,,,2021-10-09 05:45:00
5445862.504948076,0.0,110.0,,0.8,72.0,0.000267,,,2021-10-09 05:50:00
5445863.5050702505,0.0,100.0,,0.8,73.0,0.000274,,,2021-10-09 05:55:00
5445864.505192425,0.0,97.0,,0.8,109.0,0.00042,,,2021-10-09 06:00:00
5445865.5053146,0.0,102.0,,0.8,100.0,0.000474,,,2021-10-09 06:05:00
5445866.505436774,0.0,108.0,,0.8,78.0,0.000704,,,2021-10-09 06:10:00
5445867.505558949,0.0,114.0,,0.8,,,,,2021-10-09 06:15:00
5445868.505681124,0.0,123.0,,0.8,,,,,2021-10-09 06:20:00
5445869.505803298,0.0,131.0,,0.8,,,,,2021-10-09 06:25:00
5445870.505925474,0.0,137.0,,0.8,,,,,2021-10-09 06:30:00
5445871.506047648,0.0,141.0,,0.8,,,,,2021-10-09 06:35:00
5445872.506169823,0.0,145.0,184.0,0.8,,,,4.5,2021-10-09 06:40:00
5445873.506291998,0.0,149.0,,0.8,107.0,0.000132,,,2021-10-09 06:45:00
5445874.506414172,0.0,177.0,,0.8,95.0,0.000297,,,2021-10-09 06:50:00
5445875.506536347,0.0,180.0,,0.8,106.0,0.002038,,,2021-10-09 06:55:00
5445876.5066585215,0.0,182.0,,0.8,108.0,0.002948,,,2021-10-09 07:00:00
5445877.506780696,0.0,182.0,,0.8,106.0,0.01196,,,2021-10-09 07:05:00
5445878.506902871,0.0,180.0,,0.8,104.0,0.42108,,,2021-10-09 07:10:00
5445879.507025045,0.0,175.0,,0.8,94.0,1.764,,,2021-10-09 07:15:00
5445880.507147221,0.0,159.0,,0.8,88.0,0.5014,,,2021-10-09 07:20:00
5445881.5072693955,0.0,143.0,,0.8,97.0,0.353,,,2021-10-09 07:25:00
5445882.50739157,0.0,153.0,,0.8,101.0,1.3918,,,2021-10-09 07:30:00
5445883.507513745,0.0,155.0,,0.8,106.0,2.414,,,2021-10-09 07:35:00
5445884.507635919,0.0,156.0,,0.8,96.0,1.31584,,,2021-10-09 07:40:00
5445885.507758094,0.0,157.0,,0.8,94.0,0.7294,,,2021-10-09 07:45:00
5445886.507880269,0.0,156.0,,0.8,93.0,0.6152,,,2021-10-09 07:50:00
5445887.508002443,0.0,152.0,,0.8,90.0,0.17212,,,2021-10-09 07:55:00
5445888.508124618,0.0,146.0,,0.8,99.0,0.3514,,,2021-10-09 08:00:00
5445889.5082467925,0.0,141.0,,0.8,102.0,0.3384,,,2021-10-09 08:05:00
5445890.508368968,0.0,137.0,,0.8,101.0,0.3112,,,2021-10-09 08:10:00
5445891.508491143,0.0,134.0,,0.8,104.0,0.1636,,,2021-10-09 08:15:00
5445892.508613317,0.0,125.0,,0.8,93.0,0.11,,,2021-10-09 08:20:00
5445893.508735492,0.0,116.0,,0.8,89.0,0.1112,,,2021-10-09 08:25:00
5445894.5088576665,0.0,117.0,,0.8,88.0,0.07918,,,2021-10-09 08:30:00
5445895.508979841,0.0,117.0,,0.8,89.0,0.05474,,,2021-10-09 08:35:00
5445896.509102016,0.0,111.0,,0.8,89.0,0.05218,,,2021-10-09 08:40:00
5445897.50922419,0.0,104.0,,0.8,87.0,0.05446,,,2021-10-09 08:45:00
5445898.509346365,0.0,99.0,,0.8,87.0,0.04464,,,2021-10-09 08:50:00
5445899.50946854,0.0,97.0,,0.8,87.0,0.04226,,,2021-10-09 08:55:00
5445900.509590714,0.0,94.0,,0.8,86.0,0.03704,,,2021-10-09 09:00:00
5445901.50971289,0.0,90.0,,0.8,88.0,0.02984,,,2021-10-09 09:05:00
5445902.509835064,0.0,89.0,,0.8,87.0,0.02588,,,2021-10-09 09:10:00
5445903.509957239,0.0,90.0,,0.8,99.0,0.0201,35.0,,2021-10-09 09:15:00
5445904.510079414,0.0,97.0,91.0,0.8,93.0,0.01462,,10.3,2021-10-09 09:20:00
5445905.510201588,0.0,98.0,,0.8,91.0,0.01354,,,2021-10-09 09:25:00
5445906.510323763,0.0,101.0,,0.8,90.0,0.010112,,,2021-10-09 09:30:00
5445907.5104459375,0.0,94.0,,0.8,87.0,0.008138,,,2021-10-09 09:35:00
5445908.510568112,0.0,80.0,,0.8,86.0,0.006176,,,2021-10-09 09:40:00
5445909.510690287,0.0,76.0,,0.8,89.0,0.005792,,,2021-10-09 09:45:00
5445910.510812461,0.0,83.0,,0.8,88.0,0.005088,,,2021-10-09 09:50:00
5445911.510934637,0.0,88.0,,0.8,89.0,0.004514,,,2021-10-09 09:55:00
5445912.511056812,0.0,94.0,,0.8,88.0,0.004098,,,2021-10-09 10:00:00
5445913.511178986,0.0,100.0,,0.8,88.0,0.003178,,,2021-10-09 10:05:00
5445914.511301161,0.0,105.0,,0.8,88.0,0.003072,,,2021-10-09 10:10:00
5445915.511423335,0.0,109.0,,0.8,91.0,0.002986,,,2021-10-09 10:15:00
5445916.51154551,0.0,108.0,,0.8,90.0,0.002726,,,2021-10-09 10:20:00
5445917.511667685,0.0,106.0,,0.8,89.0,0.002176,,,2021-10-09 10:25:00
5445918.511789859,0.0,101.0,,0.8,88.0,0.00225,,,2021-10-09 10:30:00
5445919.511912034,0.0,89.0,,0.8,90.0,0.001622,,,2021-10-09 10:35:00
5445920.5120342085,0.0,95.0,,0.8,90.0,0.001434,,,2021-10-09 10:40:00
5445921.512156383,0.0,107.0,,0.8,89.0,0.00121,,,2021-10-09 10:45:00
5445922.512278559,0.0,93.0,,0.8,89.0,0.001246,,,2021-10-09 10:50:00
5445923.512400733,0.0,74.0,,0.8,89.0,0.001332,,,2021-10-09 10:55:00
5445924.512522908,0.0,58.0,104.0,0.8,88.0,0.00109,,,2021-10-09 11:00:00
5445925.512645083,0.0,49.0,,0.8,89.0,0.000796,,,2021-10-09 11:05:00
5445926.512767257,0.0,49.0,,0.8,92.0,0.001641,,,2021-10-09 11:10:00
5445927.512889432,0.0,52.0,,0.8,102.0,0.01451,,,2021-10-09 11:15:00
5445928.513011606,0.0,64.0,,0.8,108.0,0.01266,,,2021-10-09 11:20:00
5445929.513133781,0.0,74.0,,0.8,105.0,0.008324,,,2021-10-09 11:25:00
5445930.513255956,0.0,79.0,,0.8,99.0,0.02434,,,2021-10-09 11:30:00
5445931.51337813,0.0,78.0,,0.8,97.0,0.0273,,,2021-10-09 11:35:00
5445932.513500306,0.0,75.0,,0.8,97.0,0.05628,,,2021-10-09 11:40:00
5445933.51362248,0.0,72.0,,0.8,111.0,0.09512,,,2021-10-09 11:45:00
5445934.513744655,0.0,67.0,,0.8,110.0,0.187,,,2021-10-09 11:50:00
5445935.51386683,0.0,64.0,,0.8,99.0,1.9538,,,2021-10-09 11:55:00
5445936.513989004,0.0,64.0,,0.8,104.0,3.496,,,2021-10-09 12:00:00
5445937.514111179,0.0,64.0,,0.8,101.0,3.472,,,2021-10-09 12:05:00
5445938.514233354,0.0,60.0,54.0,0.8,104.0,1.91,,,2021-10-09 12:10:00
5445939.514355528,0.0,55.0,,0.8,110.0,0.8306,,,2021-10-09 12:15:00
5445940.514477703,0.0,51.0,,0.8,107.0,0.6634,,,2021-10-09 12:20:00
5445941.514599877,0.0,54.0,,0.8,101.0,0.5632,,,2021-10-09 12:25:00
5445942.514722052,0.0,53.0,,0.8,108.0,0.3728,,,2021-10-09 12:30:00
5445943.514844228,0.0,57.0,,0.8,113.0,0.3818,,,2021-10-09 12:35:00
5445944.514966402,0.0,65.0,,0.8,112.0,0.4386,,,2021-10-09 12:40:00
5445945.515088577,0.0,76.0,,0.8,119.0,0.6582,,,2021-10-09 12:45:00
5445946.515210751,0.0,88.0,,0.8,110.0,1.798,,,2021-10-09 12:50:00
5445947.515332926,0.0,104.0,,0.8,122.0,3.724,,,2021-10-09 12:55:00
5445948.515455101,0.0,113.0,,0.8,116.0,5.94,,,2021-10-09 13:00:00
5445949.515577275,0.0,115.0,,0.8,109.0,6.126,,,2021-10-09 13:05:00
5445950.51569945,0.0,116.0,,0.8,110.0,4.916,,,2021-10-09 13:10:00
5445951.515821625,0.0,116.0,,0.8,114.0,4.354,,,2021-10-09 13:15:00
5445952.515943799,0.0,114.0,,0.8,114.0,3.78,,,2021-10-09 13:20:00
5445953.516065975,0.0,112.0,,0.8,118.0,1.438,,,2021-10-09 13:25:00
5445954.516188149,0.0,112.0,,0.8,116.0,1.2476,,,2021-10-09 13:30:00
5445955.516310324,0.0,111.0,,0.8,109.0,1.2334,,,2021-10-09 13:35:00
5445956.516432499,0.0,109.0,,0.8,108.0,1.1172,,,2021-10-09 13:40:00
5445957.516554673,0.0,108.0,,0.8,118.0,0.852,,,2021-10-09 13:45:00
5445958.516676848,0.0,106.0,,0.8,120.0,1.802,,,2021-10-09 13:50:00
5445959.516799022,0.0,103.0,,0.8,131.0,1.55,,,2021-10-09 13:55:00
5445960.516921197,0.0,101.0,,0.8,108.0,2.554,,,2021-10-09 14:00:00
5445961.517043372,0.0,99.0,,0.8,111.0,1.99,,,2021-10-09 14:05:00
5445962.517165546,0.0,96.0,,0.8,133.0,1.534,,,2021-10-09 14:10:00
5445963.517287721,0.0,92.0,,0.8,123.0,2.564,,,2021-10-09 14:15:00
5445964.5174098965,0.0,92.0,,0.8,115.0,3.898,,,2021-10-09 14:20:00
5445965.517532071,0.0,90.0,,0.8,114.0,3.2,,,2021-10-09 14:25:00
5445966.517654246,0.0,86.0,,0.8,128.0,2.356,,,2021-10-09 14:30:00
5445967.51777642,0.0,83.0,,0.8,116.0,2.494,,,2021-10-09 14:35:00
5445968.517898595,0.0,83.0,,0.8,131.0,2.294,,,2021-10-09 14:40:00
5445969.51802077,0.0,83.0,,0.8,114.0,2.166,,,2021-10-09 14:45:00
5445970.518142944,0.0,84.0,,0.8,114.0,3.186,,,2021-10-09 14:50:00
5445971.518265119,0.0,89.0,,0.8,114.0,2.658,,,2021-10-09 14:55:00
5445972.518387293,0.0,93.0,,0.8,109.0,2.556,,,2021-10-09 15:00:00
5445973.518509468,0.0,94.0,,0.8,107.0,2.05,,,2021-10-09 15:05:00
5445974.518631644,0.0,94.0,,0.8,113.0,1.686,,,2021-10-09 15:10:00
5445975.518753818,0.0,102.0,,0.8,108.0,1.312,,,2021-10-09 15:15:00
5445976.518875993,0.0,103.0,,0.8,116.0,1.197,,,2021-10-09 15:20:00
5445977.5189981675,0.0,101.0,,0.8,110.0,1.1128,,,2021-10-09 15:25:00
5445978.519120342,0.0,98.0,,0.8,108.0,0.4158,,,2021-10-09 15:30:00
5445979.519242517,0.0,98.0,,0.8,108.0,0.5672,,,2021-10-09 15:35:00
5445980.519364691,0.0,99.0,,0.8,108.0,0.4212,,,2021-10-09 15:40:00
5445981.519486866,0.0,98.0,,0.8,106.0,0.3714,,,2021-10-09 15:45:00
5445982.519609041,0.0,95.0,,0.8,110.0,0.3666,,,2021-10-09 15:50:00
5445983.519731215,0.0,97.0,,0.8,108.0,0.8904,,,2021-10-09 15:55:00
5445984.519853391,0.0,101.0,,0.8,109.0,0.8462,,,2021-10-09 16:00:00
5445985.519975565,0.0,100.0,,0.8,109.0,0.8746,,,2021-10-09 16:05:00
5445986.52009774,0.0,99.0,,0.8,106.0,0.881,,,2021-10-09 16:10:00
5445987.520219915,0.0,99.0,,0.8,102.0,0.8116,,,2021-10-09 16:15:00
5445988.520342089,0.0,98.0,,0.8,104.0,0.7012,,,2021-10-09 16:20:00
5445989.520464264,0.0,95.0,,0.8,103.0,0.732,,,2021-10-09 16:25:00
5445990.5205864385,0.0,95.0,,0.8,102.0,0.72,,,2021-10-09 16:30:00
5445991.520708613,0.0,98.0,,0.8,92.0,0.6154,,,2021-10-09 16:35:00
5445992.520830788,0.0,102.0,,0.8,103.0,0.5812,,,2021-10-09 16:40:00
5445993.520952962,0.0,105.0,,0.8,102.0,0.588,,,2021-10-09 16:45:00
5445994.521075137,0.0,109.0,,0.8,102.0,0.5648,,,2021-10-09 16:50:00
5445995.5211973125,0.0,111.0,,0.8,107.0,0.487,,,2021-10-09 16:55:00
5445996.521319487,0.0,121.0,,0.8,111.0,0.4408,,,2021-10-09 17:00:00
5445997.521441662,0.0,131.0,,0.8,99.0,0.3946,,,2021-10-09 17:05:00
5445998.521563836,0.0,133.0,,0.8,109.0,0.3366,,,2021-10-09 17:10:00
5445999.521686011,0.0,128.0,,0.8,105.0,0.3402,,,2021-10-09 17:15:00
5446000.521808186,0.0,121.0,,0.8,104.0,0.295,,,2021-10-09 17:20:00
5446001.52193036,0.0,121.0,,0.8,111.0,0.2724,,,2021-10-09 17:25:00
5446002.522052535,0.0,128.0,,0.8,106.0,0.301,,,2021-10-09 17:30:00
5446003.5221747095,0.0,131.0,,0.8,104.0,0.3064,,,2021-10-09 17:35:00
5446004.522296884,0.0,131.0,,0.8,103.0,0.2732,,,2021-10-09 17:40:00
5446005.52241906,0.0,133.0,,0.8,108.0,0.2362,,,2021-10-09 17:45:00
5446006.522541234,0.0,139.0,138.0,0.8,107.0,0.2102,,1.0,2021-10-09 17:50:00
5446007.522663409,0.0,141.0,,0.8,104.0,0.2286,,,2021-10-09 17:55:00
5446008.5227855835,0.0,139.0,,0.8,105.0,0.2558,,,2021-10-09 18:00:00
5446009.522907758,0.0,140.0,,0.8,104.0,0.3234,,,2021-10-09 18:05:00
5446010.523029933,0.0,144.0,,0.8,101.0,0.3524,,,2021-10-09 18:10:00
5446011.523152107,0.0,146.0,,0.8,102.0,0.256,,,2021-10-09 18:15:00
5446012.523274282,0.0,146.0,,0.8,102.0,0.1976,,,2021-10-09 18:20:00
5446013.523396457,0.0,145.0,,0.8,106.0,0.15826,,,2021-10-09 18:25:00
5446014.523518631,0.0,146.0,,0.8,119.0,0.04428,,,2021-10-09 18:30:00
5446015.523640806,0.0,148.0,,0.8,110.0,0.02274,,,2021-10-09 18:35:00
5446016.523762981,0.0,146.0,,0.8,101.0,0.011536,,,2021-10-09 18:40:00
5446017.523885156,0.0,146.0,,0.8,105.0,0.004304,35.0,,2021-10-09 18:45:00
5446018.524007331,0.0,149.0,,0.8,105.0,0.001107,,,2021-10-09 18:50:00
5446019.524129505,0.0,164.0,,0.8,106.0,0.000556,,,2021-10-09 18:55:00
5446020.52425168,0.0,175.0,,0.8,103.0,0.000751,,,2021-10-09 19:00:00
5446021.5243738545,0.0,171.0,,0.8,101.0,0.000905,,,2021-10-09 19:05:00
5446022.524496029,0.0,171.0,174.0,0.8,102.0,0.001007,,15.6,2021-10-09 19:10:00
5446023.524618204,0.0,174.0,,0.8,102.0,0.00132,,,2021-10-09 19:15:00
5446024.524740378,0.0,178.0,,0.8,107.0,0.00134,,,2021-10-09 19:20:00
5446025.524862553,0.0,182.0,,0.8,109.0,0.001176,,,2021-10-09 19:25:00
5446026.524984729,0.0,185.0,,0.8,110.0,0.001033,,,2021-10-09 19:30:00
5446027.525106903,0.0,183.0,,0.8,111.0,0.001202,,,2021-10-09 19:35:00
5446028.525229078,0.0,183.0,,0.8,110.0,0.001048,,,2021-10-09 19:40:00
5446029.525351252,0.0,185.0,,0.8,110.0,0.001182,,,2021-10-09 19:45:00
5446030.525473427,0.0,187.0,,0.8,110.0,0.001398,,,2021-10-09 19:50:00
5446031.525595602,0.0,185.0,,0.8,109.0,0.001379,,,2021-10-09 19:55:00
5446032.525717776,0.0,180.0,,0.8,107.0,0.001076,,,2021-10-09 20:00:00
5446033.525839951,0.0,175.0,,0.8,107.0,0.001602,,,2021-10-09 20:05:00
5446034.5259621255,0.0,166.0,,0.8,107.0,0.00238,,,2021-10-09 20:10:00
5446035.5260843,0.0,160.0,,0.8,105.0,0.003274,,,2021-10-09 20:15:00
5446036.526206475,0.0,157.0,,0.8,107.0,0.002966,,,2021-10-09 20:20:00
5446037.52632865,0.0,152.0,,0.8,106.0,0.003598,,,2021-10-09 20:25:00
5446038.526450825,0.0,143.0,,0.8,104.0,0.004412,,,2021-10-09 20:30:00
5446039.526573,0.0,142.0,,0.8,112.0,0.002163,,,2021-10-09 20:35:00
5446040.526695174,0.0,144.0,,0.8,103.0,0.002116,,,2021-10-09 20:40:00
5446041.526817349,0.0,136.0,,0.8,100.0,0.002404,,,2021-10-09 20:45:00
5446042.526939523,0.0,130.0,,0.8,100.0,0.002632,,,2021-10-09 20:50:00
5446043.527061698,0.0,126.0,,0.8,100.0,0.002784,,,2021-10-09 20:55:00
5446044.527183873,0.0,124.0,,0.8,99.0,0.002938,,,2021-10-09 21:00:00
5446045.527306047,0.0,121.0,,0.8,99.0,0.003286,,,2021-10-09 21:05:00
5446046.527428222,0.0,119.0,,0.8,99.0,0.003684,,,2021-10-09 21:10:00
5446047.527550397,0.0,118.0,,0.8,98.0,0.003144,,,2021-10-09 21:15:00
5446048.527672572,0.0,128.0,,0.8,104.0,0.00293,,,2021-10-09 21:20:00
5446049.527794747,0.0,137.0,,0.8,102.0,0.002782,,,2021-10-09 21:25:00
5446050.527916921,0.0,137.0,,0.8,98.0,0.002736,,,2021-10-09 21:30:00
5446051.528039096,0.0,131.0,116.0,0.8,105.0,0.00236,,,2021-10-09 21:35:00
5446052.528161271,0.0,121.0,,0.8,107.0,0.002346,,,2021-10-09 21:40:00
5446053.528283445,0.0,113.0,,0.8,110.0,0.001822,,,2021-10-09 21:45:00
5446054.52840562,0.0,107.0,,0.8,104.0,0.00239,,,2021-10-09 21:50:00
5446055.528527794,0.0,101.0,,0.8,101.0,0.003246,,,2021-10-09 21:55:00
5446056.528649969,0.0,97.0,,0.8,106.0,0.002924,,,2021-10-09 22:00:00
5446057.528772145,0.0,98.0,,0.8,108.0,0.00279,,,2021-10-09 22:05:00
5446058.528894319,0.0,99.0,,0.8,,,,,2021-10-09 22:10:00
5446059.529016494,0.0,98.0,,0.8,,,,,2021-10-09 22:15:00
5446060.529138668,0.0,100.0,,0.8,,,,,2021-10-09 22:20:00
5446061.529260843,0.0,100.0,,0.8,108.0,7.3e-05,,,2021-10-09 22:25:00
5446062.529383018,0.0,98.0,,0.8,104.0,9e-05,,,2021-10-09 22:30:00
5446063.529505192,0.0,100.0,,0.8,104.0,0.000116,,,2021-10-09 22:35:00
5446064.529627367,0.0,97.0,,0.8,95.0,0.000146,,,2021-10-09 22:40:00
5446065.529749542,0.0,94.0,,0.8,91.0,0.000177,,,2021-10-09 22:45:00
5446066.529871716,0.0,93.0,,0.8,91.0,0.000163,,,2021-10-09 22:50:00
5446067.529993891,0.0,90.0,,0.8,90.0,0.00015,,,2021-10-09 22:55:00
5446068.530116066,0.0,84.0,,0.8,91.0,0.000141,,,2021-10-09 23:00:00
5446069.530238241,0.0,88.0,,0.8,91.0,0.000171,,,2021-10-09 23:05:00
5446070.530360416,0.0,98.0,,0.8,92.0,0.000227,,,2021-10-09 23:10:00
5446071.53048259,0.0,100.0,,0.8,92.0,0.000278,,,2021-10-09 23:15:00
5446072.530604765,0.0,102.0,,0.8,91.0,0.000274,,,2021-10-09 23:20:00
5446073.530726939,0.0,104.0,,0.8,91.0,0.000248,,,2021-10-09 23:25:00
5446074.530849114,0.0,108.0,,0.8,100.0,0.000307,,,2021-10-09 23:30:00
5446075.530971289,0.0,117.0,,0.8,130.0,0.000306,,,2021-10-09 23:35:00
5446076.531093463,0.0,111.0,,0.8,101.0,0.000351,,,2021-10-09 23:40:00
5446077.531215638,0.0,106.0,,0.8,89.0,0.000367,,,2021-10-09 23:45:00
5446078.5313378135,0.0,105.0,,0.8,88.0,0.000268,,,2021-10-09 23:50:00
5446079.531459988,0.0,102.0,,0.8,89.0,0.000233,,,2021-10-09 23:55:00
5446080.531582163,0.0,96.0,,0.8,134.0,9.1e-05,,,2021-10-10 00:00:00
5446081.531704337,0.0,87.0,,0.8,136.0,7e-05,,,2021-10-10 00:05:00
5446082.531826512,0.0,83.0,,0.8,96.0,8.7e-05,,,2021-10-10 00:10:00
5446083.531948687,0.0,83.0,,0.8,90.0,0.000133,,,2021-10-10 00:15:00
5446084.532070861,0.0,86.0,,0.8,91.0,0.00017,,,2021-10-10 00:20:00
5446085.532193036,0.0,89.0,,0.8,86.0,0.000196,,,2021-10-10 00:25:00
5446086.53231521,0.0,89.0,,0.8,87.0,0.000222,,,2021-10-10 00:30:00
5446087.532437385,0.0,89.0,,0.8,89.0,0.000251,,,2021-10-10 00:35:00
5446088.53255956,0.0,91.0,,0.8,90.0,0.00028,,,2021-10-10 00:40:00
5446089.532681735,0.0,93.0,,0.8,92.0,0.000254,,,2021-10-10 00:45:00
5446090.53280391,0.0,96.0,,0.8,85.0,0.000107,,,2021-10-10 00:50:00
5446091.5329260845,0.0,101.0,,0.8,86.0,0.000114,,,2021-10-10 00:55:00
5446092.533048259,0.0,107.0,,0.8,84.0,0.000108,,,2021-10-10 01:00:00
5446093.533170434,0.0,111.0,,0.8,86.0,0.000109,,,2021-10-10 01:05:00
5446094.533292608,0.0,118.0,,0.8,88.0,0.000137,,,2021-10-10 01:10:00
5446095.533414783,0.0,128.0,,0.8,88.0,0.000151,,,2021-10-10 01:15:00
5446096.533536958,0.0,134.0,,0.8,86.0,0.000209,,,2021-10-10 01:20:00
5446097.533659132,0.0,138.0,,0.8,90.0,0.000249,,,2021-10-10 01:25:00
5446098.533781307,0.0,139.0,,0.8,91.0,0.000226,,,2021-10-10 01:30:00
5446099.533903482,0.0,141.0,,0.8,88.0,0.000102,,,2021-10-10 01:35:00
5446100.534025657,0.0,144.0,,0.8,90.0,8.6e-05,,,2021-10-10 01:40:00
5446101.534147832,0.0,145.0,,0.8,88.0,7.9e-05,,,2021-10-10 01:45:00
5446102.534270006,0.0,145.0,,0.8,86.0,8.2e-05,,,2021-10-10 01:50:00
5446103.534392181,0.0,143.0,,0.8,87.0,9.6e-05,,,2021-10-10 01:55:00
5446104.5345143555,0.0,139.0,,0.8,86.0,9.6e-05,,,2021-10-10 02:00:00
5446105.53463653,0.0,144.0,,0.8,87.0,0.000141,,,2021-10-10 02:05:00
5446106.534758705,0.0,147.0,,0.8,88.0,0.000187,,,2021-10-10 02:10:00
5446107.534880879,0.0,149.0,,0.8,89.0,0.000225,,,2021-10-10 02:15:00
5446108.535003054,0.0,151.0,,0.8,87.0,0.000109,,,2021-10-10 02:20:00
5446109.535125229,0.0,152.0,,0.8,149.0,8.8e-05,,,2021-10-10 02:25:00
5446110.535247404,0.0,148.0,,0.8,99.0,9.6e-05,,,2021-10-10 02:30:00
5446111.535369579,0.0,148.0,,0.8,152.0,9.6e-05,,,2021-10-10 02:35:00
5446112.535491753,0.0,148.0,,0.8,99.0,9.8e-05,,,2021-10-10 02:40:00
5446113.535613928,0.0,150.0,,0.8,84.0,0.000139,,,2021-10-10 02:45:00
5446114.535736103,0.0,151.0,,0.8,83.0,0.000176,,,2021-10-10 02:50:00
5446115.535858277,0.0,151.0,,0.8,108.0,0.000187,,,2021-10-10 02:55:00
5446116.535980452,0.0,152.0,,0.8,133.0,0.000228,,,2021-10-10 03:00:00
5446117.5361026265,0.0,150.0,,0.8,133.0,0.000268,,,2021-10-10 03:05:00
5446118.536224801,0.0,151.0,,0.8,87.0,0.00015,,,2021-10-10 03:10:00
5446119.536346976,0.0,158.0,,0.8,101.0,0.000137,,,2021-10-10 03:15:00
5446120.536469151,0.0,163.0,,0.8,94.0,0.000106,,,2021-10-10 03:20:00
5446121.536591326,0.0,164.0,,0.8,92.0,0.000101,,,2021-10-10 03:25:00
5446122.5367135005,0.0,162.0,,0.8,93.0,0.000122,,,2021-10-10 03:30:00
5446123.536835675,0.0,164.0,,0.8,91.0,0.000108,,,2021-10-10 03:35:00
5446124.53695785,0.0,159.0,,0.8,89.0,8.8e-05,,,2021-10-10 03:40:00
5446125.537080024,0.0,159.0,,0.8,87.0,9.6e-05,,,2021-10-10 03:45:00
5446126.537202199,0.0,164.0,,0.8,88.0,0.00012,,,2021-10-10 03:50:00
5446127.537324374,0.0,162.0,,0.8,86.0,9.5e-05,,,2021-10-10 03:55:00
5446128.537446548,0.0,166.0,,0.8,87.0,7.7e-05,,,2021-10-10 04:00:00
5446129.537568723,0.0,164.0,,0.8,87.0,7.7e-05,,,2021-10-10 04:05:00
5446130.537690898,0.0,168.0,,0.8,87.0,5.9e-05,,,2021-10-10 04:10:00
5446131.537813073,0.0,170.0,,0.8,85.0,8.5e-05,,,2021-10-10 04:15:00
5446132.537935248,0.0,166.0,,0.8,87.0,7.3e-05,,,2021-10-10 04:20:00
5446133.538057422,0.0,169.0,,0.8,93.0,7.6e-05,,,2021-10-10 04:25:00
5446134.538179597,0.0,173.0,,0.8,94.0,7.7e-05,,,2021-10-10 04:30:00
5446135.5383017715,0.0,176.0,,0.8,,,,,2021-10-10 04:35:00
5446136.538423946,0.0,179.0,,0.8,,,,,2021-10-10 04:40:00
5446137.538546121,0.0,184.0,,0.8,,,,,2021-10-10 04:45:00
5446138.538668295,0.0,190.0,,0.8,,,,,2021-10-10 04:50:00
5446139.53879047,0.0,195.0,,0.8,,,,,2021-10-10 04:55:00
5446140.538912645,0.0,201.0,,0.8,,,,,2021-10-10 05:00:00
5446141.53903482,0.0,208.0,,0.8,,,,,2021-10-10 05:05:00
5446142.539156995,0.0,215.0,189.0,0.8,101.0,,,4.9,2021-10-10 05:10:00
5446143.539279169,0.0,218.0,,0.8,103.0,0.000309,,,2021-10-10 05:15:00
5446144.539401344,0.0,197.0,,0.8,105.0,0.000226,,,2021-10-10 05:20:00
5446145.539523519,0.0,202.0,,0.8,106.0,0.000215,,,2021-10-10 05:25:00
5446146.539645693,0.0,205.0,,0.8,100.0,0.000129,,,2021-10-10 05:30:00
5446147.539767868,0.0,203.0,,0.8,99.0,0.000116,,,2021-10-10 05:35:00
5446148.5398900425,0.0,199.0,,0.8,97.0,0.000115,,,2021-10-10 05:40:00
5446149.540012217,0.0,195.0,,0.8,94.0,0.000111,,,2021-10-10 05:45:00
5446150.540134392,0.0,192.0,,0.8,92.0,0.00011,,,2021-10-10 05:50:00
5446151.540256567,0.0,186.0,,0.8,92.0,0.000127,,,2021-10-10 05:55:00
5446152.540378742,0.0,182.0,,0.8,98.0,0.000136,,,2021-10-10 06:00:00
5446153.540500917,0.0,179.0,,0.8,93.0,0.000127,,,2021-10-10 06:05:00
5446154.540623091,0.0,179.0,,0.8,92.0,0.000119,,,2021-10-10 06:10:00
5446155.540745266,0.0,174.0,,0.8,95.0,0.000119,,,2021-10-10 06:15:00
5446156.54086744,0.0,171.0,,0.8,100.0,8.3e-05,,,2021-10-10 06:20:00
5446157.540989615,0.0,170.0,,0.8,112.0,9e-05,,,2021-10-10 06:25:00
5446158.54111179,0.0,168.0,,0.8,113.0,8.8e-05,,,2021-10-10 06:30:00
5446159.541233964,0.0,166.0,,0.8,108.0,8e-05,,,2021-10-10 06:35:00
5446160.541356139,0.0,162.0,133.0,0.8,107.0,8.3e-05,,3.4,2021-10-10 06:40:00
5446161.5414783135,0.0,159.0,,0.8,103.0,0.000113,,,2021-10-10 06:45:00
5446162.541600489,0.0,160.0,,0.8,97.0,9.4e-05,,,2021-10-10 06:50:00
5446163.541722664,0.0,149.0,,0.8,101.0,9.2e-05,,,2021-10-10 06:55:00
5446164.541844838,0.0,154.0,,0.8,97.0,9.8e-05,,,2021-10-10 07:00:00
5446165.541967013,0.0,160.0,,0.8,103.0,9.2e-05,,,2021-10-10 07:05:00
5446166.542089188,0.0,166.0,,0.8,107.0,9.6e-05,,,2021-10-10 07:10:00
5446167.542211362,0.0,172.0,,0.8,101.0,0.000103,,,2021-10-10 07:15:00
5446168.542333537,0.0,173.0,,0.8,100.0,0.000113,,,2021-10-10 07:20:00
5446169.542455711,0.0,174.0,,0.8,103.0,0.000135,,,2021-10-10 07:25:00
5446170.542577886,0.0,179.0,,1.2,110.0,0.000138,,,2021-10-10 07:30:00
5446171.542700061,0.0,185.0,,1.2,109.0,0.000135,,,2021-10-10 07:35:00
5446172.542822236,0.0,190.0,,1.2,106.0,0.000107,,,2021-10-10 07:40:00
5446173.542944411,0.0,190.0,,1.2,102.0,9.9e-05,,,2021-10-10 07:45:00
5446174.543066585,0.0,191.0,,1.2,99.0,9.9e-05,,,2021-10-10 07:50:00
5446175.54318876,0.0,194.0,,1.2,97.0,8.9e-05,,,2021-10-10 07:55:00
5446176.543310935,0.0,199.0,,1.2,99.0,8.4e-05,,,2021-10-10 08:00:00
5446177.543433109,0.0,206.0,,1.2,98.0,9.6e-05,,,2021-10-10 08:05:00
5446178.543555284,0.0,212.0,,1.2,100.0,9e-05,,,2021-10-10 08:10:00
5446179.543677459,0.0,216.0,,1.2,94.0,8.5e-05,,,2021-10-10 08:15:00
5446180.543799633,0.0,219.0,,1.2,99.0,8.9e-05,,,2021-10-10 08:20:00
5446181.543921808,0.0,223.0,,1.2,100.0,8.2e-05,,,2021-10-10 08:25:00
5446182.544043982,0.0,227.0,,1.2,97.0,8.7e-05,,,2021-10-10 08:30:00
5446183.544166158,0.0,228.0,,1.2,93.0,9.5e-05,,,2021-10-10 08:35:00
5446184.544288333,0.0,232.0,261.0,1.2,94.0,7.4e-05,,8.6,2021-10-10 08:40:00
5446185.544410507,0.0,233.0,,1.2,97.0,6.7e-05,,,2021-10-10 08:45:00
5446186.544532682,0.0,236.0,,1.2,97.0,7.3e-05,,,2021-10-10 08:50:00
5446187.544654856,0.0,235.0,,1.2,96.0,8.1e-05,,,2021-10-10 08:55:00
5446188.544777031,0.0,231.0,,1.2,93.0,8.5e-05,,,2021-10-10 09:00:00
5446189.544899206,0.0,225.0,,1.2,96.0,8.2e-05,,,2021-10-10 09:05:00
5446190.54502138,0.0,216.0,,1.2,97.0,6.9e-05,,,2021-10-10 09:10:00
5446191.545143555,0.0,202.0,,1.2,99.0,6.8e-05,,,2021-10-10 09:15:00
5446192.54526573,0.0,188.0,,1.2,98.0,7.8e-05,,,2021-10-10 09:20:00
5446193.545387905,0.0,175.0,,1.2,94.0,6.5e-05,,,2021-10-10 09:25:00
5446194.54551008,0.0,163.0,,1.2,98.0,5.9e-05,,,2021-10-10 09:30:00
5446195.545632254,0.0,155.0,,1.2,100.0,6.2e-05,,,2021-10-10 09:35:00
5446196.545754429,0.0,147.0,,1.2,97.0,7.2e-05,,,2021-10-10 09:40:00
5446197.545876604,0.0,138.0,,1.2,95.0,7.4e-05,,,2021-10-10 09:45:00
5446198.545998778,0.0,132.0,,1.2,102.0,7.2e-05,,,2021-10-10 09:50:00
5446199.546120953,0.0,128.0,,1.2,103.0,6.6e-05,,,2021-10-10 09:55:00
5446200.546243127,0.0,123.0,,1.0,100.0,6.8e-05,,,2021-10-10 10:00:00
5446201.546365302,0.0,118.0,,1.0,107.0,7.2e-05,,,2021-10-10 10:05:00
5446202.546487477,0.0,115.0,,1.0,104.0,6.8e-05,,,2021-10-10 10:10:00
5446203.546609651,0.0,111.0,,1.0,100.0,7.7e-05,,,2021-10-10 10:15:00
5446204.546731827,0.0,106.0,,1.0,97.0,7.8e-05,,,2021-10-10 10:20:00
5446205.5468540015,0.0,101.0,,1.0,112.0,6.5e-05,,,2021-10-10 10:25:00
5446206.546976176,0.0,99.0,,1.0,103.0,7.4e-05,,,2021-10-10 10:30:00
5446207.547098351,0.0,96.0,,1.0,100.0,8.2e-05,,,2021-10-10 10:35:00
5446208.547220525,0.0,91.0,,1.0,103.0,8.1e-05,,,2021-10-10 10:40:00
5446209.5473427,0.0,88.0,,1.0,102.0,7.6e-05,,,2021-10-10 10:45:00
5446210.547464875,0.0,85.0,,1.0,95.0,7.6e-05,,,2021-10-10 10:50:00
5446211.547587049,0.0,85.0,,1.0,99.0,7.9e-05,,,2021-10-10 10:55:00
5446212.547709224,0.0,91.0,,1.0,109.0,7.6e-05,,,2021-10-10 11:00:00
5446213.547831398,0.0,99.0,,1.0,102.0,7.3e-05,,,2021-10-10 11:05:00
5446214.547953574,0.0,106.0,,1.0,99.0,9e-05,,,2021-10-10 11:10:00
5446215.548075749,0.0,110.0,,1.0,98.0,8.2e-05,,,2021-10-10 11:15:00
5446216.548197923,0.0,113.0,,1.0,96.0,9.9e-05,,,2021-10-10 11:20:00
5446217.548320098,0.0,115.0,,1.0,98.0,5.7e-05,,,2021-10-10 11:25:00
5446218.5484422725,0.0,119.0,,0.7,98.0,6.7e-05,,,2021-10-10 11:30:00
5446219.548564447,0.0,122.0,,0.7,98.0,7.7e-05,,,2021-10-10 11:35:00
5446220.548686622,0.0,124.0,,0.7,99.0,6.6e-05,,,2021-10-10 11:40:00
5446221.548808796,0.0,125.0,,0.7,100.0,7.1e-05,,,2021-10-10 11:45:00
5446222.548930971,0.0,126.0,,0.7,95.0,6.6e-05,,,2021-10-10 11:50:00
5446223.549053146,0.0,127.0,,0.7,94.0,6.6e-05,,,2021-10-10 11:55:00
5446224.549175321,0.0,129.0,,0.7,92.0,7.8e-05,,,2021-10-10 12:00:00
5446225.549297496,0.0,132.0,,0.7,95.0,7e-05,,,2021-10-10 12:05:00
5446226.54941967,0.0,133.0,,0.7,100.0,6.9e-05,,,2021-10-10 12:10:00
5446227.549541845,0.0,135.0,,0.7,98.0,6.7e-05,,,2021-10-10 12:15:00
5446228.54966402,0.0,136.0,,0.7,97.0,7.5e-05,,,2021-10-10 12:20:00
5446229.549786194,0.0,138.0,,0.7,97.0,6.4e-05,,,2021-10-10 12:25:00
5446230.549908369,0.0,140.0,,0.7,96.0,6.5e-05,32.0,,2021-10-10 12:30:00
5446231.5500305435,0.0,144.0,144.0,0.7,95.0,6.8e-05,,7.3,2021-10-10 12:35:00
5446232.550152718,0.0,147.0,,0.7,100.0,6.2e-05,,,2021-10-10 12:40:00
5446233.550274893,0.0,150.0,,0.7,94.0,5.6e-05,,,2021-10-10 12:45:00
5446234.550397067,0.0,152.0,,0.7,105.0,5.5e-05,,,2021-10-10 12:50:00
5446235.550519243,0.0,150.0,,0.7,106.0,8.5e-05,,,2021-10-10 12:55:00
5446236.5506414175,0.0,146.0,,0.7,100.0,6.8e-05,,,2021-10-10 13:00:00
5446237.550763592,0.0,139.0,,0.7,98.0,6.2e-05,,,2021-10-10 13:05:00
5446238.550885767,0.0,131.0,,0.7,101.0,6.5e-05,,,2021-10-10 13:10:00
5446239.551007941,0.0,124.0,,0.7,106.0,6e-05,,,2021-10-10 13:15:00
5446240.551130116,0.0,118.0,,0.7,104.0,7.8e-05,,,2021-10-10 13:20:00
5446241.551252291,0.0,111.0,,0.7,101.0,0.000105,,,2021-10-10 13:25:00
5446242.551374465,0.0,107.0,,0.7,96.0,7.7e-05,,,2021-10-10 13:30:00
5446243.55149664,0.0,103.0,,0.7,100.0,7.6e-05,,,2021-10-10 13:35:00
5446244.5516188145,0.0,102.0,,0.7,98.0,6.3e-05,,,2021-10-10 13:40:00
5446245.55174099,0.0,102.0,,0.7,106.0,7e-05,,,2021-10-10 13:45:00
5446246.551863165,0.0,102.0,,0.7,118.0,0.000101,,,2021-10-10 13:50:00
5446247.551985339,0.0,102.0,,0.7,103.0,0.000215,,,2021-10-10 13:55:00
5446248.552107514,0.0,101.0,,0.7,101.0,0.000125,,,2021-10-10 14:00:00
5446249.5522296885,0.0,100.0,,0.7,100.0,0.000101,,,2021-10-10 14:05:00
5446250.552351863,0.0,100.0,,0.7,98.0,0.000113,,,2021-10-10 14:10:00
5446251.552474038,0.0,100.0,,0.7,98.0,0.000103,,,2021-10-10 14:15:00
5446252.552596212,0.0,100.0,,0.7,99.0,9.2e-05,,,2021-10-10 14:20:00
5446253.552718387,0.0,102.0,,0.7,112.0,8.9e-05,,,2021-10-10 14:25:00
5446254.552840562,0.0,104.0,,0.7,114.0,0.000141,,,2021-10-10 14:30:00
5446255.552962736,0.0,105.0,,0.7,106.0,0.197854,,,2021-10-10 14:35:00
5446256.553084912,0.0,107.0,,0.7,104.0,2.916,,,2021-10-10 14:40:00
5446257.553207086,0.0,109.0,,0.7,102.0,1.297,,,2021-10-10 14:45:00
5446258.553329261,0.0,110.0,,0.7,102.0,0.16516,,,2021-10-10 14:50:00
5446259.553451436,0.0,113.0,,0.7,102.0,0.0558,,,2021-10-10 14:55:00
5446260.55357361,0.0,116.0,,0.7,103.0,0.0308,,,2021-10-10 15:00:00
5446261.553695785,0.0,121.0,,0.7,99.0,0.014618,,,2021-10-10 15:05:00
5446262.5538179595,0.0,127.0,,0.7,100.0,0.01298,,,2021-10-10 15:10:00
5446263.553940134,0.0,136.0,,0.7,99.0,0.01524,,,2021-10-10 15:15:00
5446264.554062309,0.0,143.0,,0.7,105.0,0.0164,,,2021-10-10 15:20:00
5446265.554184483,0.0,148.0,,0.7,111.0,0.0634,,,2021-10-10 15:25:00
5446266.554306659,0.0,151.0,,0.7,110.0,0.4256,,,2021-10-10 15:30:00
5446267.554428834,0.0,153.0,,0.7,104.0,2.994,,,2021-10-10 15:35:00
5446268.554551008,0.0,157.0,,0.7,102.0,5.368,,,2021-10-10 15:40:00
5446269.554673183,0.0,161.0,,0.7,103.0,3.58,,,2021-10-10 15:45:00
5446270.554795357,0.0,165.0,,0.7,103.0,2.516,,,2021-10-10 15:50:00
5446271.554917532,0.0,168.0,,0.7,104.0,2.14,,,2021-10-10 15:55:00
5446272.555039707,0.0,172.0,,0.7,115.0,1.806,,,2021-10-10 16:00:00
5446273.555161881,0.0,175.0,,0.7,120.0,1.928,,,2021-10-10 16:05:00
5446274.555284056,0.0,178.0,190.0,0.7,113.0,2.762,,4.5,2021-10-10 16:10:00
5446275.5554062305,0.0,182.0,,0.7,106.0,3.112,,,2021-10-10 16:15:00
5446276.555528405,0.0,187.0,,0.7,101.0,1.72,,,2021-10-10 16:20:00
5446277.555650581,0.0,193.0,,0.7,99.0,0.902,,,2021-10-10 16:25:00
5446278.555772755,0.0,194.0,,0.7,99.0,0.6088,,,2021-10-10 16:30:00
5446279.55589493,0.0,194.0,,0.7,101.0,0.5184,,,2021-10-10 16:35:00
5446280.556017105,0.0,193.0,,0.7,105.0,0.386,,,2021-10-10 16:40:00
5446281.556139279,0.0,191.0,,0.7,101.0,0.265,,,2021-10-10 16:45:00
5446282.556261454,0.0,187.0,,0.7,101.0,0.2268,,,2021-10-10 16:50:00
5446283.556383628,0.0,186.0,,0.7,99.0,0.2132,,,2021-10-10 16:55:00
5446284.556505803,0.0,186.0,156.0,0.7,99.0,0.2264,,,2021-10-10 17:00:00
5446285.556627978,0.0,187.0,,0.7,101.0,0.2138,,,2021-10-10 17:05:00
5446286.556750152,0.0,186.0,,0.7,104.0,0.1498,,,2021-10-10 17:10:00
5446287.556872328,0.0,183.0,,0.7,99.0,0.0938,,,2021-10-10 17:15:00
5446288.556994502,0.0,185.0,152.0,0.7,102.0,0.06878,,2.7,2021-10-10 17:20:00
5446289.557116677,0.0,189.0,,0.7,99.0,0.0498,,,2021-10-10 17:25:00
5446290.557238852,0.0,174.0,,0.7,96.0,0.0429,,,2021-10-10 17:30:00
5446291.557361026,0.0,181.0,,0.7,97.0,0.04234,,,2021-10-10 17:35:00
5446292.557483201,0.0,186.0,,0.7,110.0,0.0261,,,2021-10-10 17:40:00
5446293.557605376,0.0,190.0,,0.7,100.0,0.01734,,,2021-10-10 17:45:00
5446294.55772755,0.0,193.0,,0.7,96.0,0.0131,,,2021-10-10 17:50:00
5446295.557849725,0.0,193.0,,0.7,95.0,0.01208,,,2021-10-10 17:55:00
5446296.557971899,0.0,192.0,,0.7,97.0,0.0119,,,2021-10-10 18:00:00
5446297.558094075,0.0,191.0,,0.7,109.0,0.007377,,,2021-10-10 18:05:00
5446298.55821625,0.0,191.0,,0.7,96.0,0.003148,,,2021-10-10 18:10:00
5446299.558338424,0.0,191.0,,0.7,96.0,0.0042,,,2021-10-10 18:15:00
5446300.558460599,0.0,190.0,,0.7,95.0,0.003472,,,2021-10-10 18:20:00
5446301.558582773,0.0,190.0,,0.7,94.0,0.003338,,,2021-10-10 18:25:00
5446302.558704948,0.0,189.0,,0.8,95.0,0.002456,,,2021-10-10 18:30:00
5446303.558827123,0.0,190.0,,0.8,92.0,0.002218,,,2021-10-10 18:35:00
5446304.558949297,0.0,190.0,,0.8,96.0,0.002064,,,2021-10-10 18:40:00
5446305.559071472,0.0,190.0,,0.8,92.0,0.001703,,,2021-10-10 18:45:00
5446306.559193647,0.0,190.0,,0.8,91.0,0.000602,,,2021-10-10 18:50:00
5446307.559315821,0.0,191.0,,0.8,91.0,0.000708,,,2021-10-10 18:55:00
5446308.559437997,0.0,191.0,,0.8,90.0,0.000618,,,2021-10-10 19:00:00
5446309.559560171,0.0,192.0,,0.8,91.0,0.000562,,,2021-10-10 19:05:00
5446310.559682346,0.0,192.0,,0.8,91.0,0.000582,,,2021-10-10 19:10:00
5446311.559804521,0.0,193.0,,0.8,90.0,0.000674,,,2021-10-10 19:15:00
5446312.559926695,0.0,195.0,,0.8,91.0,0.000755,,,2021-10-10 19:20:00
5446313.56004887,0.0,194.0,,0.8,90.0,0.000803,,,2021-10-10 19:25:00
5446314.560171044,0.0,194.0,,0.8,90.0,0.00082,,,2021-10-10 19:30:00
5446315.560293219,0.0,196.0,,0.8,91.0,0.000857,,,2021-10-10 19:35:00
5446316.560415394,0.0,196.0,,0.8,94.0,9.9e-05,,,2021-10-10 19:40:00
5446317.560537568,0.0,197.0,,0.8,89.0,9.3e-05,,,2021-10-10 19:45:00
5446318.560659744,0.0,198.0,,0.8,89.0,9.5e-05,,,2021-10-10 19:50:00
5446319.5607819185,0.0,198.0,,0.8,101.0,0.000106,,,2021-10-10 19:55:00
5446320.560904093,0.0,200.0,,0.8,110.0,0.000131,,,2021-10-10 20:00:00
5446321.561026268,0.0,200.0,221.0,0.8,110.0,0.000162,,6.8,2021-10-10 20:05:00
5446322.561148442,0.0,200.0,,0.8,115.0,0.000207,,,2021-10-10 20:10:00
5446323.561270617,0.0,201.0,,0.8,106.0,0.000557,,,2021-10-10 20:15:00
5446324.561392792,0.0,200.0,,0.8,97.0,0.00265,,,2021-10-10 20:20:00
5446325.561514966,0.0,199.0,,0.8,97.0,0.000765,,,2021-10-10 20:25:00
5446326.561637141,0.0,192.0,,0.8,98.0,0.000784,,,2021-10-10 20:30:00
5446327.561759315,0.0,184.0,,0.8,105.0,0.000757,,,2021-10-10 20:35:00
5446328.56188149,0.0,182.0,,0.8,104.0,0.000481,,,2021-10-10 20:40:00
5446329.562003666,0.0,177.0,,0.8,95.0,0.000702,,,2021-10-10 20:45:00
5446330.56212584,0.0,173.0,,0.8,92.0,0.00063,,,2021-10-10 20:50:00
5446331.562248015,0.0,169.0,,0.8,89.0,0.000693,,,2021-10-10 20:55:00
5446332.562370189,0.0,164.0,,0.8,95.0,0.000351,,,2021-10-10 21:00:00
5446333.562492364,0.0,160.0,,0.8,99.0,0.000134,,,2021-10-10 21:05:00
5446334.562614539,0.0,157.0,,0.8,88.0,0.000175,,,2021-10-10 21:10:00
5446335.562736713,0.0,152.0,,0.8,95.0,7.4e-05,,,2021-10-10 21:15:00
5446336.562858888,0.0,148.0,,0.8,99.0,5.5e-05,,,2021-10-10 21:20:00
5446337.562981063,0.0,144.0,,0.8,88.0,8.1e-05,,,2021-10-10 21:25:00
5446338.563103237,0.0,140.0,,0.8,87.0,7e-05,,,2021-10-10 21:30:00
5446339.563225413,0.0,135.0,,0.8,88.0,6.4e-05,,,2021-10-10 21:35:00
5446340.563347587,0.0,134.0,,0.8,88.0,6.7e-05,,,2021-10-10 21:40:00
5446341.563469762,0.0,135.0,,0.8,89.0,7.8e-05,,,2021-10-10 21:45:00
5446342.563591937,0.0,135.0,,0.8,89.0,8.4e-05,,,2021-10-10 21:50:00
5446343.563714111,0.0,136.0,,0.8,86.0,9.5e-05,,,2021-10-10 21:55:00
5446344.563836286,0.0,135.0,,0.8,86.0,0.000142,,,2021-10-10 22:00:00
5446345.56395846,0.0,132.0,,0.8,86.0,0.000186,,,2021-10-10 22:05:00
5446346.564080635,0.0,130.0,,0.8,83.0,0.000221,,,2021-10-10 22:10:00
5446347.56420281,0.0,128.0,,0.8,87.0,0.001173,,,2021-10-10 22:15:00
5446348.564324984,0.0,126.0,,0.8,84.0,0.002841,,,2021-10-10 22:20:00
5446349.564447159,0.0,124.0,,0.8,85.0,0.00447,,,2021-10-10 22:25:00
5446350.5645693345,0.0,121.0,,0.8,87.0,0.00182,,,2021-10-10 22:30:00
5446351.564691509,0.0,121.0,,0.8,82.0,0.000903,,,2021-10-10 22:35:00
5446352.564813684,0.0,121.0,,0.8,80.0,0.00108,,,2021-10-10 22:40:00
5446353.564935858,0.0,118.0,,0.8,81.0,0.001032,,,2021-10-10 22:45:00
5446354.565058033,0.0,117.0,,0.8,79.0,0.001276,,,2021-10-10 22:50:00
5446355.565180208,0.0,115.0,,0.8,79.0,0.001282,,,2021-10-10 22:55:00
5446356.565302382,0.0,114.0,,0.8,80.0,0.001129,,,2021-10-10 23:00:00
5446357.565424557,0.0,113.0,,0.8,78.0,0.000713,,,2021-10-10 23:05:00
5446358.565546731,0.0,112.0,,0.8,80.0,0.000945,,,2021-10-10 23:10:00
5446359.565668906,0.0,111.0,,0.8,94.0,0.001159,,,2021-10-10 23:15:00
5446360.565791082,0.0,111.0,,0.8,81.0,0.000517,,,2021-10-10 23:20:00
5446361.565913256,0.0,110.0,,0.8,81.0,0.000553,,,2021-10-10 23:25:00
5446362.566035431,0.0,109.0,,0.8,79.0,0.001178,,,2021-10-10 23:30:00
5446363.5661576055,0.0,107.0,,0.8,79.0,0.000938,,,2021-10-10 23:35:00
5446364.56627978,0.0,105.0,,0.8,81.0,0.000947,,,2021-10-10 23:40:00
5446365.566401955,0.0,105.0,,0.8,80.0,0.000921,,,2021-10-10 23:45:00
5446366.566524129,0.0,105.0,,0.8,80.0,0.001231,,,2021-10-10 23:50:00
5446367.566646304,0.0,105.0,,0.8,77.0,0.001514,,,2021-10-10 23:55:00
5446368.566768479,0.0,106.0,,0.8,77.0,0.001578,,,2021-10-11 00:00:00
5446369.566890653,0.0,105.0,,0.8,82.0,0.00276,,,2021-10-11 00:05:00
5446370.567012828,0.0,103.0,,0.8,92.0,0.001928,,,2021-10-11 00:10:00
5446371.567135003,0.0,102.0,,0.8,76.0,0.001384,,,2021-10-11 00:15:00
5446372.567257178,0.0,100.0,,0.8,110.0,0.00229,,,2021-10-11 00:20:00
5446373.567379353,0.0,98.0,,0.8,77.0,0.000868,,,2021-10-11 00:25:00
5446374.567501527,0.0,97.0,,0.8,75.0,0.001204,,,2021-10-11 00:30:00
5446375.567623702,0.0,97.0,,0.8,77.0,0.001218,,,2021-10-11 00:35:00
5446376.5677458765,0.0,97.0,,0.8,76.0,0.001228,,,2021-10-11 00:40:00
5446377.567868051,0.0,98.0,,0.8,76.0,0.001307,,,2021-10-11 00:45:00
5446378.567990226,0.0,97.0,,0.8,77.0,0.00172,,,2021-10-11 00:50:00
5446379.5681124,0.0,97.0,,0.8,76.0,0.001948,,,2021-10-11 00:55:00
5446380.568234575,0.0,97.0,,0.8,111.0,0.003322,,,2021-10-11 01:00:00
5446381.5683567505,0.0,97.0,,0.8,77.0,0.003266,,,2021-10-11 01:05:00
5446382.568478925,0.0,98.0,,0.8,76.0,0.001972,,,2021-10-11 01:10:00
5446383.5686011,0.0,97.0,,0.8,80.0,0.001692,,,2021-10-11 01:15:00
5446384.568723274,0.0,96.0,,0.8,75.0,0.001526,,,2021-10-11 01:20:00
5446385.568845449,0.0,97.0,,0.8,75.0,0.001044,,,2021-10-11 01:25:00
5446386.568967624,0.0,97.0,,0.8,74.0,0.001043,,,2021-10-11 01:30:00
5446387.569089798,0.0,97.0,,0.8,76.0,0.001084,,,2021-10-11 01:35:00
5446388.569211973,0.0,96.0,,0.8,75.0,0.001106,,,2021-10-11 01:40:00
5446389.5693341475,0.0,97.0,,0.8,73.0,0.002008,,,2021-10-11 01:45:00
5446390.569456322,0.0,97.0,,0.8,74.0,0.001874,,,2021-10-11 01:50:00
5446391.569578498,0.0,96.0,,0.8,80.0,0.001798,,,2021-10-11 01:55:00
5446392.569700672,0.0,95.0,,0.8,74.0,0.001831,,,2021-10-11 02:00:00
5446393.569822847,0.0,94.0,,0.8,75.0,0.000894,,,2021-10-11 02:05:00
5446394.5699450215,0.0,92.0,,0.8,75.0,0.001054,,,2021-10-11 02:10:00
5446395.570067196,0.0,91.0,,0.8,74.0,0.001108,,,2021-10-11 02:15:00
5446396.570189371,0.0,93.0,,0.8,74.0,0.001062,,,2021-10-11 02:20:00
5446397.570311545,0.0,92.0,,0.8,74.0,0.00114,,,2021-10-11 02:25:00
5446398.57043372,0.0,91.0,,0.8,75.0,0.001064,,,2021-10-11 02:30:00
5446399.570555895,0.0,92.0,,0.8,73.0,0.000744,,,2021-10-11 02:35:00
5446400.570678069,0.0,93.0,,0.8,74.0,0.000929,,,2021-10-11 02:40:00
5446401.570800244,0.0,93.0,,0.8,77.0,0.000993,,,2021-10-11 02:45:00
5446402.570922419,0.0,93.0,,0.8,75.0,0.000701,,,2021-10-11 02:50:00
5446403.571044594,0.0,92.0,,0.8,75.0,0.000696,,,2021-10-11 02:55:00
5446404.571166769,0.0,92.0,,0.8,75.0,0.000803,,,2021-10-11 03:00:00
5446405.571288943,0.0,92.0,,0.8,95.0,0.000833,,,2021-10-11 03:05:00
5446406.571411118,0.0,94.0,,0.8,128.0,0.001019,,,2021-10-11 03:10:00
5446407.5715332925,0.0,95.0,,0.8,139.0,0.00133,,,2021-10-11 03:15:00
5446408.571655467,0.0,94.0,,0.8,125.0,0.001472,,,2021-10-11 03:20:00
5446409.571777642,0.0,94.0,,0.8,142.0,0.001606,,,2021-10-11 03:25:00
5446410.571899816,0.0,95.0,,0.8,140.0,0.001678,,,2021-10-11 03:30:00
5446411.572021991,0.0,95.0,,0.8,123.0,0.001738,,,2021-10-11 03:35:00
5446412.572144167,0.0,96.0,,0.8,150.0,0.001346,,,2021-10-11 03:40:00
5446413.572266341,0.0,97.0,,0.8,136.0,0.001034,,,2021-10-11 03:45:00
5446414.572388516,0.0,98.0,,0.8,85.0,0.000905,,,2021-10-11 03:50:00
5446415.57251069,0.0,99.0,,0.8,82.0,0.000452,,,2021-10-11 03:55:00
5446416.572632865,0.0,99.0,,0.8,76.0,0.000396,,,2021-10-11 04:00:00
5446417.57275504,0.0,99.0,,0.8,72.0,0.000339,,,2021-10-11 04:05:00
5446418.572877214,0.0,97.0,,0.8,73.0,0.000422,,,2021-10-11 04:10:00
5446419.572999389,0.0,96.0,,0.8,75.0,0.000446,,,2021-10-11 04:15:00
5446420.5731215635,0.0,95.0,,0.8,74.0,0.000488,,,2021-10-11 04:20:00
5446421.573243738,0.0,95.0,,0.8,76.0,0.000419,,,2021-10-11 04:25:00
5446422.573365913,0.0,96.0,,0.8,77.0,0.000371,,,2021-10-11 04:30:00
5446423.573488088,0.0,95.0,,0.8,78.0,0.000375,,,2021-10-11 04:35:00
5446424.573610263,0.0,95.0,,0.8,77.0,0.000389,,,2021-10-11 04:40:00
5446425.573732438,0.0,95.0,,0.8,78.0,0.000431,,,2021-10-11 04:45:00
5446426.573854612,0.0,96.0,,0.8,74.0,0.000374,,,2021-10-11 04:50:00
5446427.573976787,0.0,93.0,,0.8,72.0,0.00039,,,2021-10-11 04:55:00
5446428.574098961,0.0,93.0,,0.8,92.0,0.000359,,,2021-10-11 05:00:00
5446429.574221136,0.0,94.0,,0.8,,0.000243,,,2021-10-11 05:05:00
5446430.574343311,0.0,94.0,,0.8,,,,,2021-10-11 05:10:00
5446431.574465485,0.0,94.0,78.0,0.8,,,,,2021-10-11 05:15:00
5446432.57458766,0.0,96.0,,0.8,,,,,2021-10-11 05:20:00
5446433.574709835,0.0,97.0,,0.8,,,,,2021-10-11 05:25:00
5446434.57483201,0.0,84.0,,0.8,,,,,2021-10-11 05:30:00
5446435.574954185,0.0,84.0,,0.8,,,,,2021-10-11 05:35:00
5446436.575076359,0.0,84.0,,0.8,,,15.0,,2021-10-11 05:40:00
5446437.575198534,0.0,87.0,144.0,0.8,,,,4.5,2021-10-11 05:45:00
5446438.575320709,0.0,90.0,,0.8,,,,,2021-10-11 05:50:00
5446439.575442883,0.0,93.0,,0.8,,,,,2021-10-11 05:55:00
5446440.575565058,0.0,111.0,,0.8,,,,,2021-10-11 06:00:00
5446441.575687232,0.0,113.0,,0.8,,,,,2021-10-11 06:05:00
5446442.575809407,0.0,115.0,,0.8,,,,,2021-10-11 06:10:00
5446443.575931582,0.0,112.0,,0.8,,,,,2021-10-11 06:15:00
5446444.576053757,0.0,109.0,,0.8,105.0,0.000208,,,2021-10-11 06:20:00
5446445.576175932,0.0,105.0,,0.8,104.0,0.00018,,,2021-10-11 06:25:00
5446446.576298106,0.0,101.0,,0.8,103.0,9.2e-05,,,2021-10-11 06:30:00
5446447.576420281,0.0,97.0,,0.8,106.0,8.4e-05,,,2021-10-11 06:35:00
5446448.576542456,0.0,94.0,,0.8,106.0,9.4e-05,,,2021-10-11 06:40:00
5446449.57666463,0.0,92.0,,0.8,99.0,0.0003,,,2021-10-11 06:45:00
5446450.576786805,0.0,90.0,,0.8,98.0,0.000153,,,2021-10-11 06:50:00
5446451.57690898,0.0,89.0,,0.8,97.0,0.000116,,,2021-10-11 06:55:00
5446452.577031154,0.0,89.0,,0.8,102.0,0.000117,,,2021-10-11 07:00:00
5446453.577153329,0.0,89.0,,0.8,107.0,0.00015,,,2021-10-11 07:05:00
5446454.577275504,0.0,89.0,,0.8,100.0,0.000294,,,2021-10-11 07:10:00
5446455.577397679,0.0,91.0,,0.8,100.0,0.000195,,,2021-10-11 07:15:00
5446456.577519854,0.0,91.0,,0.8,105.0,0.001929,,,2021-10-11 07:20:00
5446457.577642028,0.0,88.0,,0.8,106.0,3.0404,,,2021-10-11 07:25:00
5446458.577764203,0.0,87.0,,0.8,117.0,5.792,,,2021-10-11 07:30:00
5446459.577886377,0.0,87.0,,0.8,103.0,6.504,,,2021-10-11 07:35:00
5446460.578008552,0.0,88.0,,0.8,102.0,6.886,,,2021-10-11 07:40:00
5446461.578130727,0.0,91.0,,0.8,102.0,5.464,,,2021-10-11 07:45:00
5446462.578252901,0.0,93.0,,0.8,103.0,3.0298,,,2021-10-11 07:50:00
5446463.578375076,0.0,96.0,,0.8,101.0,3.718,,,2021-10-11 07:55:00
5446464.5784972515,0.0,98.0,98.0,0.8,105.0,4.61,,3.8,2021-10-11 08:00:00
5446465.578619426,0.0,99.0,,0.8,101.0,6.372,,,2021-10-11 08:05:00
5446466.578741601,0.0,99.0,,0.8,104.0,4.054,,,2021-10-11 08:10:00
5446467.578863775,0.0,101.0,,0.8,103.0,4.134,,,2021-10-11 08:15:00
5446468.57898595,0.0,103.0,,0.8,103.0,8.892,,,2021-10-11 08:20:00
5446469.579108125,0.0,104.0,,0.8,105.0,6.52,,,2021-10-11 08:25:00
5446470.579230299,0.0,106.0,,0.8,105.0,4.04,,,2021-10-11 08:30:00
5446471.579352474,0.0,106.0,,0.8,102.0,2.494,,,2021-10-11 08:35:00
5446472.579474648,0.0,106.0,,0.8,104.0,2.018,,,2021-10-11 08:40:00
5446473.579596823,0.0,106.0,,0.8,108.0,2.644,,,2021-10-11 08:45:00
5446474.579718998,0.0,109.0,,0.8,107.0,5.464,,,2021-10-11 08:50:00
5446475.579841173,0.0,113.0,,0.8,99.0,4.552,,,2021-10-11 08:55:00
5446476.579963348,0.0,117.0,,0.8,94.0,3.504,,,2021-10-11 09:00:00
5446477.5800855225,0.0,122.0,,0.8,101.0,3.332,,,2021-10-11 09:05:00
5446478.580207697,0.0,128.0,,0.8,99.0,2.792,,,2021-10-11 09:10:00
5446479.580329872,0.0,135.0,,0.8,98.0,1.442,,,2021-10-11 09:15:00
5446480.580452046,0.0,143.0,,0.8,96.0,0.9954,,,2021-10-11 09:20:00
5446481.580574221,0.0,149.0,,0.8,107.0,0.8462,,,2021-10-11 09:25:00
5446482.580696396,0.0,153.0,,0.8,99.0,0.7954,,,2021-10-11 09:30:00
5446483.58081857,0.0,160.0,,0.8,92.0,0.6322,,,2021-10-11 09:35:00
5446484.580940745,0.0,169.0,,0.8,94.0,0.4284,,,2021-10-11 09:40:00
5446485.58106292,0.0,176.0,,0.8,88.0,0.3962,,,2021-10-11 09:45:00
5446486.581185095,0.0,181.0,,0.8,99.0,0.2748,,,2021-10-11 09:50:00
5446487.58130727,0.0,184.0,207.0,0.8,108.0,0.27434,,6.3,2021-10-11 09:55:00
5446488.581429444,0.0,185.0,,0.8,111.0,0.25682,,,2021-10-11 10:00:00
5446489.581551619,0.0,185.0,,0.8,99.0,0.3438,,,2021-10-11 10:05:00
5446490.5816737935,0.0,188.0,,0.8,103.0,0.4662,,,2021-10-11 10:10:00
5446491.581795968,0.0,188.0,,0.8,96.0,0.4856,,,2021-10-11 10:15:00
5446492.581918143,0.0,185.0,,0.8,98.0,0.7358,,,2021-10-11 10:20:00
5446493.582040317,0.0,180.0,,0.8,105.0,0.9274,,,2021-10-11 10:25:00
5446494.582162492,0.0,175.0,,0.8,97.0,0.6628,,,2021-10-11 10:30:00
5446495.582284667,0.0,167.0,,0.8,93.0,0.6328,,,2021-10-11 10:35:00
5446496.582406842,0.0,159.0,,0.8,93.0,0.6006,,,2021-10-11 10:40:00
5446497.582529017,0.0,154.0,,0.8,93.0,0.5656,,,2021-10-11 10:45:00
5446498.582651191,0.0,150.0,,0.8,91.0,0.4902,,,2021-10-11 10:50:00
5446499.582773366,0.0,146.0,,0.8,92.0,0.34358,,,2021-10-11 10:55:00
5446500.582895541,0.0,143.0,,0.8,97.0,0.280472,,,2021-10-11 11:00:00
5446501.583017715,0.0,141.0,,0.8,95.0,0.2582,,,2021-10-11 11:05:00
5446502.58313989,0.0,141.0,,0.8,96.0,0.19824,,,2021-10-11 11:10:00
5446503.5832620645,0.0,138.0,146.0,0.8,98.0,0.1632,,,2021-10-11 11:15:00
5446504.583384239,0.0,137.0,,0.8,98.0,0.1468,,,2021-10-11 11:20:00
5446505.583506414,0.0,137.0,146.0,0.8,104.0,0.0836,,1.7,2021-10-11 11:25:00
5446506.583628589,0.0,142.0,,0.8,110.0,0.04786,15.0,,2021-10-11 11:30:00
5446507.583750764,0.0,141.0,,0.8,108.0,0.06012,,,2021-10-11 11:35:00
5446508.5838729385,0.0,142.0,,0.8,109.0,0.06556,,,2021-10-11 11:40:00
5446509.583995113,0.0,145.0,,0.8,103.0,0.00425,,,2021-10-11 11:45:00
5446510.584117288,0.0,148.0,,0.8,109.0,0.04076,,,2021-10-11 11:50:00
5446511.584239462,0.0,150.0,,0.8,101.0,0.03752,,,2021-10-11 11:55:00
5446512.584361637,0.0,157.0,,0.8,105.0,0.06428,,,2021-10-11 12:00:00
5446513.584483812,0.0,161.0,,0.8,98.0,0.1114,,,2021-10-11 12:05:00
5446514.584605986,0.0,166.0,,0.8,105.0,0.08392,,,2021-10-11 12:10:00
5446515.584728161,0.0,172.0,,0.8,107.0,0.5966,,,2021-10-11 12:15:00
5446516.5848503355,0.0,178.0,,0.8,99.0,1.766,,,2021-10-11 12:20:00
5446517.584972511,0.0,186.0,,0.8,100.0,1.468,,,2021-10-11 12:25:00
5446518.585094686,0.0,194.0,,0.8,97.0,1.0672,,,2021-10-11 12:30:00
5446519.58521686,0.0,199.0,,0.8,103.0,0.6866,,,2021-10-11 12:35:00
5446520.585339035,0.0,204.0,,0.8,101.0,0.4146,,,2021-10-11 12:40:00
5446521.5854612095,0.0,210.0,,0.8,103.0,0.2604,,,2021-10-11 12:45:00
5446522.585583384,0.0,212.0,,0.8,109.0,0.14482,,,2021-10-11 12:50:00
5446523.585705559,0.0,212.0,,0.8,106.0,0.10744,,,2021-10-11 12:55:00
5446524.585827733,0.0,216.0,274.0,0.8,102.0,0.1624,,11.5,2021-10-11 13:00:00
5446525.585949908,0.0,221.0,,0.8,100.0,0.1748,,,2021-10-11 13:05:00
5446526.586072083,0.0,226.0,,0.8,98.0,0.148,,,2021-10-11 13:10:00
5446527.586194258,0.0,231.0,,0.8,96.0,0.10696,,,2021-10-11 13:15:00
5446528.586316433,0.0,235.0,,0.8,96.0,0.07232,,,2021-10-11 13:20:00
5446529.586438607,0.0,237.0,,0.8,97.0,0.04832,,,2021-10-11 13:25:00
5446530.586560782,0.0,237.0,,0.8,99.0,0.05784,,,2021-10-11 13:30:00
5446531.586682957,0.0,236.0,,0.8,100.0,0.03298,,,2021-10-11 13:35:00
5446532.586805131,0.0,233.0,,0.8,100.0,0.02154,,,2021-10-11 13:40:00
5446533.586927306,0.0,230.0,,0.8,101.0,0.0319,,,2021-10-11 13:45:00
5446534.5870494805,0.0,230.0,,0.8,97.0,0.02634,,,2021-10-11 13:50:00
5446535.587171655,0.0,231.0,,0.8,98.0,0.02972,,,2021-10-11 13:55:00
5446536.58729383,0.0,230.0,,0.8,97.0,0.031,,,2021-10-11 14:00:00
5446537.587416005,0.0,229.0,,0.8,99.0,0.02446,,,2021-10-11 14:05:00
5446538.58753818,0.0,227.0,,0.8,98.0,0.02486,,,2021-10-11 14:10:00
5446539.587660355,0.0,228.0,,0.8,100.0,0.02144,,,2021-10-11 14:15:00
5446540.587782529,0.0,229.0,,0.8,101.0,0.0276,,,2021-10-11 14:20:00
5446541.587904704,0.0,230.0,,0.8,102.0,0.02676,,,2021-10-11 14:25:00
5446542.588026878,0.0,229.0,,0.8,113.0,0.011818,35.0,,2021-10-11 14:30:00
5446543.588149053,0.0,228.0,,0.8,104.0,0.011884,,,2021-10-11 14:35:00
5446544.588271228,0.0,228.0,,0.8,103.0,0.011654,,,2021-10-11 14:40:00
5446545.588393402,0.0,229.0,,0.8,99.0,0.010062,,,2021-10-11 14:45:00
5446546.588515577,0.0,231.0,276.0,0.8,98.0,0.01822,,12.9,2021-10-11 14:50:00
5446547.5886377515,0.0,233.0,,0.8,101.0,0.007196,,,2021-10-11 14:55:00
5446548.588759927,0.0,260.0,,0.8,101.0,0.002589,,,2021-10-11 15:00:00
5446549.588882102,0.0,260.0,,0.8,98.0,0.002895,,,2021-10-11 15:05:00
5446550.589004276,0.0,261.0,,0.8,98.0,0.00402,,,2021-10-11 15:10:00
5446551.589126451,0.0,260.0,,0.8,104.0,0.003967,,,2021-10-11 15:15:00
5446552.589248626,0.0,257.0,,0.8,102.0,2.1118,,,2021-10-11 15:20:00
5446553.5893708,0.0,251.0,,0.8,107.0,4.068,,,2021-10-11 15:25:00
5446554.589492975,0.0,242.0,,0.8,105.0,1.938,,,2021-10-11 15:30:00
5446555.589615149,0.0,237.0,,0.8,107.0,0.8688,,,2021-10-11 15:35:00
5446556.589737324,0.0,235.0,,0.8,104.0,0.4148,,,2021-10-11 15:40:00
5446557.589859499,0.0,234.0,,0.8,99.0,0.209,,,2021-10-11 15:45:00
5446558.589981674,0.0,234.0,,0.8,105.0,0.127948,,,2021-10-11 15:50:00
5446559.590103849,0.0,234.0,,0.8,104.0,0.000122,,,2021-10-11 15:55:00
5446560.590226023,0.0,232.0,,0.8,99.0,0.000133,,,2021-10-11 16:00:00
5446561.590348198,0.0,230.0,,0.8,101.0,0.000155,,,2021-10-11 16:05:00
5446562.590470373,0.0,230.0,,0.8,110.0,0.030164,,,2021-10-11 16:10:00
5446563.590592547,0.0,230.0,,0.8,99.0,0.04748,,,2021-10-11 16:15:00
5446564.590714722,0.0,229.0,,0.8,92.0,0.04646,,,2021-10-11 16:20:00
5446565.590836897,0.0,228.0,,0.8,90.0,0.05132,,,2021-10-11 16:25:00
5446566.590959071,0.0,227.0,,0.8,88.0,0.0321,,,2021-10-11 16:30:00
5446567.591081246,0.0,225.0,,0.8,90.0,0.02626,,,2021-10-11 16:35:00
5446568.59120342,0.0,222.0,,0.8,89.0,0.01884,,,2021-10-11 16:40:00
5446569.591325596,0.0,219.0,,0.8,86.0,0.01516,,,2021-10-11 16:45:00
5446570.591447771,0.0,217.0,,0.8,84.0,0.013622,,,2021-10-11 16:50:00
5446571.591569945,0.0,214.0,,0.8,84.0,0.010116,,,2021-10-11 16:55:00
5446572.59169212,0.0,210.0,,0.8,87.0,0.005414,,,2021-10-11 17:00:00
5446573.591814294,0.0,205.0,,0.8,105.0,0.004556,,,2021-10-11 17:05:00
5446574.591936469,0.0,200.0,,0.8,90.0,0.002844,,,2021-10-11 17:10:00
5446575.592058644,0.0,198.0,,0.8,98.0,0.002528,,,2021-10-11 17:15:00
5446576.592180818,0.0,193.0,,0.8,90.0,0.002046,,,2021-10-11 17:20:00
5446577.592302993,0.0,189.0,,0.8,100.0,0.002722,,,2021-10-11 17:25:00
5446578.592425168,0.0,184.0,,0.8,98.0,0.001706,,,2021-10-11 17:30:00
5446579.592547343,0.0,186.0,,0.8,93.0,0.002236,,,2021-10-11 17:35:00
5446580.592669518,0.0,193.0,,0.8,92.0,0.00185,,,2021-10-11 17:40:00
5446581.592791692,0.0,202.0,,0.8,89.0,0.002366,,,2021-10-11 17:45:00
5446582.592913867,0.0,209.0,,0.8,91.0,0.00231,,,2021-10-11 17:50:00
5446583.593036042,0.0,213.0,,0.8,92.0,0.001754,,,2021-10-11 17:55:00
5446584.593158216,0.0,214.0,,0.8,99.0,0.001509,,,2021-10-11 18:00:00
5446585.593280391,0.0,217.0,,0.8,101.0,0.000628,,,2021-10-11 18:05:00
5446586.593402565,0.0,219.0,,0.8,89.0,0.000593,,,2021-10-11 18:10:00
5446587.59352474,0.0,223.0,,0.8,89.0,0.000965,,,2021-10-11 18:15:00
5446588.593646915,0.0,229.0,,0.8,89.0,0.001069,,,2021-10-11 18:20:00
5446589.593769089,0.0,233.0,,0.8,89.0,0.001053,,,2021-10-11 18:25:00
5446590.593891265,0.0,234.0,,0.8,88.0,0.000418,,,2021-10-11 18:30:00
5446591.5940134395,0.0,236.0,,0.8,100.0,0.00012,,,2021-10-11 18:35:00
5446592.594135614,0.0,237.0,,0.8,87.0,8.8e-05,,,2021-10-11 18:40:00
5446593.594257789,0.0,238.0,,0.8,86.0,0.000109,,,2021-10-11 18:45:00
5446594.594379963,0.0,239.0,,0.8,86.0,0.000306,,,2021-10-11 18:50:00
5446595.594502138,0.0,238.0,,0.8,86.0,0.000235,,,2021-10-11 18:55:00
5446596.594624313,0.0,236.0,,0.8,90.0,0.000101,,,2021-10-11 19:00:00
5446597.594746487,0.0,233.0,,0.8,89.0,0.000137,,,2021-10-11 19:05:00
5446598.594868662,0.0,227.0,,0.8,89.0,0.000219,,,2021-10-11 19:10:00
5446599.594990836,0.0,222.0,210.0,0.8,95.0,0.000174,,16.1,2021-10-11 19:15:00
5446600.595113012,0.0,209.0,,0.8,99.0,0.000205,,,2021-10-11 19:20:00
5446601.595235187,0.0,197.0,,0.8,96.0,0.000218,,,2021-10-11 19:25:00
5446602.595357361,0.0,189.0,,0.8,87.0,0.000167,,,2021-10-11 19:30:00
5446603.595479536,0.0,179.0,,0.8,93.0,0.000205,,,2021-10-11 19:35:00
5446604.5956017105,0.0,172.0,,0.8,105.0,0.000418,,,2021-10-11 19:40:00
5446605.595723885,0.0,170.0,,0.8,101.0,0.027043,,,2021-10-11 19:45:00
5446606.59584606,0.0,157.0,,0.8,98.0,0.004746,,,2021-10-11 19:50:00
5446607.595968234,0.0,141.0,,0.8,98.0,0.010006,,,2021-10-11 19:55:00
5446608.596090409,0.0,130.0,,0.8,105.0,0.55112,,,2021-10-11 20:00:00
5446609.596212584,0.0,118.0,,0.8,109.0,1.2936,,,2021-10-11 20:05:00
5446610.596334758,0.0,108.0,,0.8,109.0,1.824,,,2021-10-11 20:10:00
5446611.596456934,0.0,105.0,,0.8,115.0,8.786,,,2021-10-11 20:15:00
5446612.596579108,0.0,100.0,,0.8,104.0,5.232,,,2021-10-11 20:20:00
5446613.596701283,0.0,94.0,,0.8,107.0,2.586,,,2021-10-11 20:25:00
5446614.596823458,0.0,91.0,,0.8,103.0,1.1896,,,2021-10-11 20:30:00
5446615.596945632,0.0,89.0,,0.8,103.0,0.8142,,,2021-10-11 20:35:00
5446616.597067807,0.0,90.0,,0.8,101.0,0.4472,,,2021-10-11 20:40:00
5446617.5971899815,0.0,93.0,,0.8,94.0,0.3078,,,2021-10-11 20:45:00
5446618.597312156,0.0,97.0,,0.8,91.0,0.439,,,2021-10-11 20:50:00
5446619.597434331,0.0,103.0,,0.8,89.0,0.348,,,2021-10-11 20:55:00
5446620.597556505,0.0,107.0,,0.8,87.0,0.3368,,,2021-10-11 21:00:00
5446621.597678681,0.0,110.0,,0.8,85.0,0.3134,,,2021-10-11 21:05:00
5446622.5978008555,0.0,113.0,,0.8,84.0,0.3544,,,2021-10-11 21:10:00
5446623.59792303,0.0,112.0,,0.8,87.0,0.2642,,,2021-10-11 21:15:00
5446624.598045205,0.0,108.0,,0.8,89.0,0.1582,,,2021-10-11 21:20:00
5446625.598167379,0.0,101.0,,0.8,105.0,0.0842,,,2021-10-11 21:25:00
5446626.598289554,0.0,97.0,,0.8,88.0,0.05824,,,2021-10-11 21:30:00
5446627.598411729,0.0,94.0,,0.8,91.0,0.02974,,,2021-10-11 21:35:00
5446628.598533903,0.0,93.0,,0.8,100.0,0.015976,,,2021-10-11 21:40:00
5446629.598656078,0.0,92.0,,0.8,89.0,0.0165,,,2021-10-11 21:45:00
5446630.5987782525,0.0,92.0,,0.8,101.0,0.01494,,,2021-10-11 21:50:00
5446631.598900428,0.0,93.0,,0.8,85.0,0.008962,,,2021-10-11 21:55:00
5446632.599022603,0.0,95.0,,0.8,84.0,0.005484,,,2021-10-11 22:00:00
5446633.599144777,0.0,98.0,,0.8,83.0,0.002034,,,2021-10-11 22:05:00
5446634.599266952,0.0,101.0,90.0,0.8,87.0,0.002174,,,2021-10-11 22:10:00
5446635.5993891265,0.0,103.0,,0.8,99.0,0.001862,,,2021-10-11 22:15:00
5446636.599511301,0.0,100.0,,0.8,99.0,0.001348,,,2021-10-11 22:20:00
5446637.599633476,0.0,98.0,,0.8,86.0,0.000719,,,2021-10-11 22:25:00
5446638.59975565,0.0,96.0,,0.8,80.0,0.000561,,,2021-10-11 22:30:00
5446639.599877825,0.0,96.0,,0.8,80.0,0.000316,,,2021-10-11 22:35:00
5446640.6,0.0,96.0,,0.8,79.0,0.000203,,,2021-10-11 22:40:00
5446641.600122174,0.0,97.0,,0.8,79.0,0.000134,,,2021-10-11 22:45:00
5446642.60024435,0.0,98.0,,0.8,121.0,8.4e-05,,,2021-10-11 22:50:00
5446643.600366524,0.0,98.0,,0.8,116.0,9.3e-05,,,2021-10-11 22:55:00
5446644.600488699,0.0,98.0,,0.8,77.0,0.000123,,,2021-10-11 23:00:00
5446645.600610874,0.0,96.0,,0.8,77.0,0.000138,,,2021-10-11 23:05:00
5446646.600733048,0.0,93.0,,0.8,77.0,0.000106,,,2021-10-11 23:10:00
5446647.600855223,0.0,90.0,,0.8,75.0,9.2e-05,,,2021-10-11 23:15:00
5446648.6009773975,0.0,88.0,,0.8,83.0,5.7e-05,,,2021-10-11 23:20:00
5446649.601099572,0.0,86.0,,0.8,77.0,6.4e-05,,,2021-10-11 23:25:00
5446650.601221747,0.0,86.0,,0.8,77.0,0.000108,,,2021-10-11 23:30:00
5446651.601343921,0.0,85.0,,0.8,75.0,0.000152,,,2021-10-11 23:35:00
5446652.601466097,0.0,83.0,,0.8,74.0,0.000186,,,2021-10-11 23:40:00
5446653.601588272,0.0,83.0,,0.8,76.0,0.000254,,,2021-10-11 23:45:00
5446654.601710446,0.0,84.0,,0.8,79.0,0.000237,,,2021-10-11 23:50:00
5446655.601832621,0.0,87.0,,0.8,77.0,0.000267,,,2021-10-11 23:55:00
5446656.601954795,0.0,89.0,,1.5,75.0,0.000317,,,2021-10-12 00:00:00
5446657.60207697,0.0,89.0,,1.5,80.0,0.000267,,,2021-10-12 00:05:00
5446658.602199145,0.0,89.0,,1.5,85.0,0.000315,,,2021-10-12 00:10:00
5446659.602321319,0.0,89.0,,1.5,82.0,0.000338,,,2021-10-12 00:15:00
5446660.602443494,0.0,89.0,,1.5,75.0,0.000415,,,2021-10-12 00:20:00
5446661.6025656685,0.0,89.0,,1.5,76.0,0.000421,,,2021-10-12 00:25:00
5446662.602687843,0.0,91.0,,1.5,75.0,0.000533,,,2021-10-12 00:30:00
5446663.602810019,0.0,92.0,,1.5,74.0,0.000758,,,2021-10-12 00:35:00
5446664.602932193,0.0,93.0,,1.5,75.0,0.000781,,,2021-10-12 00:40:00
5446665.603054368,0.0,93.0,,1.5,121.0,0.000344,,,2021-10-12 00:45:00
5446666.603176543,0.0,94.0,,1.5,134.0,0.000298,,,2021-10-12 00:50:00
5446667.603298717,0.0,95.0,,1.5,132.0,0.00029,,,2021-10-12 00:55:00
5446668.603420892,0.0,95.0,,1.5,84.0,0.000294,,,2021-10-12 01:00:00
5446669.603543066,0.0,96.0,,1.5,117.0,0.00028,,,2021-10-12 01:05:00
5446670.603665241,0.0,96.0,,1.5,84.0,0.000251,,,2021-10-12 01:10:00
5446671.603787416,0.0,96.0,,1.5,70.0,0.000239,,,2021-10-12 01:15:00
5446672.60390959,0.0,96.0,,1.5,72.0,0.000278,,,2021-10-12 01:20:00
5446673.604031766,0.0,96.0,,1.5,73.0,0.000332,,,2021-10-12 01:25:00
5446674.60415394,0.0,95.0,,1.5,73.0,0.000382,,,2021-10-12 01:30:00
5446675.604276115,0.0,94.0,,1.5,74.0,0.000436,,,2021-10-12 01:35:00
5446676.60439829,0.0,94.0,,1.5,76.0,0.000497,,,2021-10-12 01:40:00
5446677.604520464,0.0,93.0,,1.5,75.0,0.000549,,,2021-10-12 01:45:00
5446678.604642639,0.0,93.0,,1.5,86.0,0.000487,,,2021-10-12 01:50:00
5446679.604764814,0.0,92.0,,1.5,130.0,0.000287,,,2021-10-12 01:55:00
5446680.604886988,0.0,91.0,,1.5,138.0,0.000216,,,2021-10-12 02:00:00
5446681.605009163,0.0,89.0,,1.5,137.0,0.000164,,,2021-10-12 02:05:00
5446682.605131337,0.0,89.0,,1.5,132.0,0.000141,,,2021-10-12 02:10:00
5446683.605253512,0.0,91.0,,1.5,69.0,0.000127,,,2021-10-12 02:15:00
5446684.605375688,0.0,91.0,,1.5,69.0,0.000122,,,2021-10-12 02:20:00
5446685.605497862,0.0,92.0,,1.5,69.0,0.000115,,,2021-10-12 02:25:00
5446686.605620037,0.0,92.0,,1.5,68.0,0.000111,,,2021-10-12 02:30:00
5446687.605742211,0.0,93.0,,1.5,68.0,0.000138,,,2021-10-12 02:35:00
5446688.605864386,0.0,94.0,,1.5,70.0,0.000172,,,2021-10-12 02:40:00
5446689.605986561,0.0,94.0,,1.5,68.0,0.000221,,,2021-10-12 02:45:00
5446690.606108735,0.0,94.0,,1.5,70.0,0.000227,,,2021-10-12 02:50:00
5446691.60623091,0.0,93.0,,1.5,83.0,0.000174,,,2021-10-12 02:55:00
5446692.606353085,0.0,93.0,,1.55,139.0,0.000151,,,2021-10-12 03:00:00
5446693.606475259,0.0,93.0,,1.55,139.0,0.000138,,,2021-10-12 03:05:00
5446694.606597435,0.0,92.0,,1.55,138.0,0.000124,,,2021-10-12 03:10:00
5446695.606719609,0.0,91.0,,1.55,76.0,0.000129,,,2021-10-12 03:15:00
5446696.606841784,0.0,92.0,,1.55,72.0,0.000169,,,2021-10-12 03:20:00
5446697.606963959,0.0,92.0,,1.55,74.0,0.000209,,,2021-10-12 03:25:00
5446698.607086133,0.0,93.0,,1.55,99.0,0.000217,,,2021-10-12 03:30:00
5446699.607208308,0.0,93.0,,1.55,125.0,0.000188,,,2021-10-12 03:35:00
5446700.607330482,0.0,93.0,,1.55,123.0,0.00018,,,2021-10-12 03:40:00
5446701.607452657,0.0,92.0,,1.55,73.0,0.000226,,,2021-10-12 03:45:00
5446702.607574832,0.0,92.0,,1.55,74.0,0.000278,,,2021-10-12 03:50:00
5446703.607697006,0.0,93.0,,1.55,74.0,0.000331,,,2021-10-12 03:55:00
5446704.607819182,0.0,94.0,,1.55,74.0,0.000386,,,2021-10-12 04:00:00
5446705.6079413565,0.0,95.0,,1.55,74.0,0.00047,,,2021-10-12 04:05:00
5446706.608063531,0.0,96.0,,1.55,76.0,0.000442,,,2021-10-12 04:10:00
5446707.608185706,0.0,97.0,,1.55,74.0,0.00047,,,2021-10-12 04:15:00
5446708.60830788,0.0,98.0,,1.55,73.0,0.000552,,,2021-10-12 04:20:00
5446709.608430055,0.0,99.0,,1.55,75.0,0.000193,,,2021-10-12 04:25:00
5446710.60855223,0.0,100.0,,1.55,94.0,0.000251,,,2021-10-12 04:30:00
5446711.608674404,0.0,101.0,,1.55,76.0,0.000161,,,2021-10-12 04:35:00
5446712.608796579,0.0,100.0,,1.55,73.0,0.000247,,,2021-10-12 04:40:00
5446713.608918753,0.0,99.0,,1.55,76.0,0.0003,,,2021-10-12 04:45:00
5446714.609040928,0.0,99.0,,1.55,74.0,0.000283,,,2021-10-12 04:50:00
5446715.609163104,0.0,99.0,,1.55,72.0,0.000172,,,2021-10-12 04:55:00
5446716.609285278,0.0,99.0,,1.55,84.0,0.000182,,,2021-10-12 05:00:00
5446717.609407453,0.0,99.0,,1.55,83.0,0.000103,,,2021-10-12 05:05:00
5446718.6095296275,0.0,99.0,,1.55,84.0,0.000148,,,2021-10-12 05:10:00
5446719.609651802,0.0,99.0,,1.55,91.0,0.000171,,,2021-10-12 05:15:00
5446720.609773977,0.0,101.0,,1.55,90.0,0.000209,,,2021-10-12 05:20:00
5446721.609896151,0.0,102.0,,1.55,85.0,0.000206,,,2021-10-12 05:25:00
5446722.610018326,0.0,103.0,,1.55,100.0,0.000222,,,2021-10-12 05:30:00
5446723.610140501,0.0,106.0,,1.55,,,,,2021-10-12 05:35:00
5446724.610262675,0.0,106.0,,1.55,,,,,2021-10-12 05:40:00
5446725.610384851,0.0,108.0,,1.55,,,,,2021-10-12 05:45:00
5446726.610507025,0.0,109.0,,1.55,,,,,2021-10-12 05:50:00
5446727.6106292,0.0,110.0,,1.55,,,8.0,,2021-10-12 05:55:00
5446728.610751375,0.0,112.0,,1.55,,,,,2021-10-12 06:00:00
5446729.610873549,0.0,116.0,118.0,1.55,,,,1.8,2021-10-12 06:05:00
5446730.610995724,0.0,121.0,,1.55,,,,,2021-10-12 06:10:00
5446731.6111178985,0.0,127.0,,1.55,,,,,2021-10-12 06:15:00
5446732.611240073,0.0,121.0,,1.55,,,,,2021-10-12 06:20:00
5446733.611362248,0.0,123.0,,1.55,,,,,2021-10-12 06:25:00
5446734.611484422,0.0,126.0,,1.55,,,,,2021-10-12 06:30:00
5446735.611606597,0.0,128.0,,1.55,108.0,0.000659,,,2021-10-12 06:35:00
5446736.6117287725,0.0,129.0,,1.55,99.0,0.000288,,,2021-10-12 06:40:00
5446737.611850947,0.0,129.0,,1.55,103.0,0.000554,,,2021-10-12 06:45:00
5446738.611973122,0.0,129.0,,1.55,101.0,0.000987,,,2021-10-12 06:50:00
5446739.612095296,0.0,129.0,,1.55,102.0,0.000495,,,2021-10-12 06:55:00
5446740.612217471,0.0,130.0,,1.55,109.0,0.000621,,,2021-10-12 07:00:00
5446741.612339646,0.0,130.0,,1.55,98.0,0.000666,,,2021-10-12 07:05:00
5446742.61246182,0.0,132.0,,1.55,93.0,0.000421,,,2021-10-12 07:10:00
5446743.612583995,0.0,136.0,163.0,1.55,99.0,0.000348,,6.8,2021-10-12 07:15:00
5446744.6127061695,0.0,139.0,,1.55,107.0,0.000514,,,2021-10-12 07:20:00
5446745.612828344,0.0,138.0,,1.55,101.0,0.000582,,,2021-10-12 07:25:00
5446746.61295052,0.0,141.0,,1.2,94.0,0.00052,,,2021-10-12 07:30:00
5446747.613072694,0.0,148.0,,1.2,92.0,0.000432,,,2021-10-12 07:35:00
5446748.613194869,0.0,154.0,,1.2,89.0,0.000394,,,2021-10-12 07:40:00
5446749.6133170435,0.0,159.0,,1.2,93.0,0.000387,,,2021-10-12 07:45:00
5446750.613439218,0.0,166.0,,1.2,90.0,0.000377,,,2021-10-12 07:50:00
5446751.613561393,0.0,174.0,,1.2,108.0,0.002384,,,2021-10-12 07:55:00
5446752.613683567,0.0,175.0,,1.2,104.0,0.008288,,,2021-10-12 08:00:00
5446753.613805742,0.0,177.0,,1.2,104.0,0.01892,,,2021-10-12 08:05:00
5446754.613927917,0.0,180.0,,1.2,100.0,0.04288,,,2021-10-12 08:10:00
5446755.614050091,0.0,191.0,,1.2,96.0,0.009682,,,2021-10-12 08:15:00
5446756.614172266,0.0,203.0,266.0,1.2,98.0,0.005258,,10.4,2021-10-12 08:20:00
5446757.614294441,0.0,213.0,,1.2,100.0,0.004314,,,2021-10-12 08:25:00
5446758.614416616,0.0,213.0,,1.2,98.0,0.005336,,,2021-10-12 08:30:00
5446759.614538791,0.0,217.0,,1.2,100.0,0.006032,,,2021-10-12 08:35:00
5446760.614660965,0.0,218.0,,1.2,103.0,0.01468,,,2021-10-12 08:40:00
5446761.61478314,0.0,219.0,,1.2,99.0,0.02012,,,2021-10-12 08:45:00
5446762.6149053145,0.0,230.0,,1.2,98.0,0.01798,,,2021-10-12 08:50:00
5446763.615027489,0.0,242.0,,1.2,98.0,0.02746,,,2021-10-12 08:55:00
5446764.615149664,0.0,237.0,,1.2,100.0,0.010984,,,2021-10-12 09:00:00
5446765.615271838,0.0,237.0,,1.2,99.0,0.02444,,,2021-10-12 09:05:00
5446766.615394013,0.0,238.0,,1.2,95.0,0.03488,,,2021-10-12 09:10:00
5446767.615516189,0.0,238.0,,1.2,100.0,0.03138,,,2021-10-12 09:15:00
5446768.615638363,0.0,241.0,,1.2,91.0,0.01479,,,2021-10-12 09:20:00
5446769.615760538,0.0,249.0,,1.2,96.0,0.011966,,,2021-10-12 09:25:00
5446770.615882712,0.0,250.0,293.0,1.2,96.0,0.15308,,12.3,2021-10-12 09:30:00
5446771.616004887,0.0,249.0,,1.2,84.0,0.1694,,,2021-10-12 09:35:00
5446772.616127062,0.0,251.0,,1.2,85.0,0.0967,,,2021-10-12 09:40:00
5446773.616249236,0.0,251.0,,1.2,86.0,0.04702,,,2021-10-12 09:45:00
5446774.616371411,0.0,250.0,,1.2,96.0,0.02596,,,2021-10-12 09:50:00
5446775.6164935855,0.0,248.0,,1.2,89.0,0.01638,,,2021-10-12 09:55:00
5446776.61661576,0.0,246.0,,1.0,90.0,0.010796,,,2021-10-12 10:00:00
5446777.616737936,0.0,242.0,,1.0,107.0,0.01265,,,2021-10-12 10:05:00
5446778.61686011,0.0,236.0,,1.0,90.0,0.032252,,,2021-10-12 10:10:00
5446779.616982285,0.0,232.0,,1.0,94.0,0.07398,,,2021-10-12 10:15:00
5446780.61710446,0.0,225.0,,1.0,92.0,0.03418,,,2021-10-12 10:20:00
5446781.617226634,0.0,220.0,,1.0,105.0,0.0173,,,2021-10-12 10:25:00
5446782.617348809,0.0,215.0,,1.0,94.0,0.0158,,,2021-10-12 10:30:00
5446783.617470983,0.0,212.0,,1.0,98.0,0.01496,,,2021-10-12 10:35:00
5446784.617593158,0.0,206.0,,1.0,97.0,0.01762,,,2021-10-12 10:40:00
5446785.617715333,0.0,201.0,,1.0,95.0,0.0124,,,2021-10-12 10:45:00
5446786.617837507,0.0,198.0,,1.0,91.0,0.01234,,,2021-10-12 10:50:00
5446787.617959682,0.0,194.0,,1.0,92.0,0.01114,,,2021-10-12 10:55:00
5446788.618081857,0.0,190.0,,1.0,91.0,0.010334,,,2021-10-12 11:00:00
5446789.618204032,0.0,187.0,,1.0,91.0,0.01029,,,2021-10-12 11:05:00
5446790.618326207,0.0,184.0,,1.0,93.0,0.010306,,,2021-10-12 11:10:00
5446791.618448381,0.0,181.0,,1.0,93.0,0.007902,,,2021-10-12 11:15:00
5446792.618570556,0.0,177.0,172.0,1.0,94.0,0.005888,,,2021-10-12 11:20:00
5446793.618692731,0.0,174.0,,1.0,108.0,0.01039,,,2021-10-12 11:25:00
5446794.618814905,0.0,170.0,,0.7,101.0,0.00495,45.0,,2021-10-12 11:30:00
5446795.61893708,0.0,165.0,172.0,0.7,106.0,0.005966,,11.8,2021-10-12 11:35:00
5446796.619059254,0.0,161.0,,0.7,107.0,0.005288,,,2021-10-12 11:40:00
5446797.619181429,0.0,156.0,,0.7,107.0,0.007674,,,2021-10-12 11:45:00
5446798.619303605,0.0,160.0,,0.7,111.0,0.008524,,,2021-10-12 11:50:00
5446799.619425779,0.0,157.0,,0.7,103.0,0.007888,,,2021-10-12 11:55:00
5446800.619547954,0.0,157.0,,0.7,103.0,0.02692,,,2021-10-12 12:00:00
5446801.619670128,0.0,155.0,,0.7,98.0,0.04538,,,2021-10-12 12:05:00
5446802.619792303,0.0,155.0,,0.7,94.0,0.07018,,,2021-10-12 12:10:00
5446803.619914478,0.0,155.0,,0.7,97.0,0.05476,,,2021-10-12 12:15:00
5446804.620036652,0.0,156.0,,0.7,96.0,0.06904,,,2021-10-12 12:20:00
5446805.620158827,0.0,157.0,,0.7,96.0,0.04412,,,2021-10-12 12:25:00
5446806.620281002,0.0,159.0,,0.7,95.0,0.04686,,,2021-10-12 12:30:00
5446807.620403176,0.0,161.0,,0.7,93.0,0.03328,,,2021-10-12 12:35:00
5446808.620525351,0.0,164.0,,0.7,94.0,0.016788,,,2021-10-12 12:40:00
5446809.620647526,0.0,167.0,,0.7,92.0,0.010482,,,2021-10-12 12:45:00
5446810.620769701,0.0,169.0,,0.7,99.0,0.011172,,,2021-10-12 12:50:00
5446811.620891876,0.0,166.0,,0.7,102.0,0.01236,,,2021-10-12 12:55:00
5446812.62101405,0.0,164.0,,0.7,98.0,0.005288,,,2021-10-12 13:00:00
5446813.621136225,0.0,166.0,163.0,0.7,94.0,0.004112,,,2021-10-12 13:05:00
5446814.621258399,0.0,163.0,,0.7,93.0,0.005502,,,2021-10-12 13:10:00
5446815.621380574,0.0,161.0,,0.7,90.0,0.007826,,,2021-10-12 13:15:00
5446816.621502749,0.0,159.0,,0.7,92.0,0.00179,,,2021-10-12 13:20:00
5446817.621624923,0.0,158.0,,0.7,93.0,0.000634,,,2021-10-12 13:25:00
5446818.621747098,0.0,158.0,,0.7,96.0,0.002286,,,2021-10-12 13:30:00
5446819.6218692735,0.0,157.0,,0.7,96.0,0.0025,,,2021-10-12 13:35:00
5446820.621991448,0.0,153.0,,0.7,96.0,0.002108,,,2021-10-12 13:40:00
5446821.622113623,0.0,149.0,,0.7,93.0,0.001093,,,2021-10-12 13:45:00
5446822.622235797,0.0,147.0,,0.7,106.0,0.001474,,,2021-10-12 13:50:00
5446823.622357972,0.0,143.0,,0.7,97.0,0.001814,,,2021-10-12 13:55:00
5446824.622480147,0.0,139.0,,0.7,98.0,0.001319,,,2021-10-12 14:00:00
5446825.622602321,0.0,136.0,,0.7,93.0,0.00071,,,2021-10-12 14:05:00
5446826.622724496,0.0,134.0,,0.7,92.0,0.000838,,,2021-10-12 14:10:00
5446827.62284667,0.0,135.0,,0.7,97.0,0.000996,,,2021-10-12 14:15:00
5446828.622968845,0.0,139.0,,0.7,99.0,0.000758,,,2021-10-12 14:20:00
5446829.62309102,0.0,145.0,,0.7,101.0,0.000892,,,2021-10-12 14:25:00
5446830.623213195,0.0,150.0,,0.7,97.0,0.000768,,,2021-10-12 14:30:00
5446831.62333537,0.0,151.0,,0.7,96.0,0.001614,,,2021-10-12 14:35:00
5446832.6234575445,0.0,155.0,,0.7,93.0,0.003354,,,2021-10-12 14:40:00
5446833.623579719,0.0,159.0,,0.7,90.0,0.001776,,,2021-10-12 14:45:00
5446834.623701894,0.0,160.0,,0.7,91.0,0.00175,,,2021-10-12 14:50:00
5446835.623824068,0.0,159.0,,0.7,91.0,0.002738,,,2021-10-12 14:55:00
5446836.623946243,0.0,157.0,,0.7,93.0,0.003122,,,2021-10-12 15:00:00
5446837.624068418,0.0,154.0,,0.7,89.0,0.002958,,,2021-10-12 15:05:00
5446838.624190592,0.0,152.0,,0.7,89.0,0.002092,,,2021-10-12 15:10:00
5446839.624312767,0.0,150.0,,0.7,101.0,0.00384,,,2021-10-12 15:15:00
5446840.624434942,0.0,148.0,,0.7,93.0,0.005164,,,2021-10-12 15:20:00
5446841.624557117,0.0,146.0,,0.7,91.0,0.002748,,,2021-10-12 15:25:00
5446842.624679292,0.0,144.0,,0.7,90.0,0.002056,,,2021-10-12 15:30:00
5446843.624801466,0.0,141.0,,0.7,88.0,0.001862,,,2021-10-12 15:35:00
5446844.624923641,0.0,139.0,,0.7,88.0,0.001302,,,2021-10-12 15:40:00
5446845.6250458155,0.0,137.0,,0.7,85.0,0.001358,,,2021-10-12 15:45:00
5446846.62516799,0.0,133.0,,0.7,84.0,0.001386,,,2021-10-12 15:50:00
5446847.625290165,0.0,130.0,,0.7,87.0,0.00118,,,2021-10-12 15:55:00
5446848.625412339,0.0,127.0,,0.7,86.0,0.00113,,,2021-10-12 16:00:00
5446849.625534514,0.0,125.0,,0.7,102.0,0.000934,,,2021-10-12 16:05:00
5446850.625656689,0.0,121.0,,0.7,93.0,0.000858,,,2021-10-12 16:10:00
5446851.625778864,0.0,117.0,,0.7,102.0,0.000861,,,2021-10-12 16:15:00
5446852.625901039,0.0,110.0,,0.7,92.0,0.000959,,,2021-10-12 16:20:00
5446853.626023213,0.0,107.0,,0.7,95.0,0.001079,,,2021-10-12 16:25:00
5446854.626145388,0.0,106.0,,0.7,99.0,0.001029,,,2021-10-12 16:30:00
5446855.626267563,0.0,102.0,,0.7,89.0,0.001232,,,2021-10-12 16:35:00
5446856.626389737,0.0,101.0,,0.7,87.0,0.00117,,,2021-10-12 16:40:00
5446857.626511912,0.0,101.0,,0.7,89.0,0.001186,,,2021-10-12 16:45:00
5446858.6266340865,0.0,102.0,,0.7,88.0,0.001328,,,2021-10-12 16:50:00
5446859.626756261,0.0,102.0,,0.7,87.0,0.001368,,,2021-10-12 16:55:00
5446860.626878436,0.0,102.0,,0.7,91.0,0.001344,,,2021-10-12 17:00:00
5446861.627000611,0.0,101.0,,0.7,89.0,0.001464,,,2021-10-12 17:05:00
5446862.627122786,0.0,100.0,,0.7,87.0,0.00155,,,2021-10-12 17:10:00
5446863.6272449605,0.0,99.0,,0.7,99.0,0.001588,,,2021-10-12 17:15:00
5446864.627367135,0.0,97.0,,0.7,100.0,0.001194,,,2021-10-12 17:20:00
5446865.62748931,0.0,95.0,,0.7,102.0,0.008868,,,2021-10-12 17:25:00
5446866.627611484,0.0,92.0,,0.7,101.0,0.012232,,,2021-10-12 17:30:00
5446867.627733659,0.0,88.0,,0.7,99.0,0.012154,,,2021-10-12 17:35:00
5446868.627855834,0.0,84.0,,0.7,97.0,0.008506,,,2021-10-12 17:40:00
5446869.627978008,0.0,80.0,,0.7,98.0,0.009924,,,2021-10-12 17:45:00
5446870.628100183,0.0,77.0,,0.7,100.0,0.008684,,,2021-10-12 17:50:00
5446871.628222358,0.0,75.0,,0.7,100.0,0.02642,,,2021-10-12 17:55:00
5446872.628344533,0.0,72.0,,0.7,102.0,0.28126,,,2021-10-12 18:00:00
5446873.628466708,0.0,70.0,,0.7,96.0,0.05518,,,2021-10-12 18:05:00
5446874.628588882,0.0,69.0,,0.7,96.0,0.0173,,,2021-10-12 18:10:00
5446875.628711057,0.0,69.0,,0.7,94.0,0.02816,,,2021-10-12 18:15:00
5446876.6288332315,0.0,70.0,,0.7,98.0,0.04758,,,2021-10-12 18:20:00
5446877.628955406,0.0,71.0,,0.7,101.0,0.15374,,,2021-10-12 18:25:00
5446878.629077581,0.0,72.0,,0.8,93.0,0.4028,,,2021-10-12 18:30:00
5446879.629199755,0.0,74.0,,0.8,90.0,0.14314,,,2021-10-12 18:35:00
5446880.62932193,0.0,76.0,,0.8,94.0,0.03018,,,2021-10-12 18:40:00
5446881.629444105,0.0,78.0,,0.8,86.0,0.01986,,,2021-10-12 18:45:00
5446882.62956628,0.0,80.0,,0.8,87.0,0.01704,,,2021-10-12 18:50:00
5446883.629688455,0.0,81.0,,0.8,86.0,0.0125,,,2021-10-12 18:55:00
5446884.629810629,0.0,81.0,,0.8,96.0,0.01382,,,2021-10-12 19:00:00
5446885.629932804,0.0,79.0,,0.8,98.0,0.5566,,,2021-10-12 19:05:00
5446886.630054979,0.0,76.0,,0.8,86.0,0.437,,,2021-10-12 19:10:00
5446887.630177153,0.0,75.0,,0.8,85.0,0.1844,,,2021-10-12 19:15:00
5446888.630299328,0.0,76.0,,0.8,85.0,0.024676,,,2021-10-12 19:20:00
5446889.6304215025,0.0,77.0,,0.8,97.0,0.011262,,,2021-10-12 19:25:00
5446890.630543677,0.0,76.0,,0.8,94.0,0.012404,,,2021-10-12 19:30:00
5446891.630665852,0.0,72.0,,0.8,86.0,0.01158,,,2021-10-12 19:35:00
5446892.630788027,0.0,73.0,,0.8,83.0,0.010102,,,2021-10-12 19:40:00
5446893.630910202,0.0,76.0,,0.8,98.0,0.00643,,,2021-10-12 19:45:00
5446894.631032377,0.0,77.0,,0.8,102.0,0.005656,,,2021-10-12 19:50:00
5446895.631154551,0.0,73.0,,0.8,101.0,0.008578,,,2021-10-12 19:55:00
5446896.631276726,0.0,71.0,,0.8,101.0,0.9158,,,2021-10-12 20:00:00
5446897.6313989,0.0,71.0,,0.8,91.0,1.0592,,,2021-10-12 20:05:00
5446898.631521075,0.0,76.0,,0.8,94.0,0.6434,,,2021-10-12 20:10:00
5446899.63164325,0.0,77.0,,0.8,92.0,0.3706,,,2021-10-12 20:15:00
5446900.631765424,0.0,75.0,,0.8,92.0,0.1674,,,2021-10-12 20:20:00
5446901.631887599,0.0,76.0,,0.8,92.0,0.11574,,,2021-10-12 20:25:00
5446902.6320097735,0.0,79.0,,0.8,100.0,0.07382,,,2021-10-12 20:30:00
5446903.632131949,0.0,78.0,,0.8,95.0,0.08332,,,2021-10-12 20:35:00
5446904.632254124,0.0,76.0,,0.8,91.0,0.06602,,,2021-10-12 20:40:00
5446905.632376298,0.0,78.0,,0.8,91.0,0.05544,,,2021-10-12 20:45:00
5446906.632498473,0.0,80.0,,0.8,90.0,0.05468,,,2021-10-12 20:50:00
5446907.632620648,0.0,82.0,,0.8,90.0,0.4594,,,2021-10-12 20:55:00
5446908.632742822,0.0,83.0,,0.8,83.0,0.4668,,,2021-10-12 21:00:00
5446909.632864997,0.0,86.0,,0.8,85.0,0.4028,,,2021-10-12 21:05:00
5446910.632987171,0.0,89.0,,0.8,87.0,0.2308,,,2021-10-12 21:10:00
5446911.633109346,0.0,89.0,,0.8,84.0,0.13806,,,2021-10-12 21:15:00
5446912.633231521,0.0,90.0,85.0,0.8,90.0,0.1604,,,2021-10-12 21:20:00
5446913.633353696,0.0,88.0,85.0,0.8,98.0,0.11658,,12.9,2021-10-12 21:25:00
5446914.633475871,0.0,80.0,,0.8,99.0,0.08948,,,2021-10-12 21:30:00
5446915.633598045,0.0,81.0,,0.8,89.0,0.04372,,,2021-10-12 21:35:00
5446916.63372022,0.0,84.0,,0.8,86.0,0.01346,,,2021-10-12 21:40:00
5446917.633842395,0.0,85.0,,0.8,93.0,0.0221,,,2021-10-12 21:45:00
5446918.633964569,0.0,86.0,,0.8,87.0,0.02132,,,2021-10-12 21:50:00
5446919.634086744,0.0,88.0,,0.8,82.0,0.02156,,,2021-10-12 21:55:00
5446920.634208919,0.0,90.0,,0.8,82.0,0.01578,,,2021-10-12 22:00:00
5446921.634331093,0.0,93.0,,0.8,83.0,0.002098,,,2021-10-12 22:05:00
5446922.634453268,0.0,95.0,,0.8,90.0,0.000493,,,2021-10-12 22:10:00
5446923.634575442,0.0,97.0,,0.8,83.0,0.000281,,,2021-10-12 22:15:00
5446924.634697618,0.0,98.0,,0.8,82.0,0.000282,,,2021-10-12 22:20:00
5446925.634819793,0.0,101.0,,0.8,80.0,0.000355,,,2021-10-12 22:25:00
5446926.634941967,0.0,104.0,,0.8,82.0,0.000288,,,2021-10-12 22:30:00
5446927.635064142,0.0,107.0,,0.8,81.0,0.000244,,,2021-10-12 22:35:00
5446928.635186316,0.0,111.0,,0.8,88.0,0.00023,,,2021-10-12 22:40:00
5446929.635308491,0.0,113.0,,0.8,96.0,0.000196,,,2021-10-12 22:45:00
5446930.635430666,0.0,110.0,113.0,0.8,81.0,0.00017,,,2021-10-12 22:50:00
5446931.63555284,0.0,111.0,,0.8,80.0,0.000172,,,2021-10-12 22:55:00
5446932.635675015,0.0,113.0,,0.8,79.0,0.000181,,,2021-10-12 23:00:00
5446933.63579719,0.0,114.0,,0.8,79.0,0.000174,,,2021-10-12 23:05:00
5446934.635919365,0.0,114.0,,0.8,80.0,0.000183,,,2021-10-12 23:10:00
5446935.63604154,0.0,113.0,,0.8,81.0,0.000192,,,2021-10-12 23:15:00
5446936.636163714,0.0,113.0,,0.8,81.0,0.000198,,,2021-10-12 23:20:00
5446937.636285889,0.0,113.0,,0.8,81.0,0.00021,,,2021-10-12 23:25:00
5446938.636408064,0.0,112.0,,0.8,80.0,0.000204,,,2021-10-12 23:30:00
5446939.636530238,0.0,111.0,,0.8,80.0,0.00021,,,2021-10-12 23:35:00
5446940.636652413,0.0,110.0,,0.8,80.0,0.000216,,,2021-10-12 23:40:00
5446941.636774587,0.0,109.0,,0.8,80.0,0.000222,,,2021-10-12 23:45:00
5446942.636896762,0.0,109.0,,0.8,79.0,0.000236,,,2021-10-12 23:50:00
5446943.637018937,0.0,107.0,,0.8,79.0,0.000363,,,2021-10-12 23:55:00
5446944.637141112,0.0,106.0,,1.5,78.0,0.000441,,,2021-10-13 00:00:00
5446945.637263287,0.0,105.0,,1.5,79.0,0.000372,,,2021-10-13 00:05:00
5446946.6373854615,0.0,103.0,,1.5,77.0,0.000352,,,2021-10-13 00:10:00
5446947.637507636,0.0,100.0,,1.5,76.0,0.000436,,,2021-10-13 00:15:00
5446948.637629811,0.0,98.0,,1.5,78.0,0.000486,,,2021-10-13 00:20:00
5446949.637751985,0.0,97.0,,1.5,76.0,0.000472,,,2021-10-13 00:25:00
5446950.63787416,0.0,96.0,,1.5,77.0,0.000483,,,2021-10-13 00:30:00
5446951.637996335,0.0,95.0,,1.5,75.0,0.000526,,,2021-10-13 00:35:00
5446952.638118509,0.0,94.0,,1.5,92.0,0.000504,,,2021-10-13 00:40:00
5446953.638240684,0.0,93.0,,1.5,81.0,0.000656,,,2021-10-13 00:45:00
5446954.638362858,0.0,92.0,,1.5,94.0,0.00078,,,2021-10-13 00:50:00
5446955.638485034,0.0,91.0,,1.5,81.0,0.000778,,,2021-10-13 00:55:00
5446956.638607209,0.0,89.0,,1.5,102.0,0.000518,,,2021-10-13 01:00:00
5446957.638729383,0.0,87.0,,1.5,76.0,0.000617,,,2021-10-13 01:05:00
5446958.638851558,0.0,85.0,,1.5,77.0,0.000686,,,2021-10-13 01:10:00
5446959.6389737325,0.0,84.0,,1.5,99.0,0.000509,,,2021-10-13 01:15:00
5446960.639095907,0.0,85.0,,1.5,79.0,0.000418,,,2021-10-13 01:20:00
5446961.639218082,0.0,85.0,,1.5,77.0,0.000422,,,2021-10-13 01:25:00
5446962.639340256,0.0,84.0,,1.5,76.0,0.000421,,,2021-10-13 01:30:00
5446963.639462431,0.0,84.0,,1.5,76.0,0.000361,,,2021-10-13 01:35:00
5446964.639584606,0.0,84.0,,1.5,102.0,0.000485,,,2021-10-13 01:40:00
5446965.639706781,0.0,83.0,,1.5,144.0,0.000548,,,2021-10-13 01:45:00
5446966.639828956,0.0,83.0,,1.5,81.0,0.000441,,,2021-10-13 01:50:00
5446967.63995113,0.0,83.0,,1.5,73.0,0.000504,,,2021-10-13 01:55:00
5446968.640073305,0.0,83.0,,1.5,73.0,0.000501,,,2021-10-13 02:00:00
5446969.64019548,0.0,82.0,,1.5,73.0,0.00048,,,2021-10-13 02:05:00
5446970.640317654,0.0,82.0,,1.5,74.0,0.000438,,,2021-10-13 02:10:00
5446971.640439829,0.0,81.0,,1.5,73.0,0.000401,,,2021-10-13 02:15:00
5446972.6405620035,0.0,81.0,,1.5,72.0,0.000397,,,2021-10-13 02:20:00
5446973.640684178,0.0,80.0,,1.5,84.0,0.00041,,,2021-10-13 02:25:00
5446974.640806353,0.0,81.0,66.0,1.5,94.0,0.00033,,,2021-10-13 02:30:00
5446975.640928527,0.0,80.0,,1.5,78.0,0.000325,,,2021-10-13 02:35:00
5446976.641050703,0.0,79.0,,1.5,72.0,0.000348,,,2021-10-13 02:40:00
5446977.6411728775,0.0,78.0,,1.5,76.0,0.000345,,,2021-10-13 02:45:00
5446978.641295052,0.0,80.0,,1.5,83.0,0.000393,,,2021-10-13 02:50:00
5446979.641417227,0.0,85.0,,1.5,75.0,0.0004,,,2021-10-13 02:55:00
5446980.641539401,0.0,90.0,,1.55,74.0,0.000442,,,2021-10-13 03:00:00
5446981.641661576,0.0,94.0,,1.55,72.0,0.000431,,,2021-10-13 03:05:00
5446982.641783751,0.0,98.0,,1.55,72.0,0.000451,,,2021-10-13 03:10:00
5446983.641905925,0.0,101.0,,1.55,72.0,0.000472,,,2021-10-13 03:15:00
5446984.6420281,0.0,102.0,,1.55,72.0,0.000485,,,2021-10-13 03:20:00
5446985.6421502745,0.0,102.0,,1.55,72.0,0.000474,,,2021-10-13 03:25:00
5446986.64227245,0.0,101.0,,1.55,73.0,0.00049,,,2021-10-13 03:30:00
5446987.642394625,0.0,101.0,,1.55,73.0,0.000514,,,2021-10-13 03:35:00
5446988.642516799,0.0,101.0,,1.55,74.0,0.000522,,,2021-10-13 03:40:00
5446989.642638974,0.0,101.0,,1.55,72.0,0.000712,,,2021-10-13 03:45:00
5446990.6427611485,0.0,102.0,,1.55,74.0,0.000653,,,2021-10-13 03:50:00
5446991.642883323,0.0,102.0,,1.55,73.0,0.00079,,,2021-10-13 03:55:00
5446992.643005498,0.0,101.0,,1.55,75.0,0.000891,,,2021-10-13 04:00:00
5446993.643127672,0.0,101.0,,1.55,75.0,0.000593,,,2021-10-13 04:05:00
5446994.643249847,0.0,102.0,,1.55,75.0,0.000567,,,2021-10-13 04:10:00
5446995.643372022,0.0,103.0,,1.55,74.0,0.000566,,,2021-10-13 04:15:00
5446996.643494196,0.0,103.0,,1.55,75.0,0.000575,,,2021-10-13 04:20:00
5446997.643616372,0.0,103.0,,1.55,76.0,0.000609,,,2021-10-13 04:25:00
5446998.643738546,0.0,102.0,,1.55,77.0,0.000633,,,2021-10-13 04:30:00
5446999.643860721,0.0,103.0,,1.55,73.0,0.00066,,,2021-10-13 04:35:00
5447000.643982896,0.0,103.0,,1.55,72.0,0.000671,,,2021-10-13 04:40:00
5447001.64410507,0.0,102.0,,1.55,76.0,0.000669,,,2021-10-13 04:45:00
5447002.644227245,0.0,102.0,,1.55,80.0,0.000656,,,2021-10-13 04:50:00
5447003.6443494195,0.0,103.0,,1.55,138.0,0.000648,,,2021-10-13 04:55:00
5447004.644471594,0.0,103.0,,1.55,86.0,0.000591,,,2021-10-13 05:00:00
5447005.644593769,0.0,103.0,,1.55,74.0,0.000609,,,2021-10-13 05:05:00
5447006.644715943,0.0,102.0,,1.55,72.0,0.000614,,,2021-10-13 05:10:00
5447007.644838119,0.0,102.0,,1.55,94.0,0.0006,,,2021-10-13 05:15:00
5447008.644960294,0.0,103.0,,1.55,87.0,0.000638,,,2021-10-13 05:20:00
5447009.645082468,0.0,103.0,,1.55,94.0,0.00053,,,2021-10-13 05:25:00
5447010.645204643,0.0,104.0,,1.55,,,,,2021-10-13 05:30:00
5447011.645326817,0.0,105.0,,1.55,,,,,2021-10-13 05:35:00
5447012.645448992,0.0,106.0,,1.55,,,,,2021-10-13 05:40:00
5447013.645571167,0.0,109.0,,1.55,,,,,2021-10-13 05:45:00
5447014.645693341,0.0,109.0,112.0,1.55,,,,,2021-10-13 05:50:00
5447015.645815516,0.0,108.0,,1.55,,,,,2021-10-13 05:55:00
5447016.6459376905,0.0,111.0,,1.55,,,,,2021-10-13 06:00:00
5447017.646059866,0.0,115.0,,1.55,,,,,2021-10-13 06:05:00
5447018.646182041,0.0,119.0,,1.55,,,,,2021-10-13 06:10:00
5447019.646304215,0.0,123.0,,1.55,,,,,2021-10-13 06:15:00
5447020.64642639,0.0,126.0,,1.55,,,,,2021-10-13 06:20:00
5447021.646548565,0.0,128.0,,1.55,,,,,2021-10-13 06:25:00
5447022.646670739,0.0,129.0,,1.55,101.0,0.000589,,,2021-10-13 06:30:00
5447023.646792914,0.0,131.0,,1.55,90.0,0.000202,,,2021-10-13 06:35:00
5447024.646915088,0.0,134.0,,1.55,97.0,0.000103,,,2021-10-13 06:40:00
5447025.647037263,0.0,135.0,,1.55,90.0,9.1e-05,65.0,,2021-10-13 06:45:00
5447026.647159438,0.0,139.0,,1.55,98.0,7.4e-05,,,2021-10-13 06:50:00
5447027.647281612,0.0,141.0,165.0,1.55,107.0,6.3e-05,,17.4,2021-10-13 06:55:00
5447028.647403788,0.0,144.0,,1.55,95.0,0.000143,,,2021-10-13 07:00:00
5447029.647525962,0.0,149.0,,1.55,94.0,8.9e-05,,,2021-10-13 07:05:00
5447030.647648137,0.0,162.0,,1.55,91.0,7.3e-05,,,2021-10-13 07:10:00
5447031.647770312,0.0,167.0,,1.55,100.0,7.9e-05,,,2021-10-13 07:15:00
5447032.647892486,0.0,167.0,,1.55,102.0,0.000341,,,2021-10-13 07:20:00
5447033.648014661,0.0,167.0,,1.55,94.0,0.000445,,,2021-10-13 07:25:00
5447034.648136836,0.0,175.0,,1.2,94.0,0.000269,,,2021-10-13 07:30:00
5447035.64825901,0.0,184.0,,1.2,92.0,0.000339,,,2021-10-13 07:35:00
5447036.648381185,0.0,192.0,,1.2,109.0,0.001158,,,2021-10-13 07:40:00
5447037.648503359,0.0,201.0,216.0,1.2,102.0,0.003444,,9.3,2021-10-13 07:45:00
5447038.648625535,0.0,209.0,,1.2,102.0,0.001058,,,2021-10-13 07:50:00
5447039.64874771,0.0,214.0,,1.2,104.0,0.000626,,,2021-10-13 07:55:00
5447040.648869884,0.0,209.0,,1.2,110.0,0.000955,,,2021-10-13 08:00:00
5447041.648992059,0.0,204.0,,1.2,111.0,0.009824,,,2021-10-13 08:05:00
5447042.649114233,0.0,200.0,,1.2,108.0,0.04538,,,2021-10-13 08:10:00
5447043.649236408,0.0,203.0,,1.2,102.0,0.01932,,,2021-10-13 08:15:00
5447044.649358583,0.0,212.0,,1.2,99.0,0.007102,,,2021-10-13 08:20:00
5447045.649480757,0.0,222.0,,1.2,93.0,0.003492,,,2021-10-13 08:25:00
5447046.649602932,0.0,231.0,,1.2,94.0,0.002098,,,2021-10-13 08:30:00
5447047.649725107,0.0,237.0,,1.2,99.0,0.001682,,,2021-10-13 08:35:00
5447048.649847281,0.0,235.0,,1.2,108.0,0.001482,,,2021-10-13 08:40:00
5447049.649969457,0.0,231.0,,1.2,100.0,0.00122,,,2021-10-13 08:45:00
5447050.650091631,0.0,234.0,,1.2,94.0,0.001032,,,2021-10-13 08:50:00
5447051.650213806,0.0,235.0,,1.2,95.0,0.000688,,,2021-10-13 08:55:00
5447052.650335981,0.0,235.0,,1.2,101.0,0.000583,,,2021-10-13 09:00:00
5447053.650458155,0.0,231.0,,1.2,102.0,0.000563,,,2021-10-13 09:05:00
5447054.65058033,0.0,228.0,,1.2,96.0,0.000522,,,2021-10-13 09:10:00
5447055.650702504,0.0,224.0,,1.2,96.0,0.000531,,,2021-10-13 09:15:00
5447056.650824679,0.0,220.0,,1.2,98.0,0.000423,,,2021-10-13 09:20:00
5447057.650946854,0.0,217.0,217.0,1.2,99.0,0.000351,,7.3,2021-10-13 09:25:00
5447058.651069028,0.0,212.0,,1.2,107.0,0.000391,,,2021-10-13 09:30:00
5447059.651191204,0.0,205.0,,1.2,102.0,0.000308,,,2021-10-13 09:35:00
5447060.6513133785,0.0,203.0,,1.2,95.0,0.000331,,,2021-10-13 09:40:00
5447061.651435553,0.0,201.0,,1.2,94.0,0.000337,,,2021-10-13 09:45:00
5447062.651557728,0.0,194.0,,1.2,96.0,0.000388,,,2021-10-13 09:50:00
5447063.651679902,0.0,190.0,,1.2,98.0,0.000244,,,2021-10-13 09:55:00
5447064.651802077,0.0,186.0,,1.0,97.0,0.000228,,,2021-10-13 10:00:00
5447065.651924252,0.0,183.0,,1.0,94.0,0.00024,,,2021-10-13 10:05:00
5447066.652046426,0.0,183.0,,1.0,97.0,0.000234,,,2021-10-13 10:10:00
5447067.652168601,0.0,179.0,,1.0,101.0,0.000235,,,2021-10-13 10:15:00
5447068.652290775,0.0,173.0,,1.0,93.0,0.000293,,,2021-10-13 10:20:00
5447069.65241295,0.0,164.0,,1.0,92.0,0.000303,,,2021-10-13 10:25:00
5447070.652535126,0.0,156.0,,1.0,92.0,0.000295,,,2021-10-13 10:30:00
5447071.6526573,0.0,149.0,,1.0,91.0,0.000324,,,2021-10-13 10:35:00
5447072.652779475,0.0,140.0,,1.0,98.0,0.000301,,,2021-10-13 10:40:00
5447073.6529016495,0.0,132.0,,1.0,99.0,0.000282,,,2021-10-13 10:45:00
5447074.653023824,0.0,130.0,,1.0,92.0,0.000263,,,2021-10-13 10:50:00
5447075.653145999,0.0,125.0,,1.0,89.0,0.000292,,,2021-10-13 10:55:00
5447076.653268173,0.0,120.0,,1.0,88.0,0.00028,,,2021-10-13 11:00:00
5447077.653390348,0.0,115.0,,1.0,89.0,0.000285,,,2021-10-13 11:05:00
5447078.653512523,0.0,110.0,81.0,1.0,99.0,0.0002,,,2021-10-13 11:10:00
5447079.653634697,0.0,103.0,,1.0,103.0,0.000247,,,2021-10-13 11:15:00
5447080.653756873,0.0,100.0,,1.0,95.0,0.000605,,,2021-10-13 11:20:00
5447081.653879047,0.0,86.0,,1.0,100.0,0.000654,,,2021-10-13 11:25:00
5447082.654001222,0.0,81.0,,0.7,101.0,0.000305,40.0,,2021-10-13 11:30:00
5447083.654123397,0.0,77.0,,0.7,100.0,0.000328,,,2021-10-13 11:35:00
5447084.654245571,0.0,73.0,,0.7,97.0,0.000483,,,2021-10-13 11:40:00
5447085.654367746,0.0,69.0,83.0,0.7,108.0,0.000336,,8.6,2021-10-13 11:45:00
5447086.6544899205,0.0,68.0,,0.7,109.0,0.000418,,,2021-10-13 11:50:00
5447087.654612095,0.0,68.0,,0.7,110.0,0.000834,,,2021-10-13 11:55:00
5447088.65473427,0.0,72.0,,0.7,107.0,0.00271,,,2021-10-13 12:00:00
5447089.654856444,0.0,73.0,,0.7,102.0,0.008808,,,2021-10-13 12:05:00
5447090.654978619,0.0,75.0,,0.7,105.0,0.046818,,,2021-10-13 12:10:00
5447091.6551007945,0.0,77.0,,0.7,98.0,0.06068,,,2021-10-13 12:15:00
5447092.655222969,0.0,81.0,,0.7,98.0,0.04642,,,2021-10-13 12:20:00
5447093.655345144,0.0,83.0,,0.7,103.0,0.0902,,,2021-10-13 12:25:00
5447094.655467318,0.0,84.0,,0.7,101.0,0.344,,,2021-10-13 12:30:00
5447095.655589493,0.0,88.0,,0.7,101.0,0.6714,,,2021-10-13 12:35:00
5447096.655711668,0.0,89.0,,0.7,103.0,0.3062,,,2021-10-13 12:40:00
5447097.655833842,0.0,90.0,,0.7,99.0,0.2978,,,2021-10-13 12:45:00
5447098.655956017,0.0,91.0,,0.7,101.0,0.5142,,,2021-10-13 12:50:00
5447099.6560781915,0.0,90.0,,0.7,101.0,0.5128,,,2021-10-13 12:55:00
5447100.656200366,0.0,90.0,,0.7,99.0,0.351,,,2021-10-13 13:00:00
5447101.656322542,0.0,91.0,,0.7,98.0,0.4456,,,2021-10-13 13:05:00
5447102.656444716,0.0,89.0,,0.7,98.0,0.3302,,,2021-10-13 13:10:00
5447103.656566891,0.0,88.0,,0.7,96.0,0.15242,,,2021-10-13 13:15:00
5447104.6566890655,0.0,88.0,,0.7,95.0,0.15582,,,2021-10-13 13:20:00
5447105.65681124,0.0,86.0,,0.7,96.0,0.07324,,,2021-10-13 13:25:00
5447106.656933415,0.0,83.0,,0.7,94.0,0.07856,,,2021-10-13 13:30:00
5447107.657055589,0.0,82.0,,0.7,94.0,0.06492,,,2021-10-13 13:35:00
5447108.657177764,0.0,81.0,,0.7,100.0,0.04836,,,2021-10-13 13:40:00
5447109.657299939,0.0,77.0,,0.7,99.0,0.04434,,,2021-10-13 13:45:00
5447110.657422113,0.0,73.0,,0.7,110.0,0.03942,,,2021-10-13 13:50:00
5447111.657544289,0.0,69.0,,0.7,99.0,0.03158,,,2021-10-13 13:55:00
5447112.657666463,0.0,65.0,,0.7,103.0,0.04564,,,2021-10-13 14:00:00
5447113.657788638,0.0,64.0,,0.7,95.0,0.04218,,,2021-10-13 14:05:00
5447114.657910813,0.0,67.0,,0.7,95.0,0.02262,,,2021-10-13 14:10:00
5447115.658032987,0.0,73.0,,0.7,95.0,0.01339,,,2021-10-13 14:15:00
5447116.658155162,0.0,80.0,,0.7,93.0,0.01201,,,2021-10-13 14:20:00
5447117.6582773365,0.0,89.0,,0.7,109.0,0.014934,,,2021-10-13 14:25:00
5447118.658399511,0.0,90.0,,0.7,101.0,0.01462,,,2021-10-13 14:30:00
5447119.658521686,0.0,95.0,,0.7,91.0,0.01124,,,2021-10-13 14:35:00
5447120.65864386,0.0,99.0,,0.7,90.0,0.006682,,,2021-10-13 14:40:00
5447121.658766035,0.0,101.0,,0.7,92.0,0.006988,,,2021-10-13 14:45:00
5447122.658888211,0.0,103.0,,0.7,90.0,0.008074,,,2021-10-13 14:50:00
5447123.659010385,0.0,106.0,,0.7,89.0,0.006366,,,2021-10-13 14:55:00
5447124.65913256,0.0,110.0,,0.7,90.0,0.00527,,,2021-10-13 15:00:00
5447125.659254734,0.0,115.0,,0.7,93.0,0.004946,,,2021-10-13 15:05:00
5447126.659376909,0.0,121.0,,0.7,93.0,0.004858,,,2021-10-13 15:10:00
5447127.659499084,0.0,126.0,,0.7,90.0,0.003998,,,2021-10-13 15:15:00
5447128.659621258,0.0,130.0,,0.7,103.0,0.00769,,,2021-10-13 15:20:00
5447129.659743433,0.0,131.0,,0.7,93.0,0.007352,,,2021-10-13 15:25:00
5447130.6598656075,0.0,133.0,,0.7,94.0,0.003402,,,2021-10-13 15:30:00
5447131.659987782,0.0,135.0,,0.7,91.0,0.001725,,,2021-10-13 15:35:00
5447132.660109958,0.0,137.0,,0.7,89.0,0.001003,,,2021-10-13 15:40:00
5447133.660232132,0.0,138.0,,0.7,91.0,0.000379,,,2021-10-13 15:45:00
5447134.660354307,0.0,138.0,,0.7,96.0,0.00072,,,2021-10-13 15:50:00
5447135.660476482,0.0,138.0,,0.7,90.0,0.000357,,,2021-10-13 15:55:00
5447136.660598656,0.0,138.0,117.0,0.7,97.0,0.000302,,,2021-10-13 16:00:00
5447137.660720831,0.0,137.0,,0.7,92.0,0.000346,,,2021-10-13 16:05:00
5447138.660843005,0.0,129.0,,0.7,94.0,0.000298,,,2021-10-13 16:10:00
5447139.66096518,0.0,131.0,,0.7,88.0,0.000274,,,2021-10-13 16:15:00
5447140.661087355,0.0,139.0,,0.7,83.0,0.000309,,,2021-10-13 16:20:00
5447141.661209529,0.0,147.0,,0.7,85.0,0.000293,,,2021-10-13 16:25:00
5447142.661331704,0.0,152.0,,0.7,88.0,0.000284,,,2021-10-13 16:30:00
5447143.661453879,0.0,158.0,,0.7,84.0,0.000263,,,2021-10-13 16:35:00
5447144.661576054,0.0,164.0,,0.7,86.0,0.000283,,,2021-10-13 16:40:00
5447145.661698229,0.0,164.0,,0.7,103.0,0.00014,,,2021-10-13 16:45:00
5447146.661820403,0.0,160.0,,0.7,98.0,0.000125,,,2021-10-13 16:50:00
5447147.661942578,0.0,164.0,,0.7,101.0,0.000124,,,2021-10-13 16:55:00
5447148.662064753,0.0,170.0,,0.7,89.0,0.000144,,,2021-10-13 17:00:00
5447149.662186927,0.0,176.0,,0.7,89.0,0.000156,,,2021-10-13 17:05:00
5447150.662309102,0.0,182.0,,0.7,90.0,0.000169,,,2021-10-13 17:10:00
5447151.662431276,0.0,186.0,,0.7,91.0,0.000143,,,2021-10-13 17:15:00
5447152.662553451,0.0,188.0,,0.7,95.0,0.000138,,,2021-10-13 17:20:00
5447153.662675627,0.0,185.0,,0.7,108.0,0.000431,,,2021-10-13 17:25:00
5447154.662797801,0.0,179.0,,0.7,110.0,0.681686,,,2021-10-13 17:30:00
5447155.662919976,0.0,180.0,,0.7,112.0,1.5914,,,2021-10-13 17:35:00
5447156.66304215,0.0,179.0,,0.7,105.0,3.65,,,2021-10-13 17:40:00
5447157.663164325,0.0,177.0,,0.7,101.0,1.8454,,,2021-10-13 17:45:00
5447158.6632865,0.0,177.0,,0.7,108.0,0.533,,,2021-10-13 17:50:00
5447159.663408674,0.0,175.0,,0.7,118.0,2.19,,,2021-10-13 17:55:00
5447160.663530849,0.0,173.0,,0.7,107.0,4.152,,,2021-10-13 18:00:00
5447161.663653024,0.0,168.0,,0.7,116.0,4.84,,,2021-10-13 18:05:00
5447162.663775198,0.0,161.0,,0.7,110.0,9.424,,,2021-10-13 18:10:00
5447163.663897373,0.0,156.0,,0.7,107.0,10.362,,,2021-10-13 18:15:00
5447164.664019548,0.0,151.0,,0.7,105.0,8.706,,,2021-10-13 18:20:00
5447165.664141723,0.0,149.0,,0.7,118.0,6.026,,,2021-10-13 18:25:00
5447166.664263898,0.0,148.0,,0.8,111.0,5.522,,,2021-10-13 18:30:00
5447167.664386072,0.0,148.0,,0.8,103.0,5.518,,,2021-10-13 18:35:00
5447168.664508247,0.0,147.0,,0.8,99.0,3.9,,,2021-10-13 18:40:00
5447169.664630421,0.0,147.0,,0.8,100.0,2.742,,,2021-10-13 18:45:00
5447170.664752596,0.0,147.0,,0.8,101.0,2.044,,,2021-10-13 18:50:00
5447171.664874771,0.0,148.0,,0.8,100.0,1.79,,,2021-10-13 18:55:00
5447172.664996945,0.0,148.0,,0.8,107.0,0.8178,,,2021-10-13 19:00:00
5447173.66511912,0.0,146.0,,0.8,102.0,0.7842,,,2021-10-13 19:05:00
5447174.6652412955,0.0,145.0,,0.8,106.0,0.6418,,,2021-10-13 19:10:00
5447175.66536347,0.0,142.0,,0.8,102.0,0.6484,28.0,,2021-10-13 19:15:00
5447176.665485645,0.0,139.0,,0.8,111.0,0.27284,,,2021-10-13 19:20:00
5447177.665607819,0.0,135.0,,0.8,109.0,0.06094,,,2021-10-13 19:25:00
5447178.665729994,0.0,130.0,,0.8,107.0,0.0793,,,2021-10-13 19:30:00
5447179.665852169,0.0,126.0,,0.8,108.0,0.2756,,,2021-10-13 19:35:00
5447180.665974343,0.0,124.0,,0.8,101.0,0.3918,,,2021-10-13 19:40:00
5447181.666096518,0.0,124.0,,0.8,107.0,0.1442,,,2021-10-13 19:45:00
5447182.666218692,0.0,127.0,,0.8,100.0,0.09634,,,2021-10-13 19:50:00
5447183.666340867,0.0,131.0,,0.8,98.0,0.10612,,,2021-10-13 19:55:00
5447184.666463043,0.0,133.0,,0.8,96.0,0.20008,,,2021-10-13 20:00:00
5447185.666585217,0.0,133.0,,0.8,93.0,0.2826,,,2021-10-13 20:05:00
5447186.666707392,0.0,132.0,,0.8,91.0,0.2544,,,2021-10-13 20:10:00
5447187.6668295665,0.0,132.0,,0.8,95.0,0.2038,,,2021-10-13 20:15:00
5447188.666951741,0.0,133.0,,0.8,94.0,0.17054,,,2021-10-13 20:20:00
5447189.667073916,0.0,132.0,,0.8,93.0,0.1448,,,2021-10-13 20:25:00
5447190.66719609,0.0,130.0,,0.8,91.0,0.09454,,,2021-10-13 20:30:00
5447191.667318265,0.0,128.0,,0.8,93.0,0.09674,,,2021-10-13 20:35:00
5447192.66744044,0.0,127.0,,0.8,92.0,0.07678,,,2021-10-13 20:40:00
5447193.667562614,0.0,125.0,,0.8,92.0,0.0543,,,2021-10-13 20:45:00
5447194.667684789,0.0,124.0,,0.8,94.0,0.04598,,,2021-10-13 20:50:00
5447195.667806964,0.0,120.0,,0.8,99.0,0.02238,,,2021-10-13 20:55:00
5447196.667929139,0.0,117.0,,0.8,98.0,0.012766,,,2021-10-13 21:00:00
5447197.668051314,0.0,115.0,,0.8,97.0,0.010004,,,2021-10-13 21:05:00
5447198.668173488,0.0,114.0,,0.8,91.0,0.006998,,,2021-10-13 21:10:00
5447199.668295663,0.0,113.0,,0.8,92.0,0.006188,,,2021-10-13 21:15:00
5447200.6684178375,0.0,112.0,,0.8,90.0,0.00549,,,2021-10-13 21:20:00
5447201.668540012,0.0,111.0,,0.8,90.0,0.003844,,,2021-10-13 21:25:00
5447202.668662187,0.0,109.0,,0.8,102.0,0.002882,,,2021-10-13 21:30:00
5447203.668784361,0.0,105.0,104.0,0.8,101.0,0.002106,,,2021-10-13 21:35:00
5447204.668906536,0.0,103.0,,0.8,90.0,0.002264,,,2021-10-13 21:40:00
5447205.6690287115,0.0,103.0,,0.8,86.0,0.00241,,,2021-10-13 21:45:00
5447206.669150886,0.0,109.0,,0.8,84.0,0.00215,,,2021-10-13 21:50:00
5447207.669273061,0.0,120.0,,0.8,84.0,0.002134,,,2021-10-13 21:55:00
5447208.669395235,0.0,132.0,,0.8,96.0,0.002268,,,2021-10-13 22:00:00
5447209.66951741,0.0,136.0,,0.8,92.0,0.00181,,,2021-10-13 22:05:00
5447210.669639585,0.0,142.0,,0.8,83.0,0.001992,,,2021-10-13 22:10:00
5447211.669761759,0.0,154.0,,0.8,83.0,0.002604,,,2021-10-13 22:15:00
5447212.669883934,0.0,162.0,,0.8,82.0,0.003108,,,2021-10-13 22:20:00
5447213.6700061085,0.0,167.0,,0.8,119.0,0.001049,,,2021-10-13 22:25:00
5447214.670128283,0.0,169.0,,0.8,122.0,0.000564,,,2021-10-13 22:30:00
5447215.670250458,0.0,171.0,,0.8,108.0,0.000373,,,2021-10-13 22:35:00
5447216.670372633,0.0,169.0,,0.8,125.0,0.00015,,,2021-10-13 22:40:00
5447217.670494808,0.0,166.0,,0.8,94.0,8.9e-05,,,2021-10-13 22:45:00
5447218.6706169825,0.0,163.0,,0.8,84.0,0.000211,,,2021-10-13 22:50:00
5447219.670739157,0.0,161.0,,0.8,88.0,0.000321,,,2021-10-13 22:55:00
5447220.670861332,0.0,159.0,,0.8,96.0,0.00045,,,2021-10-13 23:00:00
5447221.670983506,0.0,158.0,,0.8,85.0,0.000496,,,2021-10-13 23:05:00
5447222.671105681,0.0,157.0,,0.8,85.0,0.000541,,,2021-10-13 23:10:00
5447223.671227856,0.0,158.0,,0.8,85.0,0.000505,,,2021-10-13 23:15:00
5447224.67135003,0.0,159.0,,0.8,83.0,0.000527,,,2021-10-13 23:20:00
5447225.671472205,0.0,159.0,,0.8,82.0,0.000583,,,2021-10-13 23:25:00
5447226.67159438,0.0,159.0,,0.8,82.0,0.001156,,,2021-10-13 23:30:00
5447227.671716555,0.0,159.0,,0.8,83.0,0.003306,,,2021-10-13 23:35:00
5447228.67183873,0.0,159.0,,0.8,97.0,0.00523,,,2021-10-13 23:40:00
5447229.671960904,0.0,158.0,,0.8,129.0,0.00098,,,2021-10-13 23:45:00
5447230.672083079,0.0,156.0,,0.8,116.0,0.000423,,,2021-10-13 23:50:00
5447231.6722052535,0.0,156.0,,0.8,94.0,0.000299,,,2021-10-13 23:55:00
5447232.672327428,0.0,157.0,,0.8,96.0,0.000206,,,2021-10-14 00:00:00
5447233.672449603,0.0,157.0,,0.8,137.0,0.000177,,,2021-10-14 00:05:00
5447234.672571777,0.0,157.0,,0.8,134.0,0.00014,,,2021-10-14 00:10:00
5447235.672693952,0.0,156.0,,0.8,143.0,0.000118,,,2021-10-14 00:15:00
5447236.672816127,0.0,157.0,,0.8,142.0,0.000101,,,2021-10-14 00:20:00
5447237.672938302,0.0,157.0,,0.8,119.0,9e-05,,,2021-10-14 00:25:00
5447238.673060477,0.0,156.0,,0.8,119.0,8.6e-05,,,2021-10-14 00:30:00
5447239.673182651,0.0,155.0,,0.8,79.0,0.0001,,,2021-10-14 00:35:00
5447240.673304826,0.0,158.0,,0.8,77.0,0.000101,,,2021-10-14 00:40:00
5447241.673427001,0.0,160.0,,0.8,77.0,0.000121,,,2021-10-14 00:45:00
5447242.673549175,0.0,160.0,,0.8,78.0,0.000154,,,2021-10-14 00:50:00
5447243.67367135,0.0,162.0,,0.8,77.0,0.000189,,,2021-10-14 00:55:00
5447244.6737935245,0.0,163.0,,0.8,78.0,0.000204,,,2021-10-14 01:00:00
5447245.673915699,0.0,165.0,,0.8,78.0,0.000204,,,2021-10-14 01:05:00
5447246.674037874,0.0,168.0,,0.8,116.0,0.000136,,,2021-10-14 01:10:00
5447247.674160049,0.0,170.0,,0.8,140.0,0.000119,,,2021-10-14 01:15:00
5447248.674282224,0.0,171.0,,0.8,136.0,0.000112,,,2021-10-14 01:20:00
5447249.674404399,0.0,173.0,,0.8,82.0,0.000116,,,2021-10-14 01:25:00
5447250.674526573,0.0,175.0,,0.8,74.0,9.8e-05,,,2021-10-14 01:30:00
5447251.674648748,0.0,177.0,,0.8,73.0,0.000101,,,2021-10-14 01:35:00
5447252.674770922,0.0,179.0,,0.8,76.0,0.000116,,,2021-10-14 01:40:00
5447253.674893097,0.0,182.0,,0.8,75.0,0.000125,,,2021-10-14 01:45:00
5447254.675015272,0.0,185.0,,0.8,74.0,0.000143,,,2021-10-14 01:50:00
5447255.675137446,0.0,188.0,,0.8,74.0,0.000167,,,2021-10-14 01:55:00
5447256.675259621,0.0,190.0,,0.8,71.0,0.00023,,,2021-10-14 02:00:00
5447257.675381796,0.0,191.0,,0.8,70.0,0.000222,,,2021-10-14 02:05:00
5447258.675503971,0.0,193.0,,0.8,102.0,0.00015,,,2021-10-14 02:10:00
5447259.675626146,0.0,195.0,,0.8,158.0,0.000112,,,2021-10-14 02:15:00
5447260.67574832,0.0,197.0,,0.8,127.0,0.000106,,,2021-10-14 02:20:00
5447261.675870495,0.0,199.0,,0.8,72.0,0.000114,,,2021-10-14 02:25:00
5447262.67599267,0.0,202.0,221.0,0.8,83.0,0.000127,,7.3,2021-10-14 02:30:00
5447263.676114844,0.0,205.0,,0.8,88.0,0.000103,,,2021-10-14 02:35:00
5447264.676237019,0.0,208.0,,0.8,76.0,0.000112,,,2021-10-14 02:40:00
5447265.676359193,0.0,212.0,,0.8,75.0,0.000144,,,2021-10-14 02:45:00
5447266.676481368,0.0,216.0,,0.8,86.0,0.00013,,,2021-10-14 02:50:00
5447267.676603543,0.0,220.0,,0.8,81.0,0.000108,,,2021-10-14 02:55:00
5447268.676725718,0.0,222.0,,0.8,77.0,0.000113,,,2021-10-14 03:00:00
5447269.676847893,0.0,226.0,,0.8,79.0,0.000119,,,2021-10-14 03:05:00
5447270.676970067,0.0,229.0,298.0,0.8,88.0,0.000124,,6.6,2021-10-14 03:10:00
5447271.677092242,0.0,232.0,,0.8,87.0,0.000108,,,2021-10-14 03:15:00
5447272.677214417,0.0,235.0,,0.8,78.0,9.3e-05,,,2021-10-14 03:20:00
5447273.677336591,0.0,277.0,,0.8,80.0,0.000118,,,2021-10-14 03:25:00
5447274.677458766,0.0,282.0,,0.8,81.0,0.000133,,,2021-10-14 03:30:00
5447275.677580941,0.0,285.0,,0.8,80.0,0.000138,,,2021-10-14 03:35:00
5447276.677703115,0.0,289.0,,0.8,93.0,0.000143,,,2021-10-14 03:40:00
5447277.67782529,0.0,293.0,,0.8,93.0,0.000109,,,2021-10-14 03:45:00
5447278.677947465,0.0,284.0,,0.8,80.0,0.000127,,,2021-10-14 03:50:00
5447279.67806964,0.0,278.0,,0.8,77.0,0.000143,,,2021-10-14 03:55:00
5447280.678191815,0.0,274.0,,0.8,75.0,0.000149,,,2021-10-14 04:00:00
5447281.678313989,0.0,270.0,,0.8,74.0,0.000145,,,2021-10-14 04:05:00
5447282.678436164,0.0,266.0,,0.8,73.0,0.00014,,,2021-10-14 04:10:00
5447283.678558338,0.0,261.0,,0.8,73.0,0.000123,,,2021-10-14 04:15:00
5447284.678680513,0.0,256.0,,0.8,75.0,0.000112,,,2021-10-14 04:20:00
5447285.678802688,0.0,253.0,,0.8,75.0,0.000131,,,2021-10-14 04:25:00
5447286.678924862,0.0,251.0,,0.8,89.0,0.000131,,,2021-10-14 04:30:00
5447287.679047037,0.0,249.0,,0.8,115.0,0.000121,,,2021-10-14 04:35:00
5447288.679169212,0.0,244.0,,0.8,74.0,0.000108,,,2021-10-14 04:40:00
5447289.679291387,0.0,240.0,,0.8,73.0,9.7e-05,,,2021-10-14 04:45:00
5447290.679413562,0.0,237.0,,0.8,134.0,9.3e-05,,,2021-10-14 04:50:00
5447291.679535736,0.0,233.0,,0.8,90.0,8.4e-05,,,2021-10-14 04:55:00
5447292.679657911,0.0,230.0,,0.8,74.0,9.6e-05,,,2021-10-14 05:00:00
5447293.679780086,0.0,229.0,,0.8,72.0,9.1e-05,,,2021-10-14 05:05:00
5447294.67990226,0.0,227.0,,0.8,76.0,8.9e-05,,,2021-10-14 05:10:00
5447295.680024435,0.0,225.0,,0.8,77.0,0.000102,,,2021-10-14 05:15:00
5447296.680146609,0.0,222.0,,0.8,99.0,0.000104,,,2021-10-14 05:20:00
5447297.680268784,0.0,222.0,,0.8,,,,,2021-10-14 05:25:00
5447298.680390959,0.0,222.0,,0.8,,,,,2021-10-14 05:30:00
5447299.680513134,0.0,217.0,222.0,0.8,,,,7.5,2021-10-14 05:35:00
5447300.680635309,0.0,212.0,,0.8,,,,,2021-10-14 05:40:00
5447301.6807574835,0.0,210.0,,0.8,,,,,2021-10-14 05:45:00
5447302.680879658,0.0,216.0,,0.8,,,,,2021-10-14 05:50:00
5447303.681001833,0.0,219.0,,0.8,,,,,2021-10-14 05:55:00
5447304.681124007,0.0,215.0,,0.8,106.0,0.000545,,,2021-10-14 06:00:00
5447305.681246182,0.0,221.0,,0.8,92.0,0.000591,,,2021-10-14 06:05:00
5447306.681368357,0.0,225.0,,0.8,89.0,0.000226,,,2021-10-14 06:10:00
5447307.681490531,0.0,224.0,,0.8,99.0,0.000171,,,2021-10-14 06:15:00
5447308.681612706,0.0,219.0,,0.8,99.0,0.000171,,,2021-10-14 06:20:00
5447309.68173488,0.0,223.0,,0.8,94.0,0.000158,,,2021-10-14 06:25:00
5447310.681857056,0.0,225.0,,0.8,92.0,0.000158,,,2021-10-14 06:30:00
5447311.681979231,0.0,228.0,248.0,0.8,100.0,0.000139,,16.0,2021-10-14 06:35:00
5447312.682101405,0.0,229.0,,0.8,103.0,0.000117,68.0,,2021-10-14 06:40:00
5447313.68222358,0.0,230.0,,0.8,100.0,0.000118,,,2021-10-14 06:45:00
5447314.6823457545,0.0,229.0,,0.8,105.0,0.000219,,,2021-10-14 06:50:00
5447315.682467929,0.0,225.0,,0.8,106.0,0.00749,,,2021-10-14 06:55:00
5447316.682590104,0.0,239.0,,0.8,97.0,0.02876,,,2021-10-14 07:00:00
5447317.682712278,0.0,251.0,,0.8,107.0,0.06814,,,2021-10-14 07:05:00
5447318.682834453,0.0,264.0,302.0,0.8,98.0,0.2232,,15.3,2021-10-14 07:10:00
5447319.682956628,0.0,282.0,,0.8,96.0,0.0647,,,2021-10-14 07:15:00
5447320.683078803,0.0,293.0,,0.8,109.0,0.04024,,,2021-10-14 07:20:00
5447321.683200978,0.0,291.0,,0.8,103.0,0.0466,,,2021-10-14 07:25:00
5447322.683323152,0.0,288.0,,0.8,100.0,0.0327,,,2021-10-14 07:30:00
5447323.683445327,0.0,304.0,,0.8,102.0,0.017614,,,2021-10-14 07:35:00
5447324.683567502,0.0,326.0,,0.8,104.0,0.009462,,,2021-10-14 07:40:00
5447325.683689676,0.0,335.0,,0.8,111.0,0.04316,,,2021-10-14 07:45:00
5447326.683811851,0.0,350.0,,0.8,99.0,0.02276,,,2021-10-14 07:50:00
5447327.6839340255,0.0,367.0,,0.8,100.0,0.010388,,,2021-10-14 07:55:00
5447328.6840562,0.0,374.0,,0.8,107.0,0.011628,,,2021-10-14 08:00:00
5447329.684178375,0.0,360.0,446.0,0.8,111.0,0.10458,,24.7,2021-10-14 08:05:00
5447330.684300549,0.0,349.0,,0.8,110.0,1.1688,,,2021-10-14 08:10:00
5447331.684422725,0.0,359.0,,0.8,99.0,1.824,,,2021-10-14 08:15:00
5447332.6845448995,0.0,384.0,,0.8,97.0,1.1238,,,2021-10-14 08:20:00
5447333.684667074,0.0,384.0,,0.8,109.0,0.8304,,,2021-10-14 08:25:00
5447334.684789249,0.0,369.0,,0.8,109.0,1.0404,,,2021-10-14 08:30:00
5447335.684911423,0.0,361.0,,0.8,109.0,0.6174,,,2021-10-14 08:35:00
5447336.685033598,0.0,364.0,,0.8,114.0,0.6784,,,2021-10-14 08:40:00
5447337.685155773,0.0,360.0,,0.8,107.0,0.614,,,2021-10-14 08:45:00
5447338.685277947,0.0,371.0,430.0,0.8,103.0,0.6342,,,2021-10-14 08:50:00
5447339.685400122,0.0,397.0,,0.8,108.0,0.4454,,,2021-10-14 08:55:00
5447340.6855222965,0.0,400.0,,0.8,109.0,0.4318,,,2021-10-14 09:00:00
5447341.685644472,0.0,400.0,,0.8,110.0,5.82,,,2021-10-14 09:05:00
5447342.685766647,0.0,400.0,459.0,0.8,101.0,4.766,,,2021-10-14 09:10:00
5447343.685888821,0.0,400.0,,0.8,103.0,3.306,,,2021-10-14 09:15:00
5447344.686010996,0.0,400.0,,0.8,103.0,1.904,,,2021-10-14 09:20:00
5447345.6861331705,0.0,400.0,,0.8,107.0,1.1214,,,2021-10-14 09:25:00
5447346.686255345,0.0,400.0,,0.8,107.0,0.2976,,,2021-10-14 09:30:00
5447347.68637752,0.0,394.0,,0.8,105.0,0.298,,,2021-10-14 09:35:00
5447348.686499694,0.0,400.0,,0.8,112.0,0.447,,,2021-10-14 09:40:00
5447349.686621869,0.0,400.0,,0.8,116.0,0.2448,,,2021-10-14 09:45:00
5447350.686744044,0.0,400.0,,0.8,117.0,0.2022,,,2021-10-14 09:50:00
5447351.686866219,0.0,400.0,,0.8,111.0,0.1802,,,2021-10-14 09:55:00
5447352.686988394,0.0,400.0,,0.8,105.0,0.1486,,,2021-10-14 10:00:00
5447353.687110568,0.0,400.0,465.0,0.8,101.0,0.1436,,16.9,2021-10-14 10:05:00
5447354.687232743,0.0,400.0,,0.8,99.0,0.1238,,,2021-10-14 10:10:00
5447355.687354918,0.0,400.0,,0.8,99.0,0.11804,,,2021-10-14 10:15:00
5447356.687477092,0.0,400.0,,0.8,97.0,0.09754,,,2021-10-14 10:20:00
5447357.687599267,0.0,400.0,,0.8,99.0,0.07086,,,2021-10-14 10:25:00
5447358.6877214415,0.0,400.0,,0.8,103.0,0.04962,,,2021-10-14 10:30:00
5447359.687843616,0.0,400.0,,0.8,103.0,0.0349,,,2021-10-14 10:35:00
5447360.687965791,0.0,400.0,,0.8,100.0,0.02958,,,2021-10-14 10:40:00
5447361.688087965,0.0,400.0,,0.8,101.0,0.03274,,,2021-10-14 10:45:00
5447362.688210141,0.0,400.0,326.0,0.8,107.0,0.03022,,,2021-10-14 10:50:00
5447363.688332316,0.0,388.0,,0.8,98.0,0.03072,,,2021-10-14 10:55:00
5447364.68845449,0.0,380.0,,0.8,94.0,0.03544,,,2021-10-14 11:00:00
5447365.688576665,0.0,371.0,,0.8,93.0,0.03692,,,2021-10-14 11:05:00
5447366.688698839,0.0,362.0,,0.8,94.0,0.037,,,2021-10-14 11:10:00
5447367.688821014,0.0,351.0,,0.8,90.0,0.03206,,,2021-10-14 11:15:00
5447368.688943189,0.0,341.0,,0.8,94.0,0.02146,,,2021-10-14 11:20:00
5447369.689065363,0.0,332.0,,0.8,95.0,0.01536,,,2021-10-14 11:25:00
5447370.689187538,0.0,321.0,,0.8,107.0,0.01548,,,2021-10-14 11:30:00
5447371.6893097125,0.0,310.0,,0.8,106.0,0.012174,,,2021-10-14 11:35:00
5447372.689431888,0.0,288.0,,0.8,106.0,0.010234,,,2021-10-14 11:40:00
5447373.689554063,0.0,279.0,269.0,0.8,110.0,0.011102,,9.6,2021-10-14 11:45:00
5447374.689676237,0.0,268.0,,0.8,107.0,0.007298,,,2021-10-14 11:50:00
5447375.689798412,0.0,257.0,,0.8,114.0,0.00685,,,2021-10-14 11:55:00
5447376.6899205865,0.0,251.0,,0.8,107.0,0.013996,45.0,,2021-10-14 12:00:00
5447377.690042761,0.0,254.0,,0.8,108.0,0.010568,,,2021-10-14 12:05:00
5447378.690164936,0.0,254.0,,0.8,106.0,0.010612,,,2021-10-14 12:10:00
5447379.69028711,0.0,255.0,,0.8,103.0,0.006254,,,2021-10-14 12:15:00
5447380.690409285,0.0,258.0,,0.8,102.0,0.005196,,,2021-10-14 12:20:00
5447381.69053146,0.0,259.0,,0.8,101.0,0.006414,,,2021-10-14 12:25:00
5447382.690653634,0.0,261.0,,0.8,101.0,0.007354,,,2021-10-14 12:30:00
5447383.69077581,0.0,255.0,,0.8,109.0,0.00678,,,2021-10-14 12:35:00
5447384.690897984,0.0,249.0,,0.8,101.0,0.008948,,,2021-10-14 12:40:00
5447385.691020159,0.0,246.0,,0.8,98.0,0.006538,,,2021-10-14 12:45:00
5447386.691142334,0.0,244.0,,0.8,97.0,0.003166,,,2021-10-14 12:50:00
5447387.691264508,0.0,244.0,,0.8,95.0,0.005018,,,2021-10-14 12:55:00
5447388.691386683,0.0,244.0,,0.8,96.0,0.00568,,,2021-10-14 13:00:00
5447389.6915088575,0.0,243.0,,0.8,95.0,0.005684,,,2021-10-14 13:05:00
5447390.691631032,0.0,242.0,227.0,0.8,99.0,0.00486,,,2021-10-14 13:10:00
5447391.691753207,0.0,238.0,,0.8,93.0,0.004272,,,2021-10-14 13:15:00
5447392.691875381,0.0,231.0,,0.8,93.0,0.00288,,,2021-10-14 13:20:00
5447393.691997557,0.0,228.0,,0.8,92.0,0.004422,,,2021-10-14 13:25:00
5447394.692119732,0.0,225.0,,0.8,92.0,0.00523,,,2021-10-14 13:30:00
5447395.692241906,0.0,221.0,,0.8,92.0,0.00553,,,2021-10-14 13:35:00
5447396.692364081,0.0,216.0,,0.8,90.0,0.001774,,,2021-10-14 13:40:00
5447397.692486255,0.0,211.0,,0.8,91.0,0.000936,,,2021-10-14 13:45:00
5447398.69260843,0.0,203.0,,0.8,105.0,0.000748,,,2021-10-14 13:50:00
5447399.692730605,0.0,192.0,,0.8,99.0,0.000636,,,2021-10-14 13:55:00
5447400.692852779,0.0,183.0,,0.8,106.0,0.000618,,,2021-10-14 14:00:00
5447401.692974954,0.0,177.0,,0.8,105.0,0.000609,,,2021-10-14 14:05:00
5447402.6930971285,0.0,170.0,,0.8,94.0,0.00038,,,2021-10-14 14:10:00
5447403.693219303,0.0,166.0,,0.8,90.0,0.000386,,,2021-10-14 14:15:00
5447404.693341479,0.0,165.0,,0.8,90.0,0.000312,,,2021-10-14 14:20:00
5447405.693463653,0.0,165.0,,0.8,90.0,0.000197,,,2021-10-14 14:25:00
5447406.693585828,0.0,166.0,,0.8,91.0,0.000158,,,2021-10-14 14:30:00
5447407.693708003,0.0,166.0,,0.8,91.0,0.000135,,,2021-10-14 14:35:00
5447408.693830177,0.0,167.0,,0.8,92.0,0.000116,,,2021-10-14 14:40:00
5447409.693952352,0.0,165.0,,0.8,91.0,0.000115,,,2021-10-14 14:45:00
5447410.694074526,0.0,163.0,,0.8,92.0,0.000122,,,2021-10-14 14:50:00
5447411.694196701,0.0,163.0,,0.8,95.0,0.000109,,,2021-10-14 14:55:00
5447412.694318876,0.0,162.0,138.0,0.8,107.0,0.000125,,,2021-10-14 15:00:00
5447413.69444105,0.0,156.0,,0.8,106.0,0.000142,,,2021-10-14 15:05:00
5447414.694563226,0.0,153.0,,0.8,106.0,0.000126,,,2021-10-14 15:10:00
5447415.6946854,0.0,150.0,,0.8,101.0,0.000143,,,2021-10-14 15:15:00
5447416.694807575,0.0,149.0,,0.8,102.0,0.000156,,,2021-10-14 15:20:00
5447417.69492975,0.0,147.0,,0.8,106.0,0.000144,,,2021-10-14 15:25:00
5447418.695051924,0.0,147.0,,0.8,103.0,0.000149,,,2021-10-14 15:30:00
5447419.695174099,0.0,147.0,,0.8,99.0,0.000137,,,2021-10-14 15:35:00
5447420.695296274,0.0,147.0,,0.8,98.0,0.000141,,,2021-10-14 15:40:00
5447421.695418448,0.0,146.0,,0.8,98.0,0.000146,,,2021-10-14 15:45:00
5447422.695540623,0.0,144.0,,0.8,101.0,0.000146,,,2021-10-14 15:50:00
5447423.695662797,0.0,143.0,,0.8,100.0,0.000112,,,2021-10-14 15:55:00
5447424.695784973,0.0,141.0,,0.8,97.0,0.00012,,,2021-10-14 16:00:00
5447425.695907148,0.0,140.0,,0.8,98.0,0.000123,,,2021-10-14 16:05:00
5447426.696029322,0.0,138.0,,0.8,97.0,0.000128,,,2021-10-14 16:10:00
5447427.696151497,0.0,136.0,,0.8,97.0,0.000123,,,2021-10-14 16:15:00
5447428.696273671,0.0,135.0,,0.8,98.0,0.000127,,,2021-10-14 16:20:00
5447429.696395846,0.0,133.0,,0.8,99.0,0.000115,,,2021-10-14 16:25:00
5447430.696518021,0.0,132.0,,0.8,98.0,0.000105,,,2021-10-14 16:30:00
5447431.696640195,0.0,130.0,,0.8,106.0,0.000106,,,2021-10-14 16:35:00
5447432.69676237,0.0,127.0,111.0,0.8,104.0,0.005052,,,2021-10-14 16:40:00
5447433.696884545,0.0,126.0,,0.8,105.0,0.000818,,,2021-10-14 16:45:00
5447434.697006719,0.0,120.0,,0.8,99.0,0.000224,,,2021-10-14 16:50:00
5447435.697128895,0.0,122.0,,0.8,91.0,0.000188,,,2021-10-14 16:55:00
5447436.697251069,0.0,124.0,,0.8,90.0,0.000129,,,2021-10-14 17:00:00
5447437.697373244,0.0,124.0,,0.8,91.0,0.000147,,,2021-10-14 17:05:00
5447438.697495419,0.0,124.0,,0.8,96.0,0.000121,,,2021-10-14 17:10:00
5447439.697617593,0.0,122.0,,0.8,99.0,0.000154,,,2021-10-14 17:15:00
5447440.697739768,0.0,121.0,,0.8,95.0,0.000161,,,2021-10-14 17:20:00
5447441.697861942,0.0,122.0,,0.8,95.0,0.000172,,,2021-10-14 17:25:00
5447442.697984117,0.0,121.0,,0.8,93.0,0.000175,,,2021-10-14 17:30:00
5447443.698106292,0.0,121.0,,0.8,95.0,0.000152,,,2021-10-14 17:35:00
5447444.698228466,0.0,120.0,,0.8,98.0,0.000156,,,2021-10-14 17:40:00
5447445.698350642,0.0,118.0,,0.8,103.0,0.000146,,,2021-10-14 17:45:00
5447446.6984728165,0.0,117.0,117.0,0.8,95.0,0.000158,,6.2,2021-10-14 17:50:00
5447447.698594991,0.0,117.0,,0.8,98.0,0.000154,,,2021-10-14 17:55:00
5447448.698717166,0.0,117.0,,0.8,102.0,0.000204,,,2021-10-14 18:00:00
5447449.69883934,0.0,116.0,,0.8,99.0,0.000248,,,2021-10-14 18:05:00
5447450.698961515,0.0,117.0,,0.8,100.0,0.000279,,,2021-10-14 18:10:00
5447451.69908369,0.0,119.0,,0.8,102.0,0.000289,,,2021-10-14 18:15:00
5447452.699205864,0.0,123.0,,0.8,106.0,0.000212,,,2021-10-14 18:20:00
5447453.699328039,0.0,131.0,,0.8,102.0,0.000183,,,2021-10-14 18:25:00
5447454.699450213,0.0,140.0,,0.8,101.0,0.000187,,,2021-10-14 18:30:00
5447455.699572388,0.0,146.0,,0.8,100.0,0.000166,,,2021-10-14 18:35:00
5447456.699694564,0.0,153.0,,0.8,95.0,0.000166,,,2021-10-14 18:40:00
5447457.699816738,0.0,160.0,,0.8,96.0,0.000196,,,2021-10-14 18:45:00
5447458.699938913,0.0,164.0,,0.8,94.0,0.00023,,,2021-10-14 18:50:00
5447459.7000610875,0.0,167.0,,0.8,94.0,0.000204,,,2021-10-14 18:55:00
5447460.700183262,0.0,170.0,,0.8,93.0,0.000247,,,2021-10-14 19:00:00
5447461.700305437,0.0,174.0,,0.8,95.0,0.000227,,,2021-10-14 19:05:00
5447462.700427611,0.0,177.0,,0.8,94.0,0.000166,,,2021-10-14 19:10:00
5447463.700549786,0.0,179.0,,0.8,96.0,0.000217,,,2021-10-14 19:15:00
5447464.700671961,0.0,179.0,,0.8,94.0,0.000245,,,2021-10-14 19:20:00
5447465.700794135,0.0,180.0,,0.8,94.0,0.000272,,,2021-10-14 19:25:00
5447466.700916311,0.0,181.0,,0.8,94.0,0.000298,,,2021-10-14 19:30:00
5447467.701038485,0.0,181.0,,0.8,94.0,0.000322,,,2021-10-14 19:35:00
5447468.70116066,0.0,182.0,,0.8,92.0,0.000332,,,2021-10-14 19:40:00
5447469.701282835,0.0,182.0,,0.8,93.0,0.000324,,,2021-10-14 19:45:00
5447470.701405009,0.0,184.0,,0.8,92.0,0.000262,,,2021-10-14 19:50:00
5447471.701527184,0.0,185.0,,0.8,91.0,0.000111,,,2021-10-14 19:55:00
5447472.7016493585,0.0,188.0,184.0,0.8,92.0,0.000135,,3.2,2021-10-14 20:00:00
5447473.701771533,0.0,187.0,,0.8,101.0,0.000166,,,2021-10-14 20:05:00
5447474.701893708,0.0,185.0,,0.8,96.0,0.000151,,,2021-10-14 20:10:00
5447475.702015882,0.0,187.0,,0.8,97.0,0.000143,,,2021-10-14 20:15:00
5447476.702138057,0.0,191.0,,0.8,90.0,0.000123,,,2021-10-14 20:20:00
5447477.7022602325,0.0,196.0,,0.8,88.0,0.000122,,,2021-10-14 20:25:00
5447478.702382407,0.0,199.0,,0.8,88.0,0.000125,,,2021-10-14 20:30:00
5447479.702504582,1.0,,,0.8,88.0,0.000143,,,2021-10-14 20:35:00
5447480.702626756,1.0,,,0.8,89.0,0.000155,,,2021-10-14 20:40:00
5447481.702748931,1.0,,,0.8,89.0,0.000141,,,2021-10-14 20:45:00
5447482.702871106,1.0,,,0.8,93.0,0.000143,,,2021-10-14 20:50:00
5447483.70299328,1.0,,,0.8,90.0,0.000131,,,2021-10-14 20:55:00
5447484.703115455,1.0,,,0.8,91.0,0.000124,,,2021-10-14 21:00:00
5447485.7032376295,1.0,,,0.8,91.0,0.000143,,,2021-10-14 21:05:00
5447486.703359804,1.0,,,0.8,91.0,0.000154,,,2021-10-14 21:10:00
5447487.70348198,1.0,,,0.8,94.0,0.000158,,,2021-10-14 21:15:00
5447488.703604154,1.0,,,0.8,93.0,0.000162,,,2021-10-14 21:20:00
5447489.703726329,1.0,,,0.8,93.0,0.000177,,,2021-10-14 21:25:00
5447490.7038485035,1.0,,,0.8,94.0,0.000166,,,2021-10-14 21:30:00
5447491.703970678,1.0,,,0.8,90.0,0.00016,,,2021-10-14 21:35:00
5447492.704092853,1.0,,,0.8,92.0,0.000176,,,2021-10-14 21:40:00
5447493.704215027,1.0,,,0.8,92.0,0.000129,,,2021-10-14 21:45:00
5447494.704337202,1.0,,233.0,0.8,100.0,0.000144,,5.4,2021-10-14 21:50:00
5447495.704459377,1.0,,,0.8,94.0,0.00015,,,2021-10-14 21:55:00
5447496.704581551,1.0,,,0.8,106.0,0.000177,,,2021-10-14 22:00:00
5447497.704703727,1.0,,,0.8,92.0,0.000146,,,2021-10-14 22:05:00
5447498.704825901,1.0,,,0.8,90.0,0.000147,,,2021-10-14 22:10:00
5447499.704948076,1.0,,,0.8,89.0,0.000126,,,2021-10-14 22:15:00
5447500.705070251,1.0,,,0.8,88.0,0.00014,,,2021-10-14 22:20:00
5447501.705192425,1.0,,,0.8,90.0,0.000182,,,2021-10-14 22:25:00
5447502.7053146,1.0,,,0.8,92.0,0.000113,,,2021-10-14 22:30:00
5447503.7054367745,1.0,,,0.8,106.0,0.000117,,,2021-10-14 22:35:00
5447504.705558949,1.0,,,0.8,86.0,6.7e-05,,,2021-10-14 22:40:00
5447505.705681124,1.0,,,0.8,95.0,8.8e-05,,,2021-10-14 22:45:00
5447506.705803298,1.0,,,0.8,86.0,5.4e-05,,,2021-10-14 22:50:00
5447507.705925473,1.0,,,0.8,86.0,5.4e-05,,,2021-10-14 22:55:00
5447508.706047649,1.0,,,0.8,86.0,6.6e-05,,,2021-10-14 23:00:00
5447509.706169823,1.0,,,0.8,87.0,5.5e-05,,,2021-10-14 23:05:00
5447510.706291998,1.0,,,0.8,87.0,6.7e-05,,,2021-10-14 23:10:00
5447511.706414172,1.0,,,0.8,85.0,7e-05,,,2021-10-14 23:15:00
5447512.706536347,1.0,,,0.8,83.0,7.4e-05,,,2021-10-14 23:20:00
5447513.706658522,1.0,,,0.8,84.0,7.9e-05,,,2021-10-14 23:25:00
5447514.706780696,1.0,,,0.8,81.0,8.3e-05,,,2021-10-14 23:30:00
5447515.706902871,1.0,,,0.8,84.0,8.4e-05,,,2021-10-14 23:35:00
5447516.7070250455,1.0,,,0.8,83.0,8.1e-05,,,2021-10-14 23:40:00
5447517.70714722,1.0,,,0.8,81.0,7.4e-05,,,2021-10-14 23:45:00
5447518.707269396,1.0,,,0.8,81.0,7.5e-05,,,2021-10-14 23:50:00
5447519.70739157,1.0,,,0.8,81.0,7.5e-05,,,2021-10-14 23:55:00
5447520.707513745,1.0,,,0.8,79.0,7.4e-05,,,2021-10-15 00:00:00
5447521.70763592,1.0,,,0.8,81.0,7.4e-05,,,2021-10-15 00:05:00
5447522.707758094,1.0,,,0.8,81.0,7.4e-05,,,2021-10-15 00:10:00
5447523.707880269,1.0,,,0.8,78.0,7.5e-05,,,2021-10-15 00:15:00
5447524.708002443,1.0,,,0.8,79.0,7.4e-05,,,2021-10-15 00:20:00
5447525.708124618,1.0,,,0.8,80.0,7.3e-05,,,2021-10-15 00:25:00
5447526.708246793,1.0,,,0.8,79.0,6.3e-05,,,2021-10-15 00:30:00
5447527.708368967,1.0,,,0.8,80.0,5.2e-05,,,2021-10-15 00:35:00
5447528.708491142,1.0,,,0.8,82.0,5.5e-05,,,2021-10-15 00:40:00
5447529.708613317,1.0,,,0.8,82.0,6.2e-05,,,2021-10-15 00:45:00
5447530.708735492,1.0,,,0.8,83.0,6.3e-05,,,2021-10-15 00:50:00
5447531.708857667,1.0,,,0.8,83.0,6.5e-05,,,2021-10-15 00:55:00
5447532.708979841,1.0,,,0.8,83.0,5.5e-05,,,2021-10-15 01:00:00
5447533.709102016,1.0,,,0.8,83.0,5.4e-05,,,2021-10-15 01:05:00
5447534.709224191,1.0,,,0.8,83.0,5.4e-05,,,2021-10-15 01:10:00
5447535.709346365,1.0,,,0.8,82.0,5.4e-05,,,2021-10-15 01:15:00
5447536.70946854,1.0,,,0.8,82.0,5.4e-05,,,2021-10-15 01:20:00
5447537.709590714,1.0,,,0.8,81.0,5.4e-05,,,2021-10-15 01:25:00
5447538.709712889,1.0,,,0.8,86.0,5.4e-05,,,2021-10-15 01:30:00
5447539.709835065,1.0,,,0.8,82.0,5.4e-05,,,2021-10-15 01:35:00
5447540.709957239,1.0,,,0.8,81.0,5.4e-05,,,2021-10-15 01:40:00
5447541.710079414,1.0,,,0.8,79.0,5.3e-05,,,2021-10-15 01:45:00
5447542.710201588,1.0,,,0.8,77.0,5.3e-05,,,2021-10-15 01:50:00
5447543.710323763,1.0,,,0.8,78.0,5.3e-05,,,2021-10-15 01:55:00
5447544.710445938,1.0,,,0.8,79.0,5.3e-05,,,2021-10-15 02:00:00
5447545.710568112,1.0,,,0.8,78.0,5.3e-05,,,2021-10-15 02:05:00
5447546.710690287,1.0,,,0.8,78.0,5.6e-05,,,2021-10-15 02:10:00
5447547.710812462,1.0,,,0.8,79.0,5.9e-05,,,2021-10-15 02:15:00
5447548.710934636,1.0,,,0.8,79.0,6.2e-05,,,2021-10-15 02:20:00
5447549.711056811,1.0,,,0.8,83.0,6.6e-05,,,2021-10-15 02:25:00
5447550.711178986,1.0,,,0.8,81.0,5.7e-05,,,2021-10-15 02:30:00
5447551.711301161,1.0,,,0.8,80.0,5.3e-05,,,2021-10-15 02:35:00
5447552.711423336,1.0,,,0.8,80.0,5.3e-05,,,2021-10-15 02:40:00
5447553.71154551,1.0,,,0.8,80.0,5.3e-05,,,2021-10-15 02:45:00
5447554.711667685,1.0,,,0.8,82.0,5.3e-05,,,2021-10-15 02:50:00
5447555.711789859,1.0,,,0.8,81.0,5.3e-05,,,2021-10-15 02:55:00
5447556.711912034,1.0,,,0.8,82.0,5.3e-05,,,2021-10-15 03:00:00
5447557.712034209,1.0,,,0.8,81.0,5.3e-05,,,2021-10-15 03:05:00
5447558.712156383,1.0,,,0.8,81.0,5.3e-05,,,2021-10-15 03:10:00
5447559.712278558,1.0,,,0.8,82.0,5.3e-05,,,2021-10-15 03:15:00
5447560.7124007335,1.0,,,0.8,81.0,5.3e-05,,,2021-10-15 03:20:00
5447561.712522908,1.0,,,0.8,81.0,5.3e-05,,,2021-10-15 03:25:00
5447562.712645083,1.0,,,0.8,81.0,5.3e-05,,,2021-10-15 03:30:00
5447563.712767257,1.0,,,0.8,80.0,5.3e-05,,,2021-10-15 03:35:00
5447564.712889432,1.0,,,0.8,79.0,5.3e-05,,,2021-10-15 03:40:00
5447565.713011607,1.0,,,0.8,75.0,5.2e-05,,,2021-10-15 03:45:00
5447566.713133781,1.0,,,0.8,75.0,5.2e-05,,,2021-10-15 03:50:00
5447567.713255956,1.0,,,0.8,74.0,5.2e-05,,,2021-10-15 03:55:00
5447568.71337813,1.0,,,0.8,73.0,5.2e-05,,,2021-10-15 04:00:00
5447569.713500305,1.0,,,0.8,74.0,5.1e-05,,,2021-10-15 04:05:00
5447570.71362248,1.0,,,0.8,77.0,5.1e-05,,,2021-10-15 04:10:00
5447571.713744655,1.0,,,0.8,96.0,5.3e-05,,,2021-10-15 04:15:00
5447572.71386683,1.0,,,0.8,88.0,5.7e-05,,,2021-10-15 04:20:00
5447573.7139890045,1.0,,,0.8,85.0,5.1e-05,,,2021-10-15 04:25:00
5447574.714111179,1.0,,,0.8,89.0,5.1e-05,,,2021-10-15 04:30:00
5447575.714233354,1.0,,,0.8,97.0,6.5e-05,,,2021-10-15 04:35:00
5447576.714355528,1.0,,,0.8,103.0,7.9e-05,,,2021-10-15 04:40:00
5447577.714477703,1.0,,,0.8,104.0,9e-05,,,2021-10-15 04:45:00
5447578.714599878,1.0,,,0.8,81.0,0.000114,,,2021-10-15 04:50:00
5447579.714722052,1.0,,,0.8,80.0,0.000135,,,2021-10-15 04:55:00
5447580.714844227,1.0,,,0.8,87.0,0.000195,,,2021-10-15 05:00:00
5447581.714966402,1.0,,,0.8,143.0,0.000247,,,2021-10-15 05:05:00
5447582.715088577,1.0,,,0.8,124.0,0.00039,,,2021-10-15 05:10:00
5447583.715210752,1.0,,,0.8,116.0,0.000344,,,2021-10-15 05:15:00
5447584.715332926,1.0,,,0.8,135.0,0.000283,,,2021-10-15 05:20:00
5447585.715455101,1.0,,,0.8,137.0,0.000365,,,2021-10-15 05:25:00
5447586.7155772755,1.0,,,0.8,123.0,0.000378,,,2021-10-15 05:30:00
5447587.71569945,1.0,,,0.8,80.0,0.000355,,,2021-10-15 05:35:00
5447588.715821625,1.0,,,0.8,82.0,0.000399,,,2021-10-15 05:40:00
5447589.715943799,1.0,,,0.8,81.0,0.00044,,,2021-10-15 05:45:00
5447590.716065974,1.0,,,0.8,80.0,0.000422,,,2021-10-15 05:50:00
5447591.7161881495,1.0,,,0.8,79.0,0.000411,,,2021-10-15 05:55:00
5447592.716310324,1.0,,,0.8,76.0,0.000348,,,2021-10-15 06:00:00
5447593.716432499,1.0,,,0.8,79.0,0.000225,,,2021-10-15 06:05:00
5447594.716554673,1.0,,,0.8,81.0,0.000156,,,2021-10-15 06:10:00
5447595.716676848,1.0,,,0.8,79.0,0.000138,,,2021-10-15 06:15:00
5447596.716799023,1.0,,,0.8,78.0,0.000163,,,2021-10-15 06:20:00
5447597.716921197,1.0,,,0.8,141.0,0.000157,,,2021-10-15 06:25:00
5447598.717043372,1.0,,,0.8,134.0,0.000153,,,2021-10-15 06:30:00
5447599.7171655465,1.0,,,0.8,103.0,0.000201,,,2021-10-15 06:35:00
5447600.717287721,1.0,,,0.8,113.0,0.000299,,,2021-10-15 06:40:00
5447601.717409896,1.0,,,0.8,109.0,0.000256,,,2021-10-15 06:45:00
5447602.717532071,1.0,,219.0,0.8,108.0,0.000274,,7.2,2021-10-15 06:50:00
5447603.717654246,1.0,,,0.8,108.0,0.000344,,,2021-10-15 06:55:00
5447604.7177764205,1.0,,,0.8,97.0,0.000414,,,2021-10-15 07:00:00
5447605.717898595,1.0,,,0.8,106.0,0.000677,,,2021-10-15 07:05:00
5447606.71802077,1.0,,,0.8,97.0,0.000368,,,2021-10-15 07:10:00
5447607.718142944,1.0,,,0.8,95.0,0.000356,,,2021-10-15 07:15:00
5447608.718265119,1.0,,,0.8,94.0,0.000385,,,2021-10-15 07:20:00
5447609.718387294,1.0,,,0.8,92.0,0.000401,,,2021-10-15 07:25:00
5447610.718509468,1.0,,,0.8,92.0,0.000332,,,2021-10-15 07:30:00
5447611.718631643,1.0,,,0.8,101.0,0.000448,,,2021-10-15 07:35:00
5447612.718753818,1.0,,,0.8,112.0,0.000449,,,2021-10-15 07:40:00
5447613.718875993,1.0,,,0.8,101.0,0.000367,,,2021-10-15 07:45:00
5447614.718998168,1.0,,,0.8,94.0,0.000355,,,2021-10-15 07:50:00
5447615.719120342,1.0,,,0.8,101.0,0.000312,,,2021-10-15 07:55:00
5447616.719242517,1.0,,,0.8,98.0,0.000391,,,2021-10-15 08:00:00
5447617.7193646915,1.0,,,0.8,100.0,0.000386,,,2021-10-15 08:05:00
5447618.719486866,1.0,,,0.8,99.0,0.000271,,,2021-10-15 08:10:00
5447619.719609041,1.0,,,0.8,101.0,0.000332,,,2021-10-15 08:15:00
5447620.719731215,1.0,,,0.8,105.0,0.00035,,,2021-10-15 08:20:00
5447621.71985339,1.0,,,0.8,98.0,0.000401,,,2021-10-15 08:25:00
5447622.719975565,1.0,,,0.8,96.0,0.000312,,,2021-10-15 08:30:00
5447623.72009774,1.0,,,0.8,99.0,0.000401,,,2021-10-15 08:35:00
5447624.720219915,1.0,,160.0,0.8,103.0,0.000419,65.0,13.4,2021-10-15 08:40:00
5447625.720342089,1.0,,,0.8,105.0,0.000471,,,2021-10-15 08:45:00
5447626.720464264,1.0,,,0.8,99.0,0.000448,,,2021-10-15 08:50:00
5447627.720586439,1.0,,,0.8,93.0,0.000405,,,2021-10-15 08:55:00
5447628.720708613,1.0,,,0.8,107.0,0.000419,,,2021-10-15 09:00:00
5447629.720830788,1.0,,,0.8,105.0,0.000505,,,2021-10-15 09:05:00
5447630.7209529625,1.0,,,0.8,109.0,0.000549,,,2021-10-15 09:10:00
5447631.721075137,1.0,,,0.8,112.0,0.000407,,,2021-10-15 09:15:00
5447632.721197312,1.0,,,0.8,,,,,2021-10-15 09:20:00
5447633.721319487,1.0,,,0.8,,,,,2021-10-15 09:25:00
5447634.721441662,1.0,,,0.8,,,,,2021-10-15 09:30:00
5447635.721563837,1.0,,,0.8,,,,,2021-10-15 09:35:00
5447636.721686011,1.0,,,0.8,,,,,2021-10-15 09:40:00
5447637.721808186,1.0,,,0.8,,,,,2021-10-15 09:45:00
5447638.72193036,1.0,,,0.8,,,,,2021-10-15 09:50:00
5447639.722052535,1.0,,,0.8,107.0,0.337254,,,2021-10-15 09:55:00
5447640.72217471,1.0,,,0.8,101.0,5.054,,,2021-10-15 10:00:00
5447641.722296884,1.0,,,0.8,115.0,8.348,,,2021-10-15 10:05:00
5447642.722419059,1.0,,,0.8,106.0,5.576,,,2021-10-15 10:10:00
5447643.7225412335,1.0,,,0.8,104.0,2.074,,,2021-10-15 10:15:00
5447644.722663409,1.0,,,0.8,117.0,1.0028,,,2021-10-15 10:20:00
5447645.722785584,1.0,,,0.8,118.0,0.811,,,2021-10-15 10:25:00
5447646.722907758,1.0,,,0.8,113.0,0.7282,,,2021-10-15 10:30:00
5447647.723029933,1.0,,,0.8,107.0,0.347,,,2021-10-15 10:35:00
5447648.723152108,1.0,,124.0,0.8,112.0,0.224,,,2021-10-15 10:40:00
5447649.723274282,1.0,,,0.8,106.0,0.146,,,2021-10-15 10:45:00
5447650.723396457,1.0,,,0.8,102.0,0.1326,,,2021-10-15 10:50:00
5447651.723518631,1.0,,,0.8,101.0,0.1134,,,2021-10-15 10:55:00
5447652.723640806,1.0,,,0.8,101.0,0.09486,,,2021-10-15 11:00:00
5447653.723762981,1.0,,136.0,0.8,102.0,0.06894,,,2021-10-15 11:05:00
5447654.723885156,1.0,,,0.8,101.0,0.05848,,,2021-10-15 11:10:00
5447655.724007331,1.0,,,0.8,105.0,0.05194,,,2021-10-15 11:15:00
5447656.724129505,0.0,136.0,,0.8,104.0,0.04564,,,2021-10-15 11:20:00
5447657.72425168,0.0,139.0,,0.8,97.0,0.03758,,,2021-10-15 11:25:00
5447658.724373855,0.0,142.0,,0.8,97.0,0.03282,,,2021-10-15 11:30:00
5447659.724496029,0.0,142.0,,0.8,97.0,0.02724,,,2021-10-15 11:35:00
5447660.724618204,0.0,144.0,,0.8,95.0,0.02314,,,2021-10-15 11:40:00
5447661.724740379,0.0,145.0,,0.8,94.0,0.01762,,,2021-10-15 11:45:00
5447662.724862553,0.0,147.0,,0.8,92.0,0.01526,,,2021-10-15 11:50:00
5447663.724984728,0.0,152.0,,0.8,97.0,0.010714,,,2021-10-15 11:55:00
5447664.725106903,0.0,156.0,,0.8,93.0,0.009862,,,2021-10-15 12:00:00
5447665.725229078,0.0,155.0,,0.8,94.0,0.00947,,,2021-10-15 12:05:00
5447666.725351253,0.0,156.0,,0.8,94.0,0.008412,,,2021-10-15 12:10:00
5447667.725473427,0.0,159.0,,0.8,92.0,0.00815,,,2021-10-15 12:15:00
5447668.725595602,0.0,161.0,,0.8,90.0,0.007798,,,2021-10-15 12:20:00
5447669.725717776,0.0,161.0,,0.8,94.0,0.006962,,,2021-10-15 12:25:00
5447670.725839951,0.0,157.0,,0.8,112.0,0.00539,,,2021-10-15 12:30:00
5447671.725962126,0.0,154.0,,0.8,93.0,0.005738,,,2021-10-15 12:35:00
5447672.7260843,0.0,155.0,,0.8,103.0,0.021342,,,2021-10-15 12:40:00
5447673.726206475,0.0,152.0,,0.8,113.0,0.1712,,,2021-10-15 12:45:00
5447674.72632865,0.0,148.0,,0.8,113.0,0.2566,,,2021-10-15 12:50:00
5447675.726450825,0.0,145.0,,0.8,101.0,0.201,,,2021-10-15 12:55:00
5447676.726573,0.0,142.0,,0.8,103.0,0.14822,,,2021-10-15 13:00:00
5447677.726695174,0.0,139.0,,0.8,118.0,0.08384,,,2021-10-15 13:05:00
5447678.726817349,0.0,138.0,,0.8,126.0,0.346,,,2021-10-15 13:10:00
5447679.726939524,0.0,137.0,,0.8,113.0,4.022,,,2021-10-15 13:15:00
5447680.727061698,0.0,136.0,,0.8,115.0,5.282,,,2021-10-15 13:20:00
5447681.727183873,0.0,138.0,,0.8,110.0,5.252,,,2021-10-15 13:25:00
5447682.727306047,0.0,138.0,,0.8,106.0,5.166,,,2021-10-15 13:30:00
5447683.727428222,0.0,137.0,,0.8,105.0,3.506,,,2021-10-15 13:35:00
5447684.727550397,0.0,139.0,,0.8,104.0,2.548,,,2021-10-15 13:40:00
5447685.727672572,0.0,142.0,,0.8,106.0,1.95,,,2021-10-15 13:45:00
5447686.727794747,0.0,148.0,,0.8,108.0,1.488,,,2021-10-15 13:50:00
5447687.7279169215,0.0,149.0,159.0,0.8,92.0,1.0346,,,2021-10-15 13:55:00
5447688.728039096,0.0,146.0,,0.8,108.0,0.9562,45.0,,2021-10-15 14:00:00
5447689.728161271,0.0,152.0,,0.8,110.0,0.8006,,,2021-10-15 14:05:00
5447690.728283445,0.0,155.0,,0.8,103.0,0.6982,,,2021-10-15 14:10:00
5447691.72840562,0.0,159.0,,0.8,114.0,0.6918,,,2021-10-15 14:15:00
5447692.728527795,0.0,164.0,,0.8,107.0,0.4974,,,2021-10-15 14:20:00
5447693.728649969,0.0,163.0,,0.8,104.0,0.4094,,,2021-10-15 14:25:00
5447694.728772144,0.0,166.0,163.0,0.8,110.0,0.3716,,8.9,2021-10-15 14:30:00
5447695.728894318,0.0,170.0,,0.8,106.0,0.3386,,,2021-10-15 14:35:00
5447696.729016494,0.0,169.0,,0.8,102.0,0.2832,,,2021-10-15 14:40:00
5447697.729138669,0.0,170.0,,0.8,106.0,0.2736,,,2021-10-15 14:45:00
5447698.729260843,0.0,171.0,,0.8,108.0,0.2324,,,2021-10-15 14:50:00
5447699.729383018,0.0,178.0,,0.8,107.0,0.2058,,,2021-10-15 14:55:00
5447700.7295051925,0.0,186.0,,0.8,114.0,0.1428,,,2021-10-15 15:00:00
5447701.729627367,0.0,185.0,,0.8,107.0,0.1834,,,2021-10-15 15:05:00
5447702.729749542,0.0,192.0,,0.8,110.0,0.1352,,,2021-10-15 15:10:00
5447703.729871716,0.0,198.0,,0.8,106.0,0.1594,,,2021-10-15 15:15:00
5447704.729993891,0.0,201.0,,0.8,107.0,0.1292,,,2021-10-15 15:20:00
5447705.730116066,0.0,204.0,,0.8,107.0,0.1506,,,2021-10-15 15:25:00
5447706.730238241,0.0,206.0,,0.8,107.0,0.1346,,,2021-10-15 15:30:00
5447707.730360416,0.0,209.0,257.0,0.8,106.0,0.1386,,10.4,2021-10-15 15:35:00
5447708.73048259,0.0,213.0,,0.8,110.0,0.1244,,,2021-10-15 15:40:00
5447709.730604765,0.0,213.0,,0.8,107.0,0.1164,,,2021-10-15 15:45:00
5447710.73072694,0.0,216.0,,0.8,106.0,0.1092,,,2021-10-15 15:50:00
5447711.730849114,0.0,220.0,,0.8,106.0,0.1052,,,2021-10-15 15:55:00
5447712.730971289,0.0,223.0,,0.8,106.0,0.08916,,,2021-10-15 16:00:00
5447713.7310934635,0.0,228.0,,0.8,106.0,0.07822,,,2021-10-15 16:05:00
5447714.731215638,0.0,229.0,,0.8,106.0,0.06208,,,2021-10-15 16:10:00
5447715.731337813,0.0,226.0,,0.8,104.0,0.05878,,,2021-10-15 16:15:00
5447716.731459987,0.0,222.0,,0.8,108.0,0.04772,,,2021-10-15 16:20:00
5447717.731582163,0.0,216.0,,0.8,111.0,0.0388,,,2021-10-15 16:25:00
5447718.7317043375,0.0,213.0,,0.8,113.0,0.02708,,,2021-10-15 16:30:00
5447719.731826512,0.0,201.0,,0.8,122.0,0.01766,,,2021-10-15 16:35:00
5447720.731948687,0.0,189.0,,0.8,116.0,0.02646,,,2021-10-15 16:40:00
5447721.732070861,0.0,183.0,,0.8,116.0,0.03746,,,2021-10-15 16:45:00
5447722.732193036,0.0,180.0,,0.8,110.0,0.0537,,,2021-10-15 16:50:00
5447723.732315211,0.0,172.0,,0.8,111.0,0.03262,,,2021-10-15 16:55:00
5447724.732437385,0.0,163.0,,0.8,118.0,0.03172,,,2021-10-15 17:00:00
5447725.73255956,0.0,159.0,,0.8,110.0,0.05552,,,2021-10-15 17:05:00
5447726.7326817345,0.0,156.0,,0.8,110.0,0.12422,,,2021-10-15 17:10:00
5447727.73280391,0.0,153.0,,0.8,103.0,0.2512,,,2021-10-15 17:15:00
5447728.732926085,0.0,148.0,,0.8,102.0,0.2004,,,2021-10-15 17:20:00
5447729.733048259,0.0,145.0,,0.8,100.0,0.158,,,2021-10-15 17:25:00
5447730.733170434,0.0,142.0,,0.8,96.0,0.146,,,2021-10-15 17:30:00
5447731.7332926085,0.0,145.0,,0.8,96.0,0.1145,,,2021-10-15 17:35:00
5447732.733414783,0.0,153.0,,0.8,106.0,0.0921,,,2021-10-15 17:40:00
5447733.733536958,0.0,157.0,,0.8,116.0,0.84972,,,2021-10-15 17:45:00
5447734.733659132,0.0,154.0,,0.8,102.0,3.03,,,2021-10-15 17:50:00
5447735.733781307,0.0,149.0,,0.8,105.0,1.62,,,2021-10-15 17:55:00
5447736.733903482,0.0,145.0,,0.8,101.0,1.0914,,,2021-10-15 18:00:00
5447737.734025657,0.0,137.0,,0.8,104.0,0.659,,,2021-10-15 18:05:00
5447738.734147832,0.0,130.0,,0.8,113.0,0.7466,,,2021-10-15 18:10:00
5447739.734270006,0.0,124.0,,0.8,101.0,0.7156,,,2021-10-15 18:15:00
5447740.734392181,0.0,118.0,,0.8,101.0,0.4404,,,2021-10-15 18:20:00
5447741.734514356,0.0,111.0,,0.8,110.0,0.4822,,,2021-10-15 18:25:00
5447742.73463653,0.0,103.0,,0.8,108.0,0.4972,,,2021-10-15 18:30:00
5447743.734758705,0.0,103.0,,0.8,102.0,0.5522,,,2021-10-15 18:35:00
5447744.7348808795,0.0,101.0,,0.8,95.0,0.5202,,,2021-10-15 18:40:00
5447745.735003054,0.0,97.0,,0.8,97.0,0.5248,,,2021-10-15 18:45:00
5447746.735125229,0.0,94.0,,0.8,94.0,0.4894,,,2021-10-15 18:50:00
5447747.735247403,0.0,94.0,,0.8,96.0,0.3968,,,2021-10-15 18:55:00
5447748.735369579,0.0,93.0,,0.8,97.0,0.3368,,,2021-10-15 19:00:00
5447749.735491754,0.0,93.0,,0.8,99.0,0.09988,,,2021-10-15 19:05:00
5447750.735613928,0.0,95.0,,0.8,100.0,0.04896,,,2021-10-15 19:10:00
5447751.735736103,0.0,96.0,,0.8,97.0,0.0392,,,2021-10-15 19:15:00
5447752.735858277,0.0,96.0,,0.8,96.0,0.02774,,,2021-10-15 19:20:00
5447753.735980452,0.0,95.0,,0.8,96.0,0.02268,,,2021-10-15 19:25:00
5447754.736102627,0.0,94.0,,0.8,91.0,0.05292,,,2021-10-15 19:30:00
5447755.736224801,0.0,93.0,,0.8,98.0,0.1482,,,2021-10-15 19:35:00
5447756.736346976,0.0,91.0,,0.8,99.0,0.146,,,2021-10-15 19:40:00
5447757.7364691505,0.0,95.0,,0.8,104.0,0.113,,,2021-10-15 19:45:00
5447758.736591326,0.0,101.0,,0.8,96.0,0.1134,,,2021-10-15 19:50:00
5447759.736713501,0.0,100.0,,0.8,96.0,0.1288,,,2021-10-15 19:55:00
5447760.736835675,0.0,99.0,,0.8,95.0,0.1374,35.0,,2021-10-15 20:00:00
5447761.73695785,0.0,98.0,,0.8,97.0,0.12468,,,2021-10-15 20:05:00
5447762.737080025,0.0,100.0,,0.8,97.0,0.076,,,2021-10-15 20:10:00
5447763.737202199,0.0,97.0,,0.8,97.0,0.06004,,,2021-10-15 20:15:00
5447764.737324374,0.0,96.0,,0.8,95.0,0.06624,,,2021-10-15 20:20:00
5447765.737446548,0.0,102.0,,0.8,95.0,0.0469,,,2021-10-15 20:25:00
5447766.737568723,0.0,106.0,,0.8,94.0,0.03926,,,2021-10-15 20:30:00
5447767.737690898,0.0,107.0,111.0,0.8,95.0,0.0459,,11.8,2021-10-15 20:35:00
5447768.737813072,0.0,109.0,,0.8,98.0,0.05338,,,2021-10-15 20:40:00
5447769.737935248,0.0,111.0,,0.8,97.0,0.05604,,,2021-10-15 20:45:00
5447770.738057422,0.0,112.0,,0.8,98.0,0.05858,,,2021-10-15 20:50:00
5447771.738179597,0.0,113.0,,0.8,104.0,0.04996,,,2021-10-15 20:55:00
5447772.738301772,0.0,119.0,,0.8,103.0,0.03744,,,2021-10-15 21:00:00
5447773.738423946,0.0,127.0,,0.8,100.0,0.05028,,,2021-10-15 21:05:00
5447774.738546121,0.0,132.0,,0.8,102.0,0.04608,,,2021-10-15 21:10:00
5447775.738668296,0.0,136.0,,0.8,102.0,0.05564,,,2021-10-15 21:15:00
5447776.73879047,0.0,137.0,,0.8,101.0,0.04104,,,2021-10-15 21:20:00
5447777.738912645,0.0,134.0,,0.8,104.0,0.0494,,,2021-10-15 21:25:00
5447778.739034819,0.0,135.0,,0.8,110.0,0.04008,,,2021-10-15 21:30:00
5447779.739156995,0.0,134.0,,0.8,107.0,0.02838,,,2021-10-15 21:35:00
5447780.73927917,0.0,130.0,,0.8,105.0,0.03526,,,2021-10-15 21:40:00
5447781.739401344,0.0,125.0,,0.8,106.0,0.03248,,,2021-10-15 21:45:00
5447782.739523519,0.0,121.0,,0.8,107.0,0.03478,,,2021-10-15 21:50:00
5447783.739645693,0.0,117.0,106.0,0.8,108.0,0.19754,,,2021-10-15 21:55:00
5447784.739767868,0.0,114.0,,0.8,98.0,0.1868,,,2021-10-15 22:00:00
5447785.739890043,0.0,113.0,,0.8,102.0,0.1638,,,2021-10-15 22:05:00
5447786.740012217,0.0,113.0,,0.8,98.0,0.10468,,,2021-10-15 22:10:00
5447787.740134392,0.0,115.0,,0.8,96.0,0.07672,,,2021-10-15 22:15:00
5447788.740256567,0.0,117.0,,0.8,95.0,0.08376,,,2021-10-15 22:20:00
5447789.740378741,0.0,118.0,,0.8,94.0,0.05742,,,2021-10-15 22:25:00
5447790.740500917,0.0,119.0,,0.8,93.0,0.04514,,,2021-10-15 22:30:00
5447791.740623091,0.0,121.0,,0.8,93.0,0.06146,,,2021-10-15 22:35:00
5447792.740745266,0.0,122.0,,0.8,94.0,0.04584,,,2021-10-15 22:40:00
5447793.740867441,0.0,125.0,,0.8,92.0,0.03086,,,2021-10-15 22:45:00
5447794.740989615,0.0,125.0,,0.8,92.0,0.0176,,,2021-10-15 22:50:00
5447795.74111179,0.0,123.0,,0.8,96.0,0.0125,,,2021-10-15 22:55:00
5447796.741233964,0.0,121.0,,0.8,111.0,0.008502,,,2021-10-15 23:00:00
5447797.741356139,0.0,119.0,,0.8,113.0,0.006288,,,2021-10-15 23:05:00
5447798.741478314,0.0,119.0,,0.8,89.0,0.006006,,,2021-10-15 23:10:00
5447799.741600488,0.0,122.0,,0.8,89.0,0.006752,,,2021-10-15 23:15:00
5447800.741722664,0.0,123.0,,0.8,91.0,0.004838,,,2021-10-15 23:20:00
5447801.7418448385,0.0,123.0,,0.8,84.0,0.005658,,,2021-10-15 23:25:00
5447802.741967013,0.0,123.0,,0.8,128.0,0.00517,,,2021-10-15 23:30:00
5447803.742089188,0.0,124.0,,0.8,126.0,0.004862,,,2021-10-15 23:35:00
5447804.742211362,0.0,125.0,,0.8,98.0,0.004864,,,2021-10-15 23:40:00
5447805.742333537,0.0,127.0,,0.8,89.0,0.005106,,,2021-10-15 23:45:00
5447806.742455712,0.0,129.0,,0.8,97.0,0.00418,,,2021-10-15 23:50:00
5447807.742577886,0.0,134.0,,0.8,82.0,0.002842,,,2021-10-15 23:55:00
5447808.742700061,0.0,135.0,,0.8,83.0,0.002178,,,2021-10-16 00:00:00
5447809.742822235,0.0,137.0,,0.8,81.0,0.002688,,,2021-10-16 00:05:00
5447810.74294441,0.0,137.0,,0.8,82.0,0.003112,,,2021-10-16 00:10:00
5447811.743066586,0.0,136.0,,0.8,85.0,0.003146,,,2021-10-16 00:15:00
5447812.74318876,0.0,138.0,,0.8,85.0,0.002838,,,2021-10-16 00:20:00
5447813.743310935,0.0,143.0,,0.8,110.0,0.001969,,,2021-10-16 00:25:00
5447814.7434331095,0.0,146.0,,0.8,151.0,0.001974,,,2021-10-16 00:30:00
5447815.743555284,0.0,149.0,,0.8,154.0,0.002286,,,2021-10-16 00:35:00
5447816.743677459,0.0,150.0,,0.8,149.0,0.002706,,,2021-10-16 00:40:00
5447817.743799633,0.0,152.0,,0.8,135.0,0.003384,,,2021-10-16 00:45:00
5447818.743921808,0.0,155.0,,0.8,96.0,0.003284,,,2021-10-16 00:50:00
5447819.744043983,0.0,161.0,,0.8,85.0,0.00316,,,2021-10-16 00:55:00
5447820.744166157,0.0,164.0,,0.8,85.0,0.00403,,,2021-10-16 01:00:00
5447821.744288333,0.0,165.0,,0.8,91.0,0.002692,,,2021-10-16 01:05:00
5447822.744410507,0.0,165.0,,0.8,96.0,0.002182,,,2021-10-16 01:10:00
5447823.744532682,0.0,166.0,,0.8,158.0,0.002068,,,2021-10-16 01:15:00
5447824.744654857,0.0,166.0,,0.8,149.0,0.001788,,,2021-10-16 01:20:00
5447825.744777031,0.0,168.0,,0.8,104.0,0.001518,,,2021-10-16 01:25:00
5447826.744899206,0.0,171.0,,0.8,88.0,0.001314,,,2021-10-16 01:30:00
5447827.7450213805,0.0,179.0,,0.8,78.0,0.001322,,,2021-10-16 01:35:00
5447828.745143555,0.0,182.0,,0.8,79.0,0.001175,,,2021-10-16 01:40:00
5447829.74526573,0.0,184.0,,0.8,80.0,0.00068,,,2021-10-16 01:45:00
5447830.745387904,0.0,187.0,,0.8,79.0,0.000416,,,2021-10-16 01:50:00
5447831.74551008,0.0,189.0,,0.8,95.0,0.00031,,,2021-10-16 01:55:00
5447832.7456322545,0.0,191.0,,0.8,119.0,0.000297,,,2021-10-16 02:00:00
5447833.745754429,0.0,193.0,,0.8,133.0,0.000321,,,2021-10-16 02:05:00
5447834.745876604,0.0,197.0,,0.8,109.0,0.000321,,,2021-10-16 02:10:00
5447835.745998778,0.0,199.0,,0.8,160.0,0.000326,,,2021-10-16 02:15:00
5447836.746120953,0.0,205.0,,0.8,91.0,0.000159,,,2021-10-16 02:20:00
5447837.746243128,0.0,210.0,,0.8,80.0,0.00012,,,2021-10-16 02:25:00
5447838.746365302,0.0,211.0,,0.8,81.0,0.00015,,,2021-10-16 02:30:00
5447839.746487477,0.0,212.0,,0.8,81.0,0.000193,,,2021-10-16 02:35:00
5447840.7466096515,0.0,213.0,,0.8,81.0,0.00018,,,2021-10-16 02:40:00
5447841.746731826,0.0,214.0,,0.8,82.0,0.000183,,,2021-10-16 02:45:00
5447842.746854002,0.0,218.0,,0.8,86.0,0.000254,,,2021-10-16 02:50:00
5447843.746976176,0.0,221.0,,0.8,95.0,0.000235,,,2021-10-16 02:55:00
5447844.747098351,0.0,221.0,,0.8,98.0,0.00029,,,2021-10-16 03:00:00
5447845.7472205255,0.0,224.0,,0.8,110.0,0.000315,,,2021-10-16 03:05:00
5447846.7473427,0.0,226.0,,0.8,116.0,0.000267,,,2021-10-16 03:10:00
5447847.747464875,0.0,229.0,,0.8,79.0,0.0003,,,2021-10-16 03:15:00
5447848.747587049,0.0,232.0,,0.8,80.0,0.000278,,,2021-10-16 03:20:00
5447849.747709224,0.0,238.0,266.0,0.8,99.0,0.000228,,10.25,2021-10-16 03:25:00
5447850.747831399,0.0,244.0,,0.8,101.0,0.000148,,,2021-10-16 03:30:00
5447851.747953573,0.0,248.0,,0.8,87.0,0.000124,,,2021-10-16 03:35:00
5447852.748075749,0.0,248.0,,0.8,85.0,0.000115,,,2021-10-16 03:40:00
5447853.748197923,0.0,247.0,,0.8,84.0,0.000119,,,2021-10-16 03:45:00
5447854.748320098,0.0,244.0,,0.8,85.0,0.000152,,,2021-10-16 03:50:00
5447855.748442273,0.0,242.0,,0.8,85.0,0.000144,,,2021-10-16 03:55:00
5447856.748564447,0.0,240.0,,0.8,87.0,0.000118,,,2021-10-16 04:00:00
5447857.748686622,0.0,238.0,,0.8,93.0,5.5e-05,,,2021-10-16 04:05:00
5447858.7488087965,0.0,237.0,,0.8,88.0,5e-05,,,2021-10-16 04:10:00
5447859.748930971,0.0,235.0,,0.8,86.0,4.8e-05,,,2021-10-16 04:15:00
5447860.749053146,0.0,232.0,,0.8,92.0,5.2e-05,,,2021-10-16 04:20:00
5447861.74917532,0.0,229.0,,0.8,91.0,5.6e-05,,,2021-10-16 04:25:00
5447862.749297495,0.0,228.0,,0.8,85.0,4.9e-05,,,2021-10-16 04:30:00
5447863.749419671,0.0,228.0,,0.8,84.0,4.8e-05,,,2021-10-16 04:35:00
5447864.749541845,0.0,228.0,,0.8,85.0,5e-05,,,2021-10-16 04:40:00
5447865.74966402,0.0,228.0,,0.8,83.0,5.2e-05,,,2021-10-16 04:45:00
5447866.749786194,0.0,228.0,,0.8,87.0,5.7e-05,,,2021-10-16 04:50:00
5447867.749908369,0.0,229.0,,0.8,88.0,7.2e-05,,,2021-10-16 04:55:00
5447868.750030544,0.0,232.0,,0.8,,,,,2021-10-16 05:00:00
5447869.750152718,0.0,228.0,,0.8,,,,,2021-10-16 05:05:00
5447870.750274893,0.0,224.0,,0.8,,,,,2021-10-16 05:10:00
5447871.7503970675,0.0,215.0,,0.8,,,,,2021-10-16 05:15:00
5447872.750519242,0.0,208.0,,0.8,,,,,2021-10-16 05:20:00
5447873.750641418,0.0,203.0,,0.8,101.0,0.000603,,,2021-10-16 05:25:00
5447874.750763592,0.0,198.0,,0.8,94.0,0.000282,,,2021-10-16 05:30:00
5447875.750885767,0.0,193.0,,0.8,90.0,0.00012,,,2021-10-16 05:35:00
5447876.751007942,0.0,189.0,,0.8,90.0,8.5e-05,,,2021-10-16 05:40:00
5447877.751130116,0.0,186.0,,0.8,87.0,8.5e-05,,,2021-10-16 05:45:00
5447878.751252291,0.0,184.0,,0.8,89.0,7e-05,,,2021-10-16 05:50:00
5447879.751374465,0.0,181.0,,0.8,89.0,5.2e-05,,,2021-10-16 05:55:00
5447880.75149664,0.0,179.0,,0.8,88.0,6.5e-05,,,2021-10-16 06:00:00
5447881.751618815,0.0,176.0,,0.8,88.0,5.8e-05,,,2021-10-16 06:05:00
5447882.751740989,0.0,174.0,,0.8,87.0,6e-05,,,2021-10-16 06:10:00
5447883.751863164,0.0,171.0,,0.8,87.0,6.8e-05,,,2021-10-16 06:15:00
5447884.751985339,0.0,169.0,,0.8,86.0,7.1e-05,,,2021-10-16 06:20:00
5447885.752107514,0.0,167.0,,0.8,92.0,7e-05,,,2021-10-16 06:25:00
5447886.752229689,0.0,166.0,,0.8,90.0,6.1e-05,,,2021-10-16 06:30:00
5447887.752351863,0.0,164.0,,0.8,97.0,6.4e-05,,,2021-10-16 06:35:00
5447888.752474038,0.0,162.0,,0.8,96.0,6.2e-05,,,2021-10-16 06:40:00
5447889.752596213,0.0,161.0,,0.8,100.0,6.5e-05,,,2021-10-16 06:45:00
5447890.752718387,0.0,160.0,,0.8,98.0,6.6e-05,,,2021-10-16 06:50:00
5447891.752840562,0.0,156.0,,0.8,97.0,8.6e-05,,,2021-10-16 06:55:00
5447892.752962736,0.0,153.0,,0.8,96.0,0.000123,,,2021-10-16 07:00:00
5447893.753084911,0.0,150.0,,0.8,97.0,0.000101,,,2021-10-16 07:05:00
5447894.753207087,0.0,148.0,,0.8,91.0,7.7e-05,,,2021-10-16 07:10:00
5447895.753329261,0.0,147.0,,0.8,104.0,5.9e-05,,,2021-10-16 07:15:00
5447896.753451436,0.0,145.0,,0.8,94.0,6.3e-05,,,2021-10-16 07:20:00
5447897.75357361,0.0,144.0,135.0,0.8,95.0,6.9e-05,,9.7,2021-10-16 07:25:00
5447898.753695785,0.0,143.0,,0.8,97.0,6.5e-05,45.0,,2021-10-16 07:30:00
5447899.75381796,0.0,142.0,,0.8,93.0,6.9e-05,,,2021-10-16 07:35:00
5447900.753940134,0.0,137.0,,0.8,121.0,5.9e-05,,,2021-10-16 07:40:00
5447901.754062309,0.0,137.0,,0.8,90.0,6.2e-05,,,2021-10-16 07:45:00
5447902.754184484,0.0,139.0,,0.8,99.0,7.6e-05,,,2021-10-16 07:50:00
5447903.754306658,0.0,142.0,,0.8,110.0,8.3e-05,,,2021-10-16 07:55:00
5447904.754428834,0.0,143.0,,0.8,89.0,5.4e-05,,,2021-10-16 08:00:00
5447905.754551008,0.0,142.0,,0.8,91.0,6.5e-05,,,2021-10-16 08:05:00
5447906.754673183,0.0,140.0,,0.8,101.0,8e-05,,,2021-10-16 08:10:00
5447907.754795358,0.0,138.0,,0.8,125.0,9.2e-05,,,2021-10-16 08:15:00
5447908.754917532,0.0,134.0,,0.8,125.0,0.000109,,,2021-10-16 08:20:00
5447909.755039707,0.0,129.0,,0.8,105.0,0.000155,,,2021-10-16 08:25:00
5447910.755161881,0.0,121.0,,0.8,97.0,9.7e-05,,,2021-10-16 08:30:00
5447911.755284056,0.0,114.0,,0.8,92.0,8.3e-05,,,2021-10-16 08:35:00
5447912.755406231,0.0,109.0,,0.8,103.0,7.9e-05,,,2021-10-16 08:40:00
5447913.755528405,0.0,106.0,,0.8,129.0,8.9e-05,,,2021-10-16 08:45:00
5447914.75565058,0.0,103.0,,0.8,117.0,0.000118,,,2021-10-16 08:50:00
5447915.7557727555,0.0,99.0,,0.8,111.0,0.000154,,,2021-10-16 08:55:00
5447916.75589493,0.0,96.0,,0.8,120.0,0.000325,,,2021-10-16 09:00:00
5447917.756017105,0.0,93.0,,0.8,105.0,0.000251,,,2021-10-16 09:05:00
5447918.756139279,0.0,89.0,,0.8,96.0,0.00015,,,2021-10-16 09:10:00
5447919.756261454,0.0,87.0,,0.8,113.0,0.000271,,,2021-10-16 09:15:00
5447920.756383629,0.0,85.0,,0.8,109.0,0.001818,,,2021-10-16 09:20:00
5447921.756505803,0.0,82.0,,0.8,111.0,0.000552,,,2021-10-16 09:25:00
5447922.756627978,0.0,80.0,,0.8,117.0,0.000199,,,2021-10-16 09:30:00
5447923.756750152,0.0,79.0,,0.8,123.0,0.000304,,,2021-10-16 09:35:00
5447924.756872327,0.0,78.0,,0.8,105.0,0.000548,,,2021-10-16 09:40:00
5447925.756994503,0.0,76.0,,0.8,120.0,0.000294,,,2021-10-16 09:45:00
5447926.757116677,0.0,76.0,,0.8,119.0,0.000264,,,2021-10-16 09:50:00
5447927.757238852,0.0,75.0,,0.8,107.0,0.000151,,,2021-10-16 09:55:00
5447928.7573610265,0.0,76.0,,0.8,118.0,0.000147,,,2021-10-16 10:00:00
5447929.757483201,0.0,79.0,,0.8,122.0,0.000186,,,2021-10-16 10:05:00
5447930.757605376,0.0,81.0,,0.8,101.0,0.000184,,,2021-10-16 10:10:00
5447931.75772755,0.0,84.0,,0.8,113.0,0.000234,,,2021-10-16 10:15:00
5447932.757849725,0.0,87.0,,0.8,114.0,0.007516,,,2021-10-16 10:20:00
5447933.7579719,0.0,91.0,,0.8,99.0,0.018634,,,2021-10-16 10:25:00
5447934.758094074,0.0,93.0,,0.8,108.0,0.016088,,,2021-10-16 10:30:00
5447935.758216249,0.0,95.0,,0.8,120.0,0.003172,,,2021-10-16 10:35:00
5447936.758338424,0.0,97.0,,0.8,107.0,0.02254,,,2021-10-16 10:40:00
5447937.758460599,0.0,97.0,,0.8,110.0,0.008182,,,2021-10-16 10:45:00
5447938.758582774,0.0,96.0,,0.8,115.0,0.009754,,,2021-10-16 10:50:00
5447939.758704948,0.0,96.0,,0.8,117.0,0.06208,,,2021-10-16 10:55:00
5447940.758827123,0.0,95.0,,0.8,125.0,1.1748,,,2021-10-16 11:00:00
5447941.7589492975,0.0,95.0,,0.8,115.0,4.396,,,2021-10-16 11:05:00
5447942.759071472,0.0,93.0,,0.8,115.0,6.456,,,2021-10-16 11:10:00
5447943.759193647,0.0,92.0,,0.8,117.0,8.332,,,2021-10-16 11:15:00
5447944.759315821,0.0,90.0,,0.8,114.0,9.24,,,2021-10-16 11:20:00
5447945.759437996,0.0,89.0,,0.8,110.0,9.148,,,2021-10-16 11:25:00
5447946.7595601715,0.0,87.0,,0.8,119.0,8.298,,,2021-10-16 11:30:00
5447947.759682346,0.0,86.0,,0.8,113.0,5.178,,,2021-10-16 11:35:00
5447948.759804521,0.0,84.0,,0.8,125.0,4.6,,,2021-10-16 11:40:00
5447949.759926695,0.0,82.0,,0.8,114.0,6.954,,,2021-10-16 11:45:00
5447950.76004887,0.0,81.0,,0.8,121.0,5.108,,,2021-10-16 11:50:00
5447951.760171045,0.0,81.0,,0.8,127.0,5.408,,,2021-10-16 11:55:00
5447952.760293219,0.0,80.0,,0.8,119.0,5.098,,,2021-10-16 12:00:00
5447953.760415394,0.0,80.0,,0.8,106.0,4.916,,,2021-10-16 12:05:00
5447954.7605375685,0.0,79.0,,0.8,103.0,3.768,,,2021-10-16 12:10:00
5447955.760659743,0.0,78.0,,0.8,109.0,1.826,,,2021-10-16 12:15:00
5447956.760781918,0.0,79.0,,0.8,130.0,1.406,,,2021-10-16 12:20:00
5447957.760904093,0.0,80.0,,0.8,113.0,2.27,,,2021-10-16 12:25:00
5447958.761026268,0.0,81.0,,0.8,119.0,2.308,,,2021-10-16 12:30:00
5447959.7611484425,0.0,82.0,,0.8,122.0,2.994,,,2021-10-16 12:35:00
5447960.761270617,0.0,84.0,,0.8,125.0,3.12,,,2021-10-16 12:40:00
5447961.761392792,0.0,85.0,,0.8,99.0,3.086,,,2021-10-16 12:45:00
5447962.761514966,0.0,86.0,,0.8,133.0,2.594,,,2021-10-16 12:50:00
5447963.761637141,0.0,86.0,48.0,0.8,106.0,7.632,,,2021-10-16 12:55:00
5447964.761759316,0.0,85.0,,0.8,118.0,7.012,,,2021-10-16 13:00:00
5447965.76188149,0.0,84.0,,0.8,122.0,4.38,,,2021-10-16 13:05:00
5447966.762003665,0.0,84.0,,0.8,117.0,3.698,,,2021-10-16 13:10:00
5447967.76212584,0.0,85.0,,0.8,100.0,3.018,,,2021-10-16 13:15:00
5447968.762248015,0.0,88.0,,0.8,121.0,3.444,,,2021-10-16 13:20:00
5447969.76237019,0.0,91.0,,0.8,104.0,6.736,,,2021-10-16 13:25:00
5447970.762492364,0.0,94.0,,0.8,115.0,5.154,,,2021-10-16 13:30:00
5447971.762614539,0.0,99.0,,0.8,100.0,5.468,,,2021-10-16 13:35:00
5447972.7627367135,0.0,104.0,,0.8,124.0,4.676,,,2021-10-16 13:40:00
5447973.762858888,0.0,107.0,,0.8,118.0,3.688,,,2021-10-16 13:45:00
5447974.762981063,0.0,109.0,,0.8,114.0,3.058,,,2021-10-16 13:50:00
5447975.763103237,0.0,110.0,,0.8,119.0,2.12,,,2021-10-16 13:55:00
5447976.763225412,0.0,112.0,,0.8,106.0,1.736,,,2021-10-16 14:00:00
5447977.763347587,0.0,116.0,,0.8,109.0,1.3554,,,2021-10-16 14:05:00
5447978.763469762,0.0,120.0,,0.8,113.0,0.9284,,,2021-10-16 14:10:00
5447979.763591937,0.0,124.0,,0.8,106.0,0.955,,,2021-10-16 14:15:00
5447980.763714111,0.0,129.0,,0.8,111.0,0.9254,,,2021-10-16 14:20:00
5447981.763836286,0.0,134.0,120.0,0.8,112.0,0.8856,,,2021-10-16 14:25:00
5447982.763958461,0.0,136.0,,0.8,107.0,0.8116,,,2021-10-16 14:30:00
5447983.764080635,0.0,125.0,120.0,0.8,109.0,0.7514,,11.0,2021-10-16 14:35:00
5447984.76420281,0.0,127.0,,0.8,110.0,0.7242,43.0,,2021-10-16 14:40:00
5447985.7643249845,0.0,129.0,,0.8,107.0,0.6912,,,2021-10-16 14:45:00
5447986.764447159,0.0,131.0,,0.8,108.0,0.6716,,,2021-10-16 14:50:00
5447987.764569334,0.0,133.0,,0.8,107.0,0.4982,,,2021-10-16 14:55:00
5447988.764691509,0.0,135.0,,0.8,113.0,0.3704,,,2021-10-16 15:00:00
5447989.764813684,0.0,136.0,,0.8,114.0,0.3746,,,2021-10-16 15:05:00
5447990.764935859,0.0,137.0,,0.8,111.0,0.3452,,,2021-10-16 15:10:00
5447991.765058033,0.0,137.0,,0.8,105.0,0.3334,,,2021-10-16 15:15:00
5447992.765180208,0.0,136.0,,0.8,117.0,0.3286,,,2021-10-16 15:20:00
5447993.765302382,0.0,136.0,,0.8,110.0,0.3396,,,2021-10-16 15:25:00
5447994.765424557,0.0,133.0,,0.8,112.0,0.2856,,,2021-10-16 15:30:00
5447995.765546732,0.0,130.0,,0.8,110.0,0.3086,,,2021-10-16 15:35:00
5447996.765668906,0.0,129.0,,0.8,105.0,0.33,,,2021-10-16 15:40:00
5447997.765791081,0.0,128.0,,0.8,106.0,0.3342,,,2021-10-16 15:45:00
5447998.765913256,0.0,127.0,,0.8,103.0,0.3214,,,2021-10-16 15:50:00
5447999.766035431,0.0,127.0,,0.8,101.0,0.315,,,2021-10-16 15:55:00
5448000.766157606,0.0,128.0,,0.8,101.0,0.3088,,,2021-10-16 16:00:00
5448001.76627978,0.0,130.0,,0.8,100.0,0.2946,,,2021-10-16 16:05:00
5448002.766401955,0.0,131.0,,0.8,98.0,0.2858,,,2021-10-16 16:10:00
5448003.76652413,0.0,132.0,,0.8,98.0,0.2828,,,2021-10-16 16:15:00
5448004.766646304,0.0,132.0,,0.8,97.0,0.2712,,,2021-10-16 16:20:00
5448005.766768479,0.0,133.0,,0.8,96.0,0.2542,,,2021-10-16 16:25:00
5448006.766890653,0.0,132.0,,0.8,96.0,0.255,,,2021-10-16 16:30:00
5448007.767012828,0.0,130.0,,0.8,96.0,0.2156,,,2021-10-16 16:35:00
5448008.767135003,0.0,130.0,,0.8,95.0,0.1162,,,2021-10-16 16:40:00
5448009.767257178,0.0,129.0,,0.8,94.0,0.09768,,,2021-10-16 16:45:00
5448010.767379353,0.0,128.0,,0.8,94.0,0.08296,,,2021-10-16 16:50:00
5448011.767501527,0.0,128.0,,0.8,95.0,0.05108,,,2021-10-16 16:55:00
5448012.767623702,0.0,127.0,,0.8,95.0,0.017506,,,2021-10-16 17:00:00
5448013.767745877,0.0,126.0,,0.8,92.0,0.00154,,,2021-10-16 17:05:00
5448014.767868051,0.0,128.0,,0.8,99.0,0.000498,,,2021-10-16 17:10:00
5448015.767990226,0.0,131.0,,0.8,118.0,0.000257,,,2021-10-16 17:15:00
5448016.768112401,0.0,133.0,,0.8,114.0,0.000175,,,2021-10-16 17:20:00
5448017.768234575,0.0,135.0,,0.8,94.0,0.000171,,,2021-10-16 17:25:00
5448018.76835675,0.0,137.0,,0.8,91.0,0.000292,,,2021-10-16 17:30:00
5448019.768478925,0.0,140.0,,0.8,88.0,0.000211,,,2021-10-16 17:35:00
5448020.7686011,0.0,143.0,,0.8,97.0,0.00025,,,2021-10-16 17:40:00
5448021.768723275,0.0,146.0,,0.8,103.0,0.000368,,,2021-10-16 17:45:00
5448022.768845449,0.0,149.0,,0.8,110.0,0.000365,,,2021-10-16 17:50:00
5448023.768967624,0.0,152.0,,0.8,111.0,0.000329,,,2021-10-16 17:55:00
5448024.769089798,0.0,154.0,,0.8,113.0,0.000338,,,2021-10-16 18:00:00
5448025.769211973,0.0,158.0,,0.8,112.0,0.000324,,,2021-10-16 18:05:00
5448026.769334148,0.0,162.0,,0.8,117.0,0.000387,,,2021-10-16 18:10:00
5448027.769456322,0.0,167.0,,0.8,108.0,0.002258,,,2021-10-16 18:15:00
5448028.769578497,0.0,171.0,,0.8,105.0,0.006578,,,2021-10-16 18:20:00
5448029.769700672,0.0,174.0,,0.8,109.0,0.002776,,,2021-10-16 18:25:00
5448030.769822847,0.0,176.0,,0.8,116.0,0.002564,,,2021-10-16 18:30:00
5448031.769945022,0.0,177.0,194.0,0.8,106.0,0.002048,,5.3,2021-10-16 18:35:00
5448032.770067196,0.0,179.0,,0.8,108.0,0.001752,,,2021-10-16 18:40:00
5448033.770189371,0.0,183.0,,0.8,100.0,0.001348,,,2021-10-16 18:45:00
5448034.770311546,0.0,186.0,,0.8,99.0,0.001111,,,2021-10-16 18:50:00
5448035.77043372,0.0,188.0,,0.8,102.0,0.001232,,,2021-10-16 18:55:00
5448036.770555895,0.0,190.0,,0.8,101.0,0.001005,,,2021-10-16 19:00:00
5448037.770678069,0.0,191.0,,0.8,102.0,0.000813,,,2021-10-16 19:05:00
5448038.770800244,0.0,190.0,,0.8,104.0,0.000479,,,2021-10-16 19:10:00
5448039.770922419,0.0,189.0,,0.8,103.0,0.0004,55.0,,2021-10-16 19:15:00
5448040.771044594,0.0,187.0,201.0,0.8,110.0,0.000403,,,2021-10-16 19:20:00
5448041.771166769,0.0,186.0,,0.8,105.0,0.000464,,,2021-10-16 19:25:00
5448042.7712889435,0.0,184.0,,0.8,99.0,0.000526,,,2021-10-16 19:30:00
5448043.771411118,0.0,184.0,,0.8,104.0,0.000653,,,2021-10-16 19:35:00
5448044.771533293,0.0,183.0,202.0,0.8,104.0,0.000679,,14.5,2021-10-16 19:40:00
5448045.771655467,0.0,184.0,,0.8,107.0,0.000822,,,2021-10-16 19:45:00
5448046.771777642,0.0,185.0,,0.8,105.0,0.000926,,,2021-10-16 19:50:00
5448047.771899817,0.0,197.0,,0.8,104.0,0.001325,,,2021-10-16 19:55:00
5448048.772021991,0.0,198.0,,0.8,104.0,0.00119,,,2021-10-16 20:00:00
5448049.772144166,0.0,200.0,,0.8,110.0,0.00096,,,2021-10-16 20:05:00
5448050.77226634,0.0,201.0,,0.8,109.0,0.001002,,,2021-10-16 20:10:00
5448051.772388516,0.0,201.0,,0.8,109.0,0.001094,,,2021-10-16 20:15:00
5448052.772510691,0.0,204.0,,0.8,108.0,0.001444,,,2021-10-16 20:20:00
5448053.772632865,0.0,211.0,,0.8,109.0,0.001592,,,2021-10-16 20:25:00
5448054.77275504,0.0,219.0,,0.8,109.0,0.001784,,,2021-10-16 20:30:00
5448055.7728772145,0.0,227.0,,0.8,109.0,0.001872,,,2021-10-16 20:35:00
5448056.772999389,0.0,235.0,,0.8,108.0,0.001992,,,2021-10-16 20:40:00
5448057.773121564,0.0,241.0,277.0,0.8,108.0,0.001868,,10.6,2021-10-16 20:45:00
5448058.773243738,0.0,246.0,,0.8,105.0,0.001542,,,2021-10-16 20:50:00
5448059.773365913,0.0,249.0,,0.8,111.0,0.001422,,,2021-10-16 20:55:00
5448060.773488088,0.0,252.0,,0.8,111.0,0.003114,,,2021-10-16 21:00:00
5448061.773610263,0.0,253.0,,0.8,98.0,0.020264,,,2021-10-16 21:05:00
5448062.773732438,0.0,252.0,,0.8,108.0,0.0479,,,2021-10-16 21:10:00
5448063.773854612,0.0,248.0,,0.8,110.0,0.0443,,,2021-10-16 21:15:00
5448064.773976787,0.0,243.0,,0.8,104.0,0.02004,,,2021-10-16 21:20:00
5448065.774098962,0.0,238.0,,0.8,105.0,0.011838,,,2021-10-16 21:25:00
5448066.774221136,0.0,233.0,,0.8,102.0,0.008968,,,2021-10-16 21:30:00
5448067.774343311,0.0,230.0,,0.8,104.0,0.007844,,,2021-10-16 21:35:00
5448068.7744654855,0.0,229.0,,0.8,96.0,0.00629,,,2021-10-16 21:40:00
5448069.77458766,0.0,227.0,,0.8,94.0,0.005444,,,2021-10-16 21:45:00
5448070.774709835,0.0,225.0,,0.8,96.0,0.003418,,,2021-10-16 21:50:00
5448071.77483201,0.0,224.0,,0.8,108.0,0.001388,,,2021-10-16 21:55:00
5448072.774954185,0.0,223.0,,0.8,113.0,0.000564,,,2021-10-16 22:00:00
5448073.7750763595,0.0,221.0,,0.8,101.0,0.00017,,,2021-10-16 22:05:00
5448074.775198534,0.0,220.0,,0.8,91.0,6.4e-05,,,2021-10-16 22:10:00
5448075.775320709,0.0,217.0,,0.8,92.0,5.8e-05,,,2021-10-16 22:15:00
5448076.775442883,0.0,215.0,,0.8,90.0,5.9e-05,,,2021-10-16 22:20:00
5448077.775565058,0.0,214.0,,0.8,103.0,5.9e-05,,,2021-10-16 22:25:00
5448078.775687233,0.0,213.0,,0.8,86.0,0.000139,,,2021-10-16 22:30:00
5448079.775809407,0.0,212.0,,0.8,81.0,0.000182,,,2021-10-16 22:35:00
5448080.775931582,0.0,212.0,,0.8,83.0,0.000106,,,2021-10-16 22:40:00
5448081.7760537565,0.0,213.0,,0.8,79.0,7.7e-05,,,2021-10-16 22:45:00
5448082.776175932,0.0,214.0,,0.8,81.0,0.000118,,,2021-10-16 22:50:00
5448083.776298107,0.0,215.0,,0.8,92.0,7.3e-05,,,2021-10-16 22:55:00
5448084.776420281,0.0,215.0,,0.8,83.0,8.1e-05,,,2021-10-16 23:00:00
5448085.776542456,0.0,215.0,,0.8,85.0,8.3e-05,,,2021-10-16 23:05:00
5448086.7766646305,0.0,214.0,,0.8,102.0,7.1e-05,,,2021-10-16 23:10:00
5448087.776786805,0.0,215.0,,0.8,88.0,7.2e-05,,,2021-10-16 23:15:00
5448088.77690898,0.0,216.0,261.0,0.8,95.0,9.2e-05,,9.1,2021-10-16 23:20:00
5448089.777031154,0.0,216.0,,0.8,81.0,7.9e-05,,,2021-10-16 23:25:00
5448090.777153329,0.0,214.0,,0.8,80.0,9.2e-05,,,2021-10-16 23:30:00
5448091.777275504,0.0,212.0,,0.8,81.0,0.000104,,,2021-10-16 23:35:00
5448092.777397679,0.0,211.0,,0.8,80.0,0.000123,,,2021-10-16 23:40:00
5448093.777519854,0.0,210.0,,0.8,80.0,0.00015,,,2021-10-16 23:45:00
5448094.777642028,0.0,209.0,,0.8,77.0,0.00013,,,2021-10-16 23:50:00
5448095.777764203,0.0,208.0,,0.8,98.0,0.000125,,,2021-10-16 23:55:00
5448096.777886378,0.0,205.0,,0.8,138.0,0.000103,,,2021-10-17 00:00:00
5448097.778008552,0.0,202.0,,0.8,93.0,9.2e-05,,,2021-10-17 00:05:00
5448098.778130727,0.0,199.0,,0.8,77.0,9.2e-05,,,2021-10-17 00:10:00
5448099.7782529015,0.0,196.0,,0.8,78.0,9.3e-05,,,2021-10-17 00:15:00
5448100.778375076,0.0,193.0,,0.8,77.0,0.000105,,,2021-10-17 00:20:00
5448101.778497251,0.0,191.0,,0.8,80.0,0.000104,,,2021-10-17 00:25:00
5448102.778619425,0.0,189.0,,0.8,99.0,8.6e-05,,,2021-10-17 00:30:00
5448103.778741601,0.0,186.0,,0.8,122.0,8.7e-05,,,2021-10-17 00:35:00
5448104.778863776,0.0,184.0,,0.8,82.0,0.000126,,,2021-10-17 00:40:00
5448105.77898595,0.0,183.0,,0.8,78.0,0.000116,,,2021-10-17 00:45:00
5448106.779108125,0.0,184.0,,0.8,80.0,0.000109,,,2021-10-17 00:50:00
5448107.779230299,0.0,185.0,,0.8,115.0,9.1e-05,,,2021-10-17 00:55:00
5448108.779352474,0.0,183.0,,0.8,82.0,9.4e-05,,,2021-10-17 01:00:00
5448109.779474649,0.0,182.0,,0.8,92.0,8.9e-05,,,2021-10-17 01:05:00
5448110.779596823,0.0,181.0,,0.8,76.0,7.8e-05,,,2021-10-17 01:10:00
5448111.779718998,0.0,180.0,,0.8,77.0,7.8e-05,,,2021-10-17 01:15:00
5448112.7798411725,0.0,179.0,,0.8,108.0,9.9e-05,,,2021-10-17 01:20:00
5448113.779963348,0.0,178.0,,0.8,123.0,0.000134,,,2021-10-17 01:25:00
5448114.780085523,0.0,176.0,,0.8,76.0,0.000186,,,2021-10-17 01:30:00
5448115.780207697,0.0,175.0,,0.8,77.0,0.000204,,,2021-10-17 01:35:00
5448116.780329872,0.0,175.0,,0.8,78.0,0.000194,,,2021-10-17 01:40:00
5448117.780452047,0.0,176.0,,0.8,78.0,0.000187,,,2021-10-17 01:45:00
5448118.780574221,0.0,176.0,,0.8,79.0,0.000221,,,2021-10-17 01:50:00
5448119.780696396,0.0,176.0,,0.8,93.0,0.000168,,,2021-10-17 01:55:00
5448120.78081857,0.0,175.0,,0.8,132.0,0.000103,,,2021-10-17 02:00:00
5448121.780940745,0.0,175.0,,0.8,90.0,8.7e-05,,,2021-10-17 02:05:00
5448122.78106292,0.0,174.0,,0.8,87.0,0.000109,,,2021-10-17 02:10:00
5448123.781185094,0.0,173.0,,0.8,86.0,0.000123,,,2021-10-17 02:15:00
5448124.78130727,0.0,172.0,,0.8,78.0,0.000132,,,2021-10-17 02:20:00
5448125.781429444,0.0,172.0,,0.8,101.0,0.000117,,,2021-10-17 02:25:00
5448126.781551619,0.0,172.0,,0.8,114.0,9.6e-05,,,2021-10-17 02:30:00
5448127.781673794,0.0,170.0,,0.8,77.0,6.8e-05,,,2021-10-17 02:35:00
5448128.781795968,0.0,169.0,,0.8,94.0,6.8e-05,,,2021-10-17 02:40:00
5448129.781918143,0.0,171.0,,0.8,101.0,7e-05,,,2021-10-17 02:45:00
5448130.782040318,0.0,173.0,,0.8,76.0,8.1e-05,,,2021-10-17 02:50:00
5448131.782162492,0.0,176.0,,0.8,75.0,6.7e-05,,,2021-10-17 02:55:00
5448132.782284667,0.0,178.0,,0.8,76.0,0.000132,,,2021-10-17 03:00:00
5448133.782406841,0.0,180.0,,0.8,111.0,0.000171,,,2021-10-17 03:05:00
5448134.782529017,0.0,182.0,,0.8,104.0,0.000202,,,2021-10-17 03:10:00
5448135.782651192,0.0,183.0,,0.8,75.0,0.000309,,,2021-10-17 03:15:00
5448136.782773366,0.0,185.0,,0.8,75.0,0.000244,,,2021-10-17 03:20:00
5448137.782895541,0.0,187.0,,0.8,73.0,0.000336,,,2021-10-17 03:25:00
5448138.783017715,0.0,187.0,,0.8,76.0,0.000229,,,2021-10-17 03:30:00
5448139.78313989,0.0,190.0,,0.8,74.0,0.000222,,,2021-10-17 03:35:00
5448140.783262065,0.0,192.0,,0.8,100.0,0.000307,,,2021-10-17 03:40:00
5448141.783384239,0.0,191.0,,0.8,101.0,0.00031,,,2021-10-17 03:45:00
5448142.783506414,0.0,193.0,,0.8,76.0,0.000231,,,2021-10-17 03:50:00
5448143.783628589,0.0,196.0,,0.8,75.0,0.000195,,,2021-10-17 03:55:00
5448144.783750764,0.0,198.0,,0.8,77.0,0.000214,,,2021-10-17 04:00:00
5448145.783872939,0.0,201.0,,0.8,74.0,0.000238,,,2021-10-17 04:05:00
5448146.783995113,0.0,201.0,,0.8,83.0,0.000202,,,2021-10-17 04:10:00
5448147.784117288,0.0,201.0,,0.8,95.0,0.000124,,,2021-10-17 04:15:00
5448148.784239463,0.0,203.0,,0.8,81.0,0.000128,,,2021-10-17 04:20:00
5448149.784361637,0.0,202.0,,0.8,89.0,,,,2021-10-17 04:25:00
5448150.784483812,0.0,201.0,,0.8,,,,,2021-10-17 04:30:00
5448151.784605986,0.0,202.0,,0.8,,,,,2021-10-17 04:35:00
5448152.784728161,0.0,202.0,,0.8,,,,,2021-10-17 04:40:00
5448153.784850336,0.0,201.0,,0.8,,,,,2021-10-17 04:45:00
5448154.78497251,0.0,203.0,,0.8,,,,,2021-10-17 04:50:00
5448155.785094686,0.0,208.0,253.0,0.8,,,,9.8,2021-10-17 04:55:00
5448156.7852168605,0.0,213.0,,0.8,,,,,2021-10-17 05:00:00
5448157.785339035,0.0,217.0,,0.8,,,,,2021-10-17 05:05:00
5448158.78546121,0.0,243.0,,0.8,,,,,2021-10-17 05:10:00
5448159.785583384,0.0,245.0,,0.8,,,,,2021-10-17 05:15:00
5448160.785705559,0.0,245.0,,0.8,,,,,2021-10-17 05:20:00
5448161.785827734,0.0,245.0,,0.8,,,,,2021-10-17 05:25:00
5448162.785949908,0.0,245.0,,0.8,,,,,2021-10-17 05:30:00
5448163.786072083,0.0,242.0,,0.8,,,,,2021-10-17 05:35:00
5448164.786194257,0.0,240.0,,0.8,,,,,2021-10-17 05:40:00
5448165.786316433,0.0,239.0,,0.8,,,,,2021-10-17 05:45:00
5448166.786438608,0.0,238.0,,0.8,,,,,2021-10-17 05:50:00
5448167.786560782,0.0,237.0,,0.8,101.0,4.8e-05,,,2021-10-17 05:55:00
5448168.786682957,0.0,234.0,,0.8,86.0,5.2e-05,,,2021-10-17 06:00:00
5448169.7868051315,0.0,233.0,,0.8,92.0,5.5e-05,,,2021-10-17 06:05:00
5448170.786927306,0.0,235.0,,0.8,86.0,5.4e-05,,,2021-10-17 06:10:00
5448171.787049481,0.0,237.0,226.0,0.8,82.0,5.6e-05,,9.1,2021-10-17 06:15:00
5448172.787171655,0.0,242.0,,0.8,90.0,5.9e-05,,,2021-10-17 06:20:00
5448173.78729383,0.0,237.0,,0.8,92.0,6.2e-05,,,2021-10-17 06:25:00
5448174.787416005,0.0,238.0,,0.8,88.0,5.9e-05,,,2021-10-17 06:30:00
5448175.787538179,0.0,240.0,,0.8,84.0,6.3e-05,,,2021-10-17 06:35:00
5448176.787660355,0.0,243.0,,0.8,79.0,6.2e-05,,,2021-10-17 06:40:00
5448177.787782529,0.0,244.0,,0.8,80.0,6.2e-05,,,2021-10-17 06:45:00
5448178.787904704,0.0,243.0,,0.8,80.0,6.2e-05,,,2021-10-17 06:50:00
5448179.788026879,0.0,241.0,,0.8,84.0,6.2e-05,,,2021-10-17 06:55:00
5448180.788149053,0.0,237.0,,0.8,96.0,6.2e-05,,,2021-10-17 07:00:00
5448181.788271228,0.0,233.0,,0.8,80.0,6.3e-05,,,2021-10-17 07:05:00
5448182.7883934025,0.0,230.0,,0.8,97.0,6.2e-05,,,2021-10-17 07:10:00
5448183.788515577,0.0,227.0,,0.8,95.0,7.1e-05,,,2021-10-17 07:15:00
5448184.788637752,0.0,222.0,,0.8,107.0,7.8e-05,,,2021-10-17 07:20:00
5448185.788759926,0.0,217.0,,0.8,103.0,8e-05,,,2021-10-17 07:25:00
5448186.788882102,0.0,210.0,,0.8,117.0,0.00016,,,2021-10-17 07:30:00
5448187.7890042765,0.0,205.0,,0.8,104.0,0.019525,,,2021-10-17 07:35:00
5448188.789126451,0.0,194.0,,0.8,104.0,1.6098,,,2021-10-17 07:40:00
5448189.789248626,0.0,185.0,,0.8,111.0,1.7092,,,2021-10-17 07:45:00
5448190.7893708,0.0,179.0,,0.8,114.0,1.7034,,,2021-10-17 07:50:00
5448191.789492975,0.0,174.0,,0.8,111.0,4.136,,,2021-10-17 07:55:00
5448192.78961515,0.0,166.0,,0.8,108.0,2.698,,,2021-10-17 08:00:00
5448193.789737324,0.0,157.0,,0.8,115.0,3.968,,,2021-10-17 08:05:00
5448194.789859499,0.0,152.0,,0.8,111.0,5.052,,,2021-10-17 08:10:00
5448195.7899816735,0.0,144.0,,0.8,107.0,3.71401,,,2021-10-17 08:15:00
5448196.790103848,0.0,137.0,,0.8,109.0,2.8004,,,2021-10-17 08:20:00
5448197.790226024,0.0,131.0,,0.8,109.0,6.052,,,2021-10-17 08:25:00
5448198.790348198,0.0,124.0,,0.8,104.0,8.25,,,2021-10-17 08:30:00
5448199.790470373,0.0,116.0,,0.8,110.0,6.706,,,2021-10-17 08:35:00
5448200.7905925475,0.0,110.0,,0.8,99.0,5.15,,,2021-10-17 08:40:00
5448201.790714722,0.0,105.0,,0.8,112.0,2.61,,,2021-10-17 08:45:00
5448202.790836897,0.0,102.0,,0.8,115.0,1.502,,,2021-10-17 08:50:00
5448203.790959071,0.0,102.0,,0.8,130.0,8.832,,,2021-10-17 08:55:00
5448204.791081246,0.0,101.0,,0.8,122.0,13.8,,,2021-10-17 09:00:00
5448205.791203421,0.0,97.0,,0.8,122.0,15.46,,,2021-10-17 09:05:00
5448206.791325595,0.0,95.0,,0.8,103.0,16.0,,,2021-10-17 09:10:00
5448207.791447771,0.0,92.0,,0.8,113.0,10.726,,,2021-10-17 09:15:00
5448208.791569945,0.0,91.0,,0.8,123.0,10.444,,,2021-10-17 09:20:00
5448209.79169212,0.0,89.0,,0.8,115.0,7.988,,,2021-10-17 09:25:00
5448210.791814295,0.0,87.0,,0.8,113.0,5.712,,,2021-10-17 09:30:00
5448211.791936469,0.0,85.0,,0.8,107.0,4.244,,,2021-10-17 09:35:00
5448212.792058644,0.0,85.0,,0.8,125.0,2.428,,,2021-10-17 09:40:00
5448213.7921808185,0.0,86.0,,0.8,110.0,1.648,,,2021-10-17 09:45:00
5448214.792302993,0.0,87.0,,0.8,118.0,2.78,,,2021-10-17 09:50:00
5448215.792425168,0.0,86.0,,0.8,106.0,4.562,,,2021-10-17 09:55:00
5448216.792547342,0.0,84.0,,0.8,117.0,3.776,,,2021-10-17 10:00:00
5448217.792669518,0.0,83.0,,0.8,116.0,6.828,,,2021-10-17 10:05:00
5448218.792791693,0.0,82.0,,0.8,114.0,8.032,,,2021-10-17 10:10:00
5448219.792913867,0.0,82.0,,0.8,128.0,6.338,,,2021-10-17 10:15:00
5448220.793036042,0.0,81.0,,0.8,114.0,4.57554,,,2021-10-17 10:20:00
5448221.793158216,0.0,81.0,,0.8,128.0,2.3205,,,2021-10-17 10:25:00
5448222.793280391,0.0,80.0,,0.8,116.0,3.968,,,2021-10-17 10:30:00
5448223.793402566,0.0,81.0,,0.8,108.0,3.866,,,2021-10-17 10:35:00
5448224.79352474,0.0,82.0,,0.8,118.0,2.136,,,2021-10-17 10:40:00
5448225.793646915,0.0,84.0,,0.8,116.0,1.736,,,2021-10-17 10:45:00
5448226.7937690895,0.0,84.0,,0.8,117.0,1.30336,,,2021-10-17 10:50:00
5448227.793891264,0.0,85.0,,0.8,115.0,1.2794,,,2021-10-17 10:55:00
5448228.79401344,0.0,86.0,,0.8,116.0,1.808,,,2021-10-17 11:00:00
5448229.794135614,0.0,86.0,,0.8,134.0,1.896,,,2021-10-17 11:05:00
5448230.794257789,0.0,86.0,,0.8,140.0,1.0352,,,2021-10-17 11:10:00
5448231.794379964,0.0,85.0,,0.8,125.0,0.89682,,,2021-10-17 11:15:00
5448232.794502138,0.0,82.0,,0.8,110.0,1.636,,,2021-10-17 11:20:00
5448233.794624313,0.0,80.0,,0.8,121.0,1.8392,,,2021-10-17 11:25:00
5448234.794746487,0.0,78.0,,0.8,120.0,5.83906,,,2021-10-17 11:30:00
5448235.794868662,0.0,76.0,,0.8,121.0,9.480054,,,2021-10-17 11:35:00
5448236.794990837,0.0,75.0,,0.8,122.0,10.588,,,2021-10-17 11:40:00
5448237.795113011,0.0,74.0,,0.8,134.0,7.942,,,2021-10-17 11:45:00
5448238.795235187,0.0,73.0,,0.8,116.0,8.024,,,2021-10-17 11:50:00
5448239.795357361,0.0,74.0,,0.8,126.0,8.438,,,2021-10-17 11:55:00
5448240.795479536,0.0,74.0,,0.8,106.0,13.08,,,2021-10-17 12:00:00
5448241.795601711,0.0,74.0,,0.8,102.0,8.00092,,,2021-10-17 12:05:00
5448242.795723885,0.0,75.0,,0.8,113.0,11.64,,,2021-10-17 12:10:00
5448243.79584606,0.0,79.0,,0.8,108.0,10.86,,,2021-10-17 12:15:00
5448244.795968235,0.0,88.0,,0.8,106.0,9.55,,,2021-10-17 12:20:00
5448245.796090409,0.0,95.0,,0.8,105.0,6.89,,,2021-10-17 12:25:00
5448246.796212584,0.0,99.0,,0.8,106.0,6.808,,,2021-10-17 12:30:00
5448247.796334758,0.0,101.0,,0.8,105.0,5.768,,,2021-10-17 12:35:00
5448248.796456933,0.0,102.0,,0.8,104.0,6.272,,,2021-10-17 12:40:00
5448249.796579109,0.0,104.0,95.0,0.8,102.0,6.35,,,2021-10-17 12:45:00
5448250.796701283,0.0,105.0,,0.8,102.0,4.718,,,2021-10-17 12:50:00
5448251.796823458,0.0,102.0,95.0,0.8,105.0,4.468,,8.0,2021-10-17 12:55:00
5448252.796945632,0.0,103.0,,0.8,105.0,4.154,,,2021-10-17 13:00:00
5448253.797067807,0.0,104.0,,0.8,101.0,3.954,,,2021-10-17 13:05:00
5448254.797189982,0.0,107.0,,0.8,100.0,3.724,,,2021-10-17 13:10:00
5448255.797312156,0.0,113.0,,0.8,94.0,3.496,,,2021-10-17 13:15:00
5448256.797434331,0.0,120.0,,0.8,101.0,3.328,43.0,,2021-10-17 13:20:00
5448257.797556506,0.0,125.0,,0.8,97.0,3.148,,,2021-10-17 13:25:00
5448258.79767868,0.0,128.0,,0.8,103.0,2.906,,,2021-10-17 13:30:00
5448259.797800856,0.0,132.0,,0.8,107.0,2.884,,,2021-10-17 13:35:00
5448260.79792303,0.0,135.0,,0.8,106.0,2.664,,,2021-10-17 13:40:00
5448261.798045205,0.0,141.0,,0.8,110.0,2.352,,,2021-10-17 13:45:00
5448262.79816738,0.0,147.0,,0.8,103.0,2.394,,,2021-10-17 13:50:00
5448263.798289554,0.0,152.0,,0.8,104.0,2.386,,,2021-10-17 13:55:00
5448264.798411729,0.0,160.0,,0.8,101.0,2.418,,,2021-10-17 14:00:00
5448265.798533903,0.0,166.0,,0.8,100.0,2.44,,,2021-10-17 14:05:00
5448266.798656078,0.0,168.0,,0.8,98.0,2.458,,,2021-10-17 14:10:00
5448267.798778253,0.0,167.0,,0.8,98.0,2.46,,,2021-10-17 14:15:00
5448268.798900427,0.0,164.0,,0.8,98.0,2.434,,,2021-10-17 14:20:00
5448269.799022602,0.0,160.0,,0.8,97.0,2.52,,,2021-10-17 14:25:00
5448270.7991447775,0.0,155.0,,0.8,95.0,2.53,,,2021-10-17 14:30:00
5448271.799266952,0.0,151.0,,0.8,94.0,2.51,,,2021-10-17 14:35:00
5448272.799389127,0.0,148.0,,0.8,95.0,2.424,,,2021-10-17 14:40:00
5448273.799511301,0.0,145.0,,0.8,94.0,2.47,,,2021-10-17 14:45:00
5448274.799633476,0.0,142.0,,0.8,95.0,2.448,,,2021-10-17 14:50:00
5448275.799755651,0.0,140.0,,0.8,97.0,2.39,,,2021-10-17 14:55:00
5448276.799877825,0.0,138.0,,0.8,96.0,2.356,,,2021-10-17 15:00:00
5448277.8,0.0,136.0,,0.8,95.0,1.972,,,2021-10-17 15:05:00
5448278.800122174,0.0,135.0,,0.8,96.0,2.284,,,2021-10-17 15:10:00
5448279.800244349,0.0,135.0,,0.8,96.0,2.298,,,2021-10-17 15:15:00
5448280.800366525,0.0,136.0,,0.8,100.0,1.972,,,2021-10-17 15:20:00
5448281.800488699,0.0,137.0,,0.8,109.0,1.5138,,,2021-10-17 15:25:00
5448282.800610874,0.0,138.0,,0.8,114.0,1.51,,,2021-10-17 15:30:00
5448283.8007330485,0.0,137.0,,0.8,103.0,1.438,,,2021-10-17 15:35:00
5448284.800855223,0.0,136.0,,0.8,102.0,1.424,,,2021-10-17 15:40:00
5448285.800977398,0.0,136.0,,0.8,101.0,1.446,,,2021-10-17 15:45:00
5448286.801099572,0.0,135.0,,0.8,105.0,1.46,,,2021-10-17 15:50:00
5448287.801221747,0.0,136.0,141.0,0.8,101.0,1.2882,,,2021-10-17 15:55:00
5448288.801343922,0.0,138.0,,0.8,105.0,1.208,,,2021-10-17 16:00:00
5448289.801466096,0.0,140.0,,0.8,105.0,1.588,,,2021-10-17 16:05:00
5448290.801588271,0.0,143.0,,0.8,106.0,1.53,,,2021-10-17 16:10:00
5448291.801710446,0.0,145.0,,0.8,114.0,1.4572,,,2021-10-17 16:15:00
5448292.801832621,0.0,145.0,,0.8,112.0,1.596,,,2021-10-17 16:20:00
5448293.801954796,0.0,145.0,,0.8,110.0,1.592,,,2021-10-17 16:25:00
5448294.80207697,0.0,145.0,,0.8,109.0,2.306,,,2021-10-17 16:30:00
5448295.802199145,0.0,145.0,,0.8,110.0,4.968,,,2021-10-17 16:35:00
5448296.8023213195,0.0,147.0,,0.8,110.0,9.608,,,2021-10-17 16:40:00
5448297.802443494,0.0,149.0,,0.8,104.0,8.478,,,2021-10-17 16:45:00
5448298.802565669,0.0,152.0,,0.8,105.0,9.494,,,2021-10-17 16:50:00
5448299.802687843,0.0,155.0,,0.8,104.0,9.064,,,2021-10-17 16:55:00
5448300.802810018,0.0,158.0,,0.8,108.0,8.07,,,2021-10-17 17:00:00
5448301.8029321935,0.0,163.0,,0.8,112.0,6.928,,,2021-10-17 17:05:00
5448302.803054368,0.0,166.0,,0.8,115.0,6.538,,,2021-10-17 17:10:00
5448303.803176543,0.0,169.0,,0.8,108.0,5.382,,,2021-10-17 17:15:00
5448304.803298717,0.0,174.0,,0.8,105.0,4.59,,,2021-10-17 17:20:00
5448305.803420892,0.0,181.0,,0.8,104.0,4.064,,,2021-10-17 17:25:00
5448306.803543067,0.0,186.0,,0.8,108.0,3.98,,,2021-10-17 17:30:00
5448307.803665241,0.0,188.0,,0.8,114.0,2.1532,,,2021-10-17 17:35:00
5448308.803787416,0.0,191.0,,0.8,115.0,2.546,,,2021-10-17 17:40:00
5448309.8039095905,0.0,192.0,,0.8,101.0,2.63,,,2021-10-17 17:45:00
5448310.804031765,0.0,196.0,,0.8,99.0,2.62,,,2021-10-17 17:50:00
5448311.804153941,0.0,204.0,,0.8,98.0,2.602,,,2021-10-17 17:55:00
5448312.804276115,0.0,210.0,,0.8,96.0,2.482,,,2021-10-17 18:00:00
5448313.80439829,0.0,215.0,,0.8,96.0,2.386,,,2021-10-17 18:05:00
5448314.8045204645,0.0,219.0,,0.8,95.0,2.188,,,2021-10-17 18:10:00
5448315.804642639,0.0,221.0,229.0,0.8,96.0,2.038,,12.8,2021-10-17 18:15:00
5448316.804764814,0.0,223.0,,0.8,106.0,1.976,,,2021-10-17 18:20:00
5448317.804886988,0.0,224.0,,0.8,98.0,1.4714,,,2021-10-17 18:25:00
5448318.805009163,0.0,226.0,,0.8,95.0,1.808,,,2021-10-17 18:30:00
5448319.805131338,0.0,231.0,,0.8,90.0,1.336,,,2021-10-17 18:35:00
5448320.805253512,0.0,235.0,,0.8,99.0,1.142,,,2021-10-17 18:40:00
5448321.805375687,0.0,232.0,,0.8,104.0,0.8274,56.0,,2021-10-17 18:45:00
5448322.805497862,0.0,228.0,,0.8,103.0,0.882,,,2021-10-17 18:50:00
5448323.805620037,0.0,227.0,,0.8,104.0,1.252,,,2021-10-17 18:55:00
5448324.805742212,0.0,223.0,220.0,0.8,100.0,0.9264,,9.4,2021-10-17 19:00:00
5448325.805864386,0.0,222.0,,0.8,105.0,1.116,,,2021-10-17 19:05:00
5448326.805986561,0.0,219.0,,0.8,97.0,0.9058,,,2021-10-17 19:10:00
5448327.8061087355,0.0,215.0,,0.8,96.0,0.8882,,,2021-10-17 19:15:00
5448328.80623091,0.0,212.0,,0.8,93.0,0.885,,,2021-10-17 19:20:00
5448329.806353085,0.0,208.0,,0.8,91.0,0.8476,,,2021-10-17 19:25:00
5448330.806475259,0.0,204.0,,0.8,93.0,0.7892,,,2021-10-17 19:30:00
5448331.806597434,0.0,201.0,,0.8,101.0,0.7486,,,2021-10-17 19:35:00
5448332.80671961,0.0,197.0,,0.8,94.0,0.6942,,,2021-10-17 19:40:00
5448333.806841784,0.0,191.0,,0.8,94.0,0.551,,,2021-10-17 19:45:00
5448334.806963959,0.0,184.0,,0.8,93.0,0.5856,,,2021-10-17 19:50:00
5448335.807086133,0.0,177.0,,0.8,96.0,0.606,,,2021-10-17 19:55:00
5448336.807208308,0.0,174.0,,0.8,93.0,0.6124,,,2021-10-17 20:00:00
5448337.807330483,0.0,171.0,,0.8,110.0,0.5362,,,2021-10-17 20:05:00
5448338.807452657,0.0,165.0,,0.8,97.0,0.4582,,,2021-10-17 20:10:00
5448339.807574832,0.0,155.0,,0.8,95.0,0.4248,,,2021-10-17 20:15:00
5448340.8076970065,0.0,147.0,,0.8,88.0,0.4012,,,2021-10-17 20:20:00
5448341.807819181,0.0,140.0,,0.8,87.0,0.396,,,2021-10-17 20:25:00
5448342.807941356,0.0,136.0,,0.8,92.0,0.351,,,2021-10-17 20:30:00
5448343.808063531,0.0,134.0,,0.8,94.0,0.3494,,,2021-10-17 20:35:00
5448344.808185706,0.0,134.0,,0.8,90.0,0.3566,,,2021-10-17 20:40:00
5448345.808307881,0.0,132.0,,0.8,90.0,0.3464,,,2021-10-17 20:45:00
5448346.808430055,0.0,130.0,,0.8,92.0,0.3308,,,2021-10-17 20:50:00
5448347.80855223,0.0,128.0,,0.8,90.0,0.2569,,,2021-10-17 20:55:00
5448348.808674404,0.0,124.0,,0.8,89.0,0.3154,,,2021-10-17 21:00:00
5448349.808796579,0.0,123.0,,0.8,97.0,0.2946,,,2021-10-17 21:05:00
5448350.808918754,0.0,120.0,,0.8,93.0,0.2486,,,2021-10-17 21:10:00
5448351.809040928,0.0,115.0,,0.8,87.0,0.23672,,,2021-10-17 21:15:00
5448352.809163103,0.0,111.0,82.0,0.8,93.0,0.10702,,,2021-10-17 21:20:00
5448353.809285278,0.0,107.0,,0.8,101.0,0.04528,,,2021-10-17 21:25:00
5448354.809407453,0.0,104.0,,0.8,103.0,0.08272,,,2021-10-17 21:30:00
5448355.809529628,0.0,94.0,,0.8,86.0,0.1362,,,2021-10-17 21:35:00
5448356.809651802,0.0,92.0,,0.8,117.0,0.0737,,,2021-10-17 21:40:00
5448357.809773977,0.0,91.0,,0.8,137.0,0.04224,,,2021-10-17 21:45:00
5448358.809896152,0.0,92.0,,0.8,86.0,0.04116,,,2021-10-17 21:50:00
5448359.810018326,0.0,93.0,,0.8,89.0,0.02872,,,2021-10-17 21:55:00
5448360.810140501,0.0,93.0,,0.8,82.0,0.009168,,,2021-10-17 22:00:00
5448361.810262675,0.0,93.0,,0.8,102.0,0.006508,,,2021-10-17 22:05:00
5448362.81038485,0.0,87.0,,0.8,94.0,0.000546,,,2021-10-17 22:10:00
5448363.810507025,0.0,81.0,,0.8,107.0,8.2e-05,,,2021-10-17 22:15:00
5448364.8106292,0.0,78.0,,0.8,79.0,9.1e-05,,,2021-10-17 22:20:00
5448365.810751375,0.0,77.0,,0.8,95.0,0.000136,,,2021-10-17 22:25:00
5448366.810873549,0.0,75.0,,0.8,83.0,0.000219,,,2021-10-17 22:30:00
5448367.810995724,0.0,74.0,,0.8,81.0,0.000275,,,2021-10-17 22:35:00
5448368.811117899,0.0,74.0,,0.8,81.0,0.000688,,,2021-10-17 22:40:00
5448369.811240073,0.0,76.0,,0.8,80.0,0.002902,,,2021-10-17 22:45:00
5448370.811362248,0.0,78.0,,0.8,80.0,0.012396,,,2021-10-17 22:50:00
5448371.811484423,0.0,79.0,,0.8,80.0,0.03174,,,2021-10-17 22:55:00
5448372.811606597,0.0,80.0,,0.8,80.0,0.08586,,,2021-10-17 23:00:00
5448373.811728772,0.0,78.0,,0.8,97.0,0.034024,,,2021-10-17 23:05:00
5448374.811850947,0.0,74.0,,0.8,117.0,0.00234,,,2021-10-17 23:10:00
5448375.811973122,0.0,72.0,,0.8,77.0,0.002128,,,2021-10-17 23:15:00
5448376.812095297,0.0,71.0,,0.8,76.0,0.002138,,,2021-10-17 23:20:00
5448377.812217471,0.0,69.0,,0.8,75.0,0.001994,,,2021-10-17 23:25:00
5448378.812339646,0.0,70.0,,0.8,76.0,0.001804,,,2021-10-17 23:30:00
5448379.81246182,0.0,69.0,,0.8,76.0,0.001734,,,2021-10-17 23:35:00
5448380.812583995,0.0,67.0,,0.8,76.0,0.002054,,,2021-10-17 23:40:00
5448381.81270617,0.0,66.0,,0.8,76.0,0.004876,,,2021-10-17 23:45:00
5448382.812828344,0.0,65.0,,0.8,75.0,0.01156,,,2021-10-17 23:50:00
5448383.812950519,0.0,65.0,,0.8,75.0,0.009928,,,2021-10-17 23:55:00
5448384.813072694,0.0,65.0,,1.5,85.0,0.0455,,,2021-10-18 00:00:00
5448385.813194869,0.0,65.0,,1.5,76.0,0.09,,,2021-10-18 00:05:00
5448386.813317044,0.0,64.0,,1.5,76.0,0.1462,,,2021-10-18 00:10:00
5448387.813439218,0.0,64.0,,1.5,75.0,0.09212,,,2021-10-18 00:15:00
5448388.813561393,0.0,65.0,,1.5,75.0,0.06624,,,2021-10-18 00:20:00
5448389.813683568,0.0,65.0,,1.5,75.0,0.03562,,,2021-10-18 00:25:00
5448390.813805742,0.0,65.0,,1.5,75.0,0.03994,,,2021-10-18 00:30:00
5448391.813927917,0.0,65.0,,1.5,73.0,0.1281,,,2021-10-18 00:35:00
5448392.814050091,0.0,65.0,,1.5,74.0,0.11436,,,2021-10-18 00:40:00
5448393.814172266,0.0,64.0,,1.5,74.0,0.16022,,,2021-10-18 00:45:00
5448394.814294441,0.0,64.0,,1.5,72.0,0.11584,,,2021-10-18 00:50:00
5448395.814416616,0.0,64.0,,1.5,74.0,0.036418,,,2021-10-18 00:55:00
5448396.814538791,0.0,65.0,,1.5,70.0,0.00144,,,2021-10-18 01:00:00
5448397.814660965,0.0,65.0,,1.5,70.0,0.00027,,,2021-10-18 01:05:00
5448398.81478314,0.0,65.0,,1.5,70.0,8.2e-05,,,2021-10-18 01:10:00
5448399.814905315,0.0,65.0,,1.5,70.0,6.6e-05,,,2021-10-18 01:15:00
5448400.815027489,0.0,64.0,,1.5,70.0,0.000299,,,2021-10-18 01:20:00
5448401.815149664,0.0,63.0,,1.5,71.0,0.000677,,,2021-10-18 01:25:00
5448402.815271839,0.0,62.0,,1.5,71.0,0.003428,,,2021-10-18 01:30:00
5448403.815394013,0.0,62.0,,1.5,71.0,0.005414,,,2021-10-18 01:35:00
5448404.815516188,0.0,61.0,,1.5,75.0,0.004152,,,2021-10-18 01:40:00
5448405.815638363,0.0,61.0,,1.5,77.0,0.257363,,,2021-10-18 01:45:00
5448406.815760538,0.0,60.0,,1.5,76.0,2.914,,,2021-10-18 01:50:00
5448407.815882713,0.0,60.0,,1.5,75.0,5.228,,,2021-10-18 01:55:00
5448408.816004887,0.0,59.0,,1.5,71.0,7.644,,,2021-10-18 02:00:00
5448409.816127062,0.0,59.0,,1.5,69.0,8.666,,,2021-10-18 02:05:00
5448410.816249236,0.0,59.0,,1.5,93.0,8.162,,,2021-10-18 02:10:00
5448411.816371411,0.0,58.0,,1.5,97.0,7.366,,,2021-10-18 02:15:00
5448412.816493586,0.0,58.0,,1.5,80.0,7.866,,,2021-10-18 02:20:00
5448413.81661576,0.0,59.0,49.0,1.5,81.0,18.36,,,2021-10-18 02:25:00
5448414.816737935,0.0,59.0,,1.5,82.0,19.2,,,2021-10-18 02:30:00
5448415.81686011,0.0,59.0,52.0,1.5,77.0,14.54,,,2021-10-18 02:35:00
5448416.816982285,0.0,64.0,,1.5,67.0,11.86,,,2021-10-18 02:40:00
5448417.81710446,0.0,74.0,,1.5,70.0,10.66,,,2021-10-18 02:45:00
5448418.817226634,0.0,89.0,,1.5,91.0,8.684,,,2021-10-18 02:50:00
5448419.817348809,0.0,103.0,,1.5,118.0,7.676,,,2021-10-18 02:55:00
5448420.817470984,0.0,114.0,,1.55,69.0,6.968,25.0,,2021-10-18 03:00:00
5448421.817593158,0.0,122.0,,1.55,72.0,6.206,,,2021-10-18 03:05:00
5448422.817715333,0.0,129.0,,1.55,71.0,5.538,,,2021-10-18 03:10:00
5448423.817837507,0.0,136.0,,1.55,70.0,4.712,,,2021-10-18 03:15:00
5448424.817959682,0.0,142.0,,1.55,71.0,4.3,,,2021-10-18 03:20:00
5448425.818081857,0.0,147.0,,1.55,74.0,4.002,,,2021-10-18 03:25:00
5448426.818204032,0.0,151.0,,1.55,74.0,3.766,,,2021-10-18 03:30:00
5448427.818326207,0.0,155.0,,1.55,71.0,3.326,,,2021-10-18 03:35:00
5448428.8184483815,0.0,159.0,,1.55,74.0,2.86,,,2021-10-18 03:40:00
5448429.818570556,0.0,161.0,,1.55,73.0,2.58,,,2021-10-18 03:45:00
5448430.818692731,0.0,163.0,,1.55,70.0,2.412,,,2021-10-18 03:50:00
5448431.818814905,0.0,163.0,,1.55,71.0,2.012,,,2021-10-18 03:55:00
5448432.81893708,0.0,165.0,,1.55,70.0,1.644,,,2021-10-18 04:00:00
5448433.819059255,0.0,166.0,,1.55,69.0,1.334,,,2021-10-18 04:05:00
5448434.819181429,0.0,166.0,,1.55,71.0,1.005,,,2021-10-18 04:10:00
5448435.819303604,0.0,167.0,,1.55,70.0,0.724,,,2021-10-18 04:15:00
5448436.819425778,0.0,166.0,,1.55,70.0,0.4562,,,2021-10-18 04:20:00
5448437.819547954,0.0,166.0,,1.55,70.0,0.2024,,,2021-10-18 04:25:00
5448438.819670129,0.0,166.0,,1.55,70.0,0.043592,,,2021-10-18 04:30:00
5448439.819792303,0.0,166.0,,1.55,70.0,0.001154,,,2021-10-18 04:35:00
5448440.819914478,0.0,166.0,,1.55,69.0,0.000102,,,2021-10-18 04:40:00
5448441.8200366525,0.0,167.0,,1.55,69.0,6.9e-05,,,2021-10-18 04:45:00
5448442.820158827,0.0,168.0,,1.55,69.0,6.3e-05,,,2021-10-18 04:50:00
5448443.820281002,0.0,169.0,,1.55,72.0,9.2e-05,,,2021-10-18 04:55:00
5448444.820403176,0.0,170.0,,1.55,91.0,0.00014,,,2021-10-18 05:00:00
5448445.820525351,0.0,170.0,,1.55,97.0,0.000147,,,2021-10-18 05:05:00
5448446.820647526,0.0,169.0,,1.55,,,,,2021-10-18 05:10:00
5448447.820769701,0.0,171.0,,1.55,,,,,2021-10-18 05:15:00
5448448.820891876,0.0,173.0,,1.55,,,,,2021-10-18 05:20:00
5448449.82101405,0.0,175.0,,1.55,,,,,2021-10-18 05:25:00
5448450.821136225,0.0,178.0,,1.55,,,,,2021-10-18 05:30:00
5448451.8212584,0.0,184.0,,1.55,,,,,2021-10-18 05:35:00
5448452.821380574,0.0,191.0,252.0,1.55,,,,12.7,2021-10-18 05:40:00
5448453.821502749,0.0,197.0,,1.55,,,,,2021-10-18 05:45:00
5448454.8216249235,0.0,203.0,,1.55,,,13.0,,2021-10-18 05:50:00
5448455.821747098,0.0,235.0,,1.55,,,,,2021-10-18 05:55:00
5448456.821869273,0.0,240.0,,1.55,,,,,2021-10-18 06:00:00
5448457.821991447,0.0,246.0,,1.55,,,,,2021-10-18 06:05:00
5448458.822113623,0.0,252.0,,1.55,,,,,2021-10-18 06:10:00
5448459.8222357975,0.0,258.0,,1.55,,,,,2021-10-18 06:15:00
5448460.822357972,0.0,262.0,,1.55,,,,,2021-10-18 06:20:00
5448461.822480147,0.0,264.0,,1.55,,,,,2021-10-18 06:25:00
5448462.822602321,0.0,251.0,,1.55,,,,,2021-10-18 06:30:00
5448463.822724496,0.0,253.0,,1.55,106.0,0.14955,,,2021-10-18 06:35:00
5448464.822846671,0.0,250.0,,1.55,107.0,0.18852,,,2021-10-18 06:40:00
5448465.822968845,0.0,248.0,232.0,1.55,102.0,2.3344,,,2021-10-18 06:45:00
5448466.82309102,0.0,253.0,,1.55,93.0,6.748,,,2021-10-18 06:50:00
5448467.8232131945,0.0,256.0,,1.55,91.0,6.246,,,2021-10-18 06:55:00
5448468.82333537,0.0,257.0,,1.55,91.0,3.372,,,2021-10-18 07:00:00
5448469.823457545,0.0,257.0,,1.55,90.0,1.704,,,2021-10-18 07:05:00
5448470.823579719,0.0,257.0,,1.55,85.0,0.7156,,,2021-10-18 07:10:00
5448471.823701894,0.0,258.0,,1.55,105.0,0.801,,,2021-10-18 07:15:00
5448472.8238240685,0.0,258.0,,1.55,108.0,1.862,,,2021-10-18 07:20:00
5448473.823946243,0.0,258.0,,1.55,97.0,1.568,,,2021-10-18 07:25:00
5448474.824068418,0.0,257.0,,1.2,98.0,1.0562,,,2021-10-18 07:30:00
5448475.824190592,0.0,253.0,,1.2,99.0,0.6864,,,2021-10-18 07:35:00
5448476.824312767,0.0,247.0,,1.2,101.0,0.539,,,2021-10-18 07:40:00
5448477.824434942,0.0,248.0,,1.2,97.0,0.4716,,,2021-10-18 07:45:00
5448478.824557117,0.0,247.0,,1.2,102.0,0.3252,,,2021-10-18 07:50:00
5448479.824679292,0.0,247.0,233.0,1.2,103.0,0.3188,,10.9,2021-10-18 07:55:00
5448480.824801466,0.0,247.0,,1.2,96.0,0.4662,,,2021-10-18 08:00:00
5448481.824923641,0.0,246.0,,1.2,102.0,0.8666,,,2021-10-18 08:05:00
5448482.825045816,0.0,246.0,,1.2,101.0,1.027,,,2021-10-18 08:10:00
5448483.82516799,0.0,246.0,,1.2,101.0,0.8066,,,2021-10-18 08:15:00
5448484.825290165,0.0,244.0,,1.2,100.0,0.7794,,,2021-10-18 08:20:00
5448485.8254123395,0.0,245.0,,1.2,92.0,0.3752,,,2021-10-18 08:25:00
5448486.825534514,0.0,244.0,,1.2,93.0,0.289,,,2021-10-18 08:30:00
5448487.825656689,0.0,244.0,,1.2,91.0,0.1986,,,2021-10-18 08:35:00
5448488.825778863,0.0,243.0,,1.2,106.0,0.1758,,,2021-10-18 08:40:00
5448489.825901039,0.0,243.0,,1.2,106.0,0.2496,,,2021-10-18 08:45:00
5448490.826023214,0.0,243.0,,1.2,101.0,0.1921,,,2021-10-18 08:50:00
5448491.826145388,0.0,241.0,,1.2,101.0,0.14548,,,2021-10-18 08:55:00
5448492.826267563,0.0,238.0,,1.2,103.0,0.20278,,,2021-10-18 09:00:00
5448493.826389737,0.0,233.0,,1.2,97.0,0.19,,,2021-10-18 09:05:00
5448494.826511912,0.0,232.0,,1.2,98.0,0.1562,,,2021-10-18 09:10:00
5448495.826634087,0.0,230.0,,1.2,98.0,0.1828,,,2021-10-18 09:15:00
5448496.826756261,0.0,229.0,,1.2,94.0,0.2154,,,2021-10-18 09:20:00
5448497.826878436,0.0,227.0,,1.2,94.0,0.344,,,2021-10-18 09:25:00
5448498.8270006105,0.0,224.0,,1.2,94.0,0.2676,,,2021-10-18 09:30:00
5448499.827122786,0.0,221.0,,1.2,92.0,0.1784,,,2021-10-18 09:35:00
5448500.827244961,0.0,221.0,,1.2,93.0,0.184,,,2021-10-18 09:40:00
5448501.827367135,0.0,219.0,,1.2,93.0,0.1908,,,2021-10-18 09:45:00
5448502.82748931,0.0,218.0,,1.2,96.0,0.19126,,,2021-10-18 09:50:00
5448503.827611485,0.0,216.0,224.0,1.2,99.0,0.12666,,2.6,2021-10-18 09:55:00
5448504.827733659,0.0,214.0,,1.0,94.0,0.13,,,2021-10-18 10:00:00
5448505.827855834,0.0,217.0,,1.0,91.0,0.1472,,,2021-10-18 10:05:00
5448506.827978008,0.0,215.0,,1.0,92.0,0.1402,,,2021-10-18 10:10:00
5448507.828100183,0.0,212.0,,1.0,84.0,0.1358,,,2021-10-18 10:15:00
5448508.828222358,0.0,211.0,,1.0,92.0,0.1296,,,2021-10-18 10:20:00
5448509.828344532,0.0,209.0,,1.0,92.0,0.1264,,,2021-10-18 10:25:00
5448510.828466708,0.0,206.0,,1.0,91.0,0.10678,,,2021-10-18 10:30:00
5448511.828588882,0.0,202.0,,1.0,97.0,0.07938,,,2021-10-18 10:35:00
5448512.828711057,0.0,199.0,,1.0,99.0,0.05994,,,2021-10-18 10:40:00
5448513.828833232,0.0,196.0,,1.0,93.0,0.06132,,,2021-10-18 10:45:00
5448514.828955406,0.0,195.0,,1.0,90.0,0.09408,,,2021-10-18 10:50:00
5448515.829077581,0.0,191.0,,1.0,87.0,0.111,,,2021-10-18 10:55:00
5448516.829199756,0.0,188.0,,1.0,93.0,0.11342,,,2021-10-18 11:00:00
5448517.82932193,0.0,185.0,,1.0,90.0,0.1224,,,2021-10-18 11:05:00
5448518.829444105,0.0,182.0,168.0,1.0,91.0,0.1144,,,2021-10-18 11:10:00
5448519.829566279,0.0,178.0,,1.0,91.0,0.1158,,,2021-10-18 11:15:00
5448520.829688455,0.0,176.0,,1.0,94.0,0.10288,,,2021-10-18 11:20:00
5448521.82981063,0.0,174.0,,1.0,100.0,0.08238,,,2021-10-18 11:25:00
5448522.829932804,0.0,171.0,168.0,0.7,106.0,0.04626,18.0,4.6,2021-10-18 11:30:00
5448523.830054979,0.0,171.0,,0.7,101.0,0.04954,,,2021-10-18 11:35:00
5448524.830177153,0.0,168.0,,0.7,99.0,0.05648,,,2021-10-18 11:40:00
5448525.830299328,0.0,166.0,,0.7,97.0,0.0544,,,2021-10-18 11:45:00
5448526.830421503,0.0,166.0,,0.7,98.0,0.03728,,,2021-10-18 11:50:00
5448527.830543677,0.0,165.0,,0.7,89.0,0.0194,,,2021-10-18 11:55:00
5448528.830665852,0.0,165.0,,0.7,100.0,0.0186,,,2021-10-18 12:00:00
5448529.830788027,0.0,166.0,,0.7,95.0,0.01706,,,2021-10-18 12:05:00
5448530.830910201,0.0,166.0,,0.7,94.0,0.01326,,,2021-10-18 12:10:00
5448531.831032377,0.0,167.0,,0.7,90.0,0.02112,,,2021-10-18 12:15:00
5448532.831154551,0.0,168.0,,0.7,89.0,0.01636,,,2021-10-18 12:20:00
5448533.831276726,0.0,169.0,,0.7,91.0,0.011224,,,2021-10-18 12:25:00
5448534.831398901,0.0,169.0,,0.7,91.0,0.0083,,,2021-10-18 12:30:00
5448535.831521075,0.0,168.0,,0.7,97.0,0.007434,,,2021-10-18 12:35:00
5448536.83164325,0.0,168.0,,0.7,93.0,0.006326,,,2021-10-18 12:40:00
5448537.831765424,0.0,168.0,,0.7,91.0,0.004468,,,2021-10-18 12:45:00
5448538.831887599,0.0,167.0,,0.7,97.0,0.003778,,,2021-10-18 12:50:00
5448539.832009774,0.0,165.0,,0.7,96.0,0.005414,,,2021-10-18 12:55:00
5448540.832131948,0.0,163.0,,0.7,93.0,0.003596,,,2021-10-18 13:00:00
5448541.832254124,0.0,162.0,,0.7,91.0,0.004338,,,2021-10-18 13:05:00
5448542.8323762985,0.0,161.0,,0.7,89.0,0.003146,,,2021-10-18 13:10:00
5448543.832498473,0.0,160.0,,0.7,83.0,0.002844,,,2021-10-18 13:15:00
5448544.832620648,0.0,160.0,,0.7,87.0,0.003106,,,2021-10-18 13:20:00
5448545.832742822,0.0,159.0,,0.7,87.0,0.003308,,,2021-10-18 13:25:00
5448546.832864997,0.0,159.0,,0.7,90.0,0.003172,,,2021-10-18 13:30:00
5448547.832987172,0.0,158.0,165.0,0.7,91.0,0.00324,,,2021-10-18 13:35:00
5448548.833109346,0.0,159.0,,0.7,96.0,0.00307,,,2021-10-18 13:40:00
5448549.833231521,0.0,159.0,,0.7,107.0,0.002516,,,2021-10-18 13:45:00
5448550.833353695,0.0,161.0,,0.7,105.0,0.007236,,,2021-10-18 13:50:00
5448551.833475871,0.0,160.0,,0.7,91.0,0.004684,,,2021-10-18 13:55:00
5448552.833598046,0.0,160.0,,0.7,89.0,0.00355,,,2021-10-18 14:00:00
5448553.83372022,0.0,161.0,,0.7,89.0,0.001936,,,2021-10-18 14:05:00
5448554.833842395,0.0,163.0,,0.7,90.0,0.001766,,,2021-10-18 14:10:00
5448555.8339645695,0.0,164.0,,0.7,90.0,0.001476,,,2021-10-18 14:15:00
5448556.834086744,0.0,164.0,,0.7,89.0,0.00179,,,2021-10-18 14:20:00
5448557.834208919,0.0,166.0,,0.7,94.0,0.001414,,,2021-10-18 14:25:00
5448558.834331093,0.0,168.0,,0.7,97.0,0.001582,,,2021-10-18 14:30:00
5448559.834453268,0.0,168.0,,0.7,98.0,0.001032,,,2021-10-18 14:35:00
5448560.834575443,0.0,168.0,,0.7,90.0,0.001456,,,2021-10-18 14:40:00
5448561.834697617,0.0,171.0,,0.7,88.0,0.001486,,,2021-10-18 14:45:00
5448562.834819793,0.0,174.0,,0.7,88.0,0.001396,,,2021-10-18 14:50:00
5448563.834941967,0.0,177.0,,0.7,87.0,0.00134,,,2021-10-18 14:55:00
5448564.835064142,0.0,179.0,,0.7,88.0,0.001216,,,2021-10-18 15:00:00
5448565.835186317,0.0,181.0,,0.7,88.0,0.00133,,,2021-10-18 15:05:00
5448566.835308491,0.0,184.0,,0.7,87.0,0.001448,,,2021-10-18 15:10:00
5448567.835430666,0.0,186.0,,0.7,99.0,0.001271,,,2021-10-18 15:15:00
5448568.8355528405,0.0,187.0,,0.7,100.0,0.003974,,,2021-10-18 15:20:00
5448569.835675015,0.0,187.0,,0.7,99.0,0.046224,,,2021-10-18 15:25:00
5448570.83579719,0.0,187.0,,0.7,93.0,0.2258,,,2021-10-18 15:30:00
5448571.835919364,0.0,187.0,,0.7,88.0,0.04124,,,2021-10-18 15:35:00
5448572.83604154,0.0,191.0,,0.7,87.0,0.02136,,,2021-10-18 15:40:00
5448573.8361637145,0.0,196.0,,0.7,84.0,0.02932,,,2021-10-18 15:45:00
5448574.836285889,0.0,198.0,197.0,0.7,95.0,0.0268,,8.9,2021-10-18 15:50:00
5448575.836408064,0.0,199.0,,0.7,101.0,0.02872,,,2021-10-18 15:55:00
5448576.836530238,0.0,198.0,,0.7,92.0,0.0325,,,2021-10-18 16:00:00
5448577.836652413,0.0,198.0,,0.7,91.0,0.02262,,,2021-10-18 16:05:00
5448578.836774588,0.0,197.0,,0.7,98.0,0.015274,,,2021-10-18 16:10:00
5448579.836896762,0.0,196.0,,0.7,94.0,0.0135,,,2021-10-18 16:15:00
5448580.837018937,0.0,193.0,,0.7,94.0,0.011588,,,2021-10-18 16:20:00
5448581.8371411115,0.0,191.0,,0.7,102.0,0.01264,,,2021-10-18 16:25:00
5448582.837263286,0.0,190.0,,0.7,104.0,0.02246,,,2021-10-18 16:30:00
5448583.837385462,0.0,186.0,,0.7,99.0,0.03062,,,2021-10-18 16:35:00
5448584.837507636,0.0,181.0,,0.7,102.0,0.01948,,,2021-10-18 16:40:00
5448585.837629811,0.0,177.0,,0.7,98.0,0.02178,,,2021-10-18 16:45:00
5448586.8377519855,0.0,174.0,,0.7,99.0,0.01394,,,2021-10-18 16:50:00
5448587.83787416,0.0,172.0,,0.7,104.0,0.0296,,,2021-10-18 16:55:00
5448588.837996335,0.0,170.0,,0.7,110.0,0.11498,,,2021-10-18 17:00:00
5448589.838118509,0.0,165.0,,0.7,101.0,0.48988,,,2021-10-18 17:05:00
5448590.838240684,0.0,161.0,,0.7,108.0,0.07536,,,2021-10-18 17:10:00
5448591.838362859,0.0,158.0,,0.7,108.0,0.06764,,,2021-10-18 17:15:00
5448592.838485033,0.0,155.0,,0.7,108.0,0.58102,,,2021-10-18 17:20:00
5448593.838607209,0.0,153.0,,0.7,102.0,1.662,,,2021-10-18 17:25:00
5448594.838729383,0.0,149.0,,0.7,111.0,0.6506,,,2021-10-18 17:30:00
5448595.838851558,0.0,147.0,,0.7,97.0,0.3464,,,2021-10-18 17:35:00
5448596.838973733,0.0,145.0,,0.7,95.0,0.315,,,2021-10-18 17:40:00
5448597.839095907,0.0,142.0,,0.7,94.0,0.2308,,,2021-10-18 17:45:00
5448598.839218082,0.0,140.0,,0.7,93.0,0.3624,,,2021-10-18 17:50:00
5448599.8393402565,0.0,138.0,,0.7,90.0,0.3112,,,2021-10-18 17:55:00
5448600.839462431,0.0,137.0,,0.7,92.0,0.1966,,,2021-10-18 18:00:00
5448601.839584606,0.0,136.0,,0.7,91.0,0.1541,,,2021-10-18 18:05:00
5448602.83970678,0.0,136.0,,0.7,104.0,0.072,,,2021-10-18 18:10:00
5448603.839828955,0.0,135.0,,0.7,105.0,0.08076,,,2021-10-18 18:15:00
5448604.839951131,0.0,134.0,156.0,0.7,112.0,0.1232,,,2021-10-18 18:20:00
5448605.840073305,0.0,133.0,,0.7,103.0,0.09236,,,2021-10-18 18:25:00
5448606.84019548,0.0,134.0,,0.8,107.0,0.08582,43.0,,2021-10-18 18:30:00
5448607.840317654,0.0,136.0,156.0,0.8,109.0,0.05362,,4.9,2021-10-18 18:35:00
5448608.840439829,0.0,136.0,,0.8,105.0,0.08422,,,2021-10-18 18:40:00
5448609.840562004,0.0,139.0,,0.8,98.0,0.08682,,,2021-10-18 18:45:00
5448610.840684178,0.0,143.0,,0.8,96.0,0.06648,,,2021-10-18 18:50:00
5448611.840806353,0.0,149.0,,0.8,95.0,0.08018,,,2021-10-18 18:55:00
5448612.8409285275,0.0,155.0,,0.8,94.0,0.06152,,,2021-10-18 19:00:00
5448613.841050702,0.0,161.0,,0.8,94.0,0.05766,,,2021-10-18 19:05:00
5448614.841172878,0.0,167.0,,0.8,94.0,0.02876,,,2021-10-18 19:10:00
5448615.841295052,0.0,171.0,,0.8,97.0,0.04042,,,2021-10-18 19:15:00
5448616.841417227,0.0,173.0,,0.8,94.0,0.05412,,,2021-10-18 19:20:00
5448617.841539402,0.0,175.0,,0.8,93.0,0.04792,,,2021-10-18 19:25:00
5448618.841661576,0.0,176.0,,0.8,94.0,0.05302,,,2021-10-18 19:30:00
5448619.841783751,0.0,177.0,,0.8,91.0,0.03794,,,2021-10-18 19:35:00
5448620.841905925,0.0,179.0,,0.8,90.0,0.03214,,,2021-10-18 19:40:00
5448621.8420281,0.0,181.0,,0.8,91.0,0.04478,,,2021-10-18 19:45:00
5448622.842150275,0.0,183.0,,0.8,91.0,0.04402,,,2021-10-18 19:50:00
5448623.842272449,0.0,185.0,,0.8,95.0,0.0323,,,2021-10-18 19:55:00
5448624.842394625,0.0,187.0,,0.8,100.0,0.03286,,,2021-10-18 20:00:00
5448625.842516799,0.0,187.0,,0.8,98.0,0.02544,,,2021-10-18 20:05:00
5448626.842638974,0.0,187.0,,0.8,90.0,0.03036,,,2021-10-18 20:10:00
5448627.842761149,0.0,187.0,,0.8,88.0,0.0299,,,2021-10-18 20:15:00
5448628.842883323,0.0,189.0,216.0,0.8,99.0,0.0242,,7.35,2021-10-18 20:20:00
5448629.843005498,0.0,191.0,,0.8,93.0,0.02814,,,2021-10-18 20:25:00
5448630.843127673,0.0,193.0,,0.8,92.0,0.02968,,,2021-10-18 20:30:00
5448631.843249847,0.0,209.0,,0.8,106.0,0.0222,,,2021-10-18 20:35:00
5448632.843372022,0.0,211.0,,0.8,95.0,0.018334,,,2021-10-18 20:40:00
5448633.843494196,0.0,211.0,,0.8,93.0,0.0168,,,2021-10-18 20:45:00
5448634.843616371,0.0,210.0,,0.8,95.0,0.019282,,,2021-10-18 20:50:00
5448635.843738547,0.0,210.0,,0.8,89.0,0.02184,,,2021-10-18 20:55:00
5448636.843860721,0.0,205.0,,0.8,89.0,0.01713,,,2021-10-18 21:00:00
5448637.843982896,0.0,201.0,,0.8,90.0,0.0135,,,2021-10-18 21:05:00
5448638.84410507,0.0,197.0,,0.8,89.0,0.01191,,,2021-10-18 21:10:00
5448639.844227245,0.0,190.0,,0.8,88.0,0.009614,,,2021-10-18 21:15:00
5448640.84434942,0.0,183.0,,0.8,104.0,0.01572,,,2021-10-18 21:20:00
5448641.844471594,0.0,176.0,,0.8,93.0,0.012598,,,2021-10-18 21:25:00
5448642.844593769,0.0,166.0,,0.8,89.0,0.011346,,,2021-10-18 21:30:00
5448643.844715944,0.0,154.0,,0.8,88.0,0.01344,,,2021-10-18 21:35:00
5448644.844838118,0.0,144.0,,0.8,87.0,0.011178,,,2021-10-18 21:40:00
5448645.844960294,0.0,135.0,,0.8,87.0,0.012592,,,2021-10-18 21:45:00
5448646.845082468,0.0,130.0,,0.8,92.0,0.01536,,,2021-10-18 21:50:00
5448647.845204643,0.0,125.0,,0.8,90.0,0.01882,,,2021-10-18 21:55:00
5448648.845326818,0.0,121.0,,0.8,100.0,0.014776,,,2021-10-18 22:00:00
5448649.845448992,0.0,117.0,,0.8,103.0,0.01946,,,2021-10-18 22:05:00
5448650.845571167,0.0,112.0,74.0,0.8,106.0,0.02004,,,2021-10-18 22:10:00
5448651.845693341,0.0,108.0,,0.8,98.0,0.015554,,,2021-10-18 22:15:00
5448652.845815516,0.0,88.0,,0.8,95.0,0.0359,,,2021-10-18 22:20:00
5448653.845937691,0.0,84.0,,0.8,87.0,0.0184,,,2021-10-18 22:25:00
5448654.846059865,0.0,79.0,,0.8,83.0,0.01942,,,2021-10-18 22:30:00
5448655.84618204,0.0,76.0,,0.8,83.0,0.01794,,,2021-10-18 22:35:00
5448656.8463042155,0.0,76.0,,0.8,83.0,0.008614,,,2021-10-18 22:40:00
5448657.84642639,0.0,76.0,,0.8,84.0,0.00511,,,2021-10-18 22:45:00
5448658.846548565,0.0,77.0,,0.8,84.0,0.005722,,,2021-10-18 22:50:00
5448659.846670739,0.0,77.0,,0.8,83.0,0.005948,,,2021-10-18 22:55:00
5448660.846792914,0.0,77.0,,0.8,91.0,0.006076,,,2021-10-18 23:00:00
5448661.846915089,0.0,77.0,,0.8,89.0,0.003714,,,2021-10-18 23:05:00
5448662.847037263,0.0,75.0,,0.8,84.0,0.003762,,,2021-10-18 23:10:00
5448663.847159438,0.0,73.0,,0.8,82.0,0.01008,,,2021-10-18 23:15:00
5448664.847281612,0.0,73.0,,0.8,81.0,0.01234,,,2021-10-18 23:20:00
5448665.847403787,0.0,75.0,,0.8,81.0,0.0178,,,2021-10-18 23:25:00
5448666.847525963,0.0,78.0,,0.8,125.0,0.02886,,,2021-10-18 23:30:00
5448667.847648137,0.0,81.0,,0.8,104.0,0.02239,,,2021-10-18 23:35:00
5448668.847770312,0.0,83.0,,0.8,79.0,0.004754,,,2021-10-18 23:40:00
5448669.8478924865,0.0,83.0,,0.8,79.0,0.01047,,,2021-10-18 23:45:00
5448670.848014661,0.0,81.0,,0.8,81.0,0.01402,,,2021-10-18 23:50:00
5448671.848136836,0.0,80.0,,0.8,80.0,0.0166,,,2021-10-18 23:55:00
5448672.84825901,0.0,78.0,,1.5,79.0,0.0149,,,2021-10-19 00:00:00
5448673.848381185,0.0,76.0,,1.5,79.0,0.02056,,,2021-10-19 00:05:00
5448674.84850336,0.0,75.0,,1.5,80.0,0.02552,,,2021-10-19 00:10:00
5448675.848625534,0.0,73.0,,1.5,95.0,0.02728,,,2021-10-19 00:15:00
5448676.848747709,0.0,72.0,,1.5,91.0,0.0198,,,2021-10-19 00:20:00
5448677.848869884,0.0,73.0,,1.5,84.0,0.0358,,,2021-10-19 00:25:00
5448678.848992059,0.0,74.0,,1.5,122.0,0.02514,,,2021-10-19 00:30:00
5448679.849114234,0.0,75.0,,1.5,80.0,0.01706,,,2021-10-19 00:35:00
5448680.849236408,0.0,76.0,,1.5,77.0,0.01286,,,2021-10-19 00:40:00
5448681.849358583,0.0,75.0,,1.5,77.0,0.01298,,,2021-10-19 00:45:00
5448682.8494807575,0.0,74.0,,1.5,78.0,0.01708,,,2021-10-19 00:50:00
5448683.849602932,0.0,73.0,,1.5,76.0,0.01158,,,2021-10-19 00:55:00
5448684.849725107,0.0,74.0,,1.5,76.0,0.010292,,,2021-10-19 01:00:00
5448685.849847281,0.0,75.0,,1.5,77.0,0.01016,,,2021-10-19 01:05:00
5448686.849969456,0.0,75.0,,1.5,76.0,0.008694,,,2021-10-19 01:10:00
5448687.8500916315,0.0,75.0,,1.5,77.0,0.009772,,,2021-10-19 01:15:00
5448688.850213806,0.0,76.0,,1.5,95.0,0.009186,,,2021-10-19 01:20:00
5448689.850335981,0.0,76.0,,1.5,104.0,0.009586,,,2021-10-19 01:25:00
5448690.850458155,0.0,74.0,,1.5,101.0,0.009604,,,2021-10-19 01:30:00
5448691.85058033,0.0,75.0,,1.5,84.0,0.010004,,,2021-10-19 01:35:00
5448692.850702505,0.0,75.0,,1.5,79.0,0.00909,,,2021-10-19 01:40:00
5448693.850824679,0.0,76.0,,1.5,76.0,0.005748,,,2021-10-19 01:45:00
5448694.850946854,0.0,77.0,,1.5,74.0,0.005816,,,2021-10-19 01:50:00
5448695.8510690285,0.0,79.0,,1.5,77.0,0.006,,,2021-10-19 01:55:00
5448696.851191203,0.0,82.0,,1.5,77.0,0.006274,,,2021-10-19 02:00:00
5448697.851313378,0.0,85.0,,1.5,76.0,0.006684,,,2021-10-19 02:05:00
5448698.851435553,0.0,88.0,,1.5,77.0,0.006932,,,2021-10-19 02:10:00
5448699.851557728,0.0,91.0,,1.5,77.0,0.007832,,,2021-10-19 02:15:00
5448700.8516799025,0.0,94.0,,1.5,108.0,0.01266,,,2021-10-19 02:20:00
5448701.851802077,0.0,95.0,,1.5,156.0,0.01138,,,2021-10-19 02:25:00
5448702.851924252,0.0,97.0,,1.5,116.0,0.009688,,,2021-10-19 02:30:00
5448703.852046426,0.0,97.0,,1.5,135.0,0.00815,,,2021-10-19 02:35:00
5448704.852168601,0.0,97.0,,1.5,122.0,0.00803,,,2021-10-19 02:40:00
5448705.852290776,0.0,96.0,,1.5,136.0,0.008312,,,2021-10-19 02:45:00
5448706.85241295,0.0,96.0,,1.5,136.0,0.008544,,,2021-10-19 02:50:00
5448707.852535125,0.0,96.0,,1.5,79.0,0.006444,,,2021-10-19 02:55:00
5448708.8526573,0.0,96.0,,1.55,74.0,0.00558,,,2021-10-19 03:00:00
5448709.852779475,0.0,97.0,,1.55,74.0,0.005186,,,2021-10-19 03:05:00
5448710.85290165,0.0,97.0,,1.55,77.0,0.004906,,,2021-10-19 03:10:00
5448711.853023824,0.0,96.0,,1.55,77.0,0.0051,,,2021-10-19 03:15:00
5448712.853145999,0.0,96.0,,1.55,74.0,0.006214,,,2021-10-19 03:20:00
5448713.8532681735,0.0,96.0,,1.55,75.0,0.007508,,,2021-10-19 03:25:00
5448714.853390348,0.0,95.0,,1.55,75.0,0.008118,,,2021-10-19 03:30:00
5448715.853512523,0.0,95.0,,1.55,79.0,0.00757,,,2021-10-19 03:35:00
5448716.853634697,0.0,94.0,,1.55,75.0,0.00841,,,2021-10-19 03:40:00
5448717.853756872,0.0,94.0,,1.55,75.0,0.01044,,,2021-10-19 03:45:00
5448718.853879048,0.0,93.0,,1.55,73.0,0.01166,,,2021-10-19 03:50:00
5448719.854001222,0.0,93.0,,1.55,76.0,0.009112,,,2021-10-19 03:55:00
5448720.854123397,0.0,94.0,,1.55,72.0,0.00723,,,2021-10-19 04:00:00
5448721.854245571,0.0,94.0,,1.55,72.0,0.007462,,,2021-10-19 04:05:00
5448722.854367746,0.0,94.0,,1.55,71.0,0.006686,,,2021-10-19 04:10:00
5448723.854489921,0.0,93.0,,1.55,108.0,0.005916,,,2021-10-19 04:15:00
5448724.854612095,0.0,93.0,,1.55,118.0,0.007182,,,2021-10-19 04:20:00
5448725.85473427,0.0,93.0,,1.55,133.0,0.0079,,,2021-10-19 04:25:00
5448726.8548564445,0.0,93.0,,1.55,103.0,0.00898,,,2021-10-19 04:30:00
5448727.854978619,0.0,93.0,,1.55,86.0,0.005826,,,2021-10-19 04:35:00
5448728.855100794,0.0,93.0,,1.55,141.0,0.004954,,,2021-10-19 04:40:00
5448729.855222969,0.0,94.0,,1.55,122.0,0.004954,,,2021-10-19 04:45:00
5448730.855345144,0.0,95.0,,1.55,110.0,0.005464,,,2021-10-19 04:50:00
5448731.855467319,0.0,95.0,,1.55,92.0,0.004866,,,2021-10-19 04:55:00
5448732.855589493,0.0,96.0,,1.55,89.0,0.003563,,,2021-10-19 05:00:00
5448733.855711668,0.0,96.0,,1.55,,,,,2021-10-19 05:05:00
5448734.855833842,0.0,96.0,,1.55,,,,,2021-10-19 05:10:00
5448735.855956017,0.0,98.0,,1.55,,,,,2021-10-19 05:15:00
5448736.856078192,0.0,102.0,,1.55,,,,,2021-10-19 05:20:00
5448737.856200366,0.0,105.0,,1.55,,,,,2021-10-19 05:25:00
5448738.856322541,0.0,106.0,,1.55,,,,,2021-10-19 05:30:00
5448739.856444716,0.0,108.0,,1.55,,,,,2021-10-19 05:35:00
5448740.856566891,0.0,109.0,,1.55,,,,,2021-10-19 05:40:00
5448741.856689066,0.0,111.0,160.0,1.55,,,,10.4,2021-10-19 05:45:00
5448742.85681124,0.0,115.0,,1.55,,,38.0,,2021-10-19 05:50:00
5448743.856933415,0.0,120.0,,1.55,,,,,2021-10-19 05:55:00
5448744.85705559,0.0,144.0,,1.55,,,,,2021-10-19 06:00:00
5448745.857177764,0.0,149.0,,1.55,,,,,2021-10-19 06:05:00
5448746.857299939,0.0,153.0,,1.55,,,,,2021-10-19 06:10:00
5448747.857422113,0.0,156.0,,1.55,,,,,2021-10-19 06:15:00
5448748.857544288,0.0,158.0,,1.55,,,,,2021-10-19 06:20:00
5448749.857666463,0.0,160.0,,1.55,115.0,1.869558,,,2021-10-19 06:25:00
5448750.857788638,0.0,161.0,,1.55,108.0,4.926,,,2021-10-19 06:30:00
5448751.857910813,0.0,158.0,,1.55,101.0,3.14,,,2021-10-19 06:35:00
5448752.858032987,0.0,155.0,,1.55,105.0,1.2684,,,2021-10-19 06:40:00
5448753.858155162,0.0,153.0,,1.55,110.0,0.9408,,,2021-10-19 06:45:00
5448754.858277337,0.0,153.0,,1.55,99.0,0.66468,,,2021-10-19 06:50:00
5448755.858399511,0.0,155.0,,1.55,109.0,1.1322,,,2021-10-19 06:55:00
5448756.858521686,0.0,143.0,,1.55,103.0,0.6662,,,2021-10-19 07:00:00
5448757.858643861,0.0,145.0,,1.55,103.0,0.2878,,,2021-10-19 07:05:00
5448758.858766035,0.0,148.0,,1.55,102.0,0.142436,,,2021-10-19 07:10:00
5448759.85888821,0.0,148.0,,1.55,112.0,0.06488,,,2021-10-19 07:15:00
5448760.859010385,0.0,148.0,,1.55,111.0,0.00646,,,2021-10-19 07:20:00
5448761.85913256,0.0,147.0,,1.55,108.0,0.006608,,,2021-10-19 07:25:00
5448762.859254735,0.0,143.0,,1.2,106.0,0.00466,,,2021-10-19 07:30:00
5448763.859376909,0.0,144.0,,1.2,106.0,0.002612,,,2021-10-19 07:35:00
5448764.859499084,0.0,144.0,,1.2,109.0,0.001234,,,2021-10-19 07:40:00
5448765.859621258,0.0,143.0,,1.2,109.0,0.000236,,,2021-10-19 07:45:00
5448766.859743433,0.0,142.0,,1.2,109.0,0.000153,,,2021-10-19 07:50:00
5448767.859865608,0.0,141.0,,1.2,105.0,8.4e-05,,,2021-10-19 07:55:00
5448768.859987782,0.0,141.0,,1.2,114.0,5.1e-05,,,2021-10-19 08:00:00
5448769.860109957,0.0,142.0,,1.2,113.0,5.8e-05,,,2021-10-19 08:05:00
5448770.860232132,0.0,142.0,,1.2,118.0,6.2e-05,,,2021-10-19 08:10:00
5448771.860354307,0.0,140.0,,1.2,117.0,6.7e-05,,,2021-10-19 08:15:00
5448772.860476482,0.0,137.0,108.0,1.2,109.0,7.9e-05,,7.0,2021-10-19 08:20:00
5448773.860598656,0.0,136.0,,1.2,109.0,0.000109,,,2021-10-19 08:25:00
5448774.860720831,0.0,134.0,,1.2,106.0,7.7e-05,,,2021-10-19 08:30:00
5448775.860843006,0.0,121.0,,1.2,104.0,7.3e-05,,,2021-10-19 08:35:00
5448776.86096518,0.0,122.0,,1.2,104.0,6.8e-05,,,2021-10-19 08:40:00
5448777.861087355,0.0,125.0,,1.2,104.0,6e-05,,,2021-10-19 08:45:00
5448778.861209529,0.0,129.0,,1.2,103.0,6.5e-05,,,2021-10-19 08:50:00
5448779.861331704,0.0,133.0,,1.2,105.0,6.1e-05,,,2021-10-19 08:55:00
5448780.861453879,0.0,138.0,,1.2,108.0,5.3e-05,,,2021-10-19 09:00:00
5448781.861576054,0.0,143.0,,1.2,104.0,5.1e-05,,,2021-10-19 09:05:00
5448782.861698229,0.0,144.0,,1.2,111.0,4.9e-05,,,2021-10-19 09:10:00
5448783.8618204035,0.0,143.0,,1.2,105.0,6.1e-05,,,2021-10-19 09:15:00
5448784.861942578,0.0,141.0,,1.2,104.0,6.5e-05,,,2021-10-19 09:20:00
5448785.862064753,0.0,141.0,,1.2,110.0,5.5e-05,,,2021-10-19 09:25:00
5448786.862186927,0.0,140.0,,1.2,95.0,0.000166,,,2021-10-19 09:30:00
5448787.862309102,0.0,139.0,,1.2,110.0,0.002872,,,2021-10-19 09:35:00
5448788.862431277,0.0,138.0,,1.2,108.0,0.00477,,,2021-10-19 09:40:00
5448789.862553451,0.0,135.0,,1.2,112.0,0.001904,,,2021-10-19 09:45:00
5448790.862675626,0.0,134.0,,1.2,109.0,0.000375,,,2021-10-19 09:50:00
5448791.862797801,0.0,133.0,,1.2,110.0,0.000437,,,2021-10-19 09:55:00
5448792.862919976,0.0,132.0,,1.0,104.0,0.000541,,,2021-10-19 10:00:00
5448793.863042151,0.0,131.0,,1.0,106.0,0.000315,,,2021-10-19 10:05:00
5448794.863164325,0.0,131.0,,1.0,109.0,0.000199,,,2021-10-19 10:10:00
5448795.8632865,0.0,131.0,,1.0,109.0,0.000113,,,2021-10-19 10:15:00
5448796.8634086745,0.0,132.0,,1.0,108.0,0.000122,,,2021-10-19 10:20:00
5448797.863530849,0.0,133.0,,1.0,108.0,9.1e-05,,,2021-10-19 10:25:00
5448798.863653024,0.0,133.0,,1.0,109.0,8.2e-05,,,2021-10-19 10:30:00
5448799.863775198,0.0,133.0,,1.0,111.0,5.4e-05,,,2021-10-19 10:35:00
5448800.863897373,0.0,133.0,,1.0,114.0,4.9e-05,,,2021-10-19 10:40:00
5448801.864019548,0.0,134.0,135.0,1.0,111.0,4.8e-05,,,2021-10-19 10:45:00
5448802.864141723,0.0,133.0,,1.0,103.0,5.5e-05,,,2021-10-19 10:50:00
5448803.864263898,0.0,131.0,,1.0,101.0,5.3e-05,,,2021-10-19 10:55:00
5448804.864386072,0.0,130.0,,1.0,101.0,5.5e-05,,,2021-10-19 11:00:00
5448805.864508247,0.0,129.0,,1.0,103.0,5.1e-05,,,2021-10-19 11:05:00
5448806.864630422,0.0,128.0,,1.0,97.0,6e-05,,,2021-10-19 11:10:00
5448807.864752596,0.0,127.0,,1.0,97.0,6e-05,,,2021-10-19 11:15:00
5448808.864874771,0.0,127.0,,1.0,100.0,5.7e-05,,,2021-10-19 11:20:00
5448809.8649969455,0.0,127.0,,1.0,114.0,5.2e-05,,,2021-10-19 11:25:00
5448810.86511912,0.0,126.0,127.0,0.7,119.0,5.1e-05,10.0,1.8,2021-10-19 11:30:00
5448811.865241295,0.0,127.0,,0.7,111.0,5.1e-05,,,2021-10-19 11:35:00
5448812.86536347,0.0,126.0,,0.7,109.0,5e-05,,,2021-10-19 11:40:00
5448813.865485645,0.0,126.0,,0.7,109.0,5.3e-05,,,2021-10-19 11:45:00
5448814.8656078195,0.0,127.0,,0.7,115.0,5.4e-05,,,2021-10-19 11:50:00
5448815.865729994,0.0,130.0,,0.7,103.0,5e-05,,,2021-10-19 11:55:00
5448816.865852169,0.0,132.0,,0.7,100.0,5.1e-05,,,2021-10-19 12:00:00
5448817.865974343,0.0,134.0,,0.7,107.0,5.2e-05,,,2021-10-19 12:05:00
5448818.866096518,0.0,137.0,,0.7,104.0,5.6e-05,,,2021-10-19 12:10:00
5448819.866218693,0.0,140.0,,0.7,99.0,5.4e-05,,,2021-10-19 12:15:00
5448820.866340867,0.0,144.0,,0.7,104.0,5.1e-05,,,2021-10-19 12:20:00
5448821.866463042,0.0,147.0,,0.7,106.0,5.4e-05,,,2021-10-19 12:25:00
5448822.8665852165,0.0,149.0,,0.7,104.0,6.5e-05,,,2021-10-19 12:30:00
5448823.866707392,0.0,149.0,,0.7,103.0,6.1e-05,,,2021-10-19 12:35:00
5448824.866829567,0.0,149.0,,0.7,107.0,5.6e-05,,,2021-10-19 12:40:00
5448825.866951741,0.0,150.0,,0.7,107.0,0.000138,,,2021-10-19 12:45:00
5448826.867073916,0.0,151.0,,0.7,107.0,0.000126,,,2021-10-19 12:50:00
5448827.8671960905,0.0,151.0,,0.7,101.0,8.8e-05,,,2021-10-19 12:55:00
5448828.867318265,0.0,151.0,,0.7,105.0,7.7e-05,,,2021-10-19 13:00:00
5448829.86744044,0.0,152.0,,0.7,109.0,5.8e-05,,,2021-10-19 13:05:00
5448830.867562614,0.0,153.0,,0.7,100.0,5.4e-05,,,2021-10-19 13:10:00
5448831.867684789,0.0,155.0,,0.7,98.0,5.1e-05,,,2021-10-19 13:15:00
5448832.867806964,0.0,156.0,,0.7,99.0,5.1e-05,,,2021-10-19 13:20:00
5448833.867929139,0.0,160.0,,0.7,100.0,5.5e-05,,,2021-10-19 13:25:00
5448834.868051314,0.0,162.0,,0.7,99.0,5.6e-05,,,2021-10-19 13:30:00
5448835.868173488,0.0,164.0,,0.7,109.0,4.8e-05,,,2021-10-19 13:35:00
5448836.868295663,0.0,166.0,,0.7,116.0,4.7e-05,,,2021-10-19 13:40:00
5448837.868417838,0.0,165.0,,0.7,105.0,4.9e-05,,,2021-10-19 13:45:00
5448838.868540012,0.0,165.0,,0.7,107.0,5.1e-05,,,2021-10-19 13:50:00
5448839.868662187,0.0,168.0,,0.7,108.0,5.1e-05,,,2021-10-19 13:55:00
5448840.8687843615,0.0,171.0,,0.7,105.0,5.5e-05,,,2021-10-19 14:00:00
5448841.868906536,0.0,175.0,,0.7,106.0,5.6e-05,,,2021-10-19 14:05:00
5448842.869028711,0.0,180.0,,0.7,103.0,4.7e-05,,,2021-10-19 14:10:00
5448843.869150885,0.0,184.0,,0.7,111.0,4.7e-05,,,2021-10-19 14:15:00
5448844.869273061,0.0,187.0,,0.7,110.0,5.4e-05,,,2021-10-19 14:20:00
5448845.869395236,0.0,190.0,,0.7,106.0,4.9e-05,,,2021-10-19 14:25:00
5448846.86951741,0.0,194.0,,0.7,116.0,5.1e-05,,,2021-10-19 14:30:00
5448847.869639585,0.0,197.0,249.0,0.7,106.0,5.7e-05,,9.2,2021-10-19 14:35:00
5448848.869761759,0.0,200.0,,0.7,106.0,5.8e-05,,,2021-10-19 14:40:00
5448849.869883934,0.0,204.0,,0.7,106.0,5.4e-05,,,2021-10-19 14:45:00
5448850.870006109,0.0,231.0,,0.7,111.0,0.00011,,,2021-10-19 14:50:00
5448851.870128283,0.0,235.0,,0.7,111.0,0.000125,,,2021-10-19 14:55:00
5448852.870250458,0.0,235.0,,0.7,109.0,8.2e-05,,,2021-10-19 15:00:00
5448853.8703726325,0.0,233.0,,0.7,113.0,6.6e-05,,,2021-10-19 15:05:00
5448854.870494808,0.0,231.0,,0.7,111.0,6.1e-05,,,2021-10-19 15:10:00
5448855.870616983,0.0,229.0,,0.7,120.0,5.7e-05,,,2021-10-19 15:15:00
5448856.870739157,0.0,225.0,,0.7,110.0,6.5e-05,,,2021-10-19 15:20:00
5448857.870861332,0.0,218.0,,0.7,108.0,5.9e-05,,,2021-10-19 15:25:00
5448858.870983507,0.0,208.0,,0.7,112.0,5.1e-05,,,2021-10-19 15:30:00
5448859.871105681,0.0,203.0,,0.7,116.0,4.9e-05,,,2021-10-19 15:35:00
5448860.871227856,0.0,196.0,,0.7,112.0,4.7e-05,,,2021-10-19 15:40:00
5448861.87135003,0.0,191.0,,0.7,113.0,4.9e-05,,,2021-10-19 15:45:00
5448862.871472205,0.0,187.0,,0.7,109.0,4.9e-05,,,2021-10-19 15:50:00
5448863.87159438,0.0,183.0,,0.7,109.0,5e-05,,,2021-10-19 15:55:00
5448864.871716555,0.0,180.0,,0.7,112.0,5.1e-05,,,2021-10-19 16:00:00
5448865.87183873,0.0,177.0,,0.7,113.0,5.1e-05,,,2021-10-19 16:05:00
5448866.871960904,0.0,173.0,,0.7,107.0,5.1e-05,,,2021-10-19 16:10:00
5448867.872083079,0.0,169.0,,0.7,104.0,4.8e-05,,,2021-10-19 16:15:00
5448868.872205254,0.0,164.0,,0.7,113.0,4.8e-05,,,2021-10-19 16:20:00
5448869.872327428,0.0,161.0,,0.7,100.0,4.6e-05,,,2021-10-19 16:25:00
5448870.872449603,0.0,157.0,,0.7,94.0,4.6e-05,,,2021-10-19 16:30:00
5448871.872571778,0.0,155.0,,0.7,116.0,4.7e-05,,,2021-10-19 16:35:00
5448872.872693952,0.0,151.0,,0.7,112.0,4.7e-05,,,2021-10-19 16:40:00
5448873.872816127,0.0,149.0,,0.7,100.0,4.8e-05,,,2021-10-19 16:45:00
5448874.872938301,0.0,147.0,,0.7,98.0,4.6e-05,,,2021-10-19 16:50:00
5448875.873060477,0.0,145.0,,0.7,97.0,4.7e-05,,,2021-10-19 16:55:00
5448876.873182652,0.0,144.0,,0.7,99.0,4.8e-05,,,2021-10-19 17:00:00
5448877.873304826,0.0,145.0,,0.7,101.0,4.7e-05,,,2021-10-19 17:05:00
5448878.873427001,0.0,147.0,,0.7,100.0,4.8e-05,,,2021-10-19 17:10:00
5448879.873549175,0.0,149.0,,0.7,103.0,4.7e-05,,,2021-10-19 17:15:00
5448880.87367135,0.0,151.0,,0.7,87.0,4.7e-05,,,2021-10-19 17:20:00
5448881.873793525,0.0,151.0,,0.7,102.0,4.7e-05,,,2021-10-19 17:25:00
5448882.873915699,0.0,150.0,,0.7,124.0,4.6e-05,,,2021-10-19 17:30:00
5448883.874037874,0.0,146.0,,0.7,105.0,4.6e-05,,,2021-10-19 17:35:00
5448884.874160049,0.0,141.0,,0.7,102.0,4.6e-05,,,2021-10-19 17:40:00
5448885.874282224,0.0,135.0,,0.7,104.0,4.7e-05,,,2021-10-19 17:45:00
5448886.874404399,0.0,132.0,,0.7,105.0,4.7e-05,,,2021-10-19 17:50:00
5448887.874526573,0.0,132.0,,0.7,103.0,4.7e-05,,,2021-10-19 17:55:00
5448888.874648748,0.0,133.0,,0.7,102.0,4.7e-05,,,2021-10-19 18:00:00
5448889.874770923,0.0,133.0,,0.7,103.0,4.7e-05,,,2021-10-19 18:05:00
5448890.874893097,0.0,133.0,,0.7,103.0,5e-05,,,2021-10-19 18:10:00
5448891.875015272,0.0,132.0,,0.7,99.0,4.7e-05,,,2021-10-19 18:15:00
5448892.875137446,0.0,131.0,,0.7,98.0,4.9e-05,,,2021-10-19 18:20:00
5448893.875259621,0.0,130.0,,0.7,106.0,4.9e-05,,,2021-10-19 18:25:00
5448894.875381796,0.0,127.0,,0.8,97.0,4.9e-05,,,2021-10-19 18:30:00
5448895.87550397,0.0,123.0,,0.8,95.0,4.8e-05,,,2021-10-19 18:35:00
5448896.875626146,0.0,121.0,,0.8,110.0,5.2e-05,,,2021-10-19 18:40:00
5448897.8757483205,0.0,117.0,,0.8,112.0,5.5e-05,,,2021-10-19 18:45:00
5448898.875870495,0.0,112.0,,0.8,115.0,5.4e-05,,,2021-10-19 18:50:00
5448899.87599267,0.0,107.0,,0.8,110.0,5.1e-05,,,2021-10-19 18:55:00
5448900.876114844,0.0,102.0,,0.8,115.0,5.5e-05,45.0,,2021-10-19 19:00:00
5448901.876237019,0.0,98.0,72.0,0.8,115.0,5.2e-05,,8.2,2021-10-19 19:05:00
5448902.876359194,0.0,94.0,,0.8,116.0,5.3e-05,,,2021-10-19 19:10:00
5448903.876481368,0.0,80.0,,0.8,114.0,5.1e-05,,,2021-10-19 19:15:00
5448904.876603543,0.0,76.0,,0.8,108.0,4.8e-05,,,2021-10-19 19:20:00
5448905.876725717,0.0,75.0,,0.8,106.0,4.9e-05,,,2021-10-19 19:25:00
5448906.876847893,0.0,78.0,,0.8,104.0,5.4e-05,,,2021-10-19 19:30:00
5448907.876970068,0.0,85.0,,0.8,104.0,6.1e-05,,,2021-10-19 19:35:00
5448908.877092242,0.0,93.0,,0.8,115.0,5.7e-05,,,2021-10-19 19:40:00
5448909.877214417,0.0,100.0,,0.8,110.0,5e-05,,,2021-10-19 19:45:00
5448910.8773365915,0.0,102.0,,0.8,107.0,5.2e-05,,,2021-10-19 19:50:00
5448911.877458766,0.0,104.0,,0.8,103.0,5e-05,,,2021-10-19 19:55:00
5448912.877580941,0.0,105.0,,0.8,101.0,5e-05,,,2021-10-19 20:00:00
5448913.877703115,0.0,108.0,,0.8,100.0,5e-05,,,2021-10-19 20:05:00
5448914.87782529,0.0,110.0,,0.8,99.0,5.4e-05,,,2021-10-19 20:10:00
5448915.877947465,0.0,112.0,,0.8,96.0,5.3e-05,,,2021-10-19 20:15:00
5448916.878069639,0.0,114.0,,0.8,99.0,4.9e-05,,,2021-10-19 20:20:00
5448917.878191815,0.0,116.0,,0.8,96.0,5e-05,,,2021-10-19 20:25:00
5448918.878313989,0.0,116.0,,0.8,97.0,5.3e-05,,,2021-10-19 20:30:00
5448919.878436164,0.0,117.0,,0.8,97.0,5.5e-05,,,2021-10-19 20:35:00
5448920.878558339,0.0,118.0,,0.8,100.0,5.3e-05,,,2021-10-19 20:40:00
5448921.878680513,0.0,117.0,,0.8,93.0,5e-05,,,2021-10-19 20:45:00
5448922.878802688,0.0,118.0,,0.8,93.0,4.9e-05,,,2021-10-19 20:50:00
5448923.8789248625,0.0,121.0,,0.8,94.0,5e-05,,,2021-10-19 20:55:00
5448924.879047037,0.0,126.0,,0.8,93.0,4.8e-05,,,2021-10-19 21:00:00
5448925.879169212,0.0,133.0,,0.8,93.0,4.7e-05,,,2021-10-19 21:05:00
5448926.879291386,0.0,140.0,,0.8,98.0,4.7e-05,,,2021-10-19 21:10:00
5448927.879413562,0.0,146.0,,0.8,92.0,5.1e-05,,,2021-10-19 21:15:00
5448928.8795357365,0.0,150.0,,0.8,92.0,5.3e-05,,,2021-10-19 21:20:00
5448929.879657911,0.0,153.0,,0.8,91.0,5.3e-05,,,2021-10-19 21:25:00
5448930.879780086,0.0,154.0,,0.8,90.0,5.3e-05,,,2021-10-19 21:30:00
5448931.87990226,0.0,156.0,,0.8,90.0,5.6e-05,,,2021-10-19 21:35:00
5448932.880024435,0.0,157.0,,0.8,89.0,5.5e-05,,,2021-10-19 21:40:00
5448933.88014661,0.0,158.0,,0.8,90.0,5.1e-05,,,2021-10-19 21:45:00
5448934.880268784,0.0,158.0,,0.8,90.0,5.1e-05,,,2021-10-19 21:50:00
5448935.880390959,0.0,158.0,,0.8,88.0,5.6e-05,,,2021-10-19 21:55:00
5448936.8805131335,0.0,158.0,,0.8,94.0,5.6e-05,,,2021-10-19 22:00:00
5448937.880635308,0.0,158.0,,0.8,104.0,5.2e-05,,,2021-10-19 22:05:00
5448938.880757484,0.0,158.0,,0.8,110.0,5.1e-05,,,2021-10-19 22:10:00
5448939.880879658,0.0,157.0,186.0,0.8,100.0,5e-05,,2.9,2021-10-19 22:15:00
5448940.881001833,0.0,158.0,,0.8,98.0,5.1e-05,,,2021-10-19 22:20:00
5448941.8811240075,0.0,158.0,,0.8,88.0,4.8e-05,,,2021-10-19 22:25:00
5448942.881246182,0.0,171.0,,0.8,85.0,5.4e-05,,,2021-10-19 22:30:00
5448943.881368357,0.0,171.0,,0.8,82.0,5.9e-05,,,2021-10-19 22:35:00
5448944.881490531,0.0,172.0,,0.8,82.0,6.2e-05,,,2021-10-19 22:40:00
5448945.881612706,0.0,173.0,,0.8,82.0,6.4e-05,,,2021-10-19 22:45:00
5448946.881734881,0.0,172.0,,0.8,83.0,5.8e-05,,,2021-10-19 22:50:00
5448947.881857055,0.0,170.0,,0.8,83.0,5.7e-05,,,2021-10-19 22:55:00
5448948.881979231,0.0,167.0,,0.8,99.0,5.3e-05,,,2021-10-19 23:00:00
5448949.882101405,0.0,162.0,,0.8,81.0,4.8e-05,,,2021-10-19 23:05:00
5448950.88222358,0.0,155.0,,0.8,80.0,4.8e-05,,,2021-10-19 23:10:00
5448951.882345755,0.0,148.0,,0.8,82.0,4.8e-05,,,2021-10-19 23:15:00
5448952.882467929,0.0,143.0,,0.8,81.0,4.8e-05,,,2021-10-19 23:20:00
5448953.882590104,0.0,141.0,,0.8,80.0,4.9e-05,,,2021-10-19 23:25:00
5448954.8827122785,0.0,138.0,,0.8,81.0,5.3e-05,,,2021-10-19 23:30:00
5448955.882834453,0.0,136.0,,0.8,79.0,4.8e-05,,,2021-10-19 23:35:00
5448956.882956628,0.0,135.0,,0.8,78.0,5e-05,,,2021-10-19 23:40:00
5448957.883078802,0.0,134.0,,0.8,78.0,5.3e-05,,,2021-10-19 23:45:00
5448958.883200978,0.0,134.0,,0.8,79.0,5.1e-05,,,2021-10-19 23:50:00
5448959.883323153,0.0,135.0,,0.8,78.0,5.4e-05,,,2021-10-19 23:55:00
5448960.883445327,0.0,135.0,,0.8,78.0,5.7e-05,,,2021-10-20 00:00:00
5448961.883567502,0.0,133.0,,0.8,79.0,5.9e-05,,,2021-10-20 00:05:00
5448962.883689676,0.0,131.0,,0.8,79.0,6.2e-05,,,2021-10-20 00:10:00
5448963.883811851,0.0,130.0,,0.8,78.0,6.3e-05,,,2021-10-20 00:15:00
5448964.883934026,0.0,129.0,,0.8,78.0,6.5e-05,,,2021-10-20 00:20:00
5448965.8840562,0.0,128.0,,0.8,77.0,6e-05,,,2021-10-20 00:25:00
5448966.884178375,0.0,128.0,,0.8,77.0,4.9e-05,,,2021-10-20 00:30:00
5448967.8843005495,0.0,129.0,,0.8,77.0,5.2e-05,,,2021-10-20 00:35:00
5448968.884422724,0.0,129.0,,0.8,75.0,5.9e-05,,,2021-10-20 00:40:00
5448969.8845449,0.0,130.0,,0.8,76.0,5.9e-05,,,2021-10-20 00:45:00
5448970.884667074,0.0,130.0,,0.8,76.0,6.6e-05,,,2021-10-20 00:50:00
5448971.884789249,0.0,129.0,,0.8,73.0,6.3e-05,,,2021-10-20 00:55:00
5448972.884911424,0.0,128.0,,0.8,73.0,5.2e-05,,,2021-10-20 01:00:00
5448973.885033598,0.0,127.0,,0.8,70.0,5.2e-05,,,2021-10-20 01:05:00
5448974.885155773,0.0,126.0,,0.8,72.0,5.2e-05,,,2021-10-20 01:10:00
5448975.885277947,0.0,125.0,,0.8,70.0,5.4e-05,,,2021-10-20 01:15:00
5448976.885400122,0.0,125.0,,0.8,73.0,5.6e-05,,,2021-10-20 01:20:00
5448977.885522297,0.0,126.0,,0.8,73.0,5.4e-05,,,2021-10-20 01:25:00
5448978.885644471,0.0,125.0,,0.8,73.0,5.4e-05,,,2021-10-20 01:30:00
5448979.885766647,0.0,125.0,,0.8,74.0,5.6e-05,,,2021-10-20 01:35:00
5448980.885888821,0.0,125.0,,0.8,75.0,5.8e-05,,,2021-10-20 01:40:00
5448981.886010996,0.0,125.0,,0.8,76.0,6.1e-05,,,2021-10-20 01:45:00
5448982.886133171,0.0,125.0,,0.8,103.0,6.6e-05,,,2021-10-20 01:50:00
5448983.886255345,0.0,123.0,,0.8,119.0,7.7e-05,,,2021-10-20 01:55:00
5448984.88637752,0.0,122.0,,0.8,104.0,9.5e-05,,,2021-10-20 02:00:00
5448985.886499695,0.0,119.0,,0.8,73.0,0.000109,,,2021-10-20 02:05:00
5448986.886621869,0.0,116.0,,0.8,74.0,0.000119,,,2021-10-20 02:10:00
5448987.886744044,0.0,116.0,,0.8,75.0,0.000152,,,2021-10-20 02:15:00
5448988.886866218,0.0,116.0,,0.8,72.0,0.00017,,,2021-10-20 02:20:00
5448989.886988393,0.0,116.0,,0.8,72.0,0.000189,,,2021-10-20 02:25:00
5448990.887110569,0.0,117.0,,0.8,72.0,0.000191,,,2021-10-20 02:30:00
5448991.887232743,0.0,119.0,,0.8,71.0,0.000111,,,2021-10-20 02:35:00
5448992.887354918,0.0,124.0,,0.8,112.0,8.5e-05,,,2021-10-20 02:40:00
5448993.887477092,0.0,125.0,,0.8,134.0,6.3e-05,,,2021-10-20 02:45:00
5448994.887599267,0.0,125.0,,0.8,116.0,6e-05,,,2021-10-20 02:50:00
5448995.887721442,0.0,125.0,,0.8,136.0,5.8e-05,,,2021-10-20 02:55:00
5448996.887843616,0.0,125.0,,0.8,78.0,5.8e-05,,,2021-10-20 03:00:00
5448997.887965791,0.0,126.0,,0.8,74.0,6.2e-05,,,2021-10-20 03:05:00
5448998.888087966,0.0,126.0,,0.8,76.0,6.4e-05,,,2021-10-20 03:10:00
5448999.88821014,0.0,126.0,,0.8,79.0,6.5e-05,,,2021-10-20 03:15:00
5449000.888332316,0.0,126.0,,0.8,89.0,5.2e-05,,,2021-10-20 03:20:00
5449001.88845449,0.0,127.0,,0.8,76.0,5.3e-05,,,2021-10-20 03:25:00
5449002.888576665,0.0,127.0,,0.8,74.0,5.4e-05,,,2021-10-20 03:30:00
5449003.88869884,0.0,126.0,,0.8,68.0,4.9e-05,,,2021-10-20 03:35:00
5449004.888821014,0.0,124.0,,0.8,67.0,4.9e-05,,,2021-10-20 03:40:00
5449005.888943189,0.0,122.0,,0.8,66.0,4.9e-05,,,2021-10-20 03:45:00
5449006.889065363,0.0,122.0,,0.8,66.0,4.9e-05,,,2021-10-20 03:50:00
5449007.889187538,0.0,121.0,,0.8,67.0,4.9e-05,,,2021-10-20 03:55:00
5449008.889309713,0.0,120.0,,0.8,68.0,4.9e-05,,,2021-10-20 04:00:00
5449009.889431887,0.0,119.0,,0.8,68.0,4.9e-05,,,2021-10-20 04:05:00
5449010.889554062,0.0,119.0,,0.8,68.0,4.9e-05,,,2021-10-20 04:10:00
5449011.8896762375,0.0,118.0,,0.8,69.0,5.1e-05,,,2021-10-20 04:15:00
5449012.889798412,0.0,117.0,,0.8,71.0,5.4e-05,,,2021-10-20 04:20:00
5449013.889920587,0.0,117.0,,0.8,74.0,5.6e-05,,,2021-10-20 04:25:00
5449014.890042761,0.0,117.0,,0.8,73.0,5.7e-05,,,2021-10-20 04:30:00
5449015.890164936,0.0,117.0,,0.8,75.0,5.9e-05,,,2021-10-20 04:35:00
5449016.890287111,0.0,116.0,,0.8,74.0,6e-05,,,2021-10-20 04:40:00
5449017.890409285,0.0,116.0,,0.8,74.0,6.1e-05,,,2021-10-20 04:45:00
5449018.89053146,0.0,116.0,,0.8,74.0,6.3e-05,,,2021-10-20 04:50:00
5449019.890653634,0.0,115.0,,0.8,74.0,6.4e-05,,,2021-10-20 04:55:00
5449020.890775809,0.0,115.0,,0.8,72.0,6.5e-05,,,2021-10-20 05:00:00
5449021.890897985,0.0,115.0,,0.8,82.0,6.5e-05,,,2021-10-20 05:05:00
5449022.891020159,0.0,114.0,,0.8,134.0,6.4e-05,,,2021-10-20 05:10:00
5449023.891142334,0.0,113.0,,0.8,127.0,5.9e-05,,,2021-10-20 05:15:00
5449024.8912645085,0.0,113.0,,0.8,73.0,5.9e-05,,,2021-10-20 05:20:00
5449025.891386683,0.0,114.0,,0.8,97.0,5.6e-05,,,2021-10-20 05:25:00
5449026.891508858,0.0,115.0,,0.8,123.0,5.1e-05,,,2021-10-20 05:30:00
5449027.891631032,0.0,114.0,,0.8,76.0,5e-05,,,2021-10-20 05:35:00
5449028.891753207,0.0,114.0,,0.8,67.0,4.9e-05,,,2021-10-20 05:40:00
5449029.891875382,0.0,114.0,,0.8,67.0,4.9e-05,,,2021-10-20 05:45:00
5449030.891997556,0.0,115.0,,0.8,67.0,5.9e-05,,,2021-10-20 05:50:00
5449031.892119732,0.0,115.0,,0.8,88.0,5.4e-05,,,2021-10-20 05:55:00
5449032.892241906,0.0,116.0,,0.8,,,,,2021-10-20 06:00:00
5449033.892364081,0.0,114.0,,0.8,,,,,2021-10-20 06:05:00
5449034.892486256,0.0,113.0,,0.8,,,,,2021-10-20 06:10:00
5449035.89260843,0.0,115.0,144.0,0.8,99.0,,,,2021-10-20 06:15:00
5449036.892730605,0.0,119.0,,0.8,114.0,9.6e-05,,,2021-10-20 06:20:00
5449037.8928527795,0.0,125.0,,0.8,114.0,0.006941,,,2021-10-20 06:25:00
5449038.892974954,0.0,129.0,,0.8,106.0,0.4608,,,2021-10-20 06:30:00
5449039.893097129,0.0,133.0,,0.8,107.0,0.6826,,,2021-10-20 06:35:00
5449040.893219303,0.0,138.0,,0.8,102.0,0.63,,,2021-10-20 06:40:00
5449041.893341478,0.0,140.0,,0.8,100.0,0.15294,,,2021-10-20 06:45:00
5449042.8934636535,0.0,140.0,152.0,0.8,107.0,0.08074,,8.6,2021-10-20 06:50:00
5449043.893585828,0.0,141.0,,0.8,99.0,0.15756,,,2021-10-20 06:55:00
5449044.893708003,0.0,139.0,,0.8,95.0,0.07294,45.0,,2021-10-20 07:00:00
5449045.893830177,0.0,144.0,,0.8,94.0,0.03466,,,2021-10-20 07:05:00
5449046.893952352,0.0,143.0,,0.8,94.0,0.02128,,,2021-10-20 07:10:00
5449047.894074527,0.0,143.0,,0.8,104.0,0.01968,,,2021-10-20 07:15:00
5449048.894196701,0.0,144.0,,0.8,102.0,0.0177,,,2021-10-20 07:20:00
5449049.894318876,0.0,145.0,,0.8,109.0,0.13456,,,2021-10-20 07:25:00
5449050.8944410505,0.0,145.0,,0.8,100.0,0.15508,,,2021-10-20 07:30:00
5449051.894563225,0.0,142.0,,0.8,100.0,0.06026,,,2021-10-20 07:35:00
5449052.894685401,0.0,139.0,,0.8,100.0,0.02666,,,2021-10-20 07:40:00
5449053.894807575,0.0,139.0,,0.8,99.0,0.01998,,,2021-10-20 07:45:00
5449054.89492975,0.0,140.0,,0.8,103.0,0.01414,,,2021-10-20 07:50:00
5449055.8950519245,0.0,140.0,,0.8,110.0,0.01442,,,2021-10-20 07:55:00
5449056.895174099,0.0,140.0,,0.8,107.0,0.02126,,,2021-10-20 08:00:00
5449057.895296274,0.0,141.0,,0.8,106.0,0.06904,,,2021-10-20 08:05:00
5449058.895418448,0.0,141.0,,0.8,109.0,0.08908,,,2021-10-20 08:10:00
5449059.895540623,0.0,139.0,,0.8,104.0,0.157,,,2021-10-20 08:15:00
5449060.895662798,0.0,139.0,,0.8,106.0,0.1656,,,2021-10-20 08:20:00
5449061.895784972,0.0,137.0,,0.8,101.0,0.1684,,,2021-10-20 08:25:00
5449062.895907147,0.0,137.0,,0.8,99.0,0.2092,,,2021-10-20 08:30:00
5449063.896029322,0.0,136.0,,0.8,111.0,0.10724,,,2021-10-20 08:35:00
5449064.896151497,0.0,137.0,,0.8,97.0,0.3298,,,2021-10-20 08:40:00
5449065.896273672,0.0,138.0,,0.8,88.0,1.344,,,2021-10-20 08:45:00
5449066.896395846,0.0,134.0,,0.8,92.0,1.0844,,,2021-10-20 08:50:00
5449067.896518021,0.0,133.0,,0.8,104.0,0.6132,,,2021-10-20 08:55:00
5449068.8966401955,0.0,134.0,,0.8,104.0,0.5198,,,2021-10-20 09:00:00
5449069.89676237,0.0,135.0,,0.8,102.0,0.5922,,,2021-10-20 09:05:00
5449070.896884545,0.0,135.0,,0.8,95.0,0.722,,,2021-10-20 09:10:00
5449071.897006719,0.0,134.0,,0.8,94.0,0.4772,,,2021-10-20 09:15:00
5449072.897128894,0.0,132.0,,0.8,90.0,0.266,,,2021-10-20 09:20:00
5449073.89725107,0.0,132.0,,0.8,97.0,0.1878,,,2021-10-20 09:25:00
5449074.897373244,0.0,132.0,,0.8,97.0,0.0778,,,2021-10-20 09:30:00
5449075.897495419,0.0,131.0,,0.8,97.0,0.08008,,,2021-10-20 09:35:00
5449076.897617593,0.0,132.0,,0.8,93.0,0.07604,,,2021-10-20 09:40:00
5449077.897739768,0.0,131.0,,0.8,100.0,0.08374,,,2021-10-20 09:45:00
5449078.897861943,0.0,130.0,,0.8,108.0,0.0646,,,2021-10-20 09:50:00
5449079.897984117,0.0,130.0,,0.8,98.0,0.05244,,,2021-10-20 09:55:00
5449080.898106292,0.0,129.0,,0.8,91.0,0.04766,,,2021-10-20 10:00:00
5449081.8982284665,0.0,126.0,,0.8,86.0,0.05138,,,2021-10-20 10:05:00
5449082.898350641,0.0,125.0,,0.8,87.0,0.0495,,,2021-10-20 10:10:00
5449083.898472816,0.0,125.0,,0.8,86.0,0.04756,,,2021-10-20 10:15:00
5449084.898594991,0.0,126.0,,0.8,93.0,0.03198,,,2021-10-20 10:20:00
5449085.898717166,0.0,126.0,,0.8,96.0,0.02638,,,2021-10-20 10:25:00
5449086.898839341,0.0,126.0,,0.8,99.0,0.022,,,2021-10-20 10:30:00
5449087.898961515,0.0,126.0,,0.8,98.0,0.02716,,,2021-10-20 10:35:00
5449088.89908369,0.0,127.0,,0.8,95.0,0.01884,,,2021-10-20 10:40:00
5449089.899205864,0.0,127.0,,0.8,93.0,0.01568,,,2021-10-20 10:45:00
5449090.899328039,0.0,128.0,,0.8,90.0,0.01602,,,2021-10-20 10:50:00
5449091.899450214,0.0,128.0,,0.8,87.0,0.014302,,,2021-10-20 10:55:00
5449092.899572388,0.0,128.0,,0.8,89.0,0.01304,,,2021-10-20 11:00:00
5449093.899694563,0.0,129.0,,0.8,88.0,0.01388,,,2021-10-20 11:05:00
5449094.899816738,0.0,130.0,,0.8,92.0,0.01446,,,2021-10-20 11:10:00
5449095.899938913,0.0,130.0,154.0,0.8,89.0,0.01336,,2.2,2021-10-20 11:15:00
5449096.900061088,0.0,132.0,,0.8,88.0,0.01276,,,2021-10-20 11:20:00
5449097.900183262,0.0,143.0,,0.8,92.0,0.010598,,,2021-10-20 11:25:00
5449098.900305437,0.0,144.0,,0.8,96.0,0.009252,56.0,,2021-10-20 11:30:00
5449099.900427612,0.0,144.0,,0.8,107.0,0.008024,,,2021-10-20 11:35:00
5449100.900549786,0.0,139.0,,0.8,89.0,0.005624,,,2021-10-20 11:40:00
5449101.900671961,0.0,138.0,,0.8,92.0,0.007022,,,2021-10-20 11:45:00
5449102.900794135,0.0,141.0,,0.8,88.0,0.003444,,,2021-10-20 11:50:00
5449103.90091631,0.0,138.0,,0.8,89.0,0.003512,,,2021-10-20 11:55:00
5449104.901038485,0.0,136.0,,0.8,94.0,0.003124,,,2021-10-20 12:00:00
5449105.90116066,0.0,135.0,,0.8,90.0,0.00259,,,2021-10-20 12:05:00
5449106.901282835,0.0,134.0,,0.8,95.0,0.002576,,,2021-10-20 12:10:00
5449107.901405009,0.0,132.0,,0.8,106.0,0.001734,,,2021-10-20 12:15:00
5449108.901527184,0.0,130.0,,0.8,99.0,0.001165,,,2021-10-20 12:20:00
5449109.901649359,0.0,130.0,,0.8,106.0,0.001075,,,2021-10-20 12:25:00
5449110.901771533,0.0,128.0,140.0,0.8,105.0,0.000831,,5.0,2021-10-20 12:30:00
5449111.901893708,0.0,127.0,,0.8,105.0,0.0007,,,2021-10-20 12:35:00
5449112.902015883,0.0,128.0,,0.8,117.0,0.001099,,,2021-10-20 12:40:00
5449113.902138057,0.0,135.0,143.0,0.8,109.0,0.000846,,12.6,2021-10-20 12:45:00
5449114.902260232,0.0,137.0,,0.8,110.0,0.000961,,,2021-10-20 12:50:00
5449115.902382407,0.0,138.0,,0.8,105.0,0.000991,,,2021-10-20 12:55:00
5449116.902504582,0.0,142.0,,0.8,107.0,0.001144,,,2021-10-20 13:00:00
5449117.902626757,0.0,148.0,,0.8,94.0,0.009818,,,2021-10-20 13:05:00
5449118.902748931,0.0,152.0,,0.8,108.0,0.153,,,2021-10-20 13:10:00
5449119.902871106,0.0,154.0,,0.8,116.0,1.2358,,,2021-10-20 13:15:00
5449120.90299328,0.0,155.0,,0.8,114.0,4.064,,,2021-10-20 13:20:00
5449121.903115455,0.0,152.0,,0.8,109.0,4.21,,,2021-10-20 13:25:00
5449122.90323763,0.0,152.0,,0.8,108.0,4.118,,,2021-10-20 13:30:00
5449123.903359804,0.0,150.0,,0.8,110.0,2.47,,,2021-10-20 13:35:00
5449124.903481979,0.0,152.0,,0.8,113.0,2.588,,,2021-10-20 13:40:00
5449125.9036041545,0.0,154.0,,0.8,108.0,1.588,,,2021-10-20 13:45:00
5449126.903726329,0.0,155.0,,0.8,108.0,2.058,,,2021-10-20 13:50:00
5449127.903848504,0.0,158.0,,0.8,100.0,1.6524,,,2021-10-20 13:55:00
5449128.903970678,0.0,160.0,,0.8,110.0,0.8204,,,2021-10-20 14:00:00
5449129.904092853,0.0,162.0,,0.8,107.0,0.716,,,2021-10-20 14:05:00
5449130.904215028,0.0,166.0,,0.8,108.0,0.6216,,,2021-10-20 14:10:00
5449131.904337202,0.0,169.0,,0.8,103.0,0.568,,,2021-10-20 14:15:00
5449132.904459377,0.0,174.0,,0.8,104.0,0.6062,,,2021-10-20 14:20:00
5449133.904581551,0.0,180.0,,0.8,112.0,0.5286,,,2021-10-20 14:25:00
5449134.904703726,0.0,186.0,,0.8,116.0,0.37644,,,2021-10-20 14:30:00
5449135.904825901,0.0,190.0,,0.8,108.0,0.4686,,,2021-10-20 14:35:00
5449136.904948076,0.0,194.0,,0.8,103.0,0.8206,,,2021-10-20 14:40:00
5449137.905070251,0.0,200.0,,0.8,106.0,1.0188,,,2021-10-20 14:45:00
5449138.9051924255,0.0,204.0,203.0,0.8,107.0,3.77,,6.9,2021-10-20 14:50:00
5449139.9053146,0.0,209.0,,0.8,107.0,3.614,,,2021-10-20 14:55:00
5449140.905436775,0.0,215.0,,0.8,107.0,1.2286,,,2021-10-20 15:00:00
5449141.905558949,0.0,223.0,,0.8,106.0,1.1944,,,2021-10-20 15:05:00
5449142.905681124,0.0,231.0,,0.8,103.0,1.544,,,2021-10-20 15:10:00
5449143.905803299,0.0,236.0,,0.8,112.0,1.3114,,,2021-10-20 15:15:00
5449144.905925473,0.0,240.0,,0.8,108.0,0.8322,,,2021-10-20 15:20:00
5449145.906047648,0.0,239.0,,0.8,108.0,0.6532,,,2021-10-20 15:25:00
5449146.906169823,0.0,234.0,,0.8,108.0,0.5974,,,2021-10-20 15:30:00
5449147.906291998,0.0,231.0,,0.8,106.0,0.429,,,2021-10-20 15:35:00
5449148.906414173,0.0,230.0,,0.8,106.0,0.42,,,2021-10-20 15:40:00
5449149.906536347,0.0,231.0,,0.8,107.0,0.3636,,,2021-10-20 15:45:00
5449150.906658522,0.0,236.0,,0.8,104.0,0.2538,,,2021-10-20 15:50:00
5449151.9067806965,0.0,239.0,,0.8,102.0,0.2252,,,2021-10-20 15:55:00
5449152.906902871,0.0,240.0,,0.8,101.0,0.2442,,,2021-10-20 16:00:00
5449153.907025046,0.0,244.0,,0.8,107.0,0.2236,,,2021-10-20 16:05:00
5449154.90714722,0.0,249.0,232.0,0.8,103.0,0.1694,,,2021-10-20 16:10:00
5449155.907269395,0.0,255.0,,0.8,111.0,0.10884,,,2021-10-20 16:15:00
5449156.90739157,0.0,257.0,,0.8,109.0,0.08158,,,2021-10-20 16:20:00
5449157.907513745,0.0,254.0,,0.8,103.0,0.07592,,,2021-10-20 16:25:00
5449158.90763592,0.0,254.0,,0.8,100.0,0.08948,,,2021-10-20 16:30:00
5449159.907758094,0.0,254.0,,0.8,99.0,0.09698,,,2021-10-20 16:35:00
5449160.907880269,0.0,257.0,,0.8,99.0,0.07544,,,2021-10-20 16:40:00
5449161.908002444,0.0,260.0,,0.8,99.0,0.07744,,,2021-10-20 16:45:00
5449162.908124618,0.0,261.0,,0.8,97.0,0.09578,,,2021-10-20 16:50:00
5449163.908246793,0.0,261.0,,0.8,96.0,0.07496,,,2021-10-20 16:55:00
5449164.9083689675,0.0,260.0,,0.8,101.0,0.0589,,,2021-10-20 17:00:00
5449165.908491142,0.0,259.0,,0.8,99.0,0.05418,,,2021-10-20 17:05:00
5449166.908613317,0.0,258.0,,0.8,103.0,0.04748,,,2021-10-20 17:10:00
5449167.908735492,0.0,257.0,,0.8,100.0,0.05206,,,2021-10-20 17:15:00
5449168.908857667,0.0,257.0,258.0,0.8,107.0,0.04138,,10.3,2021-10-20 17:20:00
5449169.9089798415,0.0,261.0,,0.8,104.0,0.02434,,,2021-10-20 17:25:00
5449170.909102016,0.0,266.0,,0.8,110.0,0.01618,,,2021-10-20 17:30:00
5449171.909224191,0.0,269.0,,0.8,102.0,0.009784,,,2021-10-20 17:35:00
5449172.909346365,0.0,272.0,,0.8,100.0,0.006378,,,2021-10-20 17:40:00
5449173.90946854,0.0,271.0,,0.8,101.0,0.01107,,,2021-10-20 17:45:00
5449174.909590715,0.0,266.0,,0.8,110.0,0.009382,,,2021-10-20 17:50:00
5449175.909712889,0.0,259.0,,0.8,106.0,0.006626,,,2021-10-20 17:55:00
5449176.909835064,0.0,250.0,,0.8,107.0,0.006452,,,2021-10-20 18:00:00
5449177.9099572385,0.0,238.0,,0.8,108.0,0.00533,,,2021-10-20 18:05:00
5449178.910079414,0.0,224.0,,0.8,108.0,0.007746,,,2021-10-20 18:10:00
5449179.910201589,0.0,211.0,,0.8,108.0,0.008572,,,2021-10-20 18:15:00
5449180.910323763,0.0,199.0,,0.8,109.0,0.008338,,,2021-10-20 18:20:00
5449181.910445938,0.0,189.0,,0.8,111.0,0.0076,,,2021-10-20 18:25:00
5449182.9105681125,0.0,179.0,,0.8,112.0,0.008794,,,2021-10-20 18:30:00
5449183.910690287,0.0,172.0,,0.8,107.0,0.00836,,,2021-10-20 18:35:00
5449184.910812462,0.0,166.0,,0.8,106.0,0.007198,,,2021-10-20 18:40:00
5449185.910934636,0.0,159.0,,0.8,105.0,0.008508,,,2021-10-20 18:45:00
5449186.911056811,0.0,153.0,,0.8,100.0,0.009022,,,2021-10-20 18:50:00
5449187.911178986,0.0,143.0,,0.8,91.0,0.007724,,,2021-10-20 18:55:00
5449188.911301161,0.0,134.0,,0.8,102.0,0.00886,,,2021-10-20 19:00:00
5449189.911423336,0.0,127.0,,0.8,102.0,0.01113,,,2021-10-20 19:05:00
5449190.91154551,0.0,123.0,,0.8,109.0,0.0124,,,2021-10-20 19:10:00
5449191.911667685,0.0,121.0,,0.8,114.0,0.008664,,,2021-10-20 19:15:00
5449192.91178986,0.0,119.0,,0.8,107.0,0.010628,,,2021-10-20 19:20:00
5449193.911912034,0.0,114.0,,0.8,110.0,0.010796,,,2021-10-20 19:25:00
5449194.912034209,0.0,107.0,,0.8,110.0,0.01574,45.0,,2021-10-20 19:30:00
5449195.9121563835,0.0,102.0,61.0,0.8,111.0,0.05286,,,2021-10-20 19:35:00
5449196.912278558,0.0,97.0,,0.8,108.0,0.10172,,,2021-10-20 19:40:00
5449197.912400733,0.0,94.0,,0.8,109.0,0.02926,,,2021-10-20 19:45:00
5449198.912522908,0.0,71.0,,0.8,113.0,0.07134,,,2021-10-20 19:50:00
5449199.912645083,0.0,68.0,,0.8,104.0,0.5482,,,2021-10-20 19:55:00
5449200.912767258,0.0,69.0,,0.8,116.0,0.3932,,,2021-10-20 20:00:00
5449201.912889432,0.0,73.0,,0.8,105.0,0.22,,,2021-10-20 20:05:00
5449202.913011607,0.0,75.0,,0.8,108.0,0.5956,,,2021-10-20 20:10:00
5449203.913133781,0.0,76.0,,0.8,106.0,0.948,,,2021-10-20 20:15:00
5449204.913255956,0.0,77.0,,0.8,113.0,1.1458,,,2021-10-20 20:20:00
5449205.913378131,0.0,78.0,,0.8,108.0,1.608,,,2021-10-20 20:25:00
5449206.913500305,0.0,79.0,,0.8,105.0,1.1684,,,2021-10-20 20:30:00
5449207.91362248,0.0,82.0,,0.8,112.0,0.7032,,,2021-10-20 20:35:00
5449208.9137446545,0.0,87.0,,0.8,103.0,1.8836,,,2021-10-20 20:40:00
5449209.91386683,0.0,88.0,,0.8,117.0,4.398,,,2021-10-20 20:45:00
5449210.913989005,0.0,88.0,,0.8,103.0,8.33,,,2021-10-20 20:50:00
5449211.914111179,0.0,88.0,,0.8,108.0,15.494,,,2021-10-20 20:55:00
5449212.914233354,0.0,87.0,,0.8,107.0,16.04,,,2021-10-20 21:00:00
5449213.914355529,0.0,87.0,,0.8,97.0,12.188,,,2021-10-20 21:05:00
5449214.914477703,0.0,89.0,,0.8,98.0,8.628,,,2021-10-20 21:10:00
5449215.914599878,0.0,94.0,,0.8,96.0,5.37,,,2021-10-20 21:15:00
5449216.914722052,0.0,97.0,,0.8,104.0,4.596,,,2021-10-20 21:20:00
5449217.914844227,0.0,99.0,,0.8,103.0,8.042,,,2021-10-20 21:25:00
5449218.914966402,0.0,99.0,,0.8,105.0,8.91,,,2021-10-20 21:30:00
5449219.915088577,0.0,102.0,,0.8,96.0,4.176,,,2021-10-20 21:35:00
5449220.915210752,0.0,104.0,,0.8,95.0,3.066,,,2021-10-20 21:40:00
5449221.915332926,0.0,108.0,108.0,0.8,96.0,1.606,,8.0,2021-10-20 21:45:00
5449222.915455101,0.0,112.0,,0.8,101.0,1.342,,,2021-10-20 21:50:00
5449223.915577276,0.0,117.0,,0.8,102.0,1.214,,,2021-10-20 21:55:00
5449224.91569945,0.0,115.0,,0.8,89.0,0.8952,,,2021-10-20 22:00:00
5449225.915821625,0.0,116.0,,0.8,87.0,0.7254,,,2021-10-20 22:05:00
5449226.9159438,0.0,118.0,,0.8,101.0,0.5312,,,2021-10-20 22:10:00
5449227.916065974,0.0,117.0,,0.8,92.0,0.4942,,,2021-10-20 22:15:00
5449228.916188149,0.0,112.0,,0.8,89.0,0.4222,,,2021-10-20 22:20:00
5449229.916310323,0.0,104.0,,0.8,89.0,0.392,,,2021-10-20 22:25:00
5449230.916432499,0.0,95.0,,0.8,87.0,0.3816,,,2021-10-20 22:30:00
5449231.916554674,0.0,88.0,,0.8,93.0,0.3648,,,2021-10-20 22:35:00
5449232.916676848,0.0,81.0,,0.8,102.0,0.359,,,2021-10-20 22:40:00
5449233.916799023,0.0,75.0,,0.8,88.0,0.2942,,,2021-10-20 22:45:00
5449234.916921197,0.0,70.0,,0.8,86.0,0.14234,,,2021-10-20 22:50:00
5449235.917043372,0.0,68.0,,0.8,84.0,0.03536,,,2021-10-20 22:55:00
5449236.917165547,0.0,69.0,,0.8,94.0,0.0353,,,2021-10-20 23:00:00
5449237.917287721,0.0,69.0,80.0,0.8,87.0,0.03088,,,2021-10-20 23:05:00
5449238.917409896,0.0,68.0,,0.8,83.0,0.02346,,,2021-10-20 23:10:00
5449239.917532071,0.0,70.0,,0.8,88.0,0.0218,,,2021-10-20 23:15:00
5449240.917654246,0.0,73.0,,0.8,87.0,0.02006,,,2021-10-20 23:20:00
5449241.917776421,0.0,73.0,,0.8,90.0,0.0141,,,2021-10-20 23:25:00
5449242.917898595,0.0,75.0,,0.8,85.0,0.01198,,,2021-10-20 23:30:00
5449243.91802077,0.0,79.0,,0.8,85.0,0.007806,,,2021-10-20 23:35:00
5449244.918142945,0.0,84.0,,0.8,80.0,0.011178,,,2021-10-20 23:40:00
5449245.918265119,0.0,87.0,,0.8,82.0,0.00931,,,2021-10-20 23:45:00
5449246.918387294,0.0,90.0,,0.8,84.0,0.00616,,,2021-10-20 23:50:00
5449247.918509468,0.0,93.0,,0.8,80.0,0.005448,,,2021-10-20 23:55:00
5449248.918631643,0.0,96.0,,0.8,81.0,0.003782,,,2021-10-21 00:00:00
5449249.918753818,0.0,98.0,,0.8,83.0,0.003878,,,2021-10-21 00:05:00
5449250.918875992,0.0,100.0,,0.8,94.0,0.002436,,,2021-10-21 00:10:00
5449251.918998168,0.0,101.0,,0.8,90.0,0.001848,,,2021-10-21 00:15:00
5449252.9191203425,0.0,101.0,,0.8,84.0,0.001866,,,2021-10-21 00:20:00
5449253.919242517,0.0,100.0,,0.8,80.0,0.002094,,,2021-10-21 00:25:00
5449254.919364692,0.0,100.0,,0.8,80.0,0.002222,,,2021-10-21 00:30:00
5449255.919486866,0.0,102.0,,0.8,80.0,0.002148,,,2021-10-21 00:35:00
5449256.919609041,0.0,105.0,,0.8,82.0,0.001846,,,2021-10-21 00:40:00
5449257.919731216,0.0,107.0,,0.8,80.0,0.00174,,,2021-10-21 00:45:00
5449258.91985339,0.0,109.0,,0.8,80.0,0.001732,,,2021-10-21 00:50:00
5449259.919975565,0.0,110.0,,0.8,81.0,0.001594,,,2021-10-21 00:55:00
5449260.920097739,0.0,112.0,,0.8,81.0,0.001796,,,2021-10-21 01:00:00
5449261.920219915,0.0,112.0,,0.8,81.0,0.003268,,,2021-10-21 01:05:00
5449262.92034209,0.0,112.0,,0.8,79.0,0.003422,,,2021-10-21 01:10:00
5449263.920464264,0.0,111.0,,0.8,80.0,0.002274,,,2021-10-21 01:15:00
5449264.920586439,0.0,112.0,,0.8,79.0,0.003168,,,2021-10-21 01:20:00
5449265.9207086135,0.0,113.0,,0.8,78.0,0.005026,,,2021-10-21 01:25:00
5449266.920830788,0.0,114.0,,0.8,79.0,0.004016,,,2021-10-21 01:30:00
5449267.920952963,0.0,115.0,,0.8,79.0,0.002786,,,2021-10-21 01:35:00
5449268.921075137,0.0,117.0,,0.8,79.0,0.002284,,,2021-10-21 01:40:00
5449269.921197312,0.0,119.0,,0.8,77.0,0.001768,,,2021-10-21 01:45:00
5449270.921319487,0.0,119.0,,0.8,78.0,0.001554,,,2021-10-21 01:50:00
5449271.921441662,0.0,121.0,,0.8,75.0,0.001306,,,2021-10-21 01:55:00
5449272.921563837,0.0,122.0,,0.8,75.0,0.001216,,,2021-10-21 02:00:00
5449273.921686011,0.0,124.0,,0.8,72.0,0.00117,,,2021-10-21 02:05:00
5449274.921808186,0.0,125.0,,0.8,72.0,0.001156,,,2021-10-21 02:10:00
5449275.921930361,0.0,126.0,,0.8,73.0,0.00143,,,2021-10-21 02:15:00
5449276.922052535,0.0,128.0,,0.8,73.0,0.001424,,,2021-10-21 02:20:00
5449277.92217471,0.0,130.0,,0.8,75.0,0.001163,,,2021-10-21 02:25:00
5449278.9222968845,0.0,131.0,,0.8,75.0,0.000818,,,2021-10-21 02:30:00
5449279.922419059,0.0,132.0,,0.8,75.0,0.000904,,,2021-10-21 02:35:00
5449280.922541234,0.0,132.0,,0.8,90.0,0.000944,,,2021-10-21 02:40:00
5449281.922663408,0.0,132.0,,0.8,109.0,0.000896,,,2021-10-21 02:45:00
5449282.922785584,0.0,130.0,,0.8,97.0,0.000756,,,2021-10-21 02:50:00
5449283.9229077585,0.0,129.0,,0.8,72.0,0.001003,,,2021-10-21 02:55:00
5449284.923029933,0.0,129.0,,0.8,73.0,0.001166,,,2021-10-21 03:00:00
5449285.923152108,0.0,130.0,,0.8,77.0,0.001268,,,2021-10-21 03:05:00
5449286.923274282,0.0,130.0,,0.8,75.0,0.000866,,,2021-10-21 03:10:00
5449287.923396457,0.0,131.0,,0.8,73.0,0.000824,,,2021-10-21 03:15:00
5449288.923518632,0.0,130.0,,0.8,74.0,0.000882,,,2021-10-21 03:20:00
5449289.923640806,0.0,130.0,,0.8,74.0,0.00092,,,2021-10-21 03:25:00
5449290.923762981,0.0,131.0,,0.8,72.0,0.000938,,,2021-10-21 03:30:00
5449291.9238851555,0.0,132.0,,0.8,70.0,0.000949,,,2021-10-21 03:35:00
5449292.924007331,0.0,133.0,,0.8,71.0,0.000872,,,2021-10-21 03:40:00
5449293.924129506,0.0,134.0,,0.8,73.0,0.000793,,,2021-10-21 03:45:00
5449294.92425168,0.0,137.0,,0.8,71.0,0.000586,,,2021-10-21 03:50:00
5449295.924373855,0.0,138.0,,0.8,70.0,0.000672,,,2021-10-21 03:55:00
5449296.9244960295,0.0,140.0,,0.8,68.0,0.000668,,,2021-10-21 04:00:00
5449297.924618204,0.0,143.0,,0.8,72.0,0.00068,,,2021-10-21 04:05:00
5449298.924740379,0.0,145.0,,0.8,73.0,0.000698,,,2021-10-21 04:10:00
5449299.924862553,0.0,146.0,,0.8,121.0,0.000555,,,2021-10-21 04:15:00
5449300.924984728,0.0,145.0,,0.8,161.0,0.000666,,,2021-10-21 04:20:00
5449301.925106903,0.0,144.0,,0.8,128.0,0.000717,,,2021-10-21 04:25:00
5449302.925229077,0.0,143.0,,0.8,72.0,0.000848,,,2021-10-21 04:30:00
5449303.925351253,0.0,142.0,,0.8,74.0,0.001132,,,2021-10-21 04:35:00
5449304.925473427,0.0,141.0,,0.8,73.0,0.001169,,,2021-10-21 04:40:00
5449305.925595602,0.0,141.0,,0.8,75.0,0.000847,,,2021-10-21 04:45:00
5449306.925717777,0.0,140.0,,0.8,83.0,0.000876,,,2021-10-21 04:50:00
5449307.925839951,0.0,139.0,,0.8,79.0,0.000874,,,2021-10-21 04:55:00
5449308.925962126,0.0,139.0,,0.8,99.0,0.000751,,,2021-10-21 05:00:00
5449309.9260843005,0.0,139.0,,0.8,,0.000681,,,2021-10-21 05:05:00
5449310.926206475,0.0,138.0,,0.8,,,,,2021-10-21 05:10:00
5449311.92632865,0.0,139.0,,0.8,,,,,2021-10-21 05:15:00
5449312.926450824,0.0,139.0,,0.8,,,,,2021-10-21 05:20:00
5449313.926573,0.0,139.0,211.0,0.8,,,,10.6,2021-10-21 05:25:00
5449314.926695175,0.0,143.0,,0.8,,,,,2021-10-21 05:30:00
5449315.926817349,0.0,148.0,,0.8,,,,,2021-10-21 05:35:00
5449316.926939524,0.0,178.0,,0.8,,,10.0,,2021-10-21 05:40:00
5449317.927061698,0.0,182.0,,0.8,,,,,2021-10-21 05:45:00
5449318.927183873,0.0,180.0,,0.8,,,,,2021-10-21 05:50:00
5449319.927306048,0.0,174.0,,0.8,,,,,2021-10-21 05:55:00
5449320.927428222,0.0,166.0,,0.8,,,,,2021-10-21 06:00:00
5449321.927550397,0.0,158.0,,0.8,,,,,2021-10-21 06:05:00
5449322.9276725715,0.0,152.0,,0.8,,,,,2021-10-21 06:10:00
5449323.927794746,0.0,144.0,,0.8,,,,,2021-10-21 06:15:00
5449324.927916922,0.0,136.0,,0.8,97.0,0.001056,,,2021-10-21 06:20:00
5449325.928039096,0.0,127.0,,0.8,108.0,0.001194,,,2021-10-21 06:25:00
5449326.928161271,0.0,116.0,,0.8,106.0,0.000327,,,2021-10-21 06:30:00
5449327.928283446,0.0,105.0,,0.8,113.0,0.000186,,,2021-10-21 06:35:00
5449328.92840562,0.0,98.0,,0.8,110.0,0.000108,,,2021-10-21 06:40:00
5449329.928527795,0.0,91.0,,0.8,109.0,5.3e-05,,,2021-10-21 06:45:00
5449330.928649969,0.0,86.0,,0.8,107.0,4.8e-05,,,2021-10-21 06:50:00
5449331.928772144,0.0,82.0,,0.8,109.0,4.7e-05,,,2021-10-21 06:55:00
5449332.928894319,0.0,80.0,,0.8,113.0,0.065531,,,2021-10-21 07:00:00
5449333.929016493,0.0,78.0,,0.8,108.0,1.2486,,,2021-10-21 07:05:00
5449334.929138669,0.0,76.0,,0.8,109.0,1.8,,,2021-10-21 07:10:00
5449335.929260843,0.0,74.0,,0.8,113.0,1.075,,,2021-10-21 07:15:00
5449336.929383018,0.0,74.0,,0.8,112.0,7.0078,,,2021-10-21 07:20:00
5449337.929505193,0.0,73.0,,0.8,107.0,8.746,,,2021-10-21 07:25:00
5449338.929627367,0.0,75.0,,0.8,107.0,8.74,,,2021-10-21 07:30:00
5449339.929749542,0.0,78.0,,0.8,108.0,6.202,,,2021-10-21 07:35:00
5449340.929871717,0.0,82.0,,0.8,110.0,3.884,,,2021-10-21 07:40:00
5449341.929993891,0.0,86.0,,0.8,107.0,3.05,,,2021-10-21 07:45:00
5449342.930116066,0.0,92.0,,0.8,108.0,2.59,,,2021-10-21 07:50:00
5449343.93023824,0.0,100.0,,0.8,112.0,2.0284,,,2021-10-21 07:55:00
5449344.930360416,0.0,107.0,,0.8,110.0,1.1184,,,2021-10-21 08:00:00
5449345.930482591,0.0,112.0,,0.8,109.0,0.7736,,,2021-10-21 08:05:00
5449346.930604765,0.0,116.0,,0.8,109.0,0.3776,,,2021-10-21 08:10:00
5449347.93072694,0.0,120.0,,0.8,108.0,0.2284,,,2021-10-21 08:15:00
5449348.930849114,0.0,126.0,,0.8,106.0,0.10646,,,2021-10-21 08:20:00
5449349.930971289,0.0,135.0,,0.8,98.0,0.1116,,,2021-10-21 08:25:00
5449350.931093464,0.0,147.0,,0.8,98.0,0.08856,,,2021-10-21 08:30:00
5449351.931215638,0.0,160.0,,0.8,101.0,0.04162,,,2021-10-21 08:35:00
5449352.931337813,0.0,166.0,,0.8,100.0,0.04418,,,2021-10-21 08:40:00
5449353.931459988,0.0,170.0,,0.8,104.0,0.0498,,,2021-10-21 08:45:00
5449354.931582162,0.0,182.0,,0.8,107.0,0.01312,,,2021-10-21 08:50:00
5449355.931704338,0.0,179.0,,0.8,104.0,0.008306,,,2021-10-21 08:55:00
5449356.931826512,0.0,183.0,,0.8,97.0,0.002974,,,2021-10-21 09:00:00
5449357.931948687,0.0,192.0,,0.8,101.0,0.001633,,,2021-10-21 09:05:00
5449358.932070862,0.0,197.0,,0.8,101.0,0.000513,,,2021-10-21 09:10:00
5449359.932193036,0.0,197.0,,0.8,98.0,0.000194,,,2021-10-21 09:15:00
5449360.932315211,0.0,203.0,,0.8,94.0,0.000157,,,2021-10-21 09:20:00
5449361.932437385,0.0,215.0,,0.8,93.0,0.000139,,,2021-10-21 09:25:00
5449362.93255956,0.0,229.0,295.0,0.8,93.0,0.000124,,,2021-10-21 09:30:00
5449363.932681735,0.0,239.0,295.0,0.8,93.0,0.000109,,13.0,2021-10-21 09:35:00
5449364.932803909,0.0,246.0,,0.8,98.0,7.7e-05,,,2021-10-21 09:40:00
5449365.932926085,0.0,250.0,,0.8,96.0,5.1e-05,,,2021-10-21 09:45:00
5449366.9330482595,0.0,252.0,,0.8,99.0,5e-05,,,2021-10-21 09:50:00
5449367.933170434,0.0,252.0,,0.8,111.0,4.6e-05,,,2021-10-21 09:55:00
5449368.933292609,0.0,247.0,,0.8,99.0,4.8e-05,,,2021-10-21 10:00:00
5449369.933414783,0.0,245.0,,0.8,96.0,4.9e-05,,,2021-10-21 10:05:00
5449370.933536958,0.0,239.0,,0.8,97.0,5.9e-05,,,2021-10-21 10:10:00
5449371.933659133,0.0,231.0,,0.8,97.0,7.3e-05,,,2021-10-21 10:15:00
5449372.933781307,0.0,220.0,,0.8,96.0,6.3e-05,,,2021-10-21 10:20:00
5449373.933903482,0.0,209.0,,0.8,104.0,5.5e-05,,,2021-10-21 10:25:00
5449374.934025656,0.0,199.0,,0.8,105.0,5e-05,,,2021-10-21 10:30:00
5449375.934147831,0.0,191.0,,0.8,103.0,4.8e-05,,,2021-10-21 10:35:00
5449376.934270007,0.0,182.0,,0.8,110.0,5e-05,,,2021-10-21 10:40:00
5449377.934392181,0.0,173.0,,0.8,103.0,4.9e-05,,,2021-10-21 10:45:00
5449378.934514356,0.0,164.0,,0.8,98.0,5e-05,,,2021-10-21 10:50:00
5449379.9346365305,0.0,145.0,,0.8,97.0,4.8e-05,,,2021-10-21 10:55:00
5449380.934758705,0.0,134.0,,0.8,100.0,5e-05,,,2021-10-21 11:00:00
5449381.93488088,0.0,127.0,,0.8,101.0,4.7e-05,,,2021-10-21 11:05:00
5449382.935003054,1.0,,,0.8,93.0,5.2e-05,,,2021-10-21 11:10:00
5449383.935125229,1.0,,,0.8,102.0,5.1e-05,,,2021-10-21 11:15:00
5449384.935247404,1.0,,110.0,0.8,99.0,5.5e-05,,,2021-10-21 11:20:00
5449385.935369578,1.0,,,0.8,103.0,6.7e-05,,,2021-10-21 11:25:00
5449386.935491754,1.0,,,0.8,105.0,5.1e-05,,,2021-10-21 11:30:00
5449387.935613928,1.0,,,0.8,110.0,5e-05,,,2021-10-21 11:35:00
5449388.935736103,1.0,,,0.8,107.0,5e-05,,,2021-10-21 11:40:00
5449389.935858278,1.0,,110.0,0.8,118.0,5.6e-05,,13.0,2021-10-21 11:45:00
5449390.935980452,1.0,,,0.8,114.0,4.9e-05,,,2021-10-21 11:50:00
5449391.936102627,1.0,,,0.8,100.0,4.7e-05,,,2021-10-21 11:55:00
5449392.9362248015,1.0,,,0.8,86.0,4.8e-05,,,2021-10-21 12:00:00
5449393.936346976,1.0,,,0.8,113.0,5.1e-05,,,2021-10-21 12:05:00
5449394.936469151,1.0,,,0.8,109.0,5.2e-05,,,2021-10-21 12:10:00
5449395.936591325,1.0,,,0.8,113.0,5.8e-05,,,2021-10-21 12:15:00
5449396.9367135,1.0,,,0.8,110.0,9.9e-05,,,2021-10-21 12:20:00
5449397.9368356755,1.0,,,0.8,110.0,8.5e-05,,,2021-10-21 12:25:00
5449398.93695785,1.0,,,0.8,110.0,8e-05,,,2021-10-21 12:30:00
5449399.937080025,1.0,,,0.8,113.0,0.000142,,,2021-10-21 12:35:00
5449400.937202199,1.0,,,0.8,110.0,0.000416,,,2021-10-21 12:40:00
5449401.937324374,1.0,,,0.8,109.0,0.00043,,,2021-10-21 12:45:00
5449402.937446549,1.0,,,0.8,110.0,0.000141,,,2021-10-21 12:50:00
5449403.937568723,1.0,,,0.8,110.0,0.000251,,,2021-10-21 12:55:00
5449404.937690898,1.0,,,0.8,109.0,0.000201,,,2021-10-21 13:00:00
5449405.937813072,1.0,,,0.8,117.0,0.000126,,,2021-10-21 13:05:00
5449406.937935247,1.0,,,0.8,107.0,0.018637,,,2021-10-21 13:10:00
5449407.938057423,1.0,,,0.8,108.0,1.030925,,,2021-10-21 13:15:00
5449408.938179597,1.0,,,0.8,109.0,3.2208,,,2021-10-21 13:20:00
5449409.938301772,1.0,,,0.8,111.0,2.158,,,2021-10-21 13:25:00
5449410.9384239465,1.0,,118.0,0.8,111.0,0.6298,,,2021-10-21 13:30:00
5449411.938546121,1.0,,,0.8,107.0,0.4596,,,2021-10-21 13:35:00
5449412.938668296,1.0,,,0.8,110.0,0.1288,,,2021-10-21 13:40:00
5449413.93879047,1.0,,,0.8,107.0,0.0387,,,2021-10-21 13:45:00
5449414.938912645,1.0,,,0.8,107.0,0.02095,,,2021-10-21 13:50:00
5449415.93903482,1.0,,,0.8,103.0,0.01518,,,2021-10-21 13:55:00
5449416.939156994,1.0,,,0.8,105.0,0.004293,,,2021-10-21 14:00:00
5449417.939279169,1.0,,,0.8,106.0,0.000197,,,2021-10-21 14:05:00
5449418.939401344,1.0,,,0.8,104.0,0.000197,,,2021-10-21 14:10:00
5449419.939523519,1.0,,,0.8,102.0,0.000152,,,2021-10-21 14:15:00
5449420.939645694,1.0,,,0.8,104.0,0.00011,,,2021-10-21 14:20:00
5449421.939767868,1.0,,,0.8,105.0,9.9e-05,,,2021-10-21 14:25:00
5449422.939890043,1.0,,,0.8,110.0,0.000106,,,2021-10-21 14:30:00
5449423.9400122175,1.0,,,0.8,105.0,9.3e-05,,,2021-10-21 14:35:00
5449424.940134392,1.0,,264.0,0.8,104.0,0.001265,,10.4,2021-10-21 14:40:00
5449425.940256567,1.0,,,0.8,101.0,0.002157,,,2021-10-21 14:45:00
5449426.940378741,1.0,,,0.8,104.0,0.000452,,,2021-10-21 14:50:00
5449427.940500916,1.0,,,0.8,101.0,0.000139,,,2021-10-21 14:55:00
5449428.9406230915,1.0,,,0.8,102.0,0.000112,,,2021-10-21 15:00:00
5449429.940745266,1.0,,,0.8,107.0,6.6e-05,,,2021-10-21 15:05:00
5449430.940867441,1.0,,,0.8,104.0,5.6e-05,,,2021-10-21 15:10:00
5449431.940989615,1.0,,,0.8,103.0,6.1e-05,,,2021-10-21 15:15:00
5449432.94111179,1.0,,,0.8,116.0,5.9e-05,,,2021-10-21 15:20:00
5449433.941233965,1.0,,,0.8,108.0,5.5e-05,,,2021-10-21 15:25:00
5449434.941356139,1.0,,,0.8,106.0,5.2e-05,,,2021-10-21 15:30:00
5449435.941478314,1.0,,,0.8,105.0,4.9e-05,,,2021-10-21 15:35:00
5449436.9416004885,1.0,,,0.8,108.0,4.9e-05,,,2021-10-21 15:40:00
5449437.941722663,1.0,,,0.8,107.0,4.8e-05,,,2021-10-21 15:45:00
5449438.941844839,1.0,,,0.8,117.0,4.6e-05,,,2021-10-21 15:50:00
5449439.941967013,1.0,,,0.8,113.0,8.7e-05,,,2021-10-21 15:55:00
5449440.942089188,1.0,,,0.8,113.0,5.2e-05,,,2021-10-21 16:00:00
5449441.9422113625,1.0,,,0.8,107.0,0.000134,,,2021-10-21 16:05:00
5449442.942333537,1.0,,,0.8,111.0,0.034738,,,2021-10-21 16:10:00
5449443.942455712,1.0,,184.0,0.8,110.0,0.36182,,,2021-10-21 16:15:00
5449444.942577886,1.0,,,0.8,106.0,0.042154,,,2021-10-21 16:20:00
5449445.942700061,1.0,,,0.8,121.0,0.0599,,,2021-10-21 16:25:00
5449446.942822236,1.0,,,0.8,123.0,1.36188,,,2021-10-21 16:30:00
5449447.94294441,1.0,,,0.8,112.0,5.046,,,2021-10-21 16:35:00
5449448.943066585,1.0,,,0.8,109.0,0.9342,,,2021-10-21 16:40:00
5449449.94318876,1.0,,,0.8,111.0,0.16536,,,2021-10-21 16:45:00
5449450.943310935,1.0,,,0.8,107.0,0.149867,,,2021-10-21 16:50:00
5449451.94343311,1.0,,,0.8,106.0,0.16674,,,2021-10-21 16:55:00
5449452.943555284,1.0,,,0.8,108.0,0.023404,,,2021-10-21 17:00:00
5449453.943677459,1.0,,,0.8,106.0,0.06382,,,2021-10-21 17:05:00
5449454.9437996335,1.0,,,0.8,104.0,0.0829,,,2021-10-21 17:10:00
5449455.943921808,1.0,,,0.8,107.0,0.129,,,2021-10-21 17:15:00
5449456.944043983,1.0,,,0.8,101.0,0.174,,,2021-10-21 17:20:00
5449457.944166157,1.0,,,0.8,104.0,0.2484,,,2021-10-21 17:25:00
5449458.944288332,1.0,,,0.8,105.0,0.1227,,,2021-10-21 17:30:00
5449459.944410508,1.0,,,0.8,105.0,0.17218,,,2021-10-21 17:35:00
5449460.944532682,1.0,,,0.8,102.0,0.06552,,,2021-10-21 17:40:00
5449461.944654857,1.0,,,0.8,102.0,0.007157,,,2021-10-21 17:45:00
5449462.944777031,1.0,,,0.8,100.0,0.000264,,,2021-10-21 17:50:00
5449463.944899206,1.0,,,0.8,95.0,0.000117,,,2021-10-21 17:55:00
5449464.945021381,1.0,,,0.8,98.0,6.8e-05,,,2021-10-21 18:00:00
5449465.945143555,1.0,,,0.8,92.0,7.9e-05,,,2021-10-21 18:05:00
5449466.94526573,1.0,,,0.8,90.0,5.4e-05,,,2021-10-21 18:10:00
5449467.9453879045,1.0,,,0.8,87.0,,,,2021-10-21 18:15:00
5449468.945510079,1.0,,,0.8,87.0,4.6e-05,,,2021-10-21 18:20:00
5449469.945632254,1.0,,,0.8,103.0,5.3e-05,,,2021-10-21 18:25:00
5449470.945754429,1.0,,,0.8,87.0,4.6e-05,,,2021-10-21 18:30:00
5449471.945876604,1.0,,242.0,0.8,91.0,5e-05,,8.4,2021-10-21 18:35:00
5449472.945998779,1.0,,,0.8,104.0,4.6e-05,,,2021-10-21 18:40:00
5449473.946120953,1.0,,,0.8,104.0,4.6e-05,,,2021-10-21 18:45:00
5449474.946243128,1.0,,,0.8,93.0,5e-05,,,2021-10-21 18:50:00
5449475.946365302,1.0,,,0.8,92.0,5.4e-05,,,2021-10-21 18:55:00
5449476.946487477,1.0,,,0.8,92.0,5.9e-05,,,2021-10-21 19:00:00
5449477.946609652,1.0,,,0.8,91.0,5.4e-05,,,2021-10-21 19:05:00
5449478.946731826,1.0,,,0.8,94.0,6.1e-05,,,2021-10-21 19:10:00
5449479.946854001,1.0,,,0.8,92.0,6.3e-05,,,2021-10-21 19:15:00
5449480.946976176,1.0,,,0.8,95.0,5.2e-05,,,2021-10-21 19:20:00
5449481.947098351,1.0,,,0.8,93.0,5e-05,,,2021-10-21 19:25:00
5449482.947220526,1.0,,,0.8,96.0,4.7e-05,,,2021-10-21 19:30:00
5449483.9473427,1.0,,,0.8,106.0,4.6e-05,,,2021-10-21 19:35:00
5449484.947464875,1.0,,,0.8,102.0,5.1e-05,,,2021-10-21 19:40:00
5449485.94758705,1.0,,,0.8,108.0,4.9e-05,,,2021-10-21 19:45:00
5449486.947709224,1.0,,,0.8,109.0,4.6e-05,,,2021-10-21 19:50:00
5449487.947831399,1.0,,,0.8,106.0,4.6e-05,,,2021-10-21 19:55:00
5449488.947953573,1.0,,,0.8,93.0,4.7e-05,,,2021-10-21 20:00:00
5449489.948075748,1.0,,,0.8,104.0,4.7e-05,,,2021-10-21 20:05:00
5449490.948197923,1.0,,,0.8,100.0,4.8e-05,,,2021-10-21 20:10:00
5449491.948320098,1.0,,,0.8,97.0,4.9e-05,,,2021-10-21 20:15:00
5449492.948442273,1.0,,134.0,0.8,100.0,4.7e-05,20.0,4.8,2021-10-21 20:20:00
5449493.948564447,1.0,,,0.8,105.0,4.8e-05,,,2021-10-21 20:25:00
5449494.948686622,1.0,,,0.8,104.0,4.9e-05,,,2021-10-21 20:30:00
5449495.948808797,1.0,,,0.8,102.0,4.8e-05,,,2021-10-21 20:35:00
5449496.948930971,1.0,,,0.8,103.0,5.1e-05,,,2021-10-21 20:40:00
5449497.949053146,1.0,,,0.8,101.0,5.1e-05,,,2021-10-21 20:45:00
5449498.949175321,1.0,,,0.8,100.0,6.5e-05,,,2021-10-21 20:50:00
5449499.949297495,1.0,,,0.8,111.0,5.2e-05,,,2021-10-21 20:55:00
5449500.94941967,1.0,,,0.8,108.0,4.7e-05,,,2021-10-21 21:00:00
5449501.949541845,1.0,,,0.8,104.0,4.6e-05,,,2021-10-21 21:05:00
5449502.94966402,1.0,,,0.8,106.0,4.7e-05,,,2021-10-21 21:10:00
5449503.949786195,1.0,,68.0,0.8,105.0,4.8e-05,,,2021-10-21 21:15:00
5449504.949908369,1.0,,,0.8,95.0,4.7e-05,,,2021-10-21 21:20:00
5449505.950030544,1.0,,,0.8,105.0,4.7e-05,,,2021-10-21 21:25:00
5449506.950152718,1.0,,,0.8,98.0,4.7e-05,,,2021-10-21 21:30:00
5449507.950274893,1.0,,,0.8,94.0,4.6e-05,,,2021-10-21 21:35:00
5449508.950397068,1.0,,,0.8,91.0,4.6e-05,,,2021-10-21 21:40:00
5449509.950519242,1.0,,,0.8,92.0,4.6e-05,,,2021-10-21 21:45:00
5449510.950641417,1.0,,,0.8,90.0,4.6e-05,,,2021-10-21 21:50:00
5449511.9507635925,1.0,,,0.8,89.0,4.7e-05,,,2021-10-21 21:55:00
5449512.950885767,1.0,,,0.8,89.0,4.7e-05,,,2021-10-21 22:00:00
5449513.951007942,1.0,,,0.8,88.0,4.7e-05,,,2021-10-21 22:05:00
5449514.951130116,1.0,,121.0,0.8,94.0,4.6e-05,,,2021-10-21 22:10:00
5449515.951252291,1.0,,,0.8,93.0,4.6e-05,,,2021-10-21 22:15:00
5449516.951374466,1.0,,,0.8,90.0,4.8e-05,,,2021-10-21 22:20:00
5449517.95149664,1.0,,,0.8,101.0,4.7e-05,,,2021-10-21 22:25:00
5449518.951618815,1.0,,,0.8,86.0,5.1e-05,,,2021-10-21 22:30:00
5449519.951740989,1.0,,,0.8,86.0,4.9e-05,,,2021-10-21 22:35:00
5449520.951863164,1.0,,,0.8,85.0,5.1e-05,,,2021-10-21 22:40:00
5449521.951985339,1.0,,,0.8,85.0,4.8e-05,,,2021-10-21 22:45:00
5449522.952107514,1.0,,,0.8,86.0,4.8e-05,,,2021-10-21 22:50:00
5449523.952229689,1.0,,,0.8,88.0,4.9e-05,,,2021-10-21 22:55:00
5449524.9523518635,1.0,,,0.8,87.0,5e-05,,,2021-10-21 23:00:00
5449525.952474038,1.0,,,0.8,87.0,5.1e-05,,,2021-10-21 23:05:00
5449526.952596213,1.0,,,0.8,87.0,5.2e-05,,,2021-10-21 23:10:00
5449527.952718387,1.0,,158.0,0.8,102.0,4.9e-05,,1.3,2021-10-21 23:15:00
5449528.952840562,1.0,,,0.8,96.0,5e-05,,,2021-10-21 23:20:00
5449529.952962737,0.0,158.0,,0.8,91.0,5.3e-05,,,2021-10-21 23:25:00
5449530.953084911,0.0,158.0,,0.8,119.0,5.1e-05,,,2021-10-21 23:30:00
5449531.953207086,0.0,154.0,,0.8,128.0,5e-05,,,2021-10-21 23:35:00
5449532.953329261,0.0,151.0,,0.8,94.0,5e-05,,,2021-10-21 23:40:00
5449533.953451436,0.0,149.0,,0.8,85.0,5.1e-05,,,2021-10-21 23:45:00
5449534.953573611,0.0,146.0,,0.8,105.0,5.1e-05,,,2021-10-21 23:50:00
5449535.953695785,0.0,143.0,,0.8,86.0,5.2e-05,,,2021-10-21 23:55:00
5449536.95381796,0.0,142.0,,0.8,85.0,5e-05,,,2021-10-22 00:00:00
5449537.9539401345,0.0,141.0,,0.8,82.0,5e-05,,,2021-10-22 00:05:00
5449538.954062309,0.0,136.0,,0.8,84.0,5e-05,,,2021-10-22 00:10:00
5449539.954184484,0.0,131.0,,0.8,84.0,5.1e-05,,,2021-10-22 00:15:00
5449540.954306658,0.0,125.0,,0.8,83.0,5.2e-05,,,2021-10-22 00:20:00
5449541.954428833,0.0,119.0,,0.8,86.0,5.2e-05,,,2021-10-22 00:25:00
5449542.954551008,0.0,114.0,,0.8,85.0,5.3e-05,,,2021-10-22 00:30:00
5449543.954673183,0.0,109.0,,0.8,85.0,5.4e-05,,,2021-10-22 00:35:00
5449544.954795358,0.0,106.0,,0.8,83.0,6.9e-05,,,2021-10-22 00:40:00
5449545.954917532,0.0,112.0,,0.8,79.0,6.4e-05,,,2021-10-22 00:45:00
5449546.955039707,0.0,114.0,,0.8,79.0,5.8e-05,,,2021-10-22 00:50:00
5449547.955161882,0.0,114.0,,0.8,79.0,5.9e-05,,,2021-10-22 00:55:00
5449548.955284056,0.0,110.0,,0.8,80.0,5.7e-05,,,2021-10-22 01:00:00
5449549.955406231,0.0,107.0,,0.8,79.0,5.8e-05,,,2021-10-22 01:05:00
5449550.9555284055,0.0,108.0,,0.8,78.0,5.5e-05,,,2021-10-22 01:10:00
5449551.95565058,0.0,108.0,,0.8,79.0,5.7e-05,,,2021-10-22 01:15:00
5449552.955772755,0.0,106.0,,0.8,78.0,5.5e-05,,,2021-10-22 01:20:00
5449553.95589493,0.0,100.0,,0.8,78.0,5.3e-05,,,2021-10-22 01:25:00
5449554.956017105,0.0,97.0,,0.8,79.0,5.3e-05,,,2021-10-22 01:30:00
5449555.9561392795,0.0,101.0,,0.8,79.0,6e-05,,,2021-10-22 01:35:00
5449556.956261454,0.0,100.0,,0.8,77.0,6.6e-05,,,2021-10-22 01:40:00
5449557.956383629,0.0,100.0,,0.8,77.0,6.7e-05,,,2021-10-22 01:45:00
5449558.956505803,0.0,99.0,,0.8,77.0,6.9e-05,,,2021-10-22 01:50:00
5449559.956627978,0.0,97.0,,0.8,77.0,7.1e-05,,,2021-10-22 01:55:00
5449560.956750153,0.0,97.0,,0.8,78.0,7.2e-05,,,2021-10-22 02:00:00
5449561.956872327,0.0,95.0,,0.8,89.0,7.7e-05,,,2021-10-22 02:05:00
5449562.956994502,0.0,94.0,,0.8,91.0,7.4e-05,,,2021-10-22 02:10:00
5449563.9571166765,0.0,99.0,,0.8,77.0,6.5e-05,,,2021-10-22 02:15:00
5449564.957238852,0.0,108.0,,0.8,85.0,4.9e-05,,,2021-10-22 02:20:00
5449565.957361027,0.0,111.0,,0.8,76.0,4.8e-05,,,2021-10-22 02:25:00
5449566.957483201,0.0,109.0,,0.8,76.0,4.8e-05,,,2021-10-22 02:30:00
5449567.957605376,0.0,109.0,,0.8,78.0,4.7e-05,,,2021-10-22 02:35:00
5449568.9577275505,0.0,110.0,,0.8,76.0,4.9e-05,,,2021-10-22 02:40:00
5449569.957849725,0.0,108.0,,0.8,76.0,5e-05,,,2021-10-22 02:45:00
5449570.9579719,0.0,107.0,,0.8,76.0,5e-05,,,2021-10-22 02:50:00
5449571.958094074,0.0,110.0,,0.8,75.0,5e-05,,,2021-10-22 02:55:00
5449572.958216249,0.0,111.0,,0.8,75.0,5e-05,,,2021-10-22 03:00:00
5449573.958338424,0.0,111.0,,0.8,75.0,5.1e-05,,,2021-10-22 03:05:00
5449574.958460599,0.0,110.0,,0.8,77.0,5e-05,,,2021-10-22 03:10:00
5449575.958582774,0.0,117.0,,0.8,77.0,5e-05,,,2021-10-22 03:15:00
5449576.958704948,0.0,117.0,,0.8,78.0,5e-05,,,2021-10-22 03:20:00
5449577.958827123,0.0,116.0,,0.8,77.0,5e-05,,,2021-10-22 03:25:00
5449578.958949298,0.0,120.0,,0.8,77.0,5e-05,,,2021-10-22 03:30:00
5449579.959071472,0.0,123.0,,0.8,80.0,4.8e-05,,,2021-10-22 03:35:00
5449580.959193647,0.0,124.0,,0.8,76.0,5.4e-05,,,2021-10-22 03:40:00
5449581.9593158215,0.0,122.0,,0.8,75.0,5.8e-05,,,2021-10-22 03:45:00
5449582.959437996,0.0,121.0,,0.8,77.0,5.6e-05,,,2021-10-22 03:50:00
5449583.959560171,0.0,121.0,,0.8,76.0,4.9e-05,,,2021-10-22 03:55:00
5449584.959682345,0.0,126.0,,0.8,75.0,4.7e-05,,,2021-10-22 04:00:00
5449585.959804521,0.0,129.0,,0.8,73.0,4.7e-05,,,2021-10-22 04:05:00
5449586.959926696,0.0,133.0,,0.8,74.0,4.7e-05,,,2021-10-22 04:10:00
5449587.96004887,0.0,134.0,,0.8,76.0,5.2e-05,,,2021-10-22 04:15:00
5449588.960171045,0.0,133.0,,0.8,76.0,5.6e-05,,,2021-10-22 04:20:00
5449589.960293219,0.0,132.0,,0.8,76.0,5.8e-05,,,2021-10-22 04:25:00
5449590.960415394,0.0,131.0,,0.8,74.0,6.2e-05,,,2021-10-22 04:30:00
5449591.960537569,0.0,130.0,,0.8,74.0,6.4e-05,,,2021-10-22 04:35:00
5449592.960659743,0.0,127.0,,0.8,75.0,5.5e-05,,,2021-10-22 04:40:00
5449593.960781918,0.0,125.0,,0.8,79.0,5.5e-05,,,2021-10-22 04:45:00
5449594.9609040925,0.0,139.0,,0.8,94.0,5.2e-05,,,2021-10-22 04:50:00
5449595.961026268,0.0,139.0,,0.8,86.0,4.8e-05,,,2021-10-22 04:55:00
5449596.961148443,0.0,141.0,217.0,0.8,86.0,4.8e-05,,7.0,2021-10-22 05:00:00
5449597.961270617,0.0,148.0,,0.8,,,,,2021-10-22 05:05:00
5449598.961392792,0.0,185.0,,0.8,,,,,2021-10-22 05:10:00
5449599.961514967,0.0,189.0,,0.8,,,,,2021-10-22 05:15:00
5449600.961637141,0.0,195.0,,0.8,,,,,2021-10-22 05:20:00
5449601.961759316,0.0,201.0,,0.8,,,,,2021-10-22 05:25:00
5449602.96188149,0.0,204.0,,0.8,,,,,2021-10-22 05:30:00
5449603.962003665,0.0,206.0,,0.8,,,,,2021-10-22 05:35:00
5449604.96212584,0.0,207.0,,0.8,,,,,2021-10-22 05:40:00
5449605.962248015,0.0,205.0,,0.8,,,,,2021-10-22 05:45:00
5449606.96237019,0.0,207.0,,0.8,,,,,2021-10-22 05:50:00
5449607.962492364,0.0,212.0,235.0,0.8,,,,6.5,2021-10-22 05:55:00
5449608.962614539,0.0,218.0,,0.8,,,,,2021-10-22 06:00:00
5449609.962736714,0.0,223.0,,0.8,,,,,2021-10-22 06:05:00
5449610.962858888,0.0,224.0,,0.8,,,,,2021-10-22 06:10:00
5449611.962981063,0.0,231.0,,0.8,,,,,2021-10-22 06:15:00
5449612.963103238,0.0,240.0,,0.8,,,,,2021-10-22 06:20:00
5449613.963225412,0.0,238.0,,0.8,104.0,0.004747,,,2021-10-22 06:25:00
5449614.963347587,0.0,234.0,252.0,0.8,105.0,0.004136,,9.7,2021-10-22 06:30:00
5449615.963469761,0.0,234.0,,0.8,103.0,0.002266,,,2021-10-22 06:35:00
5449616.963591937,0.0,230.0,,0.8,106.0,0.000909,,,2021-10-22 06:40:00
5449617.963714112,0.0,235.0,,0.8,111.0,0.003888,,,2021-10-22 06:45:00
5449618.963836286,0.0,233.0,,0.8,102.0,0.00066,,,2021-10-22 06:50:00
5449619.963958461,0.0,234.0,229.0,0.8,112.0,0.01337,,7.4,2021-10-22 06:55:00
5449620.964080635,0.0,233.0,,0.8,103.0,0.22364,,,2021-10-22 07:00:00
5449621.96420281,0.0,226.0,,0.8,99.0,0.10258,,,2021-10-22 07:05:00
5449622.964324985,0.0,219.0,,0.8,98.0,0.02742,,,2021-10-22 07:10:00
5449623.964447159,0.0,225.0,,0.8,100.0,0.004374,,,2021-10-22 07:15:00
5449624.964569334,0.0,227.0,,0.8,109.0,0.002219,,,2021-10-22 07:20:00
5449625.964691509,0.0,221.0,,0.8,106.0,0.004442,,,2021-10-22 07:25:00
5449626.964813684,0.0,217.0,,0.8,106.0,0.002847,,,2021-10-22 07:30:00
5449627.964935859,0.0,214.0,,0.8,106.0,0.001022,,,2021-10-22 07:35:00
5449628.965058033,0.0,209.0,,0.8,103.0,0.000421,,,2021-10-22 07:40:00
5449629.965180208,0.0,203.0,,0.8,105.0,0.000334,,,2021-10-22 07:45:00
5449630.965302383,0.0,201.0,,0.8,106.0,0.00034,,,2021-10-22 07:50:00
5449631.965424557,0.0,200.0,,0.8,108.0,0.000332,,,2021-10-22 07:55:00
5449632.965546732,0.0,199.0,,0.8,107.0,0.001091,,,2021-10-22 08:00:00
5449633.965668906,0.0,193.0,,0.8,110.0,0.001642,,,2021-10-22 08:05:00
5449634.965791081,0.0,191.0,,0.8,118.0,0.007007,,,2021-10-22 08:10:00
5449635.965913256,0.0,189.0,,0.8,107.0,0.01868,,,2021-10-22 08:15:00
5449636.96603543,0.0,188.0,,0.8,100.0,0.009178,,,2021-10-22 08:20:00
5449637.966157606,0.0,187.0,,0.8,98.0,0.001263,,,2021-10-22 08:25:00
5449638.9662797805,0.0,185.0,,0.8,101.0,0.00058,,,2021-10-22 08:30:00
5449639.966401955,0.0,183.0,,0.8,108.0,0.000299,,,2021-10-22 08:35:00
5449640.96652413,0.0,176.0,,0.8,105.0,0.000345,,,2021-10-22 08:40:00
5449641.966646304,0.0,171.0,,0.8,105.0,0.000316,,,2021-10-22 08:45:00
5449642.966768479,0.0,168.0,,0.8,108.0,0.00071,,,2021-10-22 08:50:00
5449643.966890654,0.0,160.0,,0.8,101.0,0.00093,,,2021-10-22 08:55:00
5449644.967012828,0.0,155.0,,0.8,105.0,0.000441,,,2021-10-22 09:00:00
5449645.967135003,0.0,148.0,,0.8,102.0,0.000323,,,2021-10-22 09:05:00
5449646.967257177,0.0,143.0,,0.8,106.0,0.000438,,,2021-10-22 09:10:00
5449647.967379353,0.0,142.0,,0.8,97.0,0.000313,,,2021-10-22 09:15:00
5449648.967501528,0.0,137.0,,0.8,96.0,0.000177,,,2021-10-22 09:20:00
5449649.967623702,0.0,132.0,,0.8,97.0,0.000137,,,2021-10-22 09:25:00
5449650.967745877,0.0,129.0,,0.8,96.0,0.0001,,,2021-10-22 09:30:00
5449651.9678680515,0.0,124.0,,0.8,95.0,6.8e-05,,,2021-10-22 09:35:00
5449652.967990226,0.0,119.0,,0.8,98.0,9.7e-05,,,2021-10-22 09:40:00
5449653.968112401,0.0,117.0,,0.8,103.0,9.8e-05,,,2021-10-22 09:45:00
5449654.968234575,0.0,112.0,,0.8,111.0,0.000112,,,2021-10-22 09:50:00
5449655.96835675,0.0,111.0,,0.8,103.0,0.000103,,,2021-10-22 09:55:00
5449656.968478925,0.0,108.0,,0.8,96.0,6.8e-05,,,2021-10-22 10:00:00
5449657.968601099,0.0,102.0,,0.8,95.0,8.2e-05,,,2021-10-22 10:05:00
5449658.968723275,0.0,99.0,,0.8,94.0,8e-05,,,2021-10-22 10:10:00
5449659.968845449,0.0,95.0,,0.8,92.0,7.7e-05,,,2021-10-22 10:15:00
5449660.968967624,0.0,89.0,,0.8,95.0,7.1e-05,,,2021-10-22 10:20:00
5449661.969089799,0.0,89.0,,0.8,99.0,7.7e-05,,,2021-10-22 10:25:00
5449662.969211973,0.0,87.0,,0.8,96.0,7.7e-05,,,2021-10-22 10:30:00
5449663.969334148,0.0,85.0,,0.8,101.0,8e-05,,,2021-10-22 10:35:00
5449664.9694563225,0.0,85.0,,0.8,102.0,8.6e-05,,,2021-10-22 10:40:00
5449665.969578497,0.0,91.0,,0.8,103.0,9.8e-05,,,2021-10-22 10:45:00
5449666.969700672,0.0,103.0,,0.8,103.0,0.000104,,,2021-10-22 10:50:00
5449667.969822846,0.0,114.0,,0.8,106.0,0.000113,,,2021-10-22 10:55:00
5449668.969945022,0.0,122.0,,0.8,103.0,0.000107,,,2021-10-22 11:00:00
5449669.9700671965,0.0,131.0,,0.8,101.0,0.000115,,,2021-10-22 11:05:00
5449670.970189371,0.0,144.0,,0.8,101.0,0.000209,,,2021-10-22 11:10:00
5449671.970311546,0.0,161.0,,0.8,99.0,0.000187,,,2021-10-22 11:15:00
5449672.97043372,0.0,171.0,,0.8,96.0,0.000172,,,2021-10-22 11:20:00
5449673.970555895,0.0,177.0,155.0,0.8,105.0,0.000144,,,2021-10-22 11:25:00
5449674.97067807,0.0,177.0,,0.8,102.0,0.000151,,,2021-10-22 11:30:00
5449675.970800244,0.0,179.0,,0.8,100.0,0.000129,,,2021-10-22 11:35:00
5449676.970922419,0.0,176.0,,0.8,96.0,0.000147,,,2021-10-22 11:40:00
5449677.9710445935,0.0,173.0,,0.8,96.0,0.00011,,,2021-10-22 11:45:00
5449678.971166769,0.0,169.0,,0.8,93.0,0.000104,,,2021-10-22 11:50:00
5449679.971288944,0.0,162.0,,0.8,94.0,9.3e-05,,,2021-10-22 11:55:00
5449680.971411118,0.0,156.0,115.0,0.8,93.0,9.1e-05,,,2021-10-22 12:00:00
5449681.971533293,0.0,150.0,,0.8,95.0,8.2e-05,,,2021-10-22 12:05:00
5449682.9716554675,0.0,147.0,,0.8,97.0,8.4e-05,,,2021-10-22 12:10:00
5449683.971777642,0.0,142.0,,0.8,102.0,8.4e-05,,,2021-10-22 12:15:00
5449684.971899817,0.0,142.0,115.0,0.8,108.0,7.3e-05,,5.4,2021-10-22 12:20:00
5449685.972021991,0.0,140.0,,0.8,104.0,5.8e-05,,,2021-10-22 12:25:00
5449686.972144166,0.0,122.0,,0.8,111.0,5.7e-05,,,2021-10-22 12:30:00
5449687.972266341,0.0,119.0,,0.8,113.0,6.2e-05,,,2021-10-22 12:35:00
5449688.972388515,0.0,119.0,,0.8,109.0,0.000167,,,2021-10-22 12:40:00
5449689.972510691,0.0,123.0,,0.8,109.0,0.000127,,,2021-10-22 12:45:00
5449690.972632865,0.0,130.0,,0.8,110.0,0.0001,,,2021-10-22 12:50:00
5449691.97275504,0.0,137.0,,0.8,107.0,0.00175,,,2021-10-22 12:55:00
5449692.972877215,0.0,151.0,,0.8,104.0,0.002342,,,2021-10-22 13:00:00
5449693.972999389,0.0,163.0,,0.8,104.0,0.000706,,,2021-10-22 13:05:00
5449694.973121564,0.0,178.0,,0.8,103.0,0.00022,,,2021-10-22 13:10:00
5449695.9732437385,0.0,193.0,,0.8,104.0,0.000133,,,2021-10-22 13:15:00
5449696.973365913,0.0,201.0,,0.8,102.0,0.00013,,,2021-10-22 13:20:00
5449697.973488088,0.0,210.0,224.0,0.8,103.0,9.6e-05,,4.6,2021-10-22 13:25:00
5449698.973610262,0.0,221.0,,0.8,106.0,9e-05,,,2021-10-22 13:30:00
5449699.973732438,0.0,228.0,,0.8,98.0,8.4e-05,,,2021-10-22 13:35:00
5449700.973854613,0.0,224.0,,0.8,102.0,9e-05,,,2021-10-22 13:40:00
5449701.973976787,0.0,224.0,,0.8,105.0,0.000111,,,2021-10-22 13:45:00
5449702.974098962,0.0,227.0,,0.8,111.0,6e-05,,,2021-10-22 13:50:00
5449703.974221136,0.0,234.0,,0.8,105.0,6e-05,,,2021-10-22 13:55:00
5449704.974343311,0.0,235.0,,0.8,100.0,6.4e-05,,,2021-10-22 14:00:00
5449705.974465486,0.0,233.0,,0.8,101.0,6.4e-05,,,2021-10-22 14:05:00
5449706.97458766,0.0,231.0,,0.8,101.0,7.1e-05,,,2021-10-22 14:10:00
5449707.974709835,0.0,228.0,,0.8,102.0,7.8e-05,,,2021-10-22 14:15:00
5449708.9748320095,0.0,228.0,,0.8,102.0,8.9e-05,,,2021-10-22 14:20:00
5449709.974954184,0.0,230.0,,0.8,104.0,7.7e-05,,,2021-10-22 14:25:00
5449710.97507636,0.0,229.0,,0.8,112.0,0.000123,,,2021-10-22 14:30:00
5449711.975198534,0.0,233.0,,0.8,103.0,0.000115,,,2021-10-22 14:35:00
5449712.975320709,0.0,238.0,,0.8,100.0,6.7e-05,,,2021-10-22 14:40:00
5449713.975442884,0.0,239.0,,0.8,98.0,6.7e-05,,,2021-10-22 14:45:00
5449714.975565058,0.0,241.0,,0.8,95.0,6.8e-05,,,2021-10-22 14:50:00
5449715.975687233,0.0,241.0,230.0,0.8,98.0,7.3e-05,,8.0,2021-10-22 14:55:00
5449716.975809407,0.0,242.0,,0.8,107.0,6.4e-05,,,2021-10-22 15:00:00
5449717.975931582,0.0,239.0,,0.8,104.0,5.8e-05,,,2021-10-22 15:05:00
5449718.976053757,0.0,236.0,,0.8,103.0,6e-05,,,2021-10-22 15:10:00
5449719.976175931,0.0,233.0,,0.8,101.0,6.6e-05,,,2021-10-22 15:15:00
5449720.976298107,0.0,230.0,,0.8,100.0,5.6e-05,,,2021-10-22 15:20:00
5449721.976420281,0.0,228.0,,0.8,103.0,5.1e-05,,,2021-10-22 15:25:00
5449722.976542456,0.0,223.0,,0.8,97.0,5e-05,,,2021-10-22 15:30:00
5449723.976664631,0.0,218.0,,0.8,97.0,4.9e-05,,,2021-10-22 15:35:00
5449724.976786805,0.0,214.0,,0.8,96.0,4.9e-05,,,2021-10-22 15:40:00
5449725.97690898,0.0,209.0,,0.8,102.0,5.2e-05,,,2021-10-22 15:45:00
5449726.977031155,0.0,207.0,,0.8,98.0,5.3e-05,,,2021-10-22 15:50:00
5449727.977153329,0.0,202.0,,0.8,96.0,5.3e-05,,,2021-10-22 15:55:00
5449728.977275504,0.0,196.0,,0.8,97.0,5.4e-05,,,2021-10-22 16:00:00
5449729.977397678,0.0,193.0,,0.8,97.0,6.1e-05,,,2021-10-22 16:05:00
5449730.977519853,0.0,189.0,,0.8,96.0,5.4e-05,,,2021-10-22 16:10:00
5449731.977642029,0.0,183.0,,0.8,95.0,5e-05,,,2021-10-22 16:15:00
5449732.977764203,0.0,179.0,,0.8,95.0,5.8e-05,,,2021-10-22 16:20:00
5449733.977886378,0.0,175.0,,0.8,96.0,4.6e-05,,,2021-10-22 16:25:00
5449734.978008552,0.0,171.0,,0.8,99.0,4.9e-05,,,2021-10-22 16:30:00
5449735.978130727,0.0,167.0,,0.8,101.0,5e-05,,,2021-10-22 16:35:00
5449736.978252902,0.0,164.0,,0.8,96.0,4.8e-05,,,2021-10-22 16:40:00
5449737.978375076,0.0,160.0,,0.8,94.0,5.2e-05,,,2021-10-22 16:45:00
5449738.978497251,0.0,156.0,,0.8,93.0,5.2e-05,,,2021-10-22 16:50:00
5449739.978619426,0.0,153.0,,0.8,93.0,5.2e-05,,,2021-10-22 16:55:00
5449740.9787416,0.0,149.0,,0.8,99.0,5e-05,,,2021-10-22 17:00:00
5449741.978863776,0.0,144.0,,0.8,109.0,5.3e-05,,,2021-10-22 17:05:00
5449742.97898595,0.0,144.0,,0.8,95.0,4.8e-05,,,2021-10-22 17:10:00
5449743.979108125,0.0,143.0,,0.8,100.0,4.8e-05,,,2021-10-22 17:15:00
5449744.9792303,0.0,140.0,,0.8,92.0,4.9e-05,,,2021-10-22 17:20:00
5449745.979352474,0.0,137.0,,0.8,91.0,4.9e-05,,,2021-10-22 17:25:00
5449746.979474649,0.0,132.0,,0.8,99.0,4.9e-05,,,2021-10-22 17:30:00
5449747.979596823,0.0,126.0,,0.8,92.0,4.8e-05,,,2021-10-22 17:35:00
5449748.979718998,0.0,122.0,,0.8,105.0,4.6e-05,,,2021-10-22 17:40:00
5449749.979841173,0.0,123.0,,0.8,97.0,4.8e-05,,,2021-10-22 17:45:00
5449750.979963347,0.0,121.0,,0.8,92.0,4.7e-05,,,2021-10-22 17:50:00
5449751.980085523,0.0,117.0,,0.8,90.0,4.8e-05,,,2021-10-22 17:55:00
5449752.9802076975,0.0,116.0,,0.8,91.0,4.8e-05,,,2021-10-22 18:00:00
5449753.980329872,0.0,115.0,,0.8,91.0,4.7e-05,,,2021-10-22 18:05:00
5449754.980452047,0.0,114.0,,0.8,90.0,4.6e-05,,,2021-10-22 18:10:00
5449755.980574221,0.0,114.0,,0.8,87.0,4.7e-05,,,2021-10-22 18:15:00
5449756.980696396,0.0,114.0,,0.8,88.0,4.6e-05,,,2021-10-22 18:20:00
5449757.980818571,0.0,113.0,,0.8,94.0,4.6e-05,,,2021-10-22 18:25:00
5449758.980940745,0.0,111.0,94.0,0.8,99.0,,,,2021-10-22 18:30:00
5449759.98106292,0.0,113.0,,0.8,109.0,4.6e-05,,,2021-10-22 18:35:00
5449760.981185094,0.0,117.0,,0.8,104.0,4.6e-05,,,2021-10-22 18:40:00
5449761.981307269,0.0,107.0,,0.8,94.0,4.7e-05,,,2021-10-22 18:45:00
5449762.981429445,0.0,109.0,,0.8,95.0,5e-05,,,2021-10-22 18:50:00
5449763.981551619,0.0,112.0,,0.8,104.0,4.7e-05,,,2021-10-22 18:55:00
5449764.981673794,0.0,119.0,,0.8,97.0,4.6e-05,,,2021-10-22 19:00:00
5449765.9817959685,0.0,125.0,,0.8,95.0,4.7e-05,,,2021-10-22 19:05:00
5449766.981918143,0.0,129.0,,0.8,97.0,5e-05,,,2021-10-22 19:10:00
5449767.982040318,0.0,132.0,,0.8,95.0,4.9e-05,,,2021-10-22 19:15:00
5449768.982162492,0.0,138.0,,0.8,95.0,4.7e-05,,,2021-10-22 19:20:00
5449769.982284667,0.0,143.0,,0.8,96.0,4.7e-05,,,2021-10-22 19:25:00
5449770.982406842,0.0,147.0,,0.8,97.0,4.6e-05,20.0,,2021-10-22 19:30:00
5449771.982529016,0.0,146.0,,0.8,97.0,4.7e-05,,,2021-10-22 19:35:00
5449772.982651192,0.0,148.0,,0.8,99.0,5.1e-05,,,2021-10-22 19:40:00
5449773.982773366,0.0,151.0,,0.8,99.0,5e-05,,,2021-10-22 19:45:00
5449774.982895541,0.0,154.0,,0.8,95.0,5.1e-05,,,2021-10-22 19:50:00
5449775.983017716,0.0,157.0,,0.8,96.0,5.3e-05,,,2021-10-22 19:55:00
5449776.98313989,0.0,162.0,179.0,0.8,106.0,5.2e-05,,8.1,2021-10-22 20:00:00
5449777.983262065,0.0,167.0,,0.8,110.0,4.8e-05,,,2021-10-22 20:05:00
5449778.9833842395,0.0,175.0,,0.8,107.0,4.8e-05,,,2021-10-22 20:10:00
5449779.983506414,0.0,179.0,,0.8,104.0,4.4e-05,,,2021-10-22 20:15:00
5449780.983628589,0.0,183.0,,0.8,95.0,4.9e-05,,,2021-10-22 20:20:00
5449781.983750763,0.0,188.0,,0.8,93.0,4.9e-05,,,2021-10-22 20:25:00
5449782.983872938,0.0,191.0,,0.8,91.0,4.9e-05,,,2021-10-22 20:30:00
5449783.9839951135,0.0,191.0,,0.8,97.0,5.3e-05,,,2021-10-22 20:35:00
5449784.984117288,0.0,188.0,,0.8,104.0,4.9e-05,,,2021-10-22 20:40:00
5449785.984239463,0.0,185.0,,0.8,96.0,5.1e-05,,,2021-10-22 20:45:00
5449786.984361637,0.0,179.0,,0.8,94.0,5.2e-05,,,2021-10-22 20:50:00
5449787.984483812,0.0,175.0,,0.8,95.0,5.3e-05,,,2021-10-22 20:55:00
5449788.984605987,0.0,172.0,,0.8,96.0,5.3e-05,,,2021-10-22 21:00:00
5449789.984728161,0.0,170.0,,0.8,96.0,5.6e-05,,,2021-10-22 21:05:00
5449790.984850336,0.0,168.0,,0.8,96.0,5.5e-05,,,2021-10-22 21:10:00
5449791.9849725105,0.0,166.0,,0.8,95.0,5.8e-05,,,2021-10-22 21:15:00
5449792.985094685,0.0,164.0,,0.8,105.0,5.8e-05,,,2021-10-22 21:20:00
5449793.985216861,0.0,160.0,,0.8,96.0,5.7e-05,,,2021-10-22 21:25:00
5449794.985339035,0.0,157.0,,0.8,90.0,6.1e-05,,,2021-10-22 21:30:00
5449795.98546121,0.0,155.0,,0.8,89.0,5.8e-05,,,2021-10-22 21:35:00
5449796.9855833845,0.0,155.0,,0.8,87.0,6.1e-05,,,2021-10-22 21:40:00
5449797.985705559,0.0,155.0,,0.8,100.0,5.4e-05,,,2021-10-22 21:45:00
5449798.985827734,0.0,156.0,,0.8,90.0,5.5e-05,,,2021-10-22 21:50:00
5449799.985949908,0.0,155.0,,0.8,88.0,5.7e-05,,,2021-10-22 21:55:00
5449800.986072083,0.0,153.0,,0.8,86.0,5.3e-05,,,2021-10-22 22:00:00
5449801.986194258,0.0,152.0,,0.8,85.0,5.3e-05,,,2021-10-22 22:05:00
5449802.986316432,0.0,151.0,,0.8,86.0,5.5e-05,,,2021-10-22 22:10:00
5449803.986438607,0.0,150.0,,0.8,83.0,5.5e-05,,,2021-10-22 22:15:00
5449804.986560782,0.0,148.0,,0.8,83.0,5.4e-05,,,2021-10-22 22:20:00
5449805.986682957,0.0,145.0,,0.8,99.0,5.4e-05,,,2021-10-22 22:25:00
5449806.986805132,0.0,141.0,,0.8,90.0,5.1e-05,,,2021-10-22 22:30:00
5449807.986927306,0.0,138.0,,0.8,94.0,5.3e-05,,,2021-10-22 22:35:00
5449808.987049481,0.0,135.0,,0.8,87.0,5.2e-05,,,2021-10-22 22:40:00
5449809.9871716555,0.0,133.0,,0.8,82.0,5.2e-05,,,2021-10-22 22:45:00
5449810.98729383,0.0,132.0,,0.8,82.0,5.4e-05,,,2021-10-22 22:50:00
5449811.987416005,0.0,132.0,,0.8,82.0,5.1e-05,,,2021-10-22 22:55:00
5449812.987538179,0.0,131.0,,0.8,83.0,5.2e-05,,,2021-10-22 23:00:00
5449813.987660354,0.0,130.0,,0.8,84.0,5e-05,,,2021-10-22 23:05:00
5449814.98778253,0.0,128.0,,0.8,84.0,4.9e-05,,,2021-10-22 23:10:00
5449815.987904704,0.0,127.0,,0.8,84.0,5.2e-05,,,2021-10-22 23:15:00
5449816.988026879,0.0,125.0,,0.8,83.0,5.5e-05,,,2021-10-22 23:20:00
5449817.988149053,0.0,124.0,,0.8,83.0,5.3e-05,,,2021-10-22 23:25:00
5449818.988271228,0.0,122.0,,0.8,82.0,4.9e-05,,,2021-10-22 23:30:00
5449819.988393403,0.0,121.0,107.0,0.8,85.0,5.1e-05,,,2021-10-22 23:35:00
5449820.988515577,0.0,118.0,,0.8,102.0,5.2e-05,,,2021-10-22 23:40:00
5449821.988637752,0.0,116.0,,0.8,95.0,6.6e-05,,,2021-10-22 23:45:00
5449822.9887599265,0.0,111.0,,0.8,81.0,0.000147,,,2021-10-22 23:50:00
5449823.988882101,0.0,108.0,,0.8,78.0,0.000261,,,2021-10-22 23:55:00
5449824.989004276,0.0,106.0,,1.5,78.0,0.00089,,,2021-10-23 00:00:00
5449825.989126451,0.0,103.0,,1.5,78.0,0.000754,,,2021-10-23 00:05:00
5449826.989248626,0.0,101.0,,1.5,80.0,0.000374,,,2021-10-23 00:10:00
5449827.989370801,0.0,99.0,,1.5,78.0,0.000326,,,2021-10-23 00:15:00
5449828.989492975,0.0,97.0,,1.5,80.0,0.000308,,,2021-10-23 00:20:00
5449829.98961515,0.0,96.0,,1.5,80.0,0.000191,,,2021-10-23 00:25:00
5449830.989737324,0.0,94.0,,1.5,80.0,0.000122,,,2021-10-23 00:30:00
5449831.989859499,0.0,92.0,,1.5,80.0,0.0001,,,2021-10-23 00:35:00
5449832.989981674,0.0,90.0,,1.5,80.0,8.8e-05,,,2021-10-23 00:40:00
5449833.990103848,0.0,92.0,,1.5,83.0,8.7e-05,,,2021-10-23 00:45:00
5449834.990226023,0.0,93.0,,1.5,80.0,7.8e-05,,,2021-10-23 00:50:00
5449835.990348198,0.0,92.0,,1.5,81.0,7.1e-05,,,2021-10-23 00:55:00
5449836.990470373,0.0,91.0,,1.5,80.0,6.7e-05,,,2021-10-23 01:00:00
5449837.990592548,0.0,91.0,,1.5,81.0,6.4e-05,,,2021-10-23 01:05:00
5449838.990714722,0.0,90.0,,1.5,82.0,6.3e-05,,,2021-10-23 01:10:00
5449839.990836897,0.0,91.0,,1.5,84.0,6e-05,,,2021-10-23 01:15:00
5449840.990959072,0.0,93.0,,1.5,79.0,6e-05,,,2021-10-23 01:20:00
5449841.991081246,0.0,92.0,,1.5,78.0,5.2e-05,,,2021-10-23 01:25:00
5449842.991203421,0.0,92.0,,1.5,97.0,5.3e-05,,,2021-10-23 01:30:00
5449843.991325595,0.0,92.0,,1.5,79.0,5.4e-05,,,2021-10-23 01:35:00
5449844.99144777,0.0,92.0,,1.5,76.0,5.2e-05,,,2021-10-23 01:40:00
5449845.991569946,0.0,92.0,,1.5,75.0,6.2e-05,,,2021-10-23 01:45:00
5449846.99169212,0.0,92.0,,1.5,76.0,6.3e-05,,,2021-10-23 01:50:00
5449847.991814295,0.0,93.0,,1.5,73.0,6.2e-05,,,2021-10-23 01:55:00
5449848.991936469,0.0,93.0,,1.5,75.0,5.6e-05,,,2021-10-23 02:00:00
5449849.992058644,0.0,94.0,,1.5,74.0,4.9e-05,,,2021-10-23 02:05:00
5449850.992180819,0.0,94.0,,1.5,74.0,6.3e-05,,,2021-10-23 02:10:00
5449851.992302993,0.0,94.0,,1.5,76.0,6.3e-05,,,2021-10-23 02:15:00
5449852.992425168,0.0,95.0,,1.5,74.0,6e-05,,,2021-10-23 02:20:00
5449853.992547343,0.0,96.0,,1.5,75.0,5e-05,,,2021-10-23 02:25:00
5449854.992669517,0.0,97.0,,1.5,94.0,5.3e-05,,,2021-10-23 02:30:00
5449855.992791692,0.0,98.0,,1.5,75.0,5.4e-05,,,2021-10-23 02:35:00
5449856.992913867,0.0,99.0,,1.5,80.0,5.1e-05,,,2021-10-23 02:40:00
5449857.993036042,0.0,101.0,,1.5,75.0,4.8e-05,,,2021-10-23 02:45:00
5449858.993158217,0.0,102.0,,1.5,96.0,5.8e-05,,,2021-10-23 02:50:00
5449859.993280391,0.0,104.0,,1.5,98.0,6e-05,,,2021-10-23 02:55:00
5449860.993402566,0.0,106.0,,1.6,87.0,7.2e-05,,,2021-10-23 03:00:00
5449861.99352474,0.0,108.0,,1.6,75.0,6.6e-05,,,2021-10-23 03:05:00
5449862.993646915,0.0,110.0,,1.6,75.0,5.8e-05,,,2021-10-23 03:10:00
5449863.99376909,0.0,112.0,,1.6,73.0,4.6e-05,,,2021-10-23 03:15:00
5449864.993891264,0.0,113.0,,1.6,71.0,4.7e-05,,,2021-10-23 03:20:00
5449865.994013439,0.0,115.0,,1.6,72.0,4.6e-05,,,2021-10-23 03:25:00
5449866.9941356145,0.0,119.0,,1.6,77.0,5.6e-05,,,2021-10-23 03:30:00
5449867.994257789,0.0,122.0,,1.6,74.0,5.8e-05,,,2021-10-23 03:35:00
5449868.994379964,0.0,125.0,,1.6,74.0,5.6e-05,,,2021-10-23 03:40:00
5449869.994502138,0.0,127.0,,1.6,74.0,5.5e-05,,,2021-10-23 03:45:00
5449870.994624313,0.0,127.0,,1.6,75.0,4.7e-05,,,2021-10-23 03:50:00
5449871.994746488,0.0,127.0,,1.6,75.0,4.5e-05,,,2021-10-23 03:55:00
5449872.994868662,0.0,127.0,,1.6,73.0,4.8e-05,,,2021-10-23 04:00:00
5449873.994990837,0.0,127.0,,1.6,76.0,5.1e-05,,,2021-10-23 04:05:00
5449874.995113011,0.0,124.0,,1.6,71.0,4.6e-05,,,2021-10-23 04:10:00
5449875.995235186,0.0,122.0,,1.6,73.0,4.6e-05,,,2021-10-23 04:15:00
5449876.995357361,0.0,126.0,,1.6,78.0,4.8e-05,,,2021-10-23 04:20:00
5449877.995479536,0.0,127.0,,1.6,73.0,4.6e-05,,,2021-10-23 04:25:00
5449878.995601711,0.0,126.0,,1.6,71.0,4.5e-05,,,2021-10-23 04:30:00
5449879.9957238855,0.0,126.0,,1.6,72.0,4.6e-05,,,2021-10-23 04:35:00
5449880.99584606,0.0,126.0,,1.6,73.0,5e-05,,,2021-10-23 04:40:00
5449881.995968235,0.0,126.0,,1.6,72.0,4.7e-05,,,2021-10-23 04:45:00
5449882.996090409,0.0,126.0,,1.6,94.0,4.8e-05,,,2021-10-23 04:50:00
5449883.996212584,0.0,128.0,,1.6,81.0,4.7e-05,,,2021-10-23 04:55:00
5449884.996334759,0.0,129.0,,1.6,76.0,4.8e-05,,,2021-10-23 05:00:00
5449885.996456933,0.0,128.0,,1.6,75.0,4.9e-05,,,2021-10-23 05:05:00
5449886.996579108,0.0,128.0,,1.6,73.0,4.7e-05,,,2021-10-23 05:10:00
5449887.996701283,0.0,128.0,,1.6,76.0,4.6e-05,,,2021-10-23 05:15:00
5449888.996823458,0.0,127.0,,1.6,131.0,4.6e-05,,,2021-10-23 05:20:00
5449889.996945633,0.0,126.0,,1.6,133.0,5e-05,,,2021-10-23 05:25:00
5449890.997067807,0.0,125.0,,1.6,140.0,4.7e-05,,,2021-10-23 05:30:00
5449891.997189982,0.0,125.0,,1.6,155.0,4.8e-05,,,2021-10-23 05:35:00
5449892.9973121565,0.0,126.0,,1.6,107.0,5.9e-05,,,2021-10-23 05:40:00
5449893.997434331,0.0,128.0,,1.6,74.0,5.5e-05,,,2021-10-23 05:45:00
5449894.997556506,0.0,130.0,,1.6,72.0,4.9e-05,,,2021-10-23 05:50:00
5449895.99767868,0.0,131.0,,1.6,71.0,4.6e-05,,,2021-10-23 05:55:00
5449896.997800855,0.0,132.0,,1.6,70.0,4.6e-05,,,2021-10-23 06:00:00
5449897.99792303,0.0,133.0,,1.6,72.0,4.6e-05,,,2021-10-23 06:05:00
5449898.998045205,0.0,134.0,,1.6,70.0,4.8e-05,,,2021-10-23 06:10:00
5449899.99816738,0.0,136.0,,1.6,85.0,5.1e-05,,,2021-10-23 06:15:00
5449900.998289554,0.0,137.0,,1.6,70.0,4.9e-05,,,2021-10-23 06:20:00
5449901.998411729,0.0,138.0,,1.6,73.0,5.3e-05,,,2021-10-23 06:25:00
5449902.998533904,0.0,139.0,,1.6,82.0,5.4e-05,,,2021-10-23 06:30:00
5449903.998656078,0.0,140.0,,1.6,153.0,5.4e-05,,,2021-10-23 06:35:00
5449904.998778253,0.0,141.0,,1.6,77.0,4.8e-05,,,2021-10-23 06:40:00
5449905.9989004275,0.0,141.0,,1.6,73.0,5.1e-05,,,2021-10-23 06:45:00
5449906.999022602,0.0,141.0,,1.6,76.0,5.1e-05,,,2021-10-23 06:50:00
5449907.999144777,0.0,142.0,,1.6,76.0,5.1e-05,,,2021-10-23 06:55:00
5449908.999266952,0.0,142.0,,1.6,75.0,5.3e-05,,,2021-10-23 07:00:00
5449909.999389127,0.0,143.0,,1.6,76.0,5.4e-05,,,2021-10-23 07:05:00
5449910.9995113015,0.0,145.0,,1.6,77.0,5.1e-05,,,2021-10-23 07:10:00
5449911.999633476,0.0,146.0,,1.6,77.0,5.1e-05,,,2021-10-23 07:15:00
5449912.999755651,0.0,148.0,,1.6,78.0,4.8e-05,,,2021-10-23 07:20:00
5449913.999877825,0.0,151.0,166.0,1.6,100.0,5.1e-05,,,2021-10-23 07:25:00
5449915.0,0.0,152.0,,1.3,102.0,4.7e-05,,,2021-10-23 07:35:00
5449916.000122175,0.0,154.0,166.0,1.3,105.0,4.9e-05,,4.9,2021-10-23 07:40:00
5449917.000244349,0.0,160.0,,1.3,97.0,5e-05,,,2021-10-23 07:45:00
5449918.000366524,0.0,166.0,,1.3,92.0,5.4e-05,,,2021-10-23 07:50:00
5449919.000488699,0.0,172.0,,1.3,96.0,4.8e-05,,,2021-10-23 07:55:00
5449920.000610874,0.0,176.0,,1.3,95.0,4.9e-05,,,2021-10-23 08:00:00
5449921.000733049,0.0,181.0,,1.3,94.0,4.9e-05,9.0,,2021-10-23 08:05:00
5449922.000855223,0.0,186.0,,1.3,96.0,4.9e-05,,,2021-10-23 08:10:00
5449923.000977398,0.0,190.0,,1.3,110.0,4.7e-05,,,2021-10-23 08:15:00
5449924.0010995725,0.0,193.0,,1.3,107.0,4.9e-05,,,2021-10-23 08:20:00
5449925.001221747,0.0,195.0,,1.3,,,,,2021-10-23 08:25:00
5449926.001343922,0.0,197.0,,1.3,,,,,2021-10-23 08:30:00
5449927.001466096,0.0,196.0,,1.3,,,,,2021-10-23 08:35:00
5449928.001588271,0.0,199.0,,1.3,,,,,2021-10-23 08:40:00
5449929.001710446,0.0,205.0,,1.3,,,,,2021-10-23 08:45:00
5449930.001832621,0.0,209.0,,1.3,106.0,0.027035,,,2021-10-23 08:50:00
5449931.001954796,0.0,212.0,,1.3,109.0,0.1638,,,2021-10-23 08:55:00
5449932.00207697,0.0,213.0,,1.3,104.0,0.10354,,,2021-10-23 09:00:00
5449933.002199145,0.0,213.0,,1.3,102.0,0.017534,,,2021-10-23 09:05:00
5449934.00232132,0.0,213.0,,1.3,109.0,0.007354,,,2021-10-23 09:10:00
5449935.002443494,0.0,211.0,,1.3,111.0,0.011336,,,2021-10-23 09:15:00
5449936.002565669,0.0,212.0,,1.3,104.0,0.02136,,,2021-10-23 09:20:00
5449937.0026878435,0.0,216.0,,1.3,112.0,0.009512,,,2021-10-23 09:25:00
5449938.002810018,0.0,217.0,,1.3,102.0,0.004762,,,2021-10-23 09:30:00
5449939.002932193,0.0,218.0,,1.3,101.0,0.001722,,,2021-10-23 09:35:00
5449940.003054368,0.0,219.0,,1.3,100.0,0.000811,,,2021-10-23 09:40:00
5449941.003176543,0.0,220.0,,1.3,103.0,0.000359,,,2021-10-23 09:45:00
5449942.003298718,0.0,220.0,230.0,1.3,103.0,0.000259,,8.0,2021-10-23 09:50:00
5449943.003420892,0.0,219.0,,1.3,93.0,0.000209,,,2021-10-23 09:55:00
5449944.003543067,0.0,222.0,,1.3,112.0,0.000143,,,2021-10-23 10:00:00
5449945.003665241,0.0,224.0,,1.2,101.0,0.000152,,,2021-10-23 10:05:00
5449946.003787416,0.0,223.0,,1.2,96.0,0.000152,,,2021-10-23 10:10:00
5449947.003909591,0.0,221.0,,1.2,100.0,0.000155,,,2021-10-23 10:15:00
5449948.004031765,0.0,221.0,,1.2,102.0,0.000143,,,2021-10-23 10:20:00
5449949.00415394,0.0,218.0,,1.2,98.0,0.000141,,,2021-10-23 10:25:00
5449950.0042761145,0.0,213.0,,1.2,98.0,0.00014,,,2021-10-23 10:30:00
5449951.00439829,0.0,209.0,,1.2,102.0,0.000128,,,2021-10-23 10:35:00
5449952.004520465,0.0,206.0,,1.2,97.0,0.000121,,,2021-10-23 10:40:00
5449953.004642639,0.0,202.0,,1.2,96.0,0.000103,,,2021-10-23 10:45:00
5449954.004764814,0.0,200.0,,1.2,102.0,9.2e-05,,,2021-10-23 10:50:00
5449955.004886989,0.0,196.0,,1.2,102.0,9.5e-05,,,2021-10-23 10:55:00
5449956.005009163,0.0,193.0,,1.2,103.0,9.3e-05,,,2021-10-23 11:00:00
5449957.005131338,0.0,191.0,,1.2,97.0,9.6e-05,,,2021-10-23 11:05:00
5449958.005253512,0.0,185.0,,1.2,108.0,9.5e-05,,,2021-10-23 11:10:00
5449959.005375687,0.0,181.0,,1.2,100.0,6.8e-05,,,2021-10-23 11:15:00
5449960.005497862,0.0,179.0,,1.2,100.0,6.3e-05,,,2021-10-23 11:20:00
5449961.005620037,0.0,175.0,,1.2,96.0,7.3e-05,,,2021-10-23 11:25:00
5449962.005742212,0.0,172.0,,1.2,93.0,7.4e-05,,,2021-10-23 11:30:00
5449963.005864386,0.0,169.0,,0.7,94.0,7.3e-05,,,2021-10-23 11:35:00
5449964.005986561,1.0,,,0.7,92.0,7.6e-05,,,2021-10-23 11:40:00
5449965.006108736,1.0,,155.0,0.7,93.0,7.4e-05,,,2021-10-23 11:45:00
5449966.00623091,1.0,,,0.7,90.0,7.3e-05,,,2021-10-23 11:50:00
5449967.006353085,0.0,156.0,,0.7,92.0,8e-05,,,2021-10-23 11:55:00
5449968.00647526,0.0,155.0,,0.7,88.0,7.8e-05,,,2021-10-23 12:00:00
5449969.006597434,0.0,154.0,,0.7,91.0,7.8e-05,,,2021-10-23 12:05:00
5449970.006719609,0.0,152.0,,0.7,91.0,7.4e-05,,,2021-10-23 12:10:00
5449971.006841783,0.0,150.0,,0.7,89.0,8.3e-05,,,2021-10-23 12:15:00
5449972.006963959,0.0,149.0,,0.7,90.0,7.9e-05,,,2021-10-23 12:20:00
5449973.007086134,0.0,148.0,,0.7,89.0,8.2e-05,,,2021-10-23 12:25:00
5449974.007208308,0.0,147.0,,0.7,87.0,8.6e-05,,,2021-10-23 12:30:00
5449975.007330483,0.0,146.0,,0.7,86.0,8.4e-05,,,2021-10-23 12:35:00
5449976.007452657,0.0,145.0,,0.7,86.0,8.4e-05,,,2021-10-23 12:40:00
5449977.007574832,0.0,144.0,,0.7,88.0,8.8e-05,,,2021-10-23 12:45:00
5449978.007697007,0.0,143.0,,0.7,86.0,8.7e-05,,,2021-10-23 12:50:00
5449979.007819181,0.0,143.0,,0.7,87.0,8.6e-05,,,2021-10-23 12:55:00
5449980.007941356,0.0,142.0,,0.7,90.0,8.2e-05,,,2021-10-23 13:00:00
5449981.008063531,0.0,142.0,,0.7,92.0,9.5e-05,,,2021-10-23 13:05:00
5449982.008185706,0.0,141.0,,0.7,91.0,9.1e-05,,,2021-10-23 13:10:00
5449983.008307881,0.0,140.0,,0.7,104.0,8.6e-05,23.0,,2021-10-23 13:15:00
5449984.008430055,0.0,136.0,,0.7,89.0,9e-05,,,2021-10-23 13:20:00
5449985.00855223,0.0,135.0,,0.7,95.0,8.3e-05,,,2021-10-23 13:25:00
5449986.008674405,0.0,134.0,,0.7,87.0,8.2e-05,,,2021-10-23 13:30:00
5449987.008796579,0.0,133.0,,0.7,92.0,8.8e-05,,,2021-10-23 13:35:00
5449988.008918754,0.0,134.0,,0.7,92.0,7.9e-05,,,2021-10-23 13:40:00
5449989.009040928,0.0,134.0,,0.7,91.0,8.6e-05,,,2021-10-23 13:45:00
5449990.009163103,0.0,135.0,,0.7,94.0,8.3e-05,,,2021-10-23 13:50:00
5449991.009285278,0.0,136.0,,0.7,92.0,8.1e-05,,,2021-10-23 13:55:00
5449992.009407453,0.0,138.0,163.0,0.7,91.0,9e-05,,,2021-10-23 14:00:00
5449993.009529628,0.0,137.0,,0.7,101.0,9.2e-05,,,2021-10-23 14:05:00
5449994.0096518025,0.0,137.0,,0.7,103.0,9e-05,,,2021-10-23 14:10:00
5449995.009773977,0.0,136.0,,0.7,97.0,9.9e-05,,,2021-10-23 14:15:00
5449996.009896152,0.0,135.0,,0.7,100.0,0.000102,,,2021-10-23 14:20:00
5449997.010018326,0.0,136.0,163.0,0.7,102.0,9.7e-05,,8.1,2021-10-23 14:25:00
5449998.010140501,0.0,136.0,,0.7,100.0,0.000101,,,2021-10-23 14:30:00
5449999.010262676,0.0,151.0,,0.7,105.0,0.000104,,,2021-10-23 14:35:00
5450000.01038485,0.0,156.0,,0.7,106.0,0.000111,,,2021-10-23 14:40:00
5450001.010507025,0.0,161.0,,0.7,106.0,0.000112,,,2021-10-23 14:45:00
5450002.010629199,0.0,169.0,,0.7,99.0,0.000113,,,2021-10-23 14:50:00
5450003.010751375,0.0,175.0,,0.7,98.0,0.000111,,,2021-10-23 14:55:00
5450004.01087355,0.0,177.0,,0.7,105.0,0.000113,,,2021-10-23 15:00:00
5450005.010995724,0.0,179.0,,0.7,96.0,0.000131,,,2021-10-23 15:05:00
5450006.011117899,0.0,181.0,,0.7,94.0,0.000131,,,2021-10-23 15:10:00
5450007.0112400735,0.0,182.0,,0.7,94.0,0.00014,,,2021-10-23 15:15:00
5450008.011362248,0.0,181.0,,0.7,102.0,0.000129,,,2021-10-23 15:20:00
5450009.011484423,0.0,175.0,,0.7,105.0,0.000128,,,2021-10-23 15:25:00
5450010.011606597,0.0,175.0,,0.7,104.0,0.000136,,,2021-10-23 15:30:00
5450011.011728772,0.0,172.0,,0.7,105.0,0.000253,,,2021-10-23 15:35:00
5450012.011850947,0.0,171.0,,0.7,97.0,0.000547,,,2021-10-23 15:40:00
5450013.011973122,0.0,170.0,,0.7,105.0,0.000334,,,2021-10-23 15:45:00
5450014.012095297,0.0,170.0,,0.7,108.0,0.00035,,,2021-10-23 15:50:00
5450015.012217471,0.0,169.0,,0.7,109.0,0.001228,,,2021-10-23 15:55:00
5450016.012339646,0.0,171.0,184.0,0.7,96.0,0.00815,,,2021-10-23 16:00:00
5450017.012461821,0.0,173.0,,0.7,95.0,0.006464,,,2021-10-23 16:05:00
5450018.012583995,0.0,177.0,,0.7,95.0,0.004774,,,2021-10-23 16:10:00
5450019.01270617,0.0,175.0,,0.7,106.0,0.009898,,,2021-10-23 16:15:00
5450020.0128283445,0.0,170.0,,0.7,101.0,0.02528,,,2021-10-23 16:20:00
5450021.012950519,0.0,171.0,,0.7,100.0,0.02914,,,2021-10-23 16:25:00
5450022.013072694,0.0,175.0,,0.7,94.0,0.01792,,,2021-10-23 16:30:00
5450023.013194868,0.0,178.0,,0.7,93.0,0.0131,,,2021-10-23 16:35:00
5450024.013317044,0.0,180.0,,0.7,93.0,0.00797,,,2021-10-23 16:40:00
5450025.0134392185,0.0,181.0,,0.7,92.0,0.006094,,,2021-10-23 16:45:00
5450026.013561393,0.0,184.0,,0.7,99.0,0.004022,,,2021-10-23 16:50:00
5450027.013683568,0.0,186.0,,0.7,94.0,0.002312,,,2021-10-23 16:55:00
5450028.013805742,0.0,187.0,,0.7,94.0,0.001504,,,2021-10-23 17:00:00
5450029.013927917,0.0,190.0,,0.7,94.0,0.001524,,,2021-10-23 17:05:00
5450030.014050092,0.0,193.0,,0.7,93.0,0.00152,,,2021-10-23 17:10:00
5450031.014172266,0.0,194.0,,0.7,94.0,0.000767,,,2021-10-23 17:15:00
5450032.014294441,0.0,195.0,,0.7,92.0,0.000693,,,2021-10-23 17:20:00
5450033.0144166155,0.0,197.0,,0.7,92.0,0.000806,,,2021-10-23 17:25:00
5450034.014538791,0.0,198.0,,0.7,92.0,0.000643,,,2021-10-23 17:30:00
5450035.014660966,0.0,199.0,,0.7,91.0,0.000477,,,2021-10-23 17:35:00
5450036.01478314,0.0,199.0,,0.7,91.0,0.000522,,,2021-10-23 17:40:00
5450037.014905315,0.0,200.0,,0.7,91.0,0.000628,25.0,,2021-10-23 17:45:00
5450038.0150274895,0.0,200.0,,0.7,92.0,0.000656,,,2021-10-23 17:50:00
5450039.015149664,0.0,199.0,,0.7,109.0,0.000349,,,2021-10-23 17:55:00
5450040.015271839,0.0,197.0,206.0,0.7,92.0,0.000283,,,2021-10-23 18:00:00
5450041.015394013,0.0,199.0,206.0,0.7,90.0,0.000323,,12.6,2021-10-23 18:05:00
5450042.015516188,0.0,201.0,,0.7,89.0,0.00029,,,2021-10-23 18:10:00
5450043.015638363,0.0,202.0,,0.7,95.0,0.000317,,,2021-10-23 18:15:00
5450044.015760537,0.0,204.0,,0.7,96.0,0.000288,,,2021-10-23 18:20:00
5450045.015882713,0.0,205.0,,0.7,93.0,0.000241,,,2021-10-23 18:25:00
5450046.016004887,0.0,207.0,,0.7,90.0,0.00024,,,2021-10-23 18:30:00
5450047.016127062,0.0,209.0,,0.8,96.0,0.000201,,,2021-10-23 18:35:00
5450048.016249237,0.0,211.0,,0.8,93.0,0.0002,,,2021-10-23 18:40:00
5450049.016371411,0.0,214.0,,0.8,91.0,0.000204,,,2021-10-23 18:45:00
5450050.016493586,0.0,217.0,,0.8,91.0,0.000166,,,2021-10-23 18:50:00
5450051.0166157605,0.0,219.0,,0.8,92.0,0.000155,,,2021-10-23 18:55:00
5450052.016737935,0.0,219.0,,0.8,92.0,0.00016,,,2021-10-23 19:00:00
5450053.01686011,0.0,219.0,,0.8,91.0,0.000137,,,2021-10-23 19:05:00
5450054.016982284,0.0,219.0,,0.8,97.0,0.000104,,,2021-10-23 19:10:00
5450055.01710446,0.0,220.0,,0.8,93.0,0.000107,,,2021-10-23 19:15:00
5450056.017226635,0.0,220.0,,0.8,94.0,0.000119,,,2021-10-23 19:20:00
5450057.017348809,0.0,220.0,,0.8,93.0,0.000116,,,2021-10-23 19:25:00
5450058.017470984,0.0,220.0,,0.8,91.0,0.000139,,,2021-10-23 19:30:00
5450059.017593158,0.0,221.0,,0.8,97.0,0.000153,,,2021-10-23 19:35:00
5450060.017715333,0.0,219.0,,0.8,94.0,0.000101,,,2021-10-23 19:40:00
5450061.017837508,0.0,217.0,,0.8,94.0,0.000102,,,2021-10-23 19:45:00
5450062.017959682,0.0,217.0,,0.8,91.0,0.00012,,,2021-10-23 19:50:00
5450063.018081857,0.0,217.0,,0.8,93.0,0.000126,,,2021-10-23 19:55:00
5450064.0182040315,0.0,217.0,,0.8,97.0,0.000117,,,2021-10-23 20:00:00
5450065.018326206,0.0,218.0,,0.8,88.0,0.000113,,,2021-10-23 20:05:00
5450066.018448382,0.0,219.0,243.0,0.8,105.0,0.000106,,7.9,2021-10-23 20:10:00
5450067.018570556,0.0,219.0,,0.8,95.0,8.7e-05,,,2021-10-23 20:15:00
5450068.018692731,0.0,222.0,,0.8,95.0,8.9e-05,,,2021-10-23 20:20:00
5450069.018814906,0.0,226.0,,0.8,90.0,9.8e-05,,,2021-10-23 20:25:00
5450070.01893708,0.0,229.0,,0.8,93.0,0.000104,,,2021-10-23 20:30:00
5450071.019059255,0.0,228.0,,0.8,94.0,9.8e-05,,,2021-10-23 20:35:00
5450072.019181429,0.0,227.0,,0.8,88.0,8.6e-05,,,2021-10-23 20:40:00
5450073.019303604,0.0,227.0,,0.8,88.0,8.7e-05,,,2021-10-23 20:45:00
5450074.019425779,0.0,227.0,,0.8,87.0,8.2e-05,,,2021-10-23 20:50:00
5450075.019547953,0.0,225.0,,0.8,86.0,8.2e-05,,,2021-10-23 20:55:00
5450076.019670129,0.0,224.0,,0.8,92.0,8.4e-05,,,2021-10-23 21:00:00
5450077.019792303,0.0,222.0,,0.8,92.0,8e-05,,,2021-10-23 21:05:00
5450078.019914478,0.0,221.0,,0.8,87.0,7.3e-05,,,2021-10-23 21:10:00
5450079.020036653,0.0,219.0,,0.8,84.0,6.8e-05,,,2021-10-23 21:15:00
5450080.020158827,0.0,216.0,,0.8,81.0,7.2e-05,,,2021-10-23 21:20:00
5450081.020281002,0.0,214.0,,0.8,82.0,6.4e-05,,,2021-10-23 21:25:00
5450082.020403177,0.0,213.0,,0.8,90.0,6e-05,,,2021-10-23 21:30:00
5450083.020525351,0.0,213.0,,0.8,95.0,6e-05,,,2021-10-23 21:35:00
5450084.020647526,0.0,212.0,,0.8,81.0,6.4e-05,,,2021-10-23 21:40:00
5450085.0207697,0.0,211.0,,0.8,82.0,6.4e-05,,,2021-10-23 21:45:00
5450086.020891876,0.0,210.0,,0.8,90.0,5.8e-05,,,2021-10-23 21:50:00
5450087.021014051,0.0,210.0,,0.8,113.0,4.9e-05,,,2021-10-23 21:55:00
5450088.021136225,0.0,209.0,,0.8,87.0,5.6e-05,,,2021-10-23 22:00:00
5450089.0212584,0.0,207.0,,0.8,82.0,5.8e-05,,,2021-10-23 22:05:00
5450090.021380574,0.0,206.0,,0.8,81.0,5.5e-05,,,2021-10-23 22:10:00
5450091.021502749,0.0,206.0,,0.8,85.0,5.9e-05,,,2021-10-23 22:15:00
5450092.021624924,0.0,205.0,,0.8,95.0,6.2e-05,,,2021-10-23 22:20:00
5450093.021747098,0.0,206.0,,0.8,87.0,6.1e-05,,,2021-10-23 22:25:00
5450094.021869273,0.0,206.0,,0.8,86.0,6.6e-05,,,2021-10-23 22:30:00
5450095.021991448,0.0,208.0,,0.8,86.0,6.7e-05,,,2021-10-23 22:35:00
5450096.022113622,0.0,210.0,,0.8,91.0,6.8e-05,,,2021-10-23 22:40:00
5450097.022235798,0.0,210.0,,0.8,92.0,7e-05,,,2021-10-23 22:45:00
5450098.022357972,0.0,213.0,,0.8,90.0,7.2e-05,,,2021-10-23 22:50:00
5450099.022480147,0.0,214.0,,0.8,88.0,7.3e-05,,,2021-10-23 22:55:00
5450100.022602322,0.0,215.0,232.0,0.8,93.0,7.4e-05,,7.1,2021-10-23 23:00:00
5450101.022724496,0.0,213.0,,0.8,81.0,7.3e-05,,,2021-10-23 23:05:00
5450102.022846671,0.0,215.0,,0.8,76.0,7.1e-05,,,2021-10-23 23:10:00
5450103.022968845,0.0,225.0,,0.8,75.0,6.8e-05,,,2021-10-23 23:15:00
5450104.02309102,0.0,225.0,,0.8,75.0,6.9e-05,,,2021-10-23 23:20:00
5450105.023213195,0.0,223.0,,0.8,78.0,6.2e-05,,,2021-10-23 23:25:00
5450106.023335369,0.0,221.0,,0.8,79.0,7.1e-05,,,2021-10-23 23:30:00
5450107.023457545,0.0,220.0,,0.8,77.0,7.5e-05,,,2021-10-23 23:35:00
5450108.0235797195,0.0,218.0,,0.8,78.0,7.2e-05,,,2021-10-23 23:40:00
5450109.023701894,0.0,215.0,,0.8,78.0,7.5e-05,,,2021-10-23 23:45:00
5450110.023824069,0.0,213.0,,0.8,80.0,7.8e-05,,,2021-10-23 23:50:00
5450111.023946243,0.0,211.0,,0.8,79.0,8.1e-05,,,2021-10-23 23:55:00
5450112.024068418,0.0,210.0,,0.8,79.0,8.1e-05,,,2021-10-24 00:00:00
5450113.024190593,0.0,207.0,,1.5,80.0,8e-05,,,2021-10-24 00:05:00
5450114.024312767,0.0,204.0,,1.5,90.0,8.6e-05,,,2021-10-24 00:10:00
5450115.024434942,0.0,200.0,,1.5,137.0,7.9e-05,,,2021-10-24 00:15:00
5450116.024557116,0.0,197.0,,1.5,78.0,9.4e-05,,,2021-10-24 00:20:00
5450117.024679291,0.0,195.0,,1.5,77.0,0.000102,,,2021-10-24 00:25:00
5450118.024801467,0.0,193.0,,1.5,79.0,0.000106,,,2021-10-24 00:30:00
5450119.024923641,0.0,192.0,,1.5,76.0,0.000109,,,2021-10-24 00:35:00
5450120.025045816,0.0,191.0,,1.5,77.0,0.000112,,,2021-10-24 00:40:00
5450121.0251679905,0.0,191.0,,1.5,80.0,0.000117,,,2021-10-24 00:45:00
5450122.025290165,0.0,190.0,,1.5,97.0,9.5e-05,,,2021-10-24 00:50:00
5450123.02541234,0.0,189.0,,1.5,77.0,0.000114,,,2021-10-24 00:55:00
5450124.025534514,0.0,191.0,,1.5,81.0,8.9e-05,,,2021-10-24 01:00:00
5450125.025656689,0.0,193.0,,1.5,78.0,9.3e-05,,,2021-10-24 01:05:00
5450126.025778864,0.0,193.0,,1.5,77.0,9.1e-05,,,2021-10-24 01:10:00
5450127.025901038,0.0,192.0,,1.5,79.0,8.5e-05,,,2021-10-24 01:15:00
5450128.026023214,0.0,191.0,,1.5,79.0,0.000122,,,2021-10-24 01:20:00
5450129.026145388,0.0,191.0,,1.5,96.0,0.000135,,,2021-10-24 01:25:00
5450130.026267563,0.0,194.0,,1.5,144.0,8.8e-05,,,2021-10-24 01:30:00
5450131.026389738,0.0,194.0,,1.5,138.0,7.8e-05,,,2021-10-24 01:35:00
5450132.026511912,0.0,192.0,,1.5,148.0,7.5e-05,,,2021-10-24 01:40:00
5450133.026634087,0.0,193.0,,1.5,133.0,7e-05,,,2021-10-24 01:45:00
5450134.0267562615,0.0,196.0,,1.5,92.0,6.9e-05,,,2021-10-24 01:50:00
5450135.026878436,0.0,198.0,,1.5,77.0,6.8e-05,,,2021-10-24 01:55:00
5450136.027000611,0.0,201.0,,1.5,110.0,5.8e-05,,,2021-10-24 02:00:00
5450137.027122785,0.0,204.0,,1.5,74.0,6.8e-05,,,2021-10-24 02:05:00
5450138.02724496,0.0,206.0,,1.5,76.0,7.3e-05,,,2021-10-24 02:10:00
5450139.0273671355,0.0,209.0,,1.5,75.0,6.9e-05,,,2021-10-24 02:15:00
5450140.02748931,0.0,212.0,,1.5,73.0,6.8e-05,,,2021-10-24 02:20:00
5450141.027611485,0.0,212.0,,1.5,70.0,6.2e-05,,,2021-10-24 02:25:00
5450142.027733659,0.0,211.0,,1.5,72.0,6e-05,,,2021-10-24 02:30:00
5450143.027855834,0.0,210.0,,1.5,73.0,6e-05,,,2021-10-24 02:35:00
5450144.027978009,0.0,210.0,,1.5,73.0,6e-05,,,2021-10-24 02:40:00
5450145.028100183,0.0,211.0,,1.5,74.0,6e-05,,,2021-10-24 02:45:00
5450146.028222358,0.0,213.0,,1.5,73.0,6.3e-05,,,2021-10-24 02:50:00
5450147.0283445325,0.0,215.0,,1.5,76.0,5.9e-05,,,2021-10-24 02:55:00
5450148.028466707,0.0,219.0,,1.5,77.0,5.7e-05,,,2021-10-24 03:00:00
5450149.028588883,0.0,224.0,,1.6,76.0,5.9e-05,,,2021-10-24 03:05:00
5450150.028711057,0.0,232.0,,1.6,75.0,6.7e-05,,,2021-10-24 03:10:00
5450151.028833232,0.0,237.0,,1.6,75.0,7.3e-05,,,2021-10-24 03:15:00
5450152.0289554065,0.0,237.0,,1.6,74.0,7.6e-05,,,2021-10-24 03:20:00
5450153.029077581,0.0,238.0,,1.6,76.0,7.9e-05,,,2021-10-24 03:25:00
5450154.029199756,0.0,237.0,,1.6,75.0,8.4e-05,,,2021-10-24 03:30:00
5450155.02932193,0.0,237.0,,1.6,101.0,7e-05,,,2021-10-24 03:35:00
5450156.029444105,0.0,240.0,,1.6,84.0,6.5e-05,,,2021-10-24 03:40:00
5450157.02956628,0.0,240.0,263.0,1.6,88.0,6.4e-05,,10.6,2021-10-24 03:45:00
5450158.029688454,0.0,238.0,,1.6,75.0,6.8e-05,,,2021-10-24 03:50:00
5450159.02981063,0.0,253.0,,1.6,73.0,7.7e-05,,,2021-10-24 03:55:00
5450160.029932804,0.0,249.0,,1.6,72.0,8.7e-05,,,2021-10-24 04:00:00
5450161.030054979,0.0,245.0,,1.6,76.0,9.2e-05,,,2021-10-24 04:05:00
5450162.030177154,0.0,242.0,,1.6,86.0,7e-05,,,2021-10-24 04:10:00
5450163.030299328,0.0,237.0,,1.6,97.0,6.7e-05,,,2021-10-24 04:15:00
5450164.030421503,0.0,231.0,,1.6,72.0,6.8e-05,,,2021-10-24 04:20:00
5450165.0305436775,0.0,226.0,,1.6,73.0,7e-05,,,2021-10-24 04:25:00
5450166.030665852,0.0,221.0,,1.6,74.0,6.9e-05,,,2021-10-24 04:30:00
5450167.030788027,0.0,216.0,,1.6,76.0,6.3e-05,,,2021-10-24 04:35:00
5450168.030910201,0.0,213.0,,1.6,74.0,7.2e-05,,,2021-10-24 04:40:00
5450169.031032376,0.0,210.0,,1.6,74.0,7.4e-05,,,2021-10-24 04:45:00
5450170.031154552,0.0,206.0,,1.6,72.0,6.6e-05,,,2021-10-24 04:50:00
5450171.031276726,0.0,200.0,,1.6,70.0,6.8e-05,,,2021-10-24 04:55:00
5450172.031398901,0.0,194.0,,1.6,71.0,6.7e-05,,,2021-10-24 05:00:00
5450173.031521075,0.0,190.0,,1.6,70.0,6.7e-05,,,2021-10-24 05:05:00
5450174.03164325,0.0,187.0,,1.6,69.0,6.7e-05,,,2021-10-24 05:10:00
5450175.031765425,0.0,183.0,,1.6,72.0,6.5e-05,,,2021-10-24 05:15:00
5450176.031887599,0.0,181.0,,1.6,73.0,6.2e-05,,,2021-10-24 05:20:00
5450177.032009774,0.0,179.0,,1.6,75.0,6.4e-05,,,2021-10-24 05:25:00
5450178.0321319485,0.0,176.0,,1.6,72.0,7.2e-05,,,2021-10-24 05:30:00
5450179.032254123,0.0,172.0,,1.6,74.0,7.7e-05,,,2021-10-24 05:35:00
5450180.032376299,0.0,168.0,,1.6,75.0,8.4e-05,,,2021-10-24 05:40:00
5450181.032498473,0.0,165.0,,1.6,75.0,8.9e-05,,,2021-10-24 05:45:00
5450182.032620648,0.0,162.0,,1.6,75.0,8.3e-05,,,2021-10-24 05:50:00
5450183.032742823,0.0,160.0,,1.6,78.0,8e-05,,,2021-10-24 05:55:00
5450184.032864997,0.0,156.0,,1.6,125.0,6.9e-05,,,2021-10-24 06:00:00
5450185.032987172,0.0,151.0,,1.6,137.0,6.5e-05,,,2021-10-24 06:05:00
5450186.033109346,0.0,148.0,,1.6,145.0,6.2e-05,,,2021-10-24 06:10:00
5450187.033231521,0.0,145.0,,1.6,92.0,6.3e-05,,,2021-10-24 06:15:00
5450188.033353696,0.0,143.0,,1.6,69.0,6.5e-05,,,2021-10-24 06:20:00
5450189.03347587,0.0,141.0,,1.6,67.0,6.5e-05,,,2021-10-24 06:25:00
5450190.033598045,0.0,140.0,,1.6,69.0,6.5e-05,,,2021-10-24 06:30:00
5450191.03372022,0.0,138.0,,1.6,70.0,6.6e-05,,,2021-10-24 06:35:00
5450192.033842395,0.0,137.0,,1.6,71.0,7e-05,,,2021-10-24 06:40:00
5450193.03396457,0.0,135.0,,1.6,70.0,7.9e-05,,,2021-10-24 06:45:00
5450194.034086744,0.0,133.0,,1.6,71.0,8.6e-05,,,2021-10-24 06:50:00
5450195.034208919,0.0,131.0,,1.6,74.0,8.3e-05,,,2021-10-24 06:55:00
5450196.034331094,0.0,129.0,,1.6,110.0,7.2e-05,,,2021-10-24 07:00:00
5450197.034453268,0.0,127.0,,1.6,68.0,8.1e-05,,,2021-10-24 07:05:00
5450198.034575443,0.0,126.0,,1.6,72.0,7.5e-05,,,2021-10-24 07:10:00
5450199.034697617,0.0,127.0,,1.6,73.0,6.7e-05,,,2021-10-24 07:15:00
5450200.034819792,0.0,127.0,,1.6,75.0,7.3e-05,,,2021-10-24 07:20:00
5450201.034941968,0.0,125.0,,1.6,97.0,8.3e-05,,,2021-10-24 07:25:00
5450202.035064142,0.0,122.0,,1.6,129.0,9e-05,,,2021-10-24 07:30:00
5450203.035186317,0.0,120.0,,1.3,77.0,9.6e-05,,,2021-10-24 07:35:00
5450204.035308491,0.0,119.0,,1.3,75.0,8.7e-05,,,2021-10-24 07:40:00
5450205.035430666,0.0,120.0,,1.3,93.0,9e-05,,,2021-10-24 07:45:00
5450206.035552841,0.0,118.0,,1.3,140.0,9.7e-05,,,2021-10-24 07:50:00
5450207.035675015,0.0,117.0,,1.3,143.0,9.9e-05,,,2021-10-24 07:55:00
5450208.03579719,0.0,116.0,,1.3,102.0,0.0001,,,2021-10-24 08:00:00
5450209.035919365,0.0,115.0,,1.3,70.0,0.000102,,,2021-10-24 08:05:00
5450210.036041539,0.0,113.0,,1.3,71.0,0.000105,,,2021-10-24 08:10:00
5450211.036163714,0.0,113.0,,1.3,70.0,0.000103,,,2021-10-24 08:15:00
5450212.036285889,0.0,114.0,,1.3,70.0,9.3e-05,,,2021-10-24 08:20:00
5450213.036408064,0.0,114.0,,1.3,67.0,0.000103,,,2021-10-24 08:25:00
5450214.036530239,0.0,114.0,,1.3,69.0,0.000105,,,2021-10-24 08:30:00
5450215.036652413,0.0,116.0,,1.3,69.0,9.7e-05,,,2021-10-24 08:35:00
5450216.036774588,0.0,118.0,,1.3,72.0,9.4e-05,,,2021-10-24 08:40:00
5450217.036896762,0.0,120.0,,1.3,73.0,9.4e-05,,,2021-10-24 08:45:00
5450218.037018937,0.0,123.0,,1.3,73.0,0.000111,,,2021-10-24 08:50:00
5450219.037141112,0.0,125.0,,1.3,78.0,0.000104,,,2021-10-24 08:55:00
5450220.037263286,0.0,127.0,,1.3,81.0,9e-05,,,2021-10-24 09:00:00
5450221.037385461,0.0,129.0,,1.3,82.0,9.2e-05,,,2021-10-24 09:05:00
5450222.0375076365,0.0,130.0,,1.3,81.0,8.4e-05,,,2021-10-24 09:10:00
5450223.037629811,0.0,130.0,,1.3,82.0,8.1e-05,,,2021-10-24 09:15:00
5450224.037751986,0.0,130.0,,1.3,84.0,6e-05,,,2021-10-24 09:20:00
5450225.03787416,0.0,129.0,118.0,1.3,96.0,6.1e-05,,,2021-10-24 09:25:00
5450226.037996335,0.0,128.0,118.0,1.3,97.0,6e-05,,6.0,2021-10-24 09:30:00
5450227.03811851,0.0,129.0,,1.3,95.0,6.2e-05,,,2021-10-24 09:35:00
5450228.038240684,0.0,131.0,,1.3,101.0,6.4e-05,36.0,,2021-10-24 09:40:00
5450229.038362859,0.0,135.0,,1.3,93.0,6.1e-05,,,2021-10-24 09:45:00
5450230.038485033,0.0,141.0,,1.3,90.0,6e-05,,,2021-10-24 09:50:00
5450231.038607208,0.0,149.0,,1.3,92.0,6e-05,,,2021-10-24 09:55:00
5450232.038729384,0.0,159.0,,1.3,93.0,6.2e-05,,,2021-10-24 10:00:00
5450233.038851558,0.0,167.0,,1.2,94.0,6.2e-05,,,2021-10-24 10:05:00
5450234.038973733,0.0,174.0,,1.2,91.0,6.4e-05,,,2021-10-24 10:10:00
5450235.0390959075,0.0,180.0,,1.2,91.0,6.4e-05,,,2021-10-24 10:15:00
5450236.039218082,0.0,184.0,169.0,1.2,108.0,6.4e-05,,,2021-10-24 10:20:00
5450237.039340257,0.0,184.0,,1.2,103.0,6.2e-05,,,2021-10-24 10:25:00
5450238.039462431,0.0,176.0,,1.2,105.0,6.2e-05,,,2021-10-24 10:30:00
5450239.039584606,0.0,177.0,,1.2,100.0,6e-05,,,2021-10-24 10:35:00
5450240.039706781,0.0,180.0,,1.2,103.0,6.4e-05,,,2021-10-24 10:40:00
5450241.039828955,0.0,183.0,,1.2,101.0,6.6e-05,,,2021-10-24 10:45:00
5450242.03995113,0.0,185.0,,1.2,99.0,6.8e-05,,,2021-10-24 10:50:00
5450243.040073305,0.0,186.0,,1.2,103.0,6.7e-05,,,2021-10-24 10:55:00
5450244.04019548,0.0,189.0,,1.2,95.0,6.6e-05,,,2021-10-24 11:00:00
5450245.040317655,0.0,193.0,210.0,1.2,95.0,7.1e-05,,6.5,2021-10-24 11:05:00
5450246.040439829,0.0,196.0,,1.2,97.0,7.2e-05,,,2021-10-24 11:10:00
5450247.040562004,0.0,198.0,,1.2,106.0,7e-05,,,2021-10-24 11:15:00
5450248.0406841785,0.0,198.0,,1.2,91.0,9e-05,,,2021-10-24 11:20:00
5450249.040806353,0.0,197.0,,1.2,100.0,0.000133,,,2021-10-24 11:25:00
5450250.040928528,0.0,197.0,,1.2,99.0,9e-05,,,2021-10-24 11:30:00
5450251.041050702,0.0,193.0,,0.7,103.0,0.000217,,,2021-10-24 11:35:00
5450252.041172877,0.0,189.0,,0.7,104.0,0.000973,,,2021-10-24 11:40:00
5450253.0412950525,0.0,186.0,,0.7,102.0,0.005378,,,2021-10-24 11:45:00
5450254.041417227,0.0,179.0,,0.7,106.0,0.02446,,,2021-10-24 11:50:00
5450255.041539402,0.0,175.0,,0.7,99.0,0.01224,,,2021-10-24 11:55:00
5450256.041661576,0.0,173.0,,0.7,92.0,0.005254,,,2021-10-24 12:00:00
5450257.041783751,0.0,171.0,,0.7,90.0,0.004314,20.0,,2021-10-24 12:05:00
5450258.041905926,0.0,171.0,,0.7,92.0,0.003096,,,2021-10-24 12:10:00
5450259.0420281,0.0,171.0,,0.7,103.0,0.002016,,,2021-10-24 12:15:00
5450260.042150275,0.0,168.0,,0.7,100.0,0.001704,,,2021-10-24 12:20:00
5450261.0422724495,0.0,164.0,,0.7,101.0,0.001232,,,2021-10-24 12:25:00
5450262.042394624,0.0,164.0,,0.7,98.0,0.001144,,,2021-10-24 12:30:00
5450263.042516799,0.0,161.0,,0.7,106.0,0.001035,,,2021-10-24 12:35:00
5450264.042638974,0.0,160.0,,0.7,105.0,0.000993,,,2021-10-24 12:40:00
5450265.042761149,0.0,161.0,,0.7,107.0,0.00395,,,2021-10-24 12:45:00
5450266.0428833235,0.0,164.0,,0.7,100.0,0.06718,,,2021-10-24 12:50:00
5450267.043005498,0.0,167.0,,0.7,107.0,0.19148,,,2021-10-24 12:55:00
5450268.043127673,0.0,166.0,,0.7,121.0,0.746,,,2021-10-24 13:00:00
5450269.043249847,0.0,166.0,,0.7,115.0,3.414,,,2021-10-24 13:05:00
5450270.043372022,0.0,165.0,,0.7,112.0,8.424,,,2021-10-24 13:10:00
5450271.043494197,0.0,162.0,,0.7,106.0,9.544,,,2021-10-24 13:15:00
5450272.043616371,0.0,164.0,,0.7,105.0,5.364,,,2021-10-24 13:20:00
5450273.043738546,0.0,167.0,,0.7,103.0,3.43,,,2021-10-24 13:25:00
5450274.043860721,0.0,169.0,,0.7,105.0,2.444,,,2021-10-24 13:30:00
5450275.043982896,0.0,170.0,,0.7,109.0,1.47,,,2021-10-24 13:35:00
5450276.044105071,0.0,169.0,,0.7,,,,,2021-10-24 13:40:00
5450277.044227245,0.0,171.0,,0.7,,,,,2021-10-24 13:45:00
5450278.04434942,0.0,171.0,,0.7,,,,,2021-10-24 13:50:00
5450279.0444715945,0.0,168.0,,0.7,103.0,4.7006,,,2021-10-24 13:55:00
5450280.044593769,0.0,171.0,,0.7,96.0,4.358,,,2021-10-24 14:00:00
5450281.044715944,0.0,175.0,,0.7,101.0,2.218,,,2021-10-24 14:05:00
5450282.044838118,0.0,174.0,,0.7,102.0,4.474,,,2021-10-24 14:10:00
5450283.044960293,0.0,174.0,,0.7,109.0,7.29,,,2021-10-24 14:15:00
5450284.045082468,0.0,172.0,,0.7,112.0,8.264,,,2021-10-24 14:20:00
5450285.045204643,0.0,168.0,,0.7,104.0,11.0,,,2021-10-24 14:25:00
5450286.045326818,0.0,165.0,,0.7,110.0,9.192,,,2021-10-24 14:30:00
5450287.045448992,0.0,161.0,,0.7,113.0,6.826,,,2021-10-24 14:35:00
5450288.045571167,0.0,157.0,,0.7,111.0,5.782,,,2021-10-24 14:40:00
5450289.045693342,0.0,155.0,,0.7,107.0,4.522,,,2021-10-24 14:45:00
5450290.045815516,0.0,154.0,,0.7,103.0,3.218,,,2021-10-24 14:50:00
5450291.045937691,0.0,150.0,,0.7,94.0,2.466,,,2021-10-24 14:55:00
5450292.0460598655,0.0,145.0,,0.7,103.0,2.08,,,2021-10-24 15:00:00
5450293.04618204,0.0,141.0,,0.7,112.0,1.704,,,2021-10-24 15:05:00
5450294.046304215,0.0,138.0,,0.7,108.0,1.512,,,2021-10-24 15:10:00
5450295.04642639,0.0,134.0,,0.7,108.0,1.266,,,2021-10-24 15:15:00
5450296.046548565,0.0,131.0,,0.7,92.0,1.0224,,,2021-10-24 15:20:00
5450297.04667074,0.0,129.0,,0.7,112.0,1.359,,,2021-10-24 15:25:00
5450298.046792914,0.0,128.0,,0.7,109.0,3.544,,,2021-10-24 15:30:00
5450299.046915089,0.0,128.0,,0.7,105.0,2.764,,,2021-10-24 15:35:00
5450300.047037263,0.0,128.0,,0.7,103.0,1.678,,,2021-10-24 15:40:00
5450301.047159438,0.0,128.0,,0.7,115.0,1.3304,,,2021-10-24 15:45:00
5450302.047281613,0.0,124.0,,0.7,110.0,1.9642,,,2021-10-24 15:50:00
5450303.047403787,0.0,123.0,124.0,0.7,115.0,2.342,,2.2,2021-10-24 15:55:00
5450304.047525962,0.0,121.0,,0.7,107.0,1.928,,,2021-10-24 16:00:00
5450305.0476481365,0.0,122.0,,0.7,101.0,1.1484,,,2021-10-24 16:05:00
5450306.047770312,0.0,128.0,,0.7,108.0,0.6538,,,2021-10-24 16:10:00
5450307.047892487,0.0,134.0,,0.7,104.0,1.484,,,2021-10-24 16:15:00
5450308.048014661,0.0,141.0,,0.7,100.0,1.296,,,2021-10-24 16:20:00
5450309.048136836,0.0,148.0,,0.7,97.0,1.073,,,2021-10-24 16:25:00
5450310.048259011,0.0,154.0,,0.7,97.0,1.0506,,,2021-10-24 16:30:00
5450311.048381185,0.0,159.0,,0.7,97.0,0.9108,,,2021-10-24 16:35:00
5450312.04850336,0.0,163.0,,0.7,96.0,0.919,,,2021-10-24 16:40:00
5450313.048625534,0.0,165.0,,0.7,109.0,0.659,,,2021-10-24 16:45:00
5450314.048747709,0.0,165.0,,0.7,100.0,0.7386,,,2021-10-24 16:50:00
5450315.048869884,0.0,168.0,,0.7,95.0,0.697,,,2021-10-24 16:55:00
5450316.048992059,0.0,171.0,,0.7,93.0,0.6582,,,2021-10-24 17:00:00
5450317.049114234,0.0,176.0,,0.7,92.0,0.6442,,,2021-10-24 17:05:00
5450318.049236408,0.0,180.0,,0.7,94.0,0.5588,,,2021-10-24 17:10:00
5450319.049358583,0.0,184.0,,0.7,101.0,0.4036,,,2021-10-24 17:15:00
5450320.049480758,0.0,186.0,,0.7,103.0,0.2376,,,2021-10-24 17:20:00
5450321.049602932,0.0,185.0,,0.7,96.0,0.5314,,,2021-10-24 17:25:00
5450322.049725107,0.0,183.0,,0.7,104.0,0.3048,,,2021-10-24 17:30:00
5450323.049847282,0.0,178.0,173.0,0.7,110.0,0.3664,,2.3,2021-10-24 17:35:00
5450324.049969456,0.0,175.0,,0.7,108.0,0.4594,,,2021-10-24 17:40:00
5450325.050091631,0.0,172.0,,0.7,100.0,0.291,,,2021-10-24 17:45:00
5450326.050213806,0.0,172.0,,0.7,100.0,0.2816,,,2021-10-24 17:50:00
5450327.050335981,0.0,170.0,,0.7,98.0,0.3316,,,2021-10-24 17:55:00
5450328.050458156,0.0,168.0,,0.7,105.0,0.1984,,,2021-10-24 18:00:00
5450329.05058033,0.0,165.0,,0.7,96.0,0.2446,,,2021-10-24 18:05:00
5450330.050702505,0.0,164.0,,0.7,94.0,0.1578,,,2021-10-24 18:10:00
5450331.050824679,0.0,163.0,,0.7,94.0,0.1246,,,2021-10-24 18:15:00
5450332.050946854,0.0,162.0,,0.7,106.0,0.08732,,,2021-10-24 18:20:00
5450333.051069029,0.0,158.0,,0.7,101.0,0.06294,,,2021-10-24 18:25:00
5450334.051191203,0.0,158.0,,0.7,95.0,0.05028,,,2021-10-24 18:30:00
5450335.051313378,0.0,158.0,,0.8,99.0,0.0515,,,2021-10-24 18:35:00
5450336.051435553,0.0,154.0,,0.8,91.0,0.05328,,,2021-10-24 18:40:00
5450337.051557728,0.0,154.0,,0.8,89.0,0.0546,,,2021-10-24 18:45:00
5450338.051679903,0.0,155.0,,0.8,94.0,0.0891,,,2021-10-24 18:50:00
5450339.051802077,0.0,153.0,,0.8,96.0,0.086,,,2021-10-24 18:55:00
5450340.051924252,0.0,153.0,,0.8,95.0,0.07218,,,2021-10-24 19:00:00
5450341.052046427,0.0,152.0,,0.8,101.0,0.05314,,,2021-10-24 19:05:00
5450342.052168601,0.0,153.0,,0.8,102.0,0.05122,,,2021-10-24 19:10:00
5450343.052290776,0.0,150.0,,0.8,105.0,0.0361,,,2021-10-24 19:15:00
5450344.05241295,0.0,147.0,,0.8,101.0,0.02758,,,2021-10-24 19:20:00
5450345.052535125,0.0,147.0,,0.8,96.0,0.01318,,,2021-10-24 19:25:00
5450346.0526573,0.0,146.0,,0.8,106.0,0.38674,,,2021-10-24 19:30:00
5450347.052779475,0.0,142.0,,0.8,110.0,3.455,,,2021-10-24 19:35:00
5450348.05290165,0.0,142.0,,0.8,102.0,11.422,,,2021-10-24 19:40:00
5450349.0530238245,0.0,142.0,132.0,0.8,101.0,8.654,,,2021-10-24 19:45:00
5450350.053145999,0.0,140.0,,0.8,93.0,5.438,,,2021-10-24 19:50:00
5450351.053268174,0.0,141.0,,0.8,92.0,3.75,,,2021-10-24 19:55:00
5450352.053390348,0.0,141.0,133.0,0.8,107.0,2.786,,16.8,2021-10-24 20:00:00
5450353.053512523,0.0,141.0,,0.8,102.0,2.166,,,2021-10-24 20:05:00
5450354.053634698,0.0,142.0,,0.8,103.0,1.77,,,2021-10-24 20:10:00
5450355.053756872,0.0,148.0,,0.8,94.0,1.236,,,2021-10-24 20:15:00
5450356.053879047,0.0,157.0,,0.8,92.0,1.1018,,,2021-10-24 20:20:00
5450357.054001221,0.0,164.0,,0.8,102.0,1.1002,,,2021-10-24 20:25:00
5450358.054123397,0.0,168.0,,0.8,97.0,0.9262,,,2021-10-24 20:30:00
5450359.054245572,0.0,173.0,,0.8,93.0,0.87,,,2021-10-24 20:35:00
5450360.054367746,0.0,179.0,,0.8,93.0,0.759,,,2021-10-24 20:40:00
5450361.054489921,0.0,182.0,,0.8,98.0,0.4696,,,2021-10-24 20:45:00
5450362.0546120955,0.0,184.0,,0.8,104.0,0.226,,,2021-10-24 20:50:00
5450363.05473427,0.0,185.0,,0.8,99.0,0.1778,,,2021-10-24 20:55:00
5450364.054856445,0.0,187.0,,0.8,98.0,0.1676,,,2021-10-24 21:00:00
5450365.054978619,0.0,189.0,,0.8,100.0,0.1584,,,2021-10-24 21:05:00
5450366.055100794,0.0,186.0,,0.8,111.0,2.7384,,,2021-10-24 21:10:00
5450367.055222969,0.0,183.0,206.0,0.8,103.0,4.542,,6.1,2021-10-24 21:15:00
5450368.055345144,0.0,189.0,,0.8,94.0,3.33,,,2021-10-24 21:20:00
5450369.055467319,0.0,203.0,,0.8,92.0,2.266,,,2021-10-24 21:25:00
5450370.055589493,0.0,211.0,,0.8,91.0,2.21,,,2021-10-24 21:30:00
5450371.055711668,0.0,220.0,,0.8,92.0,1.986,,,2021-10-24 21:35:00
5450372.055833843,0.0,227.0,,0.8,93.0,1.74,,,2021-10-24 21:40:00
5450373.055956017,0.0,233.0,,0.8,97.0,1.432,,,2021-10-24 21:45:00
5450374.056078192,0.0,237.0,,0.8,92.0,1.202,,,2021-10-24 21:50:00
5450375.0562003665,0.0,239.0,,0.8,91.0,1.16,,,2021-10-24 21:55:00
5450376.056322541,0.0,242.0,,0.8,91.0,1.132,,,2021-10-24 22:00:00
5450377.056444716,0.0,243.0,230.0,0.8,99.0,1.0002,,7.2,2021-10-24 22:05:00
5450378.05656689,0.0,242.0,,0.8,97.0,2.228,,,2021-10-24 22:10:00
5450379.056689066,0.0,244.0,,0.8,89.0,2.314,,,2021-10-24 22:15:00
5450380.0568112405,0.0,245.0,,0.8,87.0,1.37,,,2021-10-24 22:20:00
5450381.056933415,0.0,245.0,,0.8,87.0,1.122,,,2021-10-24 22:25:00
5450382.05705559,0.0,245.0,,0.8,90.0,0.9046,,,2021-10-24 22:30:00
5450383.057177764,0.0,244.0,,0.8,90.0,0.7674,,,2021-10-24 22:35:00
5450384.057299939,0.0,243.0,,0.8,90.0,0.6488,,,2021-10-24 22:40:00
5450385.057422114,0.0,241.0,,0.8,90.0,0.6022,,,2021-10-24 22:45:00
5450386.057544288,0.0,239.0,,0.8,86.0,0.4988,,,2021-10-24 22:50:00
5450387.057666463,0.0,235.0,,0.8,85.0,0.4046,,,2021-10-24 22:55:00
5450388.0577886375,0.0,232.0,,0.8,97.0,0.502,,,2021-10-24 23:00:00
5450389.057910813,0.0,228.0,,0.8,84.0,0.5026,,,2021-10-24 23:05:00
5450390.058032988,0.0,226.0,,0.8,88.0,0.4208,,,2021-10-24 23:10:00
5450391.058155162,0.0,225.0,,0.8,81.0,0.3472,,,2021-10-24 23:15:00
5450392.058277337,0.0,224.0,,0.8,83.0,0.277,,,2021-10-24 23:20:00
5450393.0583995115,0.0,221.0,,0.8,90.0,0.28,,,2021-10-24 23:25:00
5450394.058521686,0.0,218.0,,0.8,82.0,0.251,,,2021-10-24 23:30:00
5450395.058643861,0.0,216.0,,0.8,81.0,0.2468,,,2021-10-24 23:35:00
5450396.058766035,0.0,215.0,,0.8,82.0,0.2414,,,2021-10-24 23:40:00
5450397.05888821,0.0,215.0,,0.8,81.0,0.2344,,,2021-10-24 23:45:00
5450398.059010385,0.0,218.0,,0.8,93.0,0.15246,,,2021-10-24 23:50:00
5450399.05913256,0.0,220.0,,0.8,85.0,0.1192,,,2021-10-24 23:55:00
5450400.059254735,0.0,219.0,,0.8,77.0,0.149,,,2021-10-25 00:00:00
5450401.059376909,0.0,218.0,,1.5,82.0,0.126,,,2021-10-25 00:05:00
5450402.059499084,0.0,218.0,,1.5,124.0,0.0935,,,2021-10-25 00:10:00
5450403.059621259,0.0,220.0,,1.5,80.0,0.1035,,,2021-10-25 00:15:00
5450404.059743433,0.0,221.0,,1.5,84.0,0.14404,,,2021-10-25 00:20:00
5450405.059865608,0.0,222.0,,1.5,81.0,0.2114,,,2021-10-25 00:25:00
5450406.0599877825,0.0,223.0,,1.5,80.0,0.1236,,,2021-10-25 00:30:00
5450407.060109957,0.0,224.0,,1.5,80.0,0.134,,,2021-10-25 00:35:00
5450408.060232132,0.0,225.0,,1.5,83.0,0.1238,,,2021-10-25 00:40:00
5450409.060354306,0.0,227.0,,1.5,115.0,0.133,,,2021-10-25 00:45:00
5450410.060476482,0.0,229.0,,1.5,93.0,0.1154,,,2021-10-25 00:50:00
5450411.060598657,0.0,233.0,,1.5,108.0,0.08592,,,2021-10-25 00:55:00
5450412.060720831,0.0,234.0,,1.5,141.0,0.08038,,,2021-10-25 01:00:00
5450413.060843006,0.0,235.0,,1.5,141.0,0.0773,,,2021-10-25 01:05:00
5450414.06096518,0.0,235.0,246.0,1.5,79.0,0.06544,,9.3,2021-10-25 01:10:00
5450415.061087355,0.0,234.0,,1.5,76.0,0.06684,,,2021-10-25 01:15:00
5450416.06120953,0.0,240.0,,1.5,76.0,0.07046,,,2021-10-25 01:20:00
5450417.061331704,0.0,239.0,,1.5,76.0,0.07358,,,2021-10-25 01:25:00
5450418.061453879,0.0,238.0,,1.5,78.0,0.07708,,,2021-10-25 01:30:00
5450419.0615760535,0.0,239.0,,1.5,77.0,0.07932,,,2021-10-25 01:35:00
5450420.061698229,0.0,240.0,,1.5,85.0,0.07684,,,2021-10-25 01:40:00
5450421.061820404,0.0,239.0,,1.5,86.0,0.0648,,,2021-10-25 01:45:00
5450422.061942578,0.0,239.0,,1.5,79.0,0.06554,,,2021-10-25 01:50:00
5450423.062064753,0.0,236.0,,1.5,109.0,0.08126,,,2021-10-25 01:55:00
5450424.062186928,0.0,232.0,,1.5,154.0,0.08366,,,2021-10-25 02:00:00
5450425.062309102,0.0,229.0,,1.5,113.0,0.0863,,,2021-10-25 02:05:00
5450426.062431277,0.0,225.0,,1.5,77.0,0.09998,,,2021-10-25 02:10:00
5450427.062553451,0.0,222.0,,1.5,78.0,0.10302,,,2021-10-25 02:15:00
5450428.062675626,0.0,219.0,,1.5,77.0,0.1106,,,2021-10-25 02:20:00
5450429.062797801,0.0,216.0,,1.5,78.0,0.117,,,2021-10-25 02:25:00
5450430.062919975,0.0,215.0,,1.5,78.0,0.1222,,,2021-10-25 02:30:00
5450431.063042151,0.0,213.0,,1.5,78.0,0.09624,,,2021-10-25 02:35:00
5450432.063164325,0.0,212.0,,1.5,79.0,0.111,,,2021-10-25 02:40:00
5450433.0632865,0.0,211.0,,1.5,78.0,0.123,,,2021-10-25 02:45:00
5450434.063408675,0.0,210.0,,1.5,76.0,0.1134,,,2021-10-25 02:50:00
5450435.063530849,0.0,210.0,,1.5,75.0,0.1114,,,2021-10-25 02:55:00
5450436.063653024,0.0,209.0,,1.5,73.0,0.1116,,,2021-10-25 03:00:00
5450437.0637751985,0.0,208.0,,1.6,73.0,0.109,,,2021-10-25 03:05:00
5450438.063897373,0.0,208.0,,1.6,74.0,0.09938,,,2021-10-25 03:10:00
5450439.064019548,0.0,208.0,,1.6,76.0,0.1078,,,2021-10-25 03:15:00
5450440.064141722,0.0,208.0,,1.6,76.0,0.1108,,,2021-10-25 03:20:00
5450441.064263898,0.0,207.0,,1.6,75.0,0.1134,,,2021-10-25 03:25:00
5450442.064386073,0.0,206.0,,1.6,75.0,0.1152,,,2021-10-25 03:30:00
5450443.064508247,0.0,206.0,,1.6,76.0,0.1144,,,2021-10-25 03:35:00
5450444.064630422,0.0,206.0,,1.6,82.0,0.109,,,2021-10-25 03:40:00
5450445.064752596,0.0,208.0,,1.6,104.0,0.1061,,,2021-10-25 03:45:00
5450446.064874771,0.0,208.0,,1.6,87.0,0.147,,,2021-10-25 03:50:00
5450447.064996946,0.0,208.0,,1.6,77.0,0.1406,,,2021-10-25 03:55:00
5450448.06511912,0.0,208.0,,1.6,81.0,0.1446,,,2021-10-25 04:00:00
5450449.065241295,0.0,208.0,,1.6,132.0,0.1424,,,2021-10-25 04:05:00
5450450.0653634695,0.0,209.0,,1.6,124.0,0.13126,,,2021-10-25 04:10:00
5450451.065485644,0.0,208.0,,1.6,73.0,0.0906,,,2021-10-25 04:15:00
5450452.06560782,0.0,207.0,,1.6,73.0,0.09734,,,2021-10-25 04:20:00
5450453.065729994,0.0,206.0,,1.6,74.0,0.09902,,,2021-10-25 04:25:00
5450454.065852169,0.0,206.0,,1.6,84.0,0.10418,,,2021-10-25 04:30:00
5450455.065974344,0.0,206.0,,1.6,126.0,0.1226,,,2021-10-25 04:35:00
5450456.066096518,0.0,206.0,,1.6,97.0,0.1252,,,2021-10-25 04:40:00
5450457.066218693,0.0,205.0,,1.6,95.0,0.1248,,,2021-10-25 04:45:00
5450458.066340867,0.0,205.0,,1.6,73.0,0.1324,,,2021-10-25 04:50:00
5450459.066463042,0.0,205.0,,1.6,75.0,0.1106,,,2021-10-25 04:55:00
5450460.066585217,0.0,205.0,,1.6,73.0,0.1092,,,2021-10-25 05:00:00
5450461.066707391,0.0,204.0,,1.6,73.0,0.1078,,,2021-10-25 05:05:00
5450462.066829567,0.0,203.0,,1.6,74.0,0.1112,,,2021-10-25 05:10:00
5450463.066951741,0.0,202.0,,1.6,93.0,0.1185,,,2021-10-25 05:15:00
5450464.067073916,0.0,203.0,,1.6,,,,,2021-10-25 05:20:00
5450465.067196091,0.0,204.0,,1.6,,,,,2021-10-25 05:25:00
5450466.067318265,0.0,205.0,,1.6,,,,,2021-10-25 05:30:00
5450467.06744044,0.0,206.0,,1.6,,,,,2021-10-25 05:35:00
5450468.067562615,0.0,212.0,217.0,1.6,,,,10.0,2021-10-25 05:40:00
5450469.067684789,0.0,218.0,,1.6,,,15.0,,2021-10-25 05:45:00
5450470.067806964,0.0,223.0,,1.6,,,,,2021-10-25 05:50:00
5450471.067929138,0.0,224.0,,1.6,,,,,2021-10-25 05:55:00
5450472.068051314,0.0,227.0,,1.6,,,,,2021-10-25 06:00:00
5450473.068173489,0.0,228.0,,1.6,,,,,2021-10-25 06:05:00
5450474.068295663,0.0,228.0,,1.6,,,,,2021-10-25 06:10:00
5450475.068417838,0.0,226.0,,1.6,,,,,2021-10-25 06:15:00
5450476.068540012,0.0,221.0,,1.6,,,,,2021-10-25 06:20:00
5450477.068662187,0.0,216.0,,1.6,108.0,0.015332,,,2021-10-25 06:25:00
5450478.068784362,0.0,207.0,,1.6,96.0,0.6324,,,2021-10-25 06:30:00
5450479.068906536,0.0,199.0,,1.6,107.0,4.218,,,2021-10-25 06:35:00
5450480.069028711,0.0,190.0,,1.6,101.0,3.714,,,2021-10-25 06:40:00
5450481.069150886,0.0,184.0,,1.6,107.0,5.738,,,2021-10-25 06:45:00
5450482.06927306,0.0,179.0,,1.6,104.0,12.2,,,2021-10-25 06:50:00
5450483.069395236,0.0,175.0,,1.6,98.0,10.086,,,2021-10-25 06:55:00
5450484.06951741,0.0,171.0,,1.6,96.0,6.924,,,2021-10-25 07:00:00
5450485.069639585,0.0,169.0,,1.6,107.0,5.374,,,2021-10-25 07:05:00
5450486.06976176,0.0,168.0,,1.6,97.0,3.946,,,2021-10-25 07:10:00
5450487.069883934,0.0,167.0,,1.6,98.0,2.37,,,2021-10-25 07:15:00
5450488.070006109,0.0,166.0,,1.6,110.0,1.554,,,2021-10-25 07:20:00
5450489.070128283,0.0,167.0,,1.6,116.0,1.528,,,2021-10-25 07:25:00
5450490.070250458,0.0,169.0,,1.6,106.0,1.2084,,,2021-10-25 07:30:00
5450491.070372633,0.0,172.0,,1.3,102.0,1.143,,,2021-10-25 07:35:00
5450492.070494807,0.0,174.0,,1.3,102.0,0.7932,,,2021-10-25 07:40:00
5450493.070616983,0.0,177.0,,1.3,104.0,0.3952,,,2021-10-25 07:45:00
5450494.0707391575,0.0,181.0,,1.3,103.0,0.2548,,,2021-10-25 07:50:00
5450495.070861332,0.0,186.0,,1.3,100.0,0.2298,,,2021-10-25 07:55:00
5450496.070983507,0.0,192.0,,1.3,107.0,0.2582,,,2021-10-25 08:00:00
5450497.071105681,0.0,194.0,,1.3,114.0,0.251,,,2021-10-25 08:05:00
5450498.071227856,0.0,196.0,,1.3,103.0,0.3638,,,2021-10-25 08:10:00
5450499.071350031,0.0,199.0,,1.3,98.0,0.2634,,,2021-10-25 08:15:00
5450500.071472205,0.0,205.0,,1.3,106.0,0.2252,,,2021-10-25 08:20:00
5450501.07159438,0.0,212.0,,1.3,100.0,0.2706,,,2021-10-25 08:25:00
5450502.071716554,0.0,218.0,,1.3,98.0,0.1858,,,2021-10-25 08:30:00
5450503.071838729,0.0,223.0,,1.3,100.0,0.1724,,,2021-10-25 08:35:00
5450504.071960905,0.0,228.0,238.0,1.3,96.0,0.1302,,8.6,2021-10-25 08:40:00
5450505.072083079,0.0,231.0,,1.3,97.0,0.10862,,,2021-10-25 08:45:00
5450506.072205254,0.0,234.0,,1.3,94.0,0.11226,,,2021-10-25 08:50:00
5450507.0723274285,0.0,238.0,,1.3,92.0,0.10102,,,2021-10-25 08:55:00
5450508.072449603,0.0,234.0,,1.3,91.0,0.1214,,,2021-10-25 09:00:00
5450509.072571778,0.0,233.0,,1.3,101.0,0.1208,,,2021-10-25 09:05:00
5450510.072693952,0.0,236.0,,1.3,100.0,0.12136,,,2021-10-25 09:10:00
5450511.072816127,0.0,241.0,,1.3,104.0,0.13338,,,2021-10-25 09:15:00
5450512.072938302,0.0,247.0,,1.3,98.0,0.1724,,,2021-10-25 09:20:00
5450513.073060476,0.0,248.0,,1.3,101.0,0.1498,,,2021-10-25 09:25:00
5450514.073182652,0.0,249.0,,1.3,95.0,0.1172,,,2021-10-25 09:30:00
5450515.073304826,0.0,250.0,,1.3,92.0,0.08968,,,2021-10-25 09:35:00
5450516.073427001,0.0,250.0,,1.3,91.0,0.07926,,,2021-10-25 09:40:00
5450517.073549176,0.0,250.0,268.0,1.3,94.0,0.07654,,11.0,2021-10-25 09:45:00
5450518.07367135,0.0,250.0,,1.3,93.0,0.06876,,,2021-10-25 09:50:00
5450519.073793525,0.0,248.0,,1.3,97.0,0.05298,,,2021-10-25 09:55:00
5450520.0739156995,0.0,247.0,,1.3,98.0,0.04336,,,2021-10-25 10:00:00
5450521.074037874,0.0,248.0,,1.2,94.0,0.03052,,,2021-10-25 10:05:00
5450522.074160049,0.0,247.0,,1.2,95.0,0.0368,,,2021-10-25 10:10:00
5450523.074282223,0.0,245.0,,1.2,94.0,0.03222,,,2021-10-25 10:15:00
5450524.074404398,0.0,244.0,,1.2,94.0,0.0305,,,2021-10-25 10:20:00
5450525.0745265735,0.0,243.0,,1.2,94.0,0.02498,,,2021-10-25 10:25:00
5450526.074648748,0.0,241.0,,1.2,96.0,0.022,,,2021-10-25 10:30:00
5450527.074770923,0.0,239.0,,1.2,91.0,0.01822,,,2021-10-25 10:35:00
5450528.074893097,0.0,237.0,,1.2,97.0,0.01382,,,2021-10-25 10:40:00
5450529.075015272,0.0,233.0,,1.2,100.0,0.01143,,,2021-10-25 10:45:00
5450530.075137447,0.0,230.0,,1.2,100.0,0.010002,,,2021-10-25 10:50:00
5450531.075259621,0.0,229.0,,1.2,94.0,0.008402,,,2021-10-25 10:55:00
5450532.075381796,0.0,226.0,,1.2,92.0,0.00721,,,2021-10-25 11:00:00
5450533.0755039705,0.0,224.0,,1.2,93.0,0.005838,,,2021-10-25 11:05:00
5450534.075626145,0.0,221.0,,1.2,91.0,0.005268,,,2021-10-25 11:10:00
5450535.075748321,0.0,219.0,,1.2,92.0,0.004158,,,2021-10-25 11:15:00
5450536.075870495,0.0,216.0,,1.2,93.0,0.003106,,,2021-10-25 11:20:00
5450537.07599267,0.0,212.0,,1.2,95.0,0.002316,,,2021-10-25 11:25:00
5450538.0761148445,0.0,209.0,,1.2,94.0,0.001832,,,2021-10-25 11:30:00
5450539.076237019,0.0,206.0,,0.7,97.0,0.001384,35.0,,2021-10-25 11:35:00
5450540.076359194,0.0,204.0,,0.7,97.0,0.001286,,,2021-10-25 11:40:00
5450541.076481368,0.0,202.0,,0.7,91.0,0.001158,,,2021-10-25 11:45:00
5450542.076603543,0.0,199.0,,0.7,92.0,0.001208,,,2021-10-25 11:50:00
5450543.076725718,0.0,196.0,,0.7,87.0,0.001482,,,2021-10-25 11:55:00
5450544.076847892,0.0,193.0,185.0,0.7,86.0,0.001233,,1.0,2021-10-25 12:00:00
5450545.076970067,0.0,189.0,,0.7,92.0,0.001008,,,2021-10-25 12:05:00
5450546.077092242,0.0,185.0,,0.7,94.0,0.000835,,,2021-10-25 12:10:00
5450547.077214417,0.0,181.0,,0.7,93.0,0.000845,,,2021-10-25 12:15:00
5450548.077336592,0.0,175.0,,0.7,97.0,0.000652,,,2021-10-25 12:20:00
5450549.077458766,0.0,172.0,185.0,0.7,114.0,0.000304,,9.3,2021-10-25 12:25:00
5450550.077580941,0.0,169.0,,0.7,106.0,0.000346,,,2021-10-25 12:30:00
5450551.0777031155,0.0,167.0,,0.7,103.0,0.000295,,,2021-10-25 12:35:00
5450552.07782529,0.0,169.0,,0.7,101.0,0.000288,,,2021-10-25 12:40:00
5450553.077947465,0.0,176.0,,0.7,104.0,0.000239,,,2021-10-25 12:45:00
5450554.078069639,0.0,181.0,,0.7,98.0,0.000269,,,2021-10-25 12:50:00
5450555.078191814,0.0,187.0,,0.7,103.0,0.000732,,,2021-10-25 12:55:00
5450556.07831399,0.0,198.0,,0.7,98.0,0.001682,,,2021-10-25 13:00:00
5450557.078436164,0.0,208.0,,0.7,106.0,0.000977,,,2021-10-25 13:05:00
5450558.078558339,0.0,217.0,,0.7,96.0,0.001862,,,2021-10-25 13:10:00
5450559.078680513,0.0,226.0,246.0,0.7,95.0,0.002922,,9.3,2021-10-25 13:15:00
5450560.078802688,0.0,236.0,,0.7,98.0,0.012766,,,2021-10-25 13:20:00
5450561.078924863,0.0,243.0,,0.7,97.0,0.02168,,,2021-10-25 13:25:00
5450562.079047037,0.0,249.0,,0.7,97.0,0.02694,,,2021-10-25 13:30:00
5450563.079169212,0.0,254.0,,0.7,97.0,0.010266,,,2021-10-25 13:35:00
5450564.0792913865,0.0,258.0,,0.7,99.0,0.005968,,,2021-10-25 13:40:00
5450565.079413561,0.0,260.0,,0.7,96.0,0.009856,,,2021-10-25 13:45:00
5450566.079535737,0.0,253.0,,0.7,104.0,0.006716,,,2021-10-25 13:50:00
5450567.079657911,0.0,258.0,,0.7,113.0,0.012742,,,2021-10-25 13:55:00
5450568.079780086,0.0,262.0,,0.7,98.0,0.05294,,,2021-10-25 14:00:00
5450569.079902261,0.0,262.0,,0.7,99.0,0.04362,,,2021-10-25 14:05:00
5450570.080024435,0.0,262.0,,0.7,94.0,0.03362,,,2021-10-25 14:10:00
5450571.08014661,0.0,262.0,,0.7,95.0,0.02908,,,2021-10-25 14:15:00
5450572.080268784,0.0,260.0,,0.7,94.0,0.01558,,,2021-10-25 14:20:00
5450573.080390959,0.0,257.0,,0.7,95.0,0.015,,,2021-10-25 14:25:00
5450574.080513134,0.0,255.0,,0.7,94.0,0.009986,,,2021-10-25 14:30:00
5450575.080635308,0.0,251.0,,0.7,98.0,0.00649,,,2021-10-25 14:35:00
5450576.080757483,0.0,248.0,,0.7,96.0,0.00393,,,2021-10-25 14:40:00
5450577.080879658,0.0,245.0,,0.7,94.0,0.002894,,,2021-10-25 14:45:00
5450578.081001833,0.0,241.0,,0.7,97.0,0.001988,,,2021-10-25 14:50:00
5450579.081124008,0.0,238.0,,0.7,92.0,0.002214,,,2021-10-25 14:55:00
5450580.081246182,0.0,232.0,,0.7,91.0,0.001776,,,2021-10-25 15:00:00
5450581.081368357,0.0,227.0,,0.7,91.0,0.001546,,,2021-10-25 15:05:00
5450582.081490532,0.0,223.0,,0.7,92.0,0.001404,,,2021-10-25 15:10:00
5450583.081612706,0.0,220.0,,0.7,97.0,0.001309,,,2021-10-25 15:15:00
5450584.081734881,0.0,218.0,,0.7,95.0,0.00111,,,2021-10-25 15:20:00
5450585.081857055,0.0,210.0,,0.7,99.0,0.000528,,,2021-10-25 15:25:00
5450586.08197923,0.0,199.0,,0.7,101.0,0.000491,,,2021-10-25 15:30:00
5450587.082101406,0.0,174.0,,0.7,104.0,0.000548,,,2021-10-25 15:35:00
5450588.08222358,0.0,122.0,,0.7,97.0,0.000421,,,2021-10-25 15:40:00
5450589.082345755,0.0,85.0,,0.7,91.0,0.00031,,,2021-10-25 15:45:00
5450590.082467929,0.0,66.0,,0.7,104.0,0.000201,,,2021-10-25 15:50:00
5450591.082590104,0.0,55.0,,0.7,94.0,0.00015,,,2021-10-25 15:55:00
5450592.082712279,0.0,50.0,155.0,0.7,100.0,0.000148,,,2021-10-25 16:00:00
5450593.082834453,0.0,49.0,,0.7,102.0,0.000187,,,2021-10-25 16:05:00
5450594.082956628,1.0,,,0.7,100.0,0.000859,,,2021-10-25 16:10:00
5450595.083078803,1.0,,155.0,0.7,97.0,0.000768,,,2021-10-25 16:15:00
5450596.083200977,1.0,,,0.7,99.0,0.000761,,,2021-10-25 16:20:00
5450597.083323152,1.0,,,0.7,118.0,0.000984,,,2021-10-25 16:25:00
5450598.083445327,0.0,53.0,,0.7,109.0,0.017,,,2021-10-25 16:30:00
5450599.083567502,0.0,56.0,,0.7,110.0,8.1174,,,2021-10-25 16:35:00
5450600.083689677,0.0,59.0,,0.7,109.0,12.486,,,2021-10-25 16:40:00
5450601.083811851,0.0,66.0,,0.7,110.0,15.34,,,2021-10-25 16:45:00
5450602.083934026,0.0,90.0,,0.7,118.0,11.132,,,2021-10-25 16:50:00
5450603.0840562,0.0,104.0,,0.7,112.0,12.46,,,2021-10-25 16:55:00
5450604.084178375,0.0,109.0,,0.7,121.0,12.18,,,2021-10-25 17:00:00
5450605.08430055,0.0,108.0,,0.7,119.0,15.58,,,2021-10-25 17:05:00
5450606.084422724,0.0,110.0,,0.7,117.0,17.98,,,2021-10-25 17:10:00
5450607.084544899,0.0,106.0,,0.7,115.0,19.96,,,2021-10-25 17:15:00
5450608.0846670745,0.0,95.0,,0.7,111.0,21.98,,,2021-10-25 17:20:00
5450609.084789249,0.0,83.0,,0.7,116.0,20.74,,,2021-10-25 17:25:00
5450610.084911424,0.0,73.0,,0.7,109.0,19.66,,,2021-10-25 17:30:00
5450611.085033598,0.0,67.0,,0.7,107.0,18.12,,,2021-10-25 17:35:00
5450612.085155773,0.0,62.0,,0.7,106.0,15.26,,,2021-10-25 17:40:00
5450613.085277948,0.0,58.0,,0.7,105.0,14.06,,,2021-10-25 17:45:00
5450614.085400122,0.0,54.0,,0.7,111.0,13.5,,,2021-10-25 17:50:00
5450615.085522297,0.0,50.0,,0.7,117.0,9.036,,,2021-10-25 17:55:00
5450616.085644471,0.0,46.0,,0.7,112.0,6.922,,,2021-10-25 18:00:00
5450617.085766646,0.0,47.0,,0.7,108.0,4.604,,,2021-10-25 18:05:00
5450618.085888821,0.0,50.0,,0.7,101.0,3.038,,,2021-10-25 18:10:00
5450619.086010996,0.0,52.0,,0.7,98.0,2.178,,,2021-10-25 18:15:00
5450620.086133171,0.0,52.0,,0.7,98.0,1.442,,,2021-10-25 18:20:00
5450621.0862553455,0.0,53.0,105.0,0.7,103.0,1.358,,,2021-10-25 18:25:00
5450622.08637752,0.0,52.0,,0.7,104.0,0.9624,,,2021-10-25 18:30:00
5450623.086499695,0.0,60.0,,0.8,107.0,0.898,,,2021-10-25 18:35:00
5450624.086621869,0.0,54.0,,0.8,106.0,0.7842,,,2021-10-25 18:40:00
5450625.086744044,0.0,50.0,,0.8,102.0,0.6124,,,2021-10-25 18:45:00
5450626.086866219,0.0,44.0,,0.8,90.0,0.5468,,,2021-10-25 18:50:00
5450627.086988393,0.0,40.0,,0.8,110.0,0.4162,,,2021-10-25 18:55:00
5450628.087110568,0.0,40.0,,0.8,117.0,0.33274,,,2021-10-25 19:00:00
5450629.087232743,0.0,40.0,,0.8,113.0,0.0665,,,2021-10-25 19:05:00
5450630.087354918,0.0,40.0,,0.8,108.0,0.07156,,,2021-10-25 19:10:00
5450631.087477093,0.0,40.0,,0.8,107.0,0.07792,50.0,,2021-10-25 19:15:00
5450632.087599267,0.0,40.0,154.0,0.8,113.0,0.06328,,13.2,2021-10-25 19:20:00
5450633.087721442,0.0,40.0,,0.8,117.0,0.04316,,,2021-10-25 19:25:00
5450634.0878436165,1.0,,154.0,0.8,121.0,0.03992,,,2021-10-25 19:30:00
5450635.087965791,1.0,,,0.8,118.0,0.03286,,,2021-10-25 19:35:00
5450636.088087966,1.0,,,0.8,117.0,0.03356,,,2021-10-25 19:40:00
5450637.08821014,1.0,,,0.8,109.0,0.024,,,2021-10-25 19:45:00
5450638.088332315,1.0,,,0.8,108.0,0.02354,,,2021-10-25 19:50:00
5450639.0884544905,1.0,,,0.8,106.0,0.0241,,,2021-10-25 19:55:00
5450640.088576665,1.0,,,0.8,105.0,0.02324,,,2021-10-25 20:00:00
5450641.08869884,1.0,,,0.8,105.0,0.02312,,,2021-10-25 20:05:00
5450642.088821014,1.0,,,0.8,105.0,0.02282,,,2021-10-25 20:10:00
5450643.088943189,1.0,,,0.8,116.0,0.0154,,,2021-10-25 20:15:00
5450644.089065364,1.0,,,0.8,113.0,0.01355,,,2021-10-25 20:20:00
5450645.089187538,1.0,,,0.8,108.0,0.0122,,,2021-10-25 20:25:00
5450646.089309713,1.0,,,0.8,,,,,2021-10-25 20:30:00
5450647.0894318875,1.0,,186.0,0.8,113.0,0.005496,,5.0,2021-10-25 20:35:00
5450648.089554062,1.0,,,0.8,113.0,0.023086,,,2021-10-25 20:40:00
5450649.089676237,1.0,,,0.8,115.0,0.00618,,,2021-10-25 20:45:00
5450650.089798412,1.0,,,0.8,114.0,0.004256,,,2021-10-25 20:50:00
5450651.089920587,1.0,,,0.8,109.0,0.000974,,,2021-10-25 20:55:00
5450652.0900427615,1.0,,,0.8,108.0,0.000877,,,2021-10-25 21:00:00
5450653.090164936,1.0,,,0.8,107.0,0.000593,,,2021-10-25 21:05:00
5450654.090287111,1.0,,,0.8,108.0,0.000479,,,2021-10-25 21:10:00
5450655.090409285,1.0,,,0.8,108.0,0.000466,,,2021-10-25 21:15:00
5450656.09053146,1.0,,,0.8,107.0,0.00049,,,2021-10-25 21:20:00
5450657.090653635,1.0,,,0.8,107.0,0.000393,,,2021-10-25 21:25:00
5450658.090775809,1.0,,,0.8,110.0,0.000322,,,2021-10-25 21:30:00
5450659.090897984,1.0,,,0.8,102.0,0.000214,,,2021-10-25 21:35:00
5450660.091020159,1.0,,,0.8,101.0,0.000185,,,2021-10-25 21:40:00
5450661.091142334,1.0,,,0.8,99.0,0.000144,,,2021-10-25 21:45:00
5450662.091264509,1.0,,,0.8,100.0,0.00012,,,2021-10-25 21:50:00
5450663.091386683,1.0,,,0.8,99.0,0.00011,,,2021-10-25 21:55:00
5450664.091508858,1.0,,,0.8,100.0,9e-05,,,2021-10-25 22:00:00
5450665.0916310325,1.0,,,0.8,98.0,7.7e-05,,,2021-10-25 22:05:00
5450666.091753207,1.0,,,0.8,104.0,8.5e-05,,,2021-10-25 22:10:00
5450667.091875382,1.0,,,0.8,104.0,7.2e-05,,,2021-10-25 22:15:00
5450668.091997556,1.0,,,0.8,101.0,6.2e-05,,,2021-10-25 22:20:00
5450669.092119731,1.0,,272.0,0.8,108.0,6.1e-05,,9.8,2021-10-25 22:25:00
5450670.092241906,1.0,,,0.8,97.0,6.3e-05,,,2021-10-25 22:30:00
5450671.092364081,1.0,,,0.8,96.0,6.9e-05,,,2021-10-25 22:35:00
5450672.092486256,1.0,,,0.8,99.0,6.1e-05,,,2021-10-25 22:40:00
5450673.09260843,1.0,,271.0,0.8,105.0,6.1e-05,,9.7,2021-10-25 22:45:00
5450674.092730605,1.0,,,0.8,94.0,7.1e-05,,,2021-10-25 22:50:00
5450675.09285278,0.0,271.0,,0.8,95.0,8.3e-05,,,2021-10-25 22:55:00
5450676.092974954,0.0,270.0,,0.8,95.0,9.5e-05,,,2021-10-25 23:00:00
5450677.093097129,0.0,268.0,,0.8,96.0,0.000106,,,2021-10-25 23:05:00
5450678.0932193035,0.0,260.0,,0.8,95.0,0.000103,,,2021-10-25 23:10:00
5450679.093341478,0.0,257.0,,0.8,95.0,0.00011,,,2021-10-25 23:15:00
5450680.093463653,0.0,250.0,,0.8,96.0,0.000106,,,2021-10-25 23:20:00
5450681.093585828,0.0,238.0,,0.8,96.0,0.000111,,,2021-10-25 23:25:00
5450682.093708003,0.0,222.0,,0.8,95.0,0.000109,,,2021-10-25 23:30:00
5450683.093830178,0.0,213.0,,0.8,94.0,0.000116,,,2021-10-25 23:35:00
5450684.093952352,0.0,206.0,,0.8,95.0,0.000114,,,2021-10-25 23:40:00
5450685.094074527,0.0,204.0,,0.8,108.0,5.5e-05,,,2021-10-25 23:45:00
5450686.094196701,0.0,205.0,,0.8,115.0,5.2e-05,,,2021-10-25 23:50:00
5450687.094318876,0.0,214.0,,0.8,84.0,6.1e-05,,,2021-10-25 23:55:00
5450688.094441051,0.0,210.0,,0.8,85.0,7e-05,,,2021-10-26 00:00:00
5450689.094563225,0.0,208.0,,0.8,109.0,5.9e-05,,,2021-10-26 00:05:00
5450690.0946854,0.0,199.0,,0.8,86.0,5.9e-05,,,2021-10-26 00:10:00
5450691.0948075745,0.0,193.0,,0.8,90.0,5.8e-05,,,2021-10-26 00:15:00
5450692.09492975,0.0,180.0,,0.8,88.0,6.3e-05,,,2021-10-26 00:20:00
5450693.095051925,0.0,176.0,,0.8,88.0,7e-05,,,2021-10-26 00:25:00
5450694.095174099,0.0,181.0,,0.8,86.0,8.8e-05,,,2021-10-26 00:30:00
5450695.095296274,0.0,186.0,,0.8,85.0,7.9e-05,,,2021-10-26 00:35:00
5450696.095418449,0.0,187.0,,0.8,86.0,8.4e-05,,,2021-10-26 00:40:00
5450697.095540623,0.0,186.0,,0.8,86.0,8.2e-05,,,2021-10-26 00:45:00
5450698.095662798,0.0,182.0,,0.8,85.0,8e-05,,,2021-10-26 00:50:00
5450699.095784972,0.0,173.0,,0.8,83.0,8.9e-05,,,2021-10-26 00:55:00
5450700.095907147,0.0,164.0,,0.8,81.0,9.5e-05,,,2021-10-26 01:00:00
5450701.096029322,0.0,155.0,,0.8,84.0,9.4e-05,,,2021-10-26 01:05:00
5450702.096151497,0.0,152.0,,0.8,128.0,7.6e-05,,,2021-10-26 01:10:00
5450703.096273672,0.0,155.0,,0.8,150.0,6.1e-05,,,2021-10-26 01:15:00
5450704.096395846,0.0,159.0,,0.8,146.0,5.7e-05,,,2021-10-26 01:20:00
5450705.096518021,0.0,160.0,,0.8,135.0,5.7e-05,,,2021-10-26 01:25:00
5450706.096640196,0.0,161.0,,0.8,105.0,6.7e-05,,,2021-10-26 01:30:00
5450707.09676237,0.0,155.0,,0.8,79.0,8e-05,,,2021-10-26 01:35:00
5450708.096884545,0.0,146.0,,0.8,79.0,9.1e-05,,,2021-10-26 01:40:00
5450709.09700672,0.0,136.0,,0.8,78.0,9.9e-05,,,2021-10-26 01:45:00
5450710.097128894,0.0,128.0,,0.8,79.0,0.000105,,,2021-10-26 01:50:00
5450711.097251069,0.0,122.0,,0.8,77.0,8.6e-05,,,2021-10-26 01:55:00
5450712.097373243,0.0,122.0,,0.8,75.0,7.3e-05,,,2021-10-26 02:00:00
5450713.097495419,0.0,121.0,,0.8,78.0,6.5e-05,,,2021-10-26 02:05:00
5450714.097617594,0.0,113.0,,0.8,73.0,7.6e-05,,,2021-10-26 02:10:00
5450715.097739768,0.0,102.0,,0.8,73.0,8.1e-05,,,2021-10-26 02:15:00
5450716.097861943,0.0,95.0,,0.8,91.0,7.8e-05,,,2021-10-26 02:20:00
5450717.097984117,0.0,88.0,,0.8,115.0,7.2e-05,,,2021-10-26 02:25:00
5450718.098106292,0.0,90.0,,0.8,89.0,6.4e-05,,,2021-10-26 02:30:00
5450719.098228467,0.0,89.0,,0.8,79.0,6e-05,,,2021-10-26 02:35:00
5450720.098350641,0.0,80.0,,0.8,84.0,6.4e-05,,,2021-10-26 02:40:00
5450721.098472816,0.0,73.0,,0.8,94.0,0.000113,,,2021-10-26 02:45:00
5450722.098594991,0.0,69.0,,0.8,92.0,0.008342,,,2021-10-26 02:50:00
5450723.098717166,0.0,66.0,,0.8,86.0,0.01542,,,2021-10-26 02:55:00
5450724.098839341,0.0,67.0,,0.8,78.0,0.06052,,,2021-10-26 03:00:00
5450725.098961515,0.0,72.0,,0.8,107.0,0.04872,,,2021-10-26 03:05:00
5450726.09908369,0.0,83.0,,0.8,142.0,0.01816,,,2021-10-26 03:10:00
5450727.099205865,0.0,91.0,,0.8,142.0,0.005942,,,2021-10-26 03:15:00
5450728.099328039,0.0,98.0,,0.8,151.0,0.001134,,,2021-10-26 03:20:00
5450729.099450214,0.0,101.0,,0.8,100.0,0.0003,,,2021-10-26 03:25:00
5450730.099572388,0.0,99.0,,0.8,78.0,0.000306,,,2021-10-26 03:30:00
5450731.099694563,0.0,89.0,,0.8,80.0,0.000307,,,2021-10-26 03:35:00
5450732.099816738,0.0,79.0,,0.8,80.0,0.00029,,,2021-10-26 03:40:00
5450733.099938913,0.0,71.0,,0.8,81.0,0.000301,,,2021-10-26 03:45:00
5450734.100061088,0.0,68.0,,0.8,92.0,0.111613,,,2021-10-26 03:50:00
5450735.1001832625,0.0,74.0,,0.8,101.0,9.936,,,2021-10-26 03:55:00
5450736.100305437,0.0,83.0,,0.8,97.0,11.64,,,2021-10-26 04:00:00
5450737.100427612,0.0,84.0,,0.8,85.0,6.692,,,2021-10-26 04:05:00
5450738.100549786,0.0,91.0,,0.8,79.0,4.202,,,2021-10-26 04:10:00
5450739.100671961,0.0,96.0,,0.8,80.0,2.566,,,2021-10-26 04:15:00
5450740.100794136,0.0,106.0,,0.8,80.0,1.612,,,2021-10-26 04:20:00
5450741.10091631,0.0,114.0,,0.8,80.0,0.9308,,,2021-10-26 04:25:00
5450742.101038485,0.0,121.0,,0.8,80.0,0.6374,,,2021-10-26 04:30:00
5450743.101160659,0.0,129.0,,0.8,80.0,0.5198,,,2021-10-26 04:35:00
5450744.101282835,0.0,134.0,,0.8,81.0,0.4118,,,2021-10-26 04:40:00
5450745.10140501,1.0,,,0.8,80.0,0.3434,,,2021-10-26 04:45:00
5450746.101527184,1.0,,,0.8,82.0,0.26496,,,2021-10-26 04:50:00
5450747.101649359,1.0,,92.0,0.8,78.0,0.2008,,,2021-10-26 04:55:00
5450748.1017715335,1.0,,,0.8,75.0,0.2046,,,2021-10-26 05:00:00
5450749.101893708,1.0,,,0.8,80.0,0.199,,,2021-10-26 05:05:00
5450750.102015883,1.0,,94.0,0.8,79.0,0.1514,,,2021-10-26 05:10:00
5450751.102138057,1.0,,,0.8,79.0,0.1314,,,2021-10-26 05:15:00
5450752.102260232,0.0,98.0,,0.8,91.0,0.08342,,,2021-10-26 05:20:00
5450753.102382407,0.0,96.0,,0.8,,,,,2021-10-26 05:25:00
5450754.102504582,0.0,96.0,,0.8,,,,,2021-10-26 05:30:00
5450755.102626757,0.0,93.0,,0.8,,,20.0,,2021-10-26 05:35:00
5450756.102748931,0.0,89.0,,0.8,,,,,2021-10-26 05:40:00
5450757.102871106,0.0,79.0,49.0,0.8,108.0,0.000144,,,2021-10-26 05:45:00
5450758.102993281,0.0,69.0,,0.8,108.0,0.001761,36.0,,2021-10-26 05:50:00
5450759.103115455,0.0,63.0,,0.8,106.0,0.67436,,,2021-10-26 05:55:00
5450760.10323763,0.0,56.0,,0.8,100.0,0.24,,,2021-10-26 06:00:00
5450761.1033598045,0.0,56.0,,0.8,96.0,0.09008,,,2021-10-26 06:05:00
5450762.103481979,0.0,58.0,,0.8,106.0,0.04154,,,2021-10-26 06:10:00
5450763.103604154,0.0,66.0,,0.8,107.0,0.703686,,,2021-10-26 06:15:00
5450764.103726328,0.0,76.0,,0.8,110.0,3.832,,,2021-10-26 06:20:00
5450765.103848504,0.0,84.0,,0.8,102.0,5.112,,,2021-10-26 06:25:00
5450766.1039706785,0.0,91.0,,0.8,111.0,4.23,,,2021-10-26 06:30:00
5450767.104092853,0.0,96.0,,0.8,100.0,3.204,,,2021-10-26 06:35:00
5450768.104215028,0.0,99.0,,0.8,107.0,2.702,,,2021-10-26 06:40:00
5450769.104337202,0.0,101.0,,0.8,100.0,2.284,,,2021-10-26 06:45:00
5450770.104459377,0.0,103.0,,0.8,103.0,1.672,,,2021-10-26 06:50:00
5450771.104581552,0.0,102.0,,0.8,111.0,2.832,,,2021-10-26 06:55:00
5450772.104703726,0.0,106.0,160.0,0.8,107.0,6.624,,13.8,2021-10-26 07:00:00
5450773.104825901,0.0,117.0,,0.8,99.0,4.794,,,2021-10-26 07:05:00
5450774.1049480755,0.0,125.0,,0.8,97.0,3.812,,,2021-10-26 07:10:00
5450775.105070251,0.0,137.0,,0.8,107.0,5.602,,,2021-10-26 07:15:00
5450776.105192426,0.0,142.0,,0.8,97.0,5.358,,,2021-10-26 07:20:00
5450777.1053146,0.0,145.0,,0.8,104.0,5.396,,,2021-10-26 07:25:00
5450778.105436775,0.0,143.0,,0.8,101.0,5.948,,,2021-10-26 07:30:00
5450779.1055589495,0.0,141.0,,0.8,100.0,5.578,,,2021-10-26 07:35:00
5450780.105681124,0.0,146.0,,0.8,99.0,4.898,,,2021-10-26 07:40:00
5450781.105803299,0.0,162.0,,0.8,98.0,4.198,,,2021-10-26 07:45:00
5450782.105925473,0.0,176.0,,0.8,101.0,3.392,,,2021-10-26 07:50:00
5450783.106047648,0.0,185.0,,0.8,101.0,2.524,,,2021-10-26 07:55:00
5450784.106169823,0.0,192.0,,0.8,101.0,2.238,,,2021-10-26 08:00:00
5450785.106291997,0.0,193.0,,0.8,111.0,1.728,,,2021-10-26 08:05:00
5450786.106414173,0.0,188.0,,0.8,99.0,1.49,,,2021-10-26 08:10:00
5450787.106536347,0.0,183.0,,0.8,100.0,1.188,,,2021-10-26 08:15:00
5450788.106658522,0.0,190.0,,0.8,92.0,1.136,,,2021-10-26 08:20:00
5450789.106780697,0.0,203.0,,0.8,89.0,0.9312,,,2021-10-26 08:25:00
5450790.106902871,0.0,207.0,,0.8,93.0,0.6236,,,2021-10-26 08:30:00
5450791.107025046,0.0,207.0,,0.8,99.0,0.6818,,,2021-10-26 08:35:00
5450792.1071472205,0.0,203.0,,0.8,101.0,0.6478,,,2021-10-26 08:40:00
5450793.107269395,0.0,210.0,,0.8,89.0,0.758,,,2021-10-26 08:45:00
5450794.10739157,0.0,219.0,262.0,0.8,85.0,0.6786,,10.4,2021-10-26 08:50:00
5450795.107513744,0.0,219.0,,0.8,99.0,0.5456,,,2021-10-26 08:55:00
5450796.10763592,0.0,214.0,,0.8,91.0,0.4842,,,2021-10-26 09:00:00
5450797.107758095,0.0,215.0,,0.8,98.0,0.427,,,2021-10-26 09:05:00
5450798.107880269,0.0,209.0,,0.8,97.0,0.366,,,2021-10-26 09:10:00
5450799.108002444,0.0,212.0,,0.8,88.0,0.3734,,,2021-10-26 09:15:00
5450800.108124618,0.0,213.0,,0.8,93.0,0.3574,,,2021-10-26 09:20:00
5450801.108246793,0.0,211.0,,0.8,94.0,0.1685,,,2021-10-26 09:25:00
5450802.108368968,0.0,206.0,,0.8,92.0,0.11012,,,2021-10-26 09:30:00
5450803.108491142,0.0,200.0,,0.8,95.0,0.2732,,,2021-10-26 09:35:00
5450804.108613317,0.0,193.0,,0.8,95.0,0.307,,,2021-10-26 09:40:00
5450805.1087354915,0.0,186.0,,0.8,95.0,0.1624,,,2021-10-26 09:45:00
5450806.108857667,0.0,179.0,,0.8,95.0,0.08306,,,2021-10-26 09:50:00
5450807.108979842,0.0,169.0,,0.8,102.0,0.22234,,,2021-10-26 09:55:00
5450808.109102016,0.0,161.0,,0.8,91.0,0.237,,,2021-10-26 10:00:00
5450809.109224191,0.0,162.0,,0.8,95.0,0.2,,,2021-10-26 10:05:00
5450810.109346366,0.0,162.0,,0.8,95.0,0.2142,,,2021-10-26 10:10:00
5450811.10946854,0.0,159.0,,0.8,92.0,0.2036,,,2021-10-26 10:15:00
5450812.109590715,0.0,154.0,,0.8,95.0,0.1936,,,2021-10-26 10:20:00
5450813.109712889,0.0,149.0,,0.8,97.0,0.1133,,,2021-10-26 10:25:00
5450814.109835064,0.0,143.0,,0.8,93.0,0.143,,,2021-10-26 10:30:00
5450815.109957239,0.0,139.0,,0.8,91.0,0.1426,,,2021-10-26 10:35:00
5450816.110079413,0.0,131.0,,0.8,91.0,0.09086,,,2021-10-26 10:40:00
5450817.110201589,0.0,122.0,,0.8,106.0,0.0408,,,2021-10-26 10:45:00
5450818.110323763,0.0,117.0,157.0,0.8,95.0,0.02962,,3.6,2021-10-26 10:50:00
5450819.110445938,0.0,119.0,,0.8,91.0,0.0286,,,2021-10-26 10:55:00
5450820.110568113,0.0,122.0,,0.8,84.0,0.0292,,,2021-10-26 11:00:00
5450821.110690287,0.0,130.0,,0.8,88.0,0.02928,,,2021-10-26 11:05:00
5450822.110812462,0.0,125.0,,0.8,85.0,0.03178,,,2021-10-26 11:10:00
5450823.110934637,0.0,118.0,,0.8,93.0,0.07388,,,2021-10-26 11:15:00
5450824.111056811,0.0,111.0,,0.8,87.0,0.0607,,,2021-10-26 11:20:00
5450825.111178986,0.0,108.0,,0.8,95.0,0.05198,,,2021-10-26 11:25:00
5450826.11130116,0.0,106.0,,0.8,91.0,0.0386,,,2021-10-26 11:30:00
5450827.111423336,0.0,101.0,,0.8,94.0,0.05376,35.0,,2021-10-26 11:35:00
5450828.111545511,0.0,98.0,,0.8,96.0,0.049,,,2021-10-26 11:40:00
5450829.111667685,0.0,98.0,,0.8,92.0,0.04978,,,2021-10-26 11:45:00
5450830.11178986,0.0,98.0,,0.8,93.0,0.05234,,,2021-10-26 11:50:00
5450831.111912034,0.0,97.0,,0.8,87.0,0.0485,,,2021-10-26 11:55:00
5450832.112034209,0.0,95.0,,0.8,94.0,0.0361,,,2021-10-26 12:00:00
5450833.112156384,0.0,92.0,,0.8,90.0,0.0307,,,2021-10-26 12:05:00
5450834.112278558,0.0,88.0,116.0,0.8,91.0,0.0232,,,2021-10-26 12:10:00
5450835.112400733,0.0,86.0,,0.8,91.0,0.02066,,,2021-10-26 12:15:00
5450836.112522908,0.0,91.0,,0.8,100.0,0.01642,,,2021-10-26 12:20:00
5450837.112645082,0.0,86.0,,0.8,99.0,0.01778,,,2021-10-26 12:25:00
5450838.112767258,0.0,93.0,118.0,0.8,102.0,0.01408,,7.0,2021-10-26 12:30:00
5450839.112889432,0.0,92.0,,0.8,104.0,0.009554,,,2021-10-26 12:35:00
5450840.113011607,0.0,90.0,,0.8,99.0,0.01035,,,2021-10-26 12:40:00
5450841.113133782,0.0,97.0,,0.8,100.0,0.009054,,,2021-10-26 12:45:00
5450842.113255956,0.0,92.0,,0.8,103.0,0.007914,,,2021-10-26 12:50:00
5450843.113378131,0.0,92.0,,0.8,102.0,0.009246,,,2021-10-26 12:55:00
5450844.113500305,0.0,99.0,,0.8,100.0,0.010468,,,2021-10-26 13:00:00
5450845.11362248,0.0,105.0,,0.8,98.0,0.0156,,,2021-10-26 13:05:00
5450846.113744655,0.0,118.0,,0.8,96.0,0.01554,,,2021-10-26 13:10:00
5450847.113866829,0.0,133.0,,0.8,98.0,0.0234,,,2021-10-26 13:15:00
5450848.113989005,0.0,145.0,,0.8,95.0,0.04248,,,2021-10-26 13:20:00
5450849.1141111795,0.0,153.0,,0.8,96.0,0.08768,,,2021-10-26 13:25:00
5450850.114233354,0.0,159.0,,0.8,94.0,0.10944,,,2021-10-26 13:30:00
5450851.114355529,0.0,162.0,,0.8,94.0,0.0788,,,2021-10-26 13:35:00
5450852.114477703,0.0,164.0,,0.8,93.0,0.04544,,,2021-10-26 13:40:00
5450853.114599878,0.0,163.0,,0.8,96.0,0.0566,,,2021-10-26 13:45:00
5450854.114722053,0.0,158.0,,0.8,100.0,0.03216,,,2021-10-26 13:50:00
5450855.114844227,0.0,156.0,,0.8,93.0,0.02646,,,2021-10-26 13:55:00
5450856.114966402,0.0,156.0,,0.8,97.0,0.02724,,,2021-10-26 14:00:00
5450857.115088576,0.0,161.0,,0.8,101.0,0.0193,,,2021-10-26 14:05:00
5450858.115210751,0.0,168.0,,0.8,94.0,0.01788,,,2021-10-26 14:10:00
5450859.115332927,0.0,174.0,,0.8,93.0,0.02766,,,2021-10-26 14:15:00
5450860.115455101,0.0,171.0,,0.8,89.0,0.01406,,,2021-10-26 14:20:00
5450861.115577276,0.0,165.0,,0.8,92.0,0.02298,,,2021-10-26 14:25:00
5450862.1156994505,0.0,164.0,,0.8,92.0,0.01456,,,2021-10-26 14:30:00
5450863.115821625,0.0,163.0,,0.8,106.0,0.010344,,,2021-10-26 14:35:00
5450864.1159438,0.0,160.0,,0.8,91.0,0.01246,,,2021-10-26 14:40:00
5450865.116065974,0.0,155.0,,0.8,93.0,0.011958,,,2021-10-26 14:45:00
5450866.116188149,0.0,148.0,,0.8,91.0,0.01784,,,2021-10-26 14:50:00
5450867.116310324,0.0,143.0,,0.8,87.0,0.014282,,,2021-10-26 14:55:00
5450868.116432498,0.0,138.0,,0.8,83.0,0.0186,,,2021-10-26 15:00:00
5450869.116554674,0.0,133.0,,0.8,88.0,0.01163,,,2021-10-26 15:05:00
5450870.116676848,0.0,122.0,,0.8,93.0,0.011614,,,2021-10-26 15:10:00
5450871.116799023,0.0,121.0,,0.8,88.0,0.01388,,,2021-10-26 15:15:00
5450872.116921198,0.0,120.0,,0.8,92.0,0.011634,,,2021-10-26 15:20:00
5450873.117043372,0.0,112.0,,0.8,100.0,0.008294,,,2021-10-26 15:25:00
5450874.117165547,0.0,107.0,,0.8,91.0,0.00783,,,2021-10-26 15:30:00
5450875.1172877215,0.0,102.0,,0.8,89.0,0.010646,,,2021-10-26 15:35:00
5450876.117409896,0.0,96.0,,0.8,88.0,0.0112,,,2021-10-26 15:40:00
5450877.117532071,0.0,89.0,,0.8,90.0,0.01158,,,2021-10-26 15:45:00
5450878.117654245,0.0,84.0,,0.8,90.0,0.00874,,,2021-10-26 15:50:00
5450879.117776421,0.0,81.0,,0.8,94.0,0.010172,,,2021-10-26 15:55:00
5450880.1178985955,0.0,77.0,,0.8,86.0,0.0112,,,2021-10-26 16:00:00
5450881.11802077,0.0,73.0,,0.8,87.0,0.010632,,,2021-10-26 16:05:00
5450882.118142945,0.0,69.0,,0.8,95.0,0.006838,,,2021-10-26 16:10:00
5450883.118265119,0.0,67.0,73.0,0.8,104.0,0.004682,,,2021-10-26 16:15:00
5450884.118387294,0.0,64.0,,0.8,90.0,0.005486,,,2021-10-26 16:20:00
5450885.118509469,0.0,70.0,,0.8,86.0,0.005412,,,2021-10-26 16:25:00
5450886.118631643,0.0,66.0,,0.8,87.0,0.006302,,,2021-10-26 16:30:00
5450887.118753818,0.0,62.0,,0.8,90.0,0.007844,,,2021-10-26 16:35:00
5450888.1188759925,0.0,68.0,,0.8,105.0,0.422438,,,2021-10-26 16:40:00
5450889.118998167,0.0,75.0,,0.8,104.0,0.849,,,2021-10-26 16:45:00
5450890.119120343,0.0,79.0,,0.8,104.0,0.6192,,,2021-10-26 16:50:00
5450891.119242517,0.0,79.0,,0.8,100.0,0.5392,,,2021-10-26 16:55:00
5450892.119364692,0.0,82.0,,0.8,98.0,0.4456,,,2021-10-26 17:00:00
5450893.1194868665,0.0,84.0,,0.8,102.0,0.413,,,2021-10-26 17:05:00
5450894.119609041,0.0,85.0,,0.8,98.0,0.3404,,,2021-10-26 17:10:00
5450895.119731216,0.0,85.0,,0.8,90.0,0.2808,,,2021-10-26 17:15:00
5450896.11985339,0.0,93.0,,0.8,98.0,0.2666,,,2021-10-26 17:20:00
5450897.119975565,0.0,104.0,,0.8,101.0,0.283,,,2021-10-26 17:25:00
5450898.12009774,0.0,113.0,,0.8,97.0,0.2074,,,2021-10-26 17:30:00
5450899.120219914,0.0,114.0,,0.8,95.0,0.2066,,,2021-10-26 17:35:00
5450900.12034209,0.0,111.0,,0.8,99.0,0.171,,,2021-10-26 17:40:00
5450901.120464264,0.0,113.0,,0.8,96.0,0.144,,,2021-10-26 17:45:00
5450902.120586439,0.0,123.0,,0.8,100.0,0.15,,,2021-10-26 17:50:00
5450903.120708614,0.0,133.0,,0.8,109.0,0.09692,,,2021-10-26 17:55:00
5450904.120830788,0.0,139.0,,0.8,112.0,0.08614,,,2021-10-26 18:00:00
5450905.120952963,0.0,134.0,,0.8,113.0,0.08656,,,2021-10-26 18:05:00
5450906.1210751375,0.0,135.0,,0.8,115.0,0.11108,,,2021-10-26 18:10:00
5450907.121197312,0.0,133.0,,0.8,112.0,0.12156,,,2021-10-26 18:15:00
5450908.121319487,0.0,129.0,,0.8,109.0,0.2472,,,2021-10-26 18:20:00
5450909.121441661,0.0,122.0,,0.8,103.0,0.3198,,,2021-10-26 18:25:00
5450910.121563836,0.0,108.0,,0.8,105.0,0.24822,,,2021-10-26 18:30:00
5450911.121686012,0.0,100.0,,0.8,103.0,0.132,,,2021-10-26 18:35:00
5450912.121808186,0.0,94.0,,0.8,104.0,0.07186,,,2021-10-26 18:40:00
5450913.121930361,0.0,90.0,,0.8,109.0,0.04314,,,2021-10-26 18:45:00
5450914.122052535,0.0,92.0,,0.8,102.0,0.04546,,,2021-10-26 18:50:00
5450915.12217471,0.0,93.0,,0.8,115.0,0.02676,,,2021-10-26 18:55:00
5450916.122296885,0.0,87.0,,0.8,102.0,0.03122,,,2021-10-26 19:00:00
5450917.122419059,0.0,81.0,,0.8,105.0,0.01906,,,2021-10-26 19:05:00
5450918.122541234,0.0,75.0,,0.8,97.0,0.012784,,,2021-10-26 19:10:00
5450919.1226634085,0.0,70.0,,0.8,101.0,0.011918,,,2021-10-26 19:15:00
5450920.122785583,0.0,67.0,,0.8,102.0,0.008894,,,2021-10-26 19:20:00
5450921.122907759,0.0,65.0,,0.8,107.0,0.00841,,,2021-10-26 19:25:00
5450922.123029933,0.0,71.0,,0.8,103.0,0.0113,,,2021-10-26 19:30:00
5450923.123152108,0.0,76.0,,0.8,102.0,0.01712,,,2021-10-26 19:35:00
5450924.123274283,0.0,76.0,,0.8,116.0,0.72874,,,2021-10-26 19:40:00
5450925.123396457,0.0,71.0,,0.8,101.0,1.654,,,2021-10-26 19:45:00
5450926.123518632,0.0,72.0,75.0,0.8,101.0,1.508,,,2021-10-26 19:50:00
5450927.123640806,0.0,73.0,,0.8,106.0,1.0328,,,2021-10-26 19:55:00
5450928.123762981,0.0,79.0,,0.8,100.0,0.4224,,,2021-10-26 20:00:00
5450929.123885156,0.0,78.0,,0.8,98.0,0.1852,,,2021-10-26 20:05:00
5450930.12400733,0.0,75.0,,0.8,98.0,0.0931,,,2021-10-26 20:10:00
5450931.124129505,0.0,73.0,,0.8,97.0,0.0593,,,2021-10-26 20:15:00
5450932.12425168,0.0,73.0,,0.8,97.0,0.0421,,,2021-10-26 20:20:00
5450933.124373855,0.0,82.0,,0.8,113.0,0.01406,,,2021-10-26 20:25:00
5450934.12449603,0.0,91.0,,0.8,111.0,0.01724,,,2021-10-26 20:30:00
5450935.124618204,0.0,90.0,,0.8,103.0,0.01634,,,2021-10-26 20:35:00
5450936.124740379,0.0,92.0,,0.8,99.0,0.01094,,,2021-10-26 20:40:00
5450937.124862554,0.0,98.0,,0.8,98.0,0.01392,40.0,,2021-10-26 20:45:00
5450938.124984728,0.0,104.0,,0.8,97.0,0.010742,,,2021-10-26 20:50:00
5450939.125106903,0.0,111.0,126.0,0.8,102.0,0.00954,,9.0,2021-10-26 20:55:00
5450940.125229077,0.0,113.0,,0.8,104.0,0.00654,,,2021-10-26 21:00:00
5450941.125351252,0.0,115.0,,0.8,108.0,0.006036,,,2021-10-26 21:05:00
5450942.125473428,0.0,123.0,,0.8,97.0,0.004678,,,2021-10-26 21:10:00
5450943.125595602,0.0,128.0,,0.8,104.0,0.003682,,,2021-10-26 21:15:00
5450944.125717777,0.0,136.0,,0.8,97.0,0.00308,,,2021-10-26 21:20:00
5450945.125839951,0.0,143.0,,0.8,96.0,0.002784,,,2021-10-26 21:25:00
5450946.125962126,0.0,148.0,,0.8,93.0,0.001784,,,2021-10-26 21:30:00
5450947.126084301,0.0,153.0,,0.8,93.0,0.000955,,,2021-10-26 21:35:00
5450948.126206475,0.0,157.0,,0.8,94.0,0.000951,,,2021-10-26 21:40:00
5450949.12632865,0.0,165.0,,0.8,96.0,0.000761,,,2021-10-26 21:45:00
5450950.126450825,0.0,181.0,,0.8,94.0,0.000248,,,2021-10-26 21:50:00
5450951.126572999,0.0,190.0,,0.8,101.0,0.000232,,,2021-10-26 21:55:00
5450952.126695175,0.0,185.0,,0.8,95.0,0.000285,,,2021-10-26 22:00:00
5450953.126817349,0.0,185.0,,0.8,94.0,0.000276,,,2021-10-26 22:05:00
5450954.126939524,0.0,184.0,,0.8,94.0,0.000143,,,2021-10-26 22:10:00
5450955.127061699,0.0,183.0,,0.8,92.0,0.000148,,,2021-10-26 22:15:00
5450956.127183873,0.0,183.0,,0.8,91.0,0.000122,,,2021-10-26 22:20:00
5450957.127306048,0.0,189.0,,0.8,91.0,0.000133,,,2021-10-26 22:25:00
5450958.127428222,0.0,202.0,233.0,0.8,100.0,0.000142,,7.5,2021-10-26 22:30:00
5450959.127550397,0.0,216.0,,0.8,102.0,0.000129,,,2021-10-26 22:35:00
5450960.127672572,0.0,211.0,,0.8,105.0,0.000118,,,2021-10-26 22:40:00
5450961.127794746,0.0,219.0,,0.8,92.0,9.8e-05,,,2021-10-26 22:45:00
5450962.127916921,0.0,213.0,,0.8,87.0,8.9e-05,,,2021-10-26 22:50:00
5450963.1280390965,0.0,208.0,,0.8,88.0,9e-05,,,2021-10-26 22:55:00
5450964.128161271,0.0,202.0,,0.8,88.0,9.2e-05,,,2021-10-26 23:00:00
5450965.128283446,0.0,196.0,,0.8,90.0,9.4e-05,,,2021-10-26 23:05:00
5450966.12840562,0.0,192.0,,0.8,91.0,9.5e-05,,,2021-10-26 23:10:00
5450967.128527795,0.0,191.0,,0.8,91.0,9.6e-05,,,2021-10-26 23:15:00
5450968.12864997,0.0,193.0,,0.8,91.0,9.8e-05,,,2021-10-26 23:20:00
5450969.128772144,0.0,192.0,,0.8,91.0,0.0001,,,2021-10-26 23:25:00
5450970.128894319,0.0,189.0,,0.8,90.0,0.000102,,,2021-10-26 23:30:00
5450971.129016493,0.0,197.0,,0.8,91.0,0.000105,,,2021-10-26 23:35:00
5450972.129138668,0.0,203.0,,0.8,91.0,0.00011,,,2021-10-26 23:40:00
5450973.129260844,0.0,207.0,,0.8,89.0,0.000114,,,2021-10-26 23:45:00
5450974.129383018,0.0,202.0,,0.8,89.0,0.000109,,,2021-10-26 23:50:00
5450975.129505193,0.0,189.0,,0.8,89.0,0.000111,,,2021-10-26 23:55:00
5450976.1296273675,0.0,182.0,,0.8,89.0,0.000113,,,2021-10-27 00:00:00
5450977.129749542,0.0,175.0,,0.8,89.0,0.000108,,,2021-10-27 00:05:00
5450978.129871717,0.0,179.0,,0.8,86.0,0.000104,,,2021-10-27 00:10:00
5450979.129993891,0.0,185.0,,0.8,81.0,0.000108,,,2021-10-27 00:15:00
5450980.130116066,0.0,182.0,,0.8,83.0,0.000103,,,2021-10-27 00:20:00
5450981.130238241,0.0,177.0,,0.8,93.0,0.000136,,,2021-10-27 00:25:00
5450982.130360415,0.0,168.0,,0.8,92.0,0.000173,,,2021-10-27 00:30:00
5450983.13048259,0.0,160.0,,0.8,80.0,0.000259,,,2021-10-27 00:35:00
5450984.130604765,0.0,153.0,,0.8,79.0,0.000227,,,2021-10-27 00:40:00
5450985.13072694,0.0,152.0,,0.8,99.0,0.000199,,,2021-10-27 00:45:00
5450986.130849115,0.0,149.0,,0.8,95.0,0.000299,,,2021-10-27 00:50:00
5450987.130971289,0.0,146.0,,0.8,79.0,0.000363,,,2021-10-27 00:55:00
5450988.131093464,0.0,142.0,,0.8,78.0,0.000412,,,2021-10-27 01:00:00
5450989.1312156385,0.0,137.0,,0.8,77.0,0.000548,,,2021-10-27 01:05:00
5450990.131337813,0.0,136.0,,0.8,79.0,0.000592,,,2021-10-27 01:10:00
5450991.131459988,0.0,137.0,,0.8,80.0,0.000723,,,2021-10-27 01:15:00
5450992.131582162,0.0,142.0,,0.8,80.0,0.000882,,,2021-10-27 01:20:00
5450993.131704337,0.0,142.0,,0.8,78.0,0.000804,,,2021-10-27 01:25:00
5450994.1318265125,0.0,143.0,,0.8,78.0,0.000484,,,2021-10-27 01:30:00
5450995.131948687,0.0,149.0,,0.8,80.0,0.000322,,,2021-10-27 01:35:00
5450996.132070862,0.0,153.0,,0.8,78.0,0.000346,,,2021-10-27 01:40:00
5450997.132193036,0.0,153.0,,0.8,77.0,0.000429,,,2021-10-27 01:45:00
5450998.132315211,0.0,153.0,,0.8,76.0,0.000507,,,2021-10-27 01:50:00
5450999.132437386,0.0,153.0,,0.8,76.0,0.000555,,,2021-10-27 01:55:00
5451000.13255956,0.0,152.0,,0.8,76.0,0.00061,,,2021-10-27 02:00:00
5451001.132681735,0.0,151.0,,0.8,76.0,0.000668,,,2021-10-27 02:05:00
5451002.1328039095,0.0,159.0,,0.8,75.0,0.000722,,,2021-10-27 02:10:00
5451003.132926084,0.0,172.0,,0.8,76.0,0.000782,,,2021-10-27 02:15:00
5451004.133048259,0.0,170.0,,0.8,76.0,0.000837,,,2021-10-27 02:20:00
5451005.133170434,0.0,169.0,,0.8,78.0,0.000511,,,2021-10-27 02:25:00
5451006.133292609,0.0,166.0,,0.8,83.0,0.000681,,,2021-10-27 02:30:00
5451007.1334147835,0.0,163.0,,0.8,105.0,0.000892,,,2021-10-27 02:35:00
5451008.133536958,0.0,159.0,,0.8,136.0,0.001127,,,2021-10-27 02:40:00
5451009.133659133,0.0,159.0,,0.8,131.0,0.00114,,,2021-10-27 02:45:00
5451010.133781307,0.0,158.0,,0.8,137.0,0.00125,,,2021-10-27 02:50:00
5451011.133903482,0.0,157.0,,0.8,138.0,0.00133,,,2021-10-27 02:55:00
5451012.134025657,0.0,160.0,,0.8,137.0,0.001576,,,2021-10-27 03:00:00
5451013.134147831,0.0,164.0,,0.8,140.0,0.001554,,,2021-10-27 03:05:00
5451014.134270006,0.0,166.0,,0.8,139.0,0.001436,,,2021-10-27 03:10:00
5451015.134392181,0.0,165.0,,0.8,78.0,0.000543,,,2021-10-27 03:15:00
5451016.134514356,1.0,,,0.8,76.0,0.000606,,,2021-10-27 03:20:00
5451017.134636531,0.0,172.0,,0.8,72.0,0.000795,,,2021-10-27 03:25:00
5451018.134758705,0.0,190.0,,0.8,73.0,0.00117,,,2021-10-27 03:30:00
5451019.13488088,0.0,195.0,,0.8,74.0,0.001352,,,2021-10-27 03:35:00
5451020.1350030545,0.0,192.0,,0.8,75.0,0.001584,,,2021-10-27 03:40:00
5451021.135125229,0.0,191.0,,0.8,75.0,0.00167,,,2021-10-27 03:45:00
5451022.135247404,0.0,190.0,,0.8,75.0,0.001516,,,2021-10-27 03:50:00
5451023.135369578,0.0,190.0,,0.8,77.0,0.001173,,,2021-10-27 03:55:00
5451024.135491753,0.0,192.0,,0.8,74.0,0.000338,,,2021-10-27 04:00:00
5451025.135613928,0.0,195.0,,0.8,79.0,0.000326,,,2021-10-27 04:05:00
5451026.135736103,0.0,198.0,,0.8,87.0,0.00035,,,2021-10-27 04:10:00
5451027.135858278,0.0,192.0,,0.8,76.0,0.000285,,,2021-10-27 04:15:00
5451028.135980452,0.0,186.0,,0.8,81.0,0.000231,,,2021-10-27 04:20:00
5451029.136102627,0.0,193.0,,0.8,81.0,0.000258,,,2021-10-27 04:25:00
5451030.136224802,0.0,196.0,,0.8,75.0,0.000272,,,2021-10-27 04:30:00
5451031.136346976,0.0,195.0,201.0,0.8,84.0,0.000473,,5.8,2021-10-27 04:35:00
5451032.136469151,0.0,196.0,,0.8,81.0,0.000536,,,2021-10-27 04:40:00
5451033.1365913255,0.0,199.0,,0.8,74.0,0.000596,,,2021-10-27 04:45:00
5451034.1367135,0.0,200.0,,0.8,73.0,0.000539,,,2021-10-27 04:50:00
5451035.136835675,0.0,202.0,,0.8,72.0,0.000413,,,2021-10-27 04:55:00
5451036.13695785,0.0,200.0,,0.8,74.0,0.000268,,,2021-10-27 05:00:00
5451037.137080025,0.0,197.0,,0.8,99.0,0.000188,,,2021-10-27 05:05:00
5451038.1372022,0.0,190.0,,0.8,79.0,0.000206,,,2021-10-27 05:10:00
5451039.137324374,0.0,182.0,,0.8,,,,,2021-10-27 05:15:00
5451040.137446549,0.0,175.0,,0.8,,,,,2021-10-27 05:20:00
5451041.137568723,0.0,165.0,,0.8,,,,,2021-10-27 05:25:00
5451042.137690898,0.0,163.0,,0.8,,,,,2021-10-27 05:30:00
5451043.137813073,0.0,156.0,,0.8,,,,,2021-10-27 05:35:00
5451044.137935247,0.0,142.0,,0.8,,,,,2021-10-27 05:40:00
5451045.138057422,0.0,137.0,,0.8,,,,,2021-10-27 05:45:00
5451046.138179597,0.0,127.0,,0.8,,,15.0,,2021-10-27 05:50:00
5451047.138301772,0.0,116.0,,0.8,,,,,2021-10-27 05:55:00
5451048.138423947,0.0,108.0,69.0,0.8,,,,,2021-10-27 06:00:00
5451049.138546121,0.0,103.0,,0.8,,,,,2021-10-27 06:05:00
5451050.138668296,0.0,86.0,,0.8,,,,,2021-10-27 06:10:00
5451051.138790471,0.0,88.0,,0.8,,,,,2021-10-27 06:15:00
5451052.138912645,0.0,99.0,,0.8,,,,,2021-10-27 06:20:00
5451053.13903482,0.0,103.0,,0.8,,,,,2021-10-27 06:25:00
5451054.139156994,0.0,126.0,,0.8,91.0,0.003325,,,2021-10-27 06:30:00
5451055.139279169,0.0,131.0,,0.8,96.0,0.005148,,,2021-10-27 06:35:00
5451056.139401344,0.0,136.0,,0.8,96.0,0.002803,,,2021-10-27 06:40:00
5451057.139523519,0.0,147.0,,0.8,109.0,0.39218,,,2021-10-27 06:45:00
5451058.139645694,0.0,150.0,,0.8,99.0,0.3288,,,2021-10-27 06:50:00
5451059.139767868,0.0,152.0,,0.8,98.0,0.12294,,,2021-10-27 06:55:00
5451060.139890043,0.0,152.0,,0.8,97.0,0.03924,,,2021-10-27 07:00:00
5451061.140012218,0.0,153.0,,0.8,101.0,0.023,,,2021-10-27 07:05:00
5451062.140134392,0.0,157.0,,0.8,108.0,0.010264,,,2021-10-27 07:10:00
5451063.140256567,0.0,159.0,,0.8,100.0,0.004168,,,2021-10-27 07:15:00
5451064.140378742,0.0,157.0,140.0,0.8,112.0,0.002916,,12.6,2021-10-27 07:20:00
5451065.140500916,0.0,156.0,,0.8,99.0,0.018166,,,2021-10-27 07:25:00
5451066.140623091,0.0,153.0,,0.8,101.0,0.15808,,,2021-10-27 07:30:00
5451067.140745266,0.0,145.0,,0.8,102.0,0.04552,,,2021-10-27 07:35:00
5451068.140867441,0.0,145.0,,0.8,98.0,0.01976,,,2021-10-27 07:40:00
5451069.140989616,0.0,148.0,,0.8,95.0,0.012534,,,2021-10-27 07:45:00
5451070.14111179,0.0,155.0,,0.8,98.0,0.009304,,,2021-10-27 07:50:00
5451071.141233965,0.0,166.0,,0.8,96.0,0.006458,,,2021-10-27 07:55:00
5451072.141356139,0.0,177.0,,0.8,107.0,0.004938,,,2021-10-27 08:00:00
5451073.141478314,0.0,187.0,,0.8,112.0,0.011122,,,2021-10-27 08:05:00
5451074.141600489,0.0,188.0,,0.8,100.0,0.02752,,,2021-10-27 08:10:00
5451075.141722663,0.0,183.0,,0.8,100.0,0.03242,,,2021-10-27 08:15:00
5451076.141844838,0.0,179.0,,0.8,101.0,0.02042,,,2021-10-27 08:20:00
5451077.141967013,0.0,177.0,,0.8,98.0,0.01214,,,2021-10-27 08:25:00
5451078.142089188,0.0,176.0,,0.8,97.0,0.009294,,,2021-10-27 08:30:00
5451079.142211363,0.0,176.0,,0.8,96.0,0.006722,,,2021-10-27 08:35:00
5451080.142333537,0.0,180.0,,0.8,95.0,0.00623,,,2021-10-27 08:40:00
5451081.142455712,0.0,189.0,,0.8,103.0,0.004344,,,2021-10-27 08:45:00
5451082.142577887,0.0,197.0,219.0,0.8,94.0,0.003712,,7.5,2021-10-27 08:50:00
5451083.142700061,0.0,200.0,,0.8,91.0,0.003332,,,2021-10-27 08:55:00
5451084.142822236,0.0,206.0,,0.8,96.0,0.00289,,,2021-10-27 09:00:00
5451085.14294441,0.0,214.0,,0.8,107.0,0.002184,,,2021-10-27 09:05:00
5451086.143066585,0.0,215.0,,0.8,101.0,0.00201,,,2021-10-27 09:10:00
5451087.14318876,0.0,211.0,,0.8,97.0,0.002178,,,2021-10-27 09:15:00
5451088.143310935,0.0,204.0,,0.8,94.0,0.001628,,,2021-10-27 09:20:00
5451089.14343311,0.0,196.0,,0.8,97.0,0.001756,,,2021-10-27 09:25:00
5451090.1435552845,0.0,188.0,,0.8,96.0,0.00152,,,2021-10-27 09:30:00
5451091.143677459,0.0,182.0,,0.8,93.0,0.001346,,,2021-10-27 09:35:00
5451092.143799634,0.0,179.0,,0.8,92.0,0.001486,,,2021-10-27 09:40:00
5451093.143921808,0.0,175.0,,0.8,91.0,0.001226,,,2021-10-27 09:45:00
5451094.144043983,0.0,174.0,,0.8,95.0,0.001232,,,2021-10-27 09:50:00
5451095.144166158,0.0,177.0,,0.8,103.0,0.001057,,,2021-10-27 09:55:00
5451096.144288332,0.0,176.0,,0.8,98.0,0.000909,,,2021-10-27 10:00:00
5451097.144410507,0.0,165.0,,0.8,93.0,0.000972,,,2021-10-27 10:05:00
5451098.144532681,0.0,154.0,,0.8,91.0,0.000866,,,2021-10-27 10:10:00
5451099.144654857,0.0,147.0,,0.8,93.0,0.000822,,,2021-10-27 10:15:00
5451100.144777032,0.0,145.0,,0.8,92.0,0.000807,,,2021-10-27 10:20:00
5451101.144899206,0.0,145.0,,0.8,89.0,0.000785,,,2021-10-27 10:25:00
5451102.145021381,0.0,143.0,,0.8,92.0,0.000725,,,2021-10-27 10:30:00
5451103.1451435555,0.0,145.0,,0.8,93.0,0.000825,,,2021-10-27 10:35:00
5451104.14526573,0.0,143.0,,0.8,98.0,0.000705,,,2021-10-27 10:40:00
5451105.145387905,0.0,142.0,,0.8,98.0,0.000513,,,2021-10-27 10:45:00
5451106.145510079,0.0,137.0,,0.8,93.0,0.000501,,,2021-10-27 10:50:00
5451107.145632254,0.0,129.0,,0.8,91.0,0.00052,,,2021-10-27 10:55:00
5451108.145754429,0.0,124.0,,0.8,91.0,0.000479,,,2021-10-27 11:00:00
5451109.145876604,0.0,121.0,,0.8,89.0,0.000491,,,2021-10-27 11:05:00
5451110.145998779,0.0,118.0,,0.8,91.0,0.000412,,,2021-10-27 11:10:00
5451111.146120953,0.0,116.0,,0.8,92.0,0.000422,,,2021-10-27 11:15:00
5451112.146243128,0.0,113.0,,0.8,94.0,0.000368,,,2021-10-27 11:20:00
5451113.146365303,0.0,113.0,134.0,0.8,95.0,0.00037,,,2021-10-27 11:25:00
5451114.146487477,0.0,126.0,,0.8,107.0,0.000325,,,2021-10-27 11:30:00
5451115.146609652,0.0,131.0,134.0,0.8,102.0,0.000281,6.0,1.2,2021-10-27 11:35:00
5451116.1467318265,0.0,125.0,,0.8,107.0,0.000275,,,2021-10-27 11:40:00
5451117.146854001,0.0,120.0,,0.8,106.0,0.000261,,,2021-10-27 11:45:00
5451118.146976176,0.0,122.0,,0.8,100.0,0.000241,,,2021-10-27 11:50:00
5451119.147098351,0.0,127.0,,0.8,105.0,0.000209,,,2021-10-27 11:55:00
5451120.147220526,0.0,133.0,,0.8,103.0,0.000322,,,2021-10-27 12:00:00
5451121.1473427005,0.0,136.0,,0.8,111.0,0.001722,,,2021-10-27 12:05:00
5451122.147464875,0.0,138.0,,0.8,109.0,0.005647,,,2021-10-27 12:10:00
5451123.14758705,0.0,136.0,,0.8,98.0,0.14322,,,2021-10-27 12:15:00
5451124.147709224,0.0,132.0,,0.8,95.0,0.2492,,,2021-10-27 12:20:00
5451125.147831399,0.0,132.0,,0.8,93.0,0.18664,,,2021-10-27 12:25:00
5451126.147953574,0.0,130.0,,0.8,93.0,0.06882,,,2021-10-27 12:30:00
5451127.148075748,0.0,132.0,,0.8,94.0,0.0355,,,2021-10-27 12:35:00
5451128.148197923,0.0,141.0,,0.8,90.0,0.0143,,,2021-10-27 12:40:00
5451129.1483200975,0.0,144.0,,0.8,91.0,0.00966,,,2021-10-27 12:45:00
5451130.148442273,0.0,146.0,,0.8,94.0,0.006892,,,2021-10-27 12:50:00
5451131.148564448,0.0,152.0,,0.8,95.0,0.005474,,,2021-10-27 12:55:00
5451132.148686622,0.0,165.0,,0.8,96.0,0.003812,,,2021-10-27 13:00:00
5451133.148808797,0.0,159.0,,0.8,91.0,0.002964,,,2021-10-27 13:05:00
5451134.1489309715,0.0,158.0,,0.8,92.0,0.002676,,,2021-10-27 13:10:00
5451135.149053146,0.0,156.0,,0.8,92.0,0.002088,,,2021-10-27 13:15:00
5451136.149175321,0.0,157.0,,0.8,92.0,0.001868,,,2021-10-27 13:20:00
5451137.149297495,0.0,158.0,,0.8,91.0,0.001506,,,2021-10-27 13:25:00
5451138.14941967,0.0,160.0,,0.8,90.0,0.001344,,,2021-10-27 13:30:00
5451139.149541845,0.0,159.0,,0.8,90.0,0.001073,,,2021-10-27 13:35:00
5451140.14966402,0.0,159.0,,0.8,99.0,0.00068,,,2021-10-27 13:40:00
5451141.149786195,0.0,162.0,,0.8,104.0,0.000383,,,2021-10-27 13:45:00
5451142.149908369,0.0,166.0,,0.8,107.0,0.000296,,,2021-10-27 13:50:00
5451143.150030544,0.0,171.0,,0.8,98.0,0.000164,,,2021-10-27 13:55:00
5451144.150152719,0.0,170.0,,0.8,103.0,0.000137,,,2021-10-27 14:00:00
5451145.150274893,0.0,167.0,,0.8,96.0,0.000122,,,2021-10-27 14:05:00
5451146.150397068,0.0,164.0,,0.8,94.0,0.000136,,,2021-10-27 14:10:00
5451147.1505192425,0.0,168.0,,0.8,91.0,0.000142,,,2021-10-27 14:15:00
5451148.150641417,0.0,169.0,,0.8,91.0,0.000151,,,2021-10-27 14:20:00
5451149.150763592,0.0,168.0,,0.8,92.0,0.000135,,,2021-10-27 14:25:00
5451150.150885766,0.0,167.0,,0.8,96.0,0.000137,,,2021-10-27 14:30:00
5451151.151007942,0.0,175.0,,0.8,102.0,9.3e-05,,,2021-10-27 14:35:00
5451152.151130117,0.0,179.0,,0.8,95.0,9.9e-05,,,2021-10-27 14:40:00
5451153.151252291,0.0,171.0,,0.8,90.0,0.000112,,,2021-10-27 14:45:00
5451154.151374466,0.0,168.0,189.0,0.8,92.0,0.000125,,4.7,2021-10-27 14:50:00
5451155.15149664,0.0,164.0,,0.8,92.0,0.000126,,,2021-10-27 14:55:00
5451156.151618815,0.0,168.0,,0.8,89.0,0.000105,,,2021-10-27 15:00:00
5451157.15174099,0.0,177.0,,0.8,88.0,0.000108,,,2021-10-27 15:05:00
5451158.151863164,0.0,176.0,,0.8,88.0,0.000106,,,2021-10-27 15:10:00
5451159.151985339,0.0,178.0,,0.8,88.0,0.0001,,,2021-10-27 15:15:00
5451160.1521075135,0.0,179.0,,0.8,100.0,8.1e-05,,,2021-10-27 15:20:00
5451161.152229689,0.0,185.0,,0.8,97.0,6.9e-05,,,2021-10-27 15:25:00
5451162.152351864,0.0,191.0,,0.8,106.0,7.6e-05,,,2021-10-27 15:30:00
5451163.152474038,0.0,189.0,,0.8,96.0,7.9e-05,,,2021-10-27 15:35:00
5451164.152596213,0.0,182.0,,0.8,92.0,7.7e-05,,,2021-10-27 15:40:00
5451165.152718388,0.0,176.0,,0.8,90.0,7.5e-05,,,2021-10-27 15:45:00
5451166.152840562,0.0,171.0,,0.8,89.0,7.3e-05,,,2021-10-27 15:50:00
5451167.152962737,0.0,170.0,,0.8,88.0,7.1e-05,,,2021-10-27 15:55:00
5451168.153084911,0.0,169.0,,0.8,85.0,6.9e-05,,,2021-10-27 16:00:00
5451169.153207086,0.0,169.0,,0.8,85.0,7e-05,,,2021-10-27 16:05:00
5451170.153329261,0.0,166.0,,0.8,88.0,6.3e-05,,,2021-10-27 16:10:00
5451171.153451435,0.0,165.0,,0.8,88.0,6e-05,,,2021-10-27 16:15:00
5451172.153573611,0.0,166.0,,0.8,102.0,5.7e-05,,,2021-10-27 16:20:00
5451173.153695785,0.0,177.0,,0.8,93.0,5.4e-05,,,2021-10-27 16:25:00
5451174.15381796,0.0,184.0,131.0,0.8,102.0,5.6e-05,,,2021-10-27 16:30:00
5451175.153940135,0.0,181.0,,0.8,96.0,5.6e-05,,,2021-10-27 16:35:00
5451176.154062309,0.0,184.0,192.0,0.8,101.0,5.5e-05,,,2021-10-27 16:40:00
5451177.154184484,0.0,186.0,,0.8,92.0,5.7e-05,,,2021-10-27 16:45:00
5451178.154306659,0.0,190.0,,0.8,95.0,5.3e-05,,,2021-10-27 16:50:00
5451179.154428833,0.0,195.0,,0.8,96.0,5.1e-05,,,2021-10-27 16:55:00
5451180.154551008,0.0,202.0,,0.8,91.0,5.2e-05,,,2021-10-27 17:00:00
5451181.154673182,0.0,215.0,,0.8,85.0,5.1e-05,,,2021-10-27 17:05:00
5451182.154795358,0.0,221.0,,0.8,84.0,5.2e-05,,,2021-10-27 17:10:00
5451183.154917533,0.0,223.0,,0.8,85.0,4.9e-05,,,2021-10-27 17:15:00
5451184.155039707,0.0,225.0,,0.8,84.0,4.9e-05,,,2021-10-27 17:20:00
5451185.155161882,0.0,230.0,228.0,0.8,96.0,5.1e-05,,8.3,2021-10-27 17:25:00
5451186.155284056,0.0,244.0,,0.8,96.0,4.9e-05,,,2021-10-27 17:30:00
5451187.155406231,0.0,250.0,,0.8,93.0,5e-05,,,2021-10-27 17:35:00
5451188.155528406,0.0,252.0,,0.8,91.0,5.3e-05,,,2021-10-27 17:40:00
5451189.15565058,0.0,260.0,,0.8,98.0,5.4e-05,,,2021-10-27 17:45:00
5451190.155772755,0.0,275.0,,0.8,92.0,5.9e-05,,,2021-10-27 17:50:00
5451191.15589493,0.0,270.0,,0.8,91.0,6.4e-05,,,2021-10-27 17:55:00
5451192.156017104,0.0,274.0,,0.8,90.0,6.6e-05,,,2021-10-27 18:00:00
5451193.15613928,0.0,276.0,,0.8,89.0,6.9e-05,,,2021-10-27 18:05:00
5451194.156261454,0.0,276.0,,0.8,90.0,7.2e-05,,,2021-10-27 18:10:00
5451195.156383629,0.0,276.0,,0.8,90.0,7.6e-05,,,2021-10-27 18:15:00
5451196.156505804,0.0,276.0,,0.8,91.0,7.8e-05,,,2021-10-27 18:20:00
5451197.156627978,0.0,278.0,,0.8,90.0,7.3e-05,,,2021-10-27 18:25:00
5451198.156750153,0.0,277.0,,0.8,91.0,7.5e-05,,,2021-10-27 18:30:00
5451199.156872327,0.0,278.0,,0.8,91.0,7.5e-05,,,2021-10-27 18:35:00
5451200.156994502,0.0,277.0,,0.8,90.0,7.8e-05,,,2021-10-27 18:40:00
5451201.157116677,0.0,280.0,,0.8,90.0,7.4e-05,,,2021-10-27 18:45:00
5451202.157238851,0.0,286.0,,0.8,90.0,7.9e-05,,,2021-10-27 18:50:00
5451203.157361027,0.0,286.0,,0.8,90.0,7.3e-05,,,2021-10-27 18:55:00
5451204.1574832015,0.0,285.0,,0.8,101.0,6.9e-05,,,2021-10-27 19:00:00
5451205.157605376,0.0,289.0,,0.8,99.0,6.9e-05,,,2021-10-27 19:05:00
5451206.157727551,0.0,292.0,286.0,0.8,91.0,7.4e-05,,12.8,2021-10-27 19:10:00
5451207.157849725,0.0,294.0,,0.8,90.0,8.8e-05,,,2021-10-27 19:15:00
5451208.1579719,0.0,293.0,,0.8,104.0,8.2e-05,,,2021-10-27 19:20:00
5451209.158094075,0.0,293.0,,0.8,104.0,7.2e-05,30.0,,2021-10-27 19:25:00
5451210.158216249,0.0,291.0,289.0,0.8,106.0,7e-05,,6.0,2021-10-27 19:30:00
5451211.158338424,0.0,285.0,,0.8,104.0,7.4e-05,,,2021-10-27 19:35:00
5451212.158460598,0.0,283.0,,0.8,103.0,7.6e-05,,,2021-10-27 19:40:00
5451213.158582774,0.0,286.0,,0.8,95.0,7.3e-05,,,2021-10-27 19:45:00
5451214.158704949,0.0,288.0,,0.8,89.0,7.2e-05,,,2021-10-27 19:50:00
5451215.158827123,0.0,281.0,,0.8,88.0,7.6e-05,,,2021-10-27 19:55:00
5451216.158949298,0.0,275.0,,0.8,88.0,7.8e-05,,,2021-10-27 20:00:00
5451217.1590714725,0.0,275.0,,0.8,88.0,7.6e-05,,,2021-10-27 20:05:00
5451218.159193647,0.0,276.0,,0.8,90.0,7.9e-05,,,2021-10-27 20:10:00
5451219.159315822,0.0,275.0,,0.8,86.0,7.7e-05,,,2021-10-27 20:15:00
5451220.159437996,0.0,276.0,,0.8,88.0,7.7e-05,,,2021-10-27 20:20:00
5451221.159560171,0.0,274.0,,0.8,86.0,7.3e-05,,,2021-10-27 20:25:00
5451222.159682346,0.0,272.0,274.0,0.8,95.0,7.2e-05,,7.0,2021-10-27 20:30:00
5451223.15980452,0.0,280.0,,0.8,93.0,7.3e-05,,,2021-10-27 20:35:00
5451224.159926696,0.0,286.0,,0.8,90.0,7e-05,,,2021-10-27 20:40:00
5451225.16004887,0.0,282.0,,0.8,85.0,6.1e-05,,,2021-10-27 20:45:00
5451226.160171045,0.0,277.0,,0.8,84.0,6.4e-05,,,2021-10-27 20:50:00
5451227.16029322,0.0,274.0,,0.8,85.0,5.9e-05,,,2021-10-27 20:55:00
5451228.160415394,0.0,274.0,,0.8,89.0,6e-05,,,2021-10-27 21:00:00
5451229.160537569,0.0,280.0,,0.8,87.0,6.1e-05,,,2021-10-27 21:05:00
5451230.1606597435,0.0,278.0,,0.8,86.0,6.3e-05,,,2021-10-27 21:10:00
5451231.160781918,0.0,275.0,,0.8,85.0,6.2e-05,,,2021-10-27 21:15:00
5451232.160904093,0.0,276.0,,0.8,102.0,5.5e-05,,,2021-10-27 21:20:00
5451233.161026267,0.0,284.0,,0.8,91.0,5.5e-05,,,2021-10-27 21:25:00
5451234.161148443,0.0,283.0,,0.8,98.0,5.7e-05,,,2021-10-27 21:30:00
5451235.1612706175,0.0,281.0,289.0,0.8,96.0,5.7e-05,,10.3,2021-10-27 21:35:00
5451236.161392792,0.0,274.0,,0.8,87.0,5.8e-05,,,2021-10-27 21:40:00
5451237.161514967,0.0,270.0,,0.8,86.0,5.9e-05,,,2021-10-27 21:45:00
5451238.161637141,0.0,272.0,,0.8,87.0,6.4e-05,,,2021-10-27 21:50:00
5451239.161759316,0.0,274.0,,0.8,87.0,6.7e-05,,,2021-10-27 21:55:00
5451240.161881491,0.0,270.0,,0.8,86.0,6.6e-05,,,2021-10-27 22:00:00
5451241.162003665,0.0,266.0,,0.8,91.0,5.6e-05,,,2021-10-27 22:05:00
5451242.16212584,0.0,265.0,265.0,0.8,101.0,6.2e-05,,8.4,2021-10-27 22:10:00
5451243.1622480145,0.0,270.0,,0.8,87.0,5.9e-05,,,2021-10-27 22:15:00
5451244.162370189,0.0,263.0,,0.8,88.0,5.8e-05,,,2021-10-27 22:20:00
5451245.162492365,0.0,260.0,,0.8,88.0,5.1e-05,,,2021-10-27 22:25:00
5451246.162614539,0.0,248.0,,0.8,84.0,5.2e-05,,,2021-10-27 22:30:00
5451247.162736714,0.0,242.0,,0.8,90.0,5e-05,,,2021-10-27 22:35:00
5451248.1628588885,0.0,236.0,,0.8,99.0,5.3e-05,,,2021-10-27 22:40:00
5451249.162981063,0.0,230.0,,0.8,83.0,5.4e-05,,,2021-10-27 22:45:00
5451250.163103238,0.0,213.0,,0.8,83.0,5.6e-05,,,2021-10-27 22:50:00
5451251.163225412,0.0,197.0,,0.8,84.0,5.6e-05,,,2021-10-27 22:55:00
5451252.163347587,0.0,185.0,,0.8,83.0,5.7e-05,,,2021-10-27 23:00:00
5451253.163469762,0.0,176.0,,0.8,86.0,5.6e-05,,,2021-10-27 23:05:00
5451254.163591936,0.0,169.0,,0.8,139.0,5.1e-05,,,2021-10-27 23:10:00
5451255.163714112,0.0,167.0,,0.8,146.0,5e-05,,,2021-10-27 23:15:00
5451256.163836286,0.0,166.0,,0.8,88.0,5e-05,,,2021-10-27 23:20:00
5451257.163958461,0.0,160.0,,0.8,82.0,5e-05,,,2021-10-27 23:25:00
5451258.164080636,0.0,154.0,,0.8,85.0,5.1e-05,,,2021-10-27 23:30:00
5451259.16420281,0.0,151.0,,0.8,81.0,5.1e-05,,,2021-10-27 23:35:00
5451260.164324985,0.0,145.0,,0.8,81.0,4.7e-05,,,2021-10-27 23:40:00
5451261.1644471595,0.0,138.0,,0.8,80.0,5.1e-05,,,2021-10-27 23:45:00
5451262.164569334,0.0,134.0,,0.8,85.0,5.4e-05,,,2021-10-27 23:50:00
5451263.164691509,0.0,130.0,,0.8,87.0,5.3e-05,,,2021-10-27 23:55:00
5451264.164813683,0.0,127.0,,0.8,80.0,5.8e-05,,,2021-10-28 00:00:00
5451265.164935858,0.0,124.0,,0.8,79.0,6.3e-05,,,2021-10-28 00:05:00
5451266.165058034,0.0,122.0,,0.8,79.0,6.8e-05,,,2021-10-28 00:10:00
5451267.165180208,0.0,120.0,,0.8,79.0,7.2e-05,,,2021-10-28 00:15:00
5451268.165302383,0.0,118.0,,0.8,82.0,6.4e-05,,,2021-10-28 00:20:00
5451269.165424557,0.0,118.0,,0.8,77.0,6.4e-05,,,2021-10-28 00:25:00
5451270.165546732,0.0,119.0,,0.8,77.0,6.6e-05,,,2021-10-28 00:30:00
5451271.165668907,0.0,117.0,,0.8,108.0,5.7e-05,,,2021-10-28 00:35:00
5451272.165791081,0.0,113.0,,0.8,89.0,6.1e-05,,,2021-10-28 00:40:00
5451273.165913256,0.0,110.0,,0.8,106.0,5.4e-05,,,2021-10-28 00:45:00
5451274.1660354305,0.0,109.0,,0.8,89.0,6.1e-05,,,2021-10-28 00:50:00
5451275.166157605,0.0,108.0,,0.8,76.0,6.9e-05,,,2021-10-28 00:55:00
5451276.166279781,0.0,106.0,,0.8,82.0,6.7e-05,,,2021-10-28 01:00:00
5451277.166401955,0.0,104.0,,0.8,74.0,6.5e-05,,,2021-10-28 01:05:00
5451278.16652413,0.0,100.0,,0.8,97.0,5.4e-05,,,2021-10-28 01:10:00
5451279.166646305,0.0,97.0,,0.8,79.0,6.1e-05,,,2021-10-28 01:15:00
5451280.166768479,0.0,99.0,,0.8,72.0,6.6e-05,,,2021-10-28 01:20:00
5451281.166890654,0.0,102.0,,0.8,75.0,6.3e-05,,,2021-10-28 01:25:00
5451282.167012828,0.0,102.0,,0.8,104.0,5.7e-05,,,2021-10-28 01:30:00
5451283.167135003,0.0,102.0,,0.8,141.0,5.4e-05,,,2021-10-28 01:35:00
5451284.167257178,0.0,103.0,,0.8,153.0,5.1e-05,,,2021-10-28 01:40:00
5451285.167379352,0.0,103.0,,0.8,140.0,5.2e-05,,,2021-10-28 01:45:00
5451286.167501528,0.0,105.0,,0.8,72.0,5.8e-05,,,2021-10-28 01:50:00
5451287.167623702,0.0,107.0,,0.8,73.0,6.1e-05,,,2021-10-28 01:55:00
5451288.167745877,0.0,107.0,,0.8,74.0,6e-05,,,2021-10-28 02:00:00
5451289.167868052,0.0,108.0,,0.8,106.0,5.9e-05,,,2021-10-28 02:05:00
5451290.167990226,0.0,109.0,,0.8,74.0,6.1e-05,,,2021-10-28 02:10:00
5451291.168112401,0.0,111.0,,0.8,74.0,6.2e-05,,,2021-10-28 02:15:00
5451292.168234576,0.0,111.0,,0.8,73.0,6.6e-05,,,2021-10-28 02:20:00
5451293.16835675,0.0,111.0,,0.8,74.0,7e-05,,,2021-10-28 02:25:00
5451294.168478925,0.0,111.0,,0.8,71.0,6.4e-05,,,2021-10-28 02:30:00
5451295.168601099,0.0,111.0,,0.8,104.0,5.6e-05,,,2021-10-28 02:35:00
5451296.168723274,0.0,110.0,,0.8,124.0,5.4e-05,,,2021-10-28 02:40:00
5451297.16884545,0.0,112.0,,0.8,96.0,5.5e-05,,,2021-10-28 02:45:00
5451298.168967624,0.0,114.0,,0.8,75.0,5.6e-05,,,2021-10-28 02:50:00
5451299.169089799,0.0,112.0,,0.8,72.0,6.2e-05,,,2021-10-28 02:55:00
5451300.169211973,0.0,111.0,,0.8,74.0,6.3e-05,,,2021-10-28 03:00:00
5451301.169334148,0.0,110.0,,0.8,74.0,6.5e-05,,,2021-10-28 03:05:00
5451302.169456323,0.0,109.0,,0.8,75.0,6.8e-05,,,2021-10-28 03:10:00
5451303.169578497,0.0,109.0,,0.8,76.0,7e-05,,,2021-10-28 03:15:00
5451304.169700672,0.0,109.0,,0.8,75.0,7.3e-05,,,2021-10-28 03:20:00
5451305.169822847,0.0,109.0,,0.8,74.0,7.5e-05,,,2021-10-28 03:25:00
5451306.169945021,0.0,111.0,,0.8,73.0,8.6e-05,,,2021-10-28 03:30:00
5451307.170067197,0.0,116.0,,0.8,71.0,8.7e-05,,,2021-10-28 03:35:00
5451308.170189371,0.0,118.0,,0.8,73.0,9e-05,,,2021-10-28 03:40:00
5451309.170311546,0.0,120.0,,0.8,73.0,7.5e-05,,,2021-10-28 03:45:00
5451310.170433721,0.0,122.0,,0.8,73.0,6.4e-05,,,2021-10-28 03:50:00
5451311.170555895,0.0,123.0,,0.8,114.0,6.1e-05,,,2021-10-28 03:55:00
5451312.17067807,0.0,123.0,,0.8,144.0,6.1e-05,,,2021-10-28 04:00:00
5451313.170800244,0.0,122.0,,0.8,143.0,6.1e-05,,,2021-10-28 04:05:00
5451314.170922419,0.0,121.0,,0.8,124.0,6.3e-05,,,2021-10-28 04:10:00
5451315.171044594,0.0,124.0,,0.8,73.0,6.8e-05,,,2021-10-28 04:15:00
5451316.171166768,0.0,127.0,,0.8,74.0,7.1e-05,,,2021-10-28 04:20:00
5451317.171288943,0.0,127.0,,0.8,75.0,7.4e-05,,,2021-10-28 04:25:00
5451318.1714111185,0.0,127.0,,0.8,75.0,7.8e-05,,,2021-10-28 04:30:00
5451319.171533293,0.0,127.0,,0.8,76.0,8e-05,,,2021-10-28 04:35:00
5451320.171655468,0.0,128.0,,0.8,76.0,8.2e-05,,,2021-10-28 04:40:00
5451321.171777642,0.0,129.0,,0.8,73.0,8.4e-05,,,2021-10-28 04:45:00
5451322.171899817,0.0,131.0,,0.8,69.0,9.7e-05,,,2021-10-28 04:50:00
5451323.172021992,0.0,135.0,,0.8,83.0,0.000108,,,2021-10-28 04:55:00
5451324.172144166,0.0,138.0,,0.8,72.0,7.3e-05,,,2021-10-28 05:00:00
5451325.172266341,0.0,139.0,,0.8,95.0,7.7e-05,,,2021-10-28 05:05:00
5451326.172388515,0.0,144.0,,0.8,85.0,7.4e-05,,,2021-10-28 05:10:00
5451327.17251069,0.0,148.0,,0.8,83.0,6.9e-05,,,2021-10-28 05:15:00
5451328.172632866,0.0,153.0,,0.8,82.0,6.9e-05,,,2021-10-28 05:20:00
5451329.17275504,0.0,158.0,,0.8,87.0,6.3e-05,,,2021-10-28 05:25:00
5451330.172877215,0.0,169.0,,0.8,94.0,6.6e-05,,,2021-10-28 05:30:00
5451331.1729993895,0.0,177.0,,0.8,,,,,2021-10-28 05:35:00
5451332.173121564,0.0,184.0,,0.8,,,,,2021-10-28 05:40:00
5451333.173243739,0.0,192.0,,0.8,,,,,2021-10-28 05:45:00
5451334.173365913,0.0,198.0,167.0,0.8,,,,5.2,2021-10-28 05:50:00
5451335.173488088,0.0,204.0,,0.8,,,,,2021-10-28 05:55:00
5451336.173610263,0.0,213.0,,0.8,,,15.0,,2021-10-28 06:00:00
5451337.173732437,0.0,223.0,,0.8,,,,,2021-10-28 06:05:00
5451338.173854612,0.0,186.0,,0.8,,,,,2021-10-28 06:10:00
5451339.173976787,0.0,184.0,174.0,0.8,,,,3.7,2021-10-28 06:15:00
5451340.174098962,0.0,183.0,,0.8,,,,,2021-10-28 06:20:00
5451341.174221137,0.0,186.0,,0.8,,,,,2021-10-28 06:25:00
5451342.174343311,0.0,187.0,,0.8,112.0,,,,2021-10-28 06:30:00
5451343.174465486,0.0,183.0,,0.8,107.0,0.000106,,,2021-10-28 06:35:00
5451344.1745876605,0.0,180.0,,0.8,96.0,0.000173,,,2021-10-28 06:40:00
5451345.174709835,0.0,175.0,,0.8,104.0,6.9e-05,,,2021-10-28 06:45:00
5451346.17483201,0.0,171.0,,0.8,92.0,7.5e-05,,,2021-10-28 06:50:00
5451347.174954184,0.0,172.0,,0.8,93.0,0.017723,,,2021-10-28 06:55:00
5451348.175076359,0.0,168.0,,0.8,92.0,0.01976,,,2021-10-28 07:00:00
5451349.1751985345,0.0,163.0,,0.8,105.0,0.00286,35.0,,2021-10-28 07:05:00
5451350.175320709,0.0,158.0,,0.8,92.0,0.014844,,,2021-10-28 07:10:00
5451351.175442884,0.0,152.0,,0.8,90.0,0.002356,,,2021-10-28 07:15:00
5451352.175565058,0.0,148.0,,0.8,103.0,0.000875,,,2021-10-28 07:20:00
5451353.175687233,0.0,148.0,,0.8,102.0,0.00055,,,2021-10-28 07:25:00
5451354.175809408,0.0,148.0,,0.8,100.0,0.000544,,,2021-10-28 07:30:00
5451355.175931582,0.0,146.0,,0.8,104.0,0.000521,,,2021-10-28 07:35:00
5451356.176053757,0.0,145.0,,0.8,101.0,0.000416,,,2021-10-28 07:40:00
5451357.1761759315,0.0,142.0,,0.8,97.0,0.000329,,,2021-10-28 07:45:00
5451358.176298106,0.0,140.0,,0.8,98.0,0.000337,,,2021-10-28 07:50:00
5451359.176420282,0.0,138.0,,0.8,105.0,0.000338,,,2021-10-28 07:55:00
5451360.176542456,0.0,137.0,,0.8,110.0,0.000325,,,2021-10-28 08:00:00
5451361.176664631,0.0,136.0,130.0,0.8,99.0,0.000308,,10.4,2021-10-28 08:05:00
5451362.1767868055,0.0,133.0,,0.8,110.0,0.000291,,,2021-10-28 08:10:00
5451363.17690898,0.0,130.0,,0.8,100.0,0.000313,,,2021-10-28 08:15:00
5451364.177031155,0.0,131.0,,0.8,92.0,0.000484,,,2021-10-28 08:20:00
5451365.177153329,0.0,133.0,,0.8,95.0,0.000365,,,2021-10-28 08:25:00
5451366.177275504,0.0,133.0,,0.8,91.0,0.000271,,,2021-10-28 08:30:00
5451367.177397679,0.0,136.0,,0.8,112.0,0.000239,,,2021-10-28 08:35:00
5451368.177519853,0.0,136.0,,0.8,97.0,0.000222,,,2021-10-28 08:40:00
5451369.177642028,0.0,134.0,,0.8,103.0,0.000467,,,2021-10-28 08:45:00
5451370.177764203,0.0,133.0,,0.8,105.0,0.000415,,,2021-10-28 08:50:00
5451371.177886378,0.0,134.0,,0.8,101.0,0.000843,,,2021-10-28 08:55:00
5451372.178008553,0.0,136.0,,0.8,102.0,0.000339,,,2021-10-28 09:00:00
5451373.178130727,0.0,138.0,,0.8,101.0,0.000248,,,2021-10-28 09:05:00
5451374.178252902,0.0,140.0,,0.8,99.0,0.000227,,,2021-10-28 09:10:00
5451375.1783750765,0.0,143.0,,0.8,95.0,0.000241,,,2021-10-28 09:15:00
5451376.178497251,0.0,146.0,,0.8,97.0,0.000244,,,2021-10-28 09:20:00
5451377.178619426,0.0,151.0,,0.8,97.0,0.000246,,,2021-10-28 09:25:00
5451378.1787416,0.0,155.0,,0.8,96.0,0.000243,,,2021-10-28 09:30:00
5451379.178863775,0.0,159.0,,0.8,94.0,0.000233,,,2021-10-28 09:35:00
5451380.178985951,0.0,160.0,,0.8,94.0,0.000231,,,2021-10-28 09:40:00
5451381.179108125,0.0,158.0,,0.8,102.0,0.000231,,,2021-10-28 09:45:00
5451382.1792303,0.0,156.0,,0.8,97.0,0.00022,,,2021-10-28 09:50:00
5451383.179352474,0.0,154.0,,0.8,94.0,0.000229,,,2021-10-28 09:55:00
5451384.179474649,0.0,151.0,,0.8,96.0,0.000206,,,2021-10-28 10:00:00
5451385.179596824,0.0,149.0,,0.8,90.0,0.000232,,,2021-10-28 10:05:00
5451386.179718998,0.0,147.0,158.0,0.8,92.0,0.000203,,,2021-10-28 10:10:00
5451387.179841173,0.0,145.0,,0.8,91.0,0.000192,,,2021-10-28 10:15:00
5451388.1799633475,0.0,142.0,,0.8,91.0,0.000196,,,2021-10-28 10:20:00
5451389.180085522,0.0,139.0,,0.8,90.0,0.000174,,,2021-10-28 10:25:00
5451390.180207697,0.0,137.0,,0.8,92.0,0.000175,,,2021-10-28 10:30:00
5451391.180329872,0.0,137.0,,0.8,91.0,0.000188,,,2021-10-28 10:35:00
5451392.180452047,0.0,138.0,,0.8,91.0,0.000176,,,2021-10-28 10:40:00
5451393.180574222,0.0,137.0,,0.8,105.0,0.00018,,,2021-10-28 10:45:00
5451394.180696396,0.0,136.0,,0.8,103.0,0.000154,,,2021-10-28 10:50:00
5451395.180818571,0.0,136.0,,0.8,94.0,0.000151,,,2021-10-28 10:55:00
5451396.180940745,0.0,135.0,,0.8,92.0,0.000147,,,2021-10-28 11:00:00
5451397.18106292,0.0,131.0,,0.8,93.0,0.00016,,,2021-10-28 11:05:00
5451398.181185095,0.0,130.0,,0.8,94.0,0.000163,,,2021-10-28 11:10:00
5451399.181307269,0.0,132.0,,0.8,93.0,0.000163,,,2021-10-28 11:15:00
5451400.181429444,0.0,129.0,,0.8,95.0,0.000157,,,2021-10-28 11:20:00
5451401.181551619,0.0,131.0,149.0,0.8,100.0,0.000148,,,2021-10-28 11:25:00
5451402.181673794,0.0,133.0,,0.8,111.0,0.000148,,,2021-10-28 11:30:00
5451403.181795969,0.0,135.0,149.0,0.8,105.0,0.000145,53.0,11.9,2021-10-28 11:35:00
5451404.181918143,0.0,139.0,,0.8,101.0,0.000155,,,2021-10-28 11:40:00
5451405.182040318,0.0,140.0,,0.8,101.0,0.000134,,,2021-10-28 11:45:00
5451406.182162493,0.0,141.0,,0.8,109.0,0.000121,,,2021-10-28 11:50:00
5451407.182284667,0.0,143.0,,0.8,114.0,0.00012,,,2021-10-28 11:55:00
5451408.182406842,0.0,140.0,,0.8,112.0,0.000131,,,2021-10-28 12:00:00
5451409.182529016,0.0,138.0,,0.8,109.0,0.000435,,,2021-10-28 12:05:00
5451410.182651191,0.0,131.0,,0.8,110.0,0.001021,,,2021-10-28 12:10:00
5451411.182773366,0.0,122.0,,0.8,112.0,0.007834,,,2021-10-28 12:15:00
5451412.182895541,0.0,118.0,,0.8,105.0,0.06188,,,2021-10-28 12:20:00
5451413.183017716,0.0,120.0,,0.8,105.0,0.0711,,,2021-10-28 12:25:00
5451414.18313989,0.0,118.0,,0.8,103.0,0.022178,,,2021-10-28 12:30:00
5451415.183262065,0.0,116.0,,0.8,103.0,0.007302,,,2021-10-28 12:35:00
5451416.18338424,0.0,115.0,,0.8,103.0,0.00432,,,2021-10-28 12:40:00
5451417.183506414,0.0,116.0,,0.8,103.0,0.003288,,,2021-10-28 12:45:00
5451418.183628589,0.0,118.0,,0.8,102.0,0.002672,,,2021-10-28 12:50:00
5451419.183750764,0.0,118.0,,0.8,105.0,0.001932,,,2021-10-28 12:55:00
5451420.183872938,0.0,117.0,,0.8,99.0,0.001646,,,2021-10-28 13:00:00
5451421.183995113,0.0,115.0,,0.8,101.0,0.001872,,,2021-10-28 13:05:00
5451422.184117288,0.0,117.0,,0.8,102.0,0.00208,,,2021-10-28 13:10:00
5451423.184239463,0.0,118.0,,0.8,99.0,0.00141,,,2021-10-28 13:15:00
5451424.184361638,0.0,120.0,,0.8,99.0,0.001326,,,2021-10-28 13:20:00
5451425.184483812,0.0,124.0,,0.8,98.0,0.001332,,,2021-10-28 13:25:00
5451426.184605987,0.0,128.0,,0.8,102.0,0.001228,,,2021-10-28 13:30:00
5451427.184728161,0.0,131.0,,0.8,101.0,0.001059,,,2021-10-28 13:35:00
5451428.184850336,0.0,135.0,,0.8,102.0,0.001048,,,2021-10-28 13:40:00
5451429.184972511,0.0,139.0,,0.8,103.0,0.000864,,,2021-10-28 13:45:00
5451430.185094685,0.0,140.0,,0.8,113.0,0.000634,,,2021-10-28 13:50:00
5451431.18521686,0.0,142.0,,0.8,102.0,0.000654,,,2021-10-28 13:55:00
5451432.185339035,0.0,147.0,,0.8,103.0,0.00064,,,2021-10-28 14:00:00
5451433.18546121,0.0,150.0,,0.8,101.0,0.000637,,,2021-10-28 14:05:00
5451434.185583385,0.0,154.0,,0.8,102.0,0.000562,,,2021-10-28 14:10:00
5451435.185705559,0.0,157.0,,0.8,104.0,0.000507,,,2021-10-28 14:15:00
5451436.185827734,0.0,161.0,,0.8,104.0,0.000591,,,2021-10-28 14:20:00
5451437.185949909,0.0,163.0,,0.8,111.0,0.001043,,,2021-10-28 14:25:00
5451438.186072083,0.0,167.0,,0.8,101.0,0.001019,,,2021-10-28 14:30:00
5451439.186194258,0.0,169.0,,0.8,103.0,0.000434,,,2021-10-28 14:35:00
5451440.186316432,0.0,173.0,,0.8,97.0,0.000793,,,2021-10-28 14:40:00
5451441.186438607,0.0,177.0,,0.8,99.0,0.001553,,,2021-10-28 14:45:00
5451442.186560782,0.0,179.0,,0.8,99.0,0.000247,,,2021-10-28 14:50:00
5451443.186682957,0.0,181.0,,0.8,94.0,0.000118,,,2021-10-28 14:55:00
5451444.186805132,0.0,183.0,,0.8,94.0,0.000272,,,2021-10-28 15:00:00
5451445.1869273065,0.0,185.0,,0.8,93.0,0.000146,,,2021-10-28 15:05:00
5451446.187049481,0.0,187.0,,0.8,94.0,0.000831,,,2021-10-28 15:10:00
5451447.187171656,0.0,188.0,,0.8,94.0,0.002866,,,2021-10-28 15:15:00
5451448.18729383,0.0,187.0,,0.8,101.0,0.001417,,,2021-10-28 15:20:00
5451449.187416005,0.0,185.0,,0.8,105.0,0.000509,,,2021-10-28 15:25:00
5451450.18753818,0.0,189.0,,0.8,96.0,0.000775,,,2021-10-28 15:30:00
5451451.187660354,0.0,189.0,,0.8,92.0,0.000441,,,2021-10-28 15:35:00
5451452.187782529,0.0,188.0,,0.8,93.0,0.000474,,,2021-10-28 15:40:00
5451453.187904704,0.0,190.0,,0.8,93.0,0.0004,,,2021-10-28 15:45:00
5451454.188026879,0.0,191.0,,0.8,93.0,0.000392,,,2021-10-28 15:50:00
5451455.188149054,0.0,194.0,,0.8,91.0,0.00038,,,2021-10-28 15:55:00
5451456.188271228,0.0,196.0,,0.8,92.0,7.9e-05,,,2021-10-28 16:00:00
5451457.188393403,0.0,195.0,,0.8,92.0,5.4e-05,,,2021-10-28 16:05:00
5451458.188515577,0.0,200.0,,0.8,95.0,5.6e-05,,,2021-10-28 16:10:00
5451459.188637752,0.0,201.0,,0.8,103.0,5.1e-05,,,2021-10-28 16:15:00
5451460.188759927,0.0,205.0,208.0,0.8,98.0,4.9e-05,,14.1,2021-10-28 16:20:00
5451461.188882101,0.0,210.0,,0.8,89.0,5.3e-05,,,2021-10-28 16:25:00
5451462.189004276,0.0,211.0,,0.8,95.0,5.7e-05,,,2021-10-28 16:30:00
5451463.189126451,0.0,211.0,,0.8,90.0,5.3e-05,,,2021-10-28 16:35:00
5451464.189248626,0.0,208.0,,0.8,96.0,5e-05,,,2021-10-28 16:40:00
5451465.189370801,0.0,205.0,,0.8,95.0,4.7e-05,,,2021-10-28 16:45:00
5451466.189492975,0.0,201.0,,0.8,91.0,5e-05,,,2021-10-28 16:50:00
5451467.18961515,0.0,200.0,,0.8,86.0,4.8e-05,,,2021-10-28 16:55:00
5451468.189737325,0.0,200.0,,0.8,91.0,4.9e-05,,,2021-10-28 17:00:00
5451469.189859499,0.0,204.0,,0.8,92.0,5e-05,,,2021-10-28 17:05:00
5451470.189981674,0.0,208.0,,0.8,96.0,5.4e-05,,,2021-10-28 17:10:00
5451471.190103848,0.0,213.0,,0.8,99.0,4.8e-05,,,2021-10-28 17:15:00
5451472.190226023,0.0,218.0,,0.8,96.0,5.1e-05,,,2021-10-28 17:20:00
5451473.190348198,0.0,220.0,,0.8,97.0,5.1e-05,,,2021-10-28 17:25:00
5451474.190470373,0.0,221.0,,0.8,98.0,5.1e-05,,,2021-10-28 17:30:00
5451475.190592548,0.0,223.0,,0.8,98.0,5.2e-05,,,2021-10-28 17:35:00
5451476.1907147225,0.0,225.0,,0.8,96.0,5.3e-05,,,2021-10-28 17:40:00
5451477.190836897,0.0,229.0,,0.8,96.0,5.3e-05,,,2021-10-28 17:45:00
5451478.190959072,0.0,231.0,,0.8,95.0,5.4e-05,,,2021-10-28 17:50:00
5451479.191081246,0.0,232.0,,0.8,95.0,5.4e-05,,,2021-10-28 17:55:00
5451480.191203421,0.0,233.0,,0.8,94.0,5.3e-05,,,2021-10-28 18:00:00
5451481.191325596,0.0,232.0,,0.8,91.0,6e-05,,,2021-10-28 18:05:00
5451482.19144777,0.0,228.0,,0.8,89.0,5.6e-05,,,2021-10-28 18:10:00
5451483.191569945,0.0,225.0,,0.8,89.0,5.5e-05,,,2021-10-28 18:15:00
5451484.191692119,0.0,222.0,,0.8,90.0,5.7e-05,,,2021-10-28 18:20:00
5451485.191814295,0.0,217.0,,0.8,95.0,5.8e-05,,,2021-10-28 18:25:00
5451486.19193647,0.0,213.0,,0.8,95.0,6.2e-05,,,2021-10-28 18:30:00
5451487.192058644,0.0,211.0,,0.8,95.0,6.2e-05,,,2021-10-28 18:35:00
5451488.192180819,0.0,209.0,,0.8,85.0,6.7e-05,,,2021-10-28 18:40:00
5451489.1923029935,0.0,206.0,,0.8,86.0,6.1e-05,,,2021-10-28 18:45:00
5451490.192425168,0.0,203.0,,0.8,88.0,6.7e-05,,,2021-10-28 18:50:00
5451491.192547343,0.0,202.0,,0.8,86.0,6.6e-05,,,2021-10-28 18:55:00
5451492.192669517,0.0,198.0,,0.8,85.0,7.1e-05,,,2021-10-28 19:00:00
5451493.192791692,0.0,194.0,,0.8,88.0,6.9e-05,,,2021-10-28 19:05:00
5451494.192913867,0.0,191.0,194.0,0.8,89.0,7.8e-05,,2.3,2021-10-28 19:10:00
5451495.193036042,0.0,187.0,,0.8,92.0,8.1e-05,,,2021-10-28 19:15:00
5451496.193158217,0.0,187.0,,0.8,87.0,7.4e-05,,,2021-10-28 19:20:00
5451497.193280391,0.0,184.0,,0.8,96.0,7.9e-05,,,2021-10-28 19:25:00
5451498.193402566,0.0,182.0,185.0,0.8,99.0,8.1e-05,,11.3,2021-10-28 19:30:00
5451499.193524741,0.0,179.0,,0.8,90.0,7.8e-05,,,2021-10-28 19:35:00
5451500.193646915,0.0,177.0,,0.8,93.0,8.4e-05,,,2021-10-28 19:40:00
5451501.19376909,0.0,174.0,,0.8,92.0,8e-05,,,2021-10-28 19:45:00
5451502.1938912645,0.0,173.0,,0.8,103.0,8.6e-05,,,2021-10-28 19:50:00
5451503.194013439,0.0,175.0,,0.8,104.0,8.4e-05,,,2021-10-28 19:55:00
5451504.194135614,0.0,179.0,,0.8,104.0,9.8e-05,,,2021-10-28 20:00:00
5451505.194257788,0.0,185.0,,0.8,103.0,9.4e-05,,,2021-10-28 20:05:00
5451506.194379964,0.0,188.0,,0.8,102.0,9.5e-05,,,2021-10-28 20:10:00
5451507.1945021385,0.0,190.0,,0.8,99.0,9.6e-05,,,2021-10-28 20:15:00
5451508.194624313,0.0,191.0,,0.8,96.0,0.000102,,,2021-10-28 20:20:00
5451509.194746488,0.0,193.0,,0.8,106.0,0.000101,,,2021-10-28 20:25:00
5451510.194868662,0.0,197.0,,0.8,101.0,9e-05,,,2021-10-28 20:30:00
5451511.194990837,0.0,196.0,,0.8,95.0,9.7e-05,,,2021-10-28 20:35:00
5451512.195113012,0.0,197.0,,0.8,95.0,0.000107,,,2021-10-28 20:40:00
5451513.195235186,0.0,197.0,,0.8,95.0,0.000109,,,2021-10-28 20:45:00
5451514.195357361,0.0,197.0,,0.8,94.0,0.000107,,,2021-10-28 20:50:00
5451515.1954795355,0.0,196.0,,0.8,95.0,0.000105,,,2021-10-28 20:55:00
5451516.195601711,0.0,198.0,,0.8,95.0,0.000105,,,2021-10-28 21:00:00
5451517.195723886,0.0,200.0,,0.8,93.0,0.000105,,,2021-10-28 21:05:00
5451518.19584606,0.0,202.0,,0.8,94.0,0.000102,,,2021-10-28 21:10:00
5451519.195968235,0.0,203.0,,0.8,92.0,0.000108,,,2021-10-28 21:15:00
5451520.1960904095,0.0,202.0,,0.8,91.0,0.000106,,,2021-10-28 21:20:00
5451521.196212584,0.0,206.0,,0.8,92.0,0.000103,,,2021-10-28 21:25:00
5451522.196334759,0.0,204.0,,0.8,91.0,0.000109,,,2021-10-28 21:30:00
5451523.196456933,0.0,203.0,,0.8,92.0,0.000108,,,2021-10-28 21:35:00
5451524.196579108,0.0,203.0,,0.8,92.0,0.000117,,,2021-10-28 21:40:00
5451525.196701283,0.0,203.0,,0.8,90.0,0.000122,,,2021-10-28 21:45:00
5451526.196823458,0.0,202.0,,0.8,90.0,0.000112,,,2021-10-28 21:50:00
5451527.196945633,0.0,202.0,,0.8,90.0,0.000112,,,2021-10-28 21:55:00
5451528.197067807,0.0,200.0,,0.8,91.0,0.000113,,,2021-10-28 22:00:00
5451529.197189982,0.0,200.0,,0.8,91.0,0.000115,,,2021-10-28 22:05:00
5451530.197312157,0.0,200.0,,0.8,89.0,0.000123,,,2021-10-28 22:10:00
5451531.197434331,0.0,201.0,,0.8,89.0,0.000117,,,2021-10-28 22:15:00
5451532.197556506,0.0,201.0,,0.8,89.0,0.000119,,,2021-10-28 22:20:00
5451533.1976786805,0.0,201.0,,0.8,89.0,0.000119,,,2021-10-28 22:25:00
5451534.197800855,0.0,204.0,,0.8,95.0,0.000134,,,2021-10-28 22:30:00
5451535.19792303,0.0,205.0,,0.8,102.0,0.000116,,,2021-10-28 22:35:00
5451536.198045204,0.0,209.0,,0.8,103.0,0.000103,,,2021-10-28 22:40:00
5451537.19816738,0.0,216.0,,0.8,105.0,8.7e-05,,,2021-10-28 22:45:00
5451538.198289555,0.0,219.0,,0.8,94.0,7.2e-05,,,2021-10-28 22:50:00
5451539.198411729,0.0,220.0,,0.8,93.0,8.1e-05,,,2021-10-28 22:55:00
5451540.198533904,0.0,225.0,234.0,0.8,108.0,9.2e-05,,7.2,2021-10-28 23:00:00
5451541.198656078,0.0,232.0,,0.8,94.0,8.5e-05,,,2021-10-28 23:05:00
5451542.198778253,0.0,237.0,,0.8,116.0,8e-05,,,2021-10-28 23:10:00
5451543.198900428,0.0,241.0,,0.8,90.0,6.7e-05,,,2021-10-28 23:15:00
5451544.199022602,0.0,243.0,,0.8,98.0,8.2e-05,,,2021-10-28 23:20:00
5451545.199144777,0.0,251.0,,0.8,109.0,9e-05,,,2021-10-28 23:25:00
5451546.1992669515,0.0,257.0,,0.8,102.0,0.000264,,,2021-10-28 23:30:00
5451547.199389127,0.0,250.0,,0.8,100.0,0.000378,,,2021-10-28 23:35:00
5451548.199511302,0.0,252.0,,0.8,93.0,0.000307,,,2021-10-28 23:40:00
5451549.199633476,0.0,254.0,,0.8,87.0,0.000208,45.0,,2021-10-28 23:45:00
5451550.199755651,0.0,250.0,,0.8,84.0,0.000111,,,2021-10-28 23:50:00
5451551.199877826,0.0,246.0,,0.8,83.0,0.000115,,,2021-10-28 23:55:00
5451552.2,0.0,240.0,,0.8,84.0,9.9e-05,,,2021-10-29 00:00:00
