5minute_intervals_timestamp,missing_cbg,cbg,finger,basal,hr,gsr,carbInput,bolus,time
5462981.8,0.0,101.0,,,,,,,2021-12-07 16:25:00
5462982.800086132,0.0,100.0,,,,,,,2021-12-07 16:30:00
5462983.800172265,0.0,100.0,,,,,,,2021-12-07 16:35:00
5462984.800258398,0.0,99.0,,,,,,,2021-12-07 16:40:00
5462985.8003445305,0.0,98.0,,,,,,,2021-12-07 16:45:00
5462986.800430663,0.0,98.0,,,,,,,2021-12-07 16:50:00
5462987.800516795,0.0,95.0,,0.9,,,,,2021-12-07 16:55:00
5462988.800602929,0.0,94.0,,0.9,,,,,2021-12-07 17:00:00
5462989.800689061,0.0,92.0,,0.9,,,,,2021-12-07 17:05:00
5462990.800775194,0.0,90.0,,0.9,,,,,2021-12-07 17:10:00
5462991.800861326,0.0,87.0,,0.9,,,,,2021-12-07 17:15:00
5462992.8009474585,0.0,86.0,,0.9,,,,,2021-12-07 17:20:00
5462993.801033592,0.0,85.0,,0.9,,,,,2021-12-07 17:25:00
5462994.801119724,0.0,85.0,,0.9,,,,,2021-12-07 17:30:00
5462995.801205857,0.0,86.0,,0.9,,,,,2021-12-07 17:35:00
5462996.801291989,0.0,85.0,,0.9,,,,,2021-12-07 17:40:00
5462997.8013781225,0.0,85.0,,0.9,,,,,2021-12-07 17:45:00
5462998.801464255,0.0,86.0,,0.9,,,,,2021-12-07 17:50:00
5462999.801550387,0.0,85.0,,0.9,,,,,2021-12-07 17:55:00
5463000.80163652,0.0,83.0,,0.9,,,,,2021-12-07 18:00:00
5463001.801722652,0.0,88.0,,0.9,,,,,2021-12-07 18:05:00
5463002.801808786,0.0,93.0,,0.9,,,,,2021-12-07 18:10:00
5463003.801894918,0.0,95.0,,0.9,,,,,2021-12-07 18:15:00
5463004.8019810505,0.0,96.0,,0.9,,,65.0,,2021-12-07 18:20:00
5463005.802067183,0.0,93.0,95.0,0.9,,,,4.0,2021-12-07 18:25:00
5463006.802153316,0.0,93.0,,0.9,,,,4.1,2021-12-07 18:30:00
5463007.802239449,0.0,94.0,,0.9,,,,,2021-12-07 18:35:00
5463008.802325581,0.0,95.0,,0.9,,,,,2021-12-07 18:40:00
5463009.802411714,0.0,94.0,,0.9,,,,,2021-12-07 18:45:00
5463010.802497846,0.0,94.0,,0.9,,,,,2021-12-07 18:50:00
5463011.802583979,0.0,92.0,,0.9,,,,,2021-12-07 18:55:00
5463012.802670112,0.0,102.0,,0.9,,,,,2021-12-07 19:00:00
5463013.802756244,0.0,110.0,,0.9,,,,,2021-12-07 19:05:00
5463014.802842377,0.0,106.0,,0.9,,,,,2021-12-07 19:10:00
5463015.80292851,0.0,109.0,,0.9,,,,,2021-12-07 19:15:00
5463016.803014643,0.0,113.0,,0.9,,,,,2021-12-07 19:20:00
5463017.803100775,0.0,118.0,,0.9,,,,,2021-12-07 19:25:00
5463018.803186907,0.0,120.0,,0.9,,,,,2021-12-07 19:30:00
5463019.80327304,0.0,121.0,,0.9,,,,,2021-12-07 19:35:00
5463020.803359173,0.0,122.0,,0.9,,,,,2021-12-07 19:40:00
5463021.803445306,0.0,124.0,,0.9,,,,,2021-12-07 19:45:00
5463022.803531438,0.0,126.0,,0.9,,,,,2021-12-07 19:50:00
5463023.803617571,0.0,127.0,,0.9,,,,,2021-12-07 19:55:00
5463024.803703704,0.0,130.0,,0.9,,,,,2021-12-07 20:00:00
5463025.803789836,0.0,134.0,,0.9,,,,,2021-12-07 20:05:00
5463026.803875969,0.0,141.0,,0.9,,,,,2021-12-07 20:10:00
5463027.803962101,0.0,142.0,,0.9,,,,,2021-12-07 20:15:00
5463028.804048234,0.0,143.0,,0.9,,,,,2021-12-07 20:20:00
5463029.804134367,0.0,145.0,,0.9,,,,,2021-12-07 20:25:00
5463030.8042204995,0.0,147.0,,0.9,,,,,2021-12-07 20:30:00
5463031.804306632,0.0,145.0,,0.9,,,,,2021-12-07 20:35:00
5463032.804392764,0.0,144.0,,0.9,,,,,2021-12-07 20:40:00
5463033.804478898,0.0,146.0,,0.9,,,,,2021-12-07 20:45:00
5463034.80456503,0.0,147.0,,0.9,,,,,2021-12-07 20:50:00
5463035.804651163,0.0,147.0,,0.9,,,,,2021-12-07 20:55:00
5463036.804737295,0.0,147.0,,0.9,,,,,2021-12-07 21:00:00
5463037.804823427,0.0,153.0,,0.9,84.0,4.9e-05,,,2021-12-07 21:05:00
5463038.804909561,0.0,154.0,,0.9,79.0,5.9e-05,,,2021-12-07 21:10:00
5463039.804995693,0.0,149.0,,0.9,79.0,7.7e-05,,,2021-12-07 21:15:00
5463040.805081826,0.0,150.0,,0.9,80.0,8.7e-05,,,2021-12-07 21:20:00
5463041.805167958,0.0,148.0,,0.9,73.0,8.4e-05,5.0,,2021-12-07 21:25:00
5463042.8052540915,0.0,147.0,,0.9,78.0,0.000105,,,2021-12-07 21:30:00
5463043.805340224,0.0,144.0,,0.9,85.0,0.000104,,,2021-12-07 21:35:00
5463044.805426356,0.0,144.0,,0.9,72.0,0.000146,,,2021-12-07 21:40:00
5463045.805512489,0.0,148.0,,0.9,72.0,9.2e-05,,,2021-12-07 21:45:00
5463046.805598621,0.0,144.0,,0.9,73.0,9.3e-05,,,2021-12-07 21:50:00
5463047.805684755,0.0,140.0,,0.9,76.0,8e-05,,,2021-12-07 21:55:00
5463048.805770887,0.0,139.0,,0.9,79.0,9e-05,,,2021-12-07 22:00:00
5463049.8058570195,0.0,140.0,,0.9,77.0,0.0001,,,2021-12-07 22:05:00
5463050.805943152,0.0,140.0,,0.9,74.0,7.5e-05,,,2021-12-07 22:10:00
5463051.806029285,1.0,,146.0,0.9,78.0,6.4e-05,,0.7,2021-12-07 22:15:00
5463052.806115418,1.0,,,0.9,67.0,7e-05,,,2021-12-07 22:20:00
5463053.80620155,1.0,,,0.9,67.0,7.2e-05,,,2021-12-07 22:25:00
5463054.806287683,0.0,139.0,,0.9,72.0,8.1e-05,,,2021-12-07 22:30:00
5463055.806373815,0.0,143.0,,0.9,62.0,8.7e-05,,,2021-12-07 22:35:00
5463056.806459948,0.0,138.0,,0.9,61.0,9.1e-05,,,2021-12-07 22:40:00
5463057.806546081,0.0,133.0,,0.9,62.0,8.9e-05,,,2021-12-07 22:45:00
5463058.806632213,0.0,132.0,,0.9,60.0,8.2e-05,,,2021-12-07 22:50:00
5463059.806718346,0.0,131.0,,0.9,62.0,6.9e-05,,,2021-12-07 22:55:00
5463060.806804479,0.0,129.0,,0.9,63.0,5.5e-05,,,2021-12-07 23:00:00
5463061.806890612,0.0,125.0,,0.9,64.0,5.4e-05,,,2021-12-07 23:05:00
5463062.806976744,0.0,119.0,,0.9,64.0,5.4e-05,,,2021-12-07 23:10:00
5463063.807062876,0.0,114.0,,0.9,64.0,5.3e-05,,,2021-12-07 23:15:00
5463064.807149009,0.0,109.0,,0.9,64.0,5.2e-05,,,2021-12-07 23:20:00
5463065.807235142,0.0,106.0,,0.9,64.0,5.2e-05,,,2021-12-07 23:25:00
5463066.807321275,0.0,101.0,,0.9,70.0,5.2e-05,,,2021-12-07 23:30:00
5463067.807407407,0.0,100.0,,0.9,68.0,5.2e-05,,,2021-12-07 23:35:00
5463068.8074935395,0.0,99.0,,0.9,70.0,5.8e-05,,,2021-12-07 23:40:00
5463069.807579673,0.0,112.0,,0.9,66.0,6.8e-05,,,2021-12-07 23:45:00
5463070.807665805,0.0,125.0,,0.9,63.0,8e-05,,,2021-12-07 23:50:00
5463071.807751938,0.0,127.0,,0.93,63.0,8.7e-05,,,2021-12-07 23:55:00
5463072.80783807,0.0,125.0,,0.93,63.0,9.7e-05,,,2021-12-08 00:00:00
5463073.807924203,0.0,124.0,,0.93,62.0,9.8e-05,,,2021-12-08 00:05:00
5463074.808010336,0.0,125.0,,0.93,62.0,0.000107,,,2021-12-08 00:10:00
5463075.808096468,0.0,125.0,,0.93,62.0,0.000139,,,2021-12-08 00:15:00
5463076.808182601,0.0,121.0,,0.93,63.0,0.000172,,,2021-12-08 00:20:00
5463077.808268733,0.0,115.0,,0.93,63.0,0.000183,,,2021-12-08 00:25:00
5463078.808354867,0.0,109.0,,0.93,62.0,0.000173,,,2021-12-08 00:30:00
5463079.808440999,0.0,98.0,,0.93,64.0,0.000208,,,2021-12-08 00:35:00
5463080.808527132,0.0,97.0,,0.93,63.0,0.000216,,,2021-12-08 00:40:00
5463081.808613264,0.0,96.0,,0.93,65.0,0.000244,,,2021-12-08 00:45:00
5463082.808699396,0.0,96.0,,0.93,65.0,0.000112,,,2021-12-08 00:50:00
5463083.80878553,0.0,99.0,,0.93,66.0,5.7e-05,,,2021-12-08 00:55:00
5463084.808871662,0.0,100.0,,0.93,64.0,7.4e-05,,,2021-12-08 01:00:00
5463085.808957795,0.0,99.0,,0.93,65.0,5.5e-05,,,2021-12-08 01:05:00
5463086.809043927,0.0,105.0,,0.93,64.0,5.5e-05,,,2021-12-08 01:10:00
5463087.8091300605,0.0,103.0,,0.93,62.0,5.9e-05,,,2021-12-08 01:15:00
5463088.809216193,0.0,101.0,,0.93,65.0,6.5e-05,,,2021-12-08 01:20:00
5463089.809302325,0.0,107.0,,0.93,63.0,6.7e-05,,,2021-12-08 01:25:00
5463090.809388458,0.0,119.0,,0.93,63.0,6.6e-05,,,2021-12-08 01:30:00
5463091.80947459,0.0,120.0,,0.93,65.0,6.7e-05,,,2021-12-08 01:35:00
5463092.809560724,0.0,120.0,,0.93,67.0,7.4e-05,,,2021-12-08 01:40:00
5463093.809646856,0.0,123.0,,0.93,64.0,0.000133,,,2021-12-08 01:45:00
5463094.8097329885,0.0,129.0,,0.93,64.0,0.000249,,,2021-12-08 01:50:00
5463095.809819121,0.0,129.0,,0.93,64.0,0.000384,,,2021-12-08 01:55:00
5463096.809905254,0.0,129.0,,0.93,63.0,0.000564,,,2021-12-08 02:00:00
5463097.809991387,0.0,128.0,,0.93,64.0,0.000805,,,2021-12-08 02:05:00
5463098.810077519,0.0,127.0,,0.93,64.0,0.000971,,,2021-12-08 02:10:00
5463099.810163652,0.0,127.0,,0.93,64.0,0.00107,,,2021-12-08 02:15:00
5463100.810249784,0.0,127.0,,0.93,64.0,0.00103,,,2021-12-08 02:20:00
5463101.810335917,0.0,132.0,,0.93,61.0,0.00122,,,2021-12-08 02:25:00
5463102.81042205,0.0,138.0,,0.93,58.0,0.001568,,,2021-12-08 02:30:00
5463103.810508182,0.0,137.0,,0.93,59.0,0.001934,,,2021-12-08 02:35:00
5463104.810594315,0.0,132.0,,0.93,59.0,0.002314,,,2021-12-08 02:40:00
5463105.810680448,0.0,126.0,,0.93,60.0,0.00275,,,2021-12-08 02:45:00
5463106.8107665805,0.0,122.0,,0.93,62.0,0.003142,,,2021-12-08 02:50:00
5463107.810852713,0.0,119.0,,0.93,64.0,0.003776,,,2021-12-08 02:55:00
5463108.810938845,0.0,116.0,,0.93,65.0,0.000913,,,2021-12-08 03:00:00
5463109.811024978,0.0,122.0,,0.93,64.0,5.5e-05,,,2021-12-08 03:05:00
5463110.811111111,0.0,124.0,,0.93,66.0,6.6e-05,,,2021-12-08 03:10:00
5463111.811197244,0.0,118.0,,0.93,65.0,6.2e-05,,,2021-12-08 03:15:00
5463112.811283376,0.0,109.0,,0.93,67.0,5e-05,,,2021-12-08 03:20:00
5463113.8113695085,0.0,114.0,,0.93,66.0,5.3e-05,,,2021-12-08 03:25:00
5463114.811455642,0.0,117.0,,0.93,79.0,4.8e-05,,,2021-12-08 03:30:00
5463115.811541774,0.0,120.0,,0.93,66.0,4.9e-05,,,2021-12-08 03:35:00
5463116.811627907,0.0,122.0,,0.93,66.0,5.5e-05,,,2021-12-08 03:40:00
5463117.811714039,0.0,123.0,,0.93,65.0,5.3e-05,,,2021-12-08 03:45:00
5463118.811800172,0.0,126.0,,0.93,66.0,5.4e-05,,,2021-12-08 03:50:00
5463119.811886305,0.0,128.0,,1.1,64.0,7.6e-05,,,2021-12-08 03:55:00
5463120.811972437,0.0,130.0,,1.1,64.0,0.000124,,,2021-12-08 04:00:00
5463121.81205857,0.0,128.0,,1.1,64.0,0.000156,,,2021-12-08 04:05:00
5463122.812144702,0.0,131.0,,1.1,62.0,0.000149,,,2021-12-08 04:10:00
5463123.812230836,0.0,126.0,,1.1,63.0,0.00018,,,2021-12-08 04:15:00
5463124.812316968,0.0,118.0,,1.1,63.0,0.00021,,,2021-12-08 04:20:00
5463125.812403101,0.0,116.0,,1.1,64.0,0.000187,,,2021-12-08 04:25:00
5463126.812489233,0.0,115.0,,1.1,63.0,8.3e-05,,,2021-12-08 04:30:00
5463127.812575365,0.0,114.0,,1.1,65.0,6.1e-05,,,2021-12-08 04:35:00
5463128.812661499,0.0,113.0,,1.1,68.0,5.6e-05,,,2021-12-08 04:40:00
5463129.812747631,0.0,120.0,,1.1,66.0,4.9e-05,,,2021-12-08 04:45:00
5463130.812833764,0.0,128.0,,1.1,84.0,5.1e-05,,,2021-12-08 04:50:00
5463131.812919896,0.0,136.0,,1.25,,,,,2021-12-08 04:55:00
5463132.813006029,0.0,151.0,,1.25,,,,,2021-12-08 05:00:00
5463133.813092162,0.0,159.0,,1.25,,,,,2021-12-08 05:05:00
5463134.813178294,0.0,163.0,147.0,1.25,,,,,2021-12-08 05:10:00
5463135.813264427,0.0,169.0,,1.25,114.0,9.7e-05,,,2021-12-08 05:15:00
5463136.813350559,0.0,168.0,,1.25,84.0,5.8e-05,,,2021-12-08 05:20:00
5463137.813436693,0.0,151.0,,1.25,79.0,5.5e-05,,,2021-12-08 05:25:00
5463138.813522825,0.0,155.0,,1.25,75.0,5.4e-05,,,2021-12-08 05:30:00
5463139.813608957,0.0,155.0,,1.25,78.0,5.8e-05,,,2021-12-08 05:35:00
5463140.81369509,0.0,155.0,,1.25,101.0,6.3e-05,,,2021-12-08 05:40:00
5463141.813781223,0.0,149.0,,1.25,117.0,6.3e-05,,,2021-12-08 05:45:00
5463142.813867356,0.0,148.0,,1.25,116.0,6.4e-05,,,2021-12-08 05:50:00
5463143.813953488,0.0,148.0,,1.25,103.0,6.1e-05,,,2021-12-08 05:55:00
5463144.814039621,0.0,145.0,,1.25,100.0,6.1e-05,,,2021-12-08 06:00:00
5463145.814125754,0.0,144.0,,1.25,85.0,5.6e-05,,,2021-12-08 06:05:00
5463146.814211886,0.0,152.0,145.0,1.25,77.0,5.5e-05,97.0,6.1,2021-12-08 06:10:00
5463147.814298019,0.0,160.0,,1.25,86.0,5.4e-05,,,2021-12-08 06:15:00
5463148.814384151,0.0,164.0,,1.25,90.0,5.4e-05,,,2021-12-08 06:20:00
5463149.814470284,0.0,160.0,,1.25,86.0,5.5e-05,,,2021-12-08 06:25:00
5463150.814556417,0.0,159.0,,1.25,85.0,5.7e-05,,,2021-12-08 06:30:00
5463151.8146425495,0.0,157.0,,1.25,83.0,5.2e-05,,,2021-12-08 06:35:00
5463152.814728682,0.0,156.0,,1.25,88.0,5.3e-05,,,2021-12-08 06:40:00
5463153.814814814,0.0,159.0,,1.25,99.0,5.4e-05,,,2021-12-08 06:45:00
5463154.814900948,0.0,170.0,,1.25,103.0,5.5e-05,,,2021-12-08 06:50:00
5463155.81498708,0.0,177.0,,1.3,90.0,5.2e-05,,,2021-12-08 06:55:00
5463156.815073213,0.0,191.0,,1.3,80.0,4.9e-05,,,2021-12-08 07:00:00
5463157.815159345,0.0,202.0,,1.3,84.0,4.8e-05,,,2021-12-08 07:05:00
5463158.8152454775,0.0,211.0,,1.3,76.0,4.7e-05,,,2021-12-08 07:10:00
5463159.815331611,0.0,216.0,,1.3,76.0,4.6e-05,,,2021-12-08 07:15:00
5463160.815417743,0.0,220.0,,1.3,74.0,4.6e-05,,,2021-12-08 07:20:00
5463161.815503876,0.0,224.0,,1.3,73.0,4.7e-05,,,2021-12-08 07:25:00
5463162.815590008,0.0,230.0,,1.3,75.0,4.6e-05,,,2021-12-08 07:30:00
5463163.8156761415,0.0,237.0,,1.3,72.0,4.6e-05,,,2021-12-08 07:35:00
5463164.815762274,0.0,244.0,,1.3,77.0,4.7e-05,,,2021-12-08 07:40:00
5463165.815848406,0.0,256.0,,1.3,70.0,4.6e-05,,,2021-12-08 07:45:00
5463166.815934539,0.0,263.0,,1.3,71.0,4.6e-05,,,2021-12-08 07:50:00
5463167.816020671,0.0,267.0,,1.3,68.0,4.6e-05,,,2021-12-08 07:55:00
5463168.816106805,0.0,270.0,,1.3,72.0,4.6e-05,,,2021-12-08 08:00:00
5463169.816192937,0.0,271.0,,1.3,72.0,4.6e-05,,,2021-12-08 08:05:00
5463170.8162790695,0.0,270.0,,1.3,72.0,4.7e-05,,,2021-12-08 08:10:00
5463171.816365202,0.0,270.0,,1.3,75.0,4.7e-05,,,2021-12-08 08:15:00
5463172.816451335,0.0,270.0,,1.3,72.0,4.8e-05,,,2021-12-08 08:20:00
5463173.816537468,0.0,268.0,,1.3,71.0,4.7e-05,,,2021-12-08 08:25:00
5463174.8166236,0.0,267.0,,1.3,73.0,4.7e-05,,,2021-12-08 08:30:00
5463175.816709733,0.0,272.0,,1.3,63.0,4.7e-05,,,2021-12-08 08:35:00
5463176.816795865,0.0,269.0,,1.3,70.0,4.7e-05,,,2021-12-08 08:40:00
5463177.816881998,0.0,263.0,,1.3,69.0,4.6e-05,,,2021-12-08 08:45:00
5463178.816968131,0.0,255.0,,1.3,79.0,4.7e-05,,,2021-12-08 08:50:00
5463179.817054263,0.0,257.0,,1.3,74.0,4.7e-05,,,2021-12-08 08:55:00
5463180.817140396,0.0,260.0,,1.3,75.0,4.8e-05,,,2021-12-08 09:00:00
5463181.817226529,0.0,258.0,,1.3,78.0,4.7e-05,,,2021-12-08 09:05:00
5463182.817312662,0.0,256.0,,1.3,78.0,4.7e-05,,,2021-12-08 09:10:00
5463183.817398794,0.0,251.0,,1.3,72.0,4.7e-05,,,2021-12-08 09:15:00
5463184.817484926,0.0,246.0,,1.3,69.0,4.6e-05,,,2021-12-08 09:20:00
5463185.817571059,0.0,239.0,,1.3,72.0,4.7e-05,,,2021-12-08 09:25:00
5463186.817657192,0.0,234.0,,1.3,72.0,4.7e-05,,,2021-12-08 09:30:00
5463187.817743325,0.0,232.0,,1.3,72.0,4.7e-05,,,2021-12-08 09:35:00
5463188.817829457,0.0,236.0,,1.3,75.0,4.7e-05,,,2021-12-08 09:40:00
5463189.81791559,0.0,234.0,,1.3,72.0,4.7e-05,,,2021-12-08 09:45:00
5463190.818001723,0.0,229.0,,1.3,72.0,4.7e-05,,,2021-12-08 09:50:00
5463191.818087855,0.0,223.0,,1.3,72.0,4.7e-05,,,2021-12-08 09:55:00
5463192.818173988,0.0,221.0,,1.3,69.0,4.7e-05,,,2021-12-08 10:00:00
5463193.81826012,0.0,224.0,,1.3,87.0,4.6e-05,,,2021-12-08 10:05:00
5463194.818346253,0.0,232.0,,1.3,75.0,4.7e-05,,,2021-12-08 10:10:00
5463195.818432386,0.0,234.0,,1.3,72.0,4.5e-05,,,2021-12-08 10:15:00
5463196.8185185185,0.0,229.0,,1.3,70.0,4.5e-05,,,2021-12-08 10:20:00
5463197.818604651,0.0,222.0,,1.3,102.0,4.5e-05,,,2021-12-08 10:25:00
5463198.818690783,0.0,222.0,,1.3,73.0,4.7e-05,,,2021-12-08 10:30:00
5463199.818776917,0.0,223.0,,1.3,66.0,4.6e-05,,,2021-12-08 10:35:00
5463200.818863049,0.0,225.0,,1.3,68.0,4.6e-05,,,2021-12-08 10:40:00
5463201.818949182,0.0,221.0,,1.3,68.0,4.6e-05,,,2021-12-08 10:45:00
5463202.819035314,0.0,218.0,,1.3,72.0,4.5e-05,,,2021-12-08 10:50:00
5463203.819121446,0.0,217.0,,0.7,64.0,4.5e-05,,,2021-12-08 10:55:00
5463204.81920758,0.0,214.0,,0.7,69.0,4.5e-05,,,2021-12-08 11:00:00
5463205.819293712,0.0,214.0,,0.7,72.0,4.5e-05,,,2021-12-08 11:05:00
5463206.819379845,0.0,213.0,,0.7,73.0,4.5e-05,,,2021-12-08 11:10:00
5463207.819465977,0.0,213.0,,0.7,91.0,4.5e-05,,,2021-12-08 11:15:00
5463208.8195521105,0.0,211.0,,0.7,66.0,4.6e-05,,,2021-12-08 11:20:00
5463209.819638243,0.0,207.0,,0.7,64.0,4.6e-05,,,2021-12-08 11:25:00
5463210.819724375,0.0,203.0,,0.7,64.0,4.5e-05,,,2021-12-08 11:30:00
5463211.819810508,0.0,196.0,,0.7,68.0,4.5e-05,,,2021-12-08 11:35:00
5463212.81989664,0.0,190.0,,0.7,69.0,4.5e-05,,,2021-12-08 11:40:00
5463213.819982774,0.0,187.0,,0.7,70.0,4.4e-05,,,2021-12-08 11:45:00
5463214.820068906,0.0,186.0,217.0,0.7,89.0,4.4e-05,,,2021-12-08 11:50:00
5463215.8201550385,0.0,192.0,,0.7,82.0,4.5e-05,,,2021-12-08 11:55:00
5463216.820241171,0.0,198.0,217.0,0.7,80.0,4.6e-05,120.0,9.6,2021-12-08 12:00:00
5463217.820327304,0.0,211.0,,0.7,88.0,4.6e-05,,7.5,2021-12-08 12:05:00
5463218.820413437,0.0,210.0,,0.7,68.0,4.7e-05,,,2021-12-08 12:10:00
5463219.820499569,0.0,205.0,,0.7,75.0,4.5e-05,,,2021-12-08 12:15:00
5463220.820585702,0.0,197.0,,0.7,76.0,4.5e-05,,,2021-12-08 12:20:00
5463221.820671834,0.0,192.0,,0.7,72.0,4.7e-05,,,2021-12-08 12:25:00
5463222.820757967,0.0,188.0,,0.7,72.0,4.7e-05,,,2021-12-08 12:30:00
5463223.8208441,0.0,185.0,,0.7,74.0,4.5e-05,,,2021-12-08 12:35:00
5463224.820930232,0.0,183.0,,0.7,78.0,4.5e-05,,,2021-12-08 12:40:00
5463225.821016365,0.0,184.0,,0.7,80.0,4.4e-05,,,2021-12-08 12:45:00
5463226.821102498,0.0,186.0,,0.7,81.0,4.5e-05,,,2021-12-08 12:50:00
5463227.821188631,0.0,192.0,,0.7,80.0,4.5e-05,,,2021-12-08 12:55:00
5463228.821274763,0.0,191.0,,0.7,79.0,4.5e-05,,,2021-12-08 13:00:00
5463229.821360895,0.0,184.0,,0.7,83.0,4.5e-05,,,2021-12-08 13:05:00
5463230.821447028,0.0,174.0,,0.7,81.0,4.4e-05,,,2021-12-08 13:10:00
5463231.821533161,0.0,170.0,,0.7,80.0,4.6e-05,,,2021-12-08 13:15:00
5463232.821619294,0.0,172.0,,0.7,83.0,4.6e-05,,,2021-12-08 13:20:00
5463233.821705426,0.0,178.0,,0.7,84.0,4.5e-05,,,2021-12-08 13:25:00
5463234.8217915585,0.0,189.0,,0.7,80.0,4.5e-05,,,2021-12-08 13:30:00
5463235.821877692,0.0,194.0,,0.7,78.0,4.5e-05,,,2021-12-08 13:35:00
5463236.821963824,0.0,194.0,,0.7,80.0,4.5e-05,,,2021-12-08 13:40:00
5463237.822049957,0.0,200.0,,0.7,88.0,4.5e-05,,,2021-12-08 13:45:00
5463238.822136089,0.0,203.0,,0.7,89.0,4.5e-05,,,2021-12-08 13:50:00
5463239.822222222,0.0,209.0,,0.7,77.0,4.5e-05,,,2021-12-08 13:55:00
5463240.822308355,0.0,211.0,,0.7,80.0,4.4e-05,,,2021-12-08 14:00:00
5463241.822394487,0.0,210.0,,0.7,82.0,4.5e-05,,,2021-12-08 14:05:00
5463242.82248062,0.0,210.0,,0.7,80.0,4.5e-05,,,2021-12-08 14:10:00
5463243.822566752,0.0,211.0,,0.7,83.0,4.6e-05,,,2021-12-08 14:15:00
5463244.822652886,0.0,213.0,,0.7,83.0,4.5e-05,,,2021-12-08 14:20:00
5463245.822739018,0.0,218.0,,0.7,71.0,4.8e-05,,,2021-12-08 14:25:00
5463246.822825151,0.0,220.0,,0.7,74.0,4.7e-05,,,2021-12-08 14:30:00
5463247.822911283,0.0,218.0,,0.7,76.0,4.5e-05,,,2021-12-08 14:35:00
5463248.822997415,0.0,218.0,,0.7,74.0,4.4e-05,,,2021-12-08 14:40:00
5463249.823083549,0.0,222.0,,0.7,79.0,4.5e-05,,,2021-12-08 14:45:00
5463250.823169681,0.0,227.0,,0.7,76.0,4.5e-05,,,2021-12-08 14:50:00
5463251.823255814,0.0,235.0,,0.7,79.0,4.4e-05,,,2021-12-08 14:55:00
5463252.823341946,0.0,245.0,,0.7,76.0,4.4e-05,,,2021-12-08 15:00:00
5463253.8234280795,0.0,251.0,,0.7,76.0,4.4e-05,,,2021-12-08 15:05:00
5463254.823514212,0.0,254.0,,0.7,74.0,4.4e-05,,,2021-12-08 15:10:00
5463255.823600344,0.0,256.0,,0.7,71.0,4.5e-05,,,2021-12-08 15:15:00
5463256.823686477,0.0,257.0,,0.7,69.0,4.4e-05,,,2021-12-08 15:20:00
5463257.823772609,0.0,254.0,,0.7,73.0,4.4e-05,,,2021-12-08 15:25:00
5463258.823858743,0.0,250.0,,0.7,71.0,4.4e-05,,,2021-12-08 15:30:00
5463259.823944875,0.0,245.0,,0.7,74.0,4.4e-05,,,2021-12-08 15:35:00
5463260.8240310075,0.0,248.0,255.0,0.7,99.0,4.3e-05,,2.9,2021-12-08 15:40:00
5463261.82411714,0.0,253.0,,0.7,95.0,4.9e-05,,,2021-12-08 15:45:00
5463262.824203273,0.0,255.0,,0.7,100.0,8e-05,,,2021-12-08 15:50:00
5463263.824289406,0.0,254.0,,0.7,76.0,5.1e-05,,,2021-12-08 15:55:00
5463264.824375538,0.0,249.0,,0.7,75.0,4.8e-05,,,2021-12-08 16:00:00
5463265.824461671,0.0,249.0,,0.7,72.0,4.8e-05,,,2021-12-08 16:05:00
5463266.824547803,0.0,247.0,,0.7,77.0,4.8e-05,,,2021-12-08 16:10:00
5463267.824633936,0.0,245.0,,0.7,79.0,4.8e-05,,,2021-12-08 16:15:00
5463268.824720069,0.0,243.0,,0.7,77.0,4.9e-05,,,2021-12-08 16:20:00
5463269.824806201,0.0,242.0,,0.7,76.0,4.8e-05,,,2021-12-08 16:25:00
5463270.824892334,0.0,239.0,,0.7,75.0,5e-05,,,2021-12-08 16:30:00
5463271.824978467,0.0,235.0,,0.7,84.0,5.1e-05,,,2021-12-08 16:35:00
5463272.8250645995,0.0,234.0,235.0,0.7,82.0,5.1e-05,,3.1,2021-12-08 16:40:00
5463273.825150732,0.0,234.0,,0.7,76.0,5e-05,38.0,4.1,2021-12-08 16:45:00
5463274.825236864,0.0,231.0,,0.7,77.0,5.3e-05,,,2021-12-08 16:50:00
5463275.825322997,0.0,224.0,,0.9,78.0,5.3e-05,,,2021-12-08 16:55:00
5463276.82540913,0.0,216.0,,0.9,88.0,5.3e-05,,,2021-12-08 17:00:00
5463277.825495263,0.0,209.0,,0.9,84.0,5.3e-05,,,2021-12-08 17:05:00
5463278.825581395,0.0,205.0,,0.9,82.0,5.5e-05,,,2021-12-08 17:10:00
5463279.8256675275,0.0,199.0,,0.9,76.0,5.3e-05,,,2021-12-08 17:15:00
5463280.825753661,0.0,195.0,,0.9,77.0,5.4e-05,,,2021-12-08 17:20:00
5463281.825839793,0.0,192.0,,0.9,85.0,5.4e-05,,,2021-12-08 17:25:00
5463282.825925926,0.0,188.0,,0.9,89.0,5.4e-05,,,2021-12-08 17:30:00
5463283.826012058,0.0,189.0,,0.9,75.0,5.4e-05,,,2021-12-08 17:35:00
5463284.826098191,0.0,184.0,,0.9,77.0,5.2e-05,,,2021-12-08 17:40:00
5463285.826184324,0.0,176.0,,0.9,78.0,5.2e-05,,,2021-12-08 17:45:00
5463286.826270456,0.0,170.0,,0.9,81.0,5.2e-05,,,2021-12-08 17:50:00
5463287.826356589,0.0,164.0,,0.9,81.0,5.3e-05,,,2021-12-08 17:55:00
5463288.826442721,0.0,160.0,,0.9,82.0,5.4e-05,,,2021-12-08 18:00:00
5463289.826528855,0.0,157.0,,0.9,82.0,5.4e-05,,,2021-12-08 18:05:00
5463290.826614987,0.0,151.0,,0.9,84.0,5.4e-05,,,2021-12-08 18:10:00
5463291.82670112,0.0,150.0,,0.9,78.0,5.3e-05,,,2021-12-08 18:15:00
5463292.826787252,0.0,145.0,,0.9,80.0,6.7e-05,,,2021-12-08 18:20:00
5463293.826873384,0.0,140.0,,0.9,84.0,0.00054,,,2021-12-08 18:25:00
5463294.826959518,0.0,138.0,,0.9,89.0,0.000356,,,2021-12-08 18:30:00
5463295.82704565,0.0,135.0,,0.9,89.0,0.000103,,,2021-12-08 18:35:00
5463296.827131783,0.0,136.0,,0.9,88.0,9.9e-05,,,2021-12-08 18:40:00
5463297.827217915,0.0,137.0,,0.9,82.0,0.000104,,,2021-12-08 18:45:00
5463298.827304048,0.0,137.0,,0.9,86.0,7.6e-05,,,2021-12-08 18:50:00
5463299.827390181,0.0,141.0,,0.9,85.0,0.000226,,,2021-12-08 18:55:00
5463300.827476313,0.0,147.0,,0.9,86.0,0.001567,,,2021-12-08 19:00:00
5463301.827562446,0.0,154.0,,0.9,87.0,0.003361,,,2021-12-08 19:05:00
5463302.827648578,0.0,160.0,,0.9,89.0,0.004164,,,2021-12-08 19:10:00
5463303.827734712,0.0,167.0,177.0,0.9,85.0,0.03654,,9.6,2021-12-08 19:15:00
5463304.827820844,0.0,172.0,,0.9,81.0,0.012198,150.0,10.4,2021-12-08 19:20:00
5463305.827906976,0.0,172.0,,0.9,82.0,0.000652,,,2021-12-08 19:25:00
5463306.827993109,0.0,176.0,,0.9,84.0,0.000252,,,2021-12-08 19:30:00
5463307.828079242,0.0,178.0,,0.9,80.0,0.000935,,,2021-12-08 19:35:00
5463308.828165375,0.0,179.0,,0.9,80.0,0.000296,,,2021-12-08 19:40:00
5463309.828251507,0.0,179.0,,0.9,80.0,0.000151,,,2021-12-08 19:45:00
5463310.82833764,0.0,179.0,,0.9,79.0,0.000415,,,2021-12-08 19:50:00
5463311.828423772,0.0,173.0,,0.9,80.0,0.000628,,,2021-12-08 19:55:00
5463312.828509905,0.0,168.0,,0.9,80.0,0.000226,,,2021-12-08 20:00:00
5463313.828596038,0.0,156.0,,0.9,80.0,0.000129,,,2021-12-08 20:05:00
5463314.82868217,0.0,143.0,,0.9,80.0,9.7e-05,,,2021-12-08 20:10:00
5463315.828768303,0.0,134.0,,0.9,80.0,9.6e-05,,,2021-12-08 20:15:00
5463316.828854436,0.0,120.0,,0.9,80.0,0.000105,,,2021-12-08 20:20:00
5463317.8289405685,0.0,105.0,,0.9,83.0,8.6e-05,,,2021-12-08 20:25:00
5463318.829026701,0.0,93.0,,0.9,79.0,7e-05,,,2021-12-08 20:30:00
5463319.829112833,0.0,83.0,,0.9,79.0,5.1e-05,,,2021-12-08 20:35:00
5463320.829198966,0.0,74.0,,0.9,80.0,5.5e-05,,,2021-12-08 20:40:00
5463321.829285099,0.0,69.0,,0.9,91.0,5.7e-05,,,2021-12-08 20:45:00
5463322.829371232,0.0,70.0,,0.9,81.0,5.1e-05,,,2021-12-08 20:50:00
5463323.829457364,0.0,61.0,,0.9,81.0,5.1e-05,,,2021-12-08 20:55:00
5463324.8295434965,0.0,57.0,,0.9,82.0,5.3e-05,,,2021-12-08 21:00:00
5463325.82962963,0.0,57.0,,0.9,80.0,5.2e-05,,,2021-12-08 21:05:00
5463326.829715762,0.0,56.0,,0.9,81.0,5.2e-05,,,2021-12-08 21:10:00
5463327.829801895,0.0,55.0,,0.9,79.0,5.4e-05,,,2021-12-08 21:15:00
5463328.829888027,0.0,54.0,,0.9,79.0,6.1e-05,,,2021-12-08 21:20:00
5463329.82997416,0.0,55.0,72.0,0.9,80.0,5.7e-05,,,2021-12-08 21:25:00
5463330.830060293,0.0,58.0,72.0,0.9,85.0,6.1e-05,60.0,1.65,2021-12-08 21:30:00
5463331.830146425,0.0,59.0,,0.9,81.0,5.8e-05,,,2021-12-08 21:35:00
5463332.830232558,0.0,63.0,,0.9,77.0,5.7e-05,,,2021-12-08 21:40:00
5463333.83031869,0.0,63.0,,0.9,77.0,5.4e-05,,,2021-12-08 21:45:00
5463334.830404824,0.0,60.0,,0.9,80.0,5.2e-05,,,2021-12-08 21:50:00
5463335.830490956,0.0,61.0,,0.9,77.0,5.2e-05,,,2021-12-08 21:55:00
5463336.8305770885,0.0,66.0,,0.9,80.0,5.7e-05,,,2021-12-08 22:00:00
5463337.830663221,0.0,75.0,,0.9,79.0,8.5e-05,,,2021-12-08 22:05:00
5463338.830749353,0.0,84.0,,0.9,90.0,0.000135,,,2021-12-08 22:10:00
5463339.830835487,0.0,91.0,,0.9,75.0,9.2e-05,,,2021-12-08 22:15:00
5463340.830921619,0.0,92.0,,0.9,73.0,5.1e-05,,,2021-12-08 22:20:00
5463341.831007752,0.0,88.0,,0.9,75.0,5e-05,,,2021-12-08 22:25:00
5463342.831093884,0.0,86.0,,0.9,75.0,5.1e-05,,,2021-12-08 22:30:00
5463343.831180017,0.0,87.0,,0.9,74.0,4.8e-05,,,2021-12-08 22:35:00
5463344.83126615,0.0,90.0,,0.9,73.0,4.7e-05,,,2021-12-08 22:40:00
5463345.831352282,0.0,97.0,,0.9,74.0,5.3e-05,,,2021-12-08 22:45:00
5463346.831438415,0.0,109.0,,0.9,67.0,5.9e-05,,,2021-12-08 22:50:00
5463347.831524547,0.0,113.0,,0.9,67.0,6.1e-05,,,2021-12-08 22:55:00
5463348.831610681,0.0,113.0,,0.9,68.0,6.4e-05,,,2021-12-08 23:00:00
5463349.831696813,0.0,113.0,,0.9,68.0,7.4e-05,,,2021-12-08 23:05:00
5463350.831782945,0.0,114.0,,0.9,74.0,5.9e-05,,,2021-12-08 23:10:00
5463351.831869078,0.0,118.0,,0.9,70.0,5.3e-05,,,2021-12-08 23:15:00
5463352.831955211,0.0,121.0,,0.9,71.0,5.1e-05,,,2021-12-08 23:20:00
5463353.832041344,0.0,123.0,,0.9,71.0,5e-05,,,2021-12-08 23:25:00
5463354.832127476,0.0,126.0,,0.9,71.0,5e-05,,,2021-12-08 23:30:00
5463355.832213609,0.0,130.0,,0.9,72.0,5e-05,,,2021-12-08 23:35:00
5463356.832299741,0.0,140.0,,0.9,72.0,5.1e-05,,,2021-12-08 23:40:00
5463357.832385874,0.0,145.0,,0.9,72.0,4.9e-05,,,2021-12-08 23:45:00
5463358.832472007,0.0,149.0,,0.9,70.0,4.6e-05,,,2021-12-08 23:50:00
5463359.832558139,0.0,155.0,,0.9,72.0,4.7e-05,,,2021-12-08 23:55:00
5463360.832644272,0.0,159.0,,0.9,74.0,4.7e-05,,,2021-12-09 00:00:00
5463361.832730405,0.0,163.0,,0.9,73.0,4.7e-05,,,2021-12-09 00:05:00
5463362.8328165375,0.0,167.0,,0.9,74.0,5e-05,,,2021-12-09 00:10:00
5463363.83290267,0.0,171.0,,0.9,75.0,5.2e-05,,,2021-12-09 00:15:00
5463364.832988802,0.0,184.0,,0.9,72.0,5.4e-05,,,2021-12-09 00:20:00
5463365.833074935,0.0,194.0,,0.9,70.0,5.5e-05,,,2021-12-09 00:25:00
5463366.833161068,0.0,191.0,,0.9,70.0,5.6e-05,,,2021-12-09 00:30:00
5463367.833247201,0.0,192.0,,0.9,70.0,5.7e-05,,,2021-12-09 00:35:00
5463368.833333333,0.0,195.0,,0.9,71.0,6.4e-05,,,2021-12-09 00:40:00
5463369.833419465,0.0,197.0,,0.9,70.0,0.000145,,,2021-12-09 00:45:00
5463370.833505599,0.0,200.0,,0.9,73.0,0.000399,,,2021-12-09 00:50:00
5463371.833591731,0.0,205.0,,0.9,80.0,0.002452,,,2021-12-09 00:55:00
5463372.833677864,0.0,214.0,,0.9,67.0,0.005088,,,2021-12-09 01:00:00
5463373.833763996,0.0,215.0,,0.9,66.0,0.001902,,,2021-12-09 01:05:00
5463374.833850129,0.0,212.0,,0.9,66.0,0.000685,,,2021-12-09 01:10:00
5463375.833936262,0.0,212.0,,0.9,66.0,0.000279,,,2021-12-09 01:15:00
5463376.834022394,0.0,214.0,,0.9,66.0,0.000162,,,2021-12-09 01:20:00
5463377.834108527,0.0,216.0,,0.9,64.0,0.000126,,,2021-12-09 01:25:00
5463378.834194659,0.0,219.0,,0.9,63.0,0.000104,,,2021-12-09 01:30:00
5463379.834280793,0.0,221.0,,0.9,64.0,8.1e-05,,,2021-12-09 01:35:00
5463380.834366925,0.0,230.0,,0.9,61.0,6.5e-05,,,2021-12-09 01:40:00
5463381.8344530575,0.0,236.0,,0.9,60.0,6e-05,,,2021-12-09 01:45:00
5463382.83453919,0.0,239.0,,0.9,64.0,5.4e-05,,,2021-12-09 01:50:00
5463383.834625322,0.0,246.0,,0.9,,,,,2021-12-09 01:55:00
5463384.834711456,0.0,244.0,,0.9,,,,,2021-12-09 02:00:00
5463385.834797588,0.0,242.0,,0.9,,,,,2021-12-09 02:05:00
5463386.834883721,0.0,241.0,,0.9,,,,,2021-12-09 02:10:00
5463387.834969853,0.0,246.0,,0.9,,,,,2021-12-09 02:15:00
5463388.835055986,0.0,252.0,,0.9,,,,,2021-12-09 02:20:00
5463389.835142119,0.0,251.0,,0.9,64.0,,,,2021-12-09 02:25:00
5463390.835228251,0.0,258.0,,0.9,62.0,4.9e-05,,,2021-12-09 02:30:00
5463391.835314384,0.0,256.0,,0.9,63.0,5.4e-05,,,2021-12-09 02:35:00
5463392.835400516,0.0,255.0,,0.9,64.0,5.9e-05,,,2021-12-09 02:40:00
5463393.83548665,0.0,252.0,,0.9,64.0,6.3e-05,,,2021-12-09 02:45:00
5463394.835572782,0.0,255.0,,0.9,65.0,6.9e-05,,,2021-12-09 02:50:00
5463395.835658914,0.0,259.0,,0.9,66.0,7.4e-05,,,2021-12-09 02:55:00
5463396.835745047,0.0,262.0,,0.9,63.0,7.5e-05,,,2021-12-09 03:00:00
5463397.83583118,0.0,265.0,,0.9,64.0,8.1e-05,,,2021-12-09 03:05:00
5463398.835917313,0.0,266.0,,0.9,63.0,8.5e-05,,,2021-12-09 03:10:00
5463399.836003445,0.0,267.0,,0.9,63.0,8.9e-05,,,2021-12-09 03:15:00
5463400.8360895775,0.0,268.0,,0.9,64.0,9.3e-05,,,2021-12-09 03:20:00
5463401.83617571,0.0,270.0,,0.9,65.0,9.7e-05,,,2021-12-09 03:25:00
5463402.836261843,0.0,276.0,,0.9,65.0,6.3e-05,,,2021-12-09 03:30:00
5463403.836347976,0.0,272.0,,0.9,66.0,5.3e-05,,,2021-12-09 03:35:00
5463404.836434108,0.0,264.0,,0.9,66.0,5.1e-05,,,2021-12-09 03:40:00
5463405.836520241,0.0,259.0,,0.9,64.0,5e-05,,,2021-12-09 03:45:00
5463406.836606374,0.0,260.0,,0.9,64.0,4.9e-05,,,2021-12-09 03:50:00
5463407.836692506,0.0,258.0,,0.9,65.0,4.8e-05,,,2021-12-09 03:55:00
5463408.836778639,0.0,260.0,,0.9,73.0,4.8e-05,,,2021-12-09 04:00:00
5463409.836864771,0.0,264.0,,0.9,64.0,4.6e-05,,,2021-12-09 04:05:00
5463410.836950904,0.0,263.0,,0.9,63.0,4.6e-05,,,2021-12-09 04:10:00
5463411.837037037,0.0,261.0,,0.9,63.0,4.6e-05,,,2021-12-09 04:15:00
5463412.83712317,0.0,258.0,,0.9,63.0,4.6e-05,,,2021-12-09 04:20:00
5463413.837209302,0.0,261.0,,0.9,62.0,4.8e-05,,,2021-12-09 04:25:00
5463414.837295434,0.0,263.0,,0.9,62.0,4.9e-05,,,2021-12-09 04:30:00
5463415.837381568,0.0,266.0,,0.9,64.0,5.2e-05,,,2021-12-09 04:35:00
5463416.8374677,0.0,269.0,,0.9,59.0,5.4e-05,,,2021-12-09 04:40:00
5463417.837553833,0.0,272.0,,0.9,62.0,4.9e-05,,,2021-12-09 04:45:00
5463418.837639965,0.0,275.0,,0.9,67.0,5.1e-05,,,2021-12-09 04:50:00
5463419.837726098,0.0,284.0,,0.9,65.0,6e-05,,,2021-12-09 04:55:00
5463420.837812231,0.0,281.0,,0.9,65.0,5.8e-05,,,2021-12-09 05:00:00
5463421.837898363,0.0,280.0,,0.9,73.0,5.8e-05,,,2021-12-09 05:05:00
5463422.837984496,0.0,284.0,,0.9,87.0,5.1e-05,,,2021-12-09 05:10:00
5463423.838070628,0.0,300.0,,0.9,82.0,4.9e-05,,,2021-12-09 05:15:00
5463424.838156762,0.0,302.0,272.0,0.9,83.0,5e-05,,2.8,2021-12-09 05:20:00
5463425.838242894,0.0,305.0,,0.9,80.0,5e-05,,,2021-12-09 05:25:00
5463426.8383290265,0.0,301.0,,0.9,79.0,5.3e-05,,,2021-12-09 05:30:00
5463427.838415159,0.0,280.0,,0.9,75.0,5.3e-05,,,2021-12-09 05:35:00
5463428.838501291,0.0,276.0,,0.9,78.0,5.3e-05,,,2021-12-09 05:40:00
5463429.838587425,0.0,273.0,,0.9,112.0,5.6e-05,,,2021-12-09 05:45:00
5463430.838673557,0.0,270.0,,0.9,100.0,5.8e-05,,,2021-12-09 05:50:00
5463431.83875969,0.0,267.0,,0.9,82.0,5.9e-05,,,2021-12-09 05:55:00
5463432.838845822,0.0,272.0,,0.9,89.0,5.8e-05,,,2021-12-09 06:00:00
5463433.838931955,0.0,277.0,,0.9,95.0,5.9e-05,,,2021-12-09 06:05:00
5463434.839018088,0.0,278.0,,0.9,87.0,6e-05,,,2021-12-09 06:10:00
5463435.83910422,0.0,280.0,,0.9,85.0,5.3e-05,,,2021-12-09 06:15:00
5463436.839190353,0.0,283.0,280.0,0.9,77.0,5e-05,80.0,6.8,2021-12-09 06:20:00
5463437.839276485,0.0,285.0,,0.9,73.0,5e-05,,7.2,2021-12-09 06:25:00
5463438.8393626185,0.0,282.0,,0.9,84.0,5.3e-05,,,2021-12-09 06:30:00
5463439.839448751,0.0,276.0,,0.9,83.0,5.4e-05,,,2021-12-09 06:35:00
5463440.839534883,0.0,273.0,,0.9,99.0,5.4e-05,,,2021-12-09 06:40:00
5463441.839621016,0.0,270.0,,0.9,102.0,5.4e-05,,,2021-12-09 06:45:00
5463442.839707149,0.0,270.0,,0.9,76.0,5.6e-05,,,2021-12-09 06:50:00
5463443.839793282,0.0,272.0,,0.9,84.0,5.6e-05,,,2021-12-09 06:55:00
5463444.839879414,0.0,270.0,,0.9,85.0,5.6e-05,,,2021-12-09 07:00:00
5463445.8399655465,0.0,271.0,,0.9,78.0,5.6e-05,,,2021-12-09 07:05:00
5463446.840051679,0.0,274.0,,0.9,77.0,5.3e-05,,,2021-12-09 07:10:00
5463447.840137812,0.0,276.0,,0.9,74.0,5.4e-05,,,2021-12-09 07:15:00
5463448.840223945,0.0,278.0,,0.9,78.0,5.2e-05,,,2021-12-09 07:20:00
5463449.840310077,0.0,281.0,,0.9,83.0,5.2e-05,,,2021-12-09 07:25:00
5463450.84039621,0.0,285.0,,0.9,77.0,5.1e-05,,,2021-12-09 07:30:00
5463451.840482343,0.0,288.0,,0.9,75.0,5.1e-05,,,2021-12-09 07:35:00
5463452.840568475,0.0,289.0,,0.9,71.0,5.2e-05,,,2021-12-09 07:40:00
5463453.840654608,0.0,291.0,,0.9,68.0,5.1e-05,,,2021-12-09 07:45:00
5463454.84074074,0.0,290.0,,0.9,78.0,5e-05,,,2021-12-09 07:50:00
5463455.840826873,0.0,294.0,294.0,0.9,83.0,5e-05,,,2021-12-09 07:55:00
5463456.840913006,0.0,301.0,,0.9,75.0,6.8e-05,,,2021-12-09 08:00:00
5463457.840999139,0.0,305.0,,0.9,74.0,5.8e-05,,,2021-12-09 08:05:00
5463458.841085271,0.0,305.0,,0.9,73.0,4.8e-05,,,2021-12-09 08:10:00
5463459.841171403,0.0,305.0,,0.9,72.0,4.8e-05,,,2021-12-09 08:15:00
5463460.841257537,0.0,303.0,,0.9,74.0,4.8e-05,,,2021-12-09 08:20:00
5463461.841343669,0.0,304.0,,0.9,73.0,4.7e-05,,,2021-12-09 08:25:00
5463462.841429802,0.0,306.0,,0.9,72.0,4.7e-05,,,2021-12-09 08:30:00
5463463.841515934,0.0,305.0,,0.9,72.0,4.7e-05,,,2021-12-09 08:35:00
5463464.8416020665,0.0,303.0,,0.9,73.0,4.8e-05,,,2021-12-09 08:40:00
5463465.8416882,0.0,300.0,,0.9,75.0,4.7e-05,,,2021-12-09 08:45:00
5463466.841774332,0.0,298.0,,0.9,74.0,4.6e-05,,,2021-12-09 08:50:00
5463467.841860465,0.0,293.0,,0.9,77.0,4.6e-05,,,2021-12-09 08:55:00
5463468.841946597,0.0,291.0,,0.9,74.0,4.6e-05,,,2021-12-09 09:00:00
5463469.842032731,0.0,284.0,,0.9,75.0,4.5e-05,,,2021-12-09 09:05:00
5463470.842118863,0.0,280.0,,0.9,77.0,4.6e-05,,,2021-12-09 09:10:00
5463471.842204995,0.0,271.0,,0.9,76.0,4.4e-05,,,2021-12-09 09:15:00
5463472.842291128,0.0,268.0,,0.9,74.0,4.6e-05,,,2021-12-09 09:20:00
5463473.842377261,0.0,261.0,,0.9,73.0,4.6e-05,,,2021-12-09 09:25:00
5463474.842463394,0.0,257.0,,0.9,75.0,4.5e-05,,,2021-12-09 09:30:00
5463475.842549526,0.0,254.0,,0.9,71.0,4.5e-05,,,2021-12-09 09:35:00
5463476.842635659,0.0,250.0,,0.9,90.0,4.4e-05,,,2021-12-09 09:40:00
5463477.842721791,0.0,252.0,,0.9,85.0,4.5e-05,,,2021-12-09 09:45:00
5463478.842807924,0.0,256.0,,0.9,69.0,4.5e-05,,,2021-12-09 09:50:00
5463479.842894057,0.0,249.0,,0.9,72.0,4.4e-05,,,2021-12-09 09:55:00
5463480.842980189,0.0,238.0,,0.9,74.0,4.5e-05,,,2021-12-09 10:00:00
5463481.843066322,0.0,230.0,249.0,0.9,78.0,4.5e-05,,3.0,2021-12-09 10:05:00
5463482.843152455,0.0,235.0,,0.9,72.0,4.5e-05,,,2021-12-09 10:10:00
5463483.8432385875,0.0,234.0,,0.9,74.0,4.6e-05,,,2021-12-09 10:15:00
5463484.84332472,0.0,242.0,,0.9,73.0,4.6e-05,,,2021-12-09 10:20:00
5463485.843410852,0.0,245.0,,0.9,75.0,4.7e-05,,,2021-12-09 10:25:00
5463486.843496985,0.0,245.0,,0.9,71.0,4.7e-05,,,2021-12-09 10:30:00
5463487.843583118,0.0,243.0,,0.9,73.0,4.6e-05,,,2021-12-09 10:35:00
5463488.843669251,0.0,238.0,,0.9,74.0,4.5e-05,,,2021-12-09 10:40:00
5463489.843755383,0.0,234.0,,0.9,74.0,4.6e-05,,,2021-12-09 10:45:00
5463490.8438415155,0.0,233.0,,0.9,79.0,4.6e-05,,,2021-12-09 10:50:00
5463491.843927649,0.0,233.0,,0.9,93.0,4.8e-05,,,2021-12-09 10:55:00
5463492.844013781,0.0,239.0,,0.9,79.0,6e-05,,,2021-12-09 11:00:00
5463493.844099914,0.0,233.0,,0.9,70.0,5.4e-05,,,2021-12-09 11:05:00
5463494.844186046,0.0,229.0,,0.9,69.0,4.9e-05,,,2021-12-09 11:10:00
5463495.844272179,0.0,224.0,,0.9,84.0,4.9e-05,,,2021-12-09 11:15:00
5463496.844358312,0.0,218.0,,0.9,74.0,4.4e-05,,,2021-12-09 11:20:00
5463497.844444444,0.0,218.0,,0.9,74.0,4.4e-05,,,2021-12-09 11:25:00
5463498.844530577,0.0,219.0,,0.9,87.0,4.4e-05,,,2021-12-09 11:30:00
5463499.844616709,0.0,219.0,,0.9,90.0,4.4e-05,,,2021-12-09 11:35:00
5463500.844702843,0.0,214.0,,0.9,79.0,4.4e-05,,,2021-12-09 11:40:00
5463501.844788975,0.0,208.0,,0.9,84.0,4.4e-05,,,2021-12-09 11:45:00
5463502.8448751075,0.0,205.0,,0.9,82.0,4.5e-05,,,2021-12-09 11:50:00
5463503.84496124,0.0,206.0,205.0,0.9,76.0,4.4e-05,75.0,7.1,2021-12-09 11:55:00
5463504.845047372,0.0,205.0,,0.9,78.0,4.5e-05,,6.3,2021-12-09 12:00:00
5463505.845133506,0.0,198.0,,0.9,78.0,4.6e-05,,,2021-12-09 12:05:00
5463506.845219638,0.0,191.0,,0.9,75.0,4.5e-05,,,2021-12-09 12:10:00
5463507.845305771,0.0,187.0,,0.9,75.0,4.5e-05,,,2021-12-09 12:15:00
5463508.845391903,0.0,183.0,,0.9,76.0,4.6e-05,,,2021-12-09 12:20:00
5463509.845478036,0.0,181.0,,0.9,81.0,4.7e-05,,,2021-12-09 12:25:00
5463510.845564169,0.0,187.0,,0.9,78.0,4.7e-05,,,2021-12-09 12:30:00
5463511.845650301,0.0,190.0,,0.9,83.0,4.7e-05,,,2021-12-09 12:35:00
5463512.845736434,0.0,192.0,,0.9,78.0,4.7e-05,,,2021-12-09 12:40:00
5463513.845822566,0.0,195.0,,0.9,80.0,4.7e-05,,,2021-12-09 12:45:00
5463514.8459087,0.0,194.0,,0.9,78.0,4.6e-05,,,2021-12-09 12:50:00
5463515.845994832,0.0,196.0,,0.9,76.0,4.6e-05,,,2021-12-09 12:55:00
5463516.846080964,0.0,194.0,,0.9,85.0,4.6e-05,,,2021-12-09 13:00:00
5463517.846167097,0.0,190.0,,0.9,76.0,4.6e-05,,,2021-12-09 13:05:00
5463518.84625323,0.0,191.0,,0.9,74.0,4.6e-05,,,2021-12-09 13:10:00
5463519.846339363,0.0,194.0,,0.9,80.0,4.6e-05,,,2021-12-09 13:15:00
5463520.846425495,0.0,197.0,,0.9,76.0,4.5e-05,,,2021-12-09 13:20:00
5463521.846511628,0.0,191.0,,0.9,74.0,4.5e-05,,,2021-12-09 13:25:00
5463522.84659776,0.0,187.0,,0.9,76.0,4.5e-05,,,2021-12-09 13:30:00
5463523.846683893,0.0,186.0,,0.9,73.0,4.5e-05,,,2021-12-09 13:35:00
5463524.846770026,0.0,189.0,,0.9,76.0,4.5e-05,,,2021-12-09 13:40:00
5463525.846856158,0.0,185.0,,0.9,77.0,4.4e-05,,,2021-12-09 13:45:00
5463526.846942291,0.0,182.0,,0.9,77.0,4.5e-05,,,2021-12-09 13:50:00
5463527.847028424,0.0,177.0,,0.9,79.0,4.5e-05,,,2021-12-09 13:55:00
5463528.8471145565,0.0,178.0,,0.9,80.0,4.6e-05,,,2021-12-09 14:00:00
5463529.847200689,0.0,178.0,,0.9,80.0,4.6e-05,,,2021-12-09 14:05:00
5463530.847286821,0.0,177.0,,0.9,78.0,4.6e-05,,,2021-12-09 14:10:00
5463531.847372954,0.0,179.0,,0.9,76.0,4.5e-05,,,2021-12-09 14:15:00
5463532.847459087,0.0,175.0,,0.9,79.0,4.5e-05,,,2021-12-09 14:20:00
5463533.84754522,0.0,170.0,,0.9,93.0,4.5e-05,,,2021-12-09 14:25:00
5463534.847631352,0.0,168.0,,0.9,78.0,4.5e-05,,,2021-12-09 14:30:00
5463535.847717484,0.0,169.0,,0.9,77.0,4.5e-05,,,2021-12-09 14:35:00
5463536.847803618,0.0,170.0,,0.9,79.0,4.5e-05,,,2021-12-09 14:40:00
5463537.84788975,0.0,171.0,,0.9,79.0,4.5e-05,,,2021-12-09 14:45:00
5463538.847975883,0.0,169.0,,0.9,77.0,4.6e-05,,,2021-12-09 14:50:00
5463539.848062015,0.0,164.0,,0.9,78.0,4.5e-05,,,2021-12-09 14:55:00
5463540.848148148,0.0,162.0,,0.9,77.0,4.6e-05,,,2021-12-09 15:00:00
5463541.848234281,0.0,163.0,,0.9,78.0,4.6e-05,,,2021-12-09 15:05:00
5463542.848320413,0.0,159.0,,0.9,79.0,4.6e-05,,,2021-12-09 15:10:00
5463543.848406546,0.0,157.0,,0.9,77.0,4.6e-05,,,2021-12-09 15:15:00
5463544.848492678,0.0,157.0,,0.9,76.0,4.6e-05,,,2021-12-09 15:20:00
5463545.848578812,0.0,152.0,,0.9,76.0,4.6e-05,,,2021-12-09 15:25:00
5463546.848664944,0.0,146.0,,0.9,76.0,4.5e-05,,,2021-12-09 15:30:00
5463547.8487510765,0.0,140.0,,0.9,77.0,4.6e-05,,,2021-12-09 15:35:00
5463548.848837209,0.0,134.0,,0.9,88.0,4.6e-05,,,2021-12-09 15:40:00
5463549.848923341,0.0,134.0,,0.9,90.0,4.5e-05,,,2021-12-09 15:45:00
5463550.849009475,0.0,137.0,,0.9,86.0,4.7e-05,,,2021-12-09 15:50:00
5463551.849095607,0.0,131.0,,0.9,81.0,5.3e-05,,,2021-12-09 15:55:00
5463552.84918174,0.0,129.0,,0.9,83.0,5.7e-05,,,2021-12-09 16:00:00
5463553.849267872,0.0,125.0,,0.9,88.0,5.7e-05,,,2021-12-09 16:05:00
5463554.849354005,0.0,122.0,,0.9,88.0,5.9e-05,,,2021-12-09 16:10:00
5463555.849440138,0.0,117.0,,0.9,83.0,5.8e-05,,,2021-12-09 16:15:00
5463556.84952627,0.0,112.0,,0.9,85.0,5.8e-05,,,2021-12-09 16:20:00
5463557.849612403,0.0,110.0,,0.9,83.0,5.5e-05,,,2021-12-09 16:25:00
5463558.849698535,0.0,109.0,,0.9,90.0,5.3e-05,,,2021-12-09 16:30:00
5463559.849784669,0.0,107.0,,0.9,86.0,5.1e-05,,,2021-12-09 16:35:00
5463560.849870801,0.0,107.0,,0.9,85.0,6.1e-05,,,2021-12-09 16:40:00
5463561.849956933,0.0,106.0,,0.9,86.0,5.5e-05,,,2021-12-09 16:45:00
5463562.850043066,0.0,102.0,,0.9,83.0,5.6e-05,,,2021-12-09 16:50:00
5463563.850129199,0.0,99.0,,0.9,82.0,5.5e-05,,,2021-12-09 16:55:00
5463564.850215332,0.0,98.0,,0.9,81.0,5.4e-05,,,2021-12-09 17:00:00
5463565.850301464,0.0,100.0,,0.9,81.0,5.1e-05,,,2021-12-09 17:05:00
5463566.8503875965,0.0,101.0,,0.9,88.0,5.3e-05,,,2021-12-09 17:10:00
5463567.850473729,0.0,103.0,,0.9,85.0,5.7e-05,,,2021-12-09 17:15:00
5463568.850559862,0.0,103.0,,0.9,98.0,5.7e-05,,,2021-12-09 17:20:00
5463569.850645995,0.0,106.0,,0.9,94.0,5.3e-05,,,2021-12-09 17:25:00
5463570.850732127,0.0,108.0,,0.9,92.0,5.3e-05,,,2021-12-09 17:30:00
5463571.85081826,0.0,109.0,,0.9,100.0,6.9e-05,,,2021-12-09 17:35:00
5463572.850904393,0.0,111.0,,0.9,91.0,0.377,,,2021-12-09 17:40:00
5463573.850990525,0.0,107.0,,0.9,91.0,0.158413,,,2021-12-09 17:45:00
5463574.851076658,0.0,107.0,,0.9,86.0,0.36024,,,2021-12-09 17:50:00
5463575.85116279,0.0,109.0,,0.9,88.0,0.064308,,,2021-12-09 17:55:00
5463576.851248923,0.0,110.0,,0.9,88.0,0.018764,,,2021-12-09 18:00:00
5463577.851335056,0.0,114.0,,0.9,87.0,0.010696,,,2021-12-09 18:05:00
5463578.851421189,0.0,117.0,,0.9,88.0,0.008149,,,2021-12-09 18:10:00
5463579.851507321,0.0,120.0,,0.9,85.0,0.013236,,,2021-12-09 18:15:00
5463580.851593453,0.0,124.0,,0.9,86.0,0.010386,,,2021-12-09 18:20:00
5463581.851679587,0.0,125.0,,0.9,89.0,0.02608,,,2021-12-09 18:25:00
5463582.851765719,0.0,128.0,,0.9,90.0,0.08036,,,2021-12-09 18:30:00
5463583.851851852,0.0,131.0,,0.9,91.0,0.093428,,,2021-12-09 18:35:00
5463584.851937984,0.0,136.0,,0.9,92.0,0.028224,,,2021-12-09 18:40:00
5463585.852024117,0.0,139.0,,0.9,94.0,0.022028,,,2021-12-09 18:45:00
5463586.85211025,0.0,138.0,,0.9,84.0,0.014684,,,2021-12-09 18:50:00
5463587.852196382,0.0,138.0,110.0,0.9,88.0,0.003804,,,2021-12-09 18:55:00
5463588.852282515,0.0,140.0,,0.9,93.0,0.004854,,,2021-12-09 19:00:00
5463589.852368647,0.0,140.0,,0.9,87.0,0.003632,,,2021-12-09 19:05:00
5463590.852454781,0.0,123.0,,0.9,84.0,0.018744,,,2021-12-09 19:10:00
5463591.852540913,0.0,124.0,,0.9,92.0,0.03164,,,2021-12-09 19:15:00
5463592.8526270455,0.0,126.0,,0.9,86.0,0.05564,,,2021-12-09 19:20:00
5463593.852713178,0.0,128.0,,0.9,81.0,0.02718,,,2021-12-09 19:25:00
5463594.85279931,0.0,127.0,125.0,0.9,84.0,0.00362,,8.8,2021-12-09 19:30:00
5463595.852885444,0.0,128.0,,0.9,87.0,0.001296,135.0,8.6,2021-12-09 19:35:00
5463596.852971576,0.0,130.0,,0.9,85.0,0.000423,,,2021-12-09 19:40:00
5463597.853057709,0.0,133.0,,0.9,92.0,0.000358,,,2021-12-09 19:45:00
5463598.853143841,0.0,136.0,,0.9,92.0,0.000536,,,2021-12-09 19:50:00
5463599.853229974,0.0,137.0,,0.9,87.0,0.000663,,,2021-12-09 19:55:00
5463600.853316107,0.0,138.0,,0.9,85.0,0.000525,,,2021-12-09 20:00:00
5463601.853402239,0.0,140.0,,0.9,81.0,0.000405,,,2021-12-09 20:05:00
5463602.853488372,0.0,142.0,,0.9,87.0,0.000199,,,2021-12-09 20:10:00
5463603.853574504,0.0,149.0,,0.9,103.0,0.000129,,,2021-12-09 20:15:00
5463604.8536606375,0.0,156.0,,0.9,90.0,0.000244,,,2021-12-09 20:20:00
5463605.85374677,0.0,156.0,,0.9,82.0,0.041994,,,2021-12-09 20:25:00
5463606.853832902,0.0,153.0,,0.9,82.0,0.07826,,,2021-12-09 20:30:00
5463607.853919035,0.0,150.0,,0.9,82.0,0.03322,,,2021-12-09 20:35:00
5463608.854005168,0.0,150.0,,0.9,83.0,0.02098,,,2021-12-09 20:40:00
5463609.854091301,0.0,152.0,,0.9,82.0,0.021458,,,2021-12-09 20:45:00
5463610.854177433,0.0,151.0,,0.9,82.0,0.014864,,,2021-12-09 20:50:00
5463611.8542635655,0.0,150.0,,0.9,82.0,0.010441,,,2021-12-09 20:55:00
5463612.854349698,0.0,149.0,,0.9,84.0,0.002281,,,2021-12-09 21:00:00
5463613.854435831,0.0,148.0,,0.9,83.0,0.004383,,,2021-12-09 21:05:00
5463614.854521964,0.0,149.0,,0.9,87.0,0.000124,,,2021-12-09 21:10:00
5463615.854608096,0.0,150.0,,0.9,82.0,0.000104,,,2021-12-09 21:15:00
5463616.854694229,0.0,152.0,,0.9,77.0,0.000105,,,2021-12-09 21:20:00
5463617.854780362,0.0,156.0,,0.9,75.0,7.3e-05,,,2021-12-09 21:25:00
5463618.854866494,0.0,157.0,,0.9,75.0,5.4e-05,,,2021-12-09 21:30:00
5463619.854952627,0.0,156.0,,0.9,76.0,5.2e-05,,,2021-12-09 21:35:00
5463620.855038759,0.0,158.0,,0.9,75.0,5.6e-05,,,2021-12-09 21:40:00
5463621.855124892,0.0,157.0,,0.9,75.0,6e-05,,,2021-12-09 21:45:00
5463622.855211025,0.0,156.0,,0.9,75.0,6.3e-05,,,2021-12-09 21:50:00
5463623.855297158,0.0,155.0,,0.9,74.0,6.4e-05,,,2021-12-09 21:55:00
5463624.85538329,0.0,154.0,,0.9,75.0,6.6e-05,,,2021-12-09 22:00:00
5463625.855469422,0.0,152.0,,0.9,74.0,6.8e-05,,,2021-12-09 22:05:00
5463626.855555556,0.0,151.0,,0.9,74.0,6.9e-05,,,2021-12-09 22:10:00
5463627.855641688,0.0,151.0,,0.9,74.0,7e-05,,,2021-12-09 22:15:00
5463628.855727821,0.0,152.0,,0.9,73.0,7.1e-05,,,2021-12-09 22:20:00
5463629.855813953,0.0,153.0,,0.9,88.0,7.2e-05,,,2021-12-09 22:25:00
5463630.8559000855,0.0,159.0,,0.9,86.0,6.3e-05,,,2021-12-09 22:30:00
5463631.855986219,0.0,172.0,,0.9,71.0,6.8e-05,,,2021-12-09 22:35:00
5463632.856072351,0.0,172.0,,0.9,68.0,8.5e-05,,,2021-12-09 22:40:00
5463633.856158484,0.0,170.0,,0.9,71.0,7.5e-05,,,2021-12-09 22:45:00
5463634.856244616,0.0,166.0,,0.9,72.0,6.2e-05,,,2021-12-09 22:50:00
5463635.85633075,0.0,160.0,,0.9,75.0,5.1e-05,,,2021-12-09 22:55:00
5463636.856416882,0.0,157.0,,0.9,75.0,5e-05,,,2021-12-09 23:00:00
5463637.856503014,0.0,155.0,,0.9,73.0,4.9e-05,,,2021-12-09 23:05:00
5463638.856589147,0.0,153.0,,0.9,73.0,4.9e-05,,,2021-12-09 23:10:00
5463639.856675279,0.0,157.0,,0.9,72.0,5e-05,,,2021-12-09 23:15:00
5463640.856761413,0.0,165.0,,0.9,73.0,5.2e-05,,,2021-12-09 23:20:00
5463641.856847545,0.0,173.0,,0.9,72.0,5.5e-05,,,2021-12-09 23:25:00
5463642.856933678,0.0,179.0,,0.9,71.0,5.9e-05,,,2021-12-09 23:30:00
5463643.85701981,0.0,183.0,,0.9,70.0,6.2e-05,,,2021-12-09 23:35:00
5463644.857105943,0.0,187.0,,0.9,71.0,6.5e-05,,,2021-12-09 23:40:00
5463645.857192076,0.0,189.0,,0.9,72.0,6.7e-05,,,2021-12-09 23:45:00
5463646.857278208,0.0,195.0,,0.9,72.0,6.9e-05,,,2021-12-09 23:50:00
5463647.857364341,0.0,198.0,,0.9,72.0,5.8e-05,,,2021-12-09 23:55:00
5463648.857450473,0.0,198.0,,0.9,71.0,5.1e-05,,,2021-12-10 00:00:00
5463649.8575366065,0.0,203.0,,0.9,72.0,6.3e-05,,,2021-12-10 00:05:00
5463650.857622739,0.0,206.0,,0.9,73.0,8.2e-05,,,2021-12-10 00:10:00
5463651.857708871,0.0,208.0,,0.9,72.0,8.7e-05,,,2021-12-10 00:15:00
5463652.857795004,0.0,210.0,,0.9,70.0,9.9e-05,,,2021-12-10 00:20:00
5463653.857881137,0.0,212.0,,0.9,69.0,0.000105,,,2021-12-10 00:25:00
5463654.85796727,0.0,213.0,,0.9,68.0,0.000112,,,2021-12-10 00:30:00
5463655.858053402,0.0,213.0,,0.9,74.0,0.00011,,,2021-12-10 00:35:00
5463656.8581395345,0.0,214.0,,0.9,75.0,0.000115,,,2021-12-10 00:40:00
5463657.858225667,0.0,216.0,,0.9,74.0,0.000118,,,2021-12-10 00:45:00
5463658.8583118,0.0,222.0,,0.9,76.0,6.2e-05,,,2021-12-10 00:50:00
5463659.858397933,0.0,220.0,,0.9,74.0,4.7e-05,,,2021-12-10 00:55:00
5463660.858484065,0.0,220.0,,0.9,75.0,5.2e-05,,,2021-12-10 01:00:00
5463661.858570198,0.0,217.0,,0.9,72.0,5.3e-05,,,2021-12-10 01:05:00
5463662.858656331,0.0,216.0,,0.9,73.0,5.2e-05,,,2021-12-10 01:10:00
5463663.858742463,0.0,218.0,,0.9,73.0,5.2e-05,,,2021-12-10 01:15:00
5463664.858828596,0.0,221.0,,0.9,74.0,5.1e-05,,,2021-12-10 01:20:00
5463665.858914728,0.0,221.0,,0.9,73.0,4.9e-05,,,2021-12-10 01:25:00
5463666.859000861,0.0,227.0,,0.9,73.0,5.3e-05,,,2021-12-10 01:30:00
5463667.859086994,0.0,236.0,,0.9,69.0,5.4e-05,,,2021-12-10 01:35:00
5463668.8591731265,0.0,237.0,,0.9,68.0,4.8e-05,,,2021-12-10 01:40:00
5463669.859259259,0.0,235.0,,0.9,68.0,4.9e-05,,,2021-12-10 01:45:00
5463670.859345391,0.0,235.0,,0.9,68.0,5e-05,,,2021-12-10 01:50:00
5463671.859431525,0.0,236.0,,0.9,69.0,5.2e-05,,,2021-12-10 01:55:00
5463672.859517657,0.0,238.0,,0.9,68.0,5.5e-05,,,2021-12-10 02:00:00
5463673.85960379,0.0,242.0,,0.9,65.0,0.00011,,,2021-12-10 02:05:00
5463674.859689922,0.0,243.0,,0.9,65.0,9.9e-05,,,2021-12-10 02:10:00
5463675.8597760545,0.0,245.0,,0.9,66.0,9.9e-05,,,2021-12-10 02:15:00
5463676.859862188,0.0,245.0,,0.9,64.0,8e-05,,,2021-12-10 02:20:00
5463677.85994832,0.0,239.0,,0.9,66.0,4.8e-05,,,2021-12-10 02:25:00
5463678.860034453,0.0,235.0,,0.9,66.0,4.7e-05,,,2021-12-10 02:30:00
5463679.860120585,0.0,238.0,,0.9,66.0,4.6e-05,,,2021-12-10 02:35:00
5463680.860206719,0.0,246.0,,0.9,66.0,4.6e-05,,,2021-12-10 02:40:00
5463681.860292851,0.0,250.0,,0.9,67.0,4.7e-05,,,2021-12-10 02:45:00
5463682.860378983,0.0,254.0,,0.9,63.0,4.9e-05,,,2021-12-10 02:50:00
5463683.860465116,0.0,260.0,,0.9,63.0,4.7e-05,,,2021-12-10 02:55:00
5463684.860551248,0.0,262.0,,0.9,63.0,4.8e-05,,,2021-12-10 03:00:00
5463685.860637382,0.0,264.0,,0.9,60.0,4.9e-05,,,2021-12-10 03:05:00
5463686.860723514,0.0,267.0,,0.9,61.0,5.1e-05,,,2021-12-10 03:10:00
5463687.860809647,0.0,267.0,,0.9,62.0,5.2e-05,,,2021-12-10 03:15:00
5463688.860895779,0.0,265.0,,0.9,61.0,5.2e-05,,,2021-12-10 03:20:00
5463689.860981912,0.0,259.0,,0.9,61.0,5.3e-05,,,2021-12-10 03:25:00
5463690.861068045,0.0,256.0,,0.9,62.0,5.4e-05,,,2021-12-10 03:30:00
5463691.861154177,0.0,257.0,,0.9,62.0,5.4e-05,,,2021-12-10 03:35:00
5463692.86124031,0.0,256.0,,0.9,64.0,5.4e-05,,,2021-12-10 03:40:00
5463693.861326442,0.0,259.0,,0.9,62.0,5.3e-05,,,2021-12-10 03:45:00
5463694.8614125755,0.0,267.0,,0.9,63.0,5.6e-05,,,2021-12-10 03:50:00
5463695.861498708,0.0,263.0,,0.9,69.0,5.7e-05,,,2021-12-10 03:55:00
5463696.86158484,0.0,262.0,,0.9,65.0,5.6e-05,,,2021-12-10 04:00:00
5463697.861670973,0.0,259.0,,0.9,66.0,4.8e-05,,,2021-12-10 04:05:00
5463698.861757106,0.0,258.0,,0.9,67.0,4.8e-05,,,2021-12-10 04:10:00
5463699.861843239,0.0,258.0,,0.9,63.0,4.8e-05,,,2021-12-10 04:15:00
5463700.861929371,0.0,259.0,,0.9,66.0,4.6e-05,,,2021-12-10 04:20:00
5463701.862015503,0.0,254.0,,0.9,65.0,4.7e-05,,,2021-12-10 04:25:00
5463702.862101636,0.0,248.0,,0.9,64.0,4.6e-05,,,2021-12-10 04:30:00
5463703.862187769,0.0,248.0,,0.9,62.0,4.7e-05,,,2021-12-10 04:35:00
5463704.862273902,0.0,247.0,,0.9,62.0,4.7e-05,,,2021-12-10 04:40:00
5463705.862360034,0.0,246.0,,0.9,61.0,4.6e-05,,,2021-12-10 04:45:00
5463706.862446167,0.0,245.0,,0.9,71.0,4.6e-05,,,2021-12-10 04:50:00
5463707.8625323,0.0,247.0,,0.9,74.0,4.8e-05,,,2021-12-10 04:55:00
5463708.862618432,0.0,254.0,,0.9,89.0,4.9e-05,,,2021-12-10 05:00:00
5463709.862704565,0.0,263.0,282.0,0.9,86.0,4.9e-05,,3.0,2021-12-10 05:05:00
5463710.862790697,0.0,270.0,,0.9,81.0,4.9e-05,,,2021-12-10 05:10:00
5463711.86287683,0.0,274.0,,0.9,75.0,5.1e-05,,,2021-12-10 05:15:00
5463712.862962963,0.0,280.0,,0.9,73.0,6.1e-05,,,2021-12-10 05:20:00
5463713.8630490955,0.0,281.0,,0.9,72.0,6.7e-05,,,2021-12-10 05:25:00
5463714.863135228,0.0,282.0,,0.9,94.0,6.4e-05,,,2021-12-10 05:30:00
5463715.86322136,0.0,281.0,,0.9,82.0,7.3e-05,,,2021-12-10 05:35:00
5463716.863307494,0.0,279.0,,0.9,79.0,7.4e-05,,,2021-12-10 05:40:00
5463717.863393626,0.0,278.0,,0.9,83.0,7.6e-05,,,2021-12-10 05:45:00
5463718.863479759,0.0,277.0,,0.9,80.0,8e-05,,,2021-12-10 05:50:00
5463719.863565891,0.0,280.0,,0.9,84.0,9e-05,,,2021-12-10 05:55:00
5463720.8636520235,0.0,281.0,281.0,0.9,82.0,5.4e-05,135.0,9.4,2021-12-10 06:00:00
5463721.863738157,0.0,287.0,,0.9,83.0,5.1e-05,,10.9,2021-12-10 06:05:00
5463722.863824289,0.0,287.0,,0.9,83.0,5.1e-05,,,2021-12-10 06:10:00
5463723.863910422,0.0,278.0,,0.9,82.0,5.2e-05,,,2021-12-10 06:15:00
5463724.863996554,0.0,272.0,,0.9,81.0,5.3e-05,,,2021-12-10 06:20:00
5463725.864082688,0.0,270.0,,0.9,77.0,5.3e-05,,,2021-12-10 06:25:00
5463726.86416882,0.0,267.0,,0.9,76.0,5.4e-05,,,2021-12-10 06:30:00
5463727.864254952,0.0,266.0,,0.9,73.0,5.4e-05,,,2021-12-10 06:35:00
5463728.864341085,0.0,264.0,,0.9,76.0,5.4e-05,,,2021-12-10 06:40:00
5463729.864427217,0.0,269.0,,0.9,87.0,5.6e-05,,,2021-12-10 06:45:00
5463730.864513351,0.0,275.0,,0.9,92.0,5.2e-05,,,2021-12-10 06:50:00
5463731.864599483,0.0,283.0,,0.9,87.0,5.3e-05,,,2021-12-10 06:55:00
5463732.8646856155,0.0,285.0,,0.9,86.0,5.4e-05,,,2021-12-10 07:00:00
5463733.864771748,0.0,286.0,,0.9,86.0,4.9e-05,,,2021-12-10 07:05:00
5463734.864857881,0.0,285.0,,0.9,89.0,4.8e-05,,,2021-12-10 07:10:00
5463735.864944014,0.0,286.0,,0.9,79.0,4.8e-05,,,2021-12-10 07:15:00
5463736.865030146,0.0,288.0,,0.9,73.0,4.6e-05,,,2021-12-10 07:20:00
5463737.865116279,0.0,289.0,,0.9,72.0,4.8e-05,,,2021-12-10 07:25:00
5463738.865202411,0.0,296.0,,0.9,73.0,5e-05,,,2021-12-10 07:30:00
5463739.865288544,0.0,305.0,,0.9,75.0,4.9e-05,,,2021-12-10 07:35:00
5463740.865374677,0.0,310.0,,0.9,73.0,4.7e-05,,,2021-12-10 07:40:00
5463741.865460809,0.0,309.0,,0.9,73.0,4.6e-05,,,2021-12-10 07:45:00
5463742.865546942,0.0,307.0,,0.9,75.0,4.7e-05,,,2021-12-10 07:50:00
5463743.865633075,0.0,311.0,,0.9,75.0,5e-05,,,2021-12-10 07:55:00
5463744.865719208,0.0,312.0,,0.9,73.0,5e-05,,,2021-12-10 08:00:00
5463745.86580534,0.0,305.0,305.0,0.9,75.0,5e-05,,,2021-12-10 08:05:00
5463746.865891472,0.0,300.0,,0.9,67.0,4.9e-05,,,2021-12-10 08:10:00
5463747.865977605,0.0,296.0,,0.9,77.0,4.6e-05,,,2021-12-10 08:15:00
5463748.866063738,0.0,291.0,,0.9,89.0,4.8e-05,,,2021-12-10 08:20:00
5463749.866149871,0.0,288.0,,0.9,72.0,4.6e-05,,,2021-12-10 08:25:00
5463750.866236003,0.0,282.0,,0.9,78.0,4.8e-05,,,2021-12-10 08:30:00
5463751.866322136,0.0,274.0,,0.9,75.0,4.9e-05,,,2021-12-10 08:35:00
5463752.866408269,0.0,267.0,,0.9,75.0,4.9e-05,,,2021-12-10 08:40:00
5463753.866494401,0.0,261.0,,0.9,76.0,4.9e-05,,,2021-12-10 08:45:00
5463754.866580534,0.0,255.0,,0.9,72.0,4.6e-05,,,2021-12-10 08:50:00
5463755.866666666,0.0,250.0,,0.9,67.0,4.6e-05,,,2021-12-10 08:55:00
5463756.866752799,0.0,246.0,,0.9,71.0,4.6e-05,,,2021-12-10 09:00:00
5463757.866838932,0.0,238.0,,0.9,74.0,4.7e-05,,,2021-12-10 09:05:00
5463758.8669250645,0.0,231.0,,0.9,128.0,4.7e-05,,,2021-12-10 09:10:00
5463759.867011197,0.0,227.0,,0.9,81.0,4.9e-05,,,2021-12-10 09:15:00
5463760.867097329,0.0,220.0,,0.9,76.0,5.2e-05,,,2021-12-10 09:20:00
5463761.867183463,0.0,208.0,,0.9,72.0,4.6e-05,,,2021-12-10 09:25:00
5463762.867269595,0.0,201.0,,0.9,76.0,4.8e-05,,,2021-12-10 09:30:00
5463763.867355728,0.0,199.0,,0.9,78.0,4.6e-05,,,2021-12-10 09:35:00
5463764.86744186,0.0,201.0,,0.9,82.0,4.6e-05,,,2021-12-10 09:40:00
5463765.867527992,0.0,199.0,,0.9,74.0,4.6e-05,,,2021-12-10 09:45:00
5463766.867614126,0.0,196.0,,0.9,90.0,4.5e-05,,,2021-12-10 09:50:00
5463767.867700258,0.0,190.0,,0.9,76.0,4.4e-05,,,2021-12-10 09:55:00
5463768.867786391,0.0,187.0,,0.9,72.0,4.5e-05,,,2021-12-10 10:00:00
5463769.867872523,0.0,182.0,,0.9,72.0,4.6e-05,,,2021-12-10 10:05:00
5463770.8679586565,0.0,174.0,,0.9,77.0,4.7e-05,,,2021-12-10 10:10:00
5463771.868044789,0.0,169.0,,0.9,84.0,4.5e-05,,,2021-12-10 10:15:00
5463772.868130921,0.0,162.0,,0.9,85.0,4.5e-05,,,2021-12-10 10:20:00
5463773.868217054,0.0,154.0,,0.9,81.0,4.6e-05,,,2021-12-10 10:25:00
5463774.868303186,0.0,147.0,,0.9,81.0,4.5e-05,,,2021-12-10 10:30:00
5463775.86838932,0.0,138.0,,0.9,80.0,4.5e-05,,,2021-12-10 10:35:00
5463776.868475452,0.0,133.0,,0.9,72.0,4.5e-05,,,2021-12-10 10:40:00
5463777.8685615845,0.0,132.0,,0.9,73.0,4.5e-05,,,2021-12-10 10:45:00
5463778.868647717,0.0,129.0,,0.9,76.0,4.4e-05,,,2021-12-10 10:50:00
5463779.86873385,0.0,125.0,,0.9,74.0,4.5e-05,,,2021-12-10 10:55:00
5463780.868819983,0.0,123.0,,0.9,77.0,4.6e-05,,,2021-12-10 11:00:00
5463781.868906115,0.0,123.0,,0.9,79.0,4.5e-05,,,2021-12-10 11:05:00
5463782.868992248,0.0,123.0,,0.9,78.0,4.4e-05,,,2021-12-10 11:10:00
5463783.86907838,0.0,122.0,,0.9,79.0,4.5e-05,,,2021-12-10 11:15:00
5463784.869164513,0.0,121.0,,0.9,76.0,4.5e-05,,,2021-12-10 11:20:00
5463785.869250646,0.0,121.0,,0.9,83.0,4.5e-05,,,2021-12-10 11:25:00
5463786.869336778,0.0,120.0,,0.9,79.0,4.5e-05,,,2021-12-10 11:30:00
5463787.869422911,0.0,116.0,,0.9,79.0,4.5e-05,,,2021-12-10 11:35:00
5463788.869509044,0.0,113.0,,0.9,78.0,4.5e-05,,,2021-12-10 11:40:00
5463789.869595177,0.0,113.0,,0.9,79.0,4.5e-05,,,2021-12-10 11:45:00
5463790.869681309,0.0,110.0,,0.9,82.0,4.5e-05,,,2021-12-10 11:50:00
5463791.869767441,0.0,111.0,,0.9,79.0,4.5e-05,,,2021-12-10 11:55:00
5463792.869853575,0.0,110.0,,0.9,79.0,4.4e-05,,,2021-12-10 12:00:00
5463793.869939707,0.0,110.0,,0.9,76.0,4.4e-05,,,2021-12-10 12:05:00
5463794.87002584,0.0,108.0,,0.9,75.0,4.4e-05,,,2021-12-10 12:10:00
5463795.870111972,0.0,105.0,,0.9,82.0,4.5e-05,,,2021-12-10 12:15:00
5463796.8701981045,0.0,103.0,,0.9,88.0,4.4e-05,,,2021-12-10 12:20:00
5463797.870284238,0.0,105.0,,0.9,72.0,4.4e-05,,,2021-12-10 12:25:00
5463798.87037037,0.0,103.0,,0.9,75.0,4.5e-05,,,2021-12-10 12:30:00
5463799.870456503,0.0,101.0,,0.9,74.0,4.5e-05,,,2021-12-10 12:35:00
5463800.870542635,0.0,101.0,,0.9,74.0,4.5e-05,,,2021-12-10 12:40:00
5463801.870628769,0.0,101.0,,0.9,76.0,4.4e-05,,,2021-12-10 12:45:00
5463802.870714901,0.0,101.0,,0.9,77.0,4.4e-05,,,2021-12-10 12:50:00
5463803.870801033,0.0,101.0,,0.9,88.0,4.4e-05,,,2021-12-10 12:55:00
5463804.870887166,0.0,101.0,,0.9,80.0,4.4e-05,,,2021-12-10 13:00:00
5463805.870973298,0.0,104.0,,0.9,79.0,4.5e-05,,,2021-12-10 13:05:00
5463806.871059432,0.0,105.0,,0.9,84.0,4.7e-05,,,2021-12-10 13:10:00
5463807.871145564,0.0,106.0,,0.9,83.0,5e-05,,,2021-12-10 13:15:00
5463808.871231697,0.0,102.0,102.0,0.9,82.0,5.2e-05,135.0,8.1,2021-12-10 13:20:00
5463809.871317829,0.0,101.0,,0.9,84.0,4.8e-05,,8.1,2021-12-10 13:25:00
5463810.871403962,0.0,104.0,,0.9,81.0,5.3e-05,,,2021-12-10 13:30:00
5463811.871490095,0.0,103.0,,0.9,83.0,5.4e-05,,,2021-12-10 13:35:00
5463812.871576227,0.0,103.0,,0.9,89.0,4.7e-05,,,2021-12-10 13:40:00
5463813.87166236,0.0,102.0,,0.9,89.0,4.9e-05,,,2021-12-10 13:45:00
5463814.871748492,0.0,99.0,,0.9,84.0,5.4e-05,,,2021-12-10 13:50:00
5463815.8718346255,0.0,110.0,,0.9,87.0,5e-05,,,2021-12-10 13:55:00
5463816.871920758,0.0,116.0,,0.9,85.0,5.3e-05,,,2021-12-10 14:00:00
5463817.87200689,0.0,128.0,,0.9,85.0,5.5e-05,,,2021-12-10 14:05:00
5463818.872093023,0.0,140.0,,0.9,88.0,4.8e-05,,,2021-12-10 14:10:00
5463819.872179156,0.0,149.0,,0.9,87.0,4.9e-05,,,2021-12-10 14:15:00
5463820.872265289,0.0,158.0,,0.9,85.0,4.9e-05,,,2021-12-10 14:20:00
5463821.872351421,0.0,165.0,,0.9,85.0,5.2e-05,,,2021-12-10 14:25:00
5463822.8724375535,0.0,171.0,,0.9,85.0,5.1e-05,,,2021-12-10 14:30:00
5463823.872523686,0.0,177.0,,0.9,82.0,5.1e-05,,,2021-12-10 14:35:00
5463824.872609819,0.0,182.0,,0.9,92.0,4.9e-05,,,2021-12-10 14:40:00
5463825.872695952,0.0,189.0,,0.9,89.0,5.1e-05,,,2021-12-10 14:45:00
5463826.872782084,0.0,190.0,,0.9,92.0,4.9e-05,,,2021-12-10 14:50:00
5463827.872868217,0.0,189.0,,0.9,89.0,4.8e-05,,,2021-12-10 14:55:00
5463828.87295435,0.0,184.0,,0.9,109.0,4.7e-05,,,2021-12-10 15:00:00
5463829.873040482,0.0,182.0,,0.9,97.0,5.1e-05,,,2021-12-10 15:05:00
5463830.873126615,0.0,180.0,,0.9,91.0,9.7e-05,,,2021-12-10 15:10:00
5463831.873212747,0.0,173.0,,0.9,92.0,0.000163,,,2021-12-10 15:15:00
5463832.87329888,0.0,165.0,,0.9,100.0,0.000231,,,2021-12-10 15:20:00
5463833.873385013,0.0,162.0,,0.9,108.0,0.249897,,,2021-12-10 15:25:00
5463834.8734711455,0.0,165.0,,0.9,110.0,6.612,,,2021-12-10 15:30:00
5463835.873557278,0.0,163.0,,0.9,97.0,10.28,,,2021-12-10 15:35:00
5463836.87364341,0.0,156.0,,0.9,98.0,3.908,,,2021-12-10 15:40:00
5463837.873729544,0.0,154.0,,0.9,97.0,1.4423,,,2021-12-10 15:45:00
5463838.873815676,0.0,156.0,,0.9,124.0,2.058,,,2021-12-10 15:50:00
5463839.873901809,0.0,162.0,,0.9,123.0,5.854,,,2021-12-10 15:55:00
5463840.873987941,0.0,162.0,,0.9,109.0,6.878,,,2021-12-10 16:00:00
5463841.8740740735,0.0,159.0,,0.9,95.0,10.74,,,2021-12-10 16:05:00
5463842.874160207,0.0,156.0,,0.9,93.0,4.430104,,,2021-12-10 16:10:00
5463843.874246339,0.0,154.0,,0.9,93.0,6.2e-05,,,2021-12-10 16:15:00
5463844.874332472,0.0,154.0,,0.9,93.0,5.8e-05,,,2021-12-10 16:20:00
5463845.874418604,0.0,156.0,,0.9,92.0,5.6e-05,,,2021-12-10 16:25:00
5463846.874504738,0.0,160.0,,0.9,90.0,6e-05,,,2021-12-10 16:30:00
5463847.87459087,0.0,161.0,,0.9,88.0,0.001141,,,2021-12-10 16:35:00
5463848.874677002,0.0,162.0,,0.9,88.0,0.001967,,,2021-12-10 16:40:00
5463849.874763135,0.0,161.0,,0.9,89.0,0.000103,,,2021-12-10 16:45:00
5463850.874849267,0.0,158.0,,0.9,89.0,5.9e-05,,,2021-12-10 16:50:00
5463851.874935401,0.0,160.0,,0.9,87.0,6.9e-05,,,2021-12-10 16:55:00
5463852.875021533,0.0,162.0,,0.9,88.0,5.7e-05,,,2021-12-10 17:00:00
5463853.875107666,0.0,158.0,,0.9,89.0,5.6e-05,,,2021-12-10 17:05:00
5463854.875193798,0.0,154.0,,0.9,85.0,5.4e-05,,,2021-12-10 17:10:00
5463855.875279931,0.0,154.0,,0.9,84.0,5.6e-05,,,2021-12-10 17:15:00
5463856.875366064,0.0,154.0,,0.9,81.0,5.7e-05,,,2021-12-10 17:20:00
5463857.875452196,0.0,153.0,,0.9,83.0,6.3e-05,,,2021-12-10 17:25:00
5463858.875538329,0.0,152.0,,0.9,84.0,6.6e-05,,,2021-12-10 17:30:00
5463859.875624461,0.0,150.0,,0.9,83.0,6.9e-05,,,2021-12-10 17:35:00
5463860.8757105945,0.0,150.0,,0.9,80.0,5.5e-05,,,2021-12-10 17:40:00
5463861.875796727,0.0,149.0,,0.9,81.0,5.6e-05,,,2021-12-10 17:45:00
5463862.875882859,0.0,148.0,,0.9,82.0,5.4e-05,,,2021-12-10 17:50:00
5463863.875968992,0.0,145.0,,0.9,82.0,5.2e-05,,,2021-12-10 17:55:00
5463864.876055125,0.0,145.0,,0.9,84.0,5.2e-05,,,2021-12-10 18:00:00
5463865.876141258,0.0,145.0,,0.9,82.0,5.1e-05,,,2021-12-10 18:05:00
5463866.87622739,0.0,145.0,,0.9,82.0,5.2e-05,,,2021-12-10 18:10:00
5463867.876313522,0.0,145.0,,0.9,82.0,5.1e-05,,,2021-12-10 18:15:00
5463868.876399655,0.0,144.0,,0.9,83.0,5e-05,,,2021-12-10 18:20:00
5463869.876485788,0.0,144.0,,0.9,80.0,5.2e-05,,,2021-12-10 18:25:00
5463870.876571921,0.0,146.0,,0.9,80.0,7.2e-05,,,2021-12-10 18:30:00
5463871.876658053,0.0,144.0,,0.9,80.0,9.4e-05,,,2021-12-10 18:35:00
5463872.876744186,0.0,143.0,,0.9,80.0,9e-05,,,2021-12-10 18:40:00
5463873.876830319,0.0,143.0,,0.9,79.0,9.3e-05,,,2021-12-10 18:45:00
5463874.876916451,0.0,142.0,,0.9,79.0,0.000109,,,2021-12-10 18:50:00
5463875.877002584,0.0,141.0,,0.9,79.0,0.000117,,,2021-12-10 18:55:00
5463876.877088716,0.0,141.0,,0.9,89.0,0.000107,,,2021-12-10 19:00:00
5463877.877174849,0.0,149.0,,0.9,90.0,9.5e-05,,,2021-12-10 19:05:00
5463878.877260982,0.0,159.0,,0.9,91.0,8.2e-05,,,2021-12-10 19:10:00
5463879.8773471145,0.0,161.0,,0.9,87.0,4.9e-05,,,2021-12-10 19:15:00
5463880.877433247,0.0,158.0,,0.9,90.0,4.7e-05,,,2021-12-10 19:20:00
5463881.877519379,0.0,157.0,,0.9,90.0,0.000125,,,2021-12-10 19:25:00
5463882.877605513,0.0,157.0,,0.9,95.0,0.000434,,,2021-12-10 19:30:00
5463883.877691645,0.0,157.0,,0.9,91.0,0.000459,,,2021-12-10 19:35:00
5463884.877777778,0.0,154.0,,0.9,83.0,0.00108,,,2021-12-10 19:40:00
5463885.87786391,0.0,152.0,,0.9,89.0,0.006106,,,2021-12-10 19:45:00
5463886.8779500425,0.0,152.0,148.0,0.9,87.0,0.11548,80.0,5.7,2021-12-10 19:50:00
5463887.878036176,0.0,157.0,,0.9,85.0,0.344922,,5.0,2021-12-10 19:55:00
5463888.878122308,0.0,158.0,,0.9,86.0,0.043546,,,2021-12-10 20:00:00
5463889.878208441,0.0,151.0,,0.9,86.0,0.001203,,,2021-12-10 20:05:00
5463890.878294573,0.0,150.0,,0.9,87.0,0.000539,,,2021-12-10 20:10:00
5463891.8783807065,0.0,151.0,,0.9,86.0,0.000408,,,2021-12-10 20:15:00
5463892.878466839,0.0,151.0,,0.9,87.0,0.000198,,,2021-12-10 20:20:00
5463893.878552971,0.0,148.0,,0.9,87.0,0.000169,,,2021-12-10 20:25:00
5463894.878639104,0.0,147.0,,0.9,83.0,0.000131,,,2021-12-10 20:30:00
5463895.878725236,0.0,151.0,,0.9,84.0,9.3e-05,,,2021-12-10 20:35:00
5463896.87881137,0.0,154.0,,0.9,83.0,5e-05,,,2021-12-10 20:40:00
5463897.878897502,0.0,154.0,,0.9,84.0,5.1e-05,,,2021-12-10 20:45:00
5463898.8789836345,0.0,153.0,,0.9,84.0,5e-05,,,2021-12-10 20:50:00
5463899.879069767,0.0,152.0,,0.9,84.0,5e-05,,,2021-12-10 20:55:00
5463900.8791559,0.0,151.0,,0.9,84.0,5e-05,,,2021-12-10 21:00:00
5463901.879242033,0.0,151.0,,0.9,82.0,5e-05,,,2021-12-10 21:05:00
5463902.879328165,0.0,149.0,,0.9,80.0,5.8e-05,,,2021-12-10 21:10:00
5463903.879414298,0.0,148.0,,0.9,81.0,6.1e-05,,,2021-12-10 21:15:00
5463904.87950043,0.0,142.0,,0.9,81.0,6.3e-05,,,2021-12-10 21:20:00
5463905.879586563,0.0,138.0,,0.9,81.0,7.3e-05,,,2021-12-10 21:25:00
5463906.879672696,0.0,137.0,,0.9,80.0,8e-05,,,2021-12-10 21:30:00
5463907.879758828,0.0,137.0,,0.9,81.0,8e-05,,,2021-12-10 21:35:00
5463908.879844961,0.0,137.0,,0.9,81.0,8.5e-05,,,2021-12-10 21:40:00
5463909.879931094,0.0,139.0,,0.9,81.0,8.5e-05,,,2021-12-10 21:45:00
5463910.880017227,0.0,139.0,,0.9,81.0,9.5e-05,,,2021-12-10 21:50:00
5463911.880103359,0.0,138.0,,0.9,81.0,9.7e-05,,,2021-12-10 21:55:00
5463912.880189491,0.0,134.0,,0.9,81.0,6.6e-05,,,2021-12-10 22:00:00
5463913.880275624,0.0,135.0,,0.9,86.0,7.6e-05,,,2021-12-10 22:05:00
5463914.880361757,0.0,136.0,,0.9,93.0,7e-05,,,2021-12-10 22:10:00
5463915.88044789,0.0,136.0,,0.9,80.0,6.8e-05,,,2021-12-10 22:15:00
5463916.880534022,0.0,133.0,,0.9,79.0,5.1e-05,,,2021-12-10 22:20:00
5463917.880620155,0.0,131.0,,0.9,79.0,4.8e-05,,,2021-12-10 22:25:00
5463918.880706288,0.0,133.0,,0.9,78.0,5.2e-05,,,2021-12-10 22:30:00
5463919.88079242,0.0,138.0,,0.9,77.0,5.3e-05,,,2021-12-10 22:35:00
5463920.880878553,0.0,136.0,,0.9,76.0,5.3e-05,,,2021-12-10 22:40:00
5463921.880964685,0.0,134.0,,0.9,75.0,5.5e-05,,,2021-12-10 22:45:00
5463922.881050818,0.0,140.0,,0.9,74.0,4.9e-05,,,2021-12-10 22:50:00
5463923.881136951,0.0,144.0,,0.9,75.0,4.9e-05,,,2021-12-10 22:55:00
5463924.8812230835,0.0,144.0,,0.9,76.0,4.9e-05,,,2021-12-10 23:00:00
5463925.881309216,0.0,145.0,,0.9,75.0,4.9e-05,,,2021-12-10 23:05:00
5463926.881395348,0.0,147.0,,0.9,74.0,4.9e-05,,,2021-12-10 23:10:00
5463927.881481482,0.0,149.0,,0.9,74.0,4.8e-05,,,2021-12-10 23:15:00
5463928.881567614,0.0,151.0,,0.9,74.0,4.8e-05,,,2021-12-10 23:20:00
5463929.881653747,0.0,153.0,,0.9,77.0,4.9e-05,,,2021-12-10 23:25:00
5463930.881739879,0.0,156.0,,0.9,73.0,5e-05,,,2021-12-10 23:30:00
5463931.881826011,0.0,152.0,,0.9,72.0,5.2e-05,,,2021-12-10 23:35:00
5463932.881912145,0.0,146.0,,0.9,74.0,5.5e-05,,,2021-12-10 23:40:00
5463933.881998277,0.0,149.0,,0.9,78.0,5.7e-05,,,2021-12-10 23:45:00
5463934.88208441,0.0,151.0,,0.9,78.0,6e-05,,,2021-12-10 23:50:00
5463935.882170542,0.0,155.0,,0.9,77.0,4.8e-05,,,2021-12-10 23:55:00
5463936.8822566755,0.0,159.0,,0.9,79.0,4.8e-05,,,2021-12-11 00:00:00
5463937.882342808,0.0,162.0,,0.9,79.0,4.7e-05,,,2021-12-11 00:05:00
5463938.88242894,0.0,165.0,,0.9,77.0,4.7e-05,,,2021-12-11 00:10:00
5463939.882515073,0.0,168.0,,0.9,76.0,4.7e-05,,,2021-12-11 00:15:00
5463940.882601205,0.0,171.0,,0.9,78.0,4.7e-05,,,2021-12-11 00:20:00
5463941.882687339,0.0,176.0,,0.9,76.0,4.8e-05,,,2021-12-11 00:25:00
5463942.882773471,0.0,188.0,,0.9,71.0,4.7e-05,,,2021-12-11 00:30:00
5463943.8828596035,0.0,190.0,,0.9,71.0,4.7e-05,,,2021-12-11 00:35:00
5463944.882945736,0.0,190.0,,0.9,71.0,4.8e-05,,,2021-12-11 00:40:00
5463945.883031869,0.0,195.0,,0.9,71.0,5.3e-05,,,2021-12-11 00:45:00
5463946.883118002,0.0,201.0,,0.9,71.0,6.3e-05,,,2021-12-11 00:50:00
5463947.883204134,0.0,204.0,,0.9,72.0,7.7e-05,,,2021-12-11 00:55:00
5463948.883290267,0.0,208.0,,0.9,73.0,9e-05,,,2021-12-11 01:00:00
5463949.883376399,0.0,211.0,,0.9,74.0,0.000101,,,2021-12-11 01:05:00
5463950.883462532,0.0,213.0,,0.9,75.0,9.3e-05,,,2021-12-11 01:10:00
5463951.883548665,0.0,214.0,,0.9,73.0,6.3e-05,,,2021-12-11 01:15:00
5463952.883634797,0.0,217.0,,0.9,73.0,5.8e-05,,,2021-12-11 01:20:00
5463953.88372093,0.0,222.0,,0.9,73.0,5.7e-05,,,2021-12-11 01:25:00
5463954.883807063,0.0,233.0,,0.9,76.0,5.8e-05,,,2021-12-11 01:30:00
5463955.883893196,0.0,238.0,,0.9,78.0,5.8e-05,,,2021-12-11 01:35:00
5463956.883979328,0.0,241.0,,0.9,78.0,5.9e-05,,,2021-12-11 01:40:00
5463957.88406546,0.0,238.0,,0.9,79.0,6.3e-05,,,2021-12-11 01:45:00
5463958.884151593,0.0,236.0,,0.9,80.0,6.6e-05,,,2021-12-11 01:50:00
5463959.884237726,0.0,237.0,,0.9,79.0,5.9e-05,,,2021-12-11 01:55:00
5463960.884323859,0.0,236.0,,0.9,76.0,5.7e-05,,,2021-12-11 02:00:00
5463961.884409991,0.0,230.0,,0.9,76.0,6.3e-05,,,2021-12-11 02:05:00
5463962.8844961235,0.0,231.0,,0.9,78.0,6.9e-05,,,2021-12-11 02:10:00
5463963.884582257,0.0,233.0,,0.9,78.0,7.2e-05,,,2021-12-11 02:15:00
5463964.884668389,0.0,237.0,,0.9,76.0,5.4e-05,,,2021-12-11 02:20:00
5463965.884754522,0.0,242.0,,0.9,75.0,4.9e-05,,,2021-12-11 02:25:00
5463966.884840654,0.0,244.0,,0.9,77.0,4.6e-05,,,2021-12-11 02:30:00
5463967.884926787,0.0,245.0,,0.9,77.0,4.6e-05,,,2021-12-11 02:35:00
5463968.88501292,0.0,247.0,,0.9,77.0,4.6e-05,,,2021-12-11 02:40:00
5463969.885099052,0.0,249.0,,0.9,78.0,4.6e-05,,,2021-12-11 02:45:00
5463970.885185185,0.0,251.0,,0.9,78.0,4.6e-05,,,2021-12-11 02:50:00
5463971.885271317,0.0,257.0,,0.9,75.0,4.7e-05,,,2021-12-11 02:55:00
5463972.885357451,0.0,264.0,,0.9,78.0,4.7e-05,,,2021-12-11 03:00:00
5463973.885443583,0.0,269.0,,0.9,77.0,4.6e-05,,,2021-12-11 03:05:00
5463974.885529716,0.0,273.0,,0.9,78.0,4.6e-05,,,2021-12-11 03:10:00
5463975.885615848,0.0,274.0,,0.9,77.0,4.6e-05,,,2021-12-11 03:15:00
5463976.88570198,0.0,274.0,,0.9,76.0,4.6e-05,,,2021-12-11 03:20:00
5463977.885788114,0.0,274.0,,0.9,75.0,4.6e-05,,,2021-12-11 03:25:00
5463978.885874246,0.0,275.0,,0.9,75.0,4.6e-05,,,2021-12-11 03:30:00
5463979.885960379,0.0,276.0,,0.9,74.0,4.6e-05,,,2021-12-11 03:35:00
5463980.886046511,0.0,277.0,,0.9,72.0,4.6e-05,,,2021-12-11 03:40:00
5463981.8861326445,0.0,273.0,,0.9,73.0,4.6e-05,,,2021-12-11 03:45:00
5463982.886218777,0.0,272.0,,0.9,72.0,4.7e-05,,,2021-12-11 03:50:00
5463983.886304909,0.0,270.0,,0.9,72.0,4.7e-05,,,2021-12-11 03:55:00
5463984.886391042,0.0,268.0,,0.9,72.0,4.8e-05,,,2021-12-11 04:00:00
5463985.886477174,0.0,266.0,,0.9,73.0,4.7e-05,,,2021-12-11 04:05:00
5463986.886563308,0.0,267.0,,0.9,83.0,4.8e-05,,,2021-12-11 04:10:00
5463987.88664944,0.0,275.0,,0.9,97.0,5.1e-05,,,2021-12-11 04:15:00
5463988.8867355725,0.0,278.0,,0.9,72.0,0.246487,,,2021-12-11 04:20:00
5463989.886821705,0.0,287.0,,0.9,70.0,0.25444,,,2021-12-11 04:25:00
5463990.886907838,0.0,293.0,,0.9,71.0,0.0401,,,2021-12-11 04:30:00
5463991.886993971,0.0,297.0,,0.9,68.0,0.002368,,,2021-12-11 04:35:00
5463992.887080103,0.0,297.0,,0.9,69.0,4.8e-05,,,2021-12-11 04:40:00
5463993.887166236,0.0,294.0,,0.9,71.0,4.5e-05,,,2021-12-11 04:45:00
5463994.887252368,0.0,292.0,,0.9,73.0,4.5e-05,,,2021-12-11 04:50:00
5463995.887338501,0.0,291.0,,0.9,67.0,4.5e-05,,,2021-12-11 04:55:00
5463996.887424634,0.0,293.0,,0.9,68.0,0.0001,,,2021-12-11 05:00:00
5463997.887510766,0.0,290.0,,0.9,69.0,0.000167,,,2021-12-11 05:05:00
5463998.887596899,0.0,288.0,,0.9,67.0,0.000218,,,2021-12-11 05:10:00
5463999.887683032,0.0,284.0,,0.9,67.0,0.000311,,,2021-12-11 05:15:00
5464000.8877691645,0.0,280.0,,0.9,67.0,0.000378,,,2021-12-11 05:20:00
5464001.887855297,0.0,279.0,,0.9,69.0,0.000451,,,2021-12-11 05:25:00
5464002.887941429,0.0,278.0,,0.9,69.0,0.000517,,,2021-12-11 05:30:00
5464003.888027562,0.0,279.0,,0.9,68.0,0.000307,,,2021-12-11 05:35:00
5464004.888113695,0.0,280.0,,0.9,67.0,8.4e-05,,,2021-12-11 05:40:00
5464005.888199828,0.0,284.0,,0.9,66.0,5.1e-05,,,2021-12-11 05:45:00
5464006.88828596,0.0,283.0,,0.9,68.0,4.7e-05,,,2021-12-11 05:50:00
5464007.8883720925,0.0,279.0,,0.9,69.0,4.6e-05,,,2021-12-11 05:55:00
5464008.888458226,0.0,277.0,,0.9,72.0,4.6e-05,,,2021-12-11 06:00:00
5464009.888544358,0.0,275.0,,0.9,69.0,4.7e-05,,,2021-12-11 06:05:00
5464010.888630491,0.0,272.0,,0.9,75.0,6.6e-05,,,2021-12-11 06:10:00
5464011.888716623,0.0,274.0,,0.9,70.0,6.6e-05,,,2021-12-11 06:15:00
5464012.888802756,0.0,275.0,,0.9,73.0,4.7e-05,,,2021-12-11 06:20:00
5464013.888888889,0.0,269.0,,0.9,71.0,4.7e-05,,,2021-12-11 06:25:00
5464014.888975021,0.0,268.0,,0.9,72.0,5.1e-05,,,2021-12-11 06:30:00
5464015.889061154,0.0,263.0,,0.9,74.0,4.6e-05,,,2021-12-11 06:35:00
5464016.889147286,0.0,266.0,,0.9,71.0,4.9e-05,,,2021-12-11 06:40:00
5464017.88923342,0.0,270.0,,0.9,72.0,5.4e-05,,,2021-12-11 06:45:00
5464018.889319552,0.0,266.0,,0.9,74.0,5.7e-05,,,2021-12-11 06:50:00
5464019.889405685,0.0,265.0,,0.9,72.0,5.9e-05,,,2021-12-11 06:55:00
5464020.889491817,0.0,265.0,,0.9,72.0,6.2e-05,,,2021-12-11 07:00:00
5464021.889577949,0.0,265.0,,0.9,76.0,6.3e-05,,,2021-12-11 07:05:00
5464022.889664083,0.0,266.0,,0.9,73.0,5.6e-05,,,2021-12-11 07:10:00
5464023.889750215,0.0,269.0,,0.9,71.0,5.4e-05,,,2021-12-11 07:15:00
5464024.889836348,0.0,270.0,,0.9,73.0,5.1e-05,,,2021-12-11 07:20:00
5464025.88992248,0.0,270.0,,0.9,99.0,4.7e-05,,,2021-12-11 07:25:00
5464026.8900086135,0.0,271.0,,0.9,94.0,5e-05,,,2021-12-11 07:30:00
5464027.890094746,0.0,278.0,,0.9,97.0,5e-05,,,2021-12-11 07:35:00
5464028.890180878,0.0,283.0,301.0,0.9,89.0,5e-05,,5.0,2021-12-11 07:40:00
5464029.890267011,0.0,283.0,,0.9,81.0,5.4e-05,,,2021-12-11 07:45:00
5464030.890353143,0.0,279.0,,0.9,81.0,5.1e-05,,,2021-12-11 07:50:00
5464031.890439277,0.0,297.0,,0.9,79.0,6.5e-05,,,2021-12-11 07:55:00
5464032.890525409,0.0,302.0,,0.9,82.0,6e-05,,,2021-12-11 08:00:00
5464033.890611541,0.0,302.0,,0.9,79.0,6.3e-05,,,2021-12-11 08:05:00
5464034.890697674,0.0,298.0,,0.9,79.0,8.9e-05,,,2021-12-11 08:10:00
5464035.890783807,0.0,295.0,,0.9,79.0,8.6e-05,,,2021-12-11 08:15:00
5464036.89086994,0.0,297.0,,0.9,77.0,0.000248,,,2021-12-11 08:20:00
5464037.890956072,0.0,291.0,,0.9,78.0,0.000207,,,2021-12-11 08:25:00
5464038.891042205,0.0,283.0,,0.9,79.0,0.000139,,,2021-12-11 08:30:00
5464039.891128337,0.0,281.0,,0.9,79.0,0.000258,,,2021-12-11 08:35:00
5464040.89121447,0.0,284.0,,0.9,92.0,0.000415,,,2021-12-11 08:40:00
5464041.891300603,0.0,282.0,,0.9,80.0,0.001185,,,2021-12-11 08:45:00
5464042.891386735,0.0,279.0,,0.9,96.0,0.001829,,,2021-12-11 08:50:00
5464043.891472868,0.0,274.0,,0.9,95.0,0.00108,,,2021-12-11 08:55:00
5464044.891559001,0.0,269.0,,0.9,90.0,0.000922,,,2021-12-11 09:00:00
5464045.8916451335,0.0,265.0,,0.9,88.0,0.001519,,,2021-12-11 09:05:00
5464046.891731266,0.0,263.0,,0.9,94.0,0.002554,,,2021-12-11 09:10:00
5464047.891817398,0.0,260.0,283.0,0.9,89.0,0.005684,,4.4,2021-12-11 09:15:00
5464048.891903531,0.0,257.0,,0.9,86.0,0.011202,40.0,3.8,2021-12-11 09:20:00
5464049.891989664,0.0,261.0,,0.9,85.0,0.00118,,,2021-12-11 09:25:00
5464050.892075797,0.0,265.0,,0.9,86.0,0.00024,,,2021-12-11 09:30:00
5464051.892161929,0.0,261.0,,0.9,84.0,0.015337,,,2021-12-11 09:35:00
5464052.8922480615,0.0,256.0,,0.9,86.0,0.00942,,,2021-12-11 09:40:00
5464053.892334195,0.0,255.0,,0.9,90.0,0.002073,,,2021-12-11 09:45:00
5464054.892420327,0.0,259.0,,0.9,91.0,0.002926,,,2021-12-11 09:50:00
5464055.89250646,0.0,262.0,,0.9,92.0,0.004502,,,2021-12-11 09:55:00
5464056.892592592,0.0,257.0,,0.9,93.0,0.002565,,,2021-12-11 10:00:00
5464057.892678725,0.0,253.0,,0.9,112.0,0.316888,,,2021-12-11 10:05:00
5464058.892764858,0.0,250.0,,0.9,103.0,0.558812,,,2021-12-11 10:10:00
5464059.89285099,0.0,245.0,,0.9,113.0,3.254,,,2021-12-11 10:15:00
5464060.892937123,0.0,236.0,,0.9,115.0,12.388,,,2021-12-11 10:20:00
5464061.893023255,0.0,226.0,,0.9,120.0,12.064,,,2021-12-11 10:25:00
5464062.893109389,0.0,214.0,,0.9,105.0,14.484,,,2021-12-11 10:30:00
5464063.893195521,0.0,201.0,,0.9,106.0,16.64,,,2021-12-11 10:35:00
5464064.8932816535,0.0,191.0,,0.9,106.0,21.28,,,2021-12-11 10:40:00
5464065.893367786,0.0,184.0,,0.9,109.0,19.18,,,2021-12-11 10:45:00
5464066.893453918,0.0,180.0,,0.9,104.0,12.362,,,2021-12-11 10:50:00
5464067.893540052,0.0,178.0,,0.9,105.0,16.0,,,2021-12-11 10:55:00
5464068.893626184,0.0,175.0,,0.9,103.0,12.98,,,2021-12-11 11:00:00
5464069.893712317,0.0,168.0,,0.9,104.0,7.822,,,2021-12-11 11:05:00
5464070.893798449,0.0,165.0,,0.9,108.0,5.096,,,2021-12-11 11:10:00
5464071.893884582,0.0,163.0,,0.9,101.0,3.056,,,2021-12-11 11:15:00
5464072.893970715,0.0,159.0,,0.9,89.0,0.43828,,,2021-12-11 11:20:00
5464073.894056847,0.0,151.0,,0.9,93.0,0.178096,,,2021-12-11 11:25:00
5464074.89414298,0.0,148.0,,0.9,93.0,0.069484,,,2021-12-11 11:30:00
5464075.894229112,0.0,145.0,,0.9,103.0,0.06142,,,2021-12-11 11:35:00
5464076.894315246,0.0,142.0,,0.9,96.0,0.026272,,,2021-12-11 11:40:00
5464077.894401378,0.0,136.0,,0.9,98.0,0.082114,,,2021-12-11 11:45:00
5464078.89448751,0.0,127.0,,0.9,90.0,0.16668,,,2021-12-11 11:50:00
5464079.894573643,0.0,117.0,,0.9,90.0,0.02736,,,2021-12-11 11:55:00
5464080.894659776,0.0,112.0,,0.9,91.0,0.008128,,,2021-12-11 12:00:00
5464081.894745909,0.0,106.0,,0.9,101.0,0.002804,,,2021-12-11 12:05:00
5464082.894832041,0.0,103.0,,0.9,97.0,0.682798,,,2021-12-11 12:10:00
5464083.894918174,0.0,104.0,,0.9,101.0,2.9144,,,2021-12-11 12:15:00
5464084.895004306,0.0,101.0,,0.9,99.0,5.082,,,2021-12-11 12:20:00
5464085.895090439,0.0,99.0,,0.9,99.0,3.431,,,2021-12-11 12:25:00
5464086.895176572,0.0,102.0,,0.9,96.0,2.53592,,,2021-12-11 12:30:00
5464087.895262704,0.0,102.0,,0.9,94.0,2.02422,,,2021-12-11 12:35:00
5464088.895348837,0.0,102.0,,0.9,97.0,1.4882,,,2021-12-11 12:40:00
5464089.89543497,0.0,104.0,,0.9,95.0,4.04574,,,2021-12-11 12:45:00
5464090.8955211025,0.0,105.0,,0.9,93.0,4.652,,,2021-12-11 12:50:00
5464091.895607235,0.0,109.0,,0.9,104.0,4.028,,,2021-12-11 12:55:00
5464092.895693367,0.0,110.0,,0.9,102.0,2.586,,,2021-12-11 13:00:00
5464093.8957795,0.0,108.0,,0.9,95.0,0.5212,,,2021-12-11 13:05:00
5464094.895865633,0.0,108.0,,0.9,95.0,0.2482,,,2021-12-11 13:10:00
5464095.895951766,0.0,108.0,,0.9,103.0,0.16952,,,2021-12-11 13:15:00
5464096.896037898,0.0,110.0,,0.9,93.0,0.7862,,,2021-12-11 13:20:00
5464097.89612403,0.0,113.0,,0.9,98.0,3.1632,,,2021-12-11 13:25:00
5464098.896210164,0.0,114.0,,0.9,104.0,0.8108,,,2021-12-11 13:30:00
5464099.896296296,0.0,113.0,,0.9,103.0,1.4954,,,2021-12-11 13:35:00
5464100.896382429,0.0,115.0,,0.9,111.0,2.1328,,,2021-12-11 13:40:00
5464101.896468561,0.0,120.0,,0.9,111.0,1.1865,,,2021-12-11 13:45:00
5464102.896554694,0.0,118.0,,0.9,111.0,3.34874,,,2021-12-11 13:50:00
5464103.896640827,0.0,118.0,,0.9,115.0,9.43,,,2021-12-11 13:55:00
5464104.896726959,0.0,117.0,,0.9,118.0,12.474,,,2021-12-11 14:00:00
5464105.896813092,0.0,117.0,,0.9,113.0,12.266,,,2021-12-11 14:05:00
5464106.896899224,0.0,115.0,,0.9,119.0,20.34,,,2021-12-11 14:10:00
5464107.896985358,0.0,115.0,,0.9,121.0,15.06,,,2021-12-11 14:15:00
5464108.89707149,0.0,116.0,,0.9,105.0,16.62,,,2021-12-11 14:20:00
5464109.8971576225,0.0,114.0,,0.9,109.0,18.5,,,2021-12-11 14:25:00
5464110.897243755,0.0,113.0,,0.9,114.0,22.04,,,2021-12-11 14:30:00
5464111.897329888,0.0,114.0,,0.9,111.0,22.72,,,2021-12-11 14:35:00
5464112.897416021,0.0,116.0,,0.9,106.0,23.98,,,2021-12-11 14:40:00
5464113.897502153,0.0,120.0,,0.9,111.0,19.6486,,,2021-12-11 14:45:00
5464114.897588286,0.0,122.0,,0.9,113.0,19.0,,,2021-12-11 14:50:00
5464115.897674418,0.0,121.0,,0.9,114.0,22.18,,,2021-12-11 14:55:00
5464116.897760551,0.0,120.0,,0.9,118.0,18.06,,,2021-12-11 15:00:00
5464117.897846684,0.0,119.0,,0.9,114.0,14.64,,,2021-12-11 15:05:00
5464118.897932816,0.0,119.0,,0.9,105.0,13.876,,,2021-12-11 15:10:00
5464119.898018949,0.0,119.0,,0.9,103.0,18.04,,,2021-12-11 15:15:00
5464120.898105082,0.0,121.0,,0.9,118.0,17.12,,,2021-12-11 15:20:00
5464121.898191215,0.0,123.0,,0.9,109.0,5.536,,,2021-12-11 15:25:00
5464122.898277347,0.0,120.0,,0.9,124.0,6.909722,,,2021-12-11 15:30:00
5464123.898363479,0.0,122.0,,0.9,119.0,11.114,,,2021-12-11 15:35:00
5464124.898449612,0.0,123.0,,0.9,104.0,12.026,,,2021-12-11 15:40:00
5464125.898535745,0.0,123.0,,0.9,102.0,1.725248,,,2021-12-11 15:45:00
5464126.898621878,0.0,125.0,,0.9,102.0,0.1163,,,2021-12-11 15:50:00
5464127.89870801,0.0,126.0,,0.9,101.0,0.050644,,,2021-12-11 15:55:00
5464128.8987941425,0.0,130.0,,0.9,102.0,0.004931,,,2021-12-11 16:00:00
5464129.898880276,0.0,132.0,,0.9,100.0,8.1e-05,,,2021-12-11 16:05:00
5464130.898966408,0.0,132.0,,0.9,96.0,0.000211,,,2021-12-11 16:10:00
5464131.899052541,0.0,132.0,,0.9,96.0,0.000274,,,2021-12-11 16:15:00
5464132.899138673,0.0,131.0,,0.9,96.0,9.3e-05,,,2021-12-11 16:20:00
5464133.899224806,0.0,130.0,,0.9,96.0,0.000289,,,2021-12-11 16:25:00
5464134.899310939,0.0,128.0,,0.9,94.0,0.000504,,,2021-12-11 16:30:00
5464135.899397071,0.0,127.0,,0.9,96.0,0.000416,,,2021-12-11 16:35:00
5464136.899483204,0.0,126.0,,0.9,98.0,0.000128,,,2021-12-11 16:40:00
5464137.899569336,0.0,127.0,127.0,0.9,97.0,0.00018,,9.0,2021-12-11 16:45:00
5464138.89965547,0.0,129.0,,0.9,95.0,0.001933,,8.8,2021-12-11 16:50:00
5464139.899741602,0.0,130.0,,0.9,100.0,0.007742,130.0,,2021-12-11 16:55:00
5464140.899827735,0.0,128.0,,0.9,103.0,0.0626,,,2021-12-11 17:00:00
5464141.899913867,0.0,125.0,,0.9,104.0,2.0134,,,2021-12-11 17:05:00
5464142.899999999,0.0,124.0,,0.9,101.0,0.902452,,,2021-12-11 17:10:00
5464143.900086133,0.0,122.0,,0.9,101.0,0.000803,,,2021-12-11 17:15:00
5464144.900172265,0.0,116.0,,0.9,106.0,8.5e-05,,,2021-12-11 17:20:00
5464145.900258398,0.0,108.0,,0.9,111.0,0.000154,,,2021-12-11 17:25:00
5464146.90034453,0.0,97.0,,0.9,112.0,0.000108,,,2021-12-11 17:30:00
5464147.9004306635,0.0,89.0,,0.9,112.0,0.00057,,,2021-12-11 17:35:00
5464148.900516796,0.0,86.0,,0.9,113.0,0.000848,,,2021-12-11 17:40:00
5464149.900602928,0.0,85.0,,0.9,115.0,0.002346,,,2021-12-11 17:45:00
5464150.900689061,0.0,85.0,,0.9,115.0,0.0034,,,2021-12-11 17:50:00
5464151.900775193,0.0,88.0,,0.9,110.0,0.002684,,,2021-12-11 17:55:00
5464152.900861327,0.0,93.0,,0.9,112.0,0.000446,,,2021-12-11 18:00:00
5464153.900947459,0.0,101.0,,0.9,113.0,0.000466,,,2021-12-11 18:05:00
5464154.9010335915,0.0,108.0,,0.9,112.0,0.0002,,,2021-12-11 18:10:00
5464155.901119724,0.0,117.0,,0.9,122.0,0.447401,,,2021-12-11 18:15:00
5464156.901205857,0.0,117.0,,0.9,128.0,9.58466,,,2021-12-11 18:20:00
5464157.90129199,0.0,112.0,,0.9,109.0,21.34,,,2021-12-11 18:25:00
5464158.901378122,0.0,105.0,,0.9,119.0,22.3,,,2021-12-11 18:30:00
5464159.901464255,0.0,96.0,,0.9,116.0,21.144,,,2021-12-11 18:35:00
5464160.901550387,0.0,87.0,,0.9,125.0,19.1,,,2021-12-11 18:40:00
5464161.90163652,0.0,83.0,,0.9,124.0,17.12,,,2021-12-11 18:45:00
5464162.901722653,0.0,81.0,,0.9,124.0,22.86,,,2021-12-11 18:50:00
5464163.901808785,0.0,79.0,,0.9,108.0,24.02,,,2021-12-11 18:55:00
5464164.901894918,0.0,78.0,,0.9,113.0,21.192,,,2021-12-11 19:00:00
5464165.901981051,0.0,77.0,,0.9,106.0,15.934,,,2021-12-11 19:05:00
5464166.9020671835,0.0,78.0,,0.9,104.0,10.072,,,2021-12-11 19:10:00
5464167.902153316,0.0,85.0,,0.9,107.0,9.94,,,2021-12-11 19:15:00
5464168.902239448,0.0,94.0,,0.9,110.0,8.808,,,2021-12-11 19:20:00
5464169.902325581,0.0,99.0,,0.9,100.0,2.683623,,,2021-12-11 19:25:00
5464170.902411714,0.0,99.0,,0.9,98.0,0.028592,,,2021-12-11 19:30:00
5464171.902497847,0.0,103.0,,0.9,96.0,0.016619,,,2021-12-11 19:35:00
5464172.902583979,0.0,107.0,,0.9,99.0,0.08618,,,2021-12-11 19:40:00
5464173.9026701115,0.0,109.0,,0.9,97.0,0.003582,,,2021-12-11 19:45:00
5464174.902756245,0.0,108.0,,0.9,96.0,0.004398,,,2021-12-11 19:50:00
5464175.902842377,0.0,106.0,,0.9,98.0,0.004136,,,2021-12-11 19:55:00
5464176.90292851,0.0,103.0,,0.9,97.0,0.000584,,,2021-12-11 20:00:00
5464177.903014642,0.0,102.0,,0.9,96.0,0.000462,,,2021-12-11 20:05:00
5464178.903100775,0.0,100.0,100.0,0.9,98.0,0.00021,,4.3,2021-12-11 20:10:00
5464179.903186908,0.0,98.0,,0.9,93.0,0.000128,100.0,8.4,2021-12-11 20:15:00
5464180.90327304,0.0,101.0,,0.9,94.0,9.9e-05,,,2021-12-11 20:20:00
5464181.903359173,0.0,100.0,,0.9,103.0,7.8e-05,,,2021-12-11 20:25:00
5464182.903445305,0.0,95.0,,0.9,100.0,6.8e-05,,,2021-12-11 20:30:00
5464183.903531439,0.0,86.0,,0.9,90.0,8.9e-05,,,2021-12-11 20:35:00
5464184.903617571,0.0,79.0,,0.9,90.0,7.8e-05,,,2021-12-11 20:40:00
5464185.903703704,0.0,76.0,,0.9,90.0,7.4e-05,,,2021-12-11 20:45:00
5464186.903789836,0.0,76.0,,0.9,89.0,8.2e-05,,,2021-12-11 20:50:00
5464187.903875968,0.0,78.0,,0.9,89.0,8.1e-05,,,2021-12-11 20:55:00
5464188.903962102,0.0,81.0,,0.9,93.0,7.8e-05,,,2021-12-11 21:00:00
5464189.904048234,0.0,85.0,,0.9,91.0,6.7e-05,,,2021-12-11 21:05:00
5464190.904134367,0.0,83.0,,0.9,90.0,5.3e-05,,,2021-12-11 21:10:00
5464191.904220499,0.0,80.0,,0.9,87.0,6.7e-05,,,2021-12-11 21:15:00
5464192.9043066325,0.0,75.0,,0.9,87.0,7.6e-05,,,2021-12-11 21:20:00
5464193.904392765,0.0,65.0,,0.9,92.0,8.1e-05,,,2021-12-11 21:25:00
5464194.904478897,0.0,63.0,,0.9,101.0,8.8e-05,,,2021-12-11 21:30:00
5464195.90456503,0.0,59.0,,0.9,,0.000127,,,2021-12-11 21:35:00
5464196.904651162,0.0,54.0,,0.9,,,15.0,,2021-12-11 21:40:00
5464197.904737296,0.0,53.0,52.0,0.9,,,,,2021-12-11 21:45:00
5464198.904823428,0.0,55.0,,0.9,,,,,2021-12-11 21:50:00
5464199.90490956,0.0,58.0,,0.9,97.0,0.000151,,,2021-12-11 21:55:00
5464200.904995693,0.0,63.0,,0.9,86.0,0.000123,,,2021-12-11 22:00:00
5464201.905081826,0.0,67.0,,0.9,84.0,5.1e-05,,,2021-12-11 22:05:00
5464202.905167959,0.0,74.0,,0.9,82.0,4.9e-05,,,2021-12-11 22:10:00
5464203.905254091,0.0,79.0,,0.9,83.0,5e-05,,,2021-12-11 22:15:00
5464204.905340224,0.0,85.0,,0.9,77.0,5.4e-05,,,2021-12-11 22:20:00
5464205.905426356,0.0,90.0,,0.9,75.0,5.4e-05,,,2021-12-11 22:25:00
5464206.905512489,0.0,92.0,,0.9,77.0,5.3e-05,,,2021-12-11 22:30:00
5464207.905598622,0.0,96.0,,0.9,78.0,5.2e-05,,,2021-12-11 22:35:00
5464208.905684754,0.0,101.0,,0.9,79.0,5.2e-05,,,2021-12-11 22:40:00
5464209.905770887,0.0,106.0,,0.9,79.0,5.2e-05,,,2021-12-11 22:45:00
5464210.90585702,0.0,110.0,,0.9,79.0,5.2e-05,,,2021-12-11 22:50:00
5464211.9059431525,0.0,116.0,,0.9,78.0,5.5e-05,,,2021-12-11 22:55:00
5464212.906029285,0.0,120.0,,0.9,77.0,5.3e-05,,,2021-12-11 23:00:00
5464213.906115417,0.0,120.0,,0.9,76.0,4.8e-05,,,2021-12-11 23:05:00
5464214.90620155,0.0,123.0,,0.9,79.0,4.8e-05,,,2021-12-11 23:10:00
5464215.906287683,0.0,128.0,,0.9,80.0,4.8e-05,,,2021-12-11 23:15:00
5464216.906373816,0.0,133.0,,0.9,80.0,4.8e-05,,,2021-12-11 23:20:00
5464217.906459948,0.0,139.0,,0.9,80.0,4.8e-05,,,2021-12-11 23:25:00
5464218.9065460805,0.0,143.0,,0.9,80.0,4.8e-05,,,2021-12-11 23:30:00
5464219.906632214,0.0,144.0,,0.9,78.0,4.8e-05,,,2021-12-11 23:35:00
5464220.906718346,0.0,143.0,,0.9,78.0,4.8e-05,,,2021-12-11 23:40:00
5464221.906804479,0.0,144.0,,0.9,77.0,4.8e-05,,,2021-12-11 23:45:00
5464222.906890611,0.0,146.0,,0.9,77.0,4.8e-05,,,2021-12-11 23:50:00
5464223.906976744,0.0,147.0,,0.93,77.0,4.9e-05,,,2021-12-11 23:55:00
5464224.907062877,0.0,148.0,,0.93,79.0,5e-05,,,2021-12-12 00:00:00
5464225.907149009,0.0,151.0,,0.93,78.0,5.2e-05,,,2021-12-12 00:05:00
5464226.907235142,0.0,154.0,,0.93,76.0,5.1e-05,,,2021-12-12 00:10:00
5464227.907321274,0.0,157.0,,0.93,77.0,5e-05,,,2021-12-12 00:15:00
5464228.907407408,0.0,158.0,,0.93,76.0,4.8e-05,,,2021-12-12 00:20:00
5464229.90749354,0.0,160.0,,0.93,77.0,4.9e-05,,,2021-12-12 00:25:00
5464230.9075796725,0.0,162.0,,0.93,74.0,5.6e-05,,,2021-12-12 00:30:00
5464231.907665805,0.0,163.0,,0.93,73.0,6e-05,,,2021-12-12 00:35:00
5464232.907751937,0.0,165.0,,0.93,73.0,6.3e-05,,,2021-12-12 00:40:00
5464233.907838071,0.0,167.0,,0.93,73.0,6.2e-05,,,2021-12-12 00:45:00
5464234.907924203,0.0,171.0,,0.93,77.0,5.7e-05,,,2021-12-12 00:50:00
5464235.908010336,0.0,173.0,,0.93,77.0,5.6e-05,,,2021-12-12 00:55:00
5464236.908096468,0.0,174.0,,0.93,77.0,5.2e-05,,,2021-12-12 01:00:00
5464237.908182601,0.0,172.0,,0.93,76.0,4.5e-05,,,2021-12-12 01:05:00
5464238.908268734,0.0,169.0,,0.93,75.0,4.5e-05,,,2021-12-12 01:10:00
5464239.908354866,0.0,170.0,,0.93,74.0,4.6e-05,,,2021-12-12 01:15:00
5464240.908440999,0.0,169.0,,0.93,73.0,4.6e-05,,,2021-12-12 01:20:00
5464241.908527131,0.0,168.0,,0.93,73.0,4.7e-05,,,2021-12-12 01:25:00
5464242.908613265,0.0,166.0,,0.93,74.0,4.7e-05,,,2021-12-12 01:30:00
5464243.908699397,0.0,168.0,,0.93,73.0,4.7e-05,,,2021-12-12 01:35:00
5464244.908785529,0.0,172.0,,0.93,74.0,4.9e-05,,,2021-12-12 01:40:00
5464245.908871662,0.0,180.0,,0.93,73.0,4.9e-05,,,2021-12-12 01:45:00
5464246.908957795,0.0,181.0,,0.93,71.0,4.6e-05,,,2021-12-12 01:50:00
5464247.909043928,0.0,180.0,,0.93,71.0,4.5e-05,,,2021-12-12 01:55:00
5464248.90913006,0.0,184.0,,0.93,71.0,4.6e-05,,,2021-12-12 02:00:00
5464249.909216193,0.0,190.0,,0.93,71.0,4.8e-05,,,2021-12-12 02:05:00
5464250.909302325,0.0,191.0,,0.93,69.0,4.7e-05,,,2021-12-12 02:10:00
5464251.909388458,0.0,189.0,,0.93,69.0,4.7e-05,,,2021-12-12 02:15:00
5464252.909474591,0.0,189.0,,0.93,70.0,4.6e-05,,,2021-12-12 02:20:00
5464253.909560723,0.0,184.0,,0.93,68.0,4.6e-05,,,2021-12-12 02:25:00
5464254.909646856,0.0,177.0,,0.93,68.0,4.6e-05,,,2021-12-12 02:30:00
5464255.909732989,0.0,180.0,,0.93,67.0,4.8e-05,,,2021-12-12 02:35:00
5464256.9098191215,0.0,182.0,,0.93,67.0,4.9e-05,,,2021-12-12 02:40:00
5464257.909905254,0.0,185.0,,0.93,67.0,5e-05,,,2021-12-12 02:45:00
5464258.909991386,0.0,187.0,,0.93,68.0,5e-05,,,2021-12-12 02:50:00
5464259.910077519,0.0,187.0,,0.93,68.0,4.9e-05,,,2021-12-12 02:55:00
5464260.910163652,0.0,187.0,,0.93,70.0,4.9e-05,,,2021-12-12 03:00:00
5464261.910249785,0.0,187.0,,0.93,70.0,4.9e-05,,,2021-12-12 03:05:00
5464262.910335917,0.0,187.0,,0.93,71.0,4.9e-05,,,2021-12-12 03:10:00
5464263.910422049,0.0,188.0,,0.93,71.0,4.9e-05,,,2021-12-12 03:15:00
5464264.910508183,0.0,188.0,,0.93,73.0,4.9e-05,,,2021-12-12 03:20:00
5464265.910594315,0.0,188.0,,0.93,70.0,5.1e-05,,,2021-12-12 03:25:00
5464266.910680448,0.0,186.0,,0.93,70.0,5.4e-05,,,2021-12-12 03:30:00
5464267.91076658,0.0,185.0,,0.93,71.0,5.8e-05,,,2021-12-12 03:35:00
5464268.910852713,0.0,185.0,,0.93,71.0,6e-05,,,2021-12-12 03:40:00
5464269.910938846,0.0,185.0,,0.93,72.0,4.9e-05,,,2021-12-12 03:45:00
5464270.911024978,0.0,183.0,,0.93,69.0,5.3e-05,,,2021-12-12 03:50:00
5464271.911111111,0.0,186.0,,1.1,71.0,5.4e-05,,,2021-12-12 03:55:00
5464272.911197243,0.0,189.0,,1.1,68.0,4.8e-05,,,2021-12-12 04:00:00
5464273.911283377,0.0,192.0,,1.1,68.0,4.8e-05,,,2021-12-12 04:05:00
5464274.911369509,0.0,191.0,,1.1,68.0,4.8e-05,,,2021-12-12 04:10:00
5464275.9114556415,0.0,185.0,,1.1,69.0,4.8e-05,,,2021-12-12 04:15:00
5464276.911541774,0.0,179.0,,1.1,68.0,4.9e-05,,,2021-12-12 04:20:00
5464277.911627906,0.0,177.0,,1.1,69.0,4.9e-05,,,2021-12-12 04:25:00
5464278.91171404,0.0,177.0,,1.1,70.0,4.9e-05,,,2021-12-12 04:30:00
5464279.911800172,0.0,178.0,,1.1,70.0,4.9e-05,,,2021-12-12 04:35:00
5464280.911886305,0.0,178.0,,1.1,70.0,5e-05,,,2021-12-12 04:40:00
5464281.911972437,0.0,177.0,,1.1,69.0,5e-05,,,2021-12-12 04:45:00
5464282.91205857,0.0,181.0,,1.1,70.0,4.9e-05,,,2021-12-12 04:50:00
5464283.912144703,0.0,187.0,,1.25,71.0,4.9e-05,,,2021-12-12 04:55:00
5464284.912230835,0.0,191.0,,1.25,72.0,4.8e-05,,,2021-12-12 05:00:00
5464285.912316968,0.0,191.0,,1.25,71.0,4.8e-05,,,2021-12-12 05:05:00
5464286.9124031,0.0,190.0,,1.25,72.0,5e-05,,,2021-12-12 05:10:00
5464287.912489234,0.0,189.0,,1.25,71.0,6.4e-05,,,2021-12-12 05:15:00
5464288.912575366,0.0,189.0,,1.25,72.0,6e-05,,,2021-12-12 05:20:00
5464289.912661498,0.0,189.0,,1.25,72.0,4.9e-05,,,2021-12-12 05:25:00
5464290.912747631,0.0,186.0,,1.25,72.0,4.8e-05,,,2021-12-12 05:30:00
5464291.912833764,0.0,183.0,,1.25,71.0,4.8e-05,,,2021-12-12 05:35:00
5464292.912919897,0.0,181.0,,1.25,73.0,4.8e-05,,,2021-12-12 05:40:00
5464293.913006029,0.0,179.0,,1.25,73.0,4.8e-05,,,2021-12-12 05:45:00
5464294.9130921615,0.0,181.0,,1.25,70.0,6e-05,,,2021-12-12 05:50:00
5464295.913178294,0.0,185.0,,1.25,70.0,7.2e-05,,,2021-12-12 05:55:00
5464296.913264427,0.0,185.0,,1.25,70.0,5.9e-05,,,2021-12-12 06:00:00
5464297.91335056,0.0,185.0,,1.25,69.0,5.5e-05,,,2021-12-12 06:05:00
5464298.913436692,0.0,186.0,,1.25,69.0,4.8e-05,,,2021-12-12 06:10:00
5464299.913522825,0.0,190.0,,1.25,69.0,4.7e-05,,,2021-12-12 06:15:00
5464300.913608958,0.0,191.0,,1.25,69.0,4.7e-05,,,2021-12-12 06:20:00
5464301.91369509,0.0,191.0,,1.25,70.0,4.7e-05,,,2021-12-12 06:25:00
5464302.913781223,0.0,189.0,,1.25,70.0,4.8e-05,,,2021-12-12 06:30:00
5464303.913867355,0.0,192.0,,1.25,70.0,4.8e-05,,,2021-12-12 06:35:00
5464304.913953488,0.0,192.0,,1.25,73.0,4.8e-05,,,2021-12-12 06:40:00
5464305.914039621,0.0,193.0,,1.25,72.0,4.8e-05,,,2021-12-12 06:45:00
5464306.914125754,0.0,194.0,,1.25,73.0,5.1e-05,,,2021-12-12 06:50:00
5464307.914211886,0.0,192.0,,1.3,73.0,5e-05,,,2021-12-12 06:55:00
5464308.914298018,0.0,189.0,,1.3,73.0,5.1e-05,,,2021-12-12 07:00:00
5464309.914384152,0.0,187.0,,1.3,74.0,5.1e-05,,,2021-12-12 07:05:00
5464310.914470284,0.0,186.0,,1.3,75.0,5.1e-05,,,2021-12-12 07:10:00
5464311.914556417,0.0,186.0,,1.3,71.0,4.7e-05,,,2021-12-12 07:15:00
5464312.914642549,0.0,186.0,,1.3,71.0,4.6e-05,,,2021-12-12 07:20:00
5464313.914728682,0.0,185.0,,1.3,72.0,4.6e-05,,,2021-12-12 07:25:00
5464314.914814815,0.0,186.0,,1.3,74.0,4.7e-05,,,2021-12-12 07:30:00
5464315.914900947,0.0,185.0,,1.3,71.0,5.2e-05,,,2021-12-12 07:35:00
5464316.91498708,0.0,185.0,,1.3,68.0,5.3e-05,,,2021-12-12 07:40:00
5464317.915073212,0.0,184.0,,1.3,68.0,5.5e-05,,,2021-12-12 07:45:00
5464318.915159346,0.0,183.0,,1.3,70.0,5.6e-05,,,2021-12-12 07:50:00
5464319.915245478,0.0,183.0,,1.3,82.0,5e-05,,,2021-12-12 07:55:00
5464320.9153316105,0.0,184.0,,1.3,89.0,5.1e-05,,,2021-12-12 08:00:00
5464321.915417743,0.0,187.0,,1.3,93.0,4.8e-05,,,2021-12-12 08:05:00
5464322.915503875,0.0,188.0,,1.3,93.0,5.2e-05,,,2021-12-12 08:10:00
5464323.915590009,0.0,193.0,,1.3,93.0,5.5e-05,,,2021-12-12 08:15:00
5464324.915676141,0.0,198.0,,1.3,90.0,0.000109,,,2021-12-12 08:20:00
5464325.915762274,0.0,201.0,215.0,1.3,93.0,0.00019,,2.1,2021-12-12 08:25:00
5464326.915848406,0.0,204.0,,1.3,86.0,0.0005,,,2021-12-12 08:30:00
5464327.915934539,0.0,203.0,,1.3,80.0,0.000238,,,2021-12-12 08:35:00
5464328.916020672,0.0,212.0,,1.3,83.0,8.5e-05,,,2021-12-12 08:40:00
5464329.916106804,0.0,215.0,,1.3,84.0,7.3e-05,,,2021-12-12 08:45:00
5464330.916192937,0.0,213.0,,1.3,83.0,6.1e-05,,,2021-12-12 08:50:00
5464331.916279069,0.0,209.0,,1.3,82.0,8.4e-05,,,2021-12-12 08:55:00
5464332.9163652025,0.0,202.0,,1.3,85.0,0.000182,,,2021-12-12 09:00:00
5464333.916451335,0.0,204.0,,1.3,91.0,0.000898,,,2021-12-12 09:05:00
5464334.916537467,0.0,208.0,,1.3,92.0,0.000561,,,2021-12-12 09:10:00
5464335.9166236,0.0,205.0,,1.3,96.0,0.000182,,,2021-12-12 09:15:00
5464336.916709733,0.0,200.0,,1.3,88.0,0.000115,,,2021-12-12 09:20:00
5464337.916795866,0.0,197.0,,1.3,87.0,0.000496,,,2021-12-12 09:25:00
5464338.916881998,0.0,199.0,,1.3,83.0,0.006224,,,2021-12-12 09:30:00
5464339.9169681305,0.0,193.0,,1.3,79.0,0.006216,,,2021-12-12 09:35:00
5464340.917054263,0.0,186.0,,1.3,83.0,0.000832,,,2021-12-12 09:40:00
5464341.917140396,0.0,186.0,,1.3,86.0,0.000206,,,2021-12-12 09:45:00
5464342.917226529,0.0,184.0,,1.3,81.0,0.000123,,,2021-12-12 09:50:00
5464343.917312661,0.0,183.0,,1.3,82.0,9.2e-05,,,2021-12-12 09:55:00
5464344.917398794,0.0,184.0,186.0,1.3,87.0,5.4e-05,,8.8,2021-12-12 10:00:00
5464345.917484927,0.0,184.0,,1.3,84.0,5.1e-05,135.0,8.3,2021-12-12 10:05:00
5464346.917571059,0.0,184.0,,1.3,86.0,5.4e-05,,,2021-12-12 10:10:00
5464347.917657192,0.0,183.0,,1.3,95.0,5e-05,,,2021-12-12 10:15:00
5464348.917743324,0.0,181.0,,1.3,94.0,6.1e-05,,,2021-12-12 10:20:00
5464349.917829457,0.0,183.0,,1.3,96.0,7.7e-05,,,2021-12-12 10:25:00
5464350.91791559,0.0,193.0,,1.3,94.0,0.000207,,,2021-12-12 10:30:00
5464351.918001723,0.0,202.0,,1.3,92.0,0.001733,,,2021-12-12 10:35:00
5464352.918087855,0.0,210.0,,1.3,91.0,0.006248,,,2021-12-12 10:40:00
5464353.918173987,0.0,213.0,,1.3,96.0,0.04932,,,2021-12-12 10:45:00
5464354.918260121,0.0,211.0,,1.3,95.0,0.06944,,,2021-12-12 10:50:00
5464355.918346253,0.0,209.0,,0.7,95.0,0.136388,,,2021-12-12 10:55:00
5464356.918432386,0.0,205.0,,0.7,98.0,0.6262,,,2021-12-12 11:00:00
5464357.918518518,0.0,201.0,,0.7,98.0,0.44624,,,2021-12-12 11:05:00
5464358.918604651,0.0,197.0,,0.7,96.0,0.726,,,2021-12-12 11:10:00
5464359.918690784,0.0,192.0,,0.7,99.0,0.8892,,,2021-12-12 11:15:00
5464360.918776916,0.0,185.0,,0.7,101.0,5.63,,,2021-12-12 11:20:00
5464361.918863049,0.0,177.0,,0.7,102.0,5.254,,,2021-12-12 11:25:00
5464362.918949181,0.0,166.0,,0.7,102.0,4.8928,,,2021-12-12 11:30:00
5464363.919035315,0.0,152.0,,0.7,100.0,11.244,,,2021-12-12 11:35:00
5464364.919121447,0.0,141.0,,0.7,102.0,19.38,,,2021-12-12 11:40:00
5464365.919207579,0.0,128.0,,0.7,91.0,13.15,,,2021-12-12 11:45:00
5464366.919293712,0.0,118.0,,0.7,87.0,17.02,,,2021-12-12 11:50:00
5464367.919379844,0.0,111.0,,0.7,94.0,17.156,,,2021-12-12 11:55:00
5464368.919465978,0.0,110.0,,0.7,109.0,15.72,,,2021-12-12 12:00:00
5464369.91955211,0.0,107.0,,0.7,106.0,14.92,,,2021-12-12 12:05:00
5464370.919638243,0.0,100.0,,0.7,114.0,15.32,,,2021-12-12 12:10:00
5464371.919724375,0.0,91.0,,0.7,114.0,10.89,,,2021-12-12 12:15:00
5464372.919810508,0.0,84.0,,0.7,111.0,8.7762,,,2021-12-12 12:20:00
5464373.919896641,0.0,78.0,,0.7,99.0,15.94,,,2021-12-12 12:25:00
5464374.919982773,0.0,75.0,,0.7,105.0,15.24,,,2021-12-12 12:30:00
5464375.920068906,0.0,75.0,,0.7,108.0,7.486,,,2021-12-12 12:35:00
5464376.920155038,0.0,72.0,,0.7,109.0,8.162,,,2021-12-12 12:40:00
5464377.9202411715,0.0,68.0,,0.7,101.0,8.864,,,2021-12-12 12:45:00
5464378.920327304,0.0,67.0,,0.7,99.0,8.664,,,2021-12-12 12:50:00
5464379.920413436,0.0,68.0,,0.7,101.0,8.746,,,2021-12-12 12:55:00
5464380.920499569,0.0,69.0,,0.7,94.0,7.148,,,2021-12-12 13:00:00
5464381.920585702,0.0,71.0,,0.7,98.0,2.396,,,2021-12-12 13:05:00
5464382.920671835,0.0,76.0,,0.7,108.0,4.486,,,2021-12-12 13:10:00
5464383.920757967,0.0,77.0,,0.7,95.0,6.376,,,2021-12-12 13:15:00
5464384.9208440995,0.0,75.0,,0.7,91.0,5.824,,,2021-12-12 13:20:00
5464385.920930232,0.0,75.0,,0.7,94.0,1.644234,,,2021-12-12 13:25:00
5464386.921016365,0.0,77.0,,0.7,96.0,2.0238,,,2021-12-12 13:30:00
5464387.921102498,0.0,77.0,,0.7,100.0,1.1106,,,2021-12-12 13:35:00
5464388.92118863,0.0,76.0,,0.7,99.0,2.892,,,2021-12-12 13:40:00
5464389.921274763,0.0,76.0,,0.7,101.0,3.472,,,2021-12-12 13:45:00
5464390.921360896,0.0,77.0,,0.7,87.0,0.010695,,,2021-12-12 13:50:00
5464391.921447028,0.0,78.0,,0.7,83.0,0.114356,,,2021-12-12 13:55:00
5464392.921533161,0.0,78.0,,0.7,84.0,0.00353,,,2021-12-12 14:00:00
5464393.921619293,0.0,77.0,,0.7,85.0,0.005212,,,2021-12-12 14:05:00
5464394.921705426,0.0,76.0,,0.7,93.0,0.012381,,,2021-12-12 14:10:00
5464395.921791559,0.0,74.0,,0.7,94.0,0.010788,,,2021-12-12 14:15:00
5464396.9218776915,0.0,75.0,,0.7,94.0,0.04936,,,2021-12-12 14:20:00
5464397.921963824,0.0,76.0,,0.7,96.0,0.12914,,,2021-12-12 14:25:00
5464398.922049956,0.0,76.0,,0.7,97.0,0.5896,,,2021-12-12 14:30:00
5464399.92213609,0.0,76.0,,0.7,98.0,1.8722,,,2021-12-12 14:35:00
5464400.922222222,0.0,78.0,,0.7,97.0,2.012,,,2021-12-12 14:40:00
5464401.922308355,0.0,78.0,,0.7,100.0,6.1,,,2021-12-12 14:45:00
5464402.922394487,0.0,79.0,,0.7,104.0,10.198,,,2021-12-12 14:50:00
5464403.9224806195,0.0,83.0,,0.7,106.0,12.216,,,2021-12-12 14:55:00
5464404.922566753,0.0,87.0,,0.7,101.0,16.14,,,2021-12-12 15:00:00
5464405.922652885,0.0,94.0,,0.7,103.0,14.78,,15.1,2021-12-12 15:05:00
5464406.922739018,0.0,105.0,,0.7,98.0,19.42,150.0,,2021-12-12 15:10:00
5464407.92282515,0.0,120.0,,0.7,94.0,13.794,,,2021-12-12 15:15:00
5464408.922911284,0.0,134.0,,0.7,94.0,7.2662,,,2021-12-12 15:20:00
5464409.922997416,0.0,151.0,,0.7,98.0,7.1628,,,2021-12-12 15:25:00
5464410.923083548,0.0,165.0,,0.7,99.0,8.864,,,2021-12-12 15:30:00
5464411.923169681,0.0,176.0,,0.7,96.0,9.15,,,2021-12-12 15:35:00
5464412.923255813,0.0,185.0,,0.7,95.0,6.054,,,2021-12-12 15:40:00
5464413.923341947,0.0,197.0,,0.7,95.0,5.13,,,2021-12-12 15:45:00
5464414.923428079,0.0,210.0,,0.7,95.0,2.3062,,,2021-12-12 15:50:00
5464415.923514212,0.0,222.0,,0.7,96.0,1.5054,,,2021-12-12 15:55:00
5464416.923600344,0.0,226.0,,0.7,94.0,0.8066,,,2021-12-12 16:00:00
5464417.923686477,0.0,229.0,,0.7,96.0,0.7924,,,2021-12-12 16:05:00
5464418.92377261,0.0,235.0,,0.7,110.0,0.8178,,,2021-12-12 16:10:00
5464419.923858742,0.0,240.0,,0.7,110.0,0.6152,,,2021-12-12 16:15:00
5464420.923944875,0.0,237.0,,0.7,106.0,1.4914,,,2021-12-12 16:20:00
5464421.924031007,0.0,232.0,,0.7,105.0,2.2288,,,2021-12-12 16:25:00
5464422.9241171405,0.0,231.0,,0.7,103.0,2.724,,,2021-12-12 16:30:00
5464423.924203273,0.0,228.0,,0.7,93.0,2.878,,,2021-12-12 16:35:00
5464424.924289405,0.0,225.0,,0.7,92.0,0.622386,,,2021-12-12 16:40:00
5464425.924375538,0.0,221.0,,0.7,92.0,0.003886,,,2021-12-12 16:45:00
5464426.924461671,0.0,220.0,,0.7,105.0,0.733512,,,2021-12-12 16:50:00
5464427.924547804,0.0,223.0,,0.9,107.0,4.174,,,2021-12-12 16:55:00
5464428.924633936,0.0,220.0,,0.9,105.0,13.1,,,2021-12-12 17:00:00
5464429.924720068,0.0,216.0,,0.9,112.0,18.84,,,2021-12-12 17:05:00
5464430.924806201,0.0,208.0,,0.9,105.0,20.04,,,2021-12-12 17:10:00
5464431.924892334,0.0,196.0,,0.9,111.0,17.96,,,2021-12-12 17:15:00
5464432.924978467,0.0,183.0,,0.9,97.0,22.14,,,2021-12-12 17:20:00
5464433.925064599,0.0,172.0,,0.9,94.0,13.052,,,2021-12-12 17:25:00
5464434.925150732,0.0,164.0,,0.9,92.0,12.86,,,2021-12-12 17:30:00
5464435.925236865,0.0,161.0,,0.9,93.0,13.3,,,2021-12-12 17:35:00
5464436.925322997,0.0,162.0,,0.9,94.0,11.84,,,2021-12-12 17:40:00
5464437.92540913,0.0,164.0,,0.9,92.0,10.49,,,2021-12-12 17:45:00
5464438.925495262,0.0,168.0,,0.9,92.0,8.226,,,2021-12-12 17:50:00
5464439.925581396,0.0,170.0,,0.9,92.0,7.816,,,2021-12-12 17:55:00
5464440.925667528,0.0,170.0,,0.9,94.0,5.485,,,2021-12-12 18:00:00
5464441.9257536605,0.0,168.0,,0.9,91.0,3.27442,,,2021-12-12 18:05:00
5464442.925839793,0.0,164.0,,0.9,92.0,2.808,,,2021-12-12 18:10:00
5464443.925925925,0.0,159.0,,0.9,90.0,1.99,,,2021-12-12 18:15:00
5464444.926012059,0.0,150.0,,0.9,98.0,1.752,,,2021-12-12 18:20:00
5464445.926098191,0.0,147.0,,0.9,92.0,0.7236,,,2021-12-12 18:25:00
5464446.926184324,0.0,138.0,,0.9,88.0,0.428,,,2021-12-12 18:30:00
5464447.926270456,0.0,127.0,,0.9,87.0,0.128857,,,2021-12-12 18:35:00
5464448.926356589,0.0,121.0,,0.9,88.0,0.055638,,,2021-12-12 18:40:00
5464449.926442722,0.0,115.0,,0.9,85.0,0.028168,,,2021-12-12 18:45:00
5464450.926528854,0.0,111.0,,0.9,86.0,0.02138,,,2021-12-12 18:50:00
5464451.926614987,0.0,107.0,,0.9,84.0,0.022268,,,2021-12-12 18:55:00
5464452.926701119,0.0,105.0,,0.9,86.0,0.02832,,,2021-12-12 19:00:00
5464453.926787253,0.0,103.0,,0.9,89.0,0.020716,,,2021-12-12 19:05:00
5464454.926873385,0.0,101.0,,0.9,88.0,0.01709,,,2021-12-12 19:10:00
5464455.926959517,0.0,100.0,,0.9,92.0,0.000553,,,2021-12-12 19:15:00
5464456.92704565,0.0,99.0,,0.9,91.0,0.00664,,,2021-12-12 19:20:00
5464457.927131783,0.0,98.0,,0.9,95.0,0.021931,,,2021-12-12 19:25:00
5464458.927217916,0.0,97.0,,0.9,98.0,3.23072,,,2021-12-12 19:30:00
5464459.927304048,0.0,94.0,,0.9,95.0,6.138,,,2021-12-12 19:35:00
5464460.9273901805,0.0,93.0,,0.9,95.0,5.046,,,2021-12-12 19:40:00
5464461.927476313,0.0,93.0,76.0,0.9,87.0,5.4684,,,2021-12-12 19:45:00
5464462.927562446,0.0,91.0,,0.9,87.0,1.0043,,,2021-12-12 19:50:00
5464463.927648579,0.0,91.0,,0.9,86.0,0.128038,,,2021-12-12 19:55:00
5464464.927734711,0.0,80.0,,0.9,86.0,0.046978,,,2021-12-12 20:00:00
5464465.927820844,0.0,79.0,,0.9,83.0,0.09298,,,2021-12-12 20:05:00
5464466.927906977,0.0,81.0,,0.9,85.0,0.2924,,,2021-12-12 20:10:00
5464467.927993109,0.0,83.0,,0.9,84.0,0.103,,,2021-12-12 20:15:00
5464468.928079242,0.0,82.0,,0.9,84.0,0.1036,,,2021-12-12 20:20:00
5464469.928165374,0.0,82.0,,0.9,84.0,0.2156,,,2021-12-12 20:25:00
5464470.928251507,0.0,83.0,,0.9,85.0,0.035245,,,2021-12-12 20:30:00
5464471.92833764,0.0,85.0,,0.9,86.0,6.4e-05,,,2021-12-12 20:35:00
5464472.928423773,0.0,86.0,,0.9,84.0,6.5e-05,,,2021-12-12 20:40:00
5464473.928509905,0.0,87.0,,0.9,84.0,6.5e-05,,,2021-12-12 20:45:00
5464474.928596037,0.0,88.0,,0.9,85.0,0.000215,,,2021-12-12 20:50:00
5464475.928682171,0.0,88.0,,0.9,82.0,0.004802,,,2021-12-12 20:55:00
5464476.928768303,0.0,88.0,,0.9,87.0,0.00245,,,2021-12-12 21:00:00
5464477.928854436,0.0,88.0,,0.9,88.0,0.011956,,,2021-12-12 21:05:00
5464478.928940568,0.0,88.0,88.0,0.9,91.0,0.01098,60.0,4.5,2021-12-12 21:10:00
5464479.929026701,0.0,90.0,,0.9,88.0,0.000778,,,2021-12-12 21:15:00
5464480.929112834,0.0,89.0,,0.9,86.0,0.000538,,,2021-12-12 21:20:00
5464481.929198966,0.0,89.0,,0.9,83.0,0.00092,,,2021-12-12 21:25:00
5464482.929285099,0.0,89.0,,0.9,89.0,0.019192,,,2021-12-12 21:30:00
5464483.929371231,0.0,90.0,,0.9,80.0,0.033204,,,2021-12-12 21:35:00
5464484.929457365,0.0,91.0,,0.9,80.0,0.008596,,,2021-12-12 21:40:00
5464485.929543497,0.0,93.0,,0.9,80.0,0.002352,,,2021-12-12 21:45:00
5464486.9296296295,0.0,96.0,,0.9,83.0,0.000709,,,2021-12-12 21:50:00
5464487.929715762,0.0,101.0,,0.9,83.0,0.000461,,,2021-12-12 21:55:00
5464488.929801894,0.0,104.0,,0.9,85.0,0.00172,,,2021-12-12 22:00:00
5464489.929888028,0.0,106.0,,0.9,86.0,0.001622,,,2021-12-12 22:05:00
5464490.92997416,0.0,107.0,,0.9,84.0,0.00153,,,2021-12-12 22:10:00
5464491.930060293,0.0,110.0,,0.9,84.0,0.001214,,,2021-12-12 22:15:00
5464492.930146425,0.0,114.0,,0.9,83.0,0.000621,,,2021-12-12 22:20:00
5464493.930232558,0.0,117.0,,0.9,82.0,0.000822,,,2021-12-12 22:25:00
5464494.930318691,0.0,119.0,,0.9,81.0,0.001852,,,2021-12-12 22:30:00
5464495.930404823,0.0,124.0,,0.9,86.0,0.001649,,,2021-12-12 22:35:00
5464496.930490956,0.0,126.0,,0.9,84.0,0.000569,,,2021-12-12 22:40:00
5464497.930577088,0.0,127.0,,0.9,81.0,6.6e-05,,,2021-12-12 22:45:00
5464498.9306632215,0.0,128.0,,0.9,82.0,0.000315,,,2021-12-12 22:50:00
5464499.930749354,0.0,129.0,,0.9,81.0,0.000118,,,2021-12-12 22:55:00
5464500.930835486,0.0,127.0,,0.9,81.0,5.6e-05,,,2021-12-12 23:00:00
5464501.930921619,0.0,127.0,,0.9,79.0,0.000131,,,2021-12-12 23:05:00
5464502.931007752,0.0,130.0,,0.9,77.0,0.000164,,,2021-12-12 23:10:00
5464503.931093885,0.0,130.0,,0.9,78.0,0.000314,,,2021-12-12 23:15:00
5464504.931180017,0.0,130.0,,0.9,78.0,0.000409,,,2021-12-12 23:20:00
5464505.9312661495,0.0,129.0,,0.9,77.0,0.000591,,,2021-12-12 23:25:00
5464506.931352282,0.0,127.0,,0.9,76.0,0.000781,,,2021-12-12 23:30:00
5464507.931438415,0.0,126.0,,0.9,77.0,0.000989,,,2021-12-12 23:35:00
5464508.931524548,0.0,125.0,,0.9,77.0,0.001216,,,2021-12-12 23:40:00
5464509.93161068,0.0,125.0,,0.9,77.0,0.001456,,,2021-12-12 23:45:00
5464510.931696813,0.0,124.0,,0.9,77.0,0.001698,,,2021-12-12 23:50:00
5464511.931782946,0.0,124.0,,0.93,76.0,0.004292,,,2021-12-12 23:55:00
5464512.931869078,0.0,123.0,,0.93,74.0,0.006984,,,2021-12-13 00:00:00
5464513.931955211,0.0,122.0,,0.93,73.0,0.001116,,,2021-12-13 00:05:00
5464514.932041343,0.0,122.0,,0.93,73.0,0.000179,,,2021-12-13 00:10:00
5464515.932127476,0.0,124.0,,0.93,77.0,7e-05,,,2021-12-13 00:15:00
5464516.932213609,0.0,124.0,,0.93,76.0,6e-05,,,2021-12-13 00:20:00
5464517.932299742,0.0,124.0,,0.93,76.0,5.5e-05,,,2021-12-13 00:25:00
5464518.932385874,0.0,125.0,,0.93,78.0,0.000153,,,2021-12-13 00:30:00
5464519.932472006,0.0,125.0,,0.93,76.0,0.00045,,,2021-12-13 00:35:00
5464520.93255814,0.0,124.0,,0.93,76.0,0.000958,,,2021-12-13 00:40:00
5464521.932644272,0.0,124.0,,0.93,75.0,0.000801,,,2021-12-13 00:45:00
5464522.932730405,0.0,121.0,,0.93,75.0,0.000116,,,2021-12-13 00:50:00
5464523.932816537,0.0,118.0,,0.93,74.0,5.6e-05,,,2021-12-13 00:55:00
5464524.9329026695,0.0,119.0,,0.93,74.0,0.000234,,,2021-12-13 01:00:00
5464525.932988803,0.0,123.0,,0.93,74.0,0.00031,,,2021-12-13 01:05:00
5464526.933074935,0.0,125.0,,0.93,75.0,0.000327,,,2021-12-13 01:10:00
5464527.933161068,0.0,125.0,,0.93,75.0,0.000316,,,2021-12-13 01:15:00
5464528.9332472,0.0,125.0,,0.93,77.0,0.000395,,,2021-12-13 01:20:00
5464529.933333334,0.0,126.0,,0.93,76.0,0.000494,,,2021-12-13 01:25:00
5464530.933419466,0.0,126.0,,0.93,76.0,0.000674,,,2021-12-13 01:30:00
5464531.933505598,0.0,127.0,,0.93,78.0,0.000766,,,2021-12-13 01:35:00
5464532.933591731,0.0,129.0,,0.93,75.0,0.000463,,,2021-12-13 01:40:00
5464533.933677863,0.0,127.0,,0.93,74.0,0.000645,,,2021-12-13 01:45:00
5464534.933763997,0.0,127.0,,0.93,79.0,0.000763,,,2021-12-13 01:50:00
5464535.933850129,0.0,127.0,,0.93,79.0,0.000453,,,2021-12-13 01:55:00
5464536.933936262,0.0,131.0,,0.93,77.0,8.1e-05,,,2021-12-13 02:00:00
5464537.934022394,0.0,133.0,,0.93,75.0,7.4e-05,,,2021-12-13 02:05:00
5464538.934108527,0.0,134.0,,0.93,76.0,5.6e-05,,,2021-12-13 02:10:00
5464539.93419466,0.0,136.0,,0.93,76.0,5e-05,,,2021-12-13 02:15:00
5464540.934280792,0.0,138.0,,0.93,73.0,4.9e-05,,,2021-12-13 02:20:00
5464541.934366925,0.0,140.0,,0.93,73.0,4.9e-05,,,2021-12-13 02:25:00
5464542.934453057,0.0,139.0,,0.93,72.0,4.9e-05,,,2021-12-13 02:30:00
5464543.9345391905,0.0,140.0,,0.93,73.0,4.9e-05,,,2021-12-13 02:35:00
5464544.934625323,0.0,141.0,,0.93,74.0,5e-05,,,2021-12-13 02:40:00
5464545.934711455,0.0,143.0,,0.93,72.0,4.8e-05,,,2021-12-13 02:45:00
5464546.934797588,0.0,144.0,,0.93,73.0,6.1e-05,,,2021-12-13 02:50:00
5464547.934883721,0.0,144.0,,0.93,71.0,7.7e-05,,,2021-12-13 02:55:00
5464548.934969854,0.0,143.0,,0.93,72.0,8.4e-05,,,2021-12-13 03:00:00
5464549.935055986,0.0,145.0,,0.93,72.0,0.000215,,,2021-12-13 03:05:00
5464550.9351421185,0.0,149.0,,0.93,73.0,0.000458,,,2021-12-13 03:10:00
5464551.935228251,0.0,153.0,,0.93,73.0,0.00147,,,2021-12-13 03:15:00
5464552.935314384,0.0,157.0,,0.93,74.0,0.004514,,,2021-12-13 03:20:00
5464553.935400517,0.0,157.0,,0.93,74.0,0.010934,,,2021-12-13 03:25:00
5464554.935486649,0.0,158.0,,0.93,75.0,0.02126,,,2021-12-13 03:30:00
5464555.935572782,0.0,159.0,,0.93,76.0,0.02696,,,2021-12-13 03:35:00
5464556.935658915,0.0,157.0,,0.93,74.0,0.01426,,,2021-12-13 03:40:00
5464557.935745047,0.0,154.0,,0.93,72.0,0.000161,,,2021-12-13 03:45:00
5464558.93583118,0.0,155.0,,0.93,73.0,0.000125,,,2021-12-13 03:50:00
5464559.935917312,0.0,153.0,,1.1,73.0,5.2e-05,,,2021-12-13 03:55:00
5464560.936003445,0.0,153.0,,1.1,74.0,5.1e-05,,,2021-12-13 04:00:00
5464561.936089578,0.0,154.0,,1.1,74.0,0.000183,,,2021-12-13 04:05:00
5464562.9361757105,0.0,156.0,,1.1,74.0,0.000521,,,2021-12-13 04:10:00
5464563.936261843,0.0,158.0,,1.1,74.0,5e-05,,,2021-12-13 04:15:00
5464564.936347975,0.0,160.0,,1.1,75.0,0.000415,,,2021-12-13 04:20:00
5464565.936434109,0.0,160.0,,1.1,74.0,0.00081,,,2021-12-13 04:25:00
5464566.936520241,0.0,157.0,,1.1,74.0,0.001146,,,2021-12-13 04:30:00
5464567.936606374,0.0,158.0,,1.1,73.0,0.00069,,,2021-12-13 04:35:00
5464568.936692506,0.0,165.0,,1.1,86.0,9.1e-05,,,2021-12-13 04:40:00
5464569.9367786385,0.0,172.0,,1.1,,,,,2021-12-13 04:45:00
5464570.936864772,0.0,175.0,,1.1,,,,,2021-12-13 04:50:00
5464571.936950904,0.0,183.0,,1.25,,,,,2021-12-13 04:55:00
5464572.937037037,0.0,191.0,,1.25,,,,,2021-12-13 05:00:00
5464573.937123169,0.0,199.0,214.0,1.25,,,,1.6,2021-12-13 05:05:00
5464574.937209303,0.0,209.0,,1.25,87.0,9e-05,,,2021-12-13 05:10:00
5464575.937295435,0.0,216.0,,1.25,89.0,5.8e-05,,,2021-12-13 05:15:00
5464576.937381567,0.0,214.0,,1.25,83.0,5.2e-05,,,2021-12-13 05:20:00
5464577.9374677,0.0,207.0,,1.25,88.0,5.5e-05,,,2021-12-13 05:25:00
5464578.937553832,0.0,210.0,,1.25,84.0,5.8e-05,,,2021-12-13 05:30:00
5464579.937639966,0.0,211.0,,1.25,84.0,6e-05,,,2021-12-13 05:35:00
5464580.937726098,0.0,212.0,,1.25,97.0,6.4e-05,,,2021-12-13 05:40:00
5464581.937812231,0.0,212.0,,1.25,89.0,6.3e-05,,,2021-12-13 05:45:00
5464582.937898363,0.0,213.0,,1.25,85.0,6e-05,,,2021-12-13 05:50:00
5464583.937984496,0.0,213.0,,1.25,85.0,5.8e-05,,,2021-12-13 05:55:00
5464584.938070629,0.0,214.0,,1.25,84.0,6.3e-05,,,2021-12-13 06:00:00
5464585.938156761,0.0,214.0,,1.25,87.0,6.2e-05,,,2021-12-13 06:05:00
5464586.938242894,0.0,217.0,216.0,1.25,88.0,5.3e-05,145.0,10.0,2021-12-13 06:10:00
5464587.938329026,0.0,222.0,,1.25,86.0,5.5e-05,,9.1,2021-12-13 06:15:00
5464588.9384151595,0.0,224.0,,1.25,87.0,5.7e-05,,,2021-12-13 06:20:00
5464589.938501292,0.0,223.0,,1.25,85.0,5.9e-05,,,2021-12-13 06:25:00
5464590.938587424,0.0,222.0,,1.25,91.0,5.9e-05,,,2021-12-13 06:30:00
5464591.938673557,0.0,224.0,,1.25,84.0,6.2e-05,,,2021-12-13 06:35:00
5464592.93875969,0.0,230.0,,1.25,87.0,6.1e-05,,,2021-12-13 06:40:00
5464593.938845823,0.0,240.0,,1.25,85.0,6e-05,,,2021-12-13 06:45:00
5464594.938931955,0.0,251.0,,1.25,86.0,6.1e-05,,,2021-12-13 06:50:00
5464595.939018087,0.0,261.0,,1.3,89.0,6.2e-05,,,2021-12-13 06:55:00
5464596.93910422,0.0,273.0,,1.3,92.0,5.4e-05,,,2021-12-13 07:00:00
5464597.939190353,0.0,281.0,,1.3,86.0,5.6e-05,,,2021-12-13 07:05:00
5464598.939276486,0.0,284.0,,1.3,81.0,5.3e-05,,,2021-12-13 07:10:00
5464599.939362618,0.0,288.0,,1.3,76.0,5.2e-05,,,2021-12-13 07:15:00
5464600.939448751,0.0,289.0,,1.3,82.0,5.2e-05,,,2021-12-13 07:20:00
5464601.939534884,0.0,291.0,,1.3,91.0,5.6e-05,,,2021-12-13 07:25:00
5464602.939621016,0.0,297.0,,1.3,87.0,5.6e-05,,,2021-12-13 07:30:00
5464603.939707149,0.0,300.0,,1.3,92.0,5.5e-05,,,2021-12-13 07:35:00
5464604.939793281,0.0,304.0,,1.3,81.0,5.3e-05,,,2021-12-13 07:40:00
5464605.939879414,0.0,305.0,,1.3,81.0,5e-05,,,2021-12-13 07:45:00
5464606.939965547,0.0,304.0,,1.3,80.0,5.1e-05,,,2021-12-13 07:50:00
5464607.9400516795,0.0,304.0,,1.3,79.0,5e-05,,,2021-12-13 07:55:00
5464608.940137812,0.0,303.0,,1.3,80.0,5e-05,,,2021-12-13 08:00:00
5464609.940223944,0.0,302.0,,1.3,81.0,5.2e-05,,,2021-12-13 08:05:00
5464610.940310078,0.0,304.0,,1.3,81.0,5.2e-05,,,2021-12-13 08:10:00
5464611.94039621,0.0,305.0,,1.3,82.0,5.1e-05,,,2021-12-13 08:15:00
5464612.940482343,0.0,305.0,,1.3,81.0,5.3e-05,,,2021-12-13 08:20:00
5464613.940568475,0.0,305.0,,1.3,81.0,5.2e-05,,,2021-12-13 08:25:00
5464614.9406546075,0.0,302.0,,1.3,81.0,5.2e-05,,,2021-12-13 08:30:00
5464615.940740741,0.0,299.0,,1.3,80.0,4.7e-05,,,2021-12-13 08:35:00
5464616.940826873,0.0,291.0,,1.3,79.0,4.6e-05,,,2021-12-13 08:40:00
5464617.940913006,0.0,283.0,,1.3,80.0,4.6e-05,,,2021-12-13 08:45:00
5464618.940999138,0.0,276.0,,1.3,80.0,4.6e-05,,,2021-12-13 08:50:00
5464619.941085272,0.0,270.0,,1.3,81.0,4.7e-05,,,2021-12-13 08:55:00
5464620.941171404,0.0,267.0,,1.3,79.0,4.5e-05,,,2021-12-13 09:00:00
5464621.941257536,0.0,264.0,,1.3,82.0,4.5e-05,,,2021-12-13 09:05:00
5464622.941343669,0.0,262.0,,1.3,81.0,4.7e-05,,,2021-12-13 09:10:00
5464623.941429801,0.0,261.0,,1.3,81.0,4.8e-05,,,2021-12-13 09:15:00
5464624.941515935,0.0,256.0,,1.3,80.0,4.8e-05,,,2021-12-13 09:20:00
5464625.941602067,0.0,252.0,,1.3,81.0,4.7e-05,,,2021-12-13 09:25:00
5464626.9416881995,0.0,248.0,,1.3,83.0,4.5e-05,,,2021-12-13 09:30:00
5464627.941774332,0.0,244.0,,1.3,82.0,4.5e-05,,,2021-12-13 09:35:00
5464628.941860465,0.0,239.0,,1.3,78.0,4.7e-05,,,2021-12-13 09:40:00
5464629.941946598,0.0,231.0,,1.3,79.0,4.8e-05,,,2021-12-13 09:45:00
5464630.94203273,0.0,224.0,,1.3,80.0,4.8e-05,,,2021-12-13 09:50:00
5464631.942118863,0.0,218.0,,1.3,80.0,4.9e-05,,,2021-12-13 09:55:00
5464632.942204995,0.0,215.0,,1.3,81.0,4.9e-05,,,2021-12-13 10:00:00
5464633.942291128,0.0,209.0,,1.3,81.0,4.9e-05,,,2021-12-13 10:05:00
5464634.942377261,0.0,203.0,,1.3,80.0,4.9e-05,,,2021-12-13 10:10:00
5464635.942463393,0.0,201.0,,1.3,89.0,4.7e-05,,,2021-12-13 10:15:00
5464636.942549526,0.0,204.0,,1.3,81.0,4.8e-05,,,2021-12-13 10:20:00
5464637.942635659,0.0,203.0,,1.3,81.0,4.8e-05,,,2021-12-13 10:25:00
5464638.942721792,0.0,198.0,,1.3,73.0,4.4e-05,,,2021-12-13 10:30:00
5464639.942807924,0.0,193.0,,1.3,77.0,4.5e-05,,,2021-12-13 10:35:00
5464640.942894056,0.0,188.0,,1.3,78.0,4.4e-05,,,2021-12-13 10:40:00
5464641.942980189,0.0,185.0,,1.3,78.0,4.5e-05,,,2021-12-13 10:45:00
5464642.943066322,0.0,179.0,,1.3,78.0,4.4e-05,,,2021-12-13 10:50:00
5464643.943152455,0.0,172.0,,0.7,79.0,4.5e-05,,,2021-12-13 10:55:00
5464644.943238587,0.0,166.0,,0.7,80.0,4.6e-05,,,2021-12-13 11:00:00
5464645.94332472,0.0,163.0,,0.7,78.0,4.7e-05,,,2021-12-13 11:05:00
5464646.943410853,0.0,159.0,,0.7,80.0,4.7e-05,,,2021-12-13 11:10:00
5464647.943496985,0.0,156.0,,0.7,79.0,4.7e-05,,,2021-12-13 11:15:00
5464648.943583118,0.0,152.0,,0.7,79.0,4.6e-05,,,2021-12-13 11:20:00
5464649.94366925,0.0,149.0,,0.7,78.0,4.7e-05,,,2021-12-13 11:25:00
5464650.943755383,0.0,145.0,,0.7,78.0,4.7e-05,,,2021-12-13 11:30:00
5464651.943841516,0.0,143.0,,0.7,78.0,4.5e-05,,,2021-12-13 11:35:00
5464652.9439276485,0.0,141.0,,0.7,79.0,4.6e-05,,,2021-12-13 11:40:00
5464653.944013781,0.0,139.0,,0.7,78.0,4.6e-05,,,2021-12-13 11:45:00
5464654.944099913,0.0,135.0,,0.7,79.0,4.6e-05,,,2021-12-13 11:50:00
5464655.944186047,0.0,132.0,,0.7,81.0,4.5e-05,,,2021-12-13 11:55:00
5464656.944272179,0.0,131.0,,0.7,84.0,4.5e-05,,,2021-12-13 12:00:00
5464657.944358312,0.0,133.0,,0.7,79.0,4.4e-05,,,2021-12-13 12:05:00
5464658.944444444,0.0,134.0,,0.7,80.0,4.6e-05,,,2021-12-13 12:10:00
5464659.9445305765,0.0,130.0,,0.7,78.0,4.7e-05,,,2021-12-13 12:15:00
5464660.94461671,0.0,128.0,138.0,0.7,84.0,4.6e-05,,3.3,2021-12-13 12:20:00
5464661.944702842,0.0,128.0,,0.7,85.0,4.3e-05,45.0,2.8,2021-12-13 12:25:00
5464662.944788975,0.0,125.0,,0.7,76.0,4.5e-05,,,2021-12-13 12:30:00
5464663.944875107,0.0,131.0,,0.7,77.0,4.4e-05,,,2021-12-13 12:35:00
5464664.9449612405,0.0,132.0,,0.7,75.0,4.3e-05,,,2021-12-13 12:40:00
5464665.945047373,0.0,133.0,,0.7,76.0,4.3e-05,,,2021-12-13 12:45:00
5464666.945133505,0.0,136.0,,0.7,76.0,4.3e-05,,,2021-12-13 12:50:00
5464667.945219638,0.0,142.0,,0.7,78.0,4.4e-05,,,2021-12-13 12:55:00
5464668.94530577,0.0,153.0,,0.7,80.0,4.4e-05,,,2021-12-13 13:00:00
5464669.945391904,0.0,156.0,,0.7,83.0,4.4e-05,,,2021-12-13 13:05:00
5464670.945478036,0.0,168.0,,0.7,79.0,4.4e-05,,,2021-12-13 13:10:00
5464671.9455641685,0.0,182.0,,0.7,84.0,4.4e-05,,,2021-12-13 13:15:00
5464672.945650301,0.0,196.0,,0.7,84.0,4.4e-05,,,2021-12-13 13:20:00
5464673.945736434,0.0,205.0,,0.7,75.0,4.4e-05,,,2021-12-13 13:25:00
5464674.945822567,0.0,210.0,,0.7,77.0,4.4e-05,,,2021-12-13 13:30:00
5464675.945908699,0.0,215.0,,0.7,75.0,5.1e-05,,,2021-12-13 13:35:00
5464676.945994832,0.0,220.0,,0.7,74.0,5.5e-05,,,2021-12-13 13:40:00
5464677.946080964,0.0,224.0,,0.7,70.0,5e-05,,,2021-12-13 13:45:00
5464678.946167097,0.0,230.0,,0.7,73.0,4.7e-05,,,2021-12-13 13:50:00
5464679.94625323,0.0,235.0,,0.7,73.0,4.6e-05,,,2021-12-13 13:55:00
5464680.946339362,0.0,237.0,,0.7,70.0,4.7e-05,,,2021-12-13 14:00:00
5464681.946425495,0.0,235.0,,0.7,70.0,4.6e-05,,,2021-12-13 14:05:00
5464682.946511628,0.0,230.0,,0.7,87.0,4.4e-05,,,2021-12-13 14:10:00
5464683.946597761,0.0,225.0,,0.7,69.0,4.6e-05,,,2021-12-13 14:15:00
5464684.946683893,0.0,221.0,,0.7,71.0,4.4e-05,,,2021-12-13 14:20:00
5464685.946770025,0.0,220.0,,0.7,79.0,4.4e-05,,,2021-12-13 14:25:00
5464686.946856158,1.0,,,0.7,82.0,4.5e-05,,,2021-12-13 14:30:00
5464687.946942291,1.0,,,0.7,86.0,4.4e-05,,,2021-12-13 14:35:00
5464688.947028424,1.0,,,0.7,79.0,4.4e-05,,,2021-12-13 14:40:00
5464689.947114556,1.0,,,0.7,72.0,4.5e-05,,,2021-12-13 14:45:00
5464690.9472006885,1.0,,,0.7,68.0,4.3e-05,,,2021-12-13 14:50:00
5464691.947286822,1.0,,,0.7,73.0,4.3e-05,,,2021-12-13 14:55:00
5464692.947372954,1.0,,,0.7,81.0,4.3e-05,,,2021-12-13 15:00:00
5464693.947459087,1.0,,,0.7,74.0,4.6e-05,,,2021-12-13 15:05:00
5464694.947545219,1.0,,,0.7,79.0,5.2e-05,,,2021-12-13 15:10:00
5464695.947631352,1.0,,,0.7,80.0,5.6e-05,,,2021-12-13 15:15:00
5464696.947717485,1.0,,,0.7,84.0,5.1e-05,,,2021-12-13 15:20:00
5464697.947803617,1.0,,204.0,0.7,81.0,4.9e-05,140.0,10.3,2021-12-13 15:25:00
5464698.94788975,1.0,,,0.7,86.0,5.1e-05,,8.8,2021-12-13 15:30:00
5464699.947975882,1.0,,,0.7,82.0,5.7e-05,,,2021-12-13 15:35:00
5464700.948062016,1.0,,,0.7,85.0,5.2e-05,,,2021-12-13 15:40:00
5464701.948148148,1.0,,,0.7,86.0,6.5e-05,,,2021-12-13 15:45:00
5464702.948234281,1.0,,,0.7,81.0,6.5e-05,,,2021-12-13 15:50:00
5464703.948320413,1.0,,,0.7,84.0,6.6e-05,,,2021-12-13 15:55:00
5464704.948406545,1.0,,,0.7,84.0,5.5e-05,,,2021-12-13 16:00:00
5464705.948492679,1.0,,,0.7,86.0,5.8e-05,,,2021-12-13 16:05:00
5464706.948578811,1.0,,,0.7,82.0,5.7e-05,,,2021-12-13 16:10:00
5464707.948664944,1.0,,,0.7,84.0,5.6e-05,,,2021-12-13 16:15:00
5464708.948751076,1.0,,,0.7,90.0,6.1e-05,,,2021-12-13 16:20:00
5464709.9488372095,1.0,,,0.7,92.0,5.9e-05,,,2021-12-13 16:25:00
5464710.948923342,1.0,,,0.7,88.0,6.3e-05,,,2021-12-13 16:30:00
5464711.949009474,1.0,,,0.7,85.0,6.6e-05,,,2021-12-13 16:35:00
5464712.949095607,1.0,,,0.7,88.0,6.6e-05,,,2021-12-13 16:40:00
5464713.949181739,1.0,,,0.7,90.0,7.7e-05,,,2021-12-13 16:45:00
5464714.949267873,1.0,,204.0,0.7,89.0,6.3e-05,,,2021-12-13 16:50:00
5464715.949354005,1.0,,,0.9,100.0,5.4e-05,,,2021-12-13 16:55:00
5464716.9494401375,0.0,199.0,,0.9,112.0,6.8e-05,,,2021-12-13 17:00:00
5464717.94952627,0.0,190.0,,0.9,108.0,0.000336,,,2021-12-13 17:05:00
5464718.949612403,0.0,178.0,,0.9,102.0,0.000538,,,2021-12-13 17:10:00
5464719.949698536,0.0,167.0,,0.9,103.0,0.002784,,,2021-12-13 17:15:00
5464720.949784668,0.0,157.0,,0.9,94.0,0.001733,,,2021-12-13 17:20:00
5464721.949870801,0.0,152.0,,0.9,93.0,0.000577,,,2021-12-13 17:25:00
5464722.949956933,0.0,147.0,,0.9,91.0,0.000164,,,2021-12-13 17:30:00
5464723.950043066,0.0,147.0,,0.9,97.0,8.1e-05,,,2021-12-13 17:35:00
5464724.950129199,0.0,147.0,,0.9,94.0,7.5e-05,,,2021-12-13 17:40:00
5464725.950215331,0.0,146.0,,0.9,89.0,8e-05,,,2021-12-13 17:45:00
5464726.950301464,0.0,146.0,,0.9,87.0,8.2e-05,,,2021-12-13 17:50:00
5464727.950387597,0.0,145.0,,0.9,100.0,7e-05,,,2021-12-13 17:55:00
5464728.9504737295,0.0,143.0,,0.9,90.0,6e-05,,,2021-12-13 18:00:00
5464729.950559862,0.0,139.0,,0.9,90.0,5.1e-05,,,2021-12-13 18:05:00
5464730.950645994,0.0,137.0,,0.9,101.0,0.000101,,,2021-12-13 18:10:00
5464731.950732127,0.0,135.0,,0.9,88.0,0.000149,,,2021-12-13 18:15:00
5464732.95081826,0.0,132.0,,0.9,87.0,5.3e-05,,,2021-12-13 18:20:00
5464733.950904393,0.0,132.0,,0.9,87.0,5.2e-05,,,2021-12-13 18:25:00
5464734.950990525,0.0,133.0,,0.9,87.0,5.3e-05,,,2021-12-13 18:30:00
5464735.9510766575,0.0,135.0,,0.9,88.0,5.4e-05,,,2021-12-13 18:35:00
5464736.951162791,0.0,137.0,,0.9,90.0,5.7e-05,,,2021-12-13 18:40:00
5464737.951248923,0.0,137.0,,0.9,89.0,5.4e-05,,,2021-12-13 18:45:00
5464738.951335056,0.0,136.0,,0.9,88.0,5.6e-05,,,2021-12-13 18:50:00
5464739.951421188,0.0,134.0,,0.9,88.0,5.7e-05,,,2021-12-13 18:55:00
5464740.951507321,0.0,130.0,,0.9,87.0,6.8e-05,,,2021-12-13 19:00:00
5464741.951593454,0.0,128.0,,0.9,87.0,6.5e-05,,,2021-12-13 19:05:00
5464742.951679586,0.0,126.0,,0.9,85.0,6.1e-05,,,2021-12-13 19:10:00
5464743.951765719,0.0,124.0,,0.9,85.0,6.3e-05,,,2021-12-13 19:15:00
5464744.951851851,0.0,123.0,,0.9,88.0,6.6e-05,,,2021-12-13 19:20:00
5464745.951937985,0.0,122.0,,0.9,82.0,5e-05,,,2021-12-13 19:25:00
5464746.952024117,0.0,119.0,,0.9,84.0,5e-05,,,2021-12-13 19:30:00
5464747.95211025,0.0,117.0,,0.9,84.0,5.2e-05,,,2021-12-13 19:35:00
5464748.952196382,0.0,115.0,,0.9,82.0,5.1e-05,,,2021-12-13 19:40:00
5464749.952282514,0.0,114.0,,0.9,80.0,5.2e-05,,,2021-12-13 19:45:00
5464750.952368648,0.0,116.0,,0.9,94.0,5.3e-05,,,2021-12-13 19:50:00
5464751.95245478,0.0,116.0,,0.9,90.0,5.8e-05,,,2021-12-13 19:55:00
5464752.952540913,0.0,116.0,,0.9,91.0,7.9e-05,,,2021-12-13 20:00:00
5464753.952627045,0.0,115.0,,0.9,84.0,9.2e-05,,,2021-12-13 20:05:00
5464754.9527131785,0.0,114.0,,0.9,90.0,0.000683,,,2021-12-13 20:10:00
5464755.952799311,0.0,113.0,,0.9,87.0,0.001003,,,2021-12-13 20:15:00
5464756.952885443,0.0,110.0,,0.9,85.0,0.003522,,,2021-12-13 20:20:00
5464757.952971576,0.0,106.0,,0.9,87.0,0.012365,,,2021-12-13 20:25:00
5464758.953057709,0.0,104.0,,0.9,86.0,0.014908,,,2021-12-13 20:30:00
5464759.953143842,0.0,103.0,,0.9,95.0,0.166454,,,2021-12-13 20:35:00
5464760.953229974,0.0,103.0,83.0,0.9,90.0,0.512112,,,2021-12-13 20:40:00
5464761.953316106,0.0,102.0,83.0,0.9,90.0,0.45174,,6.2,2021-12-13 20:45:00
5464762.953402239,0.0,91.0,,0.9,86.0,0.1506,100.0,6.2,2021-12-13 20:50:00
5464763.953488372,0.0,91.0,,0.9,88.0,0.055274,,,2021-12-13 20:55:00
5464764.953574505,0.0,92.0,,0.9,88.0,0.018124,,,2021-12-13 21:00:00
5464765.953660637,0.0,91.0,,0.9,84.0,0.000817,,,2021-12-13 21:05:00
5464766.95374677,0.0,89.0,,0.9,83.0,0.000802,,,2021-12-13 21:10:00
5464767.953832903,0.0,89.0,,0.9,84.0,0.000503,,,2021-12-13 21:15:00
5464768.953919035,0.0,89.0,,0.9,83.0,5e-05,,,2021-12-13 21:20:00
5464769.954005168,0.0,89.0,,0.9,83.0,0.000203,,,2021-12-13 21:25:00
5464770.9540913,0.0,90.0,,0.9,83.0,0.000394,,,2021-12-13 21:30:00
5464771.954177433,0.0,92.0,,0.9,85.0,0.00047,,,2021-12-13 21:35:00
5464772.954263566,0.0,94.0,,0.9,84.0,0.000479,,,2021-12-13 21:40:00
5464773.9543496985,0.0,97.0,,0.9,87.0,0.000389,,,2021-12-13 21:45:00
5464774.954435831,0.0,100.0,,0.9,84.0,0.000369,,,2021-12-13 21:50:00
5464775.954521963,0.0,102.0,,0.9,88.0,0.000293,,,2021-12-13 21:55:00
5464776.954608097,0.0,104.0,,0.9,88.0,0.000287,,,2021-12-13 22:00:00
5464777.954694229,0.0,103.0,,0.9,86.0,0.000198,,,2021-12-13 22:05:00
5464778.954780362,0.0,100.0,,0.9,84.0,7.1e-05,,,2021-12-13 22:10:00
5464779.954866494,0.0,98.0,,0.9,83.0,7.7e-05,,,2021-12-13 22:15:00
5464780.9549526265,0.0,97.0,,0.9,83.0,4.8e-05,,,2021-12-13 22:20:00
5464781.95503876,0.0,97.0,,0.9,82.0,8.3e-05,,,2021-12-13 22:25:00
5464782.955124892,0.0,97.0,,0.9,85.0,6e-05,,,2021-12-13 22:30:00
5464783.955211025,0.0,98.0,,0.9,81.0,5.8e-05,,,2021-12-13 22:35:00
5464784.955297157,0.0,97.0,,0.9,78.0,5.3e-05,,,2021-12-13 22:40:00
5464785.955383291,0.0,94.0,,0.9,78.0,4.7e-05,,,2021-12-13 22:45:00
5464786.955469423,0.0,92.0,,0.9,77.0,4.6e-05,,,2021-12-13 22:50:00
5464787.955555555,0.0,92.0,,0.9,78.0,4.6e-05,,,2021-12-13 22:55:00
5464788.955641688,0.0,90.0,,0.9,79.0,4.6e-05,,,2021-12-13 23:00:00
5464789.95572782,0.0,96.0,,0.9,79.0,5e-05,,,2021-12-13 23:05:00
5464790.955813954,0.0,99.0,,0.9,76.0,5.7e-05,,,2021-12-13 23:10:00
5464791.955900086,0.0,96.0,,0.9,77.0,5.9e-05,,,2021-12-13 23:15:00
5464792.9559862185,0.0,94.0,,0.9,79.0,6.1e-05,,,2021-12-13 23:20:00
5464793.956072351,0.0,94.0,,0.9,78.0,6.2e-05,,,2021-12-13 23:25:00
5464794.956158484,0.0,95.0,,0.9,78.0,6.2e-05,,,2021-12-13 23:30:00
5464795.956244617,0.0,97.0,,0.9,80.0,6.1e-05,,,2021-12-13 23:35:00
5464796.956330749,0.0,102.0,,0.9,81.0,5.1e-05,,,2021-12-13 23:40:00
5464797.956416882,0.0,103.0,,0.9,81.0,4.8e-05,,,2021-12-13 23:45:00
5464798.956503014,0.0,101.0,,0.9,81.0,4.7e-05,,,2021-12-13 23:50:00
5464799.956589147,0.0,100.0,,0.9,80.0,4.7e-05,,,2021-12-13 23:55:00
5464800.95667528,0.0,98.0,,0.9,80.0,4.7e-05,,,2021-12-14 00:00:00
5464801.956761412,0.0,98.0,,0.9,80.0,4.8e-05,,,2021-12-14 00:05:00
5464802.956847545,0.0,103.0,,0.9,78.0,5.4e-05,,,2021-12-14 00:10:00
5464803.956933678,0.0,110.0,,0.9,76.0,5.8e-05,,,2021-12-14 00:15:00
5464804.957019811,0.0,114.0,,0.9,77.0,5.9e-05,,,2021-12-14 00:20:00
5464805.957105943,0.0,116.0,,0.9,77.0,5.4e-05,,,2021-12-14 00:25:00
5464806.957192075,0.0,116.0,,0.9,77.0,5.1e-05,,,2021-12-14 00:30:00
5464807.957278208,0.0,115.0,,0.9,77.0,4.9e-05,,,2021-12-14 00:35:00
5464808.957364341,0.0,112.0,,0.9,76.0,4.8e-05,,,2021-12-14 00:40:00
5464809.957450474,0.0,111.0,,0.9,77.0,4.8e-05,,,2021-12-14 00:45:00
5464810.957536606,0.0,112.0,,0.9,76.0,4.8e-05,,,2021-12-14 00:50:00
5464811.957622739,0.0,113.0,,0.9,76.0,4.8e-05,,,2021-12-14 00:55:00
5464812.957708872,0.0,115.0,,0.9,77.0,4.8e-05,,,2021-12-14 01:00:00
5464813.957795004,0.0,118.0,,0.9,75.0,4.9e-05,,,2021-12-14 01:05:00
5464814.957881137,0.0,121.0,,0.9,73.0,5e-05,,,2021-12-14 01:10:00
5464815.957967269,0.0,123.0,,0.9,75.0,5.1e-05,,,2021-12-14 01:15:00
5464816.958053402,0.0,125.0,,0.9,78.0,5e-05,,,2021-12-14 01:20:00
5464817.958139535,0.0,128.0,,0.9,76.0,5e-05,,,2021-12-14 01:25:00
5464818.9582256675,0.0,129.0,,0.9,75.0,5e-05,,,2021-12-14 01:30:00
5464819.9583118,0.0,131.0,,0.9,75.0,4.8e-05,,,2021-12-14 01:35:00
5464820.958397932,0.0,131.0,,0.9,75.0,4.6e-05,,,2021-12-14 01:40:00
5464821.958484066,0.0,135.0,,0.9,74.0,5e-05,,,2021-12-14 01:45:00
5464822.958570198,0.0,138.0,,0.9,73.0,5e-05,,,2021-12-14 01:50:00
5464823.958656331,0.0,141.0,,0.9,74.0,4.9e-05,,,2021-12-14 01:55:00
5464824.958742463,0.0,146.0,,0.9,70.0,5.5e-05,,,2021-12-14 02:00:00
5464825.9588285955,0.0,145.0,,0.9,70.0,5.6e-05,,,2021-12-14 02:05:00
5464826.958914729,0.0,144.0,,0.9,69.0,5.8e-05,,,2021-12-14 02:10:00
5464827.959000861,0.0,144.0,,0.9,70.0,5.9e-05,,,2021-12-14 02:15:00
5464828.959086994,0.0,144.0,,0.9,70.0,6e-05,,,2021-12-14 02:20:00
5464829.959173126,0.0,144.0,,0.9,70.0,6.2e-05,,,2021-12-14 02:25:00
5464830.9592592595,0.0,145.0,,0.9,71.0,6.3e-05,,,2021-12-14 02:30:00
5464831.959345392,0.0,146.0,,0.9,71.0,6.4e-05,,,2021-12-14 02:35:00
5464832.959431524,0.0,149.0,,0.9,71.0,6.3e-05,,,2021-12-14 02:40:00
5464833.959517657,0.0,152.0,,0.9,69.0,6.2e-05,,,2021-12-14 02:45:00
5464834.959603789,0.0,153.0,,0.9,72.0,6.1e-05,,,2021-12-14 02:50:00
5464835.959689923,0.0,153.0,,0.9,74.0,6.1e-05,,,2021-12-14 02:55:00
5464836.959776055,0.0,154.0,,0.9,73.0,6.1e-05,,,2021-12-14 03:00:00
5464837.9598621875,0.0,156.0,,0.9,74.0,6e-05,,,2021-12-14 03:05:00
5464838.95994832,0.0,157.0,,0.9,72.0,4.7e-05,,,2021-12-14 03:10:00
5464839.960034453,0.0,157.0,,0.9,74.0,4.8e-05,,,2021-12-14 03:15:00
5464840.960120586,0.0,156.0,,0.9,73.0,4.7e-05,,,2021-12-14 03:20:00
5464841.960206718,0.0,157.0,,0.9,74.0,4.8e-05,,,2021-12-14 03:25:00
5464842.960292851,0.0,158.0,,0.9,72.0,5e-05,,,2021-12-14 03:30:00
5464843.960378983,0.0,159.0,,0.9,72.0,5.2e-05,,,2021-12-14 03:35:00
5464844.960465116,0.0,159.0,,0.9,71.0,5.2e-05,,,2021-12-14 03:40:00
5464845.960551249,0.0,160.0,,0.9,71.0,5.3e-05,,,2021-12-14 03:45:00
5464846.960637381,0.0,162.0,,0.9,71.0,5.4e-05,,,2021-12-14 03:50:00
5464847.960723514,0.0,166.0,,0.9,71.0,6.2e-05,,,2021-12-14 03:55:00
5464848.960809647,0.0,169.0,,0.9,69.0,5.4e-05,,,2021-12-14 04:00:00
5464849.96089578,0.0,171.0,,0.9,69.0,4.7e-05,,,2021-12-14 04:05:00
5464850.960981912,0.0,170.0,,0.9,70.0,5.5e-05,,,2021-12-14 04:10:00
5464851.961068044,0.0,168.0,,0.9,69.0,6e-05,,,2021-12-14 04:15:00
5464852.961154177,0.0,169.0,,0.9,69.0,5.3e-05,,,2021-12-14 04:20:00
5464853.96124031,0.0,171.0,,0.9,74.0,5.2e-05,,,2021-12-14 04:25:00
5464854.961326443,0.0,172.0,,0.9,73.0,5.1e-05,,,2021-12-14 04:30:00
5464855.961412575,0.0,171.0,,0.9,74.0,5e-05,,,2021-12-14 04:35:00
5464856.9614987075,0.0,172.0,,0.9,71.0,5.1e-05,,,2021-12-14 04:40:00
5464857.961584841,0.0,172.0,,0.9,71.0,5.4e-05,,,2021-12-14 04:45:00
5464858.961670973,0.0,175.0,,0.9,74.0,5.2e-05,,,2021-12-14 04:50:00
5464859.961757106,0.0,179.0,,0.9,78.0,5e-05,,,2021-12-14 04:55:00
5464860.961843238,0.0,186.0,,0.9,86.0,5.3e-05,,,2021-12-14 05:00:00
5464861.961929371,0.0,192.0,202.0,0.9,92.0,5.4e-05,,1.4,2021-12-14 05:05:00
5464862.962015504,0.0,194.0,,0.9,88.0,5.5e-05,,,2021-12-14 05:10:00
5464863.962101636,0.0,203.0,,0.9,83.0,5.8e-05,,,2021-12-14 05:15:00
5464864.962187769,0.0,205.0,,0.9,82.0,5.9e-05,,,2021-12-14 05:20:00
5464865.962273901,0.0,205.0,,0.9,83.0,6e-05,,,2021-12-14 05:25:00
5464866.962360035,0.0,205.0,,0.9,83.0,6.2e-05,,,2021-12-14 05:30:00
5464867.962446167,0.0,205.0,,0.9,100.0,6.4e-05,,,2021-12-14 05:35:00
5464868.9625323,0.0,206.0,,0.9,98.0,6.6e-05,,,2021-12-14 05:40:00
5464869.962618432,0.0,208.0,,0.9,119.0,6.6e-05,,,2021-12-14 05:45:00
5464870.962704564,0.0,209.0,,0.9,95.0,6.8e-05,,,2021-12-14 05:50:00
5464871.962790698,0.0,208.0,,0.9,83.0,6.8e-05,,,2021-12-14 05:55:00
5464872.96287683,0.0,210.0,,0.9,88.0,6.3e-05,,,2021-12-14 06:00:00
5464873.962962963,0.0,213.0,209.0,0.9,81.0,6e-05,145.0,9.8,2021-12-14 06:05:00
5464874.963049095,0.0,212.0,,0.9,83.0,5.7e-05,,10.2,2021-12-14 06:10:00
5464875.9631352285,0.0,210.0,,0.9,84.0,5.8e-05,,,2021-12-14 06:15:00
5464876.963221361,0.0,210.0,,0.9,88.0,5.5e-05,,,2021-12-14 06:20:00
5464877.963307493,0.0,209.0,,0.9,89.0,5.7e-05,,,2021-12-14 06:25:00
5464878.963393626,0.0,212.0,,0.9,82.0,5.8e-05,,,2021-12-14 06:30:00
5464879.963479758,0.0,218.0,,0.9,82.0,5.8e-05,,,2021-12-14 06:35:00
5464880.963565892,0.0,228.0,,0.9,86.0,5.9e-05,,,2021-12-14 06:40:00
5464881.963652024,0.0,241.0,,0.9,91.0,5.7e-05,,,2021-12-14 06:45:00
5464882.9637381565,0.0,255.0,,0.9,86.0,5.4e-05,,,2021-12-14 06:50:00
5464883.963824289,0.0,254.0,,0.9,79.0,5.6e-05,,,2021-12-14 06:55:00
5464884.963910422,0.0,254.0,,0.9,81.0,5.8e-05,,,2021-12-14 07:00:00
5464885.963996555,0.0,256.0,,0.9,81.0,5.9e-05,,,2021-12-14 07:05:00
5464886.964082687,0.0,268.0,,0.9,93.0,9.4e-05,,,2021-12-14 07:10:00
5464887.96416882,0.0,277.0,,0.9,89.0,0.0001,,,2021-12-14 07:15:00
5464888.964254952,0.0,276.0,,0.9,92.0,6.2e-05,,,2021-12-14 07:20:00
5464889.964341085,0.0,278.0,,0.9,90.0,6.2e-05,,,2021-12-14 07:25:00
5464890.964427218,0.0,280.0,,0.9,91.0,6.1e-05,,,2021-12-14 07:30:00
5464891.96451335,0.0,279.0,,0.9,87.0,6.3e-05,,,2021-12-14 07:35:00
5464892.964599483,0.0,276.0,,0.9,89.0,6.1e-05,,,2021-12-14 07:40:00
5464893.964685616,0.0,278.0,,0.9,90.0,5.5e-05,,,2021-12-14 07:45:00
5464894.9647717485,0.0,279.0,,0.9,83.0,5.4e-05,,,2021-12-14 07:50:00
5464895.964857881,0.0,274.0,,0.9,82.0,5.8e-05,,,2021-12-14 07:55:00
5464896.964944013,0.0,274.0,,0.9,81.0,5.4e-05,,,2021-12-14 08:00:00
5464897.965030146,0.0,273.0,,0.9,80.0,5.2e-05,,,2021-12-14 08:05:00
5464898.965116279,0.0,273.0,,0.9,80.0,4.9e-05,,,2021-12-14 08:10:00
5464899.965202412,0.0,276.0,,0.9,82.0,5.1e-05,,,2021-12-14 08:15:00
5464900.965288544,0.0,279.0,,0.9,80.0,5.2e-05,,,2021-12-14 08:20:00
5464901.9653746765,0.0,273.0,,0.9,81.0,5.4e-05,,,2021-12-14 08:25:00
5464902.96546081,0.0,274.0,,0.9,78.0,5.3e-05,,,2021-12-14 08:30:00
5464903.965546942,0.0,273.0,,0.9,79.0,5.3e-05,,,2021-12-14 08:35:00
5464904.965633075,0.0,270.0,,0.9,78.0,5.3e-05,,,2021-12-14 08:40:00
5464905.965719207,0.0,264.0,,0.9,79.0,5.3e-05,,,2021-12-14 08:45:00
5464906.96580534,0.0,258.0,,0.9,79.0,5.2e-05,,,2021-12-14 08:50:00
5464907.965891473,0.0,254.0,264.0,0.9,86.0,5.1e-05,,4.0,2021-12-14 08:55:00
5464908.965977605,0.0,245.0,,0.9,83.0,4.9e-05,,,2021-12-14 09:00:00
5464909.966063738,0.0,237.0,,0.9,82.0,4.8e-05,,,2021-12-14 09:05:00
5464910.96614987,0.0,222.0,,0.9,70.0,4.9e-05,,,2021-12-14 09:10:00
5464911.966236004,0.0,219.0,,0.9,74.0,4.9e-05,,,2021-12-14 09:15:00
5464912.966322136,0.0,208.0,,0.9,73.0,4.7e-05,,,2021-12-14 09:20:00
5464913.966408269,0.0,202.0,,0.9,75.0,4.7e-05,,,2021-12-14 09:25:00
5464914.966494401,0.0,193.0,,0.9,72.0,4.5e-05,,,2021-12-14 09:30:00
5464915.966580533,0.0,189.0,,0.9,84.0,4.4e-05,,,2021-12-14 09:35:00
5464916.966666667,0.0,187.0,,0.9,74.0,4.4e-05,,,2021-12-14 09:40:00
5464917.966752799,0.0,185.0,,0.9,75.0,4.4e-05,,,2021-12-14 09:45:00
5464918.966838932,0.0,182.0,,0.9,79.0,4.5e-05,,,2021-12-14 09:50:00
5464919.966925064,0.0,181.0,,0.9,75.0,4.6e-05,,,2021-12-14 09:55:00
5464920.9670111975,0.0,178.0,,0.9,75.0,4.6e-05,,,2021-12-14 10:00:00
5464921.96709733,0.0,170.0,,0.9,74.0,4.7e-05,,,2021-12-14 10:05:00
5464922.967183462,0.0,165.0,,0.9,77.0,4.6e-05,,,2021-12-14 10:10:00
5464923.967269595,0.0,163.0,,0.9,77.0,4.5e-05,,,2021-12-14 10:15:00
5464924.967355727,0.0,163.0,,0.9,75.0,4.6e-05,,,2021-12-14 10:20:00
5464925.967441861,0.0,161.0,,0.9,77.0,4.7e-05,,,2021-12-14 10:25:00
5464926.967527993,0.0,159.0,,0.9,76.0,4.7e-05,,,2021-12-14 10:30:00
5464927.967614125,0.0,157.0,,0.9,76.0,4.7e-05,,,2021-12-14 10:35:00
5464928.967700258,0.0,156.0,,0.9,76.0,4.6e-05,,,2021-12-14 10:40:00
5464929.967786391,0.0,154.0,,0.9,77.0,4.7e-05,,,2021-12-14 10:45:00
5464930.967872524,0.0,152.0,,0.9,81.0,4.7e-05,,,2021-12-14 10:50:00
5464931.967958656,0.0,149.0,,0.9,78.0,4.5e-05,,,2021-12-14 10:55:00
5464932.968044789,0.0,147.0,,0.9,84.0,4.5e-05,,,2021-12-14 11:00:00
5464933.968130921,0.0,147.0,,0.9,83.0,4.5e-05,,,2021-12-14 11:05:00
5464934.968217054,0.0,133.0,,0.9,72.0,4.7e-05,,,2021-12-14 11:10:00
5464935.968303187,0.0,127.0,,0.9,72.0,4.6e-05,,,2021-12-14 11:15:00
5464936.968389319,0.0,131.0,,0.9,74.0,4.5e-05,,,2021-12-14 11:20:00
5464937.968475452,0.0,133.0,,0.9,72.0,4.5e-05,,,2021-12-14 11:25:00
5464938.968561585,0.0,130.0,,0.9,74.0,4.6e-05,,,2021-12-14 11:30:00
5464939.9686477175,0.0,127.0,,0.9,76.0,4.6e-05,,,2021-12-14 11:35:00
5464940.96873385,0.0,126.0,,0.9,71.0,4.7e-05,,,2021-12-14 11:40:00
5464941.968819982,0.0,125.0,,0.9,76.0,4.6e-05,,,2021-12-14 11:45:00
5464942.968906115,0.0,124.0,,0.9,76.0,4.6e-05,,,2021-12-14 11:50:00
5464943.968992248,0.0,122.0,,0.9,79.0,4.5e-05,,,2021-12-14 11:55:00
5464944.969078381,0.0,118.0,,0.9,77.0,4.5e-05,,,2021-12-14 12:00:00
5464945.969164513,0.0,118.0,,0.9,78.0,4.6e-05,,,2021-12-14 12:05:00
5464946.9692506455,0.0,118.0,,0.9,72.0,4.6e-05,,,2021-12-14 12:10:00
5464947.969336779,0.0,117.0,,0.9,69.0,4.7e-05,,,2021-12-14 12:15:00
5464948.969422911,0.0,117.0,,0.9,69.0,4.8e-05,,,2021-12-14 12:20:00
5464949.969509044,0.0,114.0,,0.9,71.0,4.9e-05,,,2021-12-14 12:25:00
5464950.969595176,0.0,115.0,,0.9,78.0,4.8e-05,,,2021-12-14 12:30:00
5464951.969681309,0.0,117.0,,0.9,77.0,4.7e-05,,,2021-12-14 12:35:00
5464952.969767442,0.0,116.0,,0.9,80.0,4.9e-05,,,2021-12-14 12:40:00
5464953.969853574,0.0,117.0,,0.9,92.0,4.5e-05,,,2021-12-14 12:45:00
5464954.969939707,0.0,120.0,,0.9,78.0,5.2e-05,,,2021-12-14 12:50:00
5464955.970025839,0.0,121.0,,0.9,80.0,5.7e-05,,,2021-12-14 12:55:00
5464956.970111973,0.0,120.0,131.0,0.9,83.0,4.9e-05,,,2021-12-14 13:00:00
5464957.970198105,0.0,119.0,,0.9,70.0,5.6e-05,,,2021-12-14 13:05:00
5464958.9702842375,0.0,123.0,,0.9,72.0,5.3e-05,,,2021-12-14 13:10:00
5464959.97037037,0.0,122.0,,0.9,72.0,5.4e-05,,,2021-12-14 13:15:00
5464960.970456502,0.0,118.0,,0.9,71.0,5.6e-05,,,2021-12-14 13:20:00
5464961.970542636,0.0,116.0,,0.9,72.0,5.4e-05,,,2021-12-14 13:25:00
5464962.970628768,0.0,113.0,,0.9,75.0,5.4e-05,,,2021-12-14 13:30:00
5464963.970714901,0.0,113.0,,0.9,74.0,5.1e-05,,,2021-12-14 13:35:00
5464964.970801033,0.0,113.0,,0.9,75.0,4.9e-05,,,2021-12-14 13:40:00
5464965.970887166,0.0,113.0,,0.9,73.0,4.8e-05,,,2021-12-14 13:45:00
5464966.970973299,0.0,117.0,115.0,0.9,70.0,5e-05,100.0,6.3,2021-12-14 13:50:00
5464967.971059431,0.0,121.0,,0.9,76.0,5e-05,,6.3,2021-12-14 13:55:00
5464968.971145564,0.0,120.0,,0.9,82.0,4.8e-05,,,2021-12-14 14:00:00
5464969.971231696,0.0,121.0,,0.9,77.0,4.9e-05,,,2021-12-14 14:05:00
5464970.97131783,0.0,124.0,,0.9,79.0,4.9e-05,,,2021-12-14 14:10:00
5464971.971403962,0.0,126.0,,0.9,76.0,5.2e-05,,,2021-12-14 14:15:00
5464972.971490094,0.0,129.0,,0.9,77.0,4.7e-05,,,2021-12-14 14:20:00
5464973.971576227,0.0,137.0,,0.9,82.0,5e-05,,,2021-12-14 14:25:00
5464974.97166236,0.0,140.0,,0.9,85.0,5.1e-05,,,2021-12-14 14:30:00
5464975.971748493,0.0,148.0,,0.9,82.0,4.7e-05,,,2021-12-14 14:35:00
5464976.971834625,0.0,152.0,,0.9,78.0,5.8e-05,,,2021-12-14 14:40:00
5464977.971920758,0.0,154.0,,0.9,80.0,5.2e-05,,,2021-12-14 14:45:00
5464978.97200689,0.0,156.0,,0.9,88.0,6.2e-05,,,2021-12-14 14:50:00
5464979.972093023,0.0,157.0,,0.9,84.0,5.3e-05,,,2021-12-14 14:55:00
5464980.972179156,0.0,158.0,,0.9,83.0,5.2e-05,,,2021-12-14 15:00:00
5464981.972265288,0.0,155.0,,0.9,83.0,5e-05,,,2021-12-14 15:05:00
5464982.972351421,0.0,150.0,,0.9,83.0,5e-05,,,2021-12-14 15:10:00
5464983.972437554,0.0,146.0,,0.9,89.0,5e-05,,,2021-12-14 15:15:00
5464984.9725236865,0.0,143.0,,0.9,91.0,5.4e-05,,,2021-12-14 15:20:00
5464985.972609819,0.0,138.0,,0.9,90.0,5.6e-05,,,2021-12-14 15:25:00
5464986.972695951,0.0,130.0,,0.9,84.0,5.5e-05,,,2021-12-14 15:30:00
5464987.972782084,0.0,124.0,,0.9,93.0,5.2e-05,,,2021-12-14 15:35:00
5464988.972868217,0.0,126.0,130.0,0.9,90.0,5.3e-05,75.0,5.6,2021-12-14 15:40:00
5464989.97295435,0.0,122.0,,0.9,88.0,5.6e-05,,5.6,2021-12-14 15:45:00
5464990.973040482,0.0,115.0,,0.9,89.0,5.5e-05,,,2021-12-14 15:50:00
5464991.9731266145,0.0,109.0,,0.9,90.0,5.5e-05,,,2021-12-14 15:55:00
5464992.973212748,0.0,106.0,,0.9,88.0,5.7e-05,,,2021-12-14 16:00:00
5464993.97329888,0.0,110.0,,0.9,90.0,5.5e-05,,,2021-12-14 16:05:00
5464994.973385013,0.0,113.0,,0.9,83.0,5.5e-05,,,2021-12-14 16:10:00
5464995.973471145,0.0,113.0,,0.9,86.0,5.6e-05,,,2021-12-14 16:15:00
5464996.973557278,0.0,115.0,,0.9,88.0,5.5e-05,,,2021-12-14 16:20:00
5464997.973643411,0.0,116.0,,0.9,88.0,5.2e-05,,,2021-12-14 16:25:00
5464998.973729543,0.0,119.0,,0.9,96.0,4.9e-05,,,2021-12-14 16:30:00
5464999.973815676,0.0,120.0,,0.9,77.0,5.4e-05,,,2021-12-14 16:35:00
5465000.973901808,0.0,119.0,,0.9,80.0,5.7e-05,,,2021-12-14 16:40:00
5465001.973987942,0.0,118.0,,0.9,82.0,6e-05,,,2021-12-14 16:45:00
5465002.974074074,0.0,112.0,,0.9,92.0,5.2e-05,,,2021-12-14 16:50:00
5465003.9741602065,0.0,116.0,,0.9,92.0,5.4e-05,,,2021-12-14 16:55:00
5465004.974246339,0.0,111.0,,0.9,95.0,5.7e-05,,,2021-12-14 17:00:00
5465005.974332471,0.0,108.0,,0.9,91.0,5.6e-05,,,2021-12-14 17:05:00
5465006.974418605,0.0,104.0,,0.9,87.0,5.5e-05,,,2021-12-14 17:10:00
5465007.974504737,0.0,106.0,,0.9,88.0,5.5e-05,,,2021-12-14 17:15:00
5465008.97459087,0.0,112.0,,0.9,88.0,5.4e-05,,,2021-12-14 17:20:00
5465009.974677002,0.0,116.0,,0.9,95.0,5.5e-05,,,2021-12-14 17:25:00
5465010.974763135,0.0,117.0,,0.9,91.0,5.3e-05,,,2021-12-14 17:30:00
5465011.974849268,0.0,118.0,,0.9,89.0,5.1e-05,,,2021-12-14 17:35:00
5465012.9749354,0.0,120.0,,0.9,98.0,5.5e-05,,,2021-12-14 17:40:00
5465013.975021533,0.0,121.0,,0.9,95.0,0.002421,,,2021-12-14 17:45:00
5465014.975107665,0.0,118.0,,0.9,92.0,0.04948,,,2021-12-14 17:50:00
5465015.975193799,0.0,115.0,,0.9,92.0,0.08078,,,2021-12-14 17:55:00
5465016.975279931,0.0,112.0,,0.9,94.0,0.10718,,,2021-12-14 18:00:00
5465017.975366063,0.0,112.0,,0.9,86.0,0.1908,,,2021-12-14 18:05:00
5465018.975452196,0.0,114.0,,0.9,86.0,0.040882,,,2021-12-14 18:10:00
5465019.975538329,0.0,115.0,107.0,0.9,96.0,0.002858,,,2021-12-14 18:15:00
5465020.975624462,0.0,115.0,,0.9,89.0,0.000218,,,2021-12-14 18:20:00
5465021.975710594,0.0,112.0,,0.9,86.0,0.000106,,,2021-12-14 18:25:00
5465022.9757967265,0.0,116.0,,0.9,88.0,0.000108,150.0,,2021-12-14 18:30:00
5465023.975882859,0.0,121.0,,0.9,91.0,0.000129,,14.8,2021-12-14 18:35:00
5465024.975968992,0.0,125.0,,0.9,92.0,0.000128,,,2021-12-14 18:40:00
5465025.976055125,0.0,126.0,,0.9,92.0,0.000111,,,2021-12-14 18:45:00
5465026.976141257,0.0,126.0,,0.9,91.0,9.9e-05,,,2021-12-14 18:50:00
5465027.97622739,0.0,123.0,,0.9,87.0,8.1e-05,,,2021-12-14 18:55:00
5465028.976313523,0.0,118.0,,0.9,87.0,7.7e-05,,,2021-12-14 19:00:00
5465029.976399655,0.0,114.0,,0.9,86.0,7.8e-05,,,2021-12-14 19:05:00
5465030.976485788,0.0,107.0,,0.9,86.0,7.6e-05,,,2021-12-14 19:10:00
5465031.97657192,0.0,101.0,,0.9,87.0,7.5e-05,,,2021-12-14 19:15:00
5465032.976658053,0.0,97.0,,0.9,88.0,7.5e-05,,,2021-12-14 19:20:00
5465033.976744186,0.0,95.0,,0.9,86.0,6.6e-05,,,2021-12-14 19:25:00
5465034.976830319,0.0,89.0,,0.9,86.0,7.6e-05,,,2021-12-14 19:30:00
5465035.976916451,0.0,86.0,,0.9,87.0,7e-05,,,2021-12-14 19:35:00
5465036.977002583,0.0,85.0,,0.9,91.0,7.2e-05,,,2021-12-14 19:40:00
5465037.977088717,0.0,87.0,,0.9,91.0,8.6e-05,,,2021-12-14 19:45:00
5465038.977174849,0.0,88.0,,0.9,92.0,0.000103,,,2021-12-14 19:50:00
5465039.977260982,0.0,90.0,,0.9,90.0,8.4e-05,,,2021-12-14 19:55:00
5465040.977347114,0.0,94.0,,0.9,91.0,7.9e-05,,,2021-12-14 20:00:00
5465041.977433247,0.0,98.0,,0.9,93.0,8.6e-05,,,2021-12-14 20:05:00
5465042.97751938,0.0,100.0,,0.9,92.0,0.000133,,,2021-12-14 20:10:00
5465043.977605512,0.0,101.0,,0.9,93.0,0.000255,,,2021-12-14 20:15:00
5465044.977691645,0.0,101.0,,0.9,90.0,0.000168,,,2021-12-14 20:20:00
5465045.977777777,0.0,100.0,,0.9,98.0,0.000174,,,2021-12-14 20:25:00
5465046.977863911,0.0,97.0,,0.9,87.0,0.00026,,,2021-12-14 20:30:00
5465047.977950043,0.0,94.0,,0.9,86.0,0.000116,,,2021-12-14 20:35:00
5465048.9780361755,0.0,95.0,,0.9,89.0,0.000137,,,2021-12-14 20:40:00
5465049.978122308,0.0,97.0,,0.9,89.0,0.000226,,,2021-12-14 20:45:00
5465050.97820844,0.0,99.0,,0.9,90.0,0.000137,,,2021-12-14 20:50:00
5465051.978294574,0.0,101.0,,0.9,89.0,0.000342,,,2021-12-14 20:55:00
5465052.978380706,0.0,104.0,,0.9,90.0,0.000238,,,2021-12-14 21:00:00
5465053.978466839,0.0,107.0,,0.9,91.0,0.000347,,,2021-12-14 21:05:00
5465054.978552971,0.0,111.0,,0.9,91.0,0.000456,,,2021-12-14 21:10:00
5465055.978639104,0.0,115.0,,0.9,91.0,0.000276,,,2021-12-14 21:15:00
5465056.978725237,0.0,121.0,,0.9,90.0,0.000717,,,2021-12-14 21:20:00
5465057.978811369,0.0,127.0,,0.9,91.0,0.002422,,,2021-12-14 21:25:00
5465058.978897502,0.0,135.0,,0.9,89.0,0.001156,,,2021-12-14 21:30:00
5465059.978983634,0.0,138.0,,0.9,88.0,0.001468,,,2021-12-14 21:35:00
5465060.9790697675,0.0,142.0,,0.9,93.0,0.006146,,,2021-12-14 21:40:00
5465061.9791559,0.0,150.0,,0.9,98.0,0.00719,,,2021-12-14 21:45:00
5465062.979242032,0.0,156.0,,0.9,91.0,0.012806,,,2021-12-14 21:50:00
5465063.979328165,0.0,155.0,,0.9,82.0,0.00505,,,2021-12-14 21:55:00
5465064.979414298,0.0,155.0,,0.9,82.0,0.001762,,,2021-12-14 22:00:00
5465065.979500431,0.0,157.0,,0.9,82.0,0.000687,,,2021-12-14 22:05:00
5465066.979586563,0.0,162.0,,0.9,82.0,0.000231,,,2021-12-14 22:10:00
5465067.9796726955,0.0,166.0,,0.9,83.0,9.9e-05,,,2021-12-14 22:15:00
5465068.979758828,0.0,171.0,,0.9,85.0,7.4e-05,,,2021-12-14 22:20:00
5465069.979844961,0.0,176.0,,0.9,79.0,8.3e-05,,,2021-12-14 22:25:00
5465070.979931094,0.0,179.0,,0.9,78.0,8.3e-05,,,2021-12-14 22:30:00
5465071.980017226,0.0,183.0,,0.9,77.0,8e-05,,,2021-12-14 22:35:00
5465072.980103359,0.0,187.0,,0.9,78.0,8e-05,,,2021-12-14 22:40:00
5465073.980189492,0.0,194.0,,0.9,79.0,8e-05,,,2021-12-14 22:45:00
5465074.980275624,0.0,200.0,,0.9,78.0,6.6e-05,,,2021-12-14 22:50:00
5465075.980361757,0.0,205.0,,0.9,80.0,9.1e-05,,,2021-12-14 22:55:00
5465076.980447889,0.0,210.0,,0.9,80.0,9.8e-05,,,2021-12-14 23:00:00
5465077.980534023,0.0,213.0,,0.9,81.0,0.000104,,,2021-12-14 23:05:00
5465078.980620155,0.0,215.0,,0.9,80.0,0.000105,,,2021-12-14 23:10:00
5465079.980706288,0.0,218.0,,0.9,80.0,0.000106,,,2021-12-14 23:15:00
5465080.98079242,0.0,220.0,,0.9,82.0,0.00011,,,2021-12-14 23:20:00
5465081.980878552,0.0,222.0,,0.9,84.0,9.8e-05,,,2021-12-14 23:25:00
5465082.980964686,0.0,225.0,,0.9,83.0,8.6e-05,,,2021-12-14 23:30:00
5465083.981050818,0.0,226.0,,0.9,82.0,8.8e-05,,,2021-12-14 23:35:00
5465084.981136951,0.0,228.0,,0.9,83.0,9.1e-05,,,2021-12-14 23:40:00
5465085.981223083,0.0,231.0,,0.9,83.0,7.6e-05,,,2021-12-14 23:45:00
5465086.9813092165,0.0,234.0,,0.9,80.0,6.9e-05,,,2021-12-14 23:50:00
5465087.981395349,0.0,235.0,,0.93,79.0,7.3e-05,,,2021-12-14 23:55:00
5465088.981481481,0.0,236.0,,0.93,79.0,7.4e-05,,,2021-12-15 00:00:00
5465089.981567614,0.0,238.0,,0.93,79.0,7.4e-05,,,2021-12-15 00:05:00
5465090.981653746,0.0,239.0,,0.93,79.0,7.3e-05,,,2021-12-15 00:10:00
5465091.98173988,0.0,240.0,,0.93,80.0,7.2e-05,,,2021-12-15 00:15:00
5465092.981826012,0.0,242.0,,0.93,81.0,7.2e-05,,,2021-12-15 00:20:00
5465093.981912144,0.0,244.0,,0.93,82.0,7.2e-05,,,2021-12-15 00:25:00
5465094.981998277,0.0,243.0,,0.93,80.0,9.6e-05,,,2021-12-15 00:30:00
5465095.98208441,0.0,243.0,,0.93,78.0,0.000117,,,2021-12-15 00:35:00
5465096.982170543,0.0,245.0,,0.93,78.0,0.00014,,,2021-12-15 00:40:00
5465097.982256675,0.0,248.0,,0.93,78.0,9.4e-05,,,2021-12-15 00:45:00
5465098.982342808,0.0,251.0,,0.93,81.0,5e-05,,,2021-12-15 00:50:00
5465099.98242894,0.0,251.0,,0.93,81.0,4.9e-05,,,2021-12-15 00:55:00
5465100.982515073,0.0,246.0,,0.93,81.0,4.9e-05,,,2021-12-15 01:00:00
5465101.982601206,0.0,244.0,,0.93,80.0,4.9e-05,,,2021-12-15 01:05:00
5465102.982687338,0.0,245.0,,0.93,81.0,4.8e-05,,,2021-12-15 01:10:00
5465103.982773471,0.0,250.0,,0.93,81.0,5.2e-05,,,2021-12-15 01:15:00
5465104.982859604,0.0,250.0,,0.93,80.0,4.9e-05,,,2021-12-15 01:20:00
5465105.9829457365,0.0,247.0,,0.93,81.0,5.1e-05,,,2021-12-15 01:25:00
5465106.983031869,0.0,247.0,,0.93,79.0,4.9e-05,,,2021-12-15 01:30:00
5465107.983118001,0.0,248.0,,0.93,81.0,4.9e-05,,,2021-12-15 01:35:00
5465108.983204134,0.0,250.0,,0.93,81.0,5e-05,,,2021-12-15 01:40:00
5465109.983290267,0.0,251.0,,0.93,81.0,5e-05,,,2021-12-15 01:45:00
5465110.9833764,0.0,255.0,,0.93,81.0,5.1e-05,,,2021-12-15 01:50:00
5465111.983462532,0.0,261.0,,0.93,82.0,5.2e-05,,,2021-12-15 01:55:00
5465112.9835486645,0.0,260.0,,0.93,80.0,5e-05,,,2021-12-15 02:00:00
5465113.983634798,0.0,257.0,,0.93,80.0,5.2e-05,,,2021-12-15 02:05:00
5465114.98372093,0.0,263.0,,0.93,80.0,5.2e-05,,,2021-12-15 02:10:00
5465115.983807063,0.0,266.0,,0.93,77.0,5.9e-05,,,2021-12-15 02:15:00
5465116.983893195,0.0,265.0,,0.93,78.0,5.9e-05,,,2021-12-15 02:20:00
5465117.983979328,0.0,266.0,,0.93,77.0,5.9e-05,,,2021-12-15 02:25:00
5465118.984065461,0.0,266.0,,0.93,77.0,6e-05,,,2021-12-15 02:30:00
5465119.984151593,0.0,266.0,,0.93,78.0,6.1e-05,,,2021-12-15 02:35:00
5465120.984237726,0.0,266.0,,0.93,77.0,6.2e-05,,,2021-12-15 02:40:00
5465121.984323858,0.0,266.0,,0.93,76.0,6.5e-05,,,2021-12-15 02:45:00
5465122.984409992,0.0,266.0,,0.93,76.0,9.9e-05,,,2021-12-15 02:50:00
5465123.984496124,0.0,266.0,,0.93,77.0,0.0002,,,2021-12-15 02:55:00
5465124.9845822565,0.0,266.0,,0.93,75.0,0.000208,,,2021-12-15 03:00:00
5465125.984668389,0.0,269.0,,0.93,79.0,0.000154,,,2021-12-15 03:05:00
5465126.984754521,0.0,274.0,,0.93,78.0,0.000207,,,2021-12-15 03:10:00
5465127.984840655,0.0,274.0,,0.93,74.0,0.000122,,,2021-12-15 03:15:00
5465128.984926787,0.0,272.0,,0.93,75.0,0.000103,,,2021-12-15 03:20:00
5465129.98501292,0.0,269.0,,0.93,75.0,5.7e-05,,,2021-12-15 03:25:00
5465130.985099052,0.0,268.0,,0.93,73.0,4.7e-05,,,2021-12-15 03:30:00
5465131.985185185,0.0,267.0,,0.93,76.0,5.2e-05,,,2021-12-15 03:35:00
5465132.985271318,0.0,265.0,,0.93,72.0,6.3e-05,,,2021-12-15 03:40:00
5465133.98535745,0.0,265.0,,0.93,72.0,7.3e-05,,,2021-12-15 03:45:00
5465134.985443583,0.0,265.0,,0.93,69.0,8.1e-05,,,2021-12-15 03:50:00
5465135.985529715,0.0,263.0,,1.1,67.0,8.8e-05,,,2021-12-15 03:55:00
5465136.985615849,0.0,263.0,,1.1,68.0,8.6e-05,,,2021-12-15 04:00:00
5465137.985701981,0.0,267.0,,1.1,69.0,8e-05,,,2021-12-15 04:05:00
5465138.985788113,0.0,267.0,,1.1,71.0,8.1e-05,,,2021-12-15 04:10:00
5465139.985874246,0.0,267.0,,1.1,67.0,8.5e-05,,,2021-12-15 04:15:00
5465140.985960379,0.0,271.0,,1.1,77.0,7.1e-05,,,2021-12-15 04:20:00
5465141.986046512,0.0,272.0,,1.1,68.0,0.000103,,,2021-12-15 04:25:00
5465142.986132644,0.0,270.0,,1.1,66.0,0.000144,,,2021-12-15 04:30:00
5465143.986218777,0.0,269.0,,1.1,68.0,0.000189,,,2021-12-15 04:35:00
5465144.986304909,0.0,267.0,,1.1,65.0,8.6e-05,,,2021-12-15 04:40:00
5465145.986391042,0.0,266.0,,1.1,65.0,5.1e-05,,,2021-12-15 04:45:00
5465146.986477175,0.0,266.0,,1.1,69.0,7.1e-05,,,2021-12-15 04:50:00
5465147.986563307,0.0,267.0,,1.25,77.0,5.8e-05,,,2021-12-15 04:55:00
5465148.98664944,0.0,277.0,,1.25,,,,,2021-12-15 05:00:00
5465149.986735573,0.0,281.0,,1.25,,,,,2021-12-15 05:05:00
5465150.9868217055,0.0,284.0,,1.25,,,,,2021-12-15 05:10:00
5465151.986907838,0.0,284.0,,1.25,,,,,2021-12-15 05:15:00
5465152.98699397,0.0,285.0,298.0,1.25,,,,5.0,2021-12-15 05:20:00
5465153.987080103,0.0,287.0,,1.25,,,,,2021-12-15 05:25:00
5465154.987166236,0.0,292.0,,1.25,,,,,2021-12-15 05:30:00
5465155.987252369,0.0,301.0,,1.25,,,,,2021-12-15 05:35:00
5465156.987338501,0.0,301.0,,1.25,89.0,4.8e-05,,,2021-12-15 05:40:00
5465157.9874246335,0.0,300.0,,1.25,75.0,4.9e-05,,,2021-12-15 05:45:00
5465158.987510767,0.0,300.0,,1.25,76.0,5e-05,,,2021-12-15 05:50:00
5465159.987596899,0.0,296.0,,1.25,79.0,5.2e-05,,,2021-12-15 05:55:00
5465160.987683032,0.0,292.0,,1.25,86.0,5.2e-05,,,2021-12-15 06:00:00
5465161.987769164,0.0,289.0,,1.25,94.0,5.1e-05,,,2021-12-15 06:05:00
5465162.987855297,0.0,286.0,,1.25,101.0,5.2e-05,,,2021-12-15 06:10:00
5465163.98794143,0.0,284.0,,1.25,87.0,5e-05,,,2021-12-15 06:15:00
5465164.988027562,0.0,281.0,,1.25,83.0,5.1e-05,,,2021-12-15 06:20:00
5465165.988113695,0.0,279.0,281.0,1.25,86.0,4.9e-05,140.0,8.8,2021-12-15 06:25:00
5465166.988199827,0.0,272.0,,1.25,80.0,4.9e-05,,12.3,2021-12-15 06:30:00
5465167.988285961,0.0,267.0,,1.25,80.0,5e-05,,,2021-12-15 06:35:00
5465168.988372093,0.0,264.0,,1.25,84.0,5e-05,,,2021-12-15 06:40:00
5465169.9884582255,0.0,261.0,,1.25,79.0,5.1e-05,,,2021-12-15 06:45:00
5465170.988544358,0.0,263.0,,1.25,77.0,5.1e-05,,,2021-12-15 06:50:00
5465171.98863049,0.0,267.0,,1.3,78.0,5.1e-05,,,2021-12-15 06:55:00
5465172.988716624,0.0,270.0,,1.3,84.0,5e-05,,,2021-12-15 07:00:00
5465173.988802756,0.0,278.0,,1.3,84.0,5.2e-05,,,2021-12-15 07:05:00
5465174.988888889,0.0,284.0,,1.3,83.0,5e-05,,,2021-12-15 07:10:00
5465175.988975021,0.0,290.0,,1.3,92.0,4.9e-05,,,2021-12-15 07:15:00
5465176.989061154,0.0,295.0,,1.3,90.0,4.9e-05,,,2021-12-15 07:20:00
5465177.989147287,0.0,298.0,,1.3,84.0,5e-05,,,2021-12-15 07:25:00
5465178.989233419,0.0,298.0,,1.3,88.0,4.9e-05,,,2021-12-15 07:30:00
5465179.989319552,0.0,299.0,,1.3,84.0,4.8e-05,,,2021-12-15 07:35:00
5465180.989405684,0.0,302.0,,1.3,83.0,5.1e-05,,,2021-12-15 07:40:00
5465181.989491818,0.0,303.0,,1.3,86.0,4.8e-05,,,2021-12-15 07:45:00
5465182.98957795,0.0,308.0,,1.3,90.0,4.6e-05,,,2021-12-15 07:50:00
5465183.989664082,0.0,315.0,,1.3,76.0,4.7e-05,,,2021-12-15 07:55:00
5465184.989750215,0.0,323.0,,1.3,77.0,4.7e-05,,,2021-12-15 08:00:00
5465185.989836348,0.0,329.0,,1.3,77.0,4.6e-05,,,2021-12-15 08:05:00
5465186.989922481,0.0,335.0,,1.3,75.0,4.6e-05,,,2021-12-15 08:10:00
5465187.990008613,0.0,340.0,,1.3,77.0,4.8e-05,,,2021-12-15 08:15:00
5465188.9900947455,0.0,339.0,,1.3,78.0,4.6e-05,,,2021-12-15 08:20:00
5465189.990180878,0.0,339.0,,1.3,75.0,4.6e-05,,,2021-12-15 08:25:00
5465190.990267011,0.0,328.0,,1.3,78.0,4.7e-05,,,2021-12-15 08:30:00
5465191.990353144,0.0,329.0,,1.3,76.0,4.8e-05,,,2021-12-15 08:35:00
5465192.990439276,0.0,330.0,,1.3,76.0,4.9e-05,,,2021-12-15 08:40:00
5465193.990525409,0.0,327.0,,1.3,75.0,4.8e-05,,,2021-12-15 08:45:00
5465194.990611542,0.0,329.0,,1.3,76.0,4.8e-05,,,2021-12-15 08:50:00
5465195.990697674,0.0,333.0,,1.3,78.0,4.6e-05,,,2021-12-15 08:55:00
5465196.990783807,0.0,332.0,,1.3,67.0,4.9e-05,,,2021-12-15 09:00:00
5465197.990869939,0.0,327.0,,1.3,74.0,4.6e-05,,,2021-12-15 09:05:00
5465198.990956072,0.0,314.0,,1.3,75.0,4.6e-05,,,2021-12-15 09:10:00
5465199.991042205,0.0,311.0,,1.3,76.0,4.6e-05,,,2021-12-15 09:15:00
5465200.991128338,0.0,302.0,,1.3,77.0,4.5e-05,,,2021-12-15 09:20:00
5465201.99121447,0.0,297.0,,1.3,74.0,4.5e-05,,,2021-12-15 09:25:00
5465202.991300602,0.0,292.0,,1.3,77.0,4.5e-05,,,2021-12-15 09:30:00
5465203.991386736,0.0,284.0,,1.3,66.0,4.6e-05,,,2021-12-15 09:35:00
5465204.991472868,0.0,285.0,,1.3,73.0,4.6e-05,,,2021-12-15 09:40:00
5465205.991559001,0.0,290.0,,1.3,82.0,4.4e-05,,,2021-12-15 09:45:00
5465206.991645133,0.0,285.0,,1.3,69.0,4.5e-05,,,2021-12-15 09:50:00
5465207.991731266,0.0,283.0,,1.3,74.0,4.5e-05,,,2021-12-15 09:55:00
5465208.991817399,0.0,278.0,,1.3,95.0,4.7e-05,,,2021-12-15 10:00:00
5465209.991903531,0.0,271.0,,1.3,81.0,4.6e-05,,,2021-12-15 10:05:00
5465210.991989664,0.0,272.0,,1.3,75.0,4.8e-05,,,2021-12-15 10:10:00
5465211.992075796,0.0,269.0,,1.3,77.0,4.5e-05,,,2021-12-15 10:15:00
5465212.99216193,0.0,263.0,,1.3,79.0,4.5e-05,,,2021-12-15 10:20:00
5465213.992248062,0.0,262.0,,1.3,80.0,4.5e-05,,,2021-12-15 10:25:00
5465214.9923341945,0.0,256.0,,1.3,74.0,4.8e-05,,,2021-12-15 10:30:00
5465215.992420327,0.0,248.0,,1.3,75.0,5e-05,,,2021-12-15 10:35:00
5465216.992506459,0.0,246.0,,1.3,71.0,4.5e-05,,,2021-12-15 10:40:00
5465217.992592593,0.0,245.0,,1.3,82.0,4.5e-05,,,2021-12-15 10:45:00
5465218.992678725,0.0,242.0,,1.3,68.0,4.6e-05,,,2021-12-15 10:50:00
5465219.992764858,0.0,235.0,,0.7,73.0,4.4e-05,,,2021-12-15 10:55:00
5465220.99285099,0.0,225.0,,0.7,72.0,4.5e-05,,,2021-12-15 11:00:00
5465221.992937123,0.0,219.0,,0.7,75.0,4.5e-05,,,2021-12-15 11:05:00
5465222.993023256,0.0,215.0,,0.7,70.0,4.5e-05,,,2021-12-15 11:10:00
5465223.993109388,0.0,209.0,,0.7,71.0,4.5e-05,,,2021-12-15 11:15:00
5465224.993195521,0.0,206.0,,0.7,74.0,4.4e-05,,,2021-12-15 11:20:00
5465225.993281653,0.0,204.0,,0.7,100.0,4.4e-05,,,2021-12-15 11:25:00
5465226.9933677865,0.0,202.0,204.0,0.7,89.0,4.6e-05,125.0,7.6,2021-12-15 11:30:00
5465227.993453919,0.0,200.0,,0.7,89.0,4.8e-05,,7.6,2021-12-15 11:35:00
5465228.993540051,0.0,199.0,,0.7,85.0,4.9e-05,,,2021-12-15 11:40:00
5465229.993626184,0.0,201.0,,0.7,88.0,4.8e-05,,,2021-12-15 11:45:00
5465230.993712317,0.0,201.0,,0.7,94.0,4.8e-05,,,2021-12-15 11:50:00
5465231.99379845,0.0,175.0,,0.7,75.0,4.7e-05,,,2021-12-15 11:55:00
5465232.993884582,0.0,163.0,,0.7,75.0,4.4e-05,,,2021-12-15 12:00:00
5465233.9939707145,0.0,174.0,,0.7,74.0,4.4e-05,,,2021-12-15 12:05:00
5465234.994056847,0.0,174.0,,0.7,76.0,4.6e-05,,,2021-12-15 12:10:00
5465235.99414298,0.0,175.0,,0.7,73.0,4.5e-05,,,2021-12-15 12:15:00
5465236.994229113,0.0,179.0,,0.7,82.0,4.5e-05,,,2021-12-15 12:20:00
5465237.994315245,0.0,188.0,,0.7,80.0,4.4e-05,,,2021-12-15 12:25:00
5465238.994401378,0.0,209.0,,0.7,80.0,4.4e-05,,,2021-12-15 12:30:00
5465239.994487511,0.0,232.0,,0.7,82.0,4.4e-05,,,2021-12-15 12:35:00
5465240.994573643,0.0,247.0,,0.7,81.0,4.8e-05,,,2021-12-15 12:40:00
5465241.994659776,0.0,254.0,,0.7,81.0,4.7e-05,,,2021-12-15 12:45:00
5465242.994745908,0.0,242.0,,0.7,84.0,4.4e-05,,,2021-12-15 12:50:00
5465243.994832041,0.0,220.0,,0.7,75.0,4.6e-05,,,2021-12-15 12:55:00
5465244.994918174,0.0,207.0,,0.7,83.0,4.6e-05,,,2021-12-15 13:00:00
5465245.995004307,0.0,201.0,,0.7,83.0,4.6e-05,,,2021-12-15 13:05:00
5465246.995090439,0.0,198.0,,0.7,79.0,5e-05,,,2021-12-15 13:10:00
5465247.995176571,0.0,210.0,,0.7,75.0,4.9e-05,,,2021-12-15 13:15:00
5465248.995262705,0.0,221.0,,0.7,80.0,4.4e-05,,,2021-12-15 13:20:00
5465249.995348837,0.0,225.0,,0.7,79.0,4.4e-05,,,2021-12-15 13:25:00
5465250.99543497,0.0,229.0,,0.7,78.0,4.6e-05,,,2021-12-15 13:30:00
5465251.995521102,0.0,230.0,,0.7,79.0,4.5e-05,,,2021-12-15 13:35:00
5465252.995607235,0.0,228.0,,0.7,81.0,4.5e-05,,,2021-12-15 13:40:00
5465253.995693368,0.0,227.0,,0.7,82.0,4.4e-05,,,2021-12-15 13:45:00
5465254.9957795,0.0,217.0,,0.7,79.0,4.4e-05,,,2021-12-15 13:50:00
5465255.995865633,0.0,210.0,,0.7,73.0,4.4e-05,,,2021-12-15 13:55:00
5465256.995951765,0.0,205.0,,0.7,96.0,4.3e-05,,,2021-12-15 14:00:00
5465257.996037899,0.0,197.0,,0.7,82.0,4.5e-05,,,2021-12-15 14:05:00
5465258.996124031,0.0,189.0,,0.7,72.0,4.7e-05,,,2021-12-15 14:10:00
5465259.996210163,0.0,184.0,,0.7,89.0,4.5e-05,,,2021-12-15 14:15:00
5465260.996296296,0.0,179.0,,0.7,76.0,4.8e-05,,,2021-12-15 14:20:00
5465261.996382428,0.0,177.0,,0.7,79.0,4.7e-05,,,2021-12-15 14:25:00
5465262.996468562,0.0,177.0,,0.7,87.0,4.6e-05,,,2021-12-15 14:30:00
5465263.996554694,0.0,175.0,,0.7,81.0,4.4e-05,,,2021-12-15 14:35:00
5465264.996640827,0.0,178.0,,0.7,79.0,4.6e-05,,,2021-12-15 14:40:00
5465265.996726959,0.0,181.0,,0.7,79.0,4.6e-05,,,2021-12-15 14:45:00
5465266.996813092,0.0,183.0,,0.7,78.0,4.5e-05,,,2021-12-15 14:50:00
5465267.996899225,0.0,187.0,,0.7,77.0,4.5e-05,,,2021-12-15 14:55:00
5465268.996985357,0.0,197.0,,0.7,78.0,4.5e-05,,,2021-12-15 15:00:00
5465269.99707149,0.0,197.0,,0.7,77.0,4.5e-05,,,2021-12-15 15:05:00
5465270.997157622,0.0,197.0,,0.7,76.0,4.4e-05,,,2021-12-15 15:10:00
5465271.9972437555,0.0,198.0,,0.7,79.0,4.4e-05,,,2021-12-15 15:15:00
5465272.997329888,0.0,201.0,,0.7,76.0,4.4e-05,,,2021-12-15 15:20:00
5465273.99741602,0.0,200.0,,0.7,77.0,4.7e-05,,,2021-12-15 15:25:00
5465274.997502153,0.0,189.0,,0.7,75.0,4.6e-05,,,2021-12-15 15:30:00
5465275.997588286,0.0,195.0,,0.7,77.0,4.4e-05,,,2021-12-15 15:35:00
5465276.997674419,0.0,197.0,,0.7,78.0,4.5e-05,,,2021-12-15 15:40:00
5465277.997760551,0.0,196.0,,0.7,72.0,4.6e-05,,,2021-12-15 15:45:00
5465278.9978466835,0.0,205.0,233.0,0.7,77.0,4.6e-05,,4.0,2021-12-15 15:50:00
5465279.997932816,0.0,213.0,,0.7,82.0,4.5e-05,,,2021-12-15 15:55:00
5465280.998018949,0.0,225.0,,0.7,77.0,4.4e-05,,,2021-12-15 16:00:00
5465281.998105082,0.0,224.0,,0.7,82.0,4.7e-05,,,2021-12-15 16:05:00
5465282.998191214,0.0,220.0,,0.7,86.0,4.6e-05,,,2021-12-15 16:10:00
5465283.998277347,0.0,215.0,,0.7,76.0,4.6e-05,,,2021-12-15 16:15:00
5465284.99836348,0.0,213.0,,0.7,75.0,4.6e-05,,,2021-12-15 16:20:00
5465285.998449612,0.0,211.0,,0.7,80.0,4.7e-05,,,2021-12-15 16:25:00
5465286.998535745,0.0,208.0,,0.7,79.0,4.7e-05,,,2021-12-15 16:30:00
5465287.998621877,0.0,206.0,,0.7,76.0,4.6e-05,,,2021-12-15 16:35:00
5465288.99870801,0.0,203.0,,0.7,78.0,4.7e-05,,,2021-12-15 16:40:00
5465289.998794143,0.0,204.0,200.0,0.7,85.0,4.7e-05,,5.8,2021-12-15 16:45:00
5465290.9988802755,0.0,204.0,,0.7,83.0,4.6e-05,75.0,8.2,2021-12-15 16:50:00
5465291.998966408,0.0,202.0,,0.9,81.0,4.6e-05,,,2021-12-15 16:55:00
5465292.99905254,0.0,198.0,,0.9,82.0,4.6e-05,,,2021-12-15 17:00:00
5465293.999138674,0.0,192.0,,0.9,82.0,4.6e-05,,,2021-12-15 17:05:00
5465294.999224806,0.0,189.0,,0.9,80.0,4.7e-05,,,2021-12-15 17:10:00
5465295.999310939,0.0,198.0,,0.9,79.0,4.9e-05,,,2021-12-15 17:15:00
5465296.999397071,0.0,207.0,,0.9,85.0,4.8e-05,,,2021-12-15 17:20:00
5465297.9994832035,0.0,211.0,,0.9,81.0,4.9e-05,,,2021-12-15 17:25:00
5465298.999569337,0.0,214.0,,0.9,86.0,4.9e-05,,,2021-12-15 17:30:00
5465299.999655469,0.0,215.0,,0.9,83.0,4.9e-05,,,2021-12-15 17:35:00
5465300.999741602,0.0,217.0,,0.9,92.0,4.8e-05,,,2021-12-15 17:40:00
5465301.999827734,0.0,211.0,,0.88,79.0,4.8e-05,,,2021-12-15 17:45:00
5465302.999913868,0.0,204.0,,0.88,76.0,4.9e-05,,,2021-12-15 17:50:00
5465304.0,0.0,202.0,,0.88,77.0,5e-05,,,2021-12-15 18:00:00
5465305.000086132,0.0,202.0,,0.88,99.0,4.9e-05,,,2021-12-15 18:05:00
5465306.000172265,0.0,200.0,,0.88,80.0,4.9e-05,,,2021-12-15 18:10:00
5465307.000258397,0.0,199.0,,0.88,82.0,5e-05,,,2021-12-15 18:15:00
5465308.000344531,0.0,197.0,,0.88,82.0,5.3e-05,,,2021-12-15 18:20:00
5465309.000430663,0.0,199.0,200.0,0.88,83.0,5.3e-05,,6.6,2021-12-15 18:25:00
5465310.000516796,0.0,203.0,,0.88,87.0,5.2e-05,100.0,8.8,2021-12-15 18:30:00
5465311.000602928,0.0,197.0,,0.88,86.0,5e-05,,,2021-12-15 18:35:00
5465312.000689061,0.0,191.0,,0.88,86.0,5e-05,,,2021-12-15 18:40:00
5465313.000775194,0.0,186.0,,0.88,87.0,5.1e-05,,,2021-12-15 18:45:00
5465314.000861326,0.0,184.0,,0.88,87.0,5.2e-05,,,2021-12-15 18:50:00
5465315.000947459,0.0,184.0,,0.88,95.0,5.3e-05,,,2021-12-15 18:55:00
5465316.001033591,0.0,181.0,,0.88,86.0,5.5e-05,,,2021-12-15 19:00:00
5465317.0011197245,0.0,180.0,,0.88,84.0,5.2e-05,,,2021-12-15 19:05:00
5465318.001205857,0.0,181.0,,0.88,84.0,5.6e-05,,,2021-12-15 19:10:00
5465319.001291989,0.0,181.0,,0.88,83.0,5.8e-05,,,2021-12-15 19:15:00
5465320.001378122,0.0,182.0,,0.88,84.0,5.6e-05,,,2021-12-15 19:20:00
5465321.001464255,0.0,183.0,,0.88,86.0,5e-05,,,2021-12-15 19:25:00
5465322.001550388,0.0,184.0,,0.88,84.0,5.2e-05,,,2021-12-15 19:30:00
5465323.00163652,0.0,181.0,,0.88,81.0,5.8e-05,,,2021-12-15 19:35:00
5465324.001722652,0.0,177.0,,0.88,80.0,6.2e-05,,,2021-12-15 19:40:00
5465325.001808785,0.0,173.0,,0.88,80.0,6.5e-05,,,2021-12-15 19:45:00
5465326.001894918,0.0,172.0,,0.88,81.0,6.7e-05,,,2021-12-15 19:50:00
5465327.001981051,0.0,173.0,,0.88,81.0,6.3e-05,,,2021-12-15 19:55:00
5465328.002067183,0.0,175.0,,0.88,81.0,5.4e-05,,,2021-12-15 20:00:00
5465329.002153316,0.0,176.0,,0.88,81.0,5.4e-05,,,2021-12-15 20:05:00
5465330.002239449,0.0,177.0,,0.88,81.0,5.1e-05,,,2021-12-15 20:10:00
5465331.002325581,0.0,180.0,,0.88,82.0,5.1e-05,,,2021-12-15 20:15:00
5465332.002411714,0.0,180.0,,0.88,82.0,5.1e-05,,,2021-12-15 20:20:00
5465333.002497846,0.0,175.0,,0.88,81.0,5.7e-05,,,2021-12-15 20:25:00
5465334.002583979,0.0,171.0,,0.88,80.0,5.8e-05,,,2021-12-15 20:30:00
5465335.002670112,0.0,168.0,,0.88,81.0,5.9e-05,,,2021-12-15 20:35:00
5465336.0027562445,0.0,165.0,,0.88,81.0,6e-05,,,2021-12-15 20:40:00
5465337.002842377,0.0,165.0,,0.88,80.0,6e-05,,,2021-12-15 20:45:00
5465338.002928509,0.0,167.0,,0.88,79.0,6e-05,,,2021-12-15 20:50:00
5465339.003014643,0.0,169.0,,0.88,80.0,6.2e-05,,,2021-12-15 20:55:00
5465340.003100775,0.0,167.0,,0.88,80.0,6.4e-05,,,2021-12-15 21:00:00
5465341.003186908,0.0,167.0,,0.88,81.0,6.5e-05,,,2021-12-15 21:05:00
5465342.00327304,0.0,171.0,,0.88,81.0,6.5e-05,,,2021-12-15 21:10:00
5465343.0033591725,0.0,184.0,,0.88,91.0,5.9e-05,,,2021-12-15 21:15:00
5465344.003445306,0.0,184.0,,0.88,89.0,5.4e-05,,,2021-12-15 21:20:00
5465345.003531438,0.0,191.0,,0.88,94.0,5.4e-05,,,2021-12-15 21:25:00
5465346.003617571,0.0,193.0,,0.88,83.0,5e-05,,,2021-12-15 21:30:00
5465347.003703703,0.0,193.0,,0.88,77.0,5.3e-05,,,2021-12-15 21:35:00
5465348.003789837,0.0,191.0,,0.88,76.0,5.2e-05,,,2021-12-15 21:40:00
5465349.003875969,0.0,190.0,,0.88,77.0,5.3e-05,,,2021-12-15 21:45:00
5465350.003962101,0.0,191.0,,0.88,78.0,5.1e-05,,,2021-12-15 21:50:00
5465351.004048234,0.0,191.0,,0.88,80.0,5.1e-05,,,2021-12-15 21:55:00
5465352.004134366,0.0,191.0,,0.88,81.0,5.6e-05,,,2021-12-15 22:00:00
5465353.0042205,0.0,193.0,,0.88,76.0,5.9e-05,,,2021-12-15 22:05:00
5465354.004306632,0.0,192.0,,0.88,77.0,6.4e-05,,,2021-12-15 22:10:00
5465355.0043927645,0.0,188.0,,0.88,71.0,7.5e-05,,,2021-12-15 22:15:00
5465356.004478897,0.0,195.0,,0.88,74.0,7e-05,,,2021-12-15 22:20:00
5465357.00456503,0.0,203.0,,0.88,83.0,6.1e-05,,,2021-12-15 22:25:00
5465358.004651163,0.0,204.0,,0.88,88.0,6e-05,,,2021-12-15 22:30:00
5465359.004737295,0.0,198.0,,0.88,76.0,4.9e-05,,,2021-12-15 22:35:00
5465360.004823428,0.0,194.0,,0.88,78.0,5.1e-05,,,2021-12-15 22:40:00
5465361.00490956,0.0,195.0,,0.88,80.0,5.2e-05,,,2021-12-15 22:45:00
5465362.004995693,0.0,202.0,,0.88,79.0,5.3e-05,,,2021-12-15 22:50:00
5465363.005081826,0.0,205.0,,0.88,79.0,5.3e-05,,,2021-12-15 22:55:00
5465364.005167958,0.0,204.0,,0.88,77.0,5.1e-05,,,2021-12-15 23:00:00
5465365.005254091,0.0,205.0,,0.88,76.0,5.1e-05,,,2021-12-15 23:05:00
5465366.005340224,0.0,207.0,,0.88,76.0,5.2e-05,,,2021-12-15 23:10:00
5465367.005426357,0.0,209.0,,0.88,73.0,5e-05,,,2021-12-15 23:15:00
5465368.005512489,0.0,210.0,,0.88,72.0,4.9e-05,,,2021-12-15 23:20:00
5465369.005598621,0.0,211.0,,0.88,72.0,5e-05,,,2021-12-15 23:25:00
5465370.005684754,0.0,213.0,,0.88,73.0,5e-05,,,2021-12-15 23:30:00
5465371.005770887,0.0,212.0,,0.88,72.0,5.2e-05,,,2021-12-15 23:35:00
5465372.00585702,0.0,211.0,,0.88,72.0,5.2e-05,,,2021-12-15 23:40:00
5465373.005943152,0.0,212.0,,0.88,73.0,5.1e-05,,,2021-12-15 23:45:00
5465374.006029285,0.0,213.0,,0.88,72.0,4.8e-05,,,2021-12-15 23:50:00
5465375.006115418,0.0,215.0,,0.88,74.0,4.9e-05,,,2021-12-15 23:55:00
5465376.00620155,0.0,214.0,,0.95,74.0,4.9e-05,,,2021-12-16 00:00:00
5465377.006287683,0.0,213.0,,0.95,75.0,4.9e-05,,,2021-12-16 00:05:00
5465378.006373815,0.0,215.0,,0.95,75.0,5e-05,,,2021-12-16 00:10:00
5465379.006459948,0.0,216.0,,0.95,78.0,4.9e-05,,,2021-12-16 00:15:00
5465380.006546081,0.0,218.0,,0.95,77.0,5e-05,,,2021-12-16 00:20:00
5465381.0066322135,0.0,224.0,,0.95,77.0,5.2e-05,,,2021-12-16 00:25:00
5465382.006718346,0.0,227.0,,0.95,77.0,5.2e-05,,,2021-12-16 00:30:00
5465383.006804478,0.0,228.0,,0.95,76.0,5.3e-05,,,2021-12-16 00:35:00
5465384.006890612,0.0,232.0,,0.95,75.0,5.8e-05,,,2021-12-16 00:40:00
5465385.006976744,0.0,238.0,,0.95,75.0,5.9e-05,,,2021-12-16 00:45:00
5465386.007062877,0.0,243.0,,0.95,75.0,6.1e-05,,,2021-12-16 00:50:00
5465387.007149009,0.0,246.0,,0.95,75.0,5.2e-05,,,2021-12-16 00:55:00
5465388.0072351415,0.0,253.0,,0.95,70.0,4.7e-05,,,2021-12-16 01:00:00
5465389.007321275,0.0,256.0,,0.95,68.0,4.7e-05,,,2021-12-16 01:05:00
5465390.007407407,0.0,258.0,,0.95,68.0,4.7e-05,,,2021-12-16 01:10:00
5465391.00749354,0.0,261.0,,0.95,68.0,4.7e-05,,,2021-12-16 01:15:00
5465392.007579672,0.0,263.0,,0.95,70.0,4.7e-05,,,2021-12-16 01:20:00
5465393.0076658055,0.0,263.0,,0.95,70.0,5e-05,,,2021-12-16 01:25:00
5465394.007751938,0.0,264.0,,0.95,67.0,6.3e-05,,,2021-12-16 01:30:00
5465395.00783807,0.0,267.0,,0.95,67.0,6.5e-05,,,2021-12-16 01:35:00
5465396.007924203,0.0,269.0,,0.95,69.0,6.9e-05,,,2021-12-16 01:40:00
5465397.008010335,0.0,268.0,,0.95,69.0,6.8e-05,,,2021-12-16 01:45:00
5465398.008096469,0.0,267.0,,0.95,69.0,6.5e-05,,,2021-12-16 01:50:00
5465399.008182601,0.0,266.0,,0.95,69.0,6.3e-05,,,2021-12-16 01:55:00
5465400.0082687335,0.0,266.0,,0.95,72.0,6.1e-05,,,2021-12-16 02:00:00
5465401.008354866,0.0,269.0,,0.95,71.0,5.3e-05,,,2021-12-16 02:05:00
5465402.008440999,0.0,270.0,,0.95,68.0,5.6e-05,,,2021-12-16 02:10:00
5465403.008527132,0.0,270.0,,0.95,67.0,5.9e-05,,,2021-12-16 02:15:00
5465404.008613264,0.0,269.0,,0.95,68.0,5.9e-05,,,2021-12-16 02:20:00
5465405.008699397,0.0,269.0,,0.95,68.0,5.8e-05,,,2021-12-16 02:25:00
5465406.00878553,0.0,269.0,,0.95,66.0,5.8e-05,,,2021-12-16 02:30:00
5465407.008871662,0.0,273.0,,0.95,68.0,5.8e-05,,,2021-12-16 02:35:00
5465408.008957795,0.0,277.0,,0.95,65.0,4.8e-05,,,2021-12-16 02:40:00
5465409.009043927,0.0,281.0,,0.95,65.0,5.2e-05,,,2021-12-16 02:45:00
5465410.00913006,0.0,283.0,,0.95,65.0,4.9e-05,,,2021-12-16 02:50:00
5465411.009216193,0.0,286.0,,0.95,64.0,4.8e-05,,,2021-12-16 02:55:00
5465412.009302326,0.0,288.0,,0.95,64.0,4.8e-05,,,2021-12-16 03:00:00
5465413.009388458,0.0,289.0,,0.95,65.0,4.8e-05,,,2021-12-16 03:05:00
5465414.00947459,0.0,289.0,,0.95,67.0,5e-05,,,2021-12-16 03:10:00
5465415.009560724,0.0,287.0,,0.95,65.0,5.5e-05,,,2021-12-16 03:15:00
5465416.009646856,0.0,287.0,,0.95,64.0,5.9e-05,,,2021-12-16 03:20:00
5465417.009732989,0.0,287.0,,0.95,64.0,6.1e-05,,,2021-12-16 03:25:00
5465418.009819121,0.0,288.0,,0.95,65.0,6.3e-05,,,2021-12-16 03:30:00
5465419.009905254,0.0,288.0,,0.95,63.0,5.8e-05,,,2021-12-16 03:35:00
5465420.009991387,0.0,290.0,,0.95,67.0,5.7e-05,,,2021-12-16 03:40:00
5465421.010077519,0.0,293.0,,0.95,68.0,5.7e-05,,,2021-12-16 03:45:00
5465422.010163652,0.0,295.0,,0.95,66.0,5.9e-05,,,2021-12-16 03:50:00
5465423.010249784,0.0,294.0,,0.95,68.0,6e-05,,,2021-12-16 03:55:00
5465424.010335918,0.0,293.0,,1.15,67.0,6.2e-05,,,2021-12-16 04:00:00
5465425.01042205,0.0,292.0,,1.15,66.0,6.4e-05,,,2021-12-16 04:05:00
5465426.010508182,0.0,292.0,,1.15,66.0,6.5e-05,,,2021-12-16 04:10:00
5465427.010594315,0.0,291.0,,1.15,67.0,6.3e-05,,,2021-12-16 04:15:00
5465428.010680447,0.0,292.0,,1.15,65.0,5.5e-05,,,2021-12-16 04:20:00
5465429.010766581,0.0,298.0,,1.15,74.0,5.1e-05,,,2021-12-16 04:25:00
5465430.010852713,0.0,303.0,,1.15,82.0,5.2e-05,,,2021-12-16 04:30:00
5465431.010938846,0.0,301.0,,1.15,62.0,5.1e-05,,,2021-12-16 04:35:00
5465432.011024978,0.0,298.0,,1.15,61.0,5.1e-05,,,2021-12-16 04:40:00
5465433.011111111,0.0,296.0,,1.15,61.0,4.7e-05,,,2021-12-16 04:45:00
5465434.011197244,0.0,294.0,,1.15,59.0,4.9e-05,,,2021-12-16 04:50:00
5465435.011283376,0.0,294.0,,1.15,64.0,5.2e-05,,,2021-12-16 04:55:00
5465436.011369509,0.0,296.0,,1.3,62.0,6e-05,,,2021-12-16 05:00:00
5465437.011455641,0.0,303.0,,1.3,70.0,5.2e-05,,,2021-12-16 05:05:00
5465438.0115417745,0.0,311.0,276.0,1.3,86.0,5.1e-05,,5.0,2021-12-16 05:10:00
5465439.011627907,0.0,316.0,,1.3,87.0,5.3e-05,,,2021-12-16 05:15:00
5465440.011714039,0.0,289.0,,1.3,85.0,5.2e-05,,,2021-12-16 05:20:00
5465441.011800172,0.0,290.0,,1.3,85.0,5.9e-05,,,2021-12-16 05:25:00
5465442.011886305,0.0,290.0,,1.3,83.0,6.2e-05,,,2021-12-16 05:30:00
5465443.011972438,0.0,286.0,,1.3,83.0,6.4e-05,,,2021-12-16 05:35:00
5465444.01205857,0.0,282.0,,1.3,78.0,6.7e-05,,,2021-12-16 05:40:00
5465445.0121447025,0.0,279.0,,1.3,77.0,6.7e-05,,,2021-12-16 05:45:00
5465446.012230835,0.0,276.0,,1.3,85.0,7e-05,,,2021-12-16 05:50:00
5465447.012316968,0.0,271.0,,1.3,87.0,7.3e-05,,,2021-12-16 05:55:00
5465448.012403101,0.0,266.0,,1.3,82.0,6.7e-05,,,2021-12-16 06:00:00
5465449.012489233,0.0,265.0,,1.3,80.0,7e-05,,,2021-12-16 06:05:00
5465450.012575366,0.0,267.0,265.0,1.3,87.0,5.6e-05,,9.0,2021-12-16 06:10:00
5465451.012661499,0.0,268.0,,1.3,86.0,5.6e-05,145.0,11.3,2021-12-16 06:15:00
5465452.012747631,0.0,263.0,,1.3,83.0,5.4e-05,,,2021-12-16 06:20:00
5465453.012833764,0.0,259.0,,1.3,85.0,5.4e-05,,,2021-12-16 06:25:00
5465454.012919896,0.0,252.0,,1.3,82.0,5.1e-05,,,2021-12-16 06:30:00
5465455.013006029,0.0,250.0,,1.3,84.0,4.5e-05,,,2021-12-16 06:35:00
5465456.013092162,0.0,251.0,,1.3,87.0,4.4e-05,,,2021-12-16 06:40:00
5465457.0131782945,0.0,261.0,,1.3,85.0,4.6e-05,,,2021-12-16 06:45:00
5465458.013264427,0.0,274.0,,1.3,90.0,5e-05,,,2021-12-16 06:50:00
5465459.013350559,0.0,276.0,,1.3,90.0,5.3e-05,,,2021-12-16 06:55:00
5465460.013436693,0.0,280.0,,1.35,91.0,4.9e-05,,,2021-12-16 07:00:00
5465461.013522825,0.0,286.0,,1.35,97.0,4.7e-05,,,2021-12-16 07:05:00
5465462.013608958,0.0,287.0,,1.35,77.0,5.5e-05,,,2021-12-16 07:10:00
5465463.01369509,0.0,282.0,,1.35,94.0,5.1e-05,,,2021-12-16 07:15:00
5465464.0137812225,0.0,279.0,,1.35,90.0,4.9e-05,,,2021-12-16 07:20:00
5465465.013867356,0.0,281.0,,1.35,84.0,5.1e-05,,,2021-12-16 07:25:00
5465466.013953488,0.0,280.0,,1.35,88.0,5e-05,,,2021-12-16 07:30:00
5465467.014039621,0.0,280.0,,1.35,86.0,5.2e-05,,,2021-12-16 07:35:00
5465468.014125753,0.0,280.0,,1.35,88.0,4.9e-05,,,2021-12-16 07:40:00
5465469.014211887,0.0,278.0,,1.35,82.0,4.9e-05,,,2021-12-16 07:45:00
5465470.014298019,0.0,278.0,,1.35,82.0,4.5e-05,,,2021-12-16 07:50:00
5465471.014384151,0.0,280.0,,1.35,83.0,4.6e-05,,,2021-12-16 07:55:00
5465472.014470284,0.0,283.0,,1.35,83.0,4.5e-05,,,2021-12-16 08:00:00
5465473.014556416,0.0,283.0,,1.35,81.0,4.8e-05,,,2021-12-16 08:05:00
5465474.01464255,0.0,283.0,,1.35,91.0,4.8e-05,,,2021-12-16 08:10:00
5465475.014728682,0.0,280.0,,1.35,83.0,4.9e-05,,,2021-12-16 08:15:00
5465476.014814815,0.0,275.0,,1.35,87.0,5.1e-05,,,2021-12-16 08:20:00
5465477.014900947,0.0,271.0,,1.35,90.0,5e-05,,,2021-12-16 08:25:00
5465478.01498708,0.0,267.0,,1.35,87.0,4.9e-05,,,2021-12-16 08:30:00
5465479.015073213,0.0,266.0,,1.35,81.0,5e-05,,,2021-12-16 08:35:00
5465480.015159345,0.0,264.0,,1.35,79.0,4.8e-05,,,2021-12-16 08:40:00
5465481.015245478,0.0,261.0,,1.35,80.0,5e-05,,,2021-12-16 08:45:00
5465482.01533161,0.0,258.0,,1.35,85.0,4.8e-05,,,2021-12-16 08:50:00
5465483.0154177435,0.0,257.0,,1.35,81.0,4.8e-05,,,2021-12-16 08:55:00
5465484.015503876,0.0,246.0,,1.35,75.0,5e-05,,,2021-12-16 09:00:00
5465485.015590008,0.0,242.0,,1.35,79.0,5.1e-05,,,2021-12-16 09:05:00
5465486.015676141,0.0,241.0,,1.35,83.0,5e-05,,,2021-12-16 09:10:00
5465487.015762274,0.0,238.0,,1.35,80.0,4.8e-05,,,2021-12-16 09:15:00
5465488.015848407,0.0,238.0,,1.35,82.0,4.6e-05,,,2021-12-16 09:20:00
5465489.015934539,0.0,238.0,,1.35,82.0,4.7e-05,,,2021-12-16 09:25:00
5465490.016020671,0.0,239.0,,1.35,83.0,4.7e-05,,,2021-12-16 09:30:00
5465491.016106804,0.0,241.0,,1.35,81.0,4.5e-05,,,2021-12-16 09:35:00
5465492.016192937,0.0,240.0,,1.35,88.0,4.6e-05,,,2021-12-16 09:40:00
5465493.01627907,0.0,240.0,,1.35,87.0,4.5e-05,,,2021-12-16 09:45:00
5465494.016365202,0.0,237.0,,1.35,80.0,4.5e-05,,,2021-12-16 09:50:00
5465495.016451335,0.0,237.0,,1.35,78.0,4.5e-05,,,2021-12-16 09:55:00
5465496.016537468,0.0,236.0,,1.35,79.0,4.4e-05,,,2021-12-16 10:00:00
5465497.0166236,0.0,234.0,,1.35,82.0,4.6e-05,,,2021-12-16 10:05:00
5465498.016709733,0.0,232.0,,1.35,80.0,4.7e-05,,,2021-12-16 10:10:00
5465499.016795865,0.0,228.0,,1.35,83.0,4.8e-05,,,2021-12-16 10:15:00
5465500.016881998,0.0,225.0,,1.35,81.0,4.6e-05,,,2021-12-16 10:20:00
5465501.016968131,0.0,224.0,,1.35,84.0,4.5e-05,,,2021-12-16 10:25:00
5465502.0170542635,0.0,223.0,,1.35,85.0,4.7e-05,,,2021-12-16 10:30:00
5465503.017140396,0.0,220.0,,1.35,80.0,4.4e-05,,,2021-12-16 10:35:00
5465504.017226528,0.0,219.0,,1.35,79.0,4.6e-05,,,2021-12-16 10:40:00
5465505.017312662,0.0,217.0,,1.35,85.0,4.5e-05,,,2021-12-16 10:45:00
5465506.017398794,0.0,216.0,,1.35,81.0,4.6e-05,,,2021-12-16 10:50:00
5465507.017484927,0.0,214.0,,1.35,75.0,4.8e-05,,,2021-12-16 10:55:00
5465508.017571059,0.0,214.0,,0.7,79.0,4.8e-05,,,2021-12-16 11:00:00
5465509.0176571915,0.0,210.0,,0.7,81.0,4.6e-05,,,2021-12-16 11:05:00
5465510.017743325,0.0,208.0,,0.7,82.0,4.3e-05,,,2021-12-16 11:10:00
5465511.017829457,0.0,207.0,,0.7,81.0,4.3e-05,,,2021-12-16 11:15:00
5465512.01791559,0.0,206.0,,0.7,81.0,4.3e-05,,,2021-12-16 11:20:00
5465513.018001722,0.0,205.0,,0.7,80.0,4.4e-05,,,2021-12-16 11:25:00
5465514.018087856,0.0,204.0,,0.7,82.0,4.3e-05,,,2021-12-16 11:30:00
5465515.018173988,0.0,201.0,,0.7,82.0,4.3e-05,,,2021-12-16 11:35:00
5465516.01826012,0.0,199.0,,0.7,81.0,4.3e-05,,,2021-12-16 11:40:00
5465517.018346253,0.0,196.0,,0.7,78.0,4.3e-05,,,2021-12-16 11:45:00
5465518.018432385,0.0,192.0,203.0,0.7,89.0,4.3e-05,,4.3,2021-12-16 11:50:00
5465519.018518519,0.0,189.0,,0.7,83.0,4.3e-05,75.0,6.1,2021-12-16 11:55:00
5465520.018604651,0.0,194.0,,0.7,82.0,4.3e-05,,,2021-12-16 12:00:00
5465521.0186907835,0.0,189.0,,0.7,83.0,4.3e-05,,,2021-12-16 12:05:00
5465522.018776916,0.0,184.0,,0.7,87.0,4.4e-05,,,2021-12-16 12:10:00
5465523.018863049,0.0,182.0,,0.7,80.0,4.3e-05,,,2021-12-16 12:15:00
5465524.018949182,0.0,182.0,,0.7,79.0,4.4e-05,,,2021-12-16 12:20:00
5465525.019035314,0.0,187.0,,0.7,79.0,4.3e-05,,,2021-12-16 12:25:00
5465526.019121447,0.0,196.0,,0.7,82.0,4.3e-05,,,2021-12-16 12:30:00
5465527.019207579,0.0,204.0,,0.7,85.0,4.4e-05,,,2021-12-16 12:35:00
5465528.019293712,0.0,211.0,,0.7,83.0,4.4e-05,,,2021-12-16 12:40:00
5465529.019379845,0.0,215.0,,0.7,81.0,4.4e-05,,,2021-12-16 12:45:00
5465530.019465977,0.0,219.0,,0.7,83.0,4.4e-05,,,2021-12-16 12:50:00
5465531.01955211,0.0,220.0,,0.7,84.0,4.4e-05,,,2021-12-16 12:55:00
5465532.019638243,0.0,220.0,,0.7,79.0,4.5e-05,,,2021-12-16 13:00:00
5465533.019724376,0.0,215.0,,0.7,75.0,4.3e-05,,,2021-12-16 13:05:00
5465534.019810508,0.0,215.0,,0.7,91.0,4.5e-05,,,2021-12-16 13:10:00
5465535.01989664,0.0,216.0,,0.7,82.0,4.4e-05,,,2021-12-16 13:15:00
5465536.019982773,0.0,220.0,,0.7,72.0,4.8e-05,,,2021-12-16 13:20:00
5465537.020068906,0.0,223.0,,0.7,78.0,4.8e-05,,,2021-12-16 13:25:00
5465538.020155039,0.0,224.0,,0.7,80.0,4.4e-05,,,2021-12-16 13:30:00
5465539.020241171,0.0,225.0,,0.7,81.0,4.3e-05,,,2021-12-16 13:35:00
5465540.020327304,0.0,223.0,,0.7,83.0,4.4e-05,,,2021-12-16 13:40:00
5465541.020413437,0.0,219.0,,0.7,82.0,4.4e-05,,,2021-12-16 13:45:00
5465542.020499569,0.0,217.0,,0.7,83.0,4.5e-05,,,2021-12-16 13:50:00
5465543.020585702,0.0,216.0,,0.7,84.0,4.4e-05,,,2021-12-16 13:55:00
5465544.020671834,0.0,213.0,,0.7,79.0,4.5e-05,,,2021-12-16 14:00:00
5465545.020757967,0.0,211.0,,0.7,83.0,4.5e-05,,,2021-12-16 14:05:00
5465546.0208441,0.0,208.0,,0.7,87.0,4.4e-05,,,2021-12-16 14:10:00
5465547.0209302325,0.0,205.0,,0.7,106.0,4.4e-05,,,2021-12-16 14:15:00
5465548.021016365,0.0,201.0,,0.7,84.0,4.4e-05,,,2021-12-16 14:20:00
5465549.021102497,0.0,195.0,,0.7,89.0,4.4e-05,,,2021-12-16 14:25:00
5465550.021188631,0.0,190.0,,0.7,79.0,4.4e-05,,,2021-12-16 14:30:00
5465551.021274763,0.0,189.0,,0.7,83.0,4.5e-05,,,2021-12-16 14:35:00
5465552.021360896,0.0,189.0,,0.7,79.0,4.5e-05,,,2021-12-16 14:40:00
5465553.021447028,0.0,187.0,,0.7,70.0,4.5e-05,,,2021-12-16 14:45:00
5465554.0215331605,0.0,184.0,,0.7,77.0,4.5e-05,,,2021-12-16 14:50:00
5465555.021619294,0.0,185.0,,0.7,78.0,4.4e-05,,,2021-12-16 14:55:00
5465556.021705426,0.0,188.0,,0.7,77.0,4.5e-05,,,2021-12-16 15:00:00
5465557.021791559,0.0,187.0,,0.7,79.0,4.5e-05,,,2021-12-16 15:05:00
5465558.021877691,0.0,186.0,,0.7,78.0,4.3e-05,,,2021-12-16 15:10:00
5465559.0219638245,0.0,186.0,,0.7,79.0,4.4e-05,,,2021-12-16 15:15:00
5465560.022049957,0.0,185.0,,0.7,79.0,4.4e-05,,,2021-12-16 15:20:00
5465561.022136089,0.0,184.0,,0.7,79.0,4.4e-05,,,2021-12-16 15:25:00
5465562.022222222,0.0,183.0,,0.7,78.0,4.4e-05,,,2021-12-16 15:30:00
5465563.022308354,0.0,182.0,,0.7,82.0,4.4e-05,,,2021-12-16 15:35:00
5465564.022394488,0.0,183.0,,0.7,95.0,4.3e-05,,,2021-12-16 15:40:00
5465565.02248062,0.0,185.0,,0.7,82.0,4.3e-05,,,2021-12-16 15:45:00
5465566.0225667525,0.0,181.0,,0.7,94.0,4.8e-05,,,2021-12-16 15:50:00
5465567.022652885,0.0,177.0,,0.7,87.0,0.002611,,,2021-12-16 15:55:00
5465568.022739018,0.0,173.0,,0.7,91.0,0.009451,,,2021-12-16 16:00:00
5465569.022825151,0.0,170.0,,0.7,92.0,5.4e-05,,,2021-12-16 16:05:00
5465570.022911283,0.0,167.0,,0.7,71.0,4.5e-05,,,2021-12-16 16:10:00
5465571.022997416,0.0,164.0,,0.7,74.0,4.5e-05,,,2021-12-16 16:15:00
5465572.023083548,0.0,162.0,,0.7,84.0,4.7e-05,,,2021-12-16 16:20:00
5465573.023169681,0.0,159.0,,0.7,75.0,4.9e-05,,,2021-12-16 16:25:00
5465574.023255814,0.0,155.0,,0.7,75.0,4.7e-05,,,2021-12-16 16:30:00
5465575.023341946,0.0,152.0,,0.7,78.0,4.7e-05,,,2021-12-16 16:35:00
5465576.023428079,0.0,148.0,,0.7,76.0,4.9e-05,,,2021-12-16 16:40:00
5465577.023514212,0.0,145.0,,0.7,83.0,4.8e-05,,,2021-12-16 16:45:00
5465578.023600345,0.0,145.0,,0.7,79.0,4.8e-05,,,2021-12-16 16:50:00
5465579.023686477,0.0,145.0,,0.7,80.0,4.8e-05,,,2021-12-16 16:55:00
5465580.023772609,0.0,144.0,,0.88,78.0,4.8e-05,,,2021-12-16 17:00:00
5465581.023858742,0.0,141.0,,0.88,79.0,4.8e-05,,,2021-12-16 17:05:00
5465582.023944875,0.0,141.0,,0.88,80.0,4.9e-05,,,2021-12-16 17:10:00
5465583.024031008,0.0,140.0,,0.88,83.0,4.6e-05,,,2021-12-16 17:15:00
5465584.02411714,0.0,138.0,,0.88,85.0,4.6e-05,,,2021-12-16 17:20:00
5465585.024203273,0.0,136.0,,0.88,82.0,4.6e-05,,,2021-12-16 17:25:00
5465586.024289406,0.0,138.0,,0.88,94.0,4.6e-05,,,2021-12-16 17:30:00
5465587.024375538,0.0,138.0,,0.88,85.0,4.7e-05,,,2021-12-16 17:35:00
5465588.024461671,0.0,140.0,,0.88,92.0,4.6e-05,,,2021-12-16 17:40:00
5465589.024547803,0.0,142.0,,0.88,92.0,5e-05,,,2021-12-16 17:45:00
5465590.024633936,0.0,145.0,,0.88,79.0,4.7e-05,,,2021-12-16 17:50:00
5465591.024720069,0.0,147.0,,0.88,78.0,5.4e-05,,,2021-12-16 17:55:00
5465592.024806201,0.0,148.0,,0.88,79.0,5.2e-05,,,2021-12-16 18:00:00
5465593.024892334,0.0,147.0,,0.88,78.0,5.6e-05,,,2021-12-16 18:05:00
5465594.024978466,0.0,147.0,,0.88,78.0,5.7e-05,,,2021-12-16 18:10:00
5465595.0250646,0.0,150.0,,0.88,85.0,6e-05,,,2021-12-16 18:15:00
5465596.025150732,0.0,148.0,140.0,0.88,89.0,5.7e-05,,,2021-12-16 18:20:00
5465597.025236865,0.0,147.0,140.0,0.88,83.0,6.1e-05,70.0,4.6,2021-12-16 18:25:00
5465598.025322997,0.0,145.0,,0.88,85.0,5.9e-05,,4.4,2021-12-16 18:30:00
5465599.025409129,0.0,146.0,,0.88,85.0,6.3e-05,,,2021-12-16 18:35:00
5465600.025495263,0.0,144.0,,0.88,84.0,6e-05,,,2021-12-16 18:40:00
5465601.025581395,0.0,141.0,,0.88,87.0,6.7e-05,,,2021-12-16 18:45:00
5465602.025667528,0.0,139.0,,0.88,84.0,7.1e-05,,,2021-12-16 18:50:00
5465603.02575366,0.0,139.0,,0.88,85.0,7.5e-05,,,2021-12-16 18:55:00
5465604.0258397935,0.0,139.0,,0.88,84.0,7.1e-05,,,2021-12-16 19:00:00
5465605.025925926,0.0,137.0,,0.88,84.0,7.5e-05,,,2021-12-16 19:05:00
5465606.026012058,0.0,137.0,,0.88,87.0,7.7e-05,,,2021-12-16 19:10:00
5465607.026098191,0.0,136.0,,0.88,87.0,7.8e-05,,,2021-12-16 19:15:00
5465608.026184323,0.0,136.0,,0.88,88.0,8e-05,,,2021-12-16 19:20:00
5465609.026270457,0.0,138.0,,0.88,87.0,6.9e-05,,,2021-12-16 19:25:00
5465610.026356589,0.0,139.0,,0.88,87.0,6.9e-05,,,2021-12-16 19:30:00
5465611.0264427215,0.0,140.0,,0.88,86.0,7e-05,,,2021-12-16 19:35:00
5465612.026528854,0.0,140.0,,0.88,87.0,7.1e-05,,,2021-12-16 19:40:00
5465613.026614987,0.0,140.0,,0.88,87.0,7.2e-05,,,2021-12-16 19:45:00
5465614.02670112,0.0,141.0,,0.88,88.0,6.9e-05,,,2021-12-16 19:50:00
5465615.026787252,0.0,143.0,,0.88,86.0,7.4e-05,,,2021-12-16 19:55:00
5465616.026873385,0.0,144.0,,0.88,83.0,7.4e-05,,,2021-12-16 20:00:00
5465617.026959517,0.0,143.0,,0.88,85.0,7.5e-05,,,2021-12-16 20:05:00
5465618.02704565,0.0,144.0,,0.88,85.0,5.3e-05,,,2021-12-16 20:10:00
5465619.027131783,0.0,144.0,,0.88,84.0,5.2e-05,,,2021-12-16 20:15:00
5465620.027217915,0.0,145.0,,0.88,84.0,5e-05,,,2021-12-16 20:20:00
5465621.027304048,0.0,150.0,,0.88,84.0,4.9e-05,,,2021-12-16 20:25:00
5465622.027390181,0.0,152.0,,0.88,84.0,4.9e-05,,,2021-12-16 20:30:00
5465623.0274763135,0.0,153.0,,0.88,86.0,4.9e-05,,,2021-12-16 20:35:00
5465624.027562446,0.0,155.0,,0.88,85.0,5.3e-05,,,2021-12-16 20:40:00
5465625.027648578,0.0,157.0,,0.88,83.0,5.2e-05,,,2021-12-16 20:45:00
5465626.027734711,0.0,159.0,,0.88,84.0,5.5e-05,,,2021-12-16 20:50:00
5465627.027820844,0.0,161.0,,0.88,83.0,5.4e-05,,,2021-12-16 20:55:00
5465628.027906977,0.0,163.0,,0.88,84.0,5.6e-05,,,2021-12-16 21:00:00
5465629.027993109,0.0,166.0,,0.88,85.0,5.6e-05,,,2021-12-16 21:05:00
5465630.0280792415,0.0,168.0,,0.88,84.0,5.5e-05,,,2021-12-16 21:10:00
5465631.028165375,0.0,171.0,,0.88,85.0,5.5e-05,,,2021-12-16 21:15:00
5465632.028251507,0.0,174.0,,0.88,82.0,5.2e-05,,,2021-12-16 21:20:00
5465633.02833764,0.0,177.0,,0.88,83.0,5.1e-05,,,2021-12-16 21:25:00
5465634.028423772,0.0,181.0,,0.88,90.0,5.4e-05,,,2021-12-16 21:30:00
5465635.028509905,0.0,184.0,,0.88,84.0,5.5e-05,,,2021-12-16 21:35:00
5465636.028596038,0.0,188.0,,0.88,85.0,5.4e-05,,,2021-12-16 21:40:00
5465637.02868217,0.0,191.0,,0.88,82.0,5.5e-05,,,2021-12-16 21:45:00
5465638.028768303,0.0,194.0,,0.88,83.0,5.6e-05,,,2021-12-16 21:50:00
5465639.028854435,0.0,199.0,,0.88,84.0,5.4e-05,,,2021-12-16 21:55:00
5465640.028940569,0.0,202.0,,0.88,83.0,5.7e-05,,,2021-12-16 22:00:00
5465641.029026701,0.0,207.0,,0.88,85.0,5.4e-05,,,2021-12-16 22:05:00
5465642.029112834,0.0,212.0,,0.88,83.0,4.8e-05,,,2021-12-16 22:10:00
5465643.029198966,0.0,212.0,,0.88,82.0,6.3e-05,,,2021-12-16 22:15:00
5465644.029285098,0.0,213.0,,0.88,87.0,5.6e-05,,,2021-12-16 22:20:00
5465645.029371232,0.0,214.0,,0.88,83.0,6.7e-05,,,2021-12-16 22:25:00
5465646.029457364,0.0,214.0,,0.88,84.0,5.6e-05,,,2021-12-16 22:30:00
5465647.029543497,0.0,215.0,,0.88,83.0,7e-05,,,2021-12-16 22:35:00
5465648.029629629,0.0,216.0,,0.88,82.0,6.5e-05,,,2021-12-16 22:40:00
5465649.0297157625,0.0,219.0,,0.88,82.0,0.000128,,,2021-12-16 22:45:00
5465650.029801895,0.0,220.0,,0.88,82.0,0.000116,,,2021-12-16 22:50:00
5465651.029888027,0.0,221.0,,0.88,84.0,9.2e-05,,,2021-12-16 22:55:00
5465652.02997416,0.0,225.0,,0.88,88.0,0.000139,,,2021-12-16 23:00:00
5465653.030060292,0.0,229.0,,0.88,76.0,8.8e-05,,,2021-12-16 23:05:00
5465654.030146426,0.0,228.0,,0.88,75.0,7e-05,,,2021-12-16 23:10:00
5465655.030232558,0.0,228.0,,0.88,75.0,5.9e-05,,,2021-12-16 23:15:00
5465656.03031869,0.0,229.0,,0.88,76.0,5.6e-05,,,2021-12-16 23:20:00
5465657.030404823,0.0,230.0,,0.88,78.0,5e-05,,,2021-12-16 23:25:00
5465658.030490956,0.0,229.0,,0.88,75.0,4.7e-05,,,2021-12-16 23:30:00
5465659.030577089,0.0,228.0,,0.88,75.0,4.8e-05,,,2021-12-16 23:35:00
5465660.030663221,0.0,228.0,,0.88,76.0,4.9e-05,,,2021-12-16 23:40:00
5465661.030749354,0.0,227.0,,0.88,75.0,4.8e-05,,,2021-12-16 23:45:00
5465662.030835486,0.0,227.0,,0.88,74.0,4.8e-05,,,2021-12-16 23:50:00
5465663.030921619,0.0,229.0,,0.88,73.0,4.8e-05,,,2021-12-16 23:55:00
5465664.031007752,0.0,230.0,,0.88,73.0,4.9e-05,,,2021-12-17 00:00:00
5465665.031093884,0.0,231.0,,0.88,75.0,5e-05,,,2021-12-17 00:05:00
5465666.031180017,0.0,230.0,,0.88,72.0,5.5e-05,,,2021-12-17 00:10:00
5465667.03126615,0.0,230.0,,0.88,70.0,5.6e-05,,,2021-12-17 00:15:00
5465668.0313522825,0.0,232.0,,0.88,71.0,6.2e-05,,,2021-12-17 00:20:00
5465669.031438415,0.0,235.0,,0.88,70.0,7.2e-05,,,2021-12-17 00:25:00
5465670.031524547,0.0,237.0,,0.88,73.0,6.8e-05,,,2021-12-17 00:30:00
5465671.03161068,0.0,238.0,,0.88,74.0,5.1e-05,,,2021-12-17 00:35:00
5465672.031696813,0.0,238.0,,0.88,75.0,5e-05,,,2021-12-17 00:40:00
5465673.031782946,0.0,237.0,,0.88,74.0,6.6e-05,,,2021-12-17 00:45:00
5465674.031869078,0.0,239.0,,0.88,74.0,7.1e-05,,,2021-12-17 00:50:00
5465675.0319552105,0.0,241.0,,0.88,76.0,8.2e-05,,,2021-12-17 00:55:00
5465676.032041344,0.0,242.0,,0.88,73.0,6.2e-05,,,2021-12-17 01:00:00
5465677.032127476,0.0,242.0,,0.88,73.0,6.3e-05,,,2021-12-17 01:05:00
5465678.032213609,0.0,243.0,,0.88,73.0,6.7e-05,,,2021-12-17 01:10:00
5465679.032299741,0.0,245.0,,0.88,73.0,6.1e-05,,,2021-12-17 01:15:00
5465680.032385874,0.0,248.0,,0.88,72.0,6.2e-05,,,2021-12-17 01:20:00
5465681.032472007,0.0,249.0,,0.88,71.0,6.2e-05,,,2021-12-17 01:25:00
5465682.032558139,0.0,251.0,,0.88,72.0,6.1e-05,,,2021-12-17 01:30:00
5465683.032644272,0.0,253.0,,0.88,73.0,6.2e-05,,,2021-12-17 01:35:00
5465684.032730404,0.0,254.0,,0.88,74.0,6.2e-05,,,2021-12-17 01:40:00
5465685.032816538,0.0,255.0,,0.88,74.0,6.2e-05,,,2021-12-17 01:45:00
5465686.03290267,0.0,256.0,,0.88,74.0,6.2e-05,,,2021-12-17 01:50:00
5465687.0329888025,0.0,256.0,,0.88,73.0,6.4e-05,,,2021-12-17 01:55:00
5465688.033074935,0.0,256.0,,0.88,70.0,6.3e-05,,,2021-12-17 02:00:00
5465689.033161067,0.0,257.0,,0.88,71.0,6.3e-05,,,2021-12-17 02:05:00
5465690.033247201,0.0,258.0,,0.88,69.0,7.3e-05,,,2021-12-17 02:10:00
5465691.033333333,0.0,258.0,,0.88,67.0,7.3e-05,,,2021-12-17 02:15:00
5465692.033419466,0.0,259.0,,0.88,67.0,7.3e-05,,,2021-12-17 02:20:00
5465693.033505598,0.0,259.0,,0.88,71.0,7.3e-05,,,2021-12-17 02:25:00
5465694.033591731,0.0,260.0,,0.88,73.0,7.2e-05,,,2021-12-17 02:30:00
5465695.033677864,0.0,261.0,,0.88,71.0,8.5e-05,,,2021-12-17 02:35:00
5465696.033763996,0.0,262.0,,0.88,72.0,7.1e-05,,,2021-12-17 02:40:00
5465697.033850129,0.0,262.0,,0.88,72.0,6.7e-05,,,2021-12-17 02:45:00
5465698.033936261,0.0,262.0,,0.88,71.0,6.8e-05,,,2021-12-17 02:50:00
5465699.034022395,0.0,262.0,,0.88,71.0,7.3e-05,,,2021-12-17 02:55:00
5465700.034108527,0.0,263.0,,0.88,70.0,7.4e-05,,,2021-12-17 03:00:00
5465701.034194659,0.0,262.0,,0.88,69.0,7.5e-05,,,2021-12-17 03:05:00
5465702.034280792,0.0,262.0,,0.88,69.0,7.7e-05,,,2021-12-17 03:10:00
5465703.034366925,0.0,263.0,,0.88,69.0,6.9e-05,,,2021-12-17 03:15:00
5465704.034453058,0.0,263.0,,0.88,68.0,4.7e-05,,,2021-12-17 03:20:00
5465705.03453919,0.0,264.0,,0.88,69.0,4.9e-05,,,2021-12-17 03:25:00
5465706.034625323,0.0,266.0,,0.88,70.0,4.8e-05,,,2021-12-17 03:30:00
5465707.034711455,0.0,268.0,,0.88,68.0,4.9e-05,,,2021-12-17 03:35:00
5465708.034797588,0.0,268.0,,0.88,70.0,5e-05,,,2021-12-17 03:40:00
5465709.034883721,0.0,268.0,,0.88,68.0,5.3e-05,,,2021-12-17 03:45:00
5465710.034969853,0.0,268.0,,0.88,68.0,5.4e-05,,,2021-12-17 03:50:00
5465711.035055986,0.0,269.0,,0.88,69.0,5.4e-05,,,2021-12-17 03:55:00
5465712.035142119,0.0,270.0,,0.88,70.0,5.3e-05,,,2021-12-17 04:00:00
5465713.0352282515,0.0,273.0,,0.88,69.0,7e-05,,,2021-12-17 04:05:00
5465714.035314384,0.0,274.0,,0.88,69.0,6.7e-05,,,2021-12-17 04:10:00
5465715.035400516,0.0,275.0,,0.88,72.0,6.8e-05,,,2021-12-17 04:15:00
5465716.035486649,0.0,278.0,,0.88,71.0,6.7e-05,,,2021-12-17 04:20:00
5465717.035572782,0.0,281.0,,0.88,67.0,5.7e-05,,,2021-12-17 04:25:00
5465718.035658915,0.0,287.0,,0.88,66.0,4.9e-05,,,2021-12-17 04:30:00
5465719.035745047,0.0,288.0,,0.88,63.0,,,,2021-12-17 04:35:00
5465720.0358311795,0.0,287.0,,0.88,,,,,2021-12-17 04:40:00
5465721.035917313,0.0,285.0,,0.88,65.0,4.5e-05,,,2021-12-17 04:45:00
5465722.036003445,0.0,284.0,,0.88,64.0,4.6e-05,,,2021-12-17 04:50:00
5465723.036089578,0.0,283.0,,0.88,65.0,4.5e-05,,,2021-12-17 04:55:00
5465724.03617571,0.0,281.0,,0.88,63.0,4.4e-05,,,2021-12-17 05:00:00
5465725.0362618435,0.0,280.0,,0.88,63.0,4.4e-05,,,2021-12-17 05:05:00
5465726.036347976,0.0,280.0,,0.88,65.0,4.5e-05,,,2021-12-17 05:10:00
5465727.036434108,0.0,283.0,,0.88,64.0,4.8e-05,,,2021-12-17 05:15:00
5465728.036520241,0.0,285.0,,0.88,67.0,4.7e-05,,,2021-12-17 05:20:00
5465729.036606373,0.0,283.0,,0.88,63.0,5.2e-05,,,2021-12-17 05:25:00
5465730.036692507,0.0,280.0,,0.88,64.0,5.6e-05,,,2021-12-17 05:30:00
5465731.036778639,0.0,278.0,,0.88,67.0,6e-05,,,2021-12-17 05:35:00
5465732.0368647715,0.0,277.0,,0.88,69.0,6.4e-05,,,2021-12-17 05:40:00
5465733.036950904,0.0,276.0,,0.88,72.0,6.8e-05,,,2021-12-17 05:45:00
5465734.037037037,0.0,275.0,,0.88,71.0,6.2e-05,,,2021-12-17 05:50:00
5465735.03712317,0.0,274.0,,0.88,70.0,5.5e-05,,,2021-12-17 05:55:00
5465736.037209302,0.0,272.0,,0.88,69.0,5.2e-05,,,2021-12-17 06:00:00
5465737.037295435,0.0,270.0,,0.88,69.0,4.8e-05,,,2021-12-17 06:05:00
5465738.037381567,0.0,268.0,,0.88,65.0,4.6e-05,,,2021-12-17 06:10:00
5465739.0374677,0.0,265.0,,0.88,67.0,4.7e-05,,,2021-12-17 06:15:00
5465740.037553833,1.0,,,0.88,70.0,4.9e-05,,,2021-12-17 06:20:00
5465741.037639965,1.0,,,0.88,67.0,4.7e-05,,,2021-12-17 06:25:00
5465742.037726098,1.0,,,0.88,66.0,4.6e-05,,,2021-12-17 06:30:00
5465743.037812231,1.0,,,0.88,65.0,4.5e-05,,,2021-12-17 06:35:00
5465744.037898364,1.0,,,0.88,70.0,4.5e-05,,,2021-12-17 06:40:00
5465745.037984496,1.0,,,0.88,,,,,2021-12-17 06:45:00
5465746.038070628,1.0,,,0.88,,,,,2021-12-17 06:50:00
5465747.038156761,1.0,,,0.88,75.0,,,,2021-12-17 06:55:00
5465748.038242894,1.0,,,0.88,74.0,,,,2021-12-17 07:00:00
5465749.038329027,1.0,,,0.88,64.0,4.9e-05,,,2021-12-17 07:05:00
5465750.038415159,1.0,,,0.88,63.0,5.5e-05,,,2021-12-17 07:10:00
5465751.038501292,1.0,,,0.88,80.0,5e-05,,,2021-12-17 07:15:00
5465752.038587425,1.0,,,0.88,99.0,5e-05,,,2021-12-17 07:20:00
5465753.038673557,1.0,,265.0,0.88,90.0,4.8e-05,,3.1,2021-12-17 07:25:00
5465754.03875969,1.0,,,0.88,94.0,4.9e-05,,,2021-12-17 07:30:00
5465755.038845822,0.0,268.0,,0.88,97.0,5e-05,,,2021-12-17 07:35:00
5465756.038931955,0.0,267.0,272.0,0.88,94.0,5.1e-05,,5.9,2021-12-17 07:40:00
5465757.039018088,0.0,270.0,,0.88,83.0,5.3e-05,85.0,8.2,2021-12-17 07:45:00
5465758.03910422,0.0,270.0,,0.88,85.0,5.8e-05,,,2021-12-17 07:50:00
5465759.039190353,0.0,269.0,,0.88,85.0,5e-05,,,2021-12-17 07:55:00
5465760.039276485,0.0,268.0,,0.88,81.0,5.6e-05,,,2021-12-17 08:00:00
5465761.039362619,0.0,267.0,,0.88,83.0,5.9e-05,,,2021-12-17 08:05:00
5465762.039448751,0.0,267.0,,0.88,84.0,5.9e-05,,,2021-12-17 08:10:00
5465763.039534884,0.0,266.0,,0.88,86.0,6.1e-05,,,2021-12-17 08:15:00
5465764.039621016,0.0,267.0,,0.88,88.0,6.2e-05,,,2021-12-17 08:20:00
5465765.039707148,0.0,273.0,,0.88,90.0,6.3e-05,,,2021-12-17 08:25:00
5465766.039793282,0.0,280.0,,0.88,99.0,6.7e-05,,,2021-12-17 08:30:00
5465767.039879414,0.0,281.0,,0.88,94.0,6.1e-05,,,2021-12-17 08:35:00
5465768.039965547,0.0,284.0,,0.88,96.0,6.1e-05,,,2021-12-17 08:40:00
5465769.040051679,0.0,285.0,,0.88,96.0,6.4e-05,,,2021-12-17 08:45:00
5465770.0401378125,0.0,288.0,,0.88,102.0,5.6e-05,,,2021-12-17 08:50:00
5465771.040223945,0.0,289.0,,0.88,96.0,5.3e-05,,,2021-12-17 08:55:00
5465772.040310077,0.0,288.0,,0.88,96.0,5.3e-05,,,2021-12-17 09:00:00
5465773.04039621,0.0,286.0,,0.88,96.0,5.6e-05,,,2021-12-17 09:05:00
5465774.040482342,0.0,285.0,,0.88,102.0,5.5e-05,,,2021-12-17 09:10:00
5465775.040568476,0.0,284.0,,0.88,99.0,5.2e-05,,,2021-12-17 09:15:00
5465776.040654608,0.0,286.0,,0.88,113.0,5.1e-05,,,2021-12-17 09:20:00
5465777.0407407405,0.0,282.0,,0.88,103.0,0.000235,,,2021-12-17 09:25:00
5465778.040826873,0.0,277.0,,0.88,104.0,0.001724,,,2021-12-17 09:30:00
5465779.040913006,0.0,272.0,,0.88,96.0,0.008417,,,2021-12-17 09:35:00
5465780.040999139,0.0,270.0,,0.88,110.0,0.039031,,,2021-12-17 09:40:00
5465781.041085271,0.0,268.0,,0.88,109.0,0.543,,,2021-12-17 09:45:00
5465782.041171404,0.0,265.0,,0.88,107.0,0.924944,,,2021-12-17 09:50:00
5465783.041257536,0.0,261.0,,0.88,104.0,2.19916,,,2021-12-17 09:55:00
5465784.041343669,0.0,257.0,,0.88,109.0,3.656,,,2021-12-17 10:00:00
5465785.041429802,0.0,255.0,,0.88,111.0,3.66,,,2021-12-17 10:05:00
5465786.041515934,0.0,250.0,,0.88,110.0,8.264,,,2021-12-17 10:10:00
5465787.041602067,0.0,242.0,,0.88,102.0,9.362,,,2021-12-17 10:15:00
5465788.0416882,0.0,237.0,,0.88,106.0,15.554,,,2021-12-17 10:20:00
5465789.0417743325,0.0,232.0,,0.88,105.0,13.714,,,2021-12-17 10:25:00
5465790.041860465,0.0,231.0,,0.88,103.0,5.8294,,,2021-12-17 10:30:00
5465791.041946597,0.0,229.0,,0.88,106.0,5.316,,,2021-12-17 10:35:00
5465792.04203273,0.0,226.0,,0.88,101.0,3.226,,,2021-12-17 10:40:00
5465793.042118863,0.0,224.0,,0.88,113.0,2.772,,,2021-12-17 10:45:00
5465794.042204996,0.0,223.0,,0.88,104.0,1.5422,,,2021-12-17 10:50:00
5465795.042291128,0.0,221.0,,0.88,106.0,2.414,,,2021-12-17 10:55:00
5465796.0423772605,0.0,219.0,,0.88,112.0,2.2566,,,2021-12-17 11:00:00
5465797.042463394,0.0,217.0,,0.88,113.0,2.35412,,,2021-12-17 11:05:00
5465798.042549526,0.0,209.0,,0.88,112.0,8.81,,,2021-12-17 11:10:00
5465799.042635659,0.0,201.0,,0.88,116.0,13.58,,,2021-12-17 11:15:00
5465800.042721791,0.0,195.0,,0.88,111.0,14.18,,,2021-12-17 11:20:00
5465801.042807924,0.0,187.0,,0.88,114.0,16.064,,,2021-12-17 11:25:00
5465802.042894057,0.0,182.0,,0.88,112.0,16.74,,,2021-12-17 11:30:00
5465803.042980189,0.0,178.0,,0.88,113.0,18.22,,,2021-12-17 11:35:00
5465804.043066322,0.0,174.0,,0.88,110.0,16.16,,,2021-12-17 11:40:00
5465805.043152454,0.0,170.0,,0.88,119.0,8.88,,,2021-12-17 11:45:00
5465806.043238588,0.0,168.0,,0.88,113.0,3.9632,,,2021-12-17 11:50:00
5465807.04332472,0.0,166.0,,0.88,112.0,4.52,,,2021-12-17 11:55:00
5465808.043410853,0.0,164.0,,0.88,125.0,4.7396,,,2021-12-17 12:00:00
5465809.043496985,0.0,161.0,,0.88,123.0,4.223667,,,2021-12-17 12:05:00
5465810.043583117,0.0,159.0,,0.88,104.0,0.4528,,,2021-12-17 12:10:00
5465811.043669251,0.0,158.0,,0.88,99.0,1.466,,,2021-12-17 12:15:00
5465812.043755383,0.0,159.0,,0.88,102.0,1.082,,,2021-12-17 12:20:00
5465813.043841516,0.0,159.0,,0.88,101.0,0.7408,,,2021-12-17 12:25:00
5465814.043927648,0.0,158.0,153.0,0.88,106.0,0.3488,,,2021-12-17 12:30:00
5465815.0440137815,0.0,155.0,153.0,0.88,103.0,0.1266,135.0,9.2,2021-12-17 12:35:00
5465816.044099914,0.0,155.0,,0.88,101.0,0.01675,,8.4,2021-12-17 12:40:00
5465817.044186046,0.0,155.0,,0.88,99.0,0.00369,,,2021-12-17 12:45:00
5465818.044272179,0.0,155.0,,0.88,108.0,0.002988,,,2021-12-17 12:50:00
5465819.044358311,0.0,154.0,,0.88,109.0,0.002444,,,2021-12-17 12:55:00
5465820.044444445,0.0,152.0,,0.88,116.0,0.000714,,,2021-12-17 13:00:00
5465821.044530577,0.0,147.0,,0.88,107.0,0.001421,,,2021-12-17 13:05:00
5465822.044616709,0.0,138.0,,0.88,122.0,0.003408,,,2021-12-17 13:10:00
5465823.044702842,0.0,129.0,,0.88,121.0,0.006876,,,2021-12-17 13:15:00
5465824.044788975,0.0,119.0,,0.88,118.0,0.034146,,,2021-12-17 13:20:00
5465825.044875108,0.0,105.0,,0.88,127.0,0.3738,,,2021-12-17 13:25:00
5465826.04496124,0.0,95.0,,0.88,129.0,5.3142,,,2021-12-17 13:30:00
5465827.045047373,0.0,88.0,,0.88,122.0,5.1226,,,2021-12-17 13:35:00
5465828.045133505,0.0,83.0,,0.88,123.0,10.208,,,2021-12-17 13:40:00
5465829.045219638,0.0,79.0,,0.88,129.0,10.584,,,2021-12-17 13:45:00
5465830.045305771,0.0,77.0,,0.88,126.0,15.4,,,2021-12-17 13:50:00
5465831.045391903,0.0,76.0,,0.88,126.0,17.9,,,2021-12-17 13:55:00
5465832.045478036,0.0,76.0,,0.88,125.0,19.48,,,2021-12-17 14:00:00
5465833.045564169,0.0,77.0,,0.88,119.0,15.02,,,2021-12-17 14:05:00
5465834.0456503015,0.0,79.0,,0.88,119.0,10.752,,,2021-12-17 14:10:00
5465835.045736434,0.0,81.0,,0.88,121.0,3.894,,,2021-12-17 14:15:00
5465836.045822566,0.0,81.0,,0.88,113.0,4.698,,,2021-12-17 14:20:00
5465837.045908699,0.0,81.0,,0.88,110.0,1.53694,,,2021-12-17 14:25:00
5465838.045994832,0.0,81.0,,0.88,123.0,1.7348,,,2021-12-17 14:30:00
5465839.046080965,0.0,79.0,,0.88,117.0,1.2705,,,2021-12-17 14:35:00
5465840.046167097,0.0,78.0,,0.88,119.0,3.588,,,2021-12-17 14:40:00
5465841.0462532295,0.0,76.0,,0.88,123.0,5.48752,,,2021-12-17 14:45:00
5465842.046339363,0.0,73.0,,0.88,122.0,5.2,,,2021-12-17 14:50:00
5465843.046425495,0.0,74.0,,0.88,115.0,3.376,,,2021-12-17 14:55:00
5465844.046511628,0.0,78.0,,0.88,114.0,2.038491,,,2021-12-17 15:00:00
5465845.04659776,0.0,84.0,,0.88,116.0,0.85718,,,2021-12-17 15:05:00
5465846.046683893,0.0,88.0,,0.88,116.0,0.009511,,,2021-12-17 15:10:00
5465847.046770026,0.0,87.0,,0.88,112.0,0.004837,,,2021-12-17 15:15:00
5465848.046856158,0.0,88.0,,0.88,115.0,0.00517,,,2021-12-17 15:20:00
5465849.046942291,0.0,92.0,,0.88,114.0,0.005275,,,2021-12-17 15:25:00
5465850.047028423,0.0,96.0,,0.88,111.0,0.006178,,,2021-12-17 15:30:00
5465851.047114557,0.0,97.0,,0.88,110.0,0.010072,,,2021-12-17 15:35:00
5465852.047200689,0.0,102.0,,0.88,106.0,0.022937,,,2021-12-17 15:40:00
5465853.0472868215,0.0,110.0,,0.88,107.0,0.00039,,,2021-12-17 15:45:00
5465854.047372954,0.0,114.0,,0.88,106.0,0.000401,,,2021-12-17 15:50:00
5465855.047459086,0.0,115.0,,0.88,120.0,0.002907,,,2021-12-17 15:55:00
5465856.04754522,0.0,111.0,,0.88,117.0,0.007564,,,2021-12-17 16:00:00
5465857.047631352,0.0,110.0,,0.88,116.0,0.001389,,,2021-12-17 16:05:00
5465858.047717485,0.0,111.0,,0.88,105.0,0.085464,,,2021-12-17 16:10:00
5465859.047803617,0.0,111.0,,0.88,112.0,2.04316,,,2021-12-17 16:15:00
5465860.04788975,0.0,111.0,,0.88,119.0,6.936,,,2021-12-17 16:20:00
5465861.047975883,0.0,110.0,,0.88,124.0,6.302,,,2021-12-17 16:25:00
5465862.048062015,0.0,108.0,,0.88,116.0,3.0658,,,2021-12-17 16:30:00
5465863.048148148,0.0,107.0,,0.88,111.0,6.348,,,2021-12-17 16:35:00
5465864.04823428,0.0,109.0,,0.88,114.0,6.916,,,2021-12-17 16:40:00
5465865.048320414,0.0,109.0,,0.88,116.0,7.0562,,,2021-12-17 16:45:00
5465866.048406546,0.0,107.0,,0.88,116.0,5.066,,,2021-12-17 16:50:00
5465867.048492678,0.0,107.0,,0.88,116.0,5.472,,,2021-12-17 16:55:00
5465868.048578811,0.0,108.0,,0.88,118.0,3.5002,,,2021-12-17 17:00:00
5465869.048664944,0.0,110.0,,0.88,115.0,3.966,,,2021-12-17 17:05:00
5465870.048751077,0.0,111.0,,0.88,112.0,2.3662,,,2021-12-17 17:10:00
5465871.048837209,0.0,113.0,,0.88,117.0,1.704,,,2021-12-17 17:15:00
5465872.048923342,0.0,114.0,,0.88,118.0,0.45324,,,2021-12-17 17:20:00
5465873.049009474,0.0,117.0,,0.88,115.0,0.205522,,,2021-12-17 17:25:00
5465874.049095607,0.0,120.0,,0.88,118.0,0.04866,,,2021-12-17 17:30:00
5465875.04918174,0.0,120.0,,0.88,125.0,0.0595,,,2021-12-17 17:35:00
5465876.049267872,0.0,120.0,,0.88,120.0,0.4136,,,2021-12-17 17:40:00
5465877.049354005,0.0,121.0,,0.88,104.0,0.11106,,,2021-12-17 17:45:00
5465878.049440138,0.0,121.0,,0.88,113.0,0.04466,,,2021-12-17 17:50:00
5465879.0495262705,0.0,121.0,,0.88,119.0,0.08418,,,2021-12-17 17:55:00
5465880.049612403,0.0,121.0,,0.88,117.0,0.11548,,,2021-12-17 18:00:00
5465881.049698535,0.0,122.0,,0.88,118.0,0.179088,,,2021-12-17 18:05:00
5465882.049784668,0.0,123.0,,0.88,122.0,0.36016,,,2021-12-17 18:10:00
5465883.049870801,0.0,122.0,,0.88,125.0,0.44066,,,2021-12-17 18:15:00
5465884.049956934,0.0,120.0,,0.88,116.0,0.002283,,,2021-12-17 18:20:00
5465885.050043066,0.0,120.0,,0.88,109.0,0.000112,,,2021-12-17 18:25:00
5465886.0501291985,0.0,121.0,111.0,0.88,110.0,7.7e-05,,,2021-12-17 18:30:00
5465887.050215332,0.0,123.0,,0.88,104.0,0.000127,,,2021-12-17 18:35:00
5465888.050301464,0.0,119.0,,0.88,106.0,7.9e-05,,,2021-12-17 18:40:00
5465889.050387597,0.0,117.0,,0.88,112.0,7.7e-05,,,2021-12-17 18:45:00
5465890.050473729,0.0,115.0,,0.88,114.0,6.9e-05,,,2021-12-17 18:50:00
5465891.050559862,0.0,117.0,,0.88,111.0,7.5e-05,,,2021-12-17 18:55:00
5465892.050645995,0.0,120.0,,0.88,109.0,0.000107,200.0,,2021-12-17 19:00:00
5465893.050732127,0.0,123.0,,0.88,108.0,6e-05,,6.7,2021-12-17 19:05:00
5465894.05081826,0.0,125.0,,0.88,104.0,5.6e-05,,,2021-12-17 19:10:00
5465895.050904392,0.0,127.0,,0.88,108.0,6e-05,,,2021-12-17 19:15:00
5465896.050990526,0.0,134.0,,0.88,102.0,5.6e-05,,,2021-12-17 19:20:00
5465897.051076658,0.0,147.0,,0.88,108.0,5.3e-05,,,2021-12-17 19:25:00
5465898.0511627905,0.0,160.0,,0.88,107.0,5.7e-05,,,2021-12-17 19:30:00
5465899.051248923,0.0,173.0,,0.88,106.0,6.1e-05,,,2021-12-17 19:35:00
5465900.051335055,0.0,180.0,,0.88,111.0,5.6e-05,,,2021-12-17 19:40:00
5465901.051421189,0.0,181.0,,0.88,112.0,5.5e-05,,,2021-12-17 19:45:00
5465902.051507321,0.0,177.0,,0.88,111.0,5.3e-05,,,2021-12-17 19:50:00
5465903.051593454,0.0,171.0,,0.88,108.0,6e-05,,,2021-12-17 19:55:00
5465904.051679586,0.0,167.0,,0.88,107.0,7.3e-05,,,2021-12-17 20:00:00
5465905.051765719,0.0,164.0,,0.88,111.0,6.2e-05,,,2021-12-17 20:05:00
5465906.051851852,0.0,162.0,,0.88,107.0,6e-05,,,2021-12-17 20:10:00
5465907.051937984,0.0,162.0,,0.88,107.0,6.9e-05,,,2021-12-17 20:15:00
5465908.052024117,0.0,163.0,,0.88,107.0,6.8e-05,,,2021-12-17 20:20:00
5465909.052110249,0.0,165.0,,0.88,108.0,6.3e-05,,,2021-12-17 20:25:00
5465910.052196383,0.0,171.0,,0.88,106.0,6.3e-05,,,2021-12-17 20:30:00
5465911.052282515,0.0,178.0,,0.88,105.0,6e-05,,,2021-12-17 20:35:00
5465912.052368647,0.0,186.0,,0.88,109.0,6.5e-05,,,2021-12-17 20:40:00
5465913.05245478,1.0,,,0.88,108.0,7.2e-05,,,2021-12-17 20:45:00
5465914.052540913,1.0,,,0.88,110.0,9.7e-05,,,2021-12-17 20:50:00
5465915.052627046,1.0,,,0.88,105.0,9e-05,,,2021-12-17 20:55:00
5465916.052713178,1.0,,,0.88,100.0,0.000291,,,2021-12-17 21:00:00
5465917.052799311,1.0,,,0.88,98.0,0.000218,,10.7,2021-12-17 21:05:00
5465918.052885443,1.0,,,0.88,97.0,6.8e-05,,,2021-12-17 21:10:00
5465919.052971576,1.0,,,0.88,95.0,5.7e-05,,,2021-12-17 21:15:00
5465920.053057709,1.0,,,0.88,96.0,6.2e-05,,,2021-12-17 21:20:00
5465921.053143841,1.0,,,0.88,96.0,5.8e-05,,,2021-12-17 21:25:00
5465922.053229974,1.0,,,0.88,94.0,5.3e-05,,,2021-12-17 21:30:00
5465923.053316107,1.0,,,0.88,94.0,5.5e-05,,,2021-12-17 21:35:00
5465924.053402239,1.0,,,0.88,92.0,5.4e-05,,,2021-12-17 21:40:00
5465925.053488372,1.0,,,0.88,93.0,5.3e-05,,,2021-12-17 21:45:00
5465926.053574504,1.0,,,0.88,92.0,5.4e-05,,,2021-12-17 21:50:00
5465927.053660637,1.0,,,0.88,91.0,5.5e-05,,,2021-12-17 21:55:00
5465928.05374677,1.0,,,0.88,91.0,5.5e-05,,,2021-12-17 22:00:00
5465929.053832903,1.0,,,0.88,93.0,5.4e-05,,,2021-12-17 22:05:00
5465930.053919035,1.0,,,0.88,92.0,5.4e-05,,,2021-12-17 22:10:00
5465931.054005167,1.0,,,0.88,92.0,5.7e-05,,,2021-12-17 22:15:00
5465932.054091301,1.0,,,0.88,,,,,2021-12-17 22:20:00
5465933.054177433,1.0,,,0.88,,,,,2021-12-17 22:25:00
5465934.054263566,1.0,,,0.88,,,,,2021-12-17 22:30:00
5465935.054349698,1.0,,,0.88,,,,,2021-12-17 22:35:00
5465936.054435831,1.0,,,0.88,102.0,5e-05,,,2021-12-17 22:40:00
5465937.054521964,1.0,,,0.88,94.0,4.9e-05,,,2021-12-17 22:45:00
5465938.054608096,1.0,,,0.88,93.0,5e-05,,,2021-12-17 22:50:00
5465939.054694229,1.0,,,0.88,93.0,5e-05,,,2021-12-17 22:55:00
5465940.054780361,1.0,,244.0,0.88,95.0,5.2e-05,,3.1,2021-12-17 23:00:00
5465941.054866495,1.0,,,0.88,90.0,5.2e-05,,,2021-12-17 23:05:00
5465942.054952627,0.0,241.0,,0.88,88.0,5.3e-05,,,2021-12-17 23:10:00
5465943.0550387595,0.0,241.0,,0.88,89.0,5.2e-05,,,2021-12-17 23:15:00
5465944.055124892,0.0,244.0,,0.88,92.0,4.8e-05,,,2021-12-17 23:20:00
5465945.055211024,0.0,252.0,,0.88,86.0,4.6e-05,,,2021-12-17 23:25:00
5465946.055297158,0.0,257.0,,0.88,87.0,4.8e-05,,,2021-12-17 23:30:00
5465947.05538329,0.0,262.0,,0.88,82.0,5.2e-05,,,2021-12-17 23:35:00
5465948.055469423,0.0,259.0,,0.88,83.0,5.1e-05,,,2021-12-17 23:40:00
5465949.055555555,0.0,257.0,,0.88,85.0,5.2e-05,,,2021-12-17 23:45:00
5465950.055641688,0.0,258.0,,0.88,86.0,5.3e-05,,,2021-12-17 23:50:00
5465951.055727821,0.0,256.0,,0.88,87.0,5.3e-05,,,2021-12-17 23:55:00
5465952.055813953,0.0,254.0,,0.88,86.0,5.3e-05,,,2021-12-18 00:00:00
5465953.055900086,0.0,251.0,,0.88,87.0,5.2e-05,,,2021-12-18 00:05:00
5465954.055986218,0.0,247.0,,0.88,87.0,5.2e-05,,,2021-12-18 00:10:00
5465955.0560723515,0.0,243.0,,0.88,87.0,5.3e-05,,,2021-12-18 00:15:00
5465956.056158484,0.0,242.0,,0.88,88.0,5.1e-05,,,2021-12-18 00:20:00
5465957.056244616,0.0,237.0,,0.88,86.0,4.8e-05,,,2021-12-18 00:25:00
5465958.056330749,0.0,230.0,,0.88,85.0,4.9e-05,,,2021-12-18 00:30:00
5465959.056416882,0.0,225.0,,0.88,84.0,5e-05,,,2021-12-18 00:35:00
5465960.056503015,0.0,221.0,,0.88,84.0,5.1e-05,,,2021-12-18 00:40:00
5465961.056589147,0.0,217.0,,0.88,83.0,5.1e-05,,,2021-12-18 00:45:00
5465962.0566752795,0.0,215.0,,0.88,84.0,5.2e-05,,,2021-12-18 00:50:00
5465963.056761412,0.0,213.0,,0.88,85.0,5.2e-05,,,2021-12-18 00:55:00
5465964.056847545,0.0,217.0,,0.88,85.0,5.2e-05,,,2021-12-18 01:00:00
5465965.056933678,0.0,225.0,,0.88,82.0,5.3e-05,,,2021-12-18 01:05:00
5465966.05701981,0.0,221.0,,0.88,82.0,5.5e-05,,,2021-12-18 01:10:00
5465967.057105943,0.0,217.0,,0.88,84.0,5.5e-05,,,2021-12-18 01:15:00
5465968.057192076,0.0,213.0,,0.88,83.0,5e-05,,,2021-12-18 01:20:00
5465969.057278208,0.0,211.0,,0.88,,,,,2021-12-18 01:25:00
5465970.057364341,0.0,211.0,,0.88,,,,,2021-12-18 01:30:00
5465971.057450473,0.0,211.0,,0.88,,,,,2021-12-18 01:35:00
5465972.057536606,0.0,211.0,,0.88,,,,,2021-12-18 01:40:00
5465973.057622739,0.0,219.0,,0.88,82.0,,,,2021-12-18 01:45:00
5465974.057708872,0.0,224.0,,0.88,82.0,4.4e-05,,,2021-12-18 01:50:00
5465975.057795004,0.0,223.0,,0.88,82.0,4.4e-05,,,2021-12-18 01:55:00
5465976.057881136,0.0,218.0,,0.88,84.0,4.4e-05,,,2021-12-18 02:00:00
5465977.05796727,0.0,210.0,,0.88,,4.5e-05,,,2021-12-18 02:05:00
5465978.058053402,0.0,204.0,,0.88,,,,,2021-12-18 02:10:00
5465979.058139535,0.0,202.0,,0.88,,,,,2021-12-18 02:15:00
5465980.058225667,0.0,200.0,,0.88,,,,,2021-12-18 02:20:00
5465981.0583118,0.0,206.0,,0.88,83.0,4.4e-05,,,2021-12-18 02:25:00
5465982.058397933,0.0,211.0,,0.88,82.0,4.4e-05,,,2021-12-18 02:30:00
5465983.058484065,0.0,214.0,,0.88,82.0,4.4e-05,,,2021-12-18 02:35:00
5465984.058570198,0.0,223.0,,0.88,83.0,,,,2021-12-18 02:40:00
5465985.05865633,0.0,224.0,,0.88,,,,,2021-12-18 02:45:00
5465986.058742464,0.0,231.0,,0.88,83.0,4.5e-05,,,2021-12-18 02:50:00
5465987.058828596,0.0,237.0,,0.88,83.0,4.5e-05,,,2021-12-18 02:55:00
5465988.058914728,0.0,236.0,,0.88,82.0,4.6e-05,,,2021-12-18 03:00:00
5465989.059000861,0.0,237.0,,0.88,83.0,4.6e-05,,,2021-12-18 03:05:00
5465990.059086993,0.0,250.0,,0.88,83.0,5.8e-05,,,2021-12-18 03:10:00
5465991.059173127,0.0,265.0,,0.88,82.0,8.5e-05,,,2021-12-18 03:15:00
5465992.059259259,0.0,258.0,,0.88,81.0,5.9e-05,,,2021-12-18 03:20:00
5465993.059345392,0.0,255.0,,0.88,82.0,5.2e-05,,,2021-12-18 03:25:00
5465994.059431524,0.0,257.0,,0.88,82.0,5.3e-05,,,2021-12-18 03:30:00
5465995.059517657,0.0,259.0,,0.88,82.0,5.3e-05,,,2021-12-18 03:35:00
5465996.05960379,0.0,270.0,,0.88,81.0,5e-05,,,2021-12-18 03:40:00
5465997.059689922,0.0,275.0,,0.88,82.0,4.8e-05,,,2021-12-18 03:45:00
5465998.059776055,0.0,273.0,,0.88,81.0,4.7e-05,,,2021-12-18 03:50:00
5465999.059862187,0.0,271.0,,0.88,81.0,5e-05,,,2021-12-18 03:55:00
5466000.0599483205,0.0,269.0,,0.88,81.0,5.3e-05,,,2021-12-18 04:00:00
5466001.060034453,0.0,268.0,,0.88,81.0,5.3e-05,,,2021-12-18 04:05:00
5466002.060120585,0.0,269.0,,0.88,82.0,5.4e-05,,,2021-12-18 04:10:00
5466003.060206718,0.0,270.0,,0.88,81.0,5.4e-05,,,2021-12-18 04:15:00
5466004.060292851,0.0,276.0,,0.88,82.0,4.8e-05,,,2021-12-18 04:20:00
5466005.060378984,0.0,279.0,,0.88,82.0,4.8e-05,,,2021-12-18 04:25:00
5466006.060465116,0.0,285.0,,0.88,81.0,4.7e-05,,,2021-12-18 04:30:00
5466007.0605512485,0.0,287.0,,0.88,81.0,4.6e-05,,,2021-12-18 04:35:00
5466008.060637381,0.0,286.0,,0.88,81.0,4.6e-05,,,2021-12-18 04:40:00
5466009.060723514,0.0,287.0,,0.88,80.0,4.8e-05,,,2021-12-18 04:45:00
5466010.060809647,0.0,290.0,,0.88,80.0,4.6e-05,,,2021-12-18 04:50:00
5466011.060895779,0.0,287.0,,0.88,78.0,4.5e-05,,,2021-12-18 04:55:00
5466012.060981912,1.0,,,0.88,75.0,4.4e-05,,,2021-12-18 05:00:00
5466013.061068045,1.0,,,0.88,76.0,4.4e-05,,,2021-12-18 05:05:00
5466014.061154177,1.0,,,0.88,76.0,4.5e-05,,,2021-12-18 05:10:00
5466015.06124031,1.0,,,0.88,85.0,,,,2021-12-18 05:15:00
5466016.061326442,1.0,,,0.88,88.0,,,,2021-12-18 05:20:00
5466017.061412575,1.0,,,0.88,,,,,2021-12-18 05:25:00
5466018.061498708,1.0,,,0.88,81.0,,,,2021-12-18 05:30:00
5466019.0615848405,1.0,,,0.88,,4.4e-05,,,2021-12-18 05:35:00
5466020.061670973,1.0,,,0.88,,,,,2021-12-18 05:40:00
5466021.061757105,1.0,,,0.88,76.0,4.4e-05,,,2021-12-18 05:45:00
5466022.061843239,1.0,,,0.88,75.0,4.8e-05,,,2021-12-18 05:50:00
5466023.061929371,1.0,,,0.88,79.0,5.1e-05,,,2021-12-18 05:55:00
5466024.062015504,1.0,,,0.88,78.0,5.2e-05,,,2021-12-18 06:00:00
5466025.062101636,1.0,,,0.88,79.0,5.2e-05,,,2021-12-18 06:05:00
5466026.0621877685,1.0,,,0.88,,,,,2021-12-18 06:10:00
5466027.062273902,1.0,,,0.88,77.0,,,,2021-12-18 06:15:00
5466028.062360034,1.0,,,0.88,81.0,4.7e-05,,,2021-12-18 06:20:00
5466029.062446167,1.0,,,0.88,75.0,4.8e-05,,,2021-12-18 06:25:00
5466030.062532299,1.0,,,0.88,75.0,4.8e-05,,,2021-12-18 06:30:00
5466031.062618433,1.0,,,0.88,73.0,4.9e-05,,,2021-12-18 06:35:00
5466032.062704565,1.0,,,0.88,73.0,5.2e-05,,,2021-12-18 06:40:00
5466033.062790697,1.0,,,0.88,74.0,5.5e-05,,,2021-12-18 06:45:00
5466034.06287683,1.0,,,0.88,75.0,4.9e-05,,,2021-12-18 06:50:00
5466035.062962962,1.0,,,0.88,75.0,4.8e-05,,,2021-12-18 06:55:00
5466036.063049096,1.0,,,0.88,76.0,4.8e-05,,,2021-12-18 07:00:00
5466037.063135228,1.0,,,0.88,77.0,4.8e-05,,,2021-12-18 07:05:00
5466038.063221361,1.0,,,0.88,75.0,4.9e-05,,,2021-12-18 07:10:00
5466039.063307493,1.0,,,0.88,76.0,4.8e-05,,,2021-12-18 07:15:00
5466040.063393626,1.0,,,0.88,75.0,4.6e-05,,,2021-12-18 07:20:00
5466041.063479759,1.0,,,0.88,77.0,4.6e-05,,,2021-12-18 07:25:00
5466042.063565891,1.0,,,0.88,77.0,4.7e-05,,,2021-12-18 07:30:00
5466043.063652024,1.0,,,0.88,82.0,4.7e-05,,,2021-12-18 07:35:00
5466044.063738156,1.0,,,0.88,77.0,4.6e-05,,,2021-12-18 07:40:00
5466045.0638242895,1.0,,,0.88,74.0,4.8e-05,,,2021-12-18 07:45:00
5466046.063910422,1.0,,,0.88,74.0,4.9e-05,,,2021-12-18 07:50:00
5466047.063996554,1.0,,,0.88,75.0,4.9e-05,,,2021-12-18 07:55:00
5466048.064082687,1.0,,,0.88,76.0,4.8e-05,,,2021-12-18 08:00:00
5466049.06416882,1.0,,,0.88,77.0,4.7e-05,,,2021-12-18 08:05:00
5466050.064254953,1.0,,,0.88,78.0,4.7e-05,,,2021-12-18 08:10:00
5466051.064341085,1.0,,,0.88,84.0,4.7e-05,,,2021-12-18 08:15:00
5466052.0644272175,1.0,,,0.88,90.0,4.6e-05,,,2021-12-18 08:20:00
5466053.064513351,1.0,,258.0,0.88,88.0,4.6e-05,,,2021-12-18 08:25:00
5466054.064599483,1.0,,,0.88,79.0,4.7e-05,,,2021-12-18 08:30:00
5466055.064685616,0.0,264.0,,0.88,84.0,4.7e-05,,,2021-12-18 08:35:00
5466056.064771748,0.0,266.0,,0.88,85.0,4.9e-05,,,2021-12-18 08:40:00
5466057.064857881,0.0,257.0,,0.88,81.0,4.8e-05,,,2021-12-18 08:45:00
5466058.064944014,0.0,259.0,,0.88,87.0,5.1e-05,,,2021-12-18 08:50:00
5466059.065030146,0.0,249.0,,0.88,88.0,5.1e-05,,,2021-12-18 08:55:00
5466060.065116279,0.0,244.0,,0.88,91.0,5.1e-05,,,2021-12-18 09:00:00
5466061.065202411,0.0,244.0,,0.88,96.0,5.1e-05,,,2021-12-18 09:05:00
5466062.065288545,0.0,233.0,,0.88,89.0,5e-05,,,2021-12-18 09:10:00
5466063.065374677,0.0,223.0,,0.88,91.0,5.1e-05,,,2021-12-18 09:15:00
5466064.0654608095,0.0,221.0,,0.88,89.0,5.6e-05,,,2021-12-18 09:20:00
5466065.065546942,0.0,224.0,,0.88,95.0,5.9e-05,,,2021-12-18 09:25:00
5466066.065633074,0.0,226.0,226.0,0.88,90.0,6.2e-05,45.0,3.3,2021-12-18 09:30:00
5466067.065719208,0.0,226.0,,0.88,88.0,5.1e-05,,,2021-12-18 09:35:00
5466068.06580534,0.0,221.0,,0.88,91.0,5.5e-05,,,2021-12-18 09:40:00
5466069.065891473,0.0,218.0,,0.88,89.0,7.5e-05,,,2021-12-18 09:45:00
5466070.065977605,0.0,215.0,,0.88,89.0,6.9e-05,,,2021-12-18 09:50:00
5466071.066063738,0.0,219.0,,0.88,83.0,7e-05,,,2021-12-18 09:55:00
5466072.066149871,0.0,218.0,,0.88,85.0,5.6e-05,,,2021-12-18 10:00:00
5466073.066236003,0.0,217.0,,0.88,94.0,5.9e-05,,,2021-12-18 10:05:00
5466074.066322136,0.0,215.0,,0.88,99.0,6.8e-05,,,2021-12-18 10:10:00
5466075.066408268,0.0,221.0,,0.88,104.0,0.000576,,,2021-12-18 10:15:00
5466076.066494402,0.0,220.0,,0.88,106.0,0.081482,,,2021-12-18 10:20:00
5466077.066580534,0.0,222.0,,0.88,117.0,3.0278,,,2021-12-18 10:25:00
5466078.066666666,0.0,224.0,,0.88,116.0,7.1572,,,2021-12-18 10:30:00
5466079.066752799,0.0,230.0,,0.88,122.0,14.406,,,2021-12-18 10:35:00
5466080.066838932,0.0,235.0,,0.88,124.0,15.1426,,,2021-12-18 10:40:00
5466081.066925065,0.0,238.0,,0.88,125.0,18.88,,,2021-12-18 10:45:00
5466082.067011197,0.0,236.0,,0.88,109.0,17.2,,,2021-12-18 10:50:00
5466083.06709733,0.0,237.0,,0.88,119.0,18.08,,,2021-12-18 10:55:00
5466084.067183462,0.0,236.0,,0.88,122.0,13.388,,,2021-12-18 11:00:00
5466085.067269595,0.0,233.0,,0.88,118.0,5.744,,,2021-12-18 11:05:00
5466086.067355728,0.0,231.0,,0.88,107.0,5.97,,,2021-12-18 11:10:00
5466087.06744186,0.0,227.0,,0.88,110.0,2.99,,,2021-12-18 11:15:00
5466088.067527993,0.0,230.0,,0.88,109.0,1.7804,,,2021-12-18 11:20:00
5466089.067614126,0.0,226.0,,0.88,108.0,2.3008,,,2021-12-18 11:25:00
5466090.067700258,0.0,222.0,,0.88,102.0,3.06,,,2021-12-18 11:30:00
5466091.067786391,0.0,223.0,,0.88,99.0,0.79542,,,2021-12-18 11:35:00
5466092.067872523,0.0,223.0,,0.88,101.0,0.8082,,,2021-12-18 11:40:00
5466093.067958656,0.0,229.0,,0.88,112.0,0.308298,,,2021-12-18 11:45:00
5466094.068044789,0.0,233.0,,0.88,111.0,0.8568,,,2021-12-18 11:50:00
5466095.068130922,0.0,232.0,,0.88,107.0,1.29698,,,2021-12-18 11:55:00
5466096.068217054,0.0,226.0,,0.88,103.0,3.164,,,2021-12-18 12:00:00
5466097.068303186,0.0,226.0,,0.88,103.0,6.302,,,2021-12-18 12:05:00
5466098.06838932,0.0,228.0,,0.88,111.0,0.994,,,2021-12-18 12:10:00
5466099.068475452,0.0,221.0,,0.88,109.0,1.1404,,,2021-12-18 12:15:00
5466100.068561585,0.0,219.0,,0.88,107.0,2.744,,,2021-12-18 12:20:00
5466101.068647717,0.0,215.0,,0.88,104.0,2.962,,,2021-12-18 12:25:00
5466102.06873385,0.0,204.0,,0.88,97.0,1.8358,,,2021-12-18 12:30:00
5466103.068819983,0.0,199.0,,0.88,95.0,0.383,,,2021-12-18 12:35:00
5466104.068906115,0.0,198.0,,0.88,95.0,0.09806,,,2021-12-18 12:40:00
5466105.068992248,0.0,197.0,,0.88,101.0,0.1441,,,2021-12-18 12:45:00
5466106.06907838,0.0,201.0,,0.88,99.0,0.3444,,,2021-12-18 12:50:00
5466107.069164514,0.0,204.0,,0.88,94.0,0.112452,,,2021-12-18 12:55:00
5466108.069250646,0.0,201.0,,0.88,96.0,0.010544,,,2021-12-18 13:00:00
5466109.0693367785,0.0,203.0,,0.88,95.0,0.01578,,,2021-12-18 13:05:00
5466110.069422911,0.0,204.0,,0.88,101.0,0.040768,,,2021-12-18 13:10:00
5466111.069509043,0.0,204.0,,0.88,101.0,0.016168,,,2021-12-18 13:15:00
5466112.069595177,0.0,197.0,,0.88,102.0,0.01611,,,2021-12-18 13:20:00
5466113.069681309,0.0,192.0,,0.88,101.0,0.04254,,,2021-12-18 13:25:00
5466114.069767442,0.0,189.0,,0.88,104.0,0.024633,,,2021-12-18 13:30:00
5466115.069853574,0.0,194.0,,0.88,109.0,0.3793,,,2021-12-18 13:35:00
5466116.069939707,0.0,203.0,,0.88,110.0,0.48514,,,2021-12-18 13:40:00
5466117.07002584,0.0,205.0,,0.88,97.0,1.3324,,,2021-12-18 13:45:00
5466118.070111972,0.0,203.0,,0.88,96.0,2.5794,,,2021-12-18 13:50:00
5466119.070198105,0.0,199.0,,0.88,102.0,0.40234,,,2021-12-18 13:55:00
5466120.070284237,0.0,198.0,,0.88,97.0,0.47672,,,2021-12-18 14:00:00
5466121.0703703705,0.0,197.0,,0.88,104.0,0.18644,,,2021-12-18 14:05:00
5466122.070456503,0.0,198.0,,0.88,104.0,0.1446,,,2021-12-18 14:10:00
5466123.070542635,0.0,197.0,,0.88,105.0,0.03254,,,2021-12-18 14:15:00
5466124.070628768,0.0,194.0,,0.88,106.0,0.014248,,,2021-12-18 14:20:00
5466125.070714901,0.0,195.0,,0.88,107.0,0.087952,,,2021-12-18 14:25:00
5466126.070801034,0.0,193.0,,0.88,114.0,2.8598,,,2021-12-18 14:30:00
5466127.070887166,0.0,195.0,,0.88,106.0,5.85,,,2021-12-18 14:35:00
5466128.0709732985,0.0,194.0,,0.88,105.0,5.43,,,2021-12-18 14:40:00
5466129.071059431,0.0,191.0,,0.88,109.0,1.754,,,2021-12-18 14:45:00
5466130.071145564,0.0,192.0,,0.88,104.0,1.5106,,,2021-12-18 14:50:00
5466131.071231697,0.0,192.0,,0.88,108.0,4.598,,,2021-12-18 14:55:00
5466132.071317829,0.0,192.0,,0.88,109.0,2.914,,,2021-12-18 15:00:00
5466133.071403962,0.0,193.0,,0.88,104.0,1.49098,,,2021-12-18 15:05:00
5466134.071490095,0.0,201.0,,0.88,105.0,2.264,,,2021-12-18 15:10:00
5466135.071576227,0.0,199.0,,0.88,104.0,1.6782,,,2021-12-18 15:15:00
5466136.07166236,0.0,194.0,,0.88,109.0,2.5266,,,2021-12-18 15:20:00
5466137.071748492,0.0,193.0,,0.88,99.0,5.02,,,2021-12-18 15:25:00
5466138.071834625,0.0,196.0,,0.88,111.0,3.27,,,2021-12-18 15:30:00
5466139.071920758,0.0,192.0,,0.88,110.0,2.492,,,2021-12-18 15:35:00
5466140.072006891,0.0,194.0,,0.88,109.0,2.8814,,,2021-12-18 15:40:00
5466141.072093023,0.0,200.0,,0.88,110.0,8.278,,,2021-12-18 15:45:00
5466142.072179155,0.0,201.0,,0.88,106.0,6.682,,,2021-12-18 15:50:00
5466143.072265289,0.0,203.0,,0.88,106.0,4.056,,,2021-12-18 15:55:00
5466144.072351421,0.0,198.0,,0.88,109.0,1.3186,,,2021-12-18 16:00:00
5466145.072437554,0.0,195.0,,0.88,108.0,1.35774,,,2021-12-18 16:05:00
5466146.072523686,0.0,195.0,,0.88,109.0,2.458,,,2021-12-18 16:10:00
5466147.072609819,0.0,194.0,,0.88,109.0,1.0248,,,2021-12-18 16:15:00
5466148.072695952,0.0,193.0,,0.88,112.0,1.6376,,,2021-12-18 16:20:00
5466149.072782084,0.0,192.0,,0.88,110.0,1.7142,,,2021-12-18 16:25:00
5466150.072868217,0.0,191.0,,0.88,112.0,0.4868,,,2021-12-18 16:30:00
5466151.072954349,0.0,191.0,,0.88,113.0,1.71356,,,2021-12-18 16:35:00
5466152.073040483,0.0,190.0,,0.88,109.0,2.376,,,2021-12-18 16:40:00
5466153.073126615,0.0,193.0,,0.88,111.0,0.94798,,,2021-12-18 16:45:00
5466154.073212747,0.0,193.0,,0.88,117.0,5.444,,,2021-12-18 16:50:00
5466155.07329888,0.0,191.0,,0.88,115.0,2.344,,,2021-12-18 16:55:00
5466156.073385012,0.0,192.0,,0.88,114.0,1.6902,,,2021-12-18 17:00:00
5466157.073471146,0.0,191.0,,0.88,119.0,2.106,,,2021-12-18 17:05:00
5466158.073557278,0.0,188.0,,0.88,109.0,10.101198,,,2021-12-18 17:10:00
5466159.073643411,0.0,192.0,,0.88,114.0,2.2263,,,2021-12-18 17:15:00
5466160.073729543,0.0,192.0,,0.88,96.0,2.684,,,2021-12-18 17:20:00
5466161.073815676,0.0,189.0,,0.88,94.0,1.5324,,,2021-12-18 17:25:00
5466162.073901809,0.0,188.0,,0.88,93.0,0.5256,,,2021-12-18 17:30:00
5466163.073987941,0.0,191.0,,0.88,97.0,0.237767,,,2021-12-18 17:35:00
5466164.074074074,0.0,191.0,,0.88,,,,,2021-12-18 17:40:00
5466165.074160206,0.0,192.0,,0.88,,,,,2021-12-18 17:45:00
5466166.0742463395,0.0,187.0,,0.88,,,,,2021-12-18 17:50:00
5466167.074332472,0.0,182.0,,0.88,97.0,5.9e-05,,,2021-12-18 17:55:00
5466168.074418604,0.0,180.0,,0.88,104.0,8.2e-05,,,2021-12-18 18:00:00
5466169.074504737,0.0,179.0,,0.88,105.0,0.000307,,,2021-12-18 18:05:00
5466170.07459087,0.0,180.0,,0.88,99.0,0.000276,,,2021-12-18 18:10:00
5466171.074677003,0.0,180.0,,0.88,101.0,0.000427,,,2021-12-18 18:15:00
5466172.074763135,0.0,182.0,,0.88,98.0,0.001276,,,2021-12-18 18:20:00
5466173.0748492675,0.0,181.0,,0.88,92.0,0.000937,,,2021-12-18 18:25:00
5466174.0749354,0.0,180.0,,0.88,92.0,0.000509,,,2021-12-18 18:30:00
5466175.075021533,0.0,179.0,,0.88,92.0,0.000247,,,2021-12-18 18:35:00
5466176.075107666,0.0,180.0,,0.88,91.0,8.6e-05,,,2021-12-18 18:40:00
5466177.075193798,0.0,180.0,,0.88,100.0,0.0001,,,2021-12-18 18:45:00
5466178.075279931,0.0,179.0,,0.88,100.0,7e-05,,,2021-12-18 18:50:00
5466179.075366064,0.0,178.0,,0.88,94.0,6.3e-05,,,2021-12-18 18:55:00
5466180.075452196,0.0,177.0,,0.88,98.0,5.9e-05,,,2021-12-18 19:00:00
5466181.075538329,0.0,178.0,,0.88,99.0,8.3e-05,,,2021-12-18 19:05:00
5466182.075624461,0.0,176.0,,0.88,94.0,0.000139,,,2021-12-18 19:10:00
5466183.075710594,0.0,173.0,,0.88,90.0,0.000121,,,2021-12-18 19:15:00
5466184.075796727,0.0,170.0,,0.88,89.0,7.3e-05,,,2021-12-18 19:20:00
5466185.0758828595,0.0,171.0,,0.88,96.0,7.1e-05,,,2021-12-18 19:25:00
5466186.075968992,0.0,169.0,,0.88,94.0,7.3e-05,,,2021-12-18 19:30:00
5466187.076055124,0.0,165.0,150.0,0.88,99.0,0.000157,,,2021-12-18 19:35:00
5466188.076141258,0.0,165.0,,0.88,90.0,9.6e-05,,,2021-12-18 19:40:00
5466189.07622739,0.0,151.0,,0.88,97.0,0.000145,,,2021-12-18 19:45:00
5466190.076313523,0.0,151.0,,0.88,99.0,8e-05,,,2021-12-18 19:50:00
5466191.076399655,0.0,149.0,,0.88,94.0,0.000178,,,2021-12-18 19:55:00
5466192.0764857875,0.0,147.0,,0.88,93.0,0.000117,,,2021-12-18 20:00:00
5466193.076571921,0.0,146.0,,0.88,96.0,0.000104,,,2021-12-18 20:05:00
5466194.076658053,0.0,145.0,146.0,0.88,95.0,0.000149,110.0,7.5,2021-12-18 20:10:00
5466195.076744186,0.0,144.0,,0.88,90.0,0.000114,,6.9,2021-12-18 20:15:00
5466196.076830318,0.0,142.0,,0.88,88.0,7.6e-05,,,2021-12-18 20:20:00
5466197.076916452,0.0,143.0,,0.88,90.0,6.4e-05,,,2021-12-18 20:25:00
5466198.077002584,0.0,146.0,,0.88,89.0,5.5e-05,,,2021-12-18 20:30:00
5466199.077088716,0.0,149.0,,0.88,92.0,5.1e-05,,,2021-12-18 20:35:00
5466200.077174849,0.0,159.0,,0.88,90.0,5.6e-05,,,2021-12-18 20:40:00
5466201.077260981,0.0,168.0,,0.88,96.0,5.4e-05,,,2021-12-18 20:45:00
5466202.077347115,0.0,171.0,,0.88,104.0,6.3e-05,,,2021-12-18 20:50:00
5466203.077433247,0.0,171.0,,0.88,112.0,0.000273,,,2021-12-18 20:55:00
5466204.07751938,0.0,172.0,,0.88,104.0,0.000195,,,2021-12-18 21:00:00
5466205.077605512,0.0,167.0,,0.88,96.0,0.0001,,,2021-12-18 21:05:00
5466206.077691645,0.0,165.0,,0.88,96.0,5.8e-05,,,2021-12-18 21:10:00
5466207.077777778,0.0,170.0,,0.88,95.0,5.5e-05,,,2021-12-18 21:15:00
5466208.07786391,0.0,175.0,,0.88,94.0,5.6e-05,,,2021-12-18 21:20:00
5466209.077950043,0.0,179.0,,0.88,94.0,5.7e-05,,,2021-12-18 21:25:00
5466210.078036175,0.0,183.0,,0.88,94.0,5.4e-05,,,2021-12-18 21:30:00
5466211.0781223085,0.0,186.0,,0.88,94.0,5.5e-05,,,2021-12-18 21:35:00
5466212.078208441,0.0,186.0,,0.88,94.0,5.7e-05,,,2021-12-18 21:40:00
5466213.078294573,0.0,187.0,,0.88,95.0,5.3e-05,,,2021-12-18 21:45:00
5466214.078380706,0.0,190.0,,0.88,93.0,5.2e-05,,,2021-12-18 21:50:00
5466215.078466839,0.0,190.0,,0.88,94.0,5.2e-05,,,2021-12-18 21:55:00
5466216.078552972,0.0,189.0,,0.88,94.0,5.5e-05,,,2021-12-18 22:00:00
5466217.078639104,0.0,188.0,,0.88,92.0,5.6e-05,,,2021-12-18 22:05:00
5466218.0787252365,0.0,186.0,,0.88,92.0,5.5e-05,,,2021-12-18 22:10:00
5466219.078811369,0.0,185.0,,0.88,93.0,5.5e-05,25.0,2.8,2021-12-18 22:15:00
5466220.078897502,0.0,183.0,,0.88,93.0,5.1e-05,,,2021-12-18 22:20:00
5466221.078983635,0.0,184.0,,0.88,92.0,5.3e-05,,,2021-12-18 22:25:00
5466222.079069767,0.0,184.0,,0.88,91.0,5.6e-05,,,2021-12-18 22:30:00
5466223.0791559,0.0,183.0,,0.88,89.0,5.8e-05,,,2021-12-18 22:35:00
5466224.079242033,0.0,181.0,,0.88,92.0,5.5e-05,,,2021-12-18 22:40:00
5466225.079328165,0.0,178.0,,0.88,90.0,5.6e-05,,,2021-12-18 22:45:00
5466226.079414298,0.0,176.0,,0.88,90.0,5.5e-05,,,2021-12-18 22:50:00
5466227.07950043,0.0,174.0,,0.88,92.0,5.3e-05,,,2021-12-18 22:55:00
5466228.079586563,0.0,173.0,,0.88,98.0,5.1e-05,,,2021-12-18 23:00:00
5466229.079672696,0.0,173.0,,0.88,92.0,5e-05,,,2021-12-18 23:05:00
5466230.0797588285,0.0,173.0,,0.88,88.0,4.7e-05,,,2021-12-18 23:10:00
5466231.079844961,0.0,167.0,,0.88,87.0,4.9e-05,,,2021-12-18 23:15:00
5466232.079931093,0.0,163.0,,0.88,85.0,4.9e-05,,,2021-12-18 23:20:00
5466233.080017227,0.0,163.0,,0.88,83.0,5.2e-05,,,2021-12-18 23:25:00
5466234.080103359,0.0,159.0,,0.88,81.0,5.2e-05,,,2021-12-18 23:30:00
5466235.080189492,0.0,155.0,,0.88,81.0,5.1e-05,,,2021-12-18 23:35:00
5466236.080275624,0.0,153.0,,0.88,81.0,5.2e-05,,,2021-12-18 23:40:00
5466237.0803617565,0.0,153.0,,0.88,81.0,5.1e-05,,,2021-12-18 23:45:00
5466238.08044789,0.0,155.0,,0.88,82.0,5.2e-05,,,2021-12-18 23:50:00
5466239.080534022,0.0,160.0,,0.88,81.0,5.3e-05,,,2021-12-18 23:55:00
5466240.080620155,0.0,160.0,,0.95,82.0,5.4e-05,,,2021-12-19 00:00:00
5466241.080706287,0.0,158.0,,0.95,82.0,5.4e-05,,,2021-12-19 00:05:00
5466242.080792421,0.0,155.0,,0.95,82.0,5.4e-05,,,2021-12-19 00:10:00
5466243.080878553,0.0,149.0,,0.95,81.0,5.5e-05,,,2021-12-19 00:15:00
5466244.080964685,0.0,143.0,,0.95,81.0,5.5e-05,,,2021-12-19 00:20:00
5466245.081050818,0.0,144.0,,0.95,81.0,5.4e-05,,,2021-12-19 00:25:00
5466246.08113695,0.0,154.0,,0.95,82.0,5e-05,,,2021-12-19 00:30:00
5466247.081223084,0.0,158.0,,0.95,82.0,5.1e-05,,,2021-12-19 00:35:00
5466248.081309216,0.0,159.0,,0.95,81.0,5.1e-05,,,2021-12-19 00:40:00
5466249.0813953485,0.0,159.0,,0.95,81.0,5.2e-05,,,2021-12-19 00:45:00
5466250.081481481,0.0,159.0,,0.95,82.0,5.3e-05,,,2021-12-19 00:50:00
5466251.081567614,0.0,162.0,,0.95,81.0,5.7e-05,,,2021-12-19 00:55:00
5466252.081653747,0.0,161.0,,0.95,80.0,6e-05,,,2021-12-19 01:00:00
5466253.081739879,0.0,162.0,,0.95,82.0,6.5e-05,,,2021-12-19 01:05:00
5466254.081826012,0.0,168.0,,0.95,79.0,6.5e-05,,,2021-12-19 01:10:00
5466255.081912144,0.0,170.0,,0.95,79.0,5.8e-05,,,2021-12-19 01:15:00
5466256.081998277,0.0,172.0,,0.95,78.0,4.9e-05,,,2021-12-19 01:20:00
5466257.08208441,0.0,173.0,,0.95,76.0,4.9e-05,,,2021-12-19 01:25:00
5466258.082170542,0.0,172.0,,0.95,77.0,4.9e-05,,,2021-12-19 01:30:00
5466259.082256675,0.0,167.0,,0.95,78.0,5.4e-05,,,2021-12-19 01:35:00
5466260.082342808,0.0,167.0,,0.95,78.0,5.1e-05,,,2021-12-19 01:40:00
5466261.082428941,0.0,170.0,,0.95,76.0,4.8e-05,,,2021-12-19 01:45:00
5466262.082515073,0.0,171.0,,0.95,77.0,4.8e-05,,,2021-12-19 01:50:00
5466263.082601205,0.0,172.0,,0.95,77.0,4.7e-05,,,2021-12-19 01:55:00
5466264.082687338,0.0,171.0,,0.95,78.0,4.7e-05,,,2021-12-19 02:00:00
5466265.082773471,0.0,170.0,,0.95,77.0,4.7e-05,,,2021-12-19 02:05:00
5466266.082859604,0.0,170.0,,0.95,77.0,4.7e-05,,,2021-12-19 02:10:00
5466267.082945736,0.0,170.0,,0.95,75.0,4.7e-05,,,2021-12-19 02:15:00
5466268.083031869,0.0,168.0,,0.95,74.0,4.8e-05,,,2021-12-19 02:20:00
5466269.083118002,0.0,166.0,,0.95,73.0,4.8e-05,,,2021-12-19 02:25:00
5466270.083204134,0.0,166.0,,0.95,75.0,4.9e-05,,,2021-12-19 02:30:00
5466271.083290267,0.0,168.0,,0.95,75.0,5.1e-05,,,2021-12-19 02:35:00
5466272.083376399,0.0,170.0,,0.95,75.0,5.2e-05,,,2021-12-19 02:40:00
5466273.083462532,0.0,171.0,,0.95,75.0,5.3e-05,,,2021-12-19 02:45:00
5466274.083548665,0.0,172.0,,0.95,75.0,5.3e-05,,,2021-12-19 02:50:00
5466275.0836347975,0.0,173.0,,0.95,74.0,5.3e-05,,,2021-12-19 02:55:00
5466276.08372093,0.0,174.0,,0.95,75.0,5.3e-05,,,2021-12-19 03:00:00
5466277.083807062,0.0,176.0,,0.95,75.0,5.3e-05,,,2021-12-19 03:05:00
5466278.083893196,0.0,178.0,,0.95,75.0,5.3e-05,,,2021-12-19 03:10:00
5466279.083979328,0.0,180.0,,0.95,72.0,5.4e-05,,,2021-12-19 03:15:00
5466280.084065461,0.0,182.0,,0.95,69.0,5.6e-05,,,2021-12-19 03:20:00
5466281.084151593,0.0,184.0,,0.95,69.0,5.8e-05,,,2021-12-19 03:25:00
5466282.0842377255,0.0,186.0,,0.95,69.0,5.8e-05,,,2021-12-19 03:30:00
5466283.084323859,0.0,189.0,,0.95,70.0,5.9e-05,,,2021-12-19 03:35:00
5466284.084409991,0.0,188.0,,0.95,69.0,6.1e-05,,,2021-12-19 03:40:00
5466285.084496124,0.0,186.0,,0.95,71.0,6.4e-05,,,2021-12-19 03:45:00
5466286.084582256,0.0,185.0,,0.95,72.0,6.6e-05,,,2021-12-19 03:50:00
5466287.0846683895,0.0,185.0,,0.95,72.0,6.7e-05,,,2021-12-19 03:55:00
5466288.084754522,0.0,185.0,,1.15,73.0,6.9e-05,,,2021-12-19 04:00:00
5466289.084840654,0.0,186.0,,1.15,72.0,7.3e-05,,,2021-12-19 04:05:00
5466290.084926787,0.0,188.0,,1.15,73.0,5.7e-05,,,2021-12-19 04:10:00
5466291.085012919,0.0,188.0,,1.15,72.0,5.1e-05,,,2021-12-19 04:15:00
5466292.085099053,0.0,192.0,,1.15,74.0,5e-05,,,2021-12-19 04:20:00
5466293.085185185,0.0,197.0,,1.15,71.0,4.8e-05,,,2021-12-19 04:25:00
5466294.0852713175,0.0,197.0,,1.15,71.0,4.8e-05,,,2021-12-19 04:30:00
5466295.08535745,0.0,196.0,,1.15,72.0,4.9e-05,,,2021-12-19 04:35:00
5466296.085443583,0.0,194.0,,1.15,72.0,4.9e-05,,,2021-12-19 04:40:00
5466297.085529716,0.0,186.0,,1.15,71.0,4.9e-05,,,2021-12-19 04:45:00
5466298.085615848,0.0,182.0,,1.15,71.0,4.9e-05,,,2021-12-19 04:50:00
5466299.085701981,0.0,186.0,,1.15,71.0,4.9e-05,,,2021-12-19 04:55:00
5466300.085788113,0.0,196.0,,1.3,69.0,4.8e-05,,,2021-12-19 05:00:00
5466301.085874246,0.0,196.0,,1.3,70.0,4.9e-05,,,2021-12-19 05:05:00
5466302.085960379,0.0,196.0,,1.3,70.0,4.9e-05,,,2021-12-19 05:10:00
5466303.086046511,0.0,198.0,,1.3,68.0,4.9e-05,,,2021-12-19 05:15:00
5466304.086132644,0.0,200.0,,1.3,72.0,4.9e-05,,,2021-12-19 05:20:00
5466305.086218777,0.0,198.0,,1.3,72.0,4.8e-05,,,2021-12-19 05:25:00
5466306.08630491,0.0,197.0,,1.3,73.0,4.7e-05,,,2021-12-19 05:30:00
5466307.086391042,0.0,201.0,,1.3,71.0,4.6e-05,,,2021-12-19 05:35:00
5466308.086477174,0.0,202.0,,1.3,72.0,4.6e-05,,,2021-12-19 05:40:00
5466309.086563307,0.0,201.0,,1.3,71.0,4.8e-05,,,2021-12-19 05:45:00
5466310.08664944,0.0,195.0,,1.3,71.0,5.1e-05,,,2021-12-19 05:50:00
5466311.086735573,0.0,192.0,,1.3,70.0,5.2e-05,,,2021-12-19 05:55:00
5466312.086821705,0.0,192.0,,1.3,71.0,5.4e-05,,,2021-12-19 06:00:00
5466313.086907838,0.0,192.0,,1.3,72.0,5.4e-05,,,2021-12-19 06:05:00
5466314.086993971,0.0,194.0,,1.3,72.0,5.2e-05,,,2021-12-19 06:10:00
5466315.087080103,0.0,196.0,,1.3,70.0,4.9e-05,,,2021-12-19 06:15:00
5466316.087166236,0.0,196.0,,1.3,69.0,4.9e-05,,,2021-12-19 06:20:00
5466317.087252368,0.0,196.0,,1.3,71.0,4.9e-05,,,2021-12-19 06:25:00
5466318.087338501,0.0,194.0,,1.3,70.0,5.5e-05,,,2021-12-19 06:30:00
5466319.087424634,0.0,193.0,,1.3,74.0,5.8e-05,,,2021-12-19 06:35:00
5466320.087510766,0.0,197.0,,1.3,73.0,5.7e-05,,,2021-12-19 06:40:00
5466321.087596899,0.0,199.0,,1.3,68.0,4.9e-05,,,2021-12-19 06:45:00
5466322.087683031,0.0,198.0,,1.3,70.0,4.8e-05,,,2021-12-19 06:50:00
5466323.087769165,0.0,198.0,,1.3,70.0,4.6e-05,,,2021-12-19 06:55:00
5466324.087855297,0.0,197.0,,1.35,70.0,4.6e-05,,,2021-12-19 07:00:00
5466325.08794143,0.0,198.0,,1.35,70.0,4.7e-05,,,2021-12-19 07:05:00
5466326.088027562,0.0,200.0,,1.35,71.0,4.8e-05,,,2021-12-19 07:10:00
5466327.088113694,0.0,200.0,,1.35,70.0,4.8e-05,,,2021-12-19 07:15:00
5466328.088199828,0.0,200.0,,1.35,73.0,4.8e-05,,,2021-12-19 07:20:00
5466329.08828596,0.0,201.0,,1.35,71.0,4.7e-05,,,2021-12-19 07:25:00
5466330.088372093,0.0,198.0,,1.35,69.0,4.7e-05,,,2021-12-19 07:30:00
5466331.088458225,1.0,,,1.35,70.0,4.7e-05,,,2021-12-19 07:35:00
5466332.0885443585,1.0,,,1.35,69.0,4.7e-05,,,2021-12-19 07:40:00
5466333.088630491,1.0,,,1.35,71.0,4.7e-05,,,2021-12-19 07:45:00
5466334.088716623,1.0,,,1.35,70.0,5.2e-05,,,2021-12-19 07:50:00
5466335.088802756,1.0,,,1.35,68.0,5.8e-05,,,2021-12-19 07:55:00
5466336.088888888,1.0,,,1.35,67.0,6.2e-05,,,2021-12-19 08:00:00
5466337.088975022,1.0,,,1.35,70.0,6.3e-05,,,2021-12-19 08:05:00
5466338.089061154,1.0,,,1.35,68.0,5.4e-05,,,2021-12-19 08:10:00
5466339.0891472865,1.0,,,1.35,71.0,5.2e-05,,,2021-12-19 08:15:00
5466340.089233419,1.0,,,1.35,67.0,4.8e-05,,,2021-12-19 08:20:00
5466341.089319552,1.0,,,1.35,66.0,4.8e-05,,,2021-12-19 08:25:00
5466342.089405685,1.0,,,1.35,68.0,4.7e-05,,,2021-12-19 08:30:00
5466343.089491817,1.0,,,1.35,70.0,4.8e-05,,,2021-12-19 08:35:00
5466344.08957795,1.0,,,1.35,70.0,4.8e-05,,,2021-12-19 08:40:00
5466345.089664082,1.0,,,1.35,75.0,4.7e-05,,,2021-12-19 08:45:00
5466346.089750215,1.0,,,1.35,77.0,4.9e-05,,,2021-12-19 08:50:00
5466347.089836348,1.0,,,1.35,76.0,5.1e-05,,,2021-12-19 08:55:00
5466348.08992248,1.0,,,1.35,89.0,5.1e-05,,,2021-12-19 09:00:00
5466349.090008613,1.0,,208.0,1.35,90.0,4.9e-05,,,2021-12-19 09:05:00
5466350.090094746,1.0,,,1.35,80.0,5e-05,,,2021-12-19 09:10:00
5466351.0901808785,0.0,207.0,208.0,1.35,87.0,5e-05,115.0,9.0,2021-12-19 09:15:00
5466352.090267011,0.0,206.0,,1.35,83.0,4.9e-05,,7.2,2021-12-19 09:20:00
5466353.090353143,0.0,206.0,,1.35,83.0,4.9e-05,,,2021-12-19 09:25:00
5466354.090439276,0.0,210.0,,1.35,87.0,5.1e-05,,,2021-12-19 09:30:00
5466355.090525409,0.0,218.0,,1.35,99.0,5.1e-05,,,2021-12-19 09:35:00
5466356.090611542,0.0,227.0,,1.35,92.0,5.5e-05,,,2021-12-19 09:40:00
5466357.090697674,0.0,236.0,,1.35,91.0,6.6e-05,,,2021-12-19 09:45:00
5466358.0907838065,0.0,245.0,,1.35,92.0,0.000428,,,2021-12-19 09:50:00
5466359.09086994,0.0,249.0,,1.35,90.0,0.000236,,,2021-12-19 09:55:00
5466360.090956072,0.0,251.0,,1.35,110.0,0.014421,,,2021-12-19 10:00:00
5466361.091042205,0.0,249.0,,1.35,113.0,0.43326,,,2021-12-19 10:05:00
5466362.091128337,0.0,244.0,,1.35,104.0,7.624,,,2021-12-19 10:10:00
5466363.09121447,0.0,238.0,,1.35,106.0,15.364,,,2021-12-19 10:15:00
5466364.091300603,0.0,230.0,,1.35,105.0,16.734,,,2021-12-19 10:20:00
5466365.091386735,0.0,222.0,,1.35,100.0,12.306,,,2021-12-19 10:25:00
5466366.091472868,0.0,218.0,,1.35,92.0,12.592,,,2021-12-19 10:30:00
5466367.091559,0.0,218.0,,1.35,97.0,3.021,,,2021-12-19 10:35:00
5466368.091645134,0.0,214.0,,1.35,95.0,5.87,,,2021-12-19 10:40:00
5466369.091731266,0.0,207.0,,1.35,89.0,1.9633,,,2021-12-19 10:45:00
5466370.091817399,0.0,203.0,,1.35,103.0,0.76876,,,2021-12-19 10:50:00
5466371.091903531,0.0,197.0,,1.35,102.0,1.245,,,2021-12-19 10:55:00
5466372.091989664,0.0,189.0,,0.7,105.0,4.9658,,,2021-12-19 11:00:00
5466373.092075797,0.0,178.0,,0.7,96.0,11.064,,,2021-12-19 11:05:00
5466374.092161929,0.0,167.0,,0.7,94.0,3.494,,,2021-12-19 11:10:00
5466375.092248062,0.0,157.0,,0.7,96.0,4.618,,,2021-12-19 11:15:00
5466376.092334194,0.0,149.0,,0.7,96.0,0.9326,,,2021-12-19 11:20:00
5466377.0924203275,0.0,141.0,,0.7,97.0,1.37948,,,2021-12-19 11:25:00
5466378.09250646,0.0,134.0,,0.7,97.0,1.309,,,2021-12-19 11:30:00
5466379.092592592,0.0,127.0,,0.7,95.0,4.374,,,2021-12-19 11:35:00
5466380.092678725,0.0,122.0,,0.7,94.0,1.7654,,,2021-12-19 11:40:00
5466381.092764858,0.0,117.0,,0.7,95.0,1.762,,,2021-12-19 11:45:00
5466382.092850991,0.0,113.0,,0.7,100.0,0.7668,,,2021-12-19 11:50:00
5466383.092937123,0.0,109.0,,0.7,91.0,1.8964,,,2021-12-19 11:55:00
5466384.0930232555,0.0,106.0,,0.7,94.0,1.0722,,,2021-12-19 12:00:00
5466385.093109388,0.0,102.0,,0.7,92.0,0.191,,,2021-12-19 12:05:00
5466386.093195521,0.0,99.0,,0.7,89.0,0.17,,,2021-12-19 12:10:00
5466387.093281654,0.0,97.0,,0.7,93.0,0.12622,,,2021-12-19 12:15:00
5466388.093367786,0.0,94.0,,0.7,95.0,0.4296,,,2021-12-19 12:20:00
5466389.093453919,0.0,92.0,,0.7,94.0,2.12,,,2021-12-19 12:25:00
5466390.093540052,0.0,92.0,,0.7,89.0,0.7136,,,2021-12-19 12:30:00
5466391.093626184,0.0,90.0,,0.7,92.0,0.2422,,,2021-12-19 12:35:00
5466392.093712317,0.0,89.0,,0.7,95.0,0.26128,,,2021-12-19 12:40:00
5466393.093798449,0.0,88.0,,0.7,93.0,0.101977,,,2021-12-19 12:45:00
5466394.093884582,0.0,88.0,,0.7,92.0,0.055894,,,2021-12-19 12:50:00
5466395.093970715,0.0,88.0,,0.7,91.0,0.112522,,,2021-12-19 12:55:00
5466396.0940568475,0.0,88.0,,0.7,92.0,0.8318,,,2021-12-19 13:00:00
5466397.09414298,0.0,86.0,,0.7,95.0,0.5362,,,2021-12-19 13:05:00
5466398.094229112,0.0,87.0,,0.7,89.0,0.1439,,,2021-12-19 13:10:00
5466399.094315246,0.0,87.0,,0.7,92.0,0.079,,,2021-12-19 13:15:00
5466400.094401378,0.0,86.0,,0.7,95.0,0.1006,,,2021-12-19 13:20:00
5466401.094487511,0.0,85.0,86.0,0.7,97.0,0.29198,,5.0,2021-12-19 13:25:00
5466402.094573643,0.0,84.0,,0.7,87.0,1.0882,120.0,10.0,2021-12-19 13:30:00
5466403.0946597755,0.0,84.0,,0.7,90.0,0.3762,,,2021-12-19 13:35:00
5466404.094745909,0.0,84.0,,0.7,91.0,0.09268,,,2021-12-19 13:40:00
5466405.094832041,0.0,85.0,,0.7,95.0,0.018796,,,2021-12-19 13:45:00
5466406.094918174,0.0,86.0,,0.7,96.0,0.001269,,,2021-12-19 13:50:00
5466407.095004306,0.0,89.0,,0.7,98.0,0.000458,,,2021-12-19 13:55:00
5466408.09509044,0.0,93.0,,0.7,107.0,0.000492,,,2021-12-19 14:00:00
5466409.095176572,0.0,97.0,,0.7,107.0,0.000298,,,2021-12-19 14:05:00
5466410.095262704,0.0,100.0,,0.7,105.0,0.001658,,,2021-12-19 14:10:00
5466411.095348837,0.0,104.0,,0.7,111.0,0.018234,,,2021-12-19 14:15:00
5466412.095434969,0.0,110.0,,0.7,112.0,0.22834,,,2021-12-19 14:20:00
5466413.095521103,0.0,113.0,,0.7,103.0,7.75224,,,2021-12-19 14:25:00
5466414.095607235,0.0,119.0,,0.7,103.0,6.466,,,2021-12-19 14:30:00
5466415.0956933675,0.0,125.0,,0.7,109.0,4.7,,,2021-12-19 14:35:00
5466416.0957795,0.0,130.0,,0.7,108.0,6.488,,,2021-12-19 14:40:00
5466417.095865633,0.0,133.0,,0.7,107.0,8.142,,,2021-12-19 14:45:00
5466418.095951766,0.0,136.0,,0.7,109.0,14.48,,,2021-12-19 14:50:00
5466419.096037898,0.0,142.0,,0.7,106.0,12.954,,,2021-12-19 14:55:00
5466420.096124031,0.0,151.0,,0.7,109.0,12.584,,,2021-12-19 15:00:00
5466421.096210163,0.0,156.0,,0.7,109.0,13.98,,,2021-12-19 15:05:00
5466422.096296296,0.0,155.0,,0.7,100.0,13.1,,,2021-12-19 15:10:00
5466423.096382429,0.0,152.0,,0.7,97.0,17.82,,,2021-12-19 15:15:00
5466424.096468561,0.0,156.0,,0.7,109.0,11.498,,,2021-12-19 15:20:00
5466425.096554694,0.0,156.0,,0.7,106.0,9.964,,,2021-12-19 15:25:00
5466426.096640827,0.0,157.0,,0.7,105.0,13.92,,,2021-12-19 15:30:00
5466427.09672696,0.0,161.0,,0.7,103.0,13.2,,,2021-12-19 15:35:00
5466428.096813092,0.0,166.0,,0.7,102.0,4.558,,,2021-12-19 15:40:00
5466429.096899224,0.0,169.0,,0.7,106.0,2.97654,,,2021-12-19 15:45:00
5466430.096985357,0.0,174.0,,0.7,98.0,6.78,,,2021-12-19 15:50:00
5466431.09707149,0.0,177.0,,0.7,103.0,3.9246,,,2021-12-19 15:55:00
5466432.097157623,0.0,179.0,,0.7,102.0,1.8518,,,2021-12-19 16:00:00
5466433.097243755,0.0,184.0,,0.7,103.0,3.4464,,,2021-12-19 16:05:00
5466434.097329888,0.0,185.0,,0.7,105.0,1.1388,,,2021-12-19 16:10:00
5466435.097416021,0.0,183.0,,0.7,102.0,0.22694,,,2021-12-19 16:15:00
5466436.097502153,0.0,186.0,,0.7,99.0,0.08212,,,2021-12-19 16:20:00
5466437.097588286,0.0,189.0,,0.7,94.0,0.03504,,,2021-12-19 16:25:00
5466438.097674418,0.0,191.0,,0.7,97.0,0.017956,,,2021-12-19 16:30:00
5466439.097760551,0.0,193.0,,0.7,90.0,0.27762,,,2021-12-19 16:35:00
5466440.097846684,0.0,192.0,,0.7,100.0,0.9222,,,2021-12-19 16:40:00
5466441.0979328165,0.0,190.0,,0.7,101.0,1.3754,,,2021-12-19 16:45:00
5466442.098018949,0.0,191.0,,0.7,104.0,0.714324,,,2021-12-19 16:50:00
5466443.098105081,0.0,189.0,,0.7,102.0,2.0704,,,2021-12-19 16:55:00
5466444.098191215,0.0,186.0,,0.88,108.0,4.5422,,,2021-12-19 17:00:00
5466445.098277347,0.0,182.0,,0.88,98.0,2.838,,,2021-12-19 17:05:00
5466446.09836348,0.0,182.0,,0.88,94.0,5.362,,,2021-12-19 17:10:00
5466447.098449612,0.0,184.0,,0.88,97.0,3.398,,,2021-12-19 17:15:00
5466448.0985357445,0.0,187.0,,0.88,93.0,0.7958,,,2021-12-19 17:20:00
5466449.098621878,0.0,189.0,,0.88,92.0,0.15742,,,2021-12-19 17:25:00
5466450.09870801,0.0,189.0,,0.88,98.0,0.0464,,,2021-12-19 17:30:00
5466451.098794143,0.0,188.0,,0.88,96.0,0.005252,,,2021-12-19 17:35:00
5466452.098880275,0.0,187.0,,0.88,96.0,0.016657,,,2021-12-19 17:40:00
5466453.0989664085,0.0,184.0,,0.88,95.0,0.00117,,,2021-12-19 17:45:00
5466454.099052541,0.0,181.0,,0.88,97.0,0.000563,,,2021-12-19 17:50:00
5466455.099138673,0.0,177.0,,0.88,92.0,0.000435,,,2021-12-19 17:55:00
5466456.099224806,0.0,175.0,,0.88,92.0,0.000336,,,2021-12-19 18:00:00
5466457.099310938,0.0,175.0,,0.88,91.0,0.000372,,,2021-12-19 18:05:00
5466458.099397072,0.0,174.0,,0.88,87.0,0.000247,175.0,17.3,2021-12-19 18:10:00
5466459.099483204,0.0,173.0,,0.88,90.0,0.000165,,,2021-12-19 18:15:00
5466460.0995693365,0.0,172.0,,0.88,91.0,0.000147,,,2021-12-19 18:20:00
5466461.099655469,0.0,173.0,,0.88,92.0,9.9e-05,,,2021-12-19 18:25:00
5466462.099741602,0.0,174.0,,0.88,92.0,0.000174,,,2021-12-19 18:30:00
5466463.099827735,0.0,175.0,,0.88,92.0,0.070026,,,2021-12-19 18:35:00
5466464.099913867,0.0,177.0,,0.88,94.0,0.304,,,2021-12-19 18:40:00
5466465.1,0.0,181.0,,0.88,96.0,0.05972,,,2021-12-19 18:45:00
5466466.100086132,0.0,187.0,,0.88,102.0,0.047394,,,2021-12-19 18:50:00
5466467.100172265,0.0,190.0,,0.88,101.0,0.002411,,,2021-12-19 18:55:00
5466468.100258398,0.0,191.0,,0.88,95.0,8.6e-05,,,2021-12-19 19:00:00
5466469.10034453,0.0,191.0,,0.88,90.0,0.00062,,,2021-12-19 19:05:00
5466470.100430663,0.0,191.0,,0.88,90.0,0.000766,,,2021-12-19 19:10:00
5466471.100516796,0.0,190.0,,0.88,89.0,0.000579,,,2021-12-19 19:15:00
5466472.100602929,0.0,189.0,,0.88,89.0,0.000395,,,2021-12-19 19:20:00
5466473.100689061,0.0,188.0,,0.88,89.0,0.000506,,,2021-12-19 19:25:00
5466474.100775193,0.0,188.0,,0.88,89.0,0.000545,,,2021-12-19 19:30:00
5466475.100861326,0.0,188.0,,0.88,89.0,0.000537,,,2021-12-19 19:35:00
5466476.100947459,0.0,186.0,,0.88,88.0,0.000576,,,2021-12-19 19:40:00
5466477.101033592,0.0,185.0,,0.88,89.0,0.000684,,,2021-12-19 19:45:00
5466478.101119724,0.0,184.0,,0.88,87.0,0.000772,,,2021-12-19 19:50:00
5466479.101205857,0.0,180.0,,0.88,89.0,0.000904,,,2021-12-19 19:55:00
5466480.10129199,0.0,175.0,,0.88,89.0,0.000818,,,2021-12-19 20:00:00
5466481.101378122,0.0,175.0,,0.88,88.0,0.000111,,,2021-12-19 20:05:00
5466482.101464255,0.0,176.0,,0.88,87.0,8.6e-05,,,2021-12-19 20:10:00
5466483.101550387,0.0,177.0,,0.88,88.0,8.9e-05,,,2021-12-19 20:15:00
5466484.10163652,0.0,178.0,,0.88,87.0,7.3e-05,,,2021-12-19 20:20:00
5466485.101722653,0.0,178.0,,0.88,86.0,7.7e-05,,,2021-12-19 20:25:00
5466486.101808785,0.0,178.0,,0.88,87.0,8e-05,,,2021-12-19 20:30:00
5466487.101894918,0.0,181.0,,0.88,87.0,7.3e-05,,,2021-12-19 20:35:00
5466488.10198105,0.0,185.0,,0.88,87.0,7e-05,,,2021-12-19 20:40:00
5466489.102067184,0.0,187.0,,0.88,85.0,7.4e-05,,,2021-12-19 20:45:00
5466490.102153316,0.0,191.0,,0.88,85.0,8.9e-05,,,2021-12-19 20:50:00
5466491.102239449,0.0,196.0,164.0,0.88,92.0,7.9e-05,,,2021-12-19 20:55:00
5466492.102325581,0.0,203.0,164.0,0.88,90.0,8.1e-05,,3.7,2021-12-19 21:00:00
5466493.102411713,0.0,209.0,,0.88,87.0,9e-05,60.0,5.65,2021-12-19 21:05:00
5466494.102497847,0.0,171.0,,0.88,89.0,9.4e-05,,,2021-12-19 21:10:00
5466495.102583979,0.0,173.0,,0.88,81.0,7.9e-05,,,2021-12-19 21:15:00
5466496.102670112,0.0,174.0,,0.88,81.0,6.3e-05,,,2021-12-19 21:20:00
5466497.102756244,0.0,174.0,,0.88,81.0,7.1e-05,,,2021-12-19 21:25:00
5466498.1028423775,0.0,176.0,,0.88,84.0,8.5e-05,,,2021-12-19 21:30:00
5466499.10292851,0.0,176.0,,0.88,92.0,8e-05,,,2021-12-19 21:35:00
5466500.103014642,0.0,177.0,,0.88,82.0,6.4e-05,,,2021-12-19 21:40:00
5466501.103100775,0.0,178.0,,0.88,81.0,6.8e-05,,,2021-12-19 21:45:00
5466502.103186907,0.0,176.0,,0.88,82.0,6.6e-05,,,2021-12-19 21:50:00
5466503.103273041,0.0,175.0,,0.88,82.0,5.4e-05,,,2021-12-19 21:55:00
5466504.103359173,0.0,177.0,,0.88,82.0,5.3e-05,,,2021-12-19 22:00:00
5466505.1034453055,0.0,178.0,,0.88,81.0,5.3e-05,,,2021-12-19 22:05:00
5466506.103531438,0.0,177.0,,0.88,84.0,5.7e-05,,,2021-12-19 22:10:00
5466507.103617571,0.0,175.0,,0.88,83.0,5.5e-05,,,2021-12-19 22:15:00
5466508.103703704,0.0,172.0,,0.88,80.0,5.1e-05,,,2021-12-19 22:20:00
5466509.103789836,0.0,168.0,,0.88,79.0,5.2e-05,,,2021-12-19 22:25:00
5466510.103875969,0.0,165.0,,0.88,79.0,5.1e-05,,,2021-12-19 22:30:00
5466511.103962101,0.0,163.0,,0.88,79.0,5e-05,,,2021-12-19 22:35:00
5466512.104048234,0.0,161.0,,0.88,79.0,5e-05,,,2021-12-19 22:40:00
5466513.104134367,0.0,161.0,,0.88,79.0,5e-05,,,2021-12-19 22:45:00
5466514.104220499,0.0,161.0,,0.88,83.0,5e-05,,,2021-12-19 22:50:00
5466515.104306632,0.0,163.0,,0.88,92.0,5e-05,,,2021-12-19 22:55:00
5466516.104392765,0.0,162.0,,0.88,,,,,2021-12-19 23:00:00
5466517.1044788975,0.0,162.0,,0.88,,,,,2021-12-19 23:05:00
5466518.10456503,0.0,164.0,,0.88,,,,,2021-12-19 23:10:00
5466519.104651162,0.0,166.0,,0.88,,,,,2021-12-19 23:15:00
5466520.104737295,0.0,169.0,,0.88,78.0,5.9e-05,,,2021-12-19 23:20:00
5466521.104823428,0.0,172.0,,0.88,75.0,7.6e-05,,,2021-12-19 23:25:00
5466522.104909561,0.0,174.0,,0.88,77.0,0.0001,,,2021-12-19 23:30:00
5466523.104995693,0.0,175.0,,0.88,77.0,0.000136,,,2021-12-19 23:35:00
5466524.1050818255,0.0,175.0,,0.88,77.0,0.000176,,,2021-12-19 23:40:00
5466525.105167959,0.0,175.0,,0.88,78.0,9.2e-05,,,2021-12-19 23:45:00
5466526.105254091,0.0,178.0,,0.88,77.0,6.4e-05,,,2021-12-19 23:50:00
5466527.105340224,0.0,183.0,,0.88,74.0,5e-05,,,2021-12-19 23:55:00
5466528.105426356,0.0,185.0,,0.95,72.0,5e-05,,,2021-12-20 00:00:00
5466529.105512489,0.0,187.0,,0.95,73.0,5e-05,,,2021-12-20 00:05:00
5466530.105598622,0.0,188.0,,0.95,75.0,5.1e-05,,,2021-12-20 00:10:00
5466531.105684754,0.0,187.0,,0.95,72.0,5.8e-05,,,2021-12-20 00:15:00
5466532.105770887,0.0,188.0,,0.95,71.0,6e-05,,,2021-12-20 00:20:00
5466533.105857019,0.0,192.0,,0.95,73.0,5.4e-05,,,2021-12-20 00:25:00
5466534.105943153,0.0,194.0,,0.95,72.0,4.9e-05,,,2021-12-20 00:30:00
5466535.106029285,0.0,194.0,,0.95,72.0,5e-05,,,2021-12-20 00:35:00
5466536.106115418,0.0,196.0,,0.95,71.0,5e-05,,,2021-12-20 00:40:00
5466537.10620155,0.0,198.0,,0.95,71.0,5.2e-05,,,2021-12-20 00:45:00
5466538.106287682,0.0,199.0,,0.95,75.0,5.5e-05,,,2021-12-20 00:50:00
5466539.106373816,0.0,197.0,,0.95,71.0,5.6e-05,,,2021-12-20 00:55:00
5466540.106459948,0.0,197.0,,0.95,72.0,5.8e-05,,,2021-12-20 01:00:00
5466541.106546081,0.0,198.0,,0.95,74.0,5.9e-05,,,2021-12-20 01:05:00
5466542.106632213,0.0,199.0,,0.95,73.0,6.1e-05,,,2021-12-20 01:10:00
5466543.1067183465,0.0,202.0,,0.95,72.0,6.1e-05,,,2021-12-20 01:15:00
5466544.106804479,0.0,203.0,,0.95,73.0,6.3e-05,,,2021-12-20 01:20:00
5466545.106890611,0.0,204.0,,0.95,72.0,6.7e-05,,,2021-12-20 01:25:00
5466546.106976744,0.0,203.0,,0.95,70.0,7.3e-05,,,2021-12-20 01:30:00
5466547.107062876,0.0,204.0,,0.95,70.0,7.6e-05,,,2021-12-20 01:35:00
5466548.10714901,0.0,205.0,,0.95,70.0,7.1e-05,,,2021-12-20 01:40:00
5466549.107235142,0.0,207.0,,0.95,68.0,8.1e-05,,,2021-12-20 01:45:00
5466550.1073212745,0.0,207.0,,0.95,68.0,9.9e-05,,,2021-12-20 01:50:00
5466551.107407407,0.0,207.0,,0.95,68.0,0.00011,,,2021-12-20 01:55:00
5466552.10749354,0.0,209.0,,0.95,69.0,5.9e-05,,,2021-12-20 02:00:00
5466553.107579673,0.0,210.0,,0.95,66.0,5.5e-05,,,2021-12-20 02:05:00
5466554.107665805,0.0,210.0,,0.95,66.0,5.3e-05,,,2021-12-20 02:10:00
5466555.107751938,0.0,209.0,,0.95,66.0,5.4e-05,,,2021-12-20 02:15:00
5466556.10783807,0.0,209.0,,0.95,65.0,5.4e-05,,,2021-12-20 02:20:00
5466557.107924203,0.0,209.0,,0.95,65.0,5.4e-05,,,2021-12-20 02:25:00
5466558.108010336,0.0,209.0,,0.95,66.0,5.3e-05,,,2021-12-20 02:30:00
5466559.108096468,0.0,210.0,,0.95,68.0,5.3e-05,,,2021-12-20 02:35:00
5466560.108182601,0.0,209.0,,0.95,67.0,5.7e-05,,,2021-12-20 02:40:00
5466561.108268734,0.0,209.0,,0.95,66.0,5.8e-05,,,2021-12-20 02:45:00
5466562.1083548665,0.0,211.0,,0.95,68.0,5.5e-05,,,2021-12-20 02:50:00
5466563.108440999,0.0,211.0,,0.95,66.0,5e-05,,,2021-12-20 02:55:00
5466564.108527131,0.0,210.0,,0.95,67.0,4.8e-05,,,2021-12-20 03:00:00
5466565.108613264,0.0,207.0,,0.95,68.0,5.1e-05,,,2021-12-20 03:05:00
5466566.108699397,0.0,205.0,,0.95,67.0,5.9e-05,,,2021-12-20 03:10:00
5466567.10878553,0.0,206.0,,0.95,70.0,4.6e-05,,,2021-12-20 03:15:00
5466568.108871662,0.0,205.0,,0.95,69.0,5.2e-05,,,2021-12-20 03:20:00
5466569.1089577945,0.0,205.0,,0.95,68.0,5.2e-05,,,2021-12-20 03:25:00
5466570.109043928,0.0,204.0,,0.95,67.0,5.1e-05,,,2021-12-20 03:30:00
5466571.10913006,0.0,203.0,,0.95,67.0,5e-05,,,2021-12-20 03:35:00
5466572.109216193,0.0,208.0,,0.95,65.0,4.9e-05,,,2021-12-20 03:40:00
5466573.109302325,0.0,210.0,,0.95,65.0,5.3e-05,,,2021-12-20 03:45:00
5466574.109388458,0.0,211.0,,0.95,66.0,5.3e-05,,,2021-12-20 03:50:00
5466575.109474591,0.0,211.0,,0.95,66.0,5.4e-05,,,2021-12-20 03:55:00
5466576.109560723,0.0,212.0,,1.15,67.0,5.6e-05,,,2021-12-20 04:00:00
5466577.109646856,0.0,213.0,,1.15,67.0,4.8e-05,,,2021-12-20 04:05:00
5466578.109732988,0.0,213.0,,1.15,67.0,4.6e-05,,,2021-12-20 04:10:00
5466579.109819122,0.0,214.0,,1.15,66.0,4.6e-05,,,2021-12-20 04:15:00
5466580.109905254,0.0,215.0,,1.15,67.0,4.6e-05,,,2021-12-20 04:20:00
5466581.1099913865,0.0,216.0,,1.15,67.0,4.7e-05,,,2021-12-20 04:25:00
5466582.110077519,0.0,215.0,,1.15,67.0,4.6e-05,,,2021-12-20 04:30:00
5466583.110163651,0.0,214.0,,1.15,69.0,4.6e-05,,,2021-12-20 04:35:00
5466584.110249785,0.0,214.0,,1.15,69.0,4.6e-05,,,2021-12-20 04:40:00
5466585.110335917,0.0,213.0,,1.15,71.0,5.4e-05,,,2021-12-20 04:45:00
5466586.11042205,0.0,212.0,,1.15,67.0,4.8e-05,,,2021-12-20 04:50:00
5466587.110508182,0.0,214.0,,1.15,69.0,4.7e-05,,,2021-12-20 04:55:00
5466588.110594315,0.0,213.0,,1.3,68.0,5.4e-05,,,2021-12-20 05:00:00
5466589.110680448,0.0,210.0,,1.3,67.0,6.1e-05,,,2021-12-20 05:05:00
5466590.11076658,0.0,210.0,,1.3,67.0,6.7e-05,,,2021-12-20 05:10:00
5466591.110852713,0.0,212.0,,1.3,67.0,7.2e-05,,,2021-12-20 05:15:00
5466592.110938845,0.0,212.0,,1.3,69.0,6.9e-05,,,2021-12-20 05:20:00
5466593.111024979,0.0,212.0,,1.3,66.0,4.9e-05,,,2021-12-20 05:25:00
5466594.111111111,0.0,211.0,,1.3,66.0,5.2e-05,,,2021-12-20 05:30:00
5466595.111197243,0.0,212.0,,1.3,67.0,5.8e-05,,,2021-12-20 05:35:00
5466596.111283376,0.0,213.0,,1.3,66.0,5e-05,,,2021-12-20 05:40:00
5466597.111369509,0.0,213.0,,1.3,65.0,4.7e-05,,,2021-12-20 05:45:00
5466598.111455642,0.0,212.0,,1.3,65.0,4.7e-05,,,2021-12-20 05:50:00
5466599.111541774,0.0,212.0,,1.3,67.0,4.8e-05,,,2021-12-20 05:55:00
5466600.111627907,0.0,209.0,,1.3,68.0,5.6e-05,,,2021-12-20 06:00:00
5466601.111714039,0.0,208.0,,1.3,69.0,5.8e-05,,,2021-12-20 06:05:00
5466602.111800172,0.0,208.0,,1.3,69.0,4.8e-05,,,2021-12-20 06:10:00
5466603.111886305,0.0,207.0,,1.3,66.0,4.6e-05,,,2021-12-20 06:15:00
5466604.111972437,0.0,206.0,,1.3,66.0,4.6e-05,,,2021-12-20 06:20:00
5466605.11205857,0.0,206.0,,1.3,68.0,4.6e-05,,,2021-12-20 06:25:00
5466606.112144703,0.0,205.0,,1.3,67.0,4.4e-05,,,2021-12-20 06:30:00
5466607.1122308355,0.0,205.0,,1.3,68.0,4.5e-05,,,2021-12-20 06:35:00
5466608.112316968,0.0,208.0,,1.3,69.0,4.5e-05,,,2021-12-20 06:40:00
5466609.1124031,0.0,211.0,,1.3,67.0,4.7e-05,,,2021-12-20 06:45:00
5466610.112489233,0.0,210.0,,1.3,66.0,4.7e-05,,,2021-12-20 06:50:00
5466611.112575366,0.0,207.0,,1.3,70.0,5e-05,,,2021-12-20 06:55:00
5466612.112661499,0.0,203.0,,1.35,73.0,5.3e-05,,,2021-12-20 07:00:00
5466613.112747631,0.0,200.0,,1.35,74.0,6e-05,,,2021-12-20 07:05:00
5466614.1128337635,0.0,201.0,,1.35,87.0,5.7e-05,,,2021-12-20 07:10:00
5466615.112919897,0.0,205.0,228.0,1.35,77.0,,,,2021-12-20 07:15:00
5466616.113006029,0.0,204.0,228.0,1.35,,,,2.3,2021-12-20 07:20:00
5466617.113092162,0.0,220.0,,1.35,81.0,5.5e-05,,,2021-12-20 07:25:00
5466618.113178294,0.0,221.0,,1.35,78.0,7.7e-05,,,2021-12-20 07:30:00
5466619.113264427,0.0,219.0,,1.35,73.0,0.000124,,,2021-12-20 07:35:00
5466620.11335056,0.0,218.0,,1.35,76.0,0.00026,,,2021-12-20 07:40:00
5466621.113436692,0.0,215.0,,1.35,86.0,0.00033,,,2021-12-20 07:45:00
5466622.113522825,0.0,214.0,,1.35,77.0,0.000435,,,2021-12-20 07:50:00
5466623.113608957,0.0,213.0,,1.35,75.0,0.000223,,,2021-12-20 07:55:00
5466624.113695091,0.0,212.0,,1.35,76.0,9.8e-05,,,2021-12-20 08:00:00
5466625.113781223,0.0,208.0,,1.35,77.0,0.00047,,,2021-12-20 08:05:00
5466626.1138673555,0.0,205.0,,1.35,78.0,0.000353,,,2021-12-20 08:10:00
5466627.113953488,0.0,201.0,,1.35,79.0,0.000235,,,2021-12-20 08:15:00
5466628.11403962,0.0,201.0,,1.35,88.0,0.00031,,,2021-12-20 08:20:00
5466629.114125754,0.0,201.0,,1.35,84.0,0.000347,,,2021-12-20 08:25:00
5466630.114211886,0.0,200.0,,1.35,86.0,0.00051,,,2021-12-20 08:30:00
5466631.114298019,0.0,199.0,,1.35,86.0,0.000622,,,2021-12-20 08:35:00
5466632.114384151,0.0,197.0,200.0,1.35,88.0,0.000789,,4.3,2021-12-20 08:40:00
5466633.114470284,0.0,196.0,,1.35,84.0,0.000781,60.0,5.0,2021-12-20 08:45:00
5466634.114556417,0.0,196.0,,1.35,84.0,0.00081,,,2021-12-20 08:50:00
5466635.114642549,0.0,194.0,,1.35,80.0,0.000742,,,2021-12-20 08:55:00
5466636.114728682,0.0,191.0,,1.35,88.0,0.000583,,,2021-12-20 09:00:00
5466637.114814814,0.0,188.0,,1.35,98.0,0.000369,,,2021-12-20 09:05:00
5466638.114900948,0.0,188.0,,1.35,101.0,0.016406,,,2021-12-20 09:10:00
5466639.11498708,0.0,185.0,,1.35,113.0,2.61584,,,2021-12-20 09:15:00
5466640.115073212,0.0,178.0,,1.35,104.0,13.574,,,2021-12-20 09:20:00
5466641.115159345,0.0,169.0,,1.35,116.0,18.58,,,2021-12-20 09:25:00
5466642.115245478,0.0,162.0,,1.35,112.0,16.64,,,2021-12-20 09:30:00
5466643.115331611,0.0,155.0,,1.35,106.0,22.82,,,2021-12-20 09:35:00
5466644.115417743,0.0,149.0,,1.35,114.0,23.12,,,2021-12-20 09:40:00
5466645.115503876,0.0,144.0,,1.35,117.0,22.54,,,2021-12-20 09:45:00
5466646.115590008,0.0,140.0,,1.35,113.0,22.46,,,2021-12-20 09:50:00
5466647.115676141,0.0,134.0,,1.35,109.0,20.82,,,2021-12-20 09:55:00
5466648.115762274,0.0,130.0,,1.35,106.0,22.04,,,2021-12-20 10:00:00
5466649.115848406,0.0,129.0,,1.35,104.0,15.966,,,2021-12-20 10:05:00
5466650.115934539,0.0,129.0,,1.35,101.0,14.814,,,2021-12-20 10:10:00
5466651.116020672,0.0,130.0,,1.35,107.0,11.242,,,2021-12-20 10:15:00
5466652.116106804,0.0,130.0,,1.35,107.0,13.538,,,2021-12-20 10:20:00
5466653.116192937,0.0,128.0,,1.35,104.0,3.33552,,,2021-12-20 10:25:00
5466654.116279069,0.0,126.0,,1.35,102.0,3.55974,,,2021-12-20 10:30:00
5466655.116365202,0.0,129.0,,1.35,94.0,1.8524,,,2021-12-20 10:35:00
5466656.116451335,0.0,131.0,,1.35,96.0,0.351266,,,2021-12-20 10:40:00
5466657.116537468,0.0,130.0,,1.35,91.0,0.43026,,,2021-12-20 10:45:00
5466658.1166236,0.0,131.0,,1.35,90.0,0.16234,,,2021-12-20 10:50:00
5466659.116709732,0.0,132.0,,1.35,95.0,0.212712,,,2021-12-20 10:55:00
5466660.116795866,0.0,130.0,,0.7,96.0,0.159026,,,2021-12-20 11:00:00
5466661.116881998,0.0,129.0,,0.7,100.0,2.8728,,,2021-12-20 11:05:00
5466662.116968131,0.0,127.0,,0.7,101.0,3.8846,,,2021-12-20 11:10:00
5466663.117054263,0.0,126.0,,0.7,101.0,3.536,,,2021-12-20 11:15:00
5466664.117140396,0.0,124.0,,0.7,106.0,2.434,,,2021-12-20 11:20:00
5466665.117226529,0.0,121.0,,0.7,106.0,1.87,,,2021-12-20 11:25:00
5466666.117312661,0.0,121.0,,0.7,99.0,10.176,,,2021-12-20 11:30:00
5466667.117398794,0.0,121.0,,0.7,106.0,3.7026,,,2021-12-20 11:35:00
5466668.117484926,0.0,120.0,,0.7,107.0,4.576,,,2021-12-20 11:40:00
5466669.11757106,0.0,120.0,,0.7,101.0,3.83412,,,2021-12-20 11:45:00
5466670.117657192,0.0,121.0,,0.7,101.0,10.764,,,2021-12-20 11:50:00
5466671.1177433245,0.0,121.0,,0.7,104.0,9.8312,,,2021-12-20 11:55:00
5466672.117829457,0.0,121.0,,0.7,98.0,6.678,,,2021-12-20 12:00:00
5466673.117915589,0.0,122.0,,0.7,92.0,8.362,,,2021-12-20 12:05:00
5466674.118001723,0.0,124.0,,0.7,102.0,6.398,,,2021-12-20 12:10:00
5466675.118087855,0.0,126.0,,0.7,91.0,3.504,,,2021-12-20 12:15:00
5466676.118173988,0.0,127.0,,0.7,109.0,4.71884,,,2021-12-20 12:20:00
5466677.11826012,0.0,127.0,,0.7,98.0,4.908,,,2021-12-20 12:25:00
5466678.118346253,0.0,128.0,,0.7,99.0,3.972,,,2021-12-20 12:30:00
5466679.118432386,0.0,127.0,,0.7,96.0,3.008,,,2021-12-20 12:35:00
5466680.118518518,0.0,130.0,,0.7,93.0,2.612,,,2021-12-20 12:40:00
5466681.118604651,0.0,134.0,,0.7,95.0,2.442,,,2021-12-20 12:45:00
5466682.118690783,0.0,134.0,,0.7,99.0,3.102,,,2021-12-20 12:50:00
5466683.1187769165,0.0,134.0,,0.7,103.0,0.263502,,,2021-12-20 12:55:00
5466684.118863049,0.0,136.0,,0.7,90.0,1.601828,,,2021-12-20 13:00:00
5466685.118949181,0.0,136.0,,0.7,96.0,6.738,,,2021-12-20 13:05:00
5466686.119035314,0.0,134.0,,0.7,94.0,4.6442,,,2021-12-20 13:10:00
5466687.119121447,0.0,134.0,,0.7,91.0,6.092,,,2021-12-20 13:15:00
5466688.11920758,0.0,136.0,,0.7,93.0,1.5612,,,2021-12-20 13:20:00
5466689.119293712,0.0,137.0,,0.7,101.0,0.864,,,2021-12-20 13:25:00
5466690.1193798445,0.0,136.0,,0.7,104.0,3.5968,,,2021-12-20 13:30:00
5466691.119465978,0.0,136.0,,0.7,106.0,6.892,,,2021-12-20 13:35:00
5466692.11955211,0.0,134.0,,0.7,95.0,10.106,,,2021-12-20 13:40:00
5466693.119638243,0.0,133.0,,0.7,102.0,17.38,,,2021-12-20 13:45:00
5466694.119724375,0.0,137.0,,0.7,105.0,16.044,,,2021-12-20 13:50:00
5466695.119810508,0.0,138.0,,0.7,101.0,17.52,,,2021-12-20 13:55:00
5466696.119896641,0.0,140.0,,0.7,102.0,13.172,,,2021-12-20 14:00:00
5466697.119982773,0.0,141.0,,0.7,104.0,11.8558,,,2021-12-20 14:05:00
5466698.120068906,0.0,143.0,,0.7,96.0,4.906,,,2021-12-20 14:10:00
5466699.120155038,0.0,143.0,,0.7,86.0,5.114,,,2021-12-20 14:15:00
5466700.120241172,0.0,143.0,,0.7,100.0,8.668,,,2021-12-20 14:20:00
5466701.120327304,0.0,148.0,,0.7,92.0,2.3732,,,2021-12-20 14:25:00
5466702.120413437,0.0,153.0,,0.7,92.0,0.8726,,,2021-12-20 14:30:00
5466703.120499569,0.0,154.0,,0.7,93.0,1.8548,,,2021-12-20 14:35:00
5466704.120585701,0.0,159.0,,0.7,96.0,0.39064,,,2021-12-20 14:40:00
5466705.120671835,0.0,161.0,,0.7,93.0,0.009188,,,2021-12-20 14:45:00
5466706.120757967,0.0,157.0,,0.7,109.0,0.03342,,,2021-12-20 14:50:00
5466707.1208441,0.0,155.0,,0.7,109.0,0.081046,,,2021-12-20 14:55:00
5466708.120930232,0.0,156.0,,0.7,107.0,0.29086,,,2021-12-20 15:00:00
5466709.1210163655,0.0,155.0,,0.7,112.0,2.866,,,2021-12-20 15:05:00
5466710.121102498,0.0,152.0,,0.7,104.0,11.386667,,,2021-12-20 15:10:00
5466711.12118863,0.0,155.0,,0.7,113.0,0.000892,,,2021-12-20 15:15:00
5466712.121274763,0.0,159.0,,0.7,97.0,0.01129,,,2021-12-20 15:20:00
5466713.121360895,0.0,166.0,,0.7,87.0,0.005514,,,2021-12-20 15:25:00
5466714.121447029,0.0,167.0,,0.7,89.0,0.002166,,,2021-12-20 15:30:00
5466715.121533161,0.0,163.0,,0.7,101.0,0.000517,,,2021-12-20 15:35:00
5466716.1216192935,0.0,160.0,,0.7,,,,,2021-12-20 15:40:00
5466717.121705426,0.0,160.0,,0.7,,,,,2021-12-20 15:45:00
5466718.121791559,0.0,160.0,,0.7,,,,,2021-12-20 15:50:00
5466719.121877692,0.0,151.0,,0.7,,,,,2021-12-20 15:55:00
5466720.121963824,0.0,142.0,,0.7,85.0,7e-05,,,2021-12-20 16:00:00
5466721.122049957,0.0,156.0,,0.7,84.0,7.5e-05,,,2021-12-20 16:05:00
5466722.122136089,0.0,168.0,,0.7,84.0,7.1e-05,,,2021-12-20 16:10:00
5466723.122222222,0.0,162.0,156.0,0.7,90.0,7e-05,35.0,2.2,2021-12-20 16:15:00
5466724.122308355,0.0,163.0,,0.7,89.0,6.6e-05,,,2021-12-20 16:20:00
5466725.122394487,0.0,158.0,,0.7,90.0,7.7e-05,,,2021-12-20 16:25:00
5466726.12248062,0.0,158.0,,0.7,91.0,8.4e-05,,,2021-12-20 16:30:00
5466727.122566753,0.0,159.0,,0.7,88.0,8.8e-05,,,2021-12-20 16:35:00
5466728.1226528855,0.0,160.0,,0.7,96.0,8.5e-05,,,2021-12-20 16:40:00
5466729.122739018,0.0,159.0,,0.7,97.0,7.4e-05,,,2021-12-20 16:45:00
5466730.12282515,0.0,161.0,,0.7,101.0,8.3e-05,,,2021-12-20 16:50:00
5466731.122911283,0.0,166.0,,0.7,98.0,8.6e-05,,,2021-12-20 16:55:00
5466732.122997416,0.0,170.0,,0.88,91.0,6.3e-05,,,2021-12-20 17:00:00
5466733.123083549,0.0,164.0,,0.88,98.0,6.7e-05,,,2021-12-20 17:05:00
5466734.123169681,0.0,157.0,,0.88,95.0,6.6e-05,,,2021-12-20 17:10:00
5466735.1232558135,0.0,164.0,,0.88,99.0,6.1e-05,,,2021-12-20 17:15:00
5466736.123341947,0.0,164.0,,0.88,101.0,9.3e-05,,,2021-12-20 17:20:00
5466737.123428079,0.0,166.0,,0.88,96.0,0.000131,,,2021-12-20 17:25:00
5466738.123514212,0.0,165.0,,0.88,99.0,0.000141,,,2021-12-20 17:30:00
5466739.123600344,0.0,161.0,,0.88,91.0,0.000195,,,2021-12-20 17:35:00
5466740.123686477,0.0,162.0,,0.88,92.0,8e-05,,,2021-12-20 17:40:00
5466741.12377261,0.0,156.0,,0.88,93.0,9.9e-05,,,2021-12-20 17:45:00
5466742.123858742,0.0,152.0,,0.88,90.0,5.2e-05,,,2021-12-20 17:50:00
5466743.123944875,0.0,153.0,,0.88,90.0,5.2e-05,,,2021-12-20 17:55:00
5466744.124031007,0.0,155.0,,0.88,92.0,5.6e-05,,,2021-12-20 18:00:00
5466745.124117141,0.0,158.0,,0.88,86.0,5.2e-05,,,2021-12-20 18:05:00
5466746.124203273,0.0,159.0,,0.88,87.0,5.2e-05,,,2021-12-20 18:10:00
5466747.1242894055,0.0,162.0,,0.88,89.0,5.4e-05,,,2021-12-20 18:15:00
5466748.124375538,0.0,167.0,,0.88,89.0,5.2e-05,,,2021-12-20 18:20:00
5466749.12446167,0.0,166.0,,0.88,96.0,5.5e-05,,,2021-12-20 18:25:00
5466750.124547804,0.0,162.0,,0.88,89.0,5.4e-05,,,2021-12-20 18:30:00
5466751.124633936,0.0,159.0,,0.88,87.0,5.3e-05,,,2021-12-20 18:35:00
5466752.124720069,0.0,157.0,,0.88,91.0,5.1e-05,,,2021-12-20 18:40:00
5466753.124806201,0.0,158.0,,0.88,87.0,5.4e-05,,,2021-12-20 18:45:00
5466754.124892334,0.0,160.0,,0.88,90.0,5.5e-05,,,2021-12-20 18:50:00
5466755.124978467,0.0,157.0,182.0,0.88,95.0,5.6e-05,,,2021-12-20 18:55:00
5466756.125064599,0.0,157.0,,0.88,94.0,5.6e-05,,,2021-12-20 19:00:00
5466757.125150732,0.0,167.0,,0.88,98.0,5.8e-05,,,2021-12-20 19:05:00
5466758.125236864,0.0,168.0,167.0,0.88,95.0,6e-05,100.0,7.1,2021-12-20 19:10:00
5466759.125322998,0.0,170.0,,0.88,87.0,5.4e-05,,6.3,2021-12-20 19:15:00
5466760.12540913,0.0,168.0,,0.88,90.0,5e-05,,,2021-12-20 19:20:00
5466761.125495262,0.0,168.0,,0.88,91.0,5.1e-05,,,2021-12-20 19:25:00
5466762.125581395,0.0,172.0,,0.88,95.0,5.3e-05,,,2021-12-20 19:30:00
5466763.125667528,0.0,180.0,,0.88,106.0,5.7e-05,,,2021-12-20 19:35:00
5466764.125753661,0.0,189.0,,0.88,92.0,5.4e-05,,,2021-12-20 19:40:00
5466765.125839793,0.0,192.0,,0.88,87.0,5.9e-05,,,2021-12-20 19:45:00
5466766.125925926,0.0,193.0,,0.88,85.0,6.4e-05,,,2021-12-20 19:50:00
5466767.126012058,0.0,193.0,,0.88,85.0,7.1e-05,,,2021-12-20 19:55:00
5466768.126098191,0.0,192.0,,0.88,85.0,7.4e-05,,,2021-12-20 20:00:00
5466769.126184324,0.0,191.0,,0.88,84.0,7.9e-05,,,2021-12-20 20:05:00
5466770.126270456,0.0,191.0,,0.88,86.0,8.1e-05,,,2021-12-20 20:10:00
5466771.126356589,0.0,190.0,,0.88,85.0,8.4e-05,,,2021-12-20 20:15:00
5466772.126442722,0.0,189.0,,0.88,84.0,8.7e-05,,,2021-12-20 20:20:00
5466773.1265288545,0.0,186.0,,0.88,94.0,8.9e-05,,,2021-12-20 20:25:00
5466774.126614987,0.0,180.0,,0.88,94.0,8.1e-05,,,2021-12-20 20:30:00
5466775.126701119,0.0,181.0,,0.88,94.0,7.9e-05,,,2021-12-20 20:35:00
5466776.126787252,0.0,185.0,,0.88,100.0,6.3e-05,,,2021-12-20 20:40:00
5466777.126873385,0.0,186.0,,0.88,92.0,0.000118,,,2021-12-20 20:45:00
5466778.126959518,0.0,184.0,,0.88,91.0,0.000147,,,2021-12-20 20:50:00
5466779.12704565,0.0,189.0,,0.88,89.0,0.000275,,,2021-12-20 20:55:00
5466780.1271317825,0.0,192.0,,0.88,91.0,0.000268,,,2021-12-20 21:00:00
5466781.127217916,0.0,193.0,,0.88,90.0,0.000691,,,2021-12-20 21:05:00
5466782.127304048,0.0,194.0,,0.88,89.0,0.001003,,,2021-12-20 21:10:00
5466783.127390181,0.0,194.0,,0.88,88.0,0.048114,,,2021-12-20 21:15:00
5466784.127476313,0.0,197.0,,0.88,91.0,0.019254,,,2021-12-20 21:20:00
5466785.127562446,0.0,203.0,,0.88,83.0,0.000184,,,2021-12-20 21:25:00
5466786.127648579,0.0,208.0,,0.88,83.0,0.000493,,,2021-12-20 21:30:00
5466787.127734711,0.0,209.0,,0.88,83.0,0.000479,,,2021-12-20 21:35:00
5466788.127820844,0.0,211.0,,0.88,84.0,0.000425,,,2021-12-20 21:40:00
5466789.127906976,0.0,213.0,,0.88,84.0,0.000445,,,2021-12-20 21:45:00
5466790.12799311,0.0,216.0,,0.88,84.0,0.000379,,,2021-12-20 21:50:00
5466791.128079242,0.0,218.0,,0.88,84.0,0.00033,,,2021-12-20 21:55:00
5466792.1281653745,0.0,218.0,,0.88,99.0,0.000352,,,2021-12-20 22:00:00
5466793.128251507,0.0,222.0,,0.88,104.0,4.6e-05,,,2021-12-20 22:05:00
5466794.128337639,0.0,225.0,,0.88,81.0,4.6e-05,,,2021-12-20 22:10:00
5466795.128423773,0.0,227.0,,0.88,80.0,5.6e-05,,,2021-12-20 22:15:00
5466796.128509905,0.0,226.0,,0.88,80.0,4.6e-05,,,2021-12-20 22:20:00
5466797.128596038,0.0,225.0,,0.88,79.0,4.7e-05,,,2021-12-20 22:25:00
5466798.12868217,0.0,223.0,,0.88,80.0,4.7e-05,,,2021-12-20 22:30:00
5466799.128768303,0.0,223.0,,0.88,78.0,4.8e-05,,,2021-12-20 22:35:00
5466800.128854436,0.0,222.0,,0.88,74.0,4.8e-05,,,2021-12-20 22:40:00
5466801.128940568,0.0,214.0,,0.88,74.0,4.7e-05,,,2021-12-20 22:45:00
5466802.129026701,0.0,207.0,,0.88,73.0,4.7e-05,,,2021-12-20 22:50:00
5466803.129112833,0.0,204.0,,0.88,74.0,4.8e-05,,,2021-12-20 22:55:00
5466804.129198967,0.0,203.0,,0.88,70.0,5.7e-05,,,2021-12-20 23:00:00
5466805.129285099,0.0,203.0,,0.88,70.0,6.8e-05,,,2021-12-20 23:05:00
5466806.129371231,0.0,201.0,,0.88,70.0,7.5e-05,,,2021-12-20 23:10:00
5466807.129457364,0.0,199.0,,0.88,71.0,8.2e-05,,,2021-12-20 23:15:00
5466808.129543497,0.0,199.0,,0.88,72.0,8.9e-05,,,2021-12-20 23:20:00
5466809.12962963,0.0,199.0,,0.88,72.0,9.6e-05,,,2021-12-20 23:25:00
5466810.129715762,0.0,199.0,,0.88,73.0,0.000102,,,2021-12-20 23:30:00
5466811.129801895,0.0,199.0,,0.88,74.0,0.000107,,,2021-12-20 23:35:00
5466812.129888027,0.0,200.0,,0.88,75.0,0.000113,,,2021-12-20 23:40:00
5466813.12997416,0.0,201.0,,0.88,74.0,0.000119,,,2021-12-20 23:45:00
5466814.130060293,0.0,201.0,,0.88,77.0,0.000122,,,2021-12-20 23:50:00
5466815.130146425,0.0,202.0,,0.88,75.0,0.00011,,,2021-12-20 23:55:00
5466816.130232558,0.0,203.0,,0.88,74.0,8.6e-05,,,2021-12-21 00:00:00
5466817.130318691,0.0,203.0,,0.88,74.0,7.7e-05,,,2021-12-21 00:05:00
5466818.130404823,0.0,204.0,,0.88,74.0,7.4e-05,,,2021-12-21 00:10:00
5466819.130490956,0.0,204.0,,0.88,73.0,6.6e-05,,,2021-12-21 00:15:00
5466820.130577088,0.0,201.0,,0.88,75.0,6.4e-05,,,2021-12-21 00:20:00
5466821.130663221,0.0,196.0,,0.88,74.0,5.5e-05,,,2021-12-21 00:25:00
5466822.130749354,0.0,203.0,,0.88,71.0,5.1e-05,,,2021-12-21 00:30:00
5466823.130835487,0.0,208.0,,0.88,70.0,4.7e-05,,,2021-12-21 00:35:00
5466824.130921619,0.0,210.0,,0.88,71.0,4.7e-05,,,2021-12-21 00:40:00
5466825.131007751,0.0,211.0,,0.88,72.0,4.7e-05,,,2021-12-21 00:45:00
5466826.131093885,0.0,212.0,,0.88,71.0,4.7e-05,,,2021-12-21 00:50:00
5466827.131180017,0.0,213.0,,0.88,72.0,4.7e-05,,,2021-12-21 00:55:00
5466828.13126615,0.0,214.0,,0.88,72.0,4.7e-05,,,2021-12-21 01:00:00
5466829.131352282,0.0,214.0,,0.88,72.0,4.7e-05,,,2021-12-21 01:05:00
5466830.131438415,0.0,205.0,,0.88,75.0,8e-05,,,2021-12-21 01:10:00
5466831.131524548,0.0,193.0,,0.88,72.0,8.5e-05,,,2021-12-21 01:15:00
5466832.13161068,0.0,188.0,,0.88,73.0,5.5e-05,,,2021-12-21 01:20:00
5466833.131696813,0.0,198.0,,0.88,74.0,5e-05,,,2021-12-21 01:25:00
5466834.131782945,0.0,225.0,,0.88,72.0,4.7e-05,,,2021-12-21 01:30:00
5466835.131869079,0.0,217.0,,0.88,79.0,5.8e-05,,,2021-12-21 01:35:00
5466836.131955211,0.0,219.0,,0.88,71.0,4.9e-05,,,2021-12-21 01:40:00
5466837.1320413435,0.0,221.0,,0.88,68.0,4.7e-05,,,2021-12-21 01:45:00
5466838.132127476,0.0,222.0,,0.88,69.0,4.7e-05,,,2021-12-21 01:50:00
5466839.132213608,0.0,223.0,,0.88,70.0,4.7e-05,,,2021-12-21 01:55:00
5466840.132299742,0.0,222.0,,0.88,70.0,4.7e-05,,,2021-12-21 02:00:00
5466841.132385874,0.0,219.0,,0.88,69.0,4.7e-05,,,2021-12-21 02:05:00
5466842.132472007,0.0,217.0,,0.88,69.0,4.7e-05,,,2021-12-21 02:10:00
5466843.132558139,0.0,217.0,,0.88,70.0,4.7e-05,,,2021-12-21 02:15:00
5466844.132644272,0.0,218.0,,0.88,68.0,4.7e-05,,,2021-12-21 02:20:00
5466845.132730405,0.0,219.0,,0.88,70.0,4.7e-05,,,2021-12-21 02:25:00
5466846.132816537,0.0,221.0,,0.88,70.0,4.7e-05,,,2021-12-21 02:30:00
5466847.13290267,0.0,219.0,,0.88,71.0,4.7e-05,,,2021-12-21 02:35:00
5466848.132988802,0.0,218.0,,0.88,71.0,4.6e-05,,,2021-12-21 02:40:00
5466849.1330749355,0.0,219.0,,0.88,71.0,4.6e-05,,,2021-12-21 02:45:00
5466850.133161068,0.0,218.0,,0.88,69.0,4.6e-05,,,2021-12-21 02:50:00
5466851.1332472,0.0,219.0,,0.88,68.0,5e-05,,,2021-12-21 02:55:00
5466852.133333333,0.0,219.0,,0.88,68.0,5.5e-05,,,2021-12-21 03:00:00
5466853.133419466,0.0,218.0,,0.88,69.0,5.9e-05,,,2021-12-21 03:05:00
5466854.133505599,0.0,217.0,,0.88,69.0,6.3e-05,,,2021-12-21 03:10:00
5466855.133591731,0.0,216.0,,0.88,69.0,6.8e-05,,,2021-12-21 03:15:00
5466856.1336778635,0.0,214.0,,0.88,70.0,7.3e-05,,,2021-12-21 03:20:00
5466857.133763996,0.0,211.0,,0.88,67.0,8.5e-05,,,2021-12-21 03:25:00
5466858.133850129,0.0,210.0,,0.88,66.0,9e-05,,,2021-12-21 03:30:00
5466859.133936262,0.0,208.0,,0.88,67.0,9.4e-05,,,2021-12-21 03:35:00
5466860.134022394,0.0,205.0,,0.88,66.0,9.9e-05,,,2021-12-21 03:40:00
5466861.134108527,0.0,209.0,,0.88,66.0,0.000102,,,2021-12-21 03:45:00
5466862.13419466,0.0,217.0,,0.88,68.0,0.000103,,,2021-12-21 03:50:00
5466863.134280792,0.0,213.0,,0.88,67.0,8.2e-05,,,2021-12-21 03:55:00
5466864.134366925,0.0,208.0,,0.88,68.0,8.5e-05,,,2021-12-21 04:00:00
5466865.134453057,0.0,205.0,,0.88,68.0,0.000104,,,2021-12-21 04:05:00
5466866.13453919,0.0,203.0,,0.88,68.0,9.8e-05,,,2021-12-21 04:10:00
5466867.134625323,0.0,201.0,,0.88,69.0,9.8e-05,,,2021-12-21 04:15:00
5466868.134711456,0.0,197.0,,0.88,68.0,9.2e-05,,,2021-12-21 04:20:00
5466869.134797588,0.0,195.0,,0.88,67.0,9.6e-05,,,2021-12-21 04:25:00
5466870.13488372,0.0,190.0,,0.88,72.0,7.8e-05,,,2021-12-21 04:30:00
5466871.134969854,0.0,181.0,,0.88,64.0,5.4e-05,,,2021-12-21 04:35:00
5466872.135055986,0.0,178.0,,0.88,71.0,5.1e-05,,,2021-12-21 04:40:00
5466873.135142119,0.0,175.0,,0.88,68.0,4.8e-05,,,2021-12-21 04:45:00
5466874.135228251,0.0,174.0,,0.88,70.0,4.6e-05,,,2021-12-21 04:50:00
5466875.135314384,0.0,175.0,,0.88,70.0,4.6e-05,,,2021-12-21 04:55:00
5466876.135400517,0.0,180.0,,0.88,69.0,5.6e-05,,,2021-12-21 05:00:00
5466877.135486649,0.0,201.0,,0.88,84.0,5.8e-05,,,2021-12-21 05:05:00
5466878.135572782,0.0,210.0,254.0,0.88,89.0,5.6e-05,,2.4,2021-12-21 05:10:00
5466879.135658914,0.0,207.0,,0.88,88.0,5.5e-05,,,2021-12-21 05:15:00
5466880.135745048,0.0,237.0,,0.88,82.0,5.5e-05,,,2021-12-21 05:20:00
5466881.13583118,0.0,241.0,,0.88,108.0,5.5e-05,,,2021-12-21 05:25:00
5466882.135917312,0.0,250.0,,0.88,87.0,5.9e-05,,,2021-12-21 05:30:00
5466883.136003445,0.0,267.0,,0.88,119.0,6.5e-05,,,2021-12-21 05:35:00
5466884.136089577,0.0,259.0,,0.88,127.0,6.9e-05,,,2021-12-21 05:40:00
5466885.136175711,0.0,259.0,,0.88,143.0,7.4e-05,,,2021-12-21 05:45:00
5466886.136261843,0.0,257.0,,0.88,129.0,7.5e-05,,,2021-12-21 05:50:00
5466887.136347976,0.0,253.0,,0.88,125.0,7.9e-05,,,2021-12-21 05:55:00
5466888.136434108,0.0,252.0,,0.88,131.0,8.2e-05,,,2021-12-21 06:00:00
5466889.136520241,0.0,250.0,,0.88,100.0,8e-05,,,2021-12-21 06:05:00
5466890.136606374,0.0,250.0,,0.88,97.0,7.7e-05,,,2021-12-21 06:10:00
5466891.136692506,0.0,247.0,250.0,0.88,88.0,7.1e-05,145.0,0.0,2021-12-21 06:15:00
5466892.136778639,0.0,244.0,,0.88,87.0,6.4e-05,,,2021-12-21 06:20:00
5466893.136864771,0.0,249.0,,0.88,85.0,6.6e-05,,,2021-12-21 06:25:00
5466894.1369509045,0.0,251.0,,0.88,87.0,6e-05,,12.0,2021-12-21 06:30:00
5466895.137037037,0.0,253.0,,0.88,87.0,5.9e-05,,,2021-12-21 06:35:00
5466896.137123169,0.0,252.0,,0.88,86.0,6e-05,,,2021-12-21 06:40:00
5466897.137209302,0.0,252.0,,0.88,88.0,6.3e-05,,,2021-12-21 06:45:00
5466898.137295435,0.0,250.0,,0.88,89.0,6.5e-05,,,2021-12-21 06:50:00
5466899.137381568,0.0,252.0,,0.88,87.0,6.9e-05,,,2021-12-21 06:55:00
5466900.1374677,0.0,256.0,,0.88,87.0,6.4e-05,,,2021-12-21 07:00:00
5466901.1375538325,0.0,261.0,,0.88,89.0,5.8e-05,,,2021-12-21 07:05:00
5466902.137639965,0.0,262.0,,0.88,91.0,6.2e-05,,,2021-12-21 07:10:00
5466903.137726098,0.0,255.0,,0.88,98.0,6.8e-05,,,2021-12-21 07:15:00
5466904.137812231,0.0,251.0,,0.88,93.0,6.1e-05,,,2021-12-21 07:20:00
5466905.137898363,0.0,253.0,,0.88,,,,,2021-12-21 07:25:00
5466906.137984496,0.0,256.0,,0.88,,,,,2021-12-21 07:30:00
5466907.138070629,0.0,256.0,,0.88,,,,,2021-12-21 07:35:00
5466908.138156761,0.0,254.0,,0.88,,,,,2021-12-21 07:40:00
5466909.138242894,0.0,252.0,,0.88,,,,,2021-12-21 07:45:00
5466910.138329026,0.0,247.0,,0.88,,,,,2021-12-21 07:50:00
5466911.138415159,0.0,245.0,,0.88,,,,,2021-12-21 07:55:00
5466912.138501292,0.0,244.0,,0.88,,,,,2021-12-21 08:00:00
5466913.1385874245,0.0,252.0,,0.88,88.0,5.1e-05,,,2021-12-21 08:05:00
5466914.138673557,0.0,261.0,,0.88,83.0,4.5e-05,,,2021-12-21 08:10:00
5466915.138759689,0.0,260.0,,0.88,84.0,4.6e-05,,,2021-12-21 08:15:00
5466916.138845823,0.0,256.0,,0.88,84.0,4.7e-05,,,2021-12-21 08:20:00
5466917.138931955,0.0,249.0,,0.88,81.0,4.7e-05,,,2021-12-21 08:25:00
5466918.139018088,0.0,245.0,,0.88,81.0,4.8e-05,,,2021-12-21 08:30:00
5466919.13910422,0.0,241.0,,0.88,80.0,4.8e-05,,,2021-12-21 08:35:00
5466920.1391903525,0.0,238.0,,0.88,80.0,4.6e-05,,,2021-12-21 08:40:00
5466921.139276486,0.0,228.0,,0.88,80.0,4.6e-05,,,2021-12-21 08:45:00
5466922.139362618,0.0,223.0,,0.88,79.0,4.7e-05,,,2021-12-21 08:50:00
5466923.139448751,0.0,219.0,,0.88,79.0,4.7e-05,,,2021-12-21 08:55:00
5466924.139534883,0.0,221.0,,0.88,81.0,4.7e-05,,,2021-12-21 09:00:00
5466925.139621017,0.0,217.0,,0.88,80.0,4.7e-05,,,2021-12-21 09:05:00
5466926.139707149,0.0,211.0,,0.88,80.0,4.6e-05,,,2021-12-21 09:10:00
5466927.139793281,0.0,205.0,,0.88,86.0,4.6e-05,,,2021-12-21 09:15:00
5466928.139879414,0.0,193.0,,0.88,77.0,4.6e-05,,,2021-12-21 09:20:00
5466929.139965546,0.0,180.0,,0.88,78.0,4.6e-05,,,2021-12-21 09:25:00
5466930.14005168,0.0,174.0,,0.88,78.0,4.5e-05,,,2021-12-21 09:30:00
5466931.140137812,0.0,185.0,,0.88,81.0,4.6e-05,,,2021-12-21 09:35:00
5466932.140223945,0.0,191.0,,0.88,79.0,4.7e-05,,,2021-12-21 09:40:00
5466933.140310077,0.0,190.0,,0.88,81.0,4.8e-05,,,2021-12-21 09:45:00
5466934.14039621,0.0,185.0,,0.88,80.0,4.6e-05,,,2021-12-21 09:50:00
5466935.140482343,0.0,175.0,,0.88,80.0,4.4e-05,,,2021-12-21 09:55:00
5466936.140568475,0.0,169.0,,0.88,78.0,4.5e-05,,,2021-12-21 10:00:00
5466937.140654608,0.0,164.0,,0.88,79.0,4.4e-05,,,2021-12-21 10:05:00
5466938.14074074,0.0,157.0,,0.88,76.0,4.5e-05,,,2021-12-21 10:10:00
5466939.1408268735,0.0,150.0,,0.88,86.0,4.7e-05,,,2021-12-21 10:15:00
5466940.140913006,0.0,143.0,,0.88,84.0,4.5e-05,,,2021-12-21 10:20:00
5466941.140999138,0.0,141.0,,0.88,84.0,4.6e-05,,,2021-12-21 10:25:00
5466942.141085271,0.0,142.0,,0.88,87.0,4.5e-05,,,2021-12-21 10:30:00
5466943.141171404,0.0,141.0,,0.88,82.0,4.6e-05,,,2021-12-21 10:35:00
5466944.141257537,0.0,136.0,,0.88,88.0,4.6e-05,,,2021-12-21 10:40:00
5466945.141343669,0.0,136.0,,0.88,84.0,4.7e-05,,,2021-12-21 10:45:00
5466946.1414298015,0.0,133.0,,0.88,80.0,4.8e-05,,,2021-12-21 10:50:00
5466947.141515934,0.0,131.0,,0.88,83.0,4.9e-05,,,2021-12-21 10:55:00
5466948.141602067,0.0,129.0,,0.88,78.0,5e-05,,,2021-12-21 11:00:00
5466949.1416882,0.0,125.0,,0.88,79.0,4.6e-05,,,2021-12-21 11:05:00
5466950.141774332,0.0,126.0,,0.88,77.0,4.7e-05,,,2021-12-21 11:10:00
5466951.141860465,0.0,125.0,,0.88,80.0,4.7e-05,,,2021-12-21 11:15:00
5466952.141946598,0.0,123.0,,0.88,78.0,4.5e-05,,,2021-12-21 11:20:00
5466953.14203273,0.0,118.0,,0.88,82.0,4.6e-05,,,2021-12-21 11:25:00
5466954.142118863,0.0,115.0,,0.88,78.0,4.6e-05,,,2021-12-21 11:30:00
5466955.142204995,0.0,113.0,,0.88,78.0,4.5e-05,,,2021-12-21 11:35:00
5466956.142291128,0.0,110.0,,0.88,77.0,4.5e-05,,,2021-12-21 11:40:00
5466957.142377261,0.0,107.0,,0.88,78.0,4.5e-05,,,2021-12-21 11:45:00
5466958.1424633935,0.0,104.0,,0.88,76.0,4.5e-05,,,2021-12-21 11:50:00
5466959.142549526,0.0,102.0,,0.88,80.0,4.5e-05,,,2021-12-21 11:55:00
5466960.142635658,0.0,100.0,,0.88,88.0,4.4e-05,,,2021-12-21 12:00:00
5466961.142721792,0.0,101.0,,0.88,84.0,4.4e-05,,,2021-12-21 12:05:00
5466962.142807924,0.0,99.0,,0.88,82.0,4.4e-05,,,2021-12-21 12:10:00
5466963.142894057,0.0,91.0,103.0,0.88,102.0,4.3e-05,,2.5,2021-12-21 12:15:00
5466964.142980189,0.0,78.0,,0.88,86.0,4.3e-05,40.0,2.5,2021-12-21 12:20:00
5466965.1430663215,0.0,88.0,,0.88,76.0,4.4e-05,,,2021-12-21 12:25:00
5466966.143152455,0.0,98.0,,0.88,77.0,4.4e-05,,,2021-12-21 12:30:00
5466967.143238587,0.0,102.0,,0.88,77.0,4.4e-05,,,2021-12-21 12:35:00
5466968.14332472,0.0,98.0,,0.88,83.0,4.3e-05,,,2021-12-21 12:40:00
5466969.143410852,0.0,98.0,,0.88,82.0,4.3e-05,,,2021-12-21 12:45:00
5466970.143496986,0.0,107.0,,0.88,80.0,4.5e-05,,,2021-12-21 12:50:00
5466971.143583118,0.0,120.0,,0.88,81.0,4.6e-05,,,2021-12-21 12:55:00
5466972.14366925,0.0,133.0,,0.88,82.0,4.4e-05,,,2021-12-21 13:00:00
5466973.143755383,0.0,148.0,,0.88,83.0,4.5e-05,,,2021-12-21 13:05:00
5466974.143841515,0.0,164.0,,0.88,76.0,4.6e-05,,,2021-12-21 13:10:00
5466975.143927649,0.0,179.0,,0.88,82.0,4.4e-05,,,2021-12-21 13:15:00
5466976.144013781,0.0,194.0,,0.88,79.0,4.6e-05,,,2021-12-21 13:20:00
5466977.144099914,0.0,204.0,131.0,0.88,80.0,4.6e-05,,3.4,2021-12-21 13:25:00
5466978.144186046,0.0,198.0,,0.88,89.0,4.5e-05,,5.9,2021-12-21 13:30:00
5466979.144272179,0.0,179.0,,0.88,85.0,4.4e-05,50.0,,2021-12-21 13:35:00
5466980.144358312,0.0,144.0,,0.88,85.0,4.4e-05,,,2021-12-21 13:40:00
5466981.144444444,0.0,149.0,,0.88,91.0,4.3e-05,,,2021-12-21 13:45:00
5466982.144530577,0.0,152.0,,0.88,80.0,4.4e-05,,,2021-12-21 13:50:00
5466983.144616709,0.0,146.0,,0.88,78.0,4.5e-05,,,2021-12-21 13:55:00
5466984.144702842,0.0,133.0,,0.88,91.0,4.3e-05,,,2021-12-21 14:00:00
5466985.144788975,0.0,142.0,,0.88,72.0,4.3e-05,,,2021-12-21 14:05:00
5466986.144875107,0.0,153.0,,0.88,75.0,4.4e-05,,,2021-12-21 14:10:00
5466987.14496124,0.0,162.0,,0.88,97.0,4.4e-05,,,2021-12-21 14:15:00
5466988.145047373,0.0,163.0,,0.88,96.0,4.4e-05,,,2021-12-21 14:20:00
5466989.145133506,0.0,161.0,,0.88,91.0,4.4e-05,,,2021-12-21 14:25:00
5466990.145219638,0.0,160.0,,0.88,77.0,4.5e-05,,,2021-12-21 14:30:00
5466991.14530577,0.0,162.0,,0.88,84.0,4.4e-05,,,2021-12-21 14:35:00
5466992.145391903,0.0,164.0,,0.88,79.0,4.4e-05,,,2021-12-21 14:40:00
5466993.145478036,0.0,169.0,,0.88,80.0,4.3e-05,,,2021-12-21 14:45:00
5466994.145564169,0.0,172.0,,0.88,80.0,4.4e-05,,,2021-12-21 14:50:00
5466995.145650301,0.0,172.0,,0.88,81.0,4.4e-05,,,2021-12-21 14:55:00
5466996.145736434,0.0,169.0,,0.88,81.0,4.4e-05,,,2021-12-21 15:00:00
5466997.145822567,0.0,165.0,,0.88,80.0,4.4e-05,,,2021-12-21 15:05:00
5466998.145908699,0.0,156.0,,0.88,79.0,4.6e-05,,,2021-12-21 15:10:00
5466999.145994832,0.0,152.0,,0.88,81.0,4.6e-05,,,2021-12-21 15:15:00
5467000.146080964,0.0,151.0,,0.88,80.0,4.6e-05,,,2021-12-21 15:20:00
5467001.146167097,0.0,151.0,,0.88,82.0,4.3e-05,,,2021-12-21 15:25:00
5467002.14625323,0.0,149.0,,0.88,80.0,4.3e-05,,,2021-12-21 15:30:00
5467003.1463393625,0.0,146.0,,0.88,82.0,4.3e-05,,,2021-12-21 15:35:00
5467004.146425495,0.0,142.0,,0.88,90.0,4.3e-05,,,2021-12-21 15:40:00
5467005.146511627,0.0,137.0,,0.88,92.0,4.5e-05,,,2021-12-21 15:45:00
5467006.146597761,0.0,138.0,,0.88,89.0,5.1e-05,,,2021-12-21 15:50:00
5467007.146683893,0.0,137.0,,0.88,84.0,5.5e-05,,,2021-12-21 15:55:00
5467008.146770026,0.0,134.0,,0.88,86.0,5.5e-05,,,2021-12-21 16:00:00
5467009.146856158,0.0,132.0,,0.88,87.0,5.9e-05,,,2021-12-21 16:05:00
5467010.1469422905,0.0,129.0,,0.88,85.0,5.5e-05,,,2021-12-21 16:10:00
5467011.147028424,0.0,126.0,,0.88,87.0,6.1e-05,,,2021-12-21 16:15:00
5467012.147114556,0.0,124.0,,0.88,86.0,7e-05,,,2021-12-21 16:20:00
5467013.147200689,0.0,121.0,,0.88,89.0,7.4e-05,,,2021-12-21 16:25:00
5467014.147286821,0.0,118.0,,0.88,88.0,6.9e-05,,,2021-12-21 16:30:00
5467015.1473729545,0.0,112.0,120.0,0.88,96.0,5.6e-05,75.0,5.0,2021-12-21 16:35:00
5467016.147459087,0.0,106.0,,0.88,93.0,5.1e-05,,5.0,2021-12-21 16:40:00
5467017.147545219,0.0,101.0,,0.88,91.0,5.4e-05,,,2021-12-21 16:45:00
5467018.147631352,0.0,97.0,,0.88,92.0,5.8e-05,,,2021-12-21 16:50:00
5467019.147717485,0.0,96.0,,0.88,88.0,6.1e-05,,,2021-12-21 16:55:00
5467020.147803618,0.0,104.0,,0.88,88.0,6.2e-05,,,2021-12-21 17:00:00
5467021.14788975,0.0,121.0,,0.88,91.0,6.4e-05,,,2021-12-21 17:05:00
5467022.1479758825,0.0,138.0,,0.88,91.0,6.3e-05,,,2021-12-21 17:10:00
5467023.148062015,0.0,146.0,,0.88,90.0,6.9e-05,,,2021-12-21 17:15:00
5467024.148148148,0.0,154.0,,0.88,91.0,6e-05,,,2021-12-21 17:20:00
5467025.148234281,0.0,160.0,,0.88,89.0,6.3e-05,,,2021-12-21 17:25:00
5467026.148320413,0.0,158.0,,0.88,113.0,9e-05,,,2021-12-21 17:30:00
5467027.148406546,0.0,148.0,,0.88,112.0,0.000109,,,2021-12-21 17:35:00
5467028.148492679,0.0,134.0,,0.88,117.0,0.001805,,,2021-12-21 17:40:00
5467029.148578811,0.0,123.0,,0.88,93.0,0.000699,,,2021-12-21 17:45:00
5467030.148664944,0.0,120.0,,0.88,90.0,0.010793,,,2021-12-21 17:50:00
5467031.148751076,0.0,120.0,,0.88,91.0,0.00011,,,2021-12-21 17:55:00
5467032.148837209,0.0,123.0,,0.88,92.0,0.000256,,,2021-12-21 18:00:00
5467033.148923342,0.0,123.0,,0.88,99.0,0.000216,,,2021-12-21 18:05:00
5467034.149009475,0.0,124.0,,0.88,92.0,6.2e-05,,,2021-12-21 18:10:00
5467035.149095607,0.0,124.0,,0.88,90.0,7e-05,,,2021-12-21 18:15:00
5467036.149181739,0.0,122.0,,0.88,89.0,6.1e-05,,,2021-12-21 18:20:00
5467037.149267873,0.0,121.0,,0.88,87.0,6.2e-05,,,2021-12-21 18:25:00
5467038.149354005,0.0,119.0,,0.88,84.0,5.3e-05,,,2021-12-21 18:30:00
5467039.149440138,0.0,117.0,,0.88,83.0,5.3e-05,,,2021-12-21 18:35:00
5467040.14952627,0.0,114.0,,0.88,83.0,5.4e-05,,,2021-12-21 18:40:00
5467041.149612403,0.0,110.0,,0.88,84.0,5.8e-05,,,2021-12-21 18:45:00
5467042.149698536,0.0,107.0,,0.88,84.0,5.8e-05,,,2021-12-21 18:50:00
5467043.149784668,0.0,104.0,,0.88,85.0,6.1e-05,,,2021-12-21 18:55:00
5467044.149870801,0.0,100.0,,0.88,85.0,6.4e-05,,,2021-12-21 19:00:00
5467045.149956933,0.0,97.0,,0.88,87.0,6.2e-05,,,2021-12-21 19:05:00
5467046.150043067,0.0,94.0,,0.88,86.0,6.2e-05,,,2021-12-21 19:10:00
5467047.150129199,0.0,91.0,,0.88,86.0,6.1e-05,,,2021-12-21 19:15:00
5467048.150215331,0.0,89.0,,0.88,90.0,6.9e-05,,,2021-12-21 19:20:00
5467049.150301464,0.0,85.0,50.0,0.88,98.0,6.2e-05,,2.2,2021-12-21 19:25:00
5467050.150387596,0.0,83.0,,0.88,88.0,6.7e-05,,,2021-12-21 19:30:00
5467051.15047373,0.0,64.0,,0.88,86.0,6.6e-05,75.0,,2021-12-21 19:35:00
5467052.150559862,0.0,63.0,,0.88,87.0,6.6e-05,,2.2,2021-12-21 19:40:00
5467053.150645995,0.0,62.0,,0.88,91.0,5.9e-05,,,2021-12-21 19:45:00
5467054.150732127,0.0,64.0,,0.88,89.0,5.2e-05,,,2021-12-21 19:50:00
5467055.15081826,0.0,69.0,,0.88,85.0,5.1e-05,,,2021-12-21 19:55:00
5467056.150904393,0.0,73.0,,0.88,85.0,5.7e-05,,,2021-12-21 20:00:00
5467057.150990525,0.0,76.0,,0.88,85.0,5.4e-05,,,2021-12-21 20:05:00
5467058.151076658,0.0,79.0,,0.88,83.0,6.4e-05,,,2021-12-21 20:10:00
5467059.15116279,0.0,82.0,,0.88,84.0,8.3e-05,,,2021-12-21 20:15:00
5467060.1512489235,0.0,84.0,,0.88,83.0,0.000101,,,2021-12-21 20:20:00
5467061.151335056,0.0,85.0,,0.88,84.0,0.00012,,,2021-12-21 20:25:00
5467062.151421188,0.0,85.0,,0.88,83.0,0.000131,,,2021-12-21 20:30:00
5467063.151507321,0.0,85.0,,0.88,84.0,0.000135,,,2021-12-21 20:35:00
5467064.151593454,0.0,86.0,,0.88,84.0,0.000142,,,2021-12-21 20:40:00
5467065.151679587,0.0,87.0,,0.88,83.0,0.000148,,,2021-12-21 20:45:00
5467066.151765719,0.0,87.0,,0.88,82.0,0.000154,,,2021-12-21 20:50:00
5467067.1518518515,0.0,87.0,,0.88,81.0,0.000134,,,2021-12-21 20:55:00
5467068.151937984,0.0,88.0,,0.88,82.0,0.000139,,,2021-12-21 21:00:00
5467069.152024117,0.0,88.0,,0.88,83.0,0.000149,,,2021-12-21 21:05:00
5467070.15211025,0.0,88.0,,0.88,83.0,0.000151,,,2021-12-21 21:10:00
5467071.152196382,0.0,88.0,,0.88,84.0,0.000153,,,2021-12-21 21:15:00
5467072.152282515,0.0,89.0,,0.88,83.0,6.6e-05,,,2021-12-21 21:20:00
5467073.152368648,0.0,90.0,,0.88,83.0,6.8e-05,,,2021-12-21 21:25:00
5467074.15245478,0.0,91.0,,0.88,82.0,0.000104,,,2021-12-21 21:30:00
5467075.152540913,0.0,92.0,,0.88,81.0,0.000113,,,2021-12-21 21:35:00
5467076.152627045,0.0,93.0,,0.88,81.0,0.000111,,,2021-12-21 21:40:00
5467077.152713178,0.0,92.0,,0.88,93.0,7.7e-05,,,2021-12-21 21:45:00
5467078.152799311,0.0,86.0,,0.88,100.0,6.1e-05,,,2021-12-21 21:50:00
5467079.1528854435,0.0,84.0,,0.88,80.0,4.8e-05,,,2021-12-21 21:55:00
5467080.152971576,0.0,85.0,,0.88,80.0,4.4e-05,,,2021-12-21 22:00:00
5467081.153057708,0.0,85.0,,0.88,80.0,4.7e-05,,,2021-12-21 22:05:00
5467082.153143842,0.0,86.0,,0.88,79.0,4.8e-05,,,2021-12-21 22:10:00
5467083.153229974,0.0,88.0,,0.88,79.0,4.6e-05,,,2021-12-21 22:15:00
5467084.153316107,0.0,91.0,,0.88,78.0,4.9e-05,,,2021-12-21 22:20:00
5467085.153402239,0.0,92.0,,0.88,80.0,5e-05,,,2021-12-21 22:25:00
5467086.1534883715,0.0,92.0,,0.88,76.0,4.9e-05,,,2021-12-21 22:30:00
5467087.153574505,0.0,93.0,,0.88,75.0,5.1e-05,,,2021-12-21 22:35:00
5467088.153660637,0.0,95.0,,0.88,74.0,5.5e-05,,,2021-12-21 22:40:00
5467089.15374677,0.0,97.0,,0.88,75.0,5.5e-05,,,2021-12-21 22:45:00
5467090.153832902,0.0,98.0,,0.88,75.0,5.2e-05,,,2021-12-21 22:50:00
5467091.153919036,0.0,100.0,,0.88,75.0,5.8e-05,,,2021-12-21 22:55:00
5467092.154005168,0.0,100.0,,0.88,74.0,6.1e-05,,,2021-12-21 23:00:00
5467093.1540913,0.0,101.0,,0.88,74.0,5.7e-05,,,2021-12-21 23:05:00
5467094.154177433,0.0,102.0,,0.88,74.0,5.5e-05,,,2021-12-21 23:10:00
5467095.154263565,0.0,103.0,,0.88,75.0,5.4e-05,,,2021-12-21 23:15:00
5467096.154349699,0.0,105.0,,0.88,75.0,5.6e-05,,,2021-12-21 23:20:00
5467097.154435831,0.0,106.0,,0.88,78.0,5.6e-05,,,2021-12-21 23:25:00
5467098.154521964,0.0,108.0,,0.88,76.0,5.4e-05,,,2021-12-21 23:30:00
5467099.154608096,0.0,109.0,,0.88,75.0,5.1e-05,,,2021-12-21 23:35:00
5467100.154694229,0.0,109.0,,0.88,78.0,5e-05,,,2021-12-21 23:40:00
5467101.154780362,0.0,110.0,,0.88,76.0,5.3e-05,,,2021-12-21 23:45:00
5467102.154866494,0.0,111.0,,0.88,77.0,5.2e-05,,,2021-12-21 23:50:00
5467103.154952627,0.0,112.0,,0.88,76.0,5.6e-05,,,2021-12-21 23:55:00
5467104.155038759,0.0,113.0,,0.88,76.0,5.9e-05,,,2021-12-22 00:00:00
5467105.1551248925,0.0,115.0,,0.88,76.0,6e-05,,,2021-12-22 00:05:00
5467106.155211025,0.0,118.0,,0.88,78.0,5.8e-05,,,2021-12-22 00:10:00
5467107.155297157,0.0,120.0,,0.88,77.0,5.1e-05,,,2021-12-22 00:15:00
5467108.15538329,0.0,122.0,,0.88,77.0,4.8e-05,,,2021-12-22 00:20:00
5467109.155469423,0.0,124.0,,0.88,75.0,4.8e-05,,,2021-12-22 00:25:00
5467110.155555556,0.0,126.0,,0.88,74.0,4.6e-05,,,2021-12-22 00:30:00
5467111.155641688,0.0,127.0,,0.88,74.0,4.6e-05,,,2021-12-22 00:35:00
5467112.1557278205,0.0,127.0,,0.88,75.0,4.7e-05,,,2021-12-22 00:40:00
5467113.155813953,0.0,125.0,,0.88,74.0,4.7e-05,,,2021-12-22 00:45:00
5467114.155900086,0.0,124.0,,0.88,73.0,4.7e-05,,,2021-12-22 00:50:00
5467115.155986219,0.0,124.0,,0.88,72.0,4.7e-05,,,2021-12-22 00:55:00
5467116.156072351,0.0,123.0,,0.88,71.0,4.7e-05,,,2021-12-22 01:00:00
5467117.156158484,0.0,123.0,,0.88,71.0,4.7e-05,,,2021-12-22 01:05:00
5467118.156244617,0.0,123.0,,0.88,74.0,4.8e-05,,,2021-12-22 01:10:00
5467119.156330749,0.0,123.0,,0.88,71.0,4.8e-05,,,2021-12-22 01:15:00
5467120.156416882,0.0,123.0,,0.88,74.0,4.8e-05,,,2021-12-22 01:20:00
5467121.156503014,0.0,123.0,,0.88,75.0,4.7e-05,,,2021-12-22 01:25:00
5467122.156589147,0.0,122.0,,0.88,77.0,5.1e-05,,,2021-12-22 01:30:00
5467123.15667528,0.0,124.0,,0.88,75.0,5.3e-05,,,2021-12-22 01:35:00
5467124.1567614125,0.0,125.0,,0.88,73.0,5.5e-05,,,2021-12-22 01:40:00
5467125.156847545,0.0,126.0,,0.88,74.0,5.5e-05,,,2021-12-22 01:45:00
5467126.156933677,0.0,128.0,,0.88,72.0,4.7e-05,,,2021-12-22 01:50:00
5467127.157019811,0.0,133.0,,0.88,76.0,4.7e-05,,,2021-12-22 01:55:00
5467128.157105943,0.0,140.0,,0.88,71.0,4.7e-05,,,2021-12-22 02:00:00
5467129.157192076,0.0,146.0,,0.88,71.0,4.8e-05,,,2021-12-22 02:05:00
5467130.157278208,0.0,150.0,,0.88,72.0,4.6e-05,,,2021-12-22 02:10:00
5467131.1573643405,0.0,154.0,,0.88,71.0,4.7e-05,,,2021-12-22 02:15:00
5467132.157450474,0.0,157.0,,0.88,72.0,4.7e-05,,,2021-12-22 02:20:00
5467133.157536606,0.0,159.0,,0.88,72.0,4.8e-05,,,2021-12-22 02:25:00
5467134.157622739,0.0,162.0,,0.88,70.0,4.8e-05,,,2021-12-22 02:30:00
5467135.157708871,0.0,164.0,,0.88,70.0,4.8e-05,,,2021-12-22 02:35:00
5467136.157795005,0.0,167.0,,0.88,74.0,4.8e-05,,,2021-12-22 02:40:00
5467137.157881137,0.0,171.0,,0.88,76.0,4.8e-05,,,2021-12-22 02:45:00
5467138.157967269,0.0,173.0,,0.88,75.0,4.6e-05,,,2021-12-22 02:50:00
5467139.158053402,0.0,175.0,,0.88,74.0,4.9e-05,,,2021-12-22 02:55:00
5467140.158139534,0.0,177.0,,0.88,72.0,5.4e-05,,,2021-12-22 03:00:00
5467141.158225668,0.0,179.0,,0.88,73.0,5.8e-05,,,2021-12-22 03:05:00
5467142.1583118,0.0,180.0,,0.88,74.0,6.5e-05,,,2021-12-22 03:10:00
5467143.158397933,0.0,181.0,,0.88,73.0,7.7e-05,,,2021-12-22 03:15:00
5467144.158484065,0.0,181.0,,0.88,76.0,9.4e-05,,,2021-12-22 03:20:00
5467145.158570198,0.0,181.0,,0.88,72.0,5e-05,,,2021-12-22 03:25:00
5467146.158656331,0.0,183.0,,0.88,71.0,4.8e-05,,,2021-12-22 03:30:00
5467147.158742463,0.0,184.0,,0.88,71.0,4.7e-05,,,2021-12-22 03:35:00
5467148.158828596,0.0,185.0,,0.88,70.0,4.6e-05,,,2021-12-22 03:40:00
5467149.158914728,0.0,187.0,,0.88,,,,,2021-12-22 03:45:00
5467150.159000861,0.0,188.0,,0.88,,,,,2021-12-22 03:50:00
5467151.159086994,0.0,189.0,,0.88,,,,,2021-12-22 03:55:00
5467152.159173126,0.0,191.0,,0.88,,,,,2021-12-22 04:00:00
5467153.159259259,0.0,192.0,,0.88,75.0,,,,2021-12-22 04:05:00
5467154.159345392,0.0,193.0,,0.88,73.0,4.9e-05,,,2021-12-22 04:10:00
5467155.159431525,0.0,194.0,,0.88,71.0,4.9e-05,,,2021-12-22 04:15:00
5467156.159517657,0.0,195.0,,0.88,70.0,5.1e-05,,,2021-12-22 04:20:00
5467157.159603789,0.0,196.0,,0.88,69.0,5.1e-05,,,2021-12-22 04:25:00
5467158.159689922,0.0,196.0,,0.88,70.0,5.8e-05,,,2021-12-22 04:30:00
5467159.159776055,0.0,197.0,,0.88,72.0,6.3e-05,,,2021-12-22 04:35:00
5467160.159862188,0.0,194.0,,0.88,74.0,6.7e-05,,,2021-12-22 04:40:00
5467161.15994832,0.0,192.0,,0.88,72.0,5.4e-05,,,2021-12-22 04:45:00
5467162.160034453,0.0,195.0,,0.88,71.0,5.7e-05,,,2021-12-22 04:50:00
5467163.160120586,0.0,193.0,,0.88,82.0,5.6e-05,,,2021-12-22 04:55:00
5467164.160206718,0.0,189.0,,0.88,88.0,5.3e-05,,,2021-12-22 05:00:00
5467165.160292851,0.0,181.0,250.0,0.88,93.0,5.1e-05,,2.4,2021-12-22 05:05:00
5467166.160378983,0.0,179.0,,0.88,90.0,5.2e-05,,,2021-12-22 05:10:00
5467167.160465116,0.0,224.0,,0.88,90.0,5e-05,,,2021-12-22 05:15:00
5467168.160551249,0.0,221.0,,0.88,84.0,5.2e-05,,,2021-12-22 05:20:00
5467169.1606373815,0.0,226.0,,0.88,86.0,4.8e-05,,,2021-12-22 05:25:00
5467170.160723514,0.0,214.0,,0.88,86.0,4.7e-05,,,2021-12-22 05:30:00
5467171.160809646,0.0,223.0,,0.88,84.0,4.7e-05,,,2021-12-22 05:35:00
5467172.16089578,0.0,233.0,,0.88,85.0,4.7e-05,,,2021-12-22 05:40:00
5467173.160981912,0.0,228.0,,0.88,86.0,4.6e-05,,,2021-12-22 05:45:00
5467174.161068045,0.0,217.0,,0.88,89.0,4.6e-05,,,2021-12-22 05:50:00
5467175.161154177,0.0,213.0,,0.88,86.0,4.4e-05,,,2021-12-22 05:55:00
5467176.1612403095,0.0,210.0,,0.88,84.0,4.5e-05,,,2021-12-22 06:00:00
5467177.161326443,0.0,191.0,,0.88,87.0,4.3e-05,,,2021-12-22 06:05:00
5467178.161412575,0.0,174.0,,0.88,85.0,4.5e-05,,,2021-12-22 06:10:00
5467179.161498708,0.0,171.0,,0.88,89.0,4.4e-05,,,2021-12-22 06:15:00
5467180.16158484,0.0,179.0,,0.88,109.0,4.4e-05,,,2021-12-22 06:20:00
5467181.1616709735,0.0,186.0,,0.88,98.0,4.4e-05,,,2021-12-22 06:25:00
5467182.161757106,0.0,183.0,,0.88,90.0,4.3e-05,,,2021-12-22 06:30:00
5467183.161843238,0.0,169.0,,0.88,103.0,4.4e-05,,,2021-12-22 06:35:00
5467184.161929371,0.0,165.0,,0.88,92.0,4.4e-05,,,2021-12-22 06:40:00
5467185.162015503,0.0,166.0,,0.88,84.0,4.3e-05,,,2021-12-22 06:45:00
5467186.162101637,0.0,159.0,,0.88,99.0,4.3e-05,,,2021-12-22 06:50:00
5467187.162187769,0.0,149.0,,0.88,96.0,4.3e-05,,,2021-12-22 06:55:00
5467188.1622739015,0.0,120.0,,0.88,95.0,4.2e-05,,,2021-12-22 07:00:00
5467189.162360034,0.0,102.0,,0.88,108.0,4.3e-05,,,2021-12-22 07:05:00
5467190.162446167,0.0,87.0,,0.88,109.0,4.3e-05,,,2021-12-22 07:10:00
5467191.1625323,0.0,74.0,,0.88,88.0,4.2e-05,,,2021-12-22 07:15:00
5467192.162618432,0.0,67.0,,0.88,87.0,4.3e-05,,,2021-12-22 07:20:00
5467193.162704565,0.0,74.0,,0.88,87.0,4.3e-05,,,2021-12-22 07:25:00
5467194.162790697,0.0,91.0,,0.88,102.0,4.4e-05,,,2021-12-22 07:30:00
5467195.16287683,0.0,95.0,,0.88,95.0,4.7e-05,,,2021-12-22 07:35:00
5467196.162962963,0.0,87.0,,0.88,108.0,4.6e-05,,,2021-12-22 07:40:00
5467197.163049095,0.0,73.0,,0.88,96.0,4.4e-05,,,2021-12-22 07:45:00
5467198.163135228,0.0,70.0,74.0,0.88,84.0,4.3e-05,80.0,4.9,2021-12-22 07:50:00
5467199.163221361,0.0,89.0,,0.88,91.0,4.2e-05,,,2021-12-22 07:55:00
5467200.163307494,0.0,117.0,,0.88,71.0,4.3e-05,,,2021-12-22 08:00:00
5467201.163393626,0.0,148.0,,0.88,74.0,4.2e-05,,,2021-12-22 08:05:00
5467202.163479758,0.0,169.0,,0.88,80.0,4.3e-05,,,2021-12-22 08:10:00
5467203.163565891,0.0,181.0,,0.88,78.0,4.3e-05,,,2021-12-22 08:15:00
5467204.163652024,0.0,184.0,,0.88,80.0,4.3e-05,,,2021-12-22 08:20:00
5467205.163738157,0.0,144.0,,0.88,96.0,4.3e-05,,,2021-12-22 08:25:00
5467206.163824289,0.0,97.0,,0.88,76.0,4.2e-05,,,2021-12-22 08:30:00
5467207.163910422,0.0,73.0,,0.88,81.0,4.2e-05,,,2021-12-22 08:35:00
5467208.163996555,0.0,64.0,,0.88,88.0,4.2e-05,,,2021-12-22 08:40:00
5467209.164082687,0.0,59.0,,0.88,85.0,4.2e-05,,,2021-12-22 08:45:00
5467210.16416882,0.0,65.0,,0.88,87.0,4.2e-05,,,2021-12-22 08:50:00
5467211.164254952,0.0,79.0,,0.88,93.0,4.2e-05,,,2021-12-22 08:55:00
5467212.164341085,0.0,107.0,,0.88,91.0,4.3e-05,,,2021-12-22 09:00:00
5467213.164427218,0.0,124.0,,0.88,94.0,4.2e-05,,,2021-12-22 09:05:00
5467214.16451335,0.0,134.0,,0.88,82.0,4.3e-05,,,2021-12-22 09:10:00
5467215.164599483,0.0,158.0,,0.88,78.0,4.2e-05,,,2021-12-22 09:15:00
5467216.164685615,0.0,183.0,,0.88,79.0,4.2e-05,,,2021-12-22 09:20:00
5467217.164771749,0.0,201.0,,0.88,78.0,4.3e-05,,,2021-12-22 09:25:00
5467218.164857881,0.0,211.0,,0.88,82.0,4.3e-05,,,2021-12-22 09:30:00
5467219.164944014,0.0,209.0,,0.88,80.0,4.3e-05,,,2021-12-22 09:35:00
5467220.165030146,0.0,202.0,,0.88,75.0,4.2e-05,,,2021-12-22 09:40:00
5467221.165116278,0.0,183.0,,0.88,81.0,4.4e-05,,,2021-12-22 09:45:00
5467222.165202412,0.0,148.0,,0.88,82.0,4.2e-05,,,2021-12-22 09:50:00
5467223.165288544,0.0,131.0,,0.88,75.0,4.3e-05,,,2021-12-22 09:55:00
5467224.165374677,0.0,129.0,,0.88,93.0,4.4e-05,,,2021-12-22 10:00:00
5467225.165460809,0.0,111.0,,0.88,95.0,4.3e-05,,,2021-12-22 10:05:00
5467226.1655469425,0.0,92.0,,0.88,90.0,4.3e-05,,,2021-12-22 10:10:00
5467227.165633075,0.0,93.0,,0.88,78.0,4.3e-05,,,2021-12-22 10:15:00
5467228.165719207,0.0,109.0,,0.88,79.0,4.4e-05,,,2021-12-22 10:20:00
5467229.16580534,0.0,126.0,,0.88,80.0,4.3e-05,,,2021-12-22 10:25:00
5467230.165891472,0.0,135.0,,0.88,80.0,4.3e-05,,,2021-12-22 10:30:00
5467231.165977606,0.0,140.0,,0.88,81.0,4.3e-05,,,2021-12-22 10:35:00
5467232.166063738,0.0,161.0,,0.88,79.0,4.3e-05,,,2021-12-22 10:40:00
5467233.1661498705,0.0,180.0,,0.88,76.0,4.2e-05,,,2021-12-22 10:45:00
5467234.166236003,0.0,185.0,,0.88,104.0,4.1e-05,,,2021-12-22 10:50:00
5467235.166322136,0.0,183.0,,0.88,84.0,4.2e-05,,,2021-12-22 10:55:00
5467236.166408269,0.0,170.0,,0.88,80.0,4.2e-05,,,2021-12-22 11:00:00
5467237.166494401,0.0,155.0,,0.88,75.0,4.2e-05,,,2021-12-22 11:05:00
5467238.166580534,0.0,152.0,,0.88,90.0,4.2e-05,,,2021-12-22 11:10:00
5467239.166666666,0.0,157.0,,0.88,86.0,4.4e-05,,,2021-12-22 11:15:00
5467240.166752799,0.0,167.0,,0.88,83.0,4.4e-05,,,2021-12-22 11:20:00
5467241.166838932,0.0,170.0,,0.88,83.0,4.4e-05,,,2021-12-22 11:25:00
5467242.166925064,0.0,166.0,,0.88,82.0,4.4e-05,,,2021-12-22 11:30:00
5467243.167011197,0.0,147.0,,0.88,82.0,4.4e-05,,,2021-12-22 11:35:00
5467244.16709733,0.0,108.0,,0.88,84.0,4.3e-05,,,2021-12-22 11:40:00
5467245.1671834625,0.0,78.0,,0.88,89.0,4.3e-05,,,2021-12-22 11:45:00
5467246.167269595,0.0,68.0,,0.88,98.0,4.3e-05,,,2021-12-22 11:50:00
5467247.167355727,0.0,78.0,70.0,0.88,87.0,4.4e-05,,7.3,2021-12-22 11:55:00
5467248.16744186,0.0,96.0,,0.88,82.0,4.6e-05,120.0,7.4,2021-12-22 12:00:00
5467249.167527993,0.0,111.0,,0.88,83.0,4.7e-05,,,2021-12-22 12:05:00
5467250.167614126,0.0,122.0,,0.88,89.0,4.5e-05,,,2021-12-22 12:10:00
5467251.167700258,0.0,123.0,,0.88,102.0,4.6e-05,,,2021-12-22 12:15:00
5467252.1677863905,0.0,129.0,,0.88,79.0,4.9e-05,,,2021-12-22 12:20:00
5467253.167872524,0.0,140.0,,0.88,77.0,5e-05,,,2021-12-22 12:25:00
5467254.167958656,0.0,138.0,,0.88,76.0,4.6e-05,,,2021-12-22 12:30:00
5467255.168044789,0.0,125.0,,0.88,76.0,4.6e-05,,,2021-12-22 12:35:00
5467256.168130921,0.0,120.0,,0.88,81.0,4.5e-05,,,2021-12-22 12:40:00
5467257.168217054,0.0,129.0,,0.88,78.0,4.5e-05,,,2021-12-22 12:45:00
5467258.168303187,0.0,139.0,,0.88,81.0,4.4e-05,,,2021-12-22 12:50:00
5467259.168389319,0.0,147.0,,0.88,84.0,4.4e-05,,,2021-12-22 12:55:00
5467260.168475452,0.0,156.0,,0.88,84.0,4.5e-05,,,2021-12-22 13:00:00
5467261.168561584,0.0,158.0,,0.88,86.0,4.5e-05,,,2021-12-22 13:05:00
5467262.168647718,0.0,164.0,,0.88,86.0,4.4e-05,,,2021-12-22 13:10:00
5467263.16873385,0.0,157.0,,0.88,85.0,4.5e-05,,,2021-12-22 13:15:00
5467264.168819983,0.0,137.0,,0.88,84.0,4.4e-05,,,2021-12-22 13:20:00
5467265.168906115,0.0,131.0,,0.88,93.0,4.4e-05,,,2021-12-22 13:25:00
5467266.168992247,0.0,125.0,,0.88,107.0,4.4e-05,,,2021-12-22 13:30:00
5467267.169078381,0.0,123.0,,0.88,97.0,4.6e-05,,,2021-12-22 13:35:00
5467268.169164513,0.0,136.0,,0.88,99.0,4.7e-05,,,2021-12-22 13:40:00
5467269.169250646,0.0,153.0,,0.88,97.0,4.8e-05,,,2021-12-22 13:45:00
5467270.169336778,0.0,162.0,,0.88,101.0,4.8e-05,,,2021-12-22 13:50:00
5467271.1694229115,0.0,164.0,,0.88,95.0,4.9e-05,,,2021-12-22 13:55:00
5467272.169509044,0.0,166.0,,0.88,95.0,4.8e-05,,,2021-12-22 14:00:00
5467273.169595176,0.0,168.0,,0.88,94.0,4.8e-05,,,2021-12-22 14:05:00
5467274.169681309,0.0,170.0,,0.88,96.0,4.7e-05,,,2021-12-22 14:10:00
5467275.169767441,0.0,171.0,,0.88,98.0,4.7e-05,,,2021-12-22 14:15:00
5467276.169853575,0.0,170.0,,0.88,96.0,4.6e-05,,,2021-12-22 14:20:00
5467277.169939707,0.0,168.0,,0.88,96.0,4.8e-05,,,2021-12-22 14:25:00
5467278.1700258395,0.0,159.0,,0.88,108.0,6.8e-05,,,2021-12-22 14:30:00
5467279.170111972,0.0,157.0,,0.88,98.0,4.8e-05,,,2021-12-22 14:35:00
5467280.170198105,0.0,149.0,,0.88,96.0,4.8e-05,,,2021-12-22 14:40:00
5467281.170284238,0.0,142.0,,0.88,98.0,4.8e-05,,,2021-12-22 14:45:00
5467282.17037037,0.0,136.0,,0.88,96.0,6.6e-05,,,2021-12-22 14:50:00
5467283.170456503,0.0,134.0,,0.88,95.0,5.1e-05,,,2021-12-22 14:55:00
5467284.170542635,0.0,132.0,,0.88,97.0,5e-05,,,2021-12-22 15:00:00
5467285.170628768,0.0,132.0,,0.88,95.0,5e-05,,,2021-12-22 15:05:00
5467286.170714901,0.0,131.0,,0.88,95.0,4.9e-05,,,2021-12-22 15:10:00
5467287.170801033,0.0,131.0,,0.88,95.0,5e-05,,,2021-12-22 15:15:00
5467288.170887166,0.0,131.0,,0.88,96.0,4.8e-05,,,2021-12-22 15:20:00
5467289.170973299,0.0,133.0,,0.88,98.0,5e-05,,,2021-12-22 15:25:00
5467290.1710594315,0.0,132.0,,0.88,101.0,6e-05,,,2021-12-22 15:30:00
5467291.171145564,0.0,132.0,,0.88,97.0,7.8e-05,,,2021-12-22 15:35:00
5467292.171231696,0.0,134.0,,0.88,95.0,5.9e-05,,,2021-12-22 15:40:00
5467293.171317829,0.0,135.0,,0.88,97.0,0.000112,,,2021-12-22 15:45:00
5467294.171403962,0.0,135.0,,0.88,99.0,0.000334,,,2021-12-22 15:50:00
5467295.171490095,0.0,137.0,,0.88,101.0,0.000195,,,2021-12-22 15:55:00
5467296.171576227,0.0,144.0,,0.88,87.0,8.4e-05,,,2021-12-22 16:00:00
5467297.1716623595,0.0,152.0,,0.88,87.0,6.1e-05,,,2021-12-22 16:05:00
5467298.171748493,0.0,156.0,,0.88,86.0,5e-05,,,2021-12-22 16:10:00
5467299.171834625,0.0,158.0,,0.88,88.0,5.1e-05,,,2021-12-22 16:15:00
5467300.171920758,0.0,159.0,,0.88,92.0,5.7e-05,,,2021-12-22 16:20:00
5467301.17200689,0.0,157.0,,0.88,89.0,5.5e-05,,,2021-12-22 16:25:00
5467302.172093023,0.0,160.0,,0.88,85.0,5.4e-05,,,2021-12-22 16:30:00
5467303.172179156,0.0,164.0,,0.88,86.0,5.8e-05,,,2021-12-22 16:35:00
5467304.172265288,0.0,166.0,,0.88,86.0,6e-05,,,2021-12-22 16:40:00
5467305.172351421,0.0,169.0,,0.88,86.0,5.4e-05,,,2021-12-22 16:45:00
5467306.172437553,0.0,171.0,,0.88,85.0,5.6e-05,,,2021-12-22 16:50:00
5467307.172523687,0.0,173.0,,0.88,85.0,5.6e-05,,,2021-12-22 16:55:00
5467308.172609819,0.0,174.0,,0.88,87.0,6e-05,,,2021-12-22 17:00:00
5467309.172695952,1.0,,,0.88,88.0,5.7e-05,,,2021-12-22 17:05:00
5467310.172782084,1.0,,,0.88,86.0,5e-05,,,2021-12-22 17:10:00
5467311.172868216,1.0,,,0.88,92.0,5.3e-05,,,2021-12-22 17:15:00
5467312.17295435,1.0,,,0.88,100.0,5.1e-05,,,2021-12-22 17:20:00
5467313.173040482,1.0,,,0.88,97.0,6.1e-05,,,2021-12-22 17:25:00
5467314.173126615,1.0,,,0.88,91.0,8.4e-05,,,2021-12-22 17:30:00
5467315.173212747,1.0,,,0.88,92.0,8.1e-05,,,2021-12-22 17:35:00
5467316.17329888,1.0,,,0.88,100.0,6.1e-05,,,2021-12-22 17:40:00
5467317.173385013,1.0,,,0.88,100.0,0.000166,,,2021-12-22 17:45:00
5467318.173471145,1.0,,158.0,0.88,94.0,0.000735,,7.1,2021-12-22 17:50:00
5467319.173557278,1.0,,,0.88,92.0,0.000517,100.0,6.3,2021-12-22 17:55:00
5467320.17364341,0.0,162.0,,0.88,93.0,0.000129,,,2021-12-22 18:00:00
5467321.173729544,0.0,163.0,,0.88,92.0,0.000107,,,2021-12-22 18:05:00
5467322.173815676,0.0,164.0,,0.88,94.0,9e-05,,,2021-12-22 18:10:00
5467323.173901808,0.0,163.0,,0.88,89.0,7.7e-05,,,2021-12-22 18:15:00
5467324.173987941,0.0,164.0,,0.88,86.0,5.4e-05,,,2021-12-22 18:20:00
5467325.174074074,0.0,165.0,,0.88,83.0,5.8e-05,,,2021-12-22 18:25:00
5467326.174160207,0.0,166.0,,0.88,83.0,6.9e-05,,,2021-12-22 18:30:00
5467327.174246339,0.0,166.0,,0.88,84.0,7.3e-05,,,2021-12-22 18:35:00
5467328.174332472,0.0,166.0,,0.88,84.0,7e-05,,,2021-12-22 18:40:00
5467329.174418604,0.0,166.0,,0.88,85.0,8.9e-05,,,2021-12-22 18:45:00
5467330.174504737,0.0,167.0,,0.88,86.0,0.000106,,,2021-12-22 18:50:00
5467331.17459087,0.0,166.0,,0.88,86.0,0.000122,,,2021-12-22 18:55:00
5467332.174677002,0.0,164.0,,0.88,88.0,0.000139,,,2021-12-22 19:00:00
5467333.174763135,0.0,162.0,,0.88,87.0,0.000154,,,2021-12-22 19:05:00
5467334.174849268,0.0,160.0,,0.88,88.0,0.000168,,,2021-12-22 19:10:00
5467335.1749354005,0.0,159.0,,0.88,87.0,0.000173,,,2021-12-22 19:15:00
5467336.175021533,0.0,157.0,,0.88,85.0,0.000171,,,2021-12-22 19:20:00
5467337.175107665,0.0,155.0,,0.88,83.0,0.000104,,,2021-12-22 19:25:00
5467338.175193799,0.0,152.0,,0.88,84.0,0.000132,,,2021-12-22 19:30:00
5467339.175279931,0.0,149.0,,0.88,84.0,0.000117,,,2021-12-22 19:35:00
5467340.175366064,0.0,147.0,,0.88,85.0,0.000136,,,2021-12-22 19:40:00
5467341.175452196,0.0,146.0,,0.88,86.0,9.3e-05,,,2021-12-22 19:45:00
5467342.1755383285,0.0,146.0,,0.88,84.0,0.000112,,,2021-12-22 19:50:00
5467343.175624462,0.0,146.0,,0.88,85.0,0.000165,,,2021-12-22 19:55:00
5467344.175710594,0.0,146.0,,0.88,84.0,0.000173,,,2021-12-22 20:00:00
5467345.175796727,0.0,145.0,,0.88,82.0,9.9e-05,,,2021-12-22 20:05:00
5467346.175882859,0.0,145.0,,0.88,84.0,6.8e-05,,,2021-12-22 20:10:00
5467347.1759689925,0.0,145.0,,0.88,82.0,6.5e-05,,,2021-12-22 20:15:00
5467348.176055125,1.0,,,0.88,82.0,6.7e-05,,,2021-12-22 20:20:00
5467349.176141257,0.0,144.0,,0.88,82.0,5.4e-05,,,2021-12-22 20:25:00
5467350.17622739,0.0,144.0,,0.88,81.0,6.5e-05,,,2021-12-22 20:30:00
5467351.176313522,0.0,145.0,,0.88,82.0,5.4e-05,,,2021-12-22 20:35:00
5467352.176399656,0.0,146.0,,0.88,82.0,5.4e-05,,,2021-12-22 20:40:00
5467353.176485788,0.0,147.0,,0.88,82.0,6.1e-05,,,2021-12-22 20:45:00
5467354.1765719205,0.0,147.0,,0.88,82.0,8.3e-05,,,2021-12-22 20:50:00
5467355.176658053,0.0,149.0,,0.88,83.0,6.2e-05,,,2021-12-22 20:55:00
5467356.176744186,0.0,150.0,,0.88,84.0,5.8e-05,,,2021-12-22 21:00:00
5467357.176830319,0.0,149.0,,0.88,83.0,5.3e-05,,,2021-12-22 21:05:00
5467358.176916451,0.0,150.0,,0.88,82.0,6.6e-05,,,2021-12-22 21:10:00
5467359.177002584,0.0,152.0,,0.88,81.0,6.7e-05,,,2021-12-22 21:15:00
5467360.177088716,0.0,153.0,,0.88,82.0,6.5e-05,,,2021-12-22 21:20:00
5467361.177174849,0.0,154.0,,0.88,82.0,6.9e-05,,,2021-12-22 21:25:00
5467362.177260982,0.0,156.0,,0.88,82.0,7.8e-05,,,2021-12-22 21:30:00
5467363.177347114,0.0,157.0,,0.88,82.0,8.3e-05,,,2021-12-22 21:35:00
5467364.177433247,0.0,158.0,,0.88,81.0,8.9e-05,,,2021-12-22 21:40:00
5467365.17751938,0.0,159.0,,0.88,81.0,9e-05,,,2021-12-22 21:45:00
5467366.177605513,0.0,159.0,,0.88,81.0,8.5e-05,,,2021-12-22 21:50:00
5467367.177691645,0.0,160.0,,0.88,81.0,9.6e-05,,,2021-12-22 21:55:00
5467368.177777777,0.0,160.0,,0.88,92.0,8.7e-05,,,2021-12-22 22:00:00
5467369.17786391,0.0,159.0,,0.88,93.0,0.000127,,,2021-12-22 22:05:00
5467370.177950043,0.0,163.0,,0.88,80.0,0.000125,,,2021-12-22 22:10:00
5467371.178036176,0.0,167.0,,0.88,80.0,5.8e-05,,,2021-12-22 22:15:00
5467372.178122308,0.0,169.0,,0.88,80.0,5.7e-05,,,2021-12-22 22:20:00
5467373.178208441,0.0,172.0,,0.88,80.0,5.5e-05,,,2021-12-22 22:25:00
5467374.178294574,0.0,172.0,,0.88,77.0,5.4e-05,,,2021-12-22 22:30:00
5467375.178380706,0.0,173.0,,0.88,76.0,6.2e-05,,,2021-12-22 22:35:00
5467376.178466839,0.0,174.0,,0.88,77.0,6.9e-05,,,2021-12-22 22:40:00
5467377.178552971,0.0,175.0,,0.88,77.0,7.8e-05,,,2021-12-22 22:45:00
5467378.178639104,0.0,174.0,,0.88,77.0,7.9e-05,,,2021-12-22 22:50:00
5467379.178725237,0.0,174.0,,0.88,76.0,7.7e-05,,,2021-12-22 22:55:00
5467380.178811369,0.0,174.0,,0.88,75.0,6.5e-05,,,2021-12-22 23:00:00
5467381.178897502,0.0,174.0,,0.88,75.0,5.8e-05,,,2021-12-22 23:05:00
5467382.178983634,0.0,174.0,,0.88,75.0,5.5e-05,,,2021-12-22 23:10:00
5467383.179069768,0.0,175.0,,0.88,76.0,5.3e-05,,,2021-12-22 23:15:00
5467384.1791559,0.0,175.0,,0.88,77.0,5.3e-05,,,2021-12-22 23:20:00
5467385.179242033,0.0,177.0,,0.88,77.0,5.2e-05,,,2021-12-22 23:25:00
5467386.179328165,0.0,179.0,,0.88,76.0,5.2e-05,,,2021-12-22 23:30:00
5467387.179414297,0.0,182.0,,0.88,77.0,5.2e-05,,,2021-12-22 23:35:00
5467388.179500431,0.0,184.0,,0.88,78.0,5.2e-05,,,2021-12-22 23:40:00
5467389.179586563,0.0,186.0,,0.88,79.0,5.2e-05,,,2021-12-22 23:45:00
5467390.179672696,0.0,187.0,,0.88,80.0,5.3e-05,,,2021-12-22 23:50:00
5467391.179758828,0.0,188.0,,0.88,81.0,5.3e-05,,,2021-12-22 23:55:00
5467392.1798449615,0.0,190.0,,0.95,78.0,5.2e-05,,,2021-12-23 00:00:00
5467393.179931094,0.0,191.0,,0.95,78.0,5e-05,,,2021-12-23 00:05:00
5467394.180017226,0.0,193.0,,0.95,77.0,5.2e-05,,,2021-12-23 00:10:00
5467395.180103359,0.0,195.0,,0.95,77.0,5.1e-05,,,2021-12-23 00:15:00
5467396.180189491,0.0,198.0,,0.95,79.0,5.7e-05,,,2021-12-23 00:20:00
5467397.180275625,0.0,201.0,,0.95,79.0,5.9e-05,,,2021-12-23 00:25:00
5467398.180361757,0.0,203.0,,0.95,79.0,6.1e-05,,,2021-12-23 00:30:00
5467399.1804478895,0.0,205.0,,0.95,80.0,6.3e-05,,,2021-12-23 00:35:00
5467400.180534022,0.0,206.0,,0.95,80.0,6.5e-05,,,2021-12-23 00:40:00
5467401.180620155,0.0,207.0,,0.95,77.0,8e-05,,,2021-12-23 00:45:00
5467402.180706288,0.0,210.0,,0.95,80.0,8.4e-05,,,2021-12-23 00:50:00
5467403.18079242,0.0,210.0,,0.95,80.0,6.8e-05,,,2021-12-23 00:55:00
5467404.180878553,0.0,211.0,,0.95,80.0,6.1e-05,,,2021-12-23 01:00:00
5467405.180964685,0.0,212.0,,0.95,80.0,6e-05,,,2021-12-23 01:05:00
5467406.181050818,0.0,213.0,,0.95,80.0,5.7e-05,,,2021-12-23 01:10:00
5467407.181136951,0.0,214.0,,0.95,76.0,5.3e-05,,,2021-12-23 01:15:00
5467408.181223083,0.0,217.0,,0.95,76.0,5e-05,,,2021-12-23 01:20:00
5467409.181309216,0.0,217.0,,0.95,75.0,4.8e-05,,,2021-12-23 01:25:00
5467410.181395349,0.0,217.0,,0.95,73.0,4.7e-05,,,2021-12-23 01:30:00
5467411.1814814815,0.0,217.0,,0.95,74.0,4.6e-05,,,2021-12-23 01:35:00
5467412.181567614,0.0,216.0,,0.95,72.0,4.8e-05,,,2021-12-23 01:40:00
5467413.181653746,0.0,216.0,,0.95,72.0,4.7e-05,,,2021-12-23 01:45:00
5467414.181739879,0.0,216.0,,0.95,73.0,4.7e-05,,,2021-12-23 01:50:00
5467415.181826012,0.0,217.0,,0.95,72.0,4.7e-05,,,2021-12-23 01:55:00
5467416.181912145,0.0,219.0,,0.95,71.0,4.8e-05,,,2021-12-23 02:00:00
5467417.181998277,0.0,220.0,,0.95,70.0,4.8e-05,,,2021-12-23 02:05:00
5467418.1820844095,0.0,220.0,,0.95,69.0,5e-05,,,2021-12-23 02:10:00
5467419.182170543,0.0,221.0,,0.95,69.0,5e-05,,,2021-12-23 02:15:00
5467420.182256675,0.0,221.0,,0.95,68.0,5e-05,,,2021-12-23 02:20:00
5467421.182342808,0.0,222.0,,0.95,71.0,5.7e-05,,,2021-12-23 02:25:00
5467422.18242894,0.0,223.0,,0.95,71.0,6.4e-05,,,2021-12-23 02:30:00
5467423.182515073,0.0,223.0,,0.95,71.0,6.5e-05,,,2021-12-23 02:35:00
5467424.182601206,0.0,223.0,,0.95,73.0,6.5e-05,,,2021-12-23 02:40:00
5467425.182687338,0.0,217.0,,0.95,72.0,6.7e-05,,,2021-12-23 02:45:00
5467426.182773471,0.0,223.0,,0.95,71.0,7e-05,,,2021-12-23 02:50:00
5467427.182859603,0.0,228.0,,0.95,71.0,7.5e-05,,,2021-12-23 02:55:00
5467428.182945737,0.0,231.0,,0.95,72.0,7.9e-05,,,2021-12-23 03:00:00
5467429.183031869,0.0,231.0,,0.95,72.0,7.3e-05,,,2021-12-23 03:05:00
5467430.183118002,0.0,229.0,,0.95,71.0,5.3e-05,,,2021-12-23 03:10:00
5467431.183204134,0.0,228.0,,0.95,71.0,4.9e-05,,,2021-12-23 03:15:00
5467432.183290266,0.0,227.0,,0.95,69.0,4.8e-05,,,2021-12-23 03:20:00
5467433.1833764,0.0,226.0,,0.95,70.0,4.9e-05,,,2021-12-23 03:25:00
5467434.183462532,0.0,226.0,,0.95,70.0,4.8e-05,,,2021-12-23 03:30:00
5467435.183548665,0.0,229.0,,0.95,71.0,4.7e-05,,,2021-12-23 03:35:00
5467436.183634797,0.0,230.0,,0.95,71.0,4.7e-05,,,2021-12-23 03:40:00
5467437.1837209305,0.0,230.0,,0.95,68.0,4.7e-05,,,2021-12-23 03:45:00
5467438.183807063,0.0,230.0,,0.95,69.0,4.7e-05,,,2021-12-23 03:50:00
5467439.183893195,0.0,231.0,,0.95,70.0,4.8e-05,,,2021-12-23 03:55:00
5467440.183979328,0.0,229.0,,1.15,70.0,4.8e-05,,,2021-12-23 04:00:00
5467441.18406546,0.0,229.0,,1.15,68.0,4.8e-05,,,2021-12-23 04:05:00
5467442.184151594,0.0,230.0,,1.15,69.0,4.8e-05,,,2021-12-23 04:10:00
5467443.184237726,0.0,231.0,,1.15,69.0,4.8e-05,,,2021-12-23 04:15:00
5467444.1843238585,0.0,230.0,,1.15,68.0,4.8e-05,,,2021-12-23 04:20:00
5467445.184409991,0.0,230.0,,1.15,70.0,4.7e-05,,,2021-12-23 04:25:00
5467446.184496124,0.0,230.0,,1.15,72.0,4.7e-05,,,2021-12-23 04:30:00
5467447.184582257,0.0,229.0,,1.15,72.0,4.6e-05,,,2021-12-23 04:35:00
5467448.184668389,0.0,230.0,,1.15,72.0,4.7e-05,,,2021-12-23 04:40:00
5467449.184754522,0.0,230.0,,1.15,75.0,4.8e-05,,,2021-12-23 04:45:00
5467450.184840654,0.0,229.0,,1.15,72.0,5.1e-05,,,2021-12-23 04:50:00
5467451.184926787,0.0,223.0,,1.15,91.0,5.1e-05,,,2021-12-23 04:55:00
5467452.18501292,0.0,217.0,,1.3,,5.2e-05,,,2021-12-23 05:00:00
5467453.185099052,0.0,216.0,,1.3,,,,,2021-12-23 05:05:00
5467454.185185185,0.0,195.0,,1.3,,,,,2021-12-23 05:10:00
5467455.185271318,0.0,188.0,,1.3,,,,,2021-12-23 05:15:00
5467456.1853574505,0.0,187.0,265.0,1.3,,,,2.7,2021-12-23 05:20:00
5467457.185443583,0.0,188.0,,1.3,87.0,4.9e-05,,,2021-12-23 05:25:00
5467458.185529715,0.0,198.0,,1.3,80.0,5.4e-05,,,2021-12-23 05:30:00
5467459.185615848,0.0,240.0,,1.3,92.0,5.5e-05,,,2021-12-23 05:35:00
5467460.185701981,0.0,232.0,,1.3,91.0,5.3e-05,,,2021-12-23 05:40:00
5467461.185788114,0.0,224.0,,1.3,87.0,5.2e-05,,,2021-12-23 05:45:00
5467462.185874246,0.0,216.0,,1.3,96.0,5.9e-05,,,2021-12-23 05:50:00
5467463.1859603785,0.0,209.0,,1.3,106.0,6.2e-05,,,2021-12-23 05:55:00
5467464.186046512,0.0,204.0,,1.3,84.0,6.4e-05,,,2021-12-23 06:00:00
5467465.186132644,0.0,199.0,,1.3,83.0,6.6e-05,,,2021-12-23 06:05:00
5467466.186218777,0.0,190.0,199.0,1.3,86.0,6.3e-05,,9.0,2021-12-23 06:10:00
5467467.186304909,0.0,164.0,,1.3,92.0,5.4e-05,,11.4,2021-12-23 06:15:00
5467468.186391042,0.0,150.0,,1.3,83.0,5.2e-05,145.0,,2021-12-23 06:20:00
5467469.186477175,0.0,154.0,,1.3,86.0,5.2e-05,,,2021-12-23 06:25:00
5467470.186563307,0.0,156.0,,1.3,89.0,5.4e-05,,,2021-12-23 06:30:00
5467471.18664944,0.0,158.0,,1.3,84.0,5.6e-05,,,2021-12-23 06:35:00
5467472.186735572,0.0,158.0,,1.3,85.0,5.4e-05,,,2021-12-23 06:40:00
5467473.186821706,0.0,156.0,,1.3,87.0,5.4e-05,,,2021-12-23 06:45:00
5467474.186907838,0.0,153.0,,1.3,85.0,5.4e-05,,,2021-12-23 06:50:00
5467475.186993971,0.0,153.0,,1.3,86.0,5.7e-05,,,2021-12-23 06:55:00
5467476.187080103,0.0,155.0,,1.35,90.0,5.7e-05,,,2021-12-23 07:00:00
5467477.187166235,0.0,140.0,,1.35,100.0,5.1e-05,,,2021-12-23 07:05:00
5467478.187252369,0.0,113.0,,1.35,93.0,5e-05,,,2021-12-23 07:10:00
5467479.187338501,0.0,98.0,,1.35,91.0,5.2e-05,,,2021-12-23 07:15:00
5467480.187424634,0.0,94.0,,1.35,91.0,5.2e-05,,,2021-12-23 07:20:00
5467481.187510766,0.0,118.0,,1.35,89.0,5e-05,,,2021-12-23 07:25:00
5467482.187596899,0.0,146.0,,1.35,92.0,5e-05,,,2021-12-23 07:30:00
5467483.187683032,0.0,171.0,,1.35,91.0,5.1e-05,,,2021-12-23 07:35:00
5467484.187769164,0.0,189.0,,1.35,89.0,4.8e-05,,,2021-12-23 07:40:00
5467485.187855297,0.0,193.0,,1.35,93.0,4.8e-05,,,2021-12-23 07:45:00
5467486.187941429,0.0,164.0,,1.35,83.0,4.9e-05,,,2021-12-23 07:50:00
5467487.188027563,0.0,147.0,,1.35,83.0,4.7e-05,,,2021-12-23 07:55:00
5467488.188113695,0.0,131.0,,1.35,84.0,4.8e-05,,,2021-12-23 08:00:00
5467489.188199827,0.0,115.0,,1.35,83.0,4.8e-05,,,2021-12-23 08:05:00
5467490.18828596,0.0,111.0,,1.35,84.0,4.8e-05,,,2021-12-23 08:10:00
5467491.188372093,0.0,106.0,,1.35,85.0,4.7e-05,,,2021-12-23 08:15:00
5467492.188458226,0.0,110.0,,1.35,83.0,4.6e-05,,,2021-12-23 08:20:00
5467493.188544358,0.0,126.0,,1.35,83.0,4.7e-05,,,2021-12-23 08:25:00
5467494.188630491,0.0,164.0,,1.35,83.0,4.7e-05,,,2021-12-23 08:30:00
5467495.188716623,0.0,196.0,,1.35,83.0,4.8e-05,,,2021-12-23 08:35:00
5467496.188802756,0.0,214.0,,1.45,80.0,4.8e-05,,,2021-12-23 08:40:00
5467497.188888889,0.0,215.0,,1.45,81.0,4.8e-05,,,2021-12-23 08:45:00
5467498.188975021,0.0,210.0,,1.45,81.0,4.8e-05,,,2021-12-23 08:50:00
5467499.189061154,0.0,203.0,,1.45,81.0,4.7e-05,,,2021-12-23 08:55:00
5467500.189147287,0.0,194.0,,1.45,80.0,4.7e-05,,,2021-12-23 09:00:00
5467501.1892334195,0.0,161.0,,1.45,102.0,4.4e-05,,,2021-12-23 09:05:00
5467502.189319552,0.0,110.0,,1.45,85.0,4.7e-05,,,2021-12-23 09:10:00
5467503.189405684,0.0,75.0,,1.45,85.0,4.6e-05,,,2021-12-23 09:15:00
5467504.189491817,0.0,63.0,,1.45,74.0,4.4e-05,,,2021-12-23 09:20:00
5467505.18957795,0.0,67.0,,1.45,76.0,4.5e-05,,,2021-12-23 09:25:00
5467506.189664083,0.0,76.0,,1.45,77.0,4.5e-05,,,2021-12-23 09:30:00
5467507.189750215,0.0,89.0,,1.45,75.0,4.5e-05,,,2021-12-23 09:35:00
5467508.1898363475,0.0,94.0,,1.45,84.0,4.5e-05,,,2021-12-23 09:40:00
5467509.189922481,0.0,85.0,,1.45,77.0,4.5e-05,,,2021-12-23 09:45:00
5467510.190008613,0.0,83.0,,1.45,81.0,4.6e-05,,,2021-12-23 09:50:00
5467511.190094746,0.0,89.0,,1.45,80.0,4.5e-05,,,2021-12-23 09:55:00
5467512.190180878,0.0,112.0,,1.45,82.0,4.4e-05,,,2021-12-23 10:00:00
5467513.190267011,0.0,136.0,,1.45,81.0,4.5e-05,,,2021-12-23 10:05:00
5467514.190353144,0.0,146.0,,1.45,80.0,4.4e-05,,,2021-12-23 10:10:00
5467515.190439276,0.0,153.0,,1.45,82.0,4.5e-05,,,2021-12-23 10:15:00
5467516.190525409,0.0,158.0,,1.45,81.0,4.4e-05,,,2021-12-23 10:20:00
5467517.190611541,0.0,139.0,,1.45,82.0,4.3e-05,,,2021-12-23 10:25:00
5467518.190697675,0.0,102.0,,1.45,81.0,4.3e-05,,,2021-12-23 10:30:00
5467519.190783807,0.0,80.0,,1.45,78.0,4.4e-05,,,2021-12-23 10:35:00
5467520.1908699395,0.0,78.0,,1.45,79.0,4.4e-05,,,2021-12-23 10:40:00
5467521.190956072,0.0,80.0,,1.45,81.0,4.4e-05,,,2021-12-23 10:45:00
5467522.191042204,0.0,86.0,,1.45,79.0,4.5e-05,,,2021-12-23 10:50:00
5467523.191128338,0.0,86.0,,1.45,81.0,4.5e-05,,,2021-12-23 10:55:00
5467524.19121447,0.0,85.0,,0.75,82.0,4.4e-05,,,2021-12-23 11:00:00
5467525.191300603,0.0,99.0,,0.75,79.0,4.3e-05,,,2021-12-23 11:05:00
5467526.191386735,0.0,123.0,,0.75,85.0,4.3e-05,,,2021-12-23 11:10:00
5467527.191472868,0.0,119.0,,0.75,89.0,4.3e-05,,,2021-12-23 11:15:00
5467528.191559001,0.0,92.0,,0.75,93.0,4.3e-05,,,2021-12-23 11:20:00
5467529.191645133,0.0,73.0,,0.75,79.0,4.4e-05,,,2021-12-23 11:25:00
5467530.191731266,0.0,57.0,,0.75,107.0,4.3e-05,,,2021-12-23 11:30:00
5467531.191817398,0.0,50.0,65.0,0.75,104.0,4.4e-05,,6.9,2021-12-23 11:35:00
5467532.191903532,0.0,59.0,,0.75,87.0,4.4e-05,115.0,5.15,2021-12-23 11:40:00
5467533.191989664,0.0,63.0,,0.75,82.0,4.4e-05,,,2021-12-23 11:45:00
5467534.192075796,0.0,64.0,,0.75,83.0,4.4e-05,,,2021-12-23 11:50:00
5467535.192161929,0.0,71.0,,0.75,78.0,4.4e-05,,,2021-12-23 11:55:00
5467536.192248062,0.0,69.0,,0.75,95.0,4.4e-05,,,2021-12-23 12:00:00
5467537.192334195,0.0,79.0,,0.75,91.0,4.8e-05,,2.5,2021-12-23 12:05:00
5467538.192420327,0.0,105.0,,0.75,76.0,4.6e-05,,,2021-12-23 12:10:00
5467539.19250646,0.0,130.0,,0.75,79.0,4.4e-05,,,2021-12-23 12:15:00
5467540.192592592,0.0,144.0,,0.75,77.0,4.4e-05,,,2021-12-23 12:20:00
5467541.192678725,0.0,155.0,,0.75,77.0,4.4e-05,,,2021-12-23 12:25:00
5467542.192764858,0.0,158.0,,0.75,84.0,4.4e-05,,,2021-12-23 12:30:00
5467543.19285099,0.0,159.0,,0.75,80.0,4.5e-05,,,2021-12-23 12:35:00
5467544.192937123,0.0,161.0,,0.75,93.0,4.3e-05,,,2021-12-23 12:40:00
5467545.193023256,0.0,163.0,,0.75,82.0,4.4e-05,,,2021-12-23 12:45:00
5467546.193109388,0.0,158.0,,0.75,88.0,,,,2021-12-23 12:50:00
5467547.193195521,0.0,150.0,,0.75,93.0,4.3e-05,,,2021-12-23 12:55:00
5467548.193281653,0.0,137.0,,0.75,93.0,4.4e-05,,,2021-12-23 13:00:00
5467549.193367786,0.0,116.0,,0.75,84.0,4.4e-05,,,2021-12-23 13:05:00
5467550.193453919,0.0,78.0,,0.75,81.0,4.3e-05,,,2021-12-23 13:10:00
5467551.193540052,0.0,95.0,,0.75,80.0,4.4e-05,,,2021-12-23 13:15:00
5467552.193626184,0.0,123.0,,0.75,84.0,4.4e-05,,,2021-12-23 13:20:00
5467553.193712316,0.0,157.0,,0.75,84.0,4.3e-05,,,2021-12-23 13:25:00
5467554.19379845,0.0,183.0,,0.75,85.0,4.4e-05,,,2021-12-23 13:30:00
5467555.193884582,0.0,201.0,,0.75,84.0,4.4e-05,,,2021-12-23 13:35:00
5467556.193970715,0.0,212.0,,0.75,84.0,4.4e-05,,,2021-12-23 13:40:00
5467557.194056847,0.0,219.0,,0.75,82.0,4.4e-05,,,2021-12-23 13:45:00
5467558.19414298,0.0,222.0,,0.75,85.0,4.4e-05,,,2021-12-23 13:50:00
5467559.194229113,0.0,203.0,,0.75,89.0,4.4e-05,,,2021-12-23 13:55:00
5467560.194315245,0.0,182.0,,0.75,82.0,4.4e-05,,,2021-12-23 14:00:00
5467561.194401378,0.0,176.0,,0.75,86.0,4.5e-05,,,2021-12-23 14:05:00
5467562.19448751,0.0,174.0,,0.75,85.0,4.5e-05,,,2021-12-23 14:10:00
5467563.194573644,0.0,184.0,,0.75,85.0,4.4e-05,,,2021-12-23 14:15:00
5467564.194659776,0.0,207.0,,0.75,85.0,4.5e-05,,,2021-12-23 14:20:00
5467565.1947459085,0.0,227.0,,0.75,84.0,4.5e-05,,,2021-12-23 14:25:00
5467566.194832041,0.0,242.0,,0.75,83.0,4.4e-05,,,2021-12-23 14:30:00
5467567.194918173,0.0,252.0,,0.75,84.0,4.4e-05,,,2021-12-23 14:35:00
5467568.195004307,0.0,258.0,,0.75,84.0,4.4e-05,,,2021-12-23 14:40:00
5467569.195090439,0.0,263.0,,0.75,84.0,4.4e-05,,,2021-12-23 14:45:00
5467570.195176572,0.0,266.0,,0.75,85.0,4.4e-05,,,2021-12-23 14:50:00
5467571.195262704,0.0,268.0,,0.75,85.0,4.4e-05,,,2021-12-23 14:55:00
5467572.195348837,0.0,269.0,,0.75,84.0,4.4e-05,,,2021-12-23 15:00:00
5467573.19543497,0.0,265.0,,0.75,87.0,4.4e-05,,,2021-12-23 15:05:00
5467574.195521102,0.0,261.0,,0.75,99.0,4.3e-05,,,2021-12-23 15:10:00
5467575.195607235,0.0,265.0,,0.75,85.0,4.8e-05,,,2021-12-23 15:15:00
5467576.195693367,0.0,264.0,241.0,0.75,87.0,5.2e-05,,8.1,2021-12-23 15:20:00
5467577.1957795005,0.0,262.0,,0.75,86.0,4.9e-05,,5.6,2021-12-23 15:25:00
5467578.195865633,0.0,248.0,,0.75,89.0,4.8e-05,75.0,,2021-12-23 15:30:00
5467579.195951765,0.0,249.0,,0.75,87.0,5e-05,,,2021-12-23 15:35:00
5467580.196037898,0.0,244.0,,0.75,89.0,5.1e-05,,,2021-12-23 15:40:00
5467581.196124031,0.0,242.0,,0.75,87.0,5.2e-05,,,2021-12-23 15:45:00
5467582.196210164,0.0,245.0,,0.75,87.0,5.4e-05,,,2021-12-23 15:50:00
5467583.196296296,0.0,255.0,,0.75,85.0,5.9e-05,,,2021-12-23 15:55:00
5467584.1963824285,0.0,265.0,,0.75,84.0,5.9e-05,,,2021-12-23 16:00:00
5467585.196468561,0.0,269.0,,0.75,85.0,5.6e-05,,,2021-12-23 16:05:00
5467586.196554694,0.0,272.0,,0.75,85.0,5.8e-05,,,2021-12-23 16:10:00
5467587.196640827,0.0,276.0,,0.75,85.0,5.8e-05,,,2021-12-23 16:15:00
5467588.196726959,0.0,280.0,,0.75,88.0,5.8e-05,,,2021-12-23 16:20:00
5467589.196813092,0.0,283.0,,0.75,86.0,5.4e-05,,,2021-12-23 16:25:00
5467590.196899225,0.0,285.0,,0.75,88.0,5.5e-05,,,2021-12-23 16:30:00
5467591.196985357,0.0,282.0,,0.75,100.0,0.000456,,,2021-12-23 16:35:00
5467592.19707149,0.0,279.0,,0.75,85.0,0.00073,,,2021-12-23 16:40:00
5467593.197157622,0.0,275.0,,0.75,91.0,0.0017,,,2021-12-23 16:45:00
5467594.197243755,0.0,274.0,,0.75,88.0,0.008096,,,2021-12-23 16:50:00
5467595.197329888,0.0,274.0,,0.75,89.0,0.000322,,,2021-12-23 16:55:00
5467596.197416021,0.0,275.0,,0.88,89.0,0.000101,,,2021-12-23 17:00:00
5467597.197502153,0.0,272.0,,0.88,94.0,0.000126,,,2021-12-23 17:05:00
5467598.197588285,0.0,265.0,,0.88,90.0,0.002339,,,2021-12-23 17:10:00
5467599.197674419,0.0,257.0,,0.88,99.0,0.030147,,,2021-12-23 17:15:00
5467600.197760551,0.0,251.0,,0.88,97.0,0.010644,,,2021-12-23 17:20:00
5467601.197846684,0.0,243.0,,0.88,93.0,0.003424,,,2021-12-23 17:25:00
5467602.197932816,0.0,236.0,,0.88,94.0,0.01259,,,2021-12-23 17:30:00
5467603.198018949,0.0,229.0,,0.88,88.0,0.02398,,,2021-12-23 17:35:00
5467604.198105082,0.0,223.0,,0.88,88.0,0.02848,,,2021-12-23 17:40:00
5467605.198191214,0.0,212.0,,0.88,91.0,0.002442,,,2021-12-23 17:45:00
5467606.198277347,0.0,205.0,,0.88,93.0,0.000304,,,2021-12-23 17:50:00
5467607.198363479,0.0,202.0,,0.88,91.0,0.000141,,,2021-12-23 17:55:00
5467608.198449613,0.0,209.0,,0.88,90.0,0.000376,,,2021-12-23 18:00:00
5467609.198535745,0.0,221.0,,0.88,87.0,0.000261,,,2021-12-23 18:05:00
5467610.1986218775,0.0,206.0,,0.88,99.0,0.00012,,,2021-12-23 18:10:00
5467611.19870801,0.0,202.0,,0.88,95.0,7.1e-05,,,2021-12-23 18:15:00
5467612.198794142,0.0,207.0,,0.88,94.0,9e-05,,,2021-12-23 18:20:00
5467613.198880276,0.0,215.0,,0.88,84.0,6.3e-05,,,2021-12-23 18:25:00
5467614.198966408,0.0,218.0,,0.88,85.0,5.7e-05,,,2021-12-23 18:30:00
5467615.199052541,1.0,,,0.88,86.0,7.7e-05,,,2021-12-23 18:35:00
5467616.199138673,1.0,,,0.88,93.0,6.7e-05,,,2021-12-23 18:40:00
5467617.199224806,1.0,,,0.88,90.0,7e-05,,,2021-12-23 18:45:00
5467618.199310939,1.0,,,0.88,89.0,9.5e-05,,,2021-12-23 18:50:00
5467619.199397071,1.0,,,0.88,94.0,0.000211,,,2021-12-23 18:55:00
5467620.199483204,1.0,,,0.88,93.0,0.000352,,,2021-12-23 19:00:00
5467621.199569336,1.0,,,0.88,94.0,0.000326,,,2021-12-23 19:05:00
5467622.1996554695,1.0,,,0.88,89.0,0.000593,,,2021-12-23 19:10:00
5467623.199741602,1.0,,,0.88,92.0,0.001226,,,2021-12-23 19:15:00
5467624.199827734,1.0,,215.0,0.88,95.0,0.002748,75.0,6.7,2021-12-23 19:20:00
5467625.199913867,1.0,,,0.88,92.0,0.002432,,4.7,2021-12-23 19:25:00
5467626.2,1.0,,,0.88,85.0,0.002472,,,2021-12-23 19:30:00
5467627.200086133,1.0,,,0.88,82.0,0.003626,,,2021-12-23 19:35:00
5467628.200172265,1.0,,,0.88,83.0,0.00231,,,2021-12-23 19:40:00
5467629.2002583975,1.0,,,0.88,83.0,0.001712,,,2021-12-23 19:45:00
5467630.20034453,1.0,,,0.88,83.0,0.001158,,,2021-12-23 19:50:00
5467631.200430663,1.0,,,0.88,83.0,0.000648,,,2021-12-23 19:55:00
5467632.200516796,1.0,,,0.88,84.0,0.000508,,,2021-12-23 20:00:00
5467633.200602928,1.0,,,0.88,84.0,0.00039,,,2021-12-23 20:05:00
5467634.200689061,1.0,,,0.88,85.0,0.000379,,,2021-12-23 20:10:00
5467635.200775194,1.0,,,0.88,83.0,0.000305,,,2021-12-23 20:15:00
5467636.200861326,1.0,,,0.88,84.0,0.00023,,,2021-12-23 20:20:00
5467637.200947459,1.0,,,0.88,84.0,0.000212,,,2021-12-23 20:25:00
5467638.201033591,1.0,,,0.88,83.0,0.000131,,,2021-12-23 20:30:00
5467639.201119724,1.0,,,0.88,82.0,0.000126,,,2021-12-23 20:35:00
5467640.201205857,1.0,,,0.88,80.0,0.000131,,,2021-12-23 20:40:00
5467641.20129199,1.0,,,0.88,86.0,0.000118,,,2021-12-23 20:45:00
5467642.201378122,1.0,,,0.88,81.0,8.9e-05,,,2021-12-23 20:50:00
5467643.201464254,1.0,,239.0,0.88,81.0,7.1e-05,,2.1,2021-12-23 20:55:00
5467644.201550388,1.0,,,0.88,90.0,8.2e-05,,4.1,2021-12-23 21:00:00
5467645.20163652,0.0,239.0,,0.88,84.0,6.9e-05,,,2021-12-23 21:05:00
5467646.201722653,0.0,242.0,,0.88,82.0,7.2e-05,,,2021-12-23 21:10:00
5467647.201808785,0.0,248.0,,0.88,82.0,7.7e-05,,,2021-12-23 21:15:00
5467648.2018949175,0.0,256.0,,0.88,85.0,9.8e-05,,,2021-12-23 21:20:00
5467649.201981051,0.0,257.0,,0.88,83.0,9.4e-05,,,2021-12-23 21:25:00
5467650.202067183,0.0,255.0,,0.88,83.0,7.7e-05,,,2021-12-23 21:30:00
5467651.202153316,0.0,253.0,,0.88,82.0,8e-05,,,2021-12-23 21:35:00
5467652.202239448,0.0,252.0,,0.88,81.0,8.2e-05,,,2021-12-23 21:40:00
5467653.202325582,0.0,251.0,,0.88,81.0,6e-05,,,2021-12-23 21:45:00
5467654.202411714,0.0,253.0,,0.88,84.0,6.5e-05,,,2021-12-23 21:50:00
5467655.202497846,0.0,257.0,,0.88,88.0,6e-05,,,2021-12-23 21:55:00
5467656.202583979,0.0,259.0,,0.88,80.0,5.9e-05,,,2021-12-23 22:00:00
5467657.202670112,0.0,266.0,,0.88,81.0,5.7e-05,,,2021-12-23 22:05:00
5467658.202756245,0.0,269.0,,0.88,80.0,5.8e-05,,,2021-12-23 22:10:00
5467659.202842377,0.0,270.0,,0.88,79.0,5.9e-05,,,2021-12-23 22:15:00
5467660.20292851,0.0,269.0,,0.88,79.0,6.1e-05,,,2021-12-23 22:20:00
5467661.203014642,0.0,268.0,,0.88,78.0,6.1e-05,,,2021-12-23 22:25:00
5467662.203100775,0.0,268.0,,0.88,80.0,5.7e-05,,,2021-12-23 22:30:00
5467663.203186908,0.0,269.0,,0.88,79.0,5.8e-05,,,2021-12-23 22:35:00
5467664.20327304,0.0,269.0,,0.88,78.0,5e-05,,,2021-12-23 22:40:00
5467665.203359173,0.0,268.0,,0.88,77.0,4.9e-05,,,2021-12-23 22:45:00
5467666.203445306,0.0,267.0,,0.88,79.0,5.3e-05,,,2021-12-23 22:50:00
5467667.2035314385,0.0,263.0,,0.88,80.0,4.8e-05,,,2021-12-23 22:55:00
5467668.203617571,0.0,260.0,,0.88,80.0,4.7e-05,,,2021-12-23 23:00:00
5467669.203703703,0.0,257.0,,0.88,80.0,4.6e-05,,,2021-12-23 23:05:00
5467670.203789836,0.0,256.0,,0.88,78.0,4.6e-05,,,2021-12-23 23:10:00
5467671.203875969,0.0,254.0,,0.88,77.0,4.6e-05,,,2021-12-23 23:15:00
5467672.203962102,0.0,249.0,,0.88,77.0,4.5e-05,,,2021-12-23 23:20:00
5467673.204048234,0.0,248.0,,0.88,76.0,4.5e-05,,,2021-12-23 23:25:00
5467674.2041343665,0.0,264.0,,0.88,74.0,4.8e-05,,,2021-12-23 23:30:00
5467675.2042205,0.0,261.0,,0.88,71.0,5e-05,,,2021-12-23 23:35:00
5467676.204306632,0.0,255.0,,0.88,71.0,5.2e-05,,,2021-12-23 23:40:00
5467677.204392765,0.0,248.0,,0.88,71.0,5.3e-05,,,2021-12-23 23:45:00
5467678.204478897,0.0,241.0,,0.88,71.0,5.4e-05,,,2021-12-23 23:50:00
5467679.20456503,0.0,234.0,,0.88,71.0,5.5e-05,,,2021-12-23 23:55:00
5467680.204651163,0.0,228.0,,1.0,72.0,5.4e-05,,,2021-12-24 00:00:00
5467681.204737295,0.0,224.0,,1.0,72.0,5.6e-05,,,2021-12-24 00:05:00
5467682.204823428,0.0,220.0,,1.0,71.0,5.6e-05,,,2021-12-24 00:10:00
5467683.20490956,0.0,218.0,,1.0,71.0,5.7e-05,,,2021-12-24 00:15:00
5467684.204995694,0.0,213.0,,1.0,73.0,5.3e-05,,,2021-12-24 00:20:00
5467685.205081826,0.0,210.0,,1.0,70.0,5.3e-05,,,2021-12-24 00:25:00
5467686.2051679585,0.0,213.0,,1.0,70.0,5.3e-05,,,2021-12-24 00:30:00
5467687.205254091,0.0,211.0,,1.0,70.0,4.8e-05,,,2021-12-24 00:35:00
5467688.205340223,0.0,209.0,,1.0,71.0,4.8e-05,,,2021-12-24 00:40:00
5467689.205426357,0.0,217.0,,1.0,73.0,4.9e-05,,,2021-12-24 00:45:00
5467690.205512489,0.0,223.0,,1.0,78.0,4.9e-05,,,2021-12-24 00:50:00
5467691.205598622,0.0,224.0,,1.0,75.0,5.1e-05,,,2021-12-24 00:55:00
5467692.205684754,0.0,222.0,,1.0,74.0,5.1e-05,,,2021-12-24 01:00:00
5467693.205770887,0.0,216.0,,1.0,75.0,5.1e-05,,,2021-12-24 01:05:00
5467694.20585702,0.0,218.0,,1.0,74.0,5.1e-05,,,2021-12-24 01:10:00
5467695.205943152,0.0,221.0,,1.0,74.0,5.1e-05,,,2021-12-24 01:15:00
5467696.206029285,0.0,225.0,,1.0,73.0,4.9e-05,,,2021-12-24 01:20:00
5467697.206115417,0.0,227.0,,1.0,72.0,5.7e-05,,,2021-12-24 01:25:00
5467698.206201551,0.0,229.0,,1.0,70.0,6.4e-05,,,2021-12-24 01:30:00
5467699.206287683,0.0,228.0,,1.0,71.0,7.2e-05,,,2021-12-24 01:35:00
5467700.206373815,0.0,224.0,,1.0,70.0,6.4e-05,,,2021-12-24 01:40:00
5467701.206459948,0.0,223.0,,1.0,68.0,5.7e-05,,,2021-12-24 01:45:00
5467702.206546081,0.0,222.0,,1.0,69.0,5.6e-05,,,2021-12-24 01:50:00
5467703.206632214,0.0,216.0,,1.0,68.0,5.3e-05,,,2021-12-24 01:55:00
5467704.206718346,0.0,206.0,,1.0,67.0,4.8e-05,,,2021-12-24 02:00:00
5467705.206804479,0.0,203.0,,1.0,67.0,4.9e-05,,,2021-12-24 02:05:00
5467706.206890611,0.0,201.0,,1.0,67.0,4.9e-05,,,2021-12-24 02:10:00
5467707.206976744,0.0,213.0,,1.0,68.0,4.9e-05,,,2021-12-24 02:15:00
5467708.207062877,0.0,225.0,,1.0,69.0,4.9e-05,,,2021-12-24 02:20:00
5467709.207149009,0.0,221.0,,1.0,73.0,4.9e-05,,,2021-12-24 02:25:00
5467710.207235142,0.0,223.0,,1.0,73.0,4.9e-05,,,2021-12-24 02:30:00
5467711.207321275,0.0,223.0,,1.0,72.0,4.9e-05,,,2021-12-24 02:35:00
5467712.207407407,0.0,223.0,,1.0,72.0,4.9e-05,,,2021-12-24 02:40:00
5467713.20749354,0.0,224.0,,1.0,73.0,5e-05,,,2021-12-24 02:45:00
5467714.207579672,0.0,225.0,,1.0,72.0,4.9e-05,,,2021-12-24 02:50:00
5467715.207665805,1.0,,,1.0,73.0,5e-05,,,2021-12-24 02:55:00
5467716.207751938,1.0,,,1.0,72.0,4.9e-05,,,2021-12-24 03:00:00
5467717.207838071,1.0,,,1.0,72.0,4.9e-05,,,2021-12-24 03:05:00
5467718.207924203,1.0,,,1.0,71.0,5.5e-05,,,2021-12-24 03:10:00
5467719.208010335,1.0,,,1.0,70.0,5.9e-05,,,2021-12-24 03:15:00
5467720.208096469,1.0,,,1.0,69.0,6.5e-05,,,2021-12-24 03:20:00
5467721.208182601,1.0,,,1.0,70.0,7.1e-05,,,2021-12-24 03:25:00
5467722.208268734,1.0,,,1.0,69.0,6.2e-05,,,2021-12-24 03:30:00
5467723.208354866,1.0,,,1.0,68.0,4.7e-05,,,2021-12-24 03:35:00
5467724.208440999,1.0,,,1.0,67.0,4.7e-05,,,2021-12-24 03:40:00
5467725.208527132,1.0,,,1.0,,,,,2021-12-24 03:45:00
5467726.208613264,1.0,,,1.0,,,,,2021-12-24 03:50:00
5467727.208699397,1.0,,,1.0,77.0,,,,2021-12-24 03:55:00
5467728.208785529,1.0,,,1.25,,,,,2021-12-24 04:00:00
5467729.208871663,1.0,,,1.25,,,,,2021-12-24 04:05:00
5467730.208957795,1.0,,,1.25,84.0,,,,2021-12-24 04:10:00
5467731.2090439275,1.0,,,1.25,,,,,2021-12-24 04:15:00
5467732.20913006,1.0,,,1.25,69.0,4.5e-05,,,2021-12-24 04:20:00
5467733.209216192,1.0,,,1.25,69.0,4.5e-05,,,2021-12-24 04:25:00
5467734.209302326,1.0,,,1.25,71.0,4.6e-05,,,2021-12-24 04:30:00
5467735.209388458,1.0,,,1.25,68.0,4.9e-05,,,2021-12-24 04:35:00
5467736.209474591,1.0,,,1.25,68.0,5e-05,,,2021-12-24 04:40:00
5467737.209560723,1.0,,,1.25,66.0,4.7e-05,,,2021-12-24 04:45:00
5467738.209646856,1.0,,,1.25,66.0,5e-05,,,2021-12-24 04:50:00
5467739.209732989,1.0,,,1.25,66.0,5.1e-05,,,2021-12-24 04:55:00
5467740.209819121,1.0,,,1.3,66.0,5.1e-05,,,2021-12-24 05:00:00
5467741.209905254,1.0,,,1.3,66.0,5.4e-05,,,2021-12-24 05:05:00
5467742.209991386,1.0,,,1.3,66.0,5.5e-05,,,2021-12-24 05:10:00
5467743.2100775195,1.0,,,1.3,72.0,5.7e-05,,,2021-12-24 05:15:00
5467744.210163652,1.0,,,1.3,72.0,5.8e-05,,,2021-12-24 05:20:00
5467745.210249784,1.0,,,1.3,71.0,6e-05,,,2021-12-24 05:25:00
5467746.210335917,1.0,,,1.3,70.0,6e-05,,,2021-12-24 05:30:00
5467747.21042205,1.0,,,1.3,71.0,5.4e-05,,,2021-12-24 05:35:00
5467748.210508183,1.0,,,1.3,70.0,4.8e-05,,,2021-12-24 05:40:00
5467749.210594315,1.0,,,1.3,71.0,4.8e-05,,,2021-12-24 05:45:00
5467750.2106804475,1.0,,,1.3,69.0,4.8e-05,,,2021-12-24 05:50:00
5467751.21076658,1.0,,,1.3,73.0,5e-05,,,2021-12-24 05:55:00
5467752.210852713,1.0,,,1.3,70.0,5.1e-05,,,2021-12-24 06:00:00
5467753.210938846,1.0,,,1.3,69.0,5.1e-05,,,2021-12-24 06:05:00
5467754.211024978,1.0,,,1.3,67.0,5.1e-05,,,2021-12-24 06:10:00
5467755.211111111,1.0,,,1.3,69.0,5.6e-05,,,2021-12-24 06:15:00
5467756.211197244,1.0,,,1.3,69.0,5.6e-05,,,2021-12-24 06:20:00
5467757.211283376,1.0,,,1.3,68.0,5.8e-05,,,2021-12-24 06:25:00
5467758.211369509,1.0,,,1.3,69.0,6.3e-05,,,2021-12-24 06:30:00
5467759.211455641,1.0,,,1.3,71.0,6.5e-05,,,2021-12-24 06:35:00
5467760.211541774,1.0,,,1.3,71.0,5.3e-05,,,2021-12-24 06:40:00
5467761.211627907,1.0,,,1.3,80.0,5e-05,,,2021-12-24 06:45:00
5467762.21171404,1.0,,,1.3,87.0,5.2e-05,,,2021-12-24 06:50:00
5467763.211800172,1.0,,243.0,1.3,90.0,5e-05,,2.6,2021-12-24 06:55:00
5467764.211886304,1.0,,,1.45,90.0,4.9e-05,,,2021-12-24 07:00:00
5467765.211972438,0.0,255.0,,1.45,90.0,5.1e-05,,,2021-12-24 07:05:00
5467766.21205857,0.0,258.0,,1.45,76.0,4.8e-05,,,2021-12-24 07:10:00
5467767.212144703,0.0,260.0,,1.45,76.0,4.7e-05,80.0,,2021-12-24 07:15:00
5467768.212230835,0.0,260.0,,1.45,79.0,4.8e-05,,,2021-12-24 07:20:00
5467769.212316968,0.0,260.0,,1.45,82.0,4.9e-05,,,2021-12-24 07:25:00
5467770.212403101,0.0,260.0,260.0,1.45,87.0,5.1e-05,,6.0,2021-12-24 07:30:00
5467771.212489233,0.0,261.0,,1.45,84.0,5.3e-05,,7.5,2021-12-24 07:35:00
5467772.212575366,0.0,262.0,,1.45,80.0,5.3e-05,,,2021-12-24 07:40:00
5467773.212661498,0.0,266.0,,1.45,78.0,5.4e-05,,,2021-12-24 07:45:00
5467774.212747632,0.0,273.0,,1.45,89.0,5.2e-05,,,2021-12-24 07:50:00
5467775.212833764,0.0,281.0,,1.45,84.0,4.9e-05,,,2021-12-24 07:55:00
5467776.2129198965,0.0,293.0,,1.45,86.0,5.1e-05,,,2021-12-24 08:00:00
5467777.213006029,0.0,305.0,,1.45,85.0,5.3e-05,,,2021-12-24 08:05:00
5467778.213092161,0.0,312.0,,1.45,88.0,5.2e-05,,,2021-12-24 08:10:00
5467779.213178295,0.0,317.0,,1.45,85.0,5.3e-05,,,2021-12-24 08:15:00
5467780.213264427,0.0,321.0,,1.45,91.0,4.9e-05,,,2021-12-24 08:20:00
5467781.21335056,0.0,324.0,,1.45,93.0,4.9e-05,,,2021-12-24 08:25:00
5467782.213436692,0.0,329.0,,1.45,84.0,4.7e-05,,,2021-12-24 08:30:00
5467783.213522825,0.0,335.0,,1.45,85.0,4.9e-05,,,2021-12-24 08:35:00
5467784.213608958,0.0,341.0,,1.45,86.0,4.8e-05,,,2021-12-24 08:40:00
5467785.21369509,0.0,347.0,,1.45,87.0,4.9e-05,,,2021-12-24 08:45:00
5467786.213781223,0.0,349.0,,1.45,87.0,4.9e-05,,,2021-12-24 08:50:00
5467787.213867355,0.0,352.0,,1.45,84.0,5e-05,,,2021-12-24 08:55:00
5467788.2139534885,0.0,358.0,,1.45,85.0,5e-05,,,2021-12-24 09:00:00
5467789.214039621,0.0,367.0,,1.45,96.0,5.1e-05,,,2021-12-24 09:05:00
5467790.214125753,0.0,368.0,,1.45,97.0,4.9e-05,,,2021-12-24 09:10:00
5467791.214211886,0.0,367.0,,1.45,92.0,4.7e-05,,,2021-12-24 09:15:00
5467792.214298019,0.0,365.0,,1.45,93.0,4.8e-05,,,2021-12-24 09:20:00
5467793.214384152,0.0,363.0,,1.45,88.0,5e-05,,,2021-12-24 09:25:00
5467794.214470284,0.0,362.0,,1.45,85.0,4.8e-05,,,2021-12-24 09:30:00
5467795.2145564165,0.0,363.0,,1.45,88.0,5e-05,,,2021-12-24 09:35:00
5467796.214642549,0.0,363.0,,1.45,95.0,5e-05,,,2021-12-24 09:40:00
5467797.214728682,0.0,358.0,,1.45,98.0,5.8e-05,,,2021-12-24 09:45:00
5467798.214814815,0.0,353.0,,1.45,93.0,7.5e-05,,,2021-12-24 09:50:00
5467799.214900947,0.0,348.0,,1.45,96.0,0.000166,,,2021-12-24 09:55:00
5467800.21498708,0.0,345.0,,1.45,90.0,0.000824,,,2021-12-24 10:00:00
5467801.215073213,0.0,337.0,,1.45,94.0,0.040736,,,2021-12-24 10:05:00
5467802.215159345,0.0,327.0,,1.45,102.0,1.26124,,,2021-12-24 10:10:00
5467803.215245478,0.0,319.0,,1.45,96.0,2.184,,,2021-12-24 10:15:00
5467804.21533161,0.0,312.0,,1.45,92.0,6.53,,,2021-12-24 10:20:00
5467805.215417743,0.0,307.0,,1.45,104.0,2.65,,,2021-12-24 10:25:00
5467806.215503876,0.0,299.0,,1.45,92.0,0.9008,,,2021-12-24 10:30:00
5467807.215590009,0.0,294.0,,1.45,91.0,0.9968,,,2021-12-24 10:35:00
5467808.215676141,0.0,287.0,,1.45,93.0,1.5144,,,2021-12-24 10:40:00
5467809.215762273,0.0,282.0,,1.45,99.0,0.31245,,,2021-12-24 10:45:00
5467810.215848407,0.0,276.0,,1.45,98.0,1.7278,,,2021-12-24 10:50:00
5467811.215934539,0.0,269.0,,1.45,98.0,10.486,,,2021-12-24 10:55:00
5467812.216020672,0.0,260.0,,0.75,105.0,10.9456,,,2021-12-24 11:00:00
5467813.216106804,0.0,251.0,,0.75,99.0,15.27,,,2021-12-24 11:05:00
5467814.2161929365,0.0,243.0,,0.75,97.0,9.374,,,2021-12-24 11:10:00
5467815.21627907,0.0,238.0,,0.75,103.0,8.896,,,2021-12-24 11:15:00
5467816.216365202,0.0,232.0,,0.75,93.0,7.33,,,2021-12-24 11:20:00
5467817.216451335,0.0,222.0,,0.75,95.0,2.866,,,2021-12-24 11:25:00
5467818.216537467,0.0,214.0,,0.75,99.0,0.652,,,2021-12-24 11:30:00
5467819.216623601,0.0,195.0,,0.75,99.0,0.324,,,2021-12-24 11:35:00
5467820.216709733,0.0,184.0,,0.75,97.0,0.545284,,,2021-12-24 11:40:00
5467821.216795865,0.0,191.0,,0.75,91.0,4.1898,,,2021-12-24 11:45:00
5467822.216881998,0.0,186.0,,0.75,94.0,2.35458,,,2021-12-24 11:50:00
5467823.21696813,0.0,180.0,,0.75,98.0,0.444805,,,2021-12-24 11:55:00
5467824.217054264,0.0,172.0,,0.75,98.0,0.000629,,,2021-12-24 12:00:00
5467825.217140396,0.0,165.0,,0.75,82.0,0.000211,,,2021-12-24 12:05:00
5467826.217226529,0.0,159.0,,0.75,84.0,0.000175,,,2021-12-24 12:10:00
5467827.217312661,0.0,154.0,,0.75,83.0,0.00015,,,2021-12-24 12:15:00
5467828.217398794,0.0,150.0,,0.75,84.0,0.000106,,,2021-12-24 12:20:00
5467829.217484927,0.0,143.0,,0.75,83.0,6.5e-05,,,2021-12-24 12:25:00
5467830.217571059,0.0,140.0,,0.75,84.0,6.7e-05,,,2021-12-24 12:30:00
5467831.217657192,0.0,135.0,,0.75,81.0,6e-05,,,2021-12-24 12:35:00
5467832.217743324,0.0,131.0,,0.75,82.0,5.8e-05,,,2021-12-24 12:40:00
5467833.2178294575,0.0,126.0,,0.75,81.0,5e-05,,,2021-12-24 12:45:00
5467834.21791559,0.0,122.0,,0.75,82.0,5e-05,,,2021-12-24 12:50:00
5467835.218001722,0.0,121.0,,0.75,88.0,5.2e-05,,,2021-12-24 12:55:00
5467836.218087855,0.0,121.0,135.0,0.75,87.0,5e-05,,,2021-12-24 13:00:00
5467837.218173988,0.0,115.0,,0.75,89.0,5.2e-05,,,2021-12-24 13:05:00
5467838.218260121,0.0,118.0,135.0,0.75,88.0,5.6e-05,,5.5,2021-12-24 13:10:00
5467839.218346253,0.0,113.0,,0.75,84.0,5.4e-05,80.0,5.0,2021-12-24 13:15:00
5467840.2184323855,0.0,111.0,,0.75,85.0,5.3e-05,,,2021-12-24 13:20:00
5467841.218518518,0.0,107.0,,0.75,85.0,5e-05,,,2021-12-24 13:25:00
5467842.218604651,0.0,104.0,,0.75,85.0,5e-05,,,2021-12-24 13:30:00
5467843.218690784,0.0,100.0,,0.75,83.0,4.8e-05,,,2021-12-24 13:35:00
5467844.218776916,0.0,99.0,,0.75,83.0,5.5e-05,,,2021-12-24 13:40:00
5467845.218863049,0.0,99.0,,0.75,84.0,5.5e-05,,,2021-12-24 13:45:00
5467846.218949182,0.0,107.0,,0.75,86.0,5.4e-05,,,2021-12-24 13:50:00
5467847.219035314,0.0,121.0,,0.75,89.0,5.5e-05,,,2021-12-24 13:55:00
5467848.219121447,0.0,135.0,,0.75,89.0,5.3e-05,,,2021-12-24 14:00:00
5467849.219207579,0.0,147.0,,0.75,90.0,5.6e-05,,,2021-12-24 14:05:00
5467850.219293712,0.0,157.0,,0.75,86.0,5.3e-05,,,2021-12-24 14:10:00
5467851.219379845,0.0,166.0,,0.75,90.0,5e-05,,,2021-12-24 14:15:00
5467852.2194659775,0.0,172.0,,0.75,89.0,5.1e-05,,,2021-12-24 14:20:00
5467853.21955211,0.0,174.0,,0.75,89.0,5.1e-05,,,2021-12-24 14:25:00
5467854.219638242,0.0,178.0,,0.75,91.0,5.1e-05,,,2021-12-24 14:30:00
5467855.219724376,0.0,182.0,,0.75,94.0,5.8e-05,,,2021-12-24 14:35:00
5467856.219810508,0.0,183.0,,0.75,89.0,5.3e-05,,,2021-12-24 14:40:00
5467857.219896641,0.0,185.0,,0.75,90.0,6.1e-05,,,2021-12-24 14:45:00
5467858.219982773,0.0,186.0,,0.75,89.0,5.3e-05,,,2021-12-24 14:50:00
5467859.2200689055,0.0,185.0,,0.75,90.0,5.1e-05,,,2021-12-24 14:55:00
5467860.220155039,0.0,185.0,,0.75,89.0,5.3e-05,,,2021-12-24 15:00:00
5467861.220241171,0.0,184.0,,0.75,87.0,5.2e-05,,,2021-12-24 15:05:00
5467862.220327304,0.0,183.0,,0.75,85.0,5.3e-05,,,2021-12-24 15:10:00
5467863.220413436,0.0,182.0,,0.75,84.0,5.5e-05,,,2021-12-24 15:15:00
5467864.22049957,0.0,181.0,,0.75,84.0,5.5e-05,,,2021-12-24 15:20:00
5467865.220585702,0.0,181.0,,0.75,88.0,5.5e-05,,,2021-12-24 15:25:00
5467866.220671834,0.0,180.0,,0.75,87.0,5.6e-05,,,2021-12-24 15:30:00
5467867.220757967,0.0,178.0,,0.75,92.0,5.9e-05,,,2021-12-24 15:35:00
5467868.220844099,0.0,175.0,,0.75,87.0,5.9e-05,,,2021-12-24 15:40:00
5467869.220930233,0.0,172.0,,0.75,85.0,6.4e-05,,,2021-12-24 15:45:00
5467870.221016365,0.0,169.0,,0.75,83.0,6.4e-05,,,2021-12-24 15:50:00
5467871.221102498,0.0,167.0,,0.75,82.0,6e-05,,,2021-12-24 15:55:00
5467872.22118863,0.0,165.0,,0.75,82.0,5.9e-05,,,2021-12-24 16:00:00
5467873.221274763,0.0,165.0,,0.75,91.0,5.9e-05,,,2021-12-24 16:05:00
5467874.221360896,0.0,165.0,,0.75,95.0,6.1e-05,,,2021-12-24 16:10:00
5467875.221447028,0.0,162.0,,0.75,83.0,5.9e-05,,,2021-12-24 16:15:00
5467876.221533161,0.0,158.0,,0.75,84.0,5.8e-05,,,2021-12-24 16:20:00
5467877.221619293,0.0,156.0,,0.75,86.0,5.5e-05,,,2021-12-24 16:25:00
5467878.221705426,0.0,155.0,,0.75,91.0,5.2e-05,,,2021-12-24 16:30:00
5467879.221791559,0.0,154.0,,0.75,90.0,5.2e-05,,,2021-12-24 16:35:00
5467880.221877691,0.0,153.0,,0.75,86.0,4.9e-05,,,2021-12-24 16:40:00
5467881.221963824,0.0,150.0,,0.75,86.0,5e-05,,,2021-12-24 16:45:00
5467882.222049957,0.0,148.0,,0.75,87.0,4.9e-05,,,2021-12-24 16:50:00
5467883.22213609,0.0,147.0,,0.75,85.0,4.7e-05,,,2021-12-24 16:55:00
5467884.222222222,0.0,146.0,,0.88,85.0,4.8e-05,,,2021-12-24 17:00:00
5467885.222308354,0.0,147.0,,0.88,81.0,5.1e-05,,,2021-12-24 17:05:00
5467886.222394487,0.0,149.0,,0.88,83.0,5.2e-05,,,2021-12-24 17:10:00
5467887.22248062,0.0,149.0,,0.88,82.0,5.3e-05,,,2021-12-24 17:15:00
5467888.222566753,0.0,148.0,,0.88,84.0,5.1e-05,,,2021-12-24 17:20:00
5467889.222652885,0.0,147.0,,0.88,82.0,5.1e-05,,,2021-12-24 17:25:00
5467890.222739018,0.0,147.0,,0.88,81.0,5.3e-05,,,2021-12-24 17:30:00
5467891.222825151,0.0,148.0,,0.88,82.0,5.4e-05,,,2021-12-24 17:35:00
5467892.222911283,0.0,148.0,,0.88,81.0,5.4e-05,,,2021-12-24 17:40:00
5467893.222997416,0.0,148.0,,0.88,82.0,5.2e-05,,,2021-12-24 17:45:00
5467894.223083548,0.0,143.0,,0.88,83.0,5.2e-05,,,2021-12-24 17:50:00
5467895.223169681,0.0,138.0,,0.88,83.0,5e-05,,,2021-12-24 17:55:00
5467896.223255814,0.0,137.0,,0.88,83.0,5.2e-05,,,2021-12-24 18:00:00
5467897.2233419465,0.0,135.0,,0.88,83.0,5.4e-05,,,2021-12-24 18:05:00
5467898.223428079,0.0,135.0,,0.88,90.0,4.9e-05,,,2021-12-24 18:10:00
5467899.223514211,0.0,131.0,,0.88,100.0,6.2e-05,,,2021-12-24 18:15:00
5467900.223600345,0.0,134.0,122.0,0.88,81.0,7.3e-05,,,2021-12-24 18:20:00
5467901.223686477,0.0,142.0,,0.88,79.0,5.7e-05,,,2021-12-24 18:25:00
5467902.22377261,0.0,133.0,,0.88,85.0,5.3e-05,,,2021-12-24 18:30:00
5467903.223858742,0.0,133.0,,0.88,83.0,5.1e-05,140.0,,2021-12-24 18:35:00
5467904.2239448745,0.0,134.0,134.0,0.88,84.0,4.9e-05,,9.1,2021-12-24 18:40:00
5467905.224031008,0.0,135.0,,0.88,82.0,5.1e-05,,8.8,2021-12-24 18:45:00
5467906.22411714,0.0,135.0,,0.88,82.0,5.2e-05,,,2021-12-24 18:50:00
5467907.224203273,0.0,135.0,,0.88,80.0,5.2e-05,,,2021-12-24 18:55:00
5467908.224289405,0.0,134.0,,0.88,82.0,5.1e-05,,,2021-12-24 19:00:00
5467909.2243755385,0.0,134.0,,0.88,86.0,4.8e-05,,,2021-12-24 19:05:00
5467910.224461671,0.0,132.0,,0.88,88.0,6.2e-05,,,2021-12-24 19:10:00
5467911.224547803,0.0,129.0,,0.88,83.0,0.000127,,,2021-12-24 19:15:00
5467912.224633936,0.0,130.0,,0.88,90.0,0.000124,,,2021-12-24 19:20:00
5467913.224720068,0.0,129.0,,0.88,98.0,5.3e-05,,,2021-12-24 19:25:00
5467914.224806202,0.0,126.0,,0.88,89.0,5.4e-05,,,2021-12-24 19:30:00
5467915.224892334,0.0,122.0,,0.88,92.0,6.3e-05,,,2021-12-24 19:35:00
5467916.2249784665,0.0,118.0,,0.88,95.0,6e-05,,,2021-12-24 19:40:00
5467917.225064599,0.0,113.0,,0.88,94.0,6.1e-05,,,2021-12-24 19:45:00
5467918.225150732,0.0,109.0,,0.88,84.0,6.6e-05,,,2021-12-24 19:50:00
5467919.225236865,0.0,109.0,,0.88,83.0,5.4e-05,,,2021-12-24 19:55:00
5467920.225322997,0.0,109.0,,0.88,83.0,5.4e-05,,,2021-12-24 20:00:00
5467921.22540913,0.0,108.0,,0.88,84.0,5.4e-05,,,2021-12-24 20:05:00
5467922.225495262,0.0,108.0,,0.88,84.0,5.7e-05,,,2021-12-24 20:10:00
5467923.225581395,0.0,108.0,,0.88,84.0,5.8e-05,,,2021-12-24 20:15:00
5467924.225667528,0.0,108.0,,0.88,83.0,6e-05,,,2021-12-24 20:20:00
5467925.22575366,0.0,108.0,,0.88,85.0,6.7e-05,,,2021-12-24 20:25:00
5467926.225839793,0.0,108.0,,0.88,89.0,0.00013,,,2021-12-24 20:30:00
5467927.225925926,0.0,108.0,,0.88,89.0,8.2e-05,,,2021-12-24 20:35:00
5467928.226012059,0.0,111.0,,0.88,86.0,9.1e-05,,,2021-12-24 20:40:00
5467929.226098191,0.0,115.0,,0.88,88.0,8.6e-05,,,2021-12-24 20:45:00
5467930.226184323,0.0,120.0,,0.88,87.0,6.8e-05,,,2021-12-24 20:50:00
5467931.226270456,0.0,122.0,,0.88,83.0,9.6e-05,,,2021-12-24 20:55:00
5467932.226356589,0.0,122.0,,0.88,80.0,0.000189,,,2021-12-24 21:00:00
5467933.226442722,0.0,123.0,,0.88,81.0,0.00014,,,2021-12-24 21:05:00
5467934.226528854,0.0,122.0,,0.88,81.0,0.000101,,,2021-12-24 21:10:00
5467935.226614987,0.0,120.0,,0.88,81.0,0.000148,,,2021-12-24 21:15:00
5467936.22670112,0.0,118.0,,0.88,79.0,0.000111,,,2021-12-24 21:20:00
5467937.226787252,0.0,115.0,,0.88,79.0,6.2e-05,,,2021-12-24 21:25:00
5467938.226873385,0.0,113.0,,0.88,80.0,7e-05,,,2021-12-24 21:30:00
5467939.226959517,0.0,110.0,,0.88,81.0,0.000141,,,2021-12-24 21:35:00
5467940.22704565,0.0,108.0,,0.88,81.0,0.000251,,,2021-12-24 21:40:00
5467941.227131783,0.0,108.0,,0.88,81.0,0.000143,,,2021-12-24 21:45:00
5467942.2272179155,0.0,107.0,,0.88,81.0,0.000146,,,2021-12-24 21:50:00
5467943.227304048,0.0,107.0,,0.88,84.0,0.000115,,,2021-12-24 21:55:00
5467944.22739018,0.0,106.0,,0.88,86.0,0.000154,,,2021-12-24 22:00:00
5467945.227476314,0.0,106.0,,0.88,95.0,0.000144,,,2021-12-24 22:05:00
5467946.227562446,0.0,107.0,,0.88,83.0,9.7e-05,,,2021-12-24 22:10:00
5467947.227648579,0.0,109.0,,0.88,81.0,7.6e-05,,,2021-12-24 22:15:00
5467948.227734711,0.0,110.0,,0.88,80.0,0.000135,,,2021-12-24 22:20:00
5467949.227820843,0.0,111.0,,0.88,87.0,0.000259,,,2021-12-24 22:25:00
5467950.227906977,0.0,112.0,,0.88,89.0,0.000335,,,2021-12-24 22:30:00
5467951.227993109,0.0,113.0,,0.88,82.0,0.000278,,,2021-12-24 22:35:00
5467952.228079242,0.0,116.0,,0.88,80.0,5.1e-05,,,2021-12-24 22:40:00
5467953.228165374,0.0,118.0,,0.88,86.0,0.000215,,,2021-12-24 22:45:00
5467954.2282515075,0.0,118.0,,0.88,85.0,0.000359,,,2021-12-24 22:50:00
5467955.22833764,0.0,119.0,,0.88,89.0,0.000197,,,2021-12-24 22:55:00
5467956.228423772,0.0,121.0,,0.88,87.0,0.000177,,,2021-12-24 23:00:00
5467957.228509905,0.0,123.0,,0.88,85.0,0.000166,,,2021-12-24 23:05:00
5467958.228596037,0.0,125.0,,0.88,86.0,0.000146,,,2021-12-24 23:10:00
5467959.228682171,0.0,127.0,,0.88,91.0,0.000138,,,2021-12-24 23:15:00
5467960.228768303,0.0,128.0,,0.88,97.0,0.000117,,,2021-12-24 23:20:00
5467961.2288544355,0.0,128.0,,0.88,87.0,0.000116,,,2021-12-24 23:25:00
5467962.228940568,0.0,129.0,,0.88,84.0,9.3e-05,,,2021-12-24 23:30:00
5467963.229026701,0.0,128.0,,0.88,90.0,0.000166,,,2021-12-24 23:35:00
5467964.229112834,0.0,129.0,,0.88,89.0,0.00021,,,2021-12-24 23:40:00
5467965.229198966,0.0,132.0,,0.88,80.0,0.000113,,,2021-12-24 23:45:00
5467966.229285099,0.0,135.0,,0.88,80.0,0.000129,,,2021-12-24 23:50:00
5467967.229371231,0.0,137.0,,0.88,80.0,0.000118,,,2021-12-24 23:55:00
5467968.229457364,0.0,140.0,,0.88,78.0,0.000104,,,2021-12-25 00:00:00
5467969.229543497,0.0,142.0,,0.88,85.0,8.2e-05,,,2021-12-25 00:05:00
5467970.229629629,0.0,144.0,,0.88,81.0,7.4e-05,,,2021-12-25 00:10:00
5467971.229715762,0.0,145.0,,0.88,80.0,7.4e-05,,,2021-12-25 00:15:00
5467972.229801895,0.0,146.0,,0.88,79.0,6.8e-05,,,2021-12-25 00:20:00
5467973.2298880275,0.0,147.0,,0.88,77.0,6e-05,,,2021-12-25 00:25:00
5467974.22997416,0.0,148.0,,0.88,84.0,6e-05,,,2021-12-25 00:30:00
5467975.230060292,0.0,148.0,150.0,0.88,82.0,5.8e-05,,5.4,2021-12-25 00:35:00
5467976.230146425,0.0,151.0,,0.88,82.0,5.7e-05,75.0,5.0,2021-12-25 00:40:00
5467977.230232558,0.0,153.0,,0.88,84.0,5.8e-05,,,2021-12-25 00:45:00
5467978.230318691,0.0,155.0,,0.88,89.0,5.7e-05,,,2021-12-25 00:50:00
5467979.230404823,0.0,157.0,,0.88,87.0,6.2e-05,,,2021-12-25 00:55:00
5467980.2304909555,0.0,163.0,,0.88,86.0,6.6e-05,,,2021-12-25 01:00:00
5467981.230577089,0.0,177.0,,0.88,78.0,6.1e-05,,,2021-12-25 01:05:00
5467982.230663221,0.0,194.0,,0.88,79.0,5.7e-05,,,2021-12-25 01:10:00
5467983.230749354,0.0,207.0,,0.88,81.0,5.6e-05,,,2021-12-25 01:15:00
5467984.230835486,0.0,217.0,,0.88,83.0,6e-05,,,2021-12-25 01:20:00
5467985.23092162,0.0,226.0,,0.88,84.0,5.9e-05,,,2021-12-25 01:25:00
5467986.231007752,0.0,232.0,,0.88,83.0,6e-05,,,2021-12-25 01:30:00
5467987.231093884,0.0,237.0,,0.88,83.0,6.2e-05,,,2021-12-25 01:35:00
5467988.231180017,0.0,240.0,,0.88,82.0,5.9e-05,,,2021-12-25 01:40:00
5467989.231266149,0.0,243.0,,0.88,82.0,5.7e-05,,,2021-12-25 01:45:00
5467990.231352283,0.0,247.0,,0.88,80.0,5.9e-05,,,2021-12-25 01:50:00
5467991.231438415,0.0,248.0,,0.88,80.0,5.7e-05,,,2021-12-25 01:55:00
5467992.231524548,0.0,249.0,,0.88,79.0,5.6e-05,,,2021-12-25 02:00:00
5467993.23161068,0.0,251.0,,0.88,81.0,5.5e-05,,,2021-12-25 02:05:00
5467994.231696813,0.0,252.0,,0.88,82.0,5.1e-05,,,2021-12-25 02:10:00
5467995.231782946,0.0,251.0,,0.88,93.0,5e-05,,,2021-12-25 02:15:00
5467996.231869078,0.0,249.0,,0.88,93.0,6e-05,,,2021-12-25 02:20:00
5467997.231955211,0.0,245.0,,0.88,90.0,4.9e-05,,,2021-12-25 02:25:00
5467998.232041343,0.0,241.0,,0.88,83.0,4.8e-05,,,2021-12-25 02:30:00
5467999.2321274765,0.0,237.0,,0.88,74.0,4.8e-05,,,2021-12-25 02:35:00
5468000.232213609,0.0,231.0,,0.88,72.0,4.9e-05,,,2021-12-25 02:40:00
5468001.232299741,0.0,223.0,,0.88,69.0,5.2e-05,,,2021-12-25 02:45:00
5468002.232385874,0.0,218.0,,0.88,68.0,5.3e-05,,,2021-12-25 02:50:00
5468003.232472007,0.0,215.0,,0.88,68.0,5.3e-05,,,2021-12-25 02:55:00
5468004.23255814,0.0,212.0,,0.88,67.0,5.3e-05,,,2021-12-25 03:00:00
5468005.232644272,0.0,210.0,,0.88,66.0,5.3e-05,,,2021-12-25 03:05:00
5468006.2327304045,0.0,208.0,,0.88,66.0,5.4e-05,,,2021-12-25 03:10:00
5468007.232816537,0.0,207.0,,0.88,66.0,5.4e-05,,,2021-12-25 03:15:00
5468008.23290267,0.0,206.0,,0.88,68.0,5.5e-05,,,2021-12-25 03:20:00
5468009.232988803,0.0,206.0,,0.88,69.0,5.5e-05,,,2021-12-25 03:25:00
5468010.233074935,0.0,205.0,,0.88,69.0,5.5e-05,,,2021-12-25 03:30:00
5468011.233161068,0.0,204.0,,0.88,68.0,5.5e-05,,,2021-12-25 03:35:00
5468012.233247201,0.0,203.0,,0.88,67.0,5e-05,,,2021-12-25 03:40:00
5468013.233333333,0.0,201.0,,0.88,66.0,4.7e-05,,,2021-12-25 03:45:00
5468014.233419466,0.0,200.0,,0.88,71.0,4.8e-05,,,2021-12-25 03:50:00
5468015.233505598,0.0,200.0,,0.88,72.0,4.7e-05,,,2021-12-25 03:55:00
5468016.233591731,0.0,199.0,,0.88,67.0,4.6e-05,,,2021-12-25 04:00:00
5468017.233677864,0.0,199.0,,0.88,68.0,4.5e-05,,,2021-12-25 04:05:00
5468018.2337639965,0.0,198.0,,0.88,69.0,4.6e-05,,,2021-12-25 04:10:00
5468019.233850129,0.0,198.0,,0.88,70.0,4.6e-05,,,2021-12-25 04:15:00
5468020.233936261,0.0,197.0,,0.88,69.0,4.6e-05,,,2021-12-25 04:20:00
5468021.234022395,0.0,196.0,,0.88,67.0,4.7e-05,,,2021-12-25 04:25:00
5468022.234108527,0.0,196.0,,0.88,66.0,4.7e-05,,,2021-12-25 04:30:00
5468023.23419466,0.0,195.0,,0.88,67.0,4.7e-05,,,2021-12-25 04:35:00
5468024.234280792,0.0,194.0,,0.88,63.0,4.8e-05,,,2021-12-25 04:40:00
5468025.2343669245,0.0,193.0,,0.88,64.0,4.9e-05,,,2021-12-25 04:45:00
5468026.234453058,0.0,191.0,,0.88,65.0,5e-05,,,2021-12-25 04:50:00
5468027.23453919,0.0,190.0,,0.88,66.0,5e-05,,,2021-12-25 04:55:00
5468028.234625323,0.0,190.0,,0.88,65.0,5e-05,,,2021-12-25 05:00:00
5468029.234711455,0.0,189.0,,0.88,66.0,5e-05,,,2021-12-25 05:05:00
5468030.234797589,0.0,189.0,,0.88,64.0,4.9e-05,,,2021-12-25 05:10:00
5468031.234883721,0.0,189.0,,0.88,65.0,4.8e-05,,,2021-12-25 05:15:00
5468032.234969853,0.0,188.0,,0.88,67.0,4.7e-05,,,2021-12-25 05:20:00
5468033.235055986,0.0,188.0,,0.88,71.0,4.7e-05,,,2021-12-25 05:25:00
5468034.235142118,0.0,187.0,,0.88,69.0,4.7e-05,,,2021-12-25 05:30:00
5468035.235228252,0.0,187.0,,0.88,65.0,4.9e-05,,,2021-12-25 05:35:00
5468036.235314384,0.0,186.0,,0.88,66.0,5.2e-05,,,2021-12-25 05:40:00
5468037.235400517,0.0,186.0,,0.88,66.0,5.4e-05,,,2021-12-25 05:45:00
5468038.235486649,0.0,185.0,,0.88,66.0,5.4e-05,,,2021-12-25 05:50:00
5468039.235572782,0.0,184.0,,0.88,68.0,5.4e-05,,,2021-12-25 05:55:00
5468040.235658915,0.0,183.0,,0.88,66.0,4.8e-05,,,2021-12-25 06:00:00
5468041.235745047,0.0,183.0,,0.88,67.0,4.9e-05,,,2021-12-25 06:05:00
5468042.23583118,0.0,183.0,,0.88,66.0,4.9e-05,,,2021-12-25 06:10:00
5468043.235917312,0.0,182.0,,0.88,67.0,5e-05,,,2021-12-25 06:15:00
5468044.236003445,0.0,182.0,,0.88,68.0,5e-05,,,2021-12-25 06:20:00
5468045.236089578,0.0,182.0,,0.88,64.0,4.9e-05,,,2021-12-25 06:25:00
5468046.23617571,0.0,183.0,,0.88,64.0,4.8e-05,,,2021-12-25 06:30:00
5468047.236261843,0.0,183.0,,0.88,65.0,4.9e-05,,,2021-12-25 06:35:00
5468048.236347976,0.0,183.0,,0.88,68.0,5e-05,,,2021-12-25 06:40:00
5468049.236434109,0.0,182.0,,0.88,68.0,5.1e-05,,,2021-12-25 06:45:00
5468050.236520241,0.0,182.0,,0.88,69.0,5.1e-05,,,2021-12-25 06:50:00
5468051.236606373,0.0,181.0,,0.88,68.0,4.9e-05,,,2021-12-25 06:55:00
5468052.236692506,0.0,182.0,,0.88,68.0,4.9e-05,,,2021-12-25 07:00:00
5468053.236778639,0.0,182.0,,0.88,69.0,5.6e-05,,,2021-12-25 07:05:00
5468054.236864772,0.0,182.0,,0.88,67.0,6.1e-05,,,2021-12-25 07:10:00
5468055.236950904,0.0,182.0,,0.88,66.0,6.7e-05,,,2021-12-25 07:15:00
5468056.237037037,0.0,181.0,,0.88,65.0,5.8e-05,,,2021-12-25 07:20:00
5468057.23712317,0.0,180.0,,0.88,65.0,5.2e-05,,,2021-12-25 07:25:00
5468058.237209302,0.0,181.0,,0.88,66.0,6.6e-05,,,2021-12-25 07:30:00
5468059.237295435,0.0,181.0,,0.88,65.0,6.9e-05,,,2021-12-25 07:35:00
5468060.237381567,0.0,181.0,,0.88,65.0,7.7e-05,,,2021-12-25 07:40:00
5468061.2374677,0.0,182.0,,0.88,67.0,8.5e-05,,,2021-12-25 07:45:00
5468062.237553833,0.0,182.0,,0.88,71.0,9.2e-05,,,2021-12-25 07:50:00
5468063.2376399655,0.0,183.0,,0.88,69.0,6.9e-05,,,2021-12-25 07:55:00
5468064.237726098,0.0,182.0,,0.88,67.0,6.3e-05,,,2021-12-25 08:00:00
5468065.23781223,0.0,182.0,,0.88,68.0,8.2e-05,,,2021-12-25 08:05:00
5468066.237898364,0.0,181.0,,0.88,68.0,9.5e-05,,,2021-12-25 08:10:00
5468067.237984496,0.0,181.0,,0.88,66.0,0.000105,,,2021-12-25 08:15:00
5468068.238070629,0.0,180.0,,0.88,69.0,0.000115,,,2021-12-25 08:20:00
5468069.238156761,0.0,181.0,,0.88,67.0,7.9e-05,,,2021-12-25 08:25:00
5468070.2382428935,0.0,181.0,,0.88,67.0,5.7e-05,,,2021-12-25 08:30:00
5468071.238329027,0.0,182.0,,0.88,67.0,5.1e-05,,,2021-12-25 08:35:00
5468072.238415159,0.0,183.0,,0.88,68.0,5.2e-05,,,2021-12-25 08:40:00
5468073.238501292,0.0,183.0,,0.88,66.0,6.2e-05,,,2021-12-25 08:45:00
5468074.238587424,0.0,184.0,,0.88,63.0,4.8e-05,,,2021-12-25 08:50:00
5468075.2386735575,0.0,185.0,,0.88,64.0,4.6e-05,,,2021-12-25 08:55:00
5468076.23875969,0.0,186.0,,0.88,65.0,4.5e-05,,,2021-12-25 09:00:00
5468077.238845822,0.0,186.0,,0.88,62.0,4.6e-05,,,2021-12-25 09:05:00
5468078.238931955,0.0,187.0,,0.88,66.0,4.8e-05,,,2021-12-25 09:10:00
5468079.239018087,0.0,187.0,,0.88,70.0,4.9e-05,,,2021-12-25 09:15:00
5468080.239104221,0.0,187.0,,0.88,71.0,4.8e-05,,,2021-12-25 09:20:00
5468081.239190353,0.0,186.0,,0.88,82.0,4.7e-05,,,2021-12-25 09:25:00
5468082.2392764855,0.0,187.0,,0.88,91.0,4.7e-05,,,2021-12-25 09:30:00
5468083.239362618,0.0,188.0,186.0,0.88,,,,,2021-12-25 09:35:00
5468084.239448751,0.0,189.0,,0.88,,,,,2021-12-25 09:40:00
5468085.239534884,0.0,187.0,,0.88,,,,,2021-12-25 09:45:00
5468086.239621016,0.0,187.0,,0.88,,,,,2021-12-25 09:50:00
5468087.239707149,0.0,182.0,,0.88,,,,,2021-12-25 09:55:00
5468088.239793281,0.0,177.0,,0.88,,,,,2021-12-25 10:00:00
5468089.239879414,0.0,170.0,183.0,0.88,,,,8.5,2021-12-25 10:05:00
5468090.239965547,0.0,169.0,,0.88,,,,7.2,2021-12-25 10:10:00
5468091.240051679,0.0,175.0,,0.88,,,,,2021-12-25 10:15:00
5468092.240137812,0.0,169.0,,0.88,81.0,4.6e-05,,,2021-12-25 10:20:00
5468093.240223945,0.0,174.0,,0.88,81.0,4.8e-05,,,2021-12-25 10:25:00
5468094.240310078,0.0,185.0,,0.88,88.0,4.9e-05,,,2021-12-25 10:30:00
5468095.24039621,0.0,193.0,,0.88,89.0,4.8e-05,,,2021-12-25 10:35:00
5468096.240482342,0.0,199.0,,0.88,95.0,4.8e-05,,,2021-12-25 10:40:00
5468097.240568475,0.0,206.0,,0.88,94.0,4.7e-05,,,2021-12-25 10:45:00
5468098.240654608,0.0,215.0,,0.88,92.0,4.6e-05,,,2021-12-25 10:50:00
5468099.240740741,0.0,225.0,,0.88,91.0,4.7e-05,,,2021-12-25 10:55:00
5468100.240826873,0.0,232.0,,0.88,101.0,5e-05,,,2021-12-25 11:00:00
5468101.240913006,0.0,238.0,,0.88,90.0,5.1e-05,,,2021-12-25 11:05:00
5468102.240999139,0.0,242.0,,0.88,100.0,4.9e-05,,,2021-12-25 11:10:00
5468103.241085271,0.0,241.0,,0.88,87.0,7e-05,,,2021-12-25 11:15:00
5468104.241171404,0.0,243.0,,0.88,86.0,8.7e-05,,,2021-12-25 11:20:00
5468105.241257536,0.0,251.0,,0.88,87.0,6.1e-05,,,2021-12-25 11:25:00
5468106.241343669,0.0,260.0,,0.88,85.0,6e-05,,,2021-12-25 11:30:00
5468107.241429802,0.0,269.0,,0.88,86.0,5.4e-05,,,2021-12-25 11:35:00
5468108.2415159345,0.0,275.0,,0.88,95.0,5.5e-05,,,2021-12-25 11:40:00
5468109.241602067,0.0,274.0,,0.88,104.0,4.9e-05,,,2021-12-25 11:45:00
5468110.241688199,0.0,272.0,,0.88,96.0,4.9e-05,,,2021-12-25 11:50:00
5468111.241774333,0.0,268.0,,0.88,89.0,5.7e-05,,,2021-12-25 11:55:00
5468112.241860465,0.0,265.0,,0.88,95.0,0.000151,,,2021-12-25 12:00:00
5468113.241946598,0.0,261.0,,0.88,110.0,0.18902,,,2021-12-25 12:05:00
5468114.24203273,0.0,254.0,,0.88,98.0,0.9736,,,2021-12-25 12:10:00
5468115.242118862,0.0,244.0,,0.88,106.0,3.1426,,,2021-12-25 12:15:00
5468116.242204996,0.0,234.0,,0.88,100.0,14.28666,,,2021-12-25 12:20:00
5468117.242291128,0.0,224.0,,0.88,99.0,12.156,,,2021-12-25 12:25:00
5468118.242377261,0.0,209.0,,0.88,98.0,10.1479,,,2021-12-25 12:30:00
5468119.242463393,0.0,204.0,,0.88,101.0,10.734,,,2021-12-25 12:35:00
5468120.2425495265,0.0,199.0,,0.88,95.0,3.854,,,2021-12-25 12:40:00
5468121.242635659,0.0,194.0,,0.88,110.0,8.2838,,,2021-12-25 12:45:00
5468122.242721791,0.0,190.0,,0.88,109.0,9.082,,,2021-12-25 12:50:00
5468123.242807924,0.0,184.0,,0.88,101.0,5.766,,,2021-12-25 12:55:00
5468124.242894056,0.0,179.0,,0.88,96.0,3.936,,,2021-12-25 13:00:00
5468125.24298019,0.0,174.0,,0.88,98.0,2.468,,,2021-12-25 13:05:00
5468126.243066322,0.0,168.0,,0.88,96.0,5.46544,,,2021-12-25 13:10:00
5468127.2431524545,0.0,163.0,,0.88,98.0,9.944,,,2021-12-25 13:15:00
5468128.243238587,0.0,158.0,,0.88,94.0,6.114,,,2021-12-25 13:20:00
5468129.24332472,0.0,151.0,,0.88,98.0,7.972,,,2021-12-25 13:25:00
5468130.243410853,0.0,146.0,,0.88,97.0,8.784,,,2021-12-25 13:30:00
5468131.243496985,0.0,141.0,,0.88,97.0,6.4344,,,2021-12-25 13:35:00
5468132.243583118,0.0,135.0,,0.88,101.0,7.168,,,2021-12-25 13:40:00
5468133.24366925,0.0,130.0,,0.88,100.0,4.696,,,2021-12-25 13:45:00
5468134.243755383,0.0,124.0,,0.88,106.0,3.228,,,2021-12-25 13:50:00
5468135.243841516,0.0,120.0,,0.88,97.0,2.37586,,,2021-12-25 13:55:00
5468136.243927648,0.0,116.0,,0.88,106.0,0.81138,,,2021-12-25 14:00:00
5468137.244013781,0.0,113.0,,0.88,103.0,2.482,,,2021-12-25 14:05:00
5468138.244099914,0.0,109.0,,0.88,101.0,2.856,,,2021-12-25 14:10:00
5468139.2441860465,0.0,107.0,,0.88,101.0,7.286,,,2021-12-25 14:15:00
5468140.244272179,0.0,105.0,,0.88,98.0,11.076,,,2021-12-25 14:20:00
5468141.244358311,0.0,105.0,,0.88,101.0,8.448,,,2021-12-25 14:25:00
5468142.244444444,0.0,105.0,,0.88,99.0,4.1424,,,2021-12-25 14:30:00
5468143.244530577,0.0,104.0,,0.88,104.0,2.5802,,,2021-12-25 14:35:00
5468144.24461671,0.0,102.0,,0.88,103.0,3.828,,,2021-12-25 14:40:00
5468145.244702842,0.0,100.0,,0.88,113.0,3.9972,,,2021-12-25 14:45:00
5468146.2447889745,0.0,100.0,,0.88,101.0,3.952,,,2021-12-25 14:50:00
5468147.244875108,0.0,99.0,,0.88,103.0,3.826,,,2021-12-25 14:55:00
5468148.24496124,0.0,98.0,,0.88,114.0,2.1686,,,2021-12-25 15:00:00
5468149.245047373,0.0,99.0,,0.88,112.0,0.621,,,2021-12-25 15:05:00
5468150.245133505,0.0,100.0,,0.88,101.0,1.2424,,,2021-12-25 15:10:00
5468151.245219638,0.0,100.0,,0.88,97.0,0.974,,,2021-12-25 15:15:00
5468152.245305771,0.0,99.0,,0.88,102.0,0.20138,,,2021-12-25 15:20:00
5468153.245391903,0.0,100.0,,0.88,103.0,0.32408,,,2021-12-25 15:25:00
5468154.245478036,0.0,100.0,,0.88,103.0,0.6046,,,2021-12-25 15:30:00
5468155.245564168,0.0,101.0,,0.88,96.0,0.6236,,,2021-12-25 15:35:00
5468156.245650302,0.0,101.0,,0.88,100.0,0.17678,,,2021-12-25 15:40:00
5468157.245736434,0.0,103.0,,0.88,101.0,0.06068,,,2021-12-25 15:45:00
5468158.245822567,0.0,104.0,,0.88,100.0,0.008307,,,2021-12-25 15:50:00
5468159.245908699,0.0,106.0,,0.88,96.0,0.00216,,,2021-12-25 15:55:00
5468160.245994831,0.0,107.0,,0.88,100.0,0.00019,,,2021-12-25 16:00:00
5468161.246080965,0.0,108.0,,0.88,106.0,6.8e-05,,,2021-12-25 16:05:00
5468162.246167097,0.0,108.0,,0.88,108.0,0.000204,,,2021-12-25 16:10:00
5468163.24625323,0.0,108.0,,0.88,109.0,0.000178,,,2021-12-25 16:15:00
5468164.246339362,0.0,107.0,,0.88,110.0,0.000885,,,2021-12-25 16:20:00
5468165.2464254955,0.0,108.0,,0.88,106.0,0.00019,,,2021-12-25 16:25:00
5468166.246511628,0.0,109.0,,0.88,106.0,8.4e-05,,,2021-12-25 16:30:00
5468167.24659776,0.0,108.0,,0.88,106.0,0.002789,,,2021-12-25 16:35:00
5468168.246683893,0.0,108.0,,0.88,108.0,0.48186,,,2021-12-25 16:40:00
5468169.246770025,0.0,109.0,,0.88,104.0,1.0208,,,2021-12-25 16:45:00
5468170.246856159,0.0,109.0,,0.88,107.0,0.38945,,,2021-12-25 16:50:00
5468171.246942291,0.0,107.0,,0.88,106.0,0.899376,,,2021-12-25 16:55:00
5468172.2470284235,0.0,108.0,,0.88,105.0,0.35344,,,2021-12-25 17:00:00
5468173.247114556,0.0,107.0,,0.88,107.0,4.036,,,2021-12-25 17:05:00
5468174.247200689,0.0,106.0,,0.88,99.0,9.9218,,,2021-12-25 17:10:00
5468175.247286822,0.0,105.0,,0.88,108.0,18.78,,,2021-12-25 17:15:00
5468176.247372954,0.0,105.0,,0.88,110.0,11.302,,,2021-12-25 17:20:00
5468177.247459087,0.0,107.0,,0.88,104.0,9.852,,,2021-12-25 17:25:00
5468178.247545219,0.0,108.0,,0.88,103.0,4.6966,,,2021-12-25 17:30:00
5468179.247631352,0.0,109.0,,0.88,100.0,1.74874,,,2021-12-25 17:35:00
5468180.247717485,0.0,110.0,,0.88,109.0,0.39831,,,2021-12-25 17:40:00
5468181.247803617,0.0,111.0,,0.88,99.0,0.058882,,,2021-12-25 17:45:00
5468182.24788975,0.0,107.0,,0.88,103.0,0.004226,,,2021-12-25 17:50:00
5468183.247975883,0.0,107.0,,0.88,107.0,0.024448,,,2021-12-25 17:55:00
5468184.2480620155,0.0,107.0,,0.88,111.0,0.035435,,,2021-12-25 18:00:00
5468185.248148148,0.0,108.0,,0.88,111.0,0.007731,,,2021-12-25 18:05:00
5468186.24823428,0.0,109.0,,0.88,112.0,4.8e-05,,,2021-12-25 18:10:00
5468187.248320413,0.0,110.0,,0.88,107.0,5e-05,,,2021-12-25 18:15:00
5468188.248406546,0.0,112.0,,0.88,105.0,6.3e-05,,,2021-12-25 18:20:00
5468189.248492679,0.0,114.0,,0.88,99.0,5.5e-05,,,2021-12-25 18:25:00
5468190.248578811,0.0,112.0,,0.88,98.0,5.7e-05,,,2021-12-25 18:30:00
5468191.2486649435,0.0,111.0,,0.88,98.0,5.3e-05,,,2021-12-25 18:35:00
5468192.248751077,0.0,111.0,,0.88,,,,,2021-12-25 18:40:00
5468193.248837209,0.0,110.0,,0.88,,,,,2021-12-25 18:45:00
5468194.248923342,0.0,110.0,101.0,0.88,,,,,2021-12-25 18:50:00
5468195.249009474,0.0,113.0,101.0,0.88,98.0,6e-05,,5.5,2021-12-25 18:55:00
5468196.249095607,0.0,108.0,,0.88,98.0,6.8e-05,90.0,5.6,2021-12-25 19:00:00
5468197.24918174,0.0,111.0,,0.88,96.0,8.1e-05,,,2021-12-25 19:05:00
5468198.249267872,0.0,112.0,,0.88,92.0,8.3e-05,,,2021-12-25 19:10:00
5468199.249354005,0.0,112.0,,0.88,88.0,8.4e-05,,,2021-12-25 19:15:00
5468200.249440137,0.0,111.0,,0.88,89.0,8.4e-05,,,2021-12-25 19:20:00
5468201.249526271,0.0,110.0,,0.88,87.0,8.9e-05,,,2021-12-25 19:25:00
5468202.249612403,0.0,110.0,,0.88,88.0,9.2e-05,,,2021-12-25 19:30:00
5468203.249698536,0.0,112.0,,0.88,91.0,8.8e-05,,,2021-12-25 19:35:00
5468204.249784668,0.0,116.0,,0.88,93.0,6.7e-05,,,2021-12-25 19:40:00
5468205.2498708,0.0,121.0,,0.88,92.0,6.9e-05,,,2021-12-25 19:45:00
5468206.249956934,0.0,122.0,,0.88,98.0,6.5e-05,,,2021-12-25 19:50:00
5468207.250043066,0.0,121.0,,0.88,95.0,6.9e-05,,,2021-12-25 19:55:00
5468208.250129199,0.0,123.0,,0.88,92.0,6.9e-05,,,2021-12-25 20:00:00
5468209.250215331,0.0,124.0,,0.88,96.0,6.5e-05,,,2021-12-25 20:05:00
5468210.250301464,0.0,127.0,,0.88,97.0,5.7e-05,,,2021-12-25 20:10:00
5468211.250387597,0.0,132.0,,0.88,95.0,5.5e-05,,,2021-12-25 20:15:00
5468212.250473729,0.0,135.0,,0.88,93.0,5.4e-05,,,2021-12-25 20:20:00
5468213.250559862,0.0,140.0,,0.88,93.0,5.1e-05,,,2021-12-25 20:25:00
5468214.250645994,0.0,146.0,,0.88,94.0,5.2e-05,,,2021-12-25 20:30:00
5468215.250732128,0.0,152.0,,0.88,94.0,5.4e-05,,,2021-12-25 20:35:00
5468216.25081826,0.0,156.0,,0.88,94.0,5.9e-05,,,2021-12-25 20:40:00
5468217.250904392,0.0,155.0,,0.88,93.0,5.8e-05,,,2021-12-25 20:45:00
5468218.250990525,0.0,153.0,,0.88,93.0,5.6e-05,,,2021-12-25 20:50:00
5468219.251076658,0.0,150.0,,0.88,90.0,5e-05,,,2021-12-25 20:55:00
5468220.251162791,0.0,146.0,,0.88,87.0,5.2e-05,,,2021-12-25 21:00:00
5468221.251248923,0.0,144.0,,0.88,87.0,4.7e-05,,,2021-12-25 21:05:00
5468222.251335056,0.0,143.0,,0.88,87.0,4.8e-05,,,2021-12-25 21:10:00
5468223.251421188,0.0,142.0,,0.88,96.0,5.2e-05,,,2021-12-25 21:15:00
5468224.251507321,0.0,142.0,,0.88,88.0,5.1e-05,,,2021-12-25 21:20:00
5468225.251593454,0.0,140.0,,0.88,86.0,5e-05,,,2021-12-25 21:25:00
5468226.251679586,0.0,139.0,,0.88,86.0,4.9e-05,40.0,,2021-12-25 21:30:00
5468227.251765719,0.0,137.0,,0.88,87.0,5e-05,,,2021-12-25 21:35:00
5468228.251851852,0.0,135.0,140.0,0.88,87.0,5.1e-05,,4.3,2021-12-25 21:40:00
5468229.2519379845,0.0,133.0,,0.88,92.0,4.9e-05,,5.4,2021-12-25 21:45:00
5468230.252024117,0.0,135.0,,0.88,91.0,5e-05,,,2021-12-25 21:50:00
5468231.252110249,0.0,134.0,,0.88,81.0,5.1e-05,,,2021-12-25 21:55:00
5468232.252196382,0.0,131.0,,0.88,81.0,5.5e-05,,,2021-12-25 22:00:00
5468233.252282515,0.0,128.0,,0.88,82.0,5.7e-05,,,2021-12-25 22:05:00
5468234.252368648,0.0,125.0,,0.88,84.0,5.2e-05,,,2021-12-25 22:10:00
5468235.25245478,0.0,122.0,,0.88,84.0,5.5e-05,,,2021-12-25 22:15:00
5468236.2525409125,0.0,117.0,,0.88,86.0,5.5e-05,,,2021-12-25 22:20:00
5468237.252627046,0.0,112.0,,0.88,84.0,5.5e-05,,,2021-12-25 22:25:00
5468238.252713178,0.0,107.0,,0.88,91.0,4.9e-05,,,2021-12-25 22:30:00
5468239.252799311,0.0,100.0,,0.88,85.0,4.6e-05,,,2021-12-25 22:35:00
5468240.252885443,0.0,97.0,,0.88,82.0,4.6e-05,,,2021-12-25 22:40:00
5468241.252971576,0.0,95.0,,0.88,82.0,4.8e-05,,,2021-12-25 22:45:00
5468242.253057709,0.0,94.0,,0.88,80.0,5.4e-05,,,2021-12-25 22:50:00
5468243.253143841,0.0,91.0,,0.88,77.0,5.2e-05,,,2021-12-25 22:55:00
5468244.253229974,0.0,86.0,,0.88,76.0,5.2e-05,,,2021-12-25 23:00:00
5468245.253316106,0.0,83.0,,0.88,76.0,5.2e-05,,,2021-12-25 23:05:00
5468246.25340224,0.0,80.0,,0.88,76.0,5.2e-05,,,2021-12-25 23:10:00
5468247.253488372,0.0,76.0,,0.88,76.0,5.2e-05,,,2021-12-25 23:15:00
5468248.2535745045,0.0,73.0,,0.88,75.0,5.2e-05,,,2021-12-25 23:20:00
5468249.253660637,0.0,70.0,,0.0,76.0,5.2e-05,,,2021-12-25 23:25:00
5468250.253746769,0.0,69.0,,0.0,75.0,4.7e-05,,,2021-12-25 23:30:00
5468251.253832903,0.0,70.0,,0.0,71.0,4.8e-05,,,2021-12-25 23:35:00
5468252.253919035,0.0,69.0,,0.0,72.0,4.8e-05,,,2021-12-25 23:40:00
5468253.254005168,0.0,71.0,,0.0,72.0,5.2e-05,,,2021-12-25 23:45:00
5468254.2540913,0.0,73.0,,0.0,73.0,5.7e-05,,,2021-12-25 23:50:00
5468255.254177433,0.0,76.0,,0.0,74.0,6.1e-05,,,2021-12-25 23:55:00
5468256.254263566,0.0,80.0,,0.0,73.0,6.5e-05,,,2021-12-26 00:00:00
5468257.254349698,0.0,84.0,,0.0,73.0,6.9e-05,,,2021-12-26 00:05:00
5468258.254435831,0.0,86.0,,0.0,74.0,7.2e-05,,,2021-12-26 00:10:00
5468259.254521963,0.0,87.0,,0.0,73.0,7.4e-05,,,2021-12-26 00:15:00
5468260.254608097,0.0,89.0,,0.0,72.0,6.7e-05,,,2021-12-26 00:20:00
5468261.254694229,0.0,90.0,,0.0,72.0,6.3e-05,,,2021-12-26 00:25:00
5468262.254780361,0.0,90.0,,0.0,73.0,6.8e-05,,,2021-12-26 00:30:00
5468263.254866494,0.0,91.0,,0.0,73.0,7.6e-05,,,2021-12-26 00:35:00
5468264.254952627,0.0,93.0,,0.0,73.0,8.1e-05,,,2021-12-26 00:40:00
5468265.25503876,0.0,95.0,,0.0,73.0,7.3e-05,,,2021-12-26 00:45:00
5468266.255124892,0.0,97.0,,0.0,71.0,5.1e-05,,,2021-12-26 00:50:00
5468267.255211025,0.0,99.0,,0.0,71.0,5e-05,,,2021-12-26 00:55:00
5468268.255297157,0.0,101.0,,0.0,71.0,4.9e-05,,,2021-12-26 01:00:00
5468269.25538329,0.0,103.0,,0.0,71.0,4.9e-05,,,2021-12-26 01:05:00
5468270.255469423,0.0,104.0,,0.0,71.0,4.6e-05,,,2021-12-26 01:10:00
5468271.255555555,0.0,107.0,,0.0,72.0,4.7e-05,,,2021-12-26 01:15:00
5468272.255641688,0.0,110.0,,0.0,72.0,5.1e-05,,,2021-12-26 01:20:00
5468273.255727821,0.0,113.0,,1.0,71.0,5.2e-05,,,2021-12-26 01:25:00
5468274.2558139535,0.0,118.0,,1.0,71.0,4.7e-05,,,2021-12-26 01:30:00
5468275.255900086,0.0,124.0,,1.0,72.0,4.7e-05,,,2021-12-26 01:35:00
5468276.255986218,0.0,128.0,,1.0,74.0,4.9e-05,,,2021-12-26 01:40:00
5468277.256072351,0.0,132.0,,1.0,72.0,5.2e-05,,,2021-12-26 01:45:00
5468278.256158484,0.0,134.0,,1.0,72.0,4.8e-05,,,2021-12-26 01:50:00
5468279.256244617,0.0,136.0,,1.0,71.0,4.7e-05,,,2021-12-26 01:55:00
5468280.256330749,0.0,139.0,,1.0,73.0,4.8e-05,,,2021-12-26 02:00:00
5468281.256416881,0.0,141.0,,1.0,74.0,4.8e-05,,,2021-12-26 02:05:00
5468282.256503015,0.0,142.0,,1.0,74.0,4.8e-05,,,2021-12-26 02:10:00
5468283.256589147,0.0,144.0,,1.0,74.0,4.8e-05,,,2021-12-26 02:15:00
5468284.25667528,0.0,147.0,,1.0,83.0,,,,2021-12-26 02:20:00
5468285.256761412,0.0,149.0,,1.0,70.0,4.7e-05,,,2021-12-26 02:25:00
5468286.256847545,0.0,150.0,,1.0,69.0,4.7e-05,,,2021-12-26 02:30:00
5468287.256933678,0.0,152.0,,1.0,69.0,4.7e-05,,,2021-12-26 02:35:00
5468288.25701981,0.0,153.0,,1.0,70.0,5.1e-05,,,2021-12-26 02:40:00
5468289.257105943,0.0,154.0,,1.0,70.0,6.1e-05,,,2021-12-26 02:45:00
5468290.257192075,0.0,154.0,,1.0,70.0,6.5e-05,,,2021-12-26 02:50:00
5468291.257278209,0.0,155.0,,1.0,71.0,7.1e-05,,,2021-12-26 02:55:00
5468292.257364341,0.0,156.0,,1.0,70.0,7.5e-05,,,2021-12-26 03:00:00
5468293.2574504735,0.0,156.0,,1.0,71.0,8e-05,,,2021-12-26 03:05:00
5468294.257536606,0.0,157.0,,1.0,72.0,6.3e-05,,,2021-12-26 03:10:00
5468295.257622738,0.0,158.0,,1.0,69.0,4.8e-05,,,2021-12-26 03:15:00
5468296.257708872,0.0,158.0,,1.0,69.0,5.6e-05,,,2021-12-26 03:20:00
5468297.257795004,0.0,158.0,,1.0,69.0,5.2e-05,,,2021-12-26 03:25:00
5468298.257881137,0.0,159.0,,1.0,68.0,4.7e-05,,,2021-12-26 03:30:00
5468299.257967269,0.0,159.0,,1.0,69.0,4.7e-05,,,2021-12-26 03:35:00
5468300.258053402,0.0,159.0,,1.0,69.0,4.7e-05,,,2021-12-26 03:40:00
5468301.258139535,0.0,160.0,,1.0,70.0,4.7e-05,,,2021-12-26 03:45:00
5468302.258225667,0.0,160.0,,1.0,69.0,4.7e-05,,,2021-12-26 03:50:00
5468303.2583118,0.0,161.0,,1.0,72.0,4.7e-05,,,2021-12-26 03:55:00
5468304.258397933,0.0,161.0,,1.25,74.0,4.8e-05,,,2021-12-26 04:00:00
5468305.2584840655,0.0,161.0,,1.25,74.0,5e-05,,,2021-12-26 04:05:00
5468306.258570198,0.0,162.0,,1.25,75.0,5e-05,,,2021-12-26 04:10:00
5468307.25865633,0.0,162.0,,1.25,74.0,5e-05,,,2021-12-26 04:15:00
5468308.258742463,0.0,163.0,,1.25,74.0,5.6e-05,,,2021-12-26 04:20:00
5468309.258828596,0.0,163.0,,1.25,73.0,4.9e-05,,,2021-12-26 04:25:00
5468310.258914729,0.0,163.0,,1.25,74.0,4.5e-05,,,2021-12-26 04:30:00
5468311.259000861,0.0,163.0,,1.25,73.0,4.5e-05,,,2021-12-26 04:35:00
5468312.2590869935,0.0,163.0,,1.25,71.0,4.5e-05,,,2021-12-26 04:40:00
5468313.259173127,0.0,163.0,,1.25,72.0,5.5e-05,,,2021-12-26 04:45:00
5468314.259259259,0.0,163.0,,1.25,70.0,7.5e-05,,,2021-12-26 04:50:00
5468315.259345392,0.0,163.0,,1.25,70.0,8.7e-05,,,2021-12-26 04:55:00
5468316.259431524,0.0,163.0,,1.3,71.0,9.8e-05,,,2021-12-26 05:00:00
5468317.259517657,0.0,164.0,,1.3,71.0,0.000109,,,2021-12-26 05:05:00
5468318.25960379,0.0,164.0,,1.3,69.0,0.000103,,,2021-12-26 05:10:00
5468319.259689922,0.0,164.0,,1.3,68.0,4.8e-05,,,2021-12-26 05:15:00
5468320.259776055,0.0,165.0,,1.3,70.0,4.7e-05,,,2021-12-26 05:20:00
5468321.259862187,0.0,165.0,,1.3,69.0,4.7e-05,,,2021-12-26 05:25:00
5468322.259948321,0.0,165.0,,1.3,69.0,4.7e-05,,,2021-12-26 05:30:00
5468323.260034453,0.0,165.0,,1.3,72.0,4.7e-05,,,2021-12-26 05:35:00
5468324.260120586,0.0,165.0,,1.3,74.0,4.7e-05,,,2021-12-26 05:40:00
5468325.260206718,0.0,164.0,,1.3,75.0,4.7e-05,,,2021-12-26 05:45:00
5468326.26029285,0.0,164.0,,1.3,74.0,4.7e-05,,,2021-12-26 05:50:00
5468327.260378984,0.0,164.0,,1.3,74.0,4.6e-05,,,2021-12-26 05:55:00
5468328.260465116,0.0,164.0,,1.3,75.0,4.5e-05,,,2021-12-26 06:00:00
5468329.260551249,0.0,164.0,,1.3,73.0,4.6e-05,,,2021-12-26 06:05:00
5468330.260637381,0.0,163.0,,1.3,72.0,4.6e-05,,,2021-12-26 06:10:00
5468331.2607235145,0.0,163.0,,1.3,72.0,4.6e-05,,,2021-12-26 06:15:00
5468332.260809647,0.0,163.0,,1.3,72.0,4.5e-05,,,2021-12-26 06:20:00
5468333.260895779,0.0,162.0,,1.3,71.0,4.5e-05,,,2021-12-26 06:25:00
5468334.260981912,0.0,161.0,,1.3,,,,,2021-12-26 06:30:00
5468335.261068044,0.0,161.0,,1.3,,,,,2021-12-26 06:35:00
5468336.261154178,0.0,161.0,,1.3,,,,,2021-12-26 06:40:00
5468337.26124031,0.0,161.0,,1.3,71.0,,,,2021-12-26 06:45:00
5468338.2613264425,0.0,161.0,,1.3,68.0,4.5e-05,,,2021-12-26 06:50:00
5468339.261412575,0.0,161.0,,1.3,68.0,4.5e-05,,,2021-12-26 06:55:00
5468340.261498708,0.0,160.0,,1.45,68.0,4.4e-05,,,2021-12-26 07:00:00
5468341.261584841,0.0,161.0,,1.45,70.0,4.4e-05,,,2021-12-26 07:05:00
5468342.261670973,0.0,161.0,,1.45,72.0,4.5e-05,,,2021-12-26 07:10:00
5468343.261757106,0.0,160.0,,1.45,70.0,4.5e-05,,,2021-12-26 07:15:00
5468344.261843238,0.0,160.0,,1.45,75.0,4.5e-05,,,2021-12-26 07:20:00
5468345.261929371,0.0,160.0,,1.45,71.0,4.5e-05,,,2021-12-26 07:25:00
5468346.262015504,0.0,159.0,,1.45,71.0,4.5e-05,,,2021-12-26 07:30:00
5468347.262101636,0.0,158.0,,1.45,70.0,4.5e-05,,,2021-12-26 07:35:00
5468348.262187769,0.0,157.0,,1.45,68.0,4.6e-05,,,2021-12-26 07:40:00
5468349.262273902,0.0,156.0,,1.45,68.0,4.5e-05,,,2021-12-26 07:45:00
5468350.2623600345,0.0,156.0,,1.45,70.0,4.5e-05,,,2021-12-26 07:50:00
5468351.262446167,0.0,157.0,,1.45,73.0,4.5e-05,,,2021-12-26 07:55:00
5468352.262532299,0.0,157.0,,1.45,69.0,4.7e-05,,,2021-12-26 08:00:00
5468353.262618432,0.0,157.0,,1.45,68.0,4.7e-05,,,2021-12-26 08:05:00
5468354.262704565,0.0,156.0,,1.45,70.0,4.7e-05,,,2021-12-26 08:10:00
5468355.262790698,0.0,156.0,,1.45,70.0,4.8e-05,,,2021-12-26 08:15:00
5468356.26287683,0.0,156.0,,1.45,77.0,5.5e-05,,,2021-12-26 08:20:00
5468357.2629629625,0.0,156.0,,1.45,77.0,4.9e-05,,,2021-12-26 08:25:00
5468358.263049096,0.0,155.0,,1.45,77.0,4.9e-05,,,2021-12-26 08:30:00
5468359.263135228,0.0,153.0,,1.45,100.0,5e-05,,,2021-12-26 08:35:00
5468360.263221361,0.0,153.0,,1.45,98.0,4.8e-05,,,2021-12-26 08:40:00
5468361.263307493,0.0,154.0,,1.45,94.0,4.7e-05,,,2021-12-26 08:45:00
5468362.263393626,0.0,155.0,153.0,1.45,95.0,4.5e-05,,,2021-12-26 08:50:00
5468363.263479759,0.0,156.0,,1.45,94.0,4.4e-05,,,2021-12-26 08:55:00
5468364.263565891,0.0,155.0,,1.45,91.0,4.5e-05,,,2021-12-26 09:00:00
5468365.263652024,0.0,155.0,,1.45,89.0,5e-05,,,2021-12-26 09:05:00
5468366.263738156,0.0,155.0,,1.45,91.0,4.5e-05,,,2021-12-26 09:10:00
5468367.26382429,0.0,156.0,,1.45,98.0,4.6e-05,,,2021-12-26 09:15:00
5468368.263910422,0.0,155.0,,1.45,90.0,4.9e-05,,,2021-12-26 09:20:00
5468369.263996555,0.0,156.0,,1.45,94.0,0.000174,,,2021-12-26 09:25:00
5468370.264082687,0.0,157.0,,1.45,96.0,0.000181,,,2021-12-26 09:30:00
5468371.264168819,0.0,158.0,,1.45,92.0,0.000124,,,2021-12-26 09:35:00
5468372.264254953,0.0,160.0,,1.45,95.0,0.00018,,,2021-12-26 09:40:00
5468373.264341085,0.0,162.0,,1.45,92.0,0.000141,,,2021-12-26 09:45:00
5468374.264427218,0.0,165.0,165.0,1.45,88.0,0.000309,,9.2,2021-12-26 09:50:00
5468375.26451335,0.0,168.0,,1.45,89.0,0.000114,130.0,8.1,2021-12-26 09:55:00
5468376.264599483,0.0,169.0,,1.45,91.0,5.3e-05,,,2021-12-26 10:00:00
5468377.264685616,0.0,170.0,,1.45,89.0,5.6e-05,,,2021-12-26 10:05:00
5468378.264771748,0.0,173.0,,1.45,90.0,5.4e-05,,,2021-12-26 10:10:00
5468379.264857881,0.0,177.0,,1.45,93.0,5.1e-05,,,2021-12-26 10:15:00
5468380.264944013,0.0,183.0,,1.45,89.0,4.9e-05,,,2021-12-26 10:20:00
5468381.265030147,0.0,193.0,,1.45,91.0,4.7e-05,,,2021-12-26 10:25:00
5468382.265116279,0.0,202.0,,1.45,89.0,4.9e-05,,,2021-12-26 10:30:00
5468383.265202411,0.0,208.0,,1.45,90.0,4.6e-05,,,2021-12-26 10:35:00
5468384.265288544,0.0,213.0,,1.45,95.0,4.8e-05,,,2021-12-26 10:40:00
5468385.265374677,0.0,216.0,,1.45,92.0,5.2e-05,,,2021-12-26 10:45:00
5468386.26546081,0.0,218.0,,1.45,91.0,5.1e-05,,,2021-12-26 10:50:00
5468387.265546942,0.0,222.0,,1.45,91.0,6.6e-05,,,2021-12-26 10:55:00
5468388.265633075,0.0,226.0,,0.75,93.0,5.8e-05,,,2021-12-26 11:00:00
5468389.265719207,0.0,227.0,,0.75,85.0,5.9e-05,,,2021-12-26 11:05:00
5468390.26580534,0.0,228.0,,0.75,91.0,5.6e-05,,,2021-12-26 11:10:00
5468391.265891473,0.0,229.0,,0.75,92.0,5.6e-05,,,2021-12-26 11:15:00
5468392.265977605,0.0,226.0,,0.75,90.0,5.3e-05,,,2021-12-26 11:20:00
5468393.266063738,0.0,224.0,,0.75,90.0,5.4e-05,,,2021-12-26 11:25:00
5468394.266149871,0.0,222.0,,0.75,90.0,5.8e-05,,,2021-12-26 11:30:00
5468395.2662360035,0.0,225.0,,0.75,89.0,5.5e-05,,,2021-12-26 11:35:00
5468396.266322136,0.0,228.0,,0.75,89.0,6e-05,,,2021-12-26 11:40:00
5468397.266408268,0.0,231.0,,0.75,91.0,6.4e-05,,,2021-12-26 11:45:00
5468398.266494401,0.0,233.0,,0.75,88.0,6.4e-05,,,2021-12-26 11:50:00
5468399.266580534,0.0,235.0,,0.75,89.0,5.9e-05,,,2021-12-26 11:55:00
5468400.266666667,0.0,236.0,,0.75,88.0,5.9e-05,,,2021-12-26 12:00:00
5468401.266752799,0.0,237.0,,0.75,88.0,5.5e-05,,,2021-12-26 12:05:00
5468402.2668389315,0.0,237.0,,0.75,92.0,5.3e-05,,,2021-12-26 12:10:00
5468403.266925065,0.0,235.0,,0.75,90.0,5.1e-05,,,2021-12-26 12:15:00
5468404.267011197,0.0,235.0,,0.75,93.0,5.1e-05,,,2021-12-26 12:20:00
5468405.26709733,0.0,236.0,,0.75,99.0,4.8e-05,,,2021-12-26 12:25:00
5468406.267183462,0.0,235.0,,0.75,104.0,4.7e-05,,,2021-12-26 12:30:00
5468407.267269595,0.0,233.0,,0.75,101.0,5e-05,,,2021-12-26 12:35:00
5468408.267355728,0.0,230.0,,0.75,101.0,5.4e-05,,,2021-12-26 12:40:00
5468409.26744186,0.0,227.0,,0.75,99.0,0.000161,,,2021-12-26 12:45:00
5468410.267527993,0.0,226.0,,0.75,100.0,0.002288,,,2021-12-26 12:50:00
5468411.267614125,0.0,227.0,,0.75,99.0,0.24598,,,2021-12-26 12:55:00
5468412.267700259,0.0,227.0,,0.75,100.0,0.16252,,,2021-12-26 13:00:00
5468413.267786391,0.0,228.0,,0.75,96.0,0.38658,,,2021-12-26 13:05:00
5468414.2678725235,0.0,229.0,,0.75,101.0,0.7856,,,2021-12-26 13:10:00
5468415.267958656,0.0,231.0,,0.75,99.0,0.3609,,,2021-12-26 13:15:00
5468416.268044788,0.0,232.0,,0.75,99.0,0.4206,,,2021-12-26 13:20:00
5468417.268130922,0.0,233.0,,0.75,103.0,1.2464,,,2021-12-26 13:25:00
5468418.268217054,0.0,233.0,,0.75,99.0,1.996,,,2021-12-26 13:30:00
5468419.268303187,0.0,233.0,,0.75,96.0,1.6432,,,2021-12-26 13:35:00
5468420.268389319,0.0,234.0,,0.75,100.0,0.3494,,,2021-12-26 13:40:00
5468421.268475452,0.0,236.0,,0.75,93.0,0.45506,,,2021-12-26 13:45:00
5468422.268561585,0.0,236.0,,0.75,92.0,0.8276,,,2021-12-26 13:50:00
5468423.268647717,0.0,237.0,,0.75,93.0,0.7352,,,2021-12-26 13:55:00
5468424.26873385,0.0,236.0,,0.75,88.0,0.252172,,,2021-12-26 14:00:00
5468425.268819982,0.0,235.0,,0.75,87.0,1.04547,,,2021-12-26 14:05:00
5468426.268906116,0.0,236.0,,0.75,99.0,0.19324,,,2021-12-26 14:10:00
5468427.268992248,0.0,237.0,,0.75,90.0,0.10594,,,2021-12-26 14:15:00
5468428.26907838,0.0,237.0,,0.75,92.0,0.01453,,,2021-12-26 14:20:00
5468429.269164513,0.0,237.0,,0.75,97.0,0.008314,,,2021-12-26 14:25:00
5468430.269250646,0.0,236.0,,0.75,94.0,0.006388,,,2021-12-26 14:30:00
5468431.269336779,0.0,237.0,,0.75,94.0,0.070926,,,2021-12-26 14:35:00
5468432.269422911,0.0,236.0,,0.75,95.0,0.133752,,,2021-12-26 14:40:00
5468433.269509044,0.0,235.0,,0.75,97.0,0.19086,,,2021-12-26 14:45:00
5468434.269595176,0.0,233.0,,0.75,104.0,0.6542,,,2021-12-26 14:50:00
5468435.269681309,0.0,233.0,,0.75,96.0,0.4804,,,2021-12-26 14:55:00
5468436.269767442,0.0,231.0,,0.75,101.0,0.4428,,,2021-12-26 15:00:00
5468437.269853574,0.0,231.0,,0.75,99.0,1.1086,,,2021-12-26 15:05:00
5468438.269939707,0.0,229.0,,0.75,95.0,0.6314,,,2021-12-26 15:10:00
5468439.27002584,0.0,228.0,,0.75,101.0,2.1704,,,2021-12-26 15:15:00
5468440.2701119725,0.0,228.0,,0.75,91.0,2.1398,,,2021-12-26 15:20:00
5468441.270198105,0.0,226.0,,0.75,93.0,5.78,,,2021-12-26 15:25:00
5468442.270284237,0.0,225.0,,0.75,98.0,2.466,,,2021-12-26 15:30:00
5468443.27037037,0.0,225.0,,0.75,95.0,1.4042,,,2021-12-26 15:35:00
5468444.270456503,0.0,225.0,,0.75,97.0,0.6224,,,2021-12-26 15:40:00
5468445.270542636,0.0,225.0,,0.75,96.0,0.6036,,,2021-12-26 15:45:00
5468446.270628768,0.0,223.0,,0.75,85.0,0.3208,,,2021-12-26 15:50:00
5468447.2707149,0.0,223.0,,0.75,85.0,0.000473,,,2021-12-26 15:55:00
5468448.270801034,0.0,222.0,,0.75,85.0,0.000182,,,2021-12-26 16:00:00
5468449.270887166,0.0,224.0,,0.75,86.0,0.00189,,,2021-12-26 16:05:00
5468450.270973299,0.0,225.0,,0.75,85.0,0.000843,,,2021-12-26 16:10:00
5468451.271059431,0.0,225.0,,0.75,85.0,0.000568,,,2021-12-26 16:15:00
5468452.271145564,0.0,225.0,,0.75,84.0,0.000313,,,2021-12-26 16:20:00
5468453.271231697,0.0,225.0,,0.75,85.0,0.000308,,,2021-12-26 16:25:00
5468454.271317829,0.0,225.0,,0.75,88.0,0.00019,,,2021-12-26 16:30:00
5468455.271403962,0.0,225.0,,0.75,88.0,0.000132,,,2021-12-26 16:35:00
5468456.271490094,0.0,224.0,,0.75,85.0,0.00012,,,2021-12-26 16:40:00
5468457.271576228,0.0,221.0,,0.75,88.0,9.2e-05,,,2021-12-26 16:45:00
5468458.27166236,0.0,219.0,,0.75,85.0,6.3e-05,,,2021-12-26 16:50:00
5468459.2717484925,0.0,219.0,,0.75,86.0,8.9e-05,,,2021-12-26 16:55:00
5468460.271834625,0.0,218.0,,0.88,85.0,6.1e-05,,,2021-12-26 17:00:00
5468461.271920757,0.0,218.0,,0.88,81.0,8.7e-05,,,2021-12-26 17:05:00
5468462.272006891,0.0,218.0,,0.88,83.0,0.000141,,,2021-12-26 17:10:00
5468463.272093023,0.0,218.0,,0.88,82.0,0.00015,,,2021-12-26 17:15:00
5468464.272179156,0.0,217.0,,0.88,81.0,0.000194,,,2021-12-26 17:20:00
5468465.272265288,0.0,216.0,,0.88,90.0,0.000113,,,2021-12-26 17:25:00
5468466.272351421,0.0,217.0,,0.88,87.0,0.000114,,,2021-12-26 17:30:00
5468467.272437554,0.0,219.0,,0.88,87.0,0.000103,,,2021-12-26 17:35:00
5468468.272523686,0.0,220.0,,0.88,92.0,9.2e-05,,,2021-12-26 17:40:00
5468469.272609819,0.0,219.0,,0.88,99.0,0.000419,,,2021-12-26 17:45:00
5468470.272695951,0.0,218.0,,0.88,96.0,0.000801,,,2021-12-26 17:50:00
5468471.2727820845,0.0,219.0,,0.88,95.0,0.013642,,,2021-12-26 17:55:00
5468472.272868217,0.0,221.0,,0.88,90.0,0.014426,,,2021-12-26 18:00:00
5468473.272954349,0.0,220.0,,0.88,93.0,0.06674,,,2021-12-26 18:05:00
5468474.273040482,0.0,220.0,,0.88,83.0,0.04612,,,2021-12-26 18:10:00
5468475.273126615,0.0,220.0,,0.88,82.0,0.015294,,,2021-12-26 18:15:00
5468476.273212748,0.0,220.0,,0.88,82.0,0.004444,,,2021-12-26 18:20:00
5468477.27329888,0.0,220.0,,0.88,83.0,0.003114,,,2021-12-26 18:25:00
5468478.2733850125,0.0,221.0,,0.88,82.0,0.003374,,,2021-12-26 18:30:00
5468479.273471145,0.0,222.0,,0.88,81.0,0.002334,,,2021-12-26 18:35:00
5468480.273557278,0.0,222.0,,0.88,80.0,0.001464,,,2021-12-26 18:40:00
5468481.273643411,0.0,221.0,,0.88,82.0,0.000296,,,2021-12-26 18:45:00
5468482.273729543,0.0,219.0,,0.88,81.0,0.000401,,,2021-12-26 18:50:00
5468483.273815676,0.0,218.0,,0.88,79.0,0.000188,,,2021-12-26 18:55:00
5468484.273901809,0.0,218.0,,0.88,80.0,6.8e-05,,,2021-12-26 19:00:00
5468485.273987941,0.0,217.0,,0.88,81.0,0.000139,,,2021-12-26 19:05:00
5468486.274074074,0.0,217.0,,0.88,81.0,0.00015,,,2021-12-26 19:10:00
5468487.274160206,0.0,216.0,,0.88,80.0,0.000122,,,2021-12-26 19:15:00
5468488.274246339,0.0,216.0,,0.88,79.0,9.3e-05,,,2021-12-26 19:20:00
5468489.274332472,0.0,215.0,,0.88,80.0,9e-05,,,2021-12-26 19:25:00
5468490.274418605,0.0,214.0,,0.88,80.0,8.4e-05,,,2021-12-26 19:30:00
5468491.274504737,0.0,213.0,,0.88,80.0,7.1e-05,,,2021-12-26 19:35:00
5468492.274590869,0.0,213.0,,0.88,80.0,7.4e-05,,,2021-12-26 19:40:00
5468493.274677003,0.0,212.0,,0.88,81.0,6.9e-05,,,2021-12-26 19:45:00
5468494.274763135,0.0,211.0,,0.88,91.0,5.7e-05,,,2021-12-26 19:50:00
5468495.274849268,0.0,212.0,226.0,0.88,82.0,7.3e-05,,2.3,2021-12-26 19:55:00
5468496.2749354,0.0,213.0,,0.88,88.0,7.5e-05,,,2021-12-26 20:00:00
5468497.275021533,0.0,223.0,,0.88,87.0,7.7e-05,,,2021-12-26 20:05:00
5468498.275107666,0.0,223.0,,0.88,90.0,8.3e-05,,,2021-12-26 20:10:00
5468499.275193798,0.0,223.0,,0.88,89.0,8.5e-05,,,2021-12-26 20:15:00
5468500.275279931,0.0,221.0,,0.88,87.0,7.7e-05,,,2021-12-26 20:20:00
5468501.275366063,0.0,220.0,,0.88,87.0,8e-05,,,2021-12-26 20:25:00
5468502.275452197,0.0,219.0,,0.88,87.0,8.2e-05,,,2021-12-26 20:30:00
5468503.275538329,0.0,217.0,,0.88,89.0,8.5e-05,,,2021-12-26 20:35:00
5468504.2756244615,0.0,216.0,221.0,0.88,84.0,9.3e-05,130.0,0.0,2021-12-26 20:40:00
5468505.275710594,0.0,213.0,,0.88,87.0,0.00012,,,2021-12-26 20:45:00
5468506.275796726,0.0,210.0,,0.88,84.0,0.000478,,12.5,2021-12-26 20:50:00
5468507.27588286,0.0,209.0,,0.88,85.0,0.00039,,,2021-12-26 20:55:00
5468508.275968992,0.0,208.0,,0.88,79.0,0.00018,,,2021-12-26 21:00:00
5468509.276055125,0.0,208.0,,0.88,81.0,0.000386,,,2021-12-26 21:05:00
5468510.276141257,0.0,210.0,,0.88,81.0,0.000232,,,2021-12-26 21:10:00
5468511.27622739,0.0,215.0,,0.88,88.0,0.00014,,,2021-12-26 21:15:00
5468512.276313523,0.0,221.0,,0.88,85.0,0.000109,,,2021-12-26 21:20:00
5468513.276399655,0.0,225.0,,0.88,82.0,0.000104,,,2021-12-26 21:25:00
5468514.276485788,0.0,230.0,,0.88,82.0,8.8e-05,,,2021-12-26 21:30:00
5468515.27657192,0.0,235.0,,0.88,84.0,7.9e-05,,,2021-12-26 21:35:00
5468516.2766580535,0.0,237.0,,0.88,89.0,5.8e-05,,,2021-12-26 21:40:00
5468517.276744186,0.0,238.0,,0.88,82.0,6.6e-05,,,2021-12-26 21:45:00
5468518.276830318,0.0,237.0,,0.88,81.0,7e-05,,,2021-12-26 21:50:00
5468519.276916451,0.0,235.0,,0.88,81.0,7.3e-05,,,2021-12-26 21:55:00
5468520.277002584,0.0,234.0,,0.88,82.0,8.1e-05,,,2021-12-26 22:00:00
5468521.277088717,0.0,234.0,,0.88,85.0,7.8e-05,,,2021-12-26 22:05:00
5468522.277174849,0.0,233.0,,0.88,83.0,8.3e-05,,,2021-12-26 22:10:00
5468523.2772609815,0.0,230.0,,0.88,89.0,8.3e-05,,,2021-12-26 22:15:00
5468524.277347114,0.0,224.0,,0.88,95.0,0.000181,,,2021-12-26 22:20:00
5468525.277433247,0.0,217.0,,0.88,95.0,0.00125,,,2021-12-26 22:25:00
5468526.27751938,0.0,209.0,,0.88,87.0,0.021632,,,2021-12-26 22:30:00
5468527.277605512,0.0,200.0,,0.88,81.0,0.63184,,,2021-12-26 22:35:00
5468528.277691645,0.0,193.0,,0.88,79.0,1.2104,,,2021-12-26 22:40:00
5468529.277777778,0.0,191.0,,0.88,81.0,1.1566,,,2021-12-26 22:45:00
5468530.27786391,0.0,195.0,,0.88,83.0,0.4416,,,2021-12-26 22:50:00
5468531.277950043,0.0,201.0,,0.88,82.0,0.397,,,2021-12-26 22:55:00
5468532.278036175,0.0,209.0,,0.88,82.0,0.825,,,2021-12-26 23:00:00
5468533.278122308,0.0,216.0,,0.88,81.0,0.4786,,,2021-12-26 23:05:00
5468534.278208441,0.0,220.0,,0.88,79.0,0.273,,,2021-12-26 23:10:00
5468535.278294574,0.0,223.0,,0.88,83.0,0.079206,,,2021-12-26 23:15:00
5468536.278380706,0.0,224.0,,0.88,83.0,0.07854,,,2021-12-26 23:20:00
5468537.278466838,0.0,225.0,,0.88,80.0,0.0376,,,2021-12-26 23:25:00
5468538.278552972,0.0,224.0,,0.88,81.0,0.011244,,,2021-12-26 23:30:00
5468539.278639104,0.0,224.0,,0.88,83.0,0.001787,,,2021-12-26 23:35:00
5468540.278725237,0.0,225.0,,0.88,81.0,0.000924,,,2021-12-26 23:40:00
5468541.278811369,0.0,225.0,,0.88,79.0,0.001208,,,2021-12-26 23:45:00
5468542.2788975015,0.0,225.0,,0.88,80.0,0.00127,,,2021-12-26 23:50:00
5468543.278983635,0.0,223.0,,0.88,80.0,0.001408,,,2021-12-26 23:55:00
5468544.279069767,0.0,222.0,,1.0,81.0,0.001477,,,2021-12-27 00:00:00
5468545.2791559,0.0,219.0,,1.0,84.0,0.001376,,,2021-12-27 00:05:00
5468546.279242032,0.0,215.0,,1.0,84.0,0.000833,,,2021-12-27 00:10:00
5468547.279328166,0.0,213.0,,1.0,78.0,0.000698,,,2021-12-27 00:15:00
5468548.279414298,0.0,209.0,,1.0,75.0,0.000399,,,2021-12-27 00:20:00
5468549.27950043,0.0,207.0,,1.0,70.0,0.000602,,,2021-12-27 00:25:00
5468550.279586563,0.0,208.0,,1.0,70.0,0.00064,,,2021-12-27 00:30:00
5468551.279672695,0.0,210.0,,1.0,71.0,0.000579,,,2021-12-27 00:35:00
5468552.279758829,0.0,213.0,,1.0,71.0,0.00056,,,2021-12-27 00:40:00
5468553.279844961,0.0,214.0,,1.0,71.0,0.000504,,,2021-12-27 00:45:00
5468554.279931094,0.0,216.0,,1.0,73.0,0.000455,,,2021-12-27 00:50:00
5468555.280017226,0.0,218.0,,1.0,74.0,0.000417,,,2021-12-27 00:55:00
5468556.280103359,0.0,219.0,,1.0,71.0,0.000345,,,2021-12-27 01:00:00
5468557.280189492,0.0,220.0,,1.0,71.0,0.000197,,,2021-12-27 01:05:00
5468558.280275624,0.0,222.0,,1.0,72.0,0.000241,,,2021-12-27 01:10:00
5468559.280361757,0.0,223.0,,1.0,71.0,0.000238,,,2021-12-27 01:15:00
5468560.280447889,0.0,223.0,,1.0,73.0,0.000258,,,2021-12-27 01:20:00
5468561.2805340225,0.0,224.0,,1.0,74.0,0.000185,,,2021-12-27 01:25:00
5468562.280620155,0.0,223.0,,1.0,75.0,0.000128,,,2021-12-27 01:30:00
5468563.280706287,0.0,222.0,,1.0,77.0,0.000104,,,2021-12-27 01:35:00
5468564.28079242,0.0,222.0,,1.0,77.0,5.9e-05,,,2021-12-27 01:40:00
5468565.280878553,0.0,220.0,,1.0,74.0,4.7e-05,,,2021-12-27 01:45:00
5468566.280964686,0.0,219.0,,1.0,73.0,7.2e-05,,,2021-12-27 01:50:00
5468567.281050818,0.0,218.0,,1.0,74.0,8.4e-05,,,2021-12-27 01:55:00
5468568.2811369505,0.0,216.0,,1.0,73.0,9e-05,,,2021-12-27 02:00:00
5468569.281223083,0.0,215.0,,1.0,77.0,9.3e-05,,,2021-12-27 02:05:00
5468570.281309216,0.0,214.0,,1.0,74.0,7.5e-05,,,2021-12-27 02:10:00
5468571.281395349,0.0,213.0,,1.0,73.0,6.2e-05,,,2021-12-27 02:15:00
5468572.281481481,0.0,212.0,,1.0,74.0,7.2e-05,,,2021-12-27 02:20:00
5468573.281567614,0.0,211.0,,1.0,72.0,9.6e-05,,,2021-12-27 02:25:00
5468574.281653747,0.0,211.0,,1.0,72.0,5e-05,,,2021-12-27 02:30:00
5468575.281739879,0.0,211.0,,1.0,73.0,4.5e-05,,,2021-12-27 02:35:00
5468576.281826012,0.0,212.0,,1.0,73.0,4.6e-05,,,2021-12-27 02:40:00
5468577.281912144,0.0,213.0,,1.0,74.0,4.5e-05,,,2021-12-27 02:45:00
5468578.281998277,0.0,214.0,,1.0,73.0,4.7e-05,,,2021-12-27 02:50:00
5468579.28208441,0.0,213.0,,1.0,70.0,5.4e-05,,,2021-12-27 02:55:00
5468580.2821705425,0.0,213.0,,1.0,70.0,4.9e-05,,,2021-12-27 03:00:00
5468581.282256675,0.0,213.0,,1.0,71.0,5.1e-05,,,2021-12-27 03:05:00
5468582.282342807,0.0,213.0,,1.0,70.0,5.3e-05,,,2021-12-27 03:10:00
5468583.282428941,0.0,213.0,,1.0,69.0,5.4e-05,,,2021-12-27 03:15:00
5468584.282515073,0.0,212.0,,1.0,70.0,5.5e-05,,,2021-12-27 03:20:00
5468585.282601206,0.0,210.0,,1.0,68.0,5.5e-05,,,2021-12-27 03:25:00
5468586.282687338,0.0,208.0,,1.0,68.0,5.1e-05,,,2021-12-27 03:30:00
5468587.2827734705,0.0,207.0,,1.0,67.0,5.1e-05,,,2021-12-27 03:35:00
5468588.282859604,0.0,207.0,,1.0,68.0,5.1e-05,,,2021-12-27 03:40:00
5468589.282945736,0.0,207.0,,1.0,69.0,5.9e-05,,,2021-12-27 03:45:00
5468590.283031869,0.0,206.0,,1.0,69.0,6.4e-05,,,2021-12-27 03:50:00
5468591.283118001,0.0,206.0,,1.0,69.0,6.4e-05,,,2021-12-27 03:55:00
5468592.283204135,0.0,205.0,,1.25,70.0,6.5e-05,,,2021-12-27 04:00:00
5468593.283290267,0.0,205.0,,1.25,67.0,6.3e-05,,,2021-12-27 04:05:00
5468594.283376399,0.0,205.0,,1.25,67.0,8.7e-05,,,2021-12-27 04:10:00
5468595.283462532,0.0,205.0,,1.25,66.0,0.000108,,,2021-12-27 04:15:00
5468596.283548664,0.0,204.0,,1.25,67.0,0.000126,,,2021-12-27 04:20:00
5468597.283634798,0.0,203.0,,1.25,67.0,0.000144,,,2021-12-27 04:25:00
5468598.28372093,0.0,203.0,,1.25,66.0,0.000136,,,2021-12-27 04:30:00
5468599.283807063,0.0,203.0,,1.25,66.0,0.000119,,,2021-12-27 04:35:00
5468600.283893195,0.0,203.0,,1.25,67.0,0.000119,,,2021-12-27 04:40:00
5468601.283979328,0.0,203.0,,1.25,76.0,0.000106,,,2021-12-27 04:45:00
5468602.284065461,0.0,204.0,,1.25,70.0,7.1e-05,,,2021-12-27 04:50:00
5468603.284151593,0.0,206.0,,1.25,64.0,5.1e-05,,,2021-12-27 04:55:00
5468604.284237726,0.0,206.0,,1.3,64.0,4.9e-05,,,2021-12-27 05:00:00
5468605.284323858,0.0,206.0,,1.3,65.0,4.8e-05,,,2021-12-27 05:05:00
5468606.284409991,0.0,207.0,,1.3,65.0,4.8e-05,,,2021-12-27 05:10:00
5468607.284496124,0.0,209.0,,1.3,65.0,4.8e-05,,,2021-12-27 05:15:00
5468608.284582256,0.0,210.0,,1.3,66.0,4.8e-05,,,2021-12-27 05:20:00
5468609.284668389,0.0,212.0,,1.3,67.0,4.8e-05,,,2021-12-27 05:25:00
5468610.284754522,0.0,213.0,,1.3,68.0,4.8e-05,,,2021-12-27 05:30:00
5468611.284840655,0.0,214.0,,1.3,67.0,4.8e-05,,,2021-12-27 05:35:00
5468612.284926787,0.0,213.0,,1.3,67.0,4.8e-05,,,2021-12-27 05:40:00
5468613.285012919,0.0,212.0,,1.3,68.0,4.9e-05,,,2021-12-27 05:45:00
5468614.285099052,0.0,210.0,,1.3,68.0,5e-05,,,2021-12-27 05:50:00
5468615.285185185,0.0,209.0,,1.3,70.0,5.1e-05,,,2021-12-27 05:55:00
5468616.285271318,0.0,207.0,,1.3,69.0,5.3e-05,,,2021-12-27 06:00:00
5468617.28535745,0.0,205.0,,1.3,69.0,5.2e-05,,,2021-12-27 06:05:00
5468618.285443583,0.0,205.0,,1.3,68.0,5e-05,,,2021-12-27 06:10:00
5468619.285529716,0.0,204.0,,1.3,69.0,4.5e-05,,,2021-12-27 06:15:00
5468620.285615848,0.0,203.0,,1.3,68.0,4.7e-05,,,2021-12-27 06:20:00
5468621.285701981,0.0,202.0,,1.3,68.0,4.8e-05,,,2021-12-27 06:25:00
5468622.285788113,0.0,201.0,,1.3,68.0,4.7e-05,,,2021-12-27 06:30:00
5468623.285874246,0.0,200.0,,1.3,68.0,4.5e-05,,,2021-12-27 06:35:00
5468624.285960379,0.0,200.0,,1.3,67.0,4.8e-05,,,2021-12-27 06:40:00
5468625.2860465115,0.0,199.0,,1.3,68.0,4.9e-05,,,2021-12-27 06:45:00
5468626.286132644,0.0,200.0,,1.3,66.0,5.1e-05,,,2021-12-27 06:50:00
5468627.286218776,0.0,200.0,,1.3,68.0,5.6e-05,,,2021-12-27 06:55:00
5468628.28630491,0.0,199.0,,1.45,67.0,6e-05,,,2021-12-27 07:00:00
5468629.286391042,0.0,199.0,,1.45,65.0,6.8e-05,,,2021-12-27 07:05:00
5468630.286477175,0.0,199.0,,1.45,67.0,7.3e-05,,,2021-12-27 07:10:00
5468631.286563307,0.0,199.0,,1.45,64.0,7.7e-05,,,2021-12-27 07:15:00
5468632.28664944,0.0,198.0,,1.45,65.0,7e-05,,,2021-12-27 07:20:00
5468633.286735573,0.0,197.0,,1.45,68.0,0.000111,,,2021-12-27 07:25:00
5468634.286821705,0.0,196.0,,1.45,71.0,0.000107,,,2021-12-27 07:30:00
5468635.286907838,0.0,196.0,,1.45,71.0,7e-05,,,2021-12-27 07:35:00
5468636.28699397,0.0,197.0,,1.45,71.0,8.3e-05,,,2021-12-27 07:40:00
5468637.2870801035,0.0,197.0,,1.45,70.0,8.6e-05,,,2021-12-27 07:45:00
5468638.287166236,0.0,198.0,,1.45,71.0,7.8e-05,,,2021-12-27 07:50:00
5468639.287252368,1.0,,,1.45,69.0,7.1e-05,,,2021-12-27 07:55:00
5468640.287338501,1.0,,,1.45,70.0,9.1e-05,,,2021-12-27 08:00:00
5468641.287424634,1.0,,,1.45,83.0,0.000109,,,2021-12-27 08:05:00
5468642.287510767,1.0,,,1.45,91.0,5.6e-05,,,2021-12-27 08:10:00
5468643.287596899,1.0,,181.0,1.45,84.0,5.1e-05,,,2021-12-27 08:15:00
5468644.2876830315,1.0,,,1.45,85.0,4.9e-05,,,2021-12-27 08:20:00
5468645.287769164,0.0,184.0,,1.45,90.0,5e-05,,,2021-12-27 08:25:00
5468646.287855297,0.0,186.0,,1.45,86.0,5e-05,,,2021-12-27 08:30:00
5468647.28794143,0.0,188.0,185.0,1.45,83.0,5.3e-05,,6.8,2021-12-27 08:35:00
5468648.288027562,0.0,191.0,,1.45,81.0,5.3e-05,80.0,5.3,2021-12-27 08:40:00
5468649.288113695,0.0,196.0,,1.45,88.0,5.3e-05,,,2021-12-27 08:45:00
5468650.288199828,0.0,201.0,,1.45,86.0,5.5e-05,,,2021-12-27 08:50:00
5468651.28828596,0.0,211.0,,1.45,84.0,5.3e-05,,,2021-12-27 08:55:00
5468652.288372093,0.0,227.0,,1.45,84.0,5.2e-05,,,2021-12-27 09:00:00
5468653.288458225,0.0,239.0,,1.45,87.0,5.2e-05,,,2021-12-27 09:05:00
5468654.288544358,0.0,253.0,,1.45,82.0,5e-05,,,2021-12-27 09:10:00
5468655.288630491,0.0,266.0,,1.45,84.0,5.1e-05,,,2021-12-27 09:15:00
5468656.288716624,0.0,273.0,,1.45,82.0,5.3e-05,,,2021-12-27 09:20:00
5468657.288802756,0.0,277.0,,1.45,79.0,5.2e-05,,,2021-12-27 09:25:00
5468658.288888888,0.0,283.0,,1.45,91.0,5.5e-05,,,2021-12-27 09:30:00
5468659.288975022,0.0,287.0,,1.45,81.0,5.2e-05,,,2021-12-27 09:35:00
5468660.289061154,0.0,292.0,,1.45,86.0,5.1e-05,,,2021-12-27 09:40:00
5468661.289147287,0.0,296.0,,1.45,97.0,5e-05,,,2021-12-27 09:45:00
5468662.289233419,0.0,295.0,,1.45,96.0,5.1e-05,,,2021-12-27 09:50:00
5468663.289319552,0.0,292.0,,1.45,98.0,5e-05,,,2021-12-27 09:55:00
5468664.289405685,0.0,291.0,,1.45,95.0,4.8e-05,,,2021-12-27 10:00:00
5468665.289491817,0.0,290.0,,1.45,92.0,0.000151,,,2021-12-27 10:05:00
5468666.28957795,0.0,287.0,,1.45,94.0,0.00027,,,2021-12-27 10:10:00
5468667.289664082,0.0,283.0,,1.45,85.0,0.001379,,,2021-12-27 10:15:00
5468668.289750216,0.0,279.0,,1.45,87.0,0.002543,,,2021-12-27 10:20:00
5468669.289836348,0.0,278.0,,1.45,92.0,0.025483,,,2021-12-27 10:25:00
5468670.2899224805,0.0,276.0,,1.45,86.0,0.133742,,,2021-12-27 10:30:00
5468671.290008613,0.0,271.0,,1.45,86.0,0.000898,,,2021-12-27 10:35:00
5468672.290094745,0.0,267.0,,1.45,102.0,0.00183,,,2021-12-27 10:40:00
5468673.290180879,0.0,266.0,,1.45,98.0,0.001256,,,2021-12-27 10:45:00
5468674.290267011,0.0,261.0,,1.45,100.0,0.12452,,,2021-12-27 10:50:00
5468675.290353144,0.0,254.0,,1.45,101.0,1.8068,,,2021-12-27 10:55:00
5468676.290439276,0.0,247.0,,0.75,104.0,5.34,,,2021-12-27 11:00:00
5468677.290525409,0.0,242.0,,0.75,108.0,6.6828,,,2021-12-27 11:05:00
5468678.290611542,0.0,234.0,,0.75,112.0,11.83,,,2021-12-27 11:10:00
5468679.290697674,0.0,225.0,,0.75,98.0,1.68,,,2021-12-27 11:15:00
5468680.290783807,0.0,216.0,,0.75,86.0,3.582,,,2021-12-27 11:20:00
5468681.290869939,0.0,211.0,,0.75,86.0,4.1986,,,2021-12-27 11:25:00
5468682.2909560725,0.0,207.0,,0.75,89.0,3.466,,,2021-12-27 11:30:00
5468683.291042205,0.0,204.0,,0.75,,1.702333,,,2021-12-27 11:35:00
5468684.291128337,0.0,200.0,,0.75,,,,,2021-12-27 11:40:00
5468685.29121447,0.0,197.0,,0.75,,,,,2021-12-27 11:45:00
5468686.291300603,0.0,194.0,,0.75,,,,,2021-12-27 11:50:00
5468687.291386736,0.0,188.0,,0.75,86.0,0.000415,,,2021-12-27 11:55:00
5468688.291472868,0.0,179.0,,0.75,85.0,5.6e-05,,,2021-12-27 12:00:00
5468689.2915590005,0.0,173.0,,0.75,83.0,5.7e-05,,,2021-12-27 12:05:00
5468690.291645133,0.0,168.0,,0.75,84.0,5.7e-05,,,2021-12-27 12:10:00
5468691.291731266,0.0,165.0,,0.75,83.0,5.9e-05,,,2021-12-27 12:15:00
5468692.291817399,0.0,162.0,,0.75,82.0,5.3e-05,,,2021-12-27 12:20:00
5468693.291903531,0.0,160.0,,0.75,82.0,5.2e-05,,,2021-12-27 12:25:00
5468694.291989664,0.0,155.0,,0.75,81.0,5.4e-05,,,2021-12-27 12:30:00
5468695.292075797,0.0,153.0,,0.75,89.0,5.7e-05,,,2021-12-27 12:35:00
5468696.292161929,0.0,153.0,,0.75,84.0,5.3e-05,,,2021-12-27 12:40:00
5468697.292248062,0.0,153.0,,0.75,82.0,5.4e-05,,,2021-12-27 12:45:00
5468698.292334194,0.0,151.0,,0.75,86.0,5e-05,,,2021-12-27 12:50:00
5468699.292420327,0.0,146.0,,0.75,84.0,5.1e-05,,,2021-12-27 12:55:00
5468700.29250646,0.0,140.0,,0.75,88.0,5.3e-05,,,2021-12-27 13:00:00
5468701.292592593,0.0,140.0,,0.75,85.0,4.8e-05,,,2021-12-27 13:05:00
5468702.292678725,0.0,138.0,,0.75,94.0,4.9e-05,,,2021-12-27 13:10:00
5468703.292764857,0.0,133.0,,0.75,96.0,5.2e-05,,,2021-12-27 13:15:00
5468704.292850991,0.0,127.0,,0.75,97.0,4.8e-05,,,2021-12-27 13:20:00
5468705.292937123,0.0,121.0,,0.75,100.0,5.2e-05,,,2021-12-27 13:25:00
5468706.293023256,0.0,117.0,,0.75,85.0,4.9e-05,,,2021-12-27 13:30:00
5468707.293109388,0.0,114.0,,0.75,91.0,4.9e-05,,,2021-12-27 13:35:00
5468708.2931955205,0.0,112.0,,0.75,87.0,5e-05,,,2021-12-27 13:40:00
5468709.293281654,0.0,107.0,,0.75,86.0,4.7e-05,,,2021-12-27 13:45:00
5468710.293367786,0.0,102.0,,0.75,83.0,4.6e-05,,,2021-12-27 13:50:00
5468711.293453919,0.0,99.0,,0.75,86.0,4.6e-05,,,2021-12-27 13:55:00
5468712.293540051,0.0,96.0,,0.75,83.0,4.7e-05,,,2021-12-27 14:00:00
5468713.293626185,0.0,94.0,,0.75,81.0,4.8e-05,,,2021-12-27 14:05:00
5468714.293712317,0.0,91.0,,0.75,84.0,4.6e-05,,,2021-12-27 14:10:00
5468715.293798449,0.0,91.0,,0.75,84.0,4.5e-05,,,2021-12-27 14:15:00
5468716.293884582,0.0,89.0,,0.75,90.0,4.7e-05,,,2021-12-27 14:20:00
5468717.293970714,0.0,89.0,,0.75,84.0,4.6e-05,,,2021-12-27 14:25:00
5468718.294056848,0.0,89.0,,0.75,84.0,4.5e-05,,,2021-12-27 14:30:00
5468719.29414298,0.0,88.0,,0.75,88.0,4.5e-05,,,2021-12-27 14:35:00
5468720.294229113,0.0,88.0,,0.75,87.0,4.6e-05,,,2021-12-27 14:40:00
5468721.294315245,0.0,86.0,,0.75,87.0,5.1e-05,,,2021-12-27 14:45:00
5468722.294401378,0.0,84.0,,0.75,83.0,5e-05,,,2021-12-27 14:50:00
5468723.294487511,0.0,83.0,,0.75,90.0,4.9e-05,,,2021-12-27 14:55:00
5468724.294573643,0.0,82.0,,0.75,95.0,4.9e-05,,,2021-12-27 15:00:00
5468725.294659776,0.0,80.0,65.0,0.75,92.0,5.1e-05,,,2021-12-27 15:05:00
5468726.294745908,0.0,77.0,65.0,0.75,87.0,5.2e-05,80.0,1.2,2021-12-27 15:10:00
5468727.2948320415,0.0,68.0,,0.75,85.0,5e-05,,,2021-12-27 15:15:00
5468728.294918174,0.0,67.0,,0.75,87.0,5.2e-05,,2.6,2021-12-27 15:20:00
5468729.295004306,0.0,66.0,,0.75,85.0,4.8e-05,,,2021-12-27 15:25:00
5468730.295090439,0.0,66.0,,0.75,83.0,5.3e-05,,,2021-12-27 15:30:00
5468731.295176572,0.0,67.0,,0.75,83.0,5.5e-05,,,2021-12-27 15:35:00
5468732.295262705,0.0,70.0,,0.75,80.0,5.6e-05,,,2021-12-27 15:40:00
5468733.295348837,0.0,76.0,,0.75,79.0,5.6e-05,,,2021-12-27 15:45:00
5468734.2954349695,0.0,82.0,,0.75,78.0,5.6e-05,,,2021-12-27 15:50:00
5468735.295521102,0.0,88.0,,0.75,79.0,5.8e-05,,,2021-12-27 15:55:00
5468736.295607235,0.0,94.0,,0.75,89.0,4.7e-05,,,2021-12-27 16:00:00
5468737.295693368,0.0,99.0,,0.75,81.0,5e-05,,,2021-12-27 16:05:00
5468738.2957795,0.0,102.0,,0.75,80.0,4.9e-05,,,2021-12-27 16:10:00
5468739.295865633,0.0,101.0,,0.75,82.0,5.2e-05,,,2021-12-27 16:15:00
5468740.295951766,0.0,97.0,,0.75,78.0,5.4e-05,,,2021-12-27 16:20:00
5468741.296037898,0.0,93.0,,0.75,79.0,5.1e-05,,,2021-12-27 16:25:00
5468742.296124031,0.0,92.0,,0.75,80.0,4.8e-05,,,2021-12-27 16:30:00
5468743.296210163,0.0,93.0,,0.75,78.0,4.9e-05,,,2021-12-27 16:35:00
5468744.296296296,0.0,95.0,,0.75,79.0,5.1e-05,,,2021-12-27 16:40:00
5468745.296382429,0.0,95.0,,0.75,80.0,5e-05,,,2021-12-27 16:45:00
5468746.2964685615,0.0,93.0,,0.75,98.0,5e-05,,,2021-12-27 16:50:00
5468747.296554694,0.0,90.0,,0.75,106.0,4.8e-05,,,2021-12-27 16:55:00
5468748.296640826,0.0,85.0,,0.88,94.0,5.1e-05,,,2021-12-27 17:00:00
5468749.29672696,0.0,81.0,,0.88,107.0,6.3e-05,,,2021-12-27 17:05:00
5468750.296813092,0.0,78.0,,0.88,101.0,0.00031,,,2021-12-27 17:10:00
5468751.296899225,0.0,80.0,,0.88,88.0,9.2e-05,,,2021-12-27 17:15:00
5468752.296985357,0.0,85.0,,0.88,89.0,6.5e-05,,,2021-12-27 17:20:00
5468753.2970714895,0.0,92.0,,0.88,91.0,5.7e-05,,,2021-12-27 17:25:00
5468754.297157623,0.0,99.0,,0.88,94.0,5.3e-05,,,2021-12-27 17:30:00
5468755.297243755,0.0,103.0,,0.88,100.0,6e-05,,,2021-12-27 17:35:00
5468756.297329888,0.0,108.0,,0.88,97.0,7.8e-05,,,2021-12-27 17:40:00
5468757.29741602,0.0,109.0,,0.88,99.0,0.000146,,,2021-12-27 17:45:00
5468758.297502154,0.0,110.0,,0.88,101.0,0.000154,,,2021-12-27 17:50:00
5468759.297588286,0.0,110.0,,0.88,99.0,0.00012,,,2021-12-27 17:55:00
5468760.297674418,0.0,109.0,,0.88,94.0,0.000236,,,2021-12-27 18:00:00
5468761.297760551,0.0,108.0,,0.88,98.0,0.000251,,,2021-12-27 18:05:00
5468762.297846683,0.0,109.0,109.0,0.88,98.0,0.000221,150.0,,2021-12-27 18:10:00
5468763.297932817,0.0,111.0,,0.88,89.0,0.000103,,17.3,2021-12-27 18:15:00
5468764.298018949,0.0,110.0,,0.88,95.0,0.000106,,,2021-12-27 18:20:00
5468765.298105082,0.0,111.0,,0.88,88.0,9.6e-05,,,2021-12-27 18:25:00
5468766.298191214,0.0,114.0,,0.88,98.0,0.000197,,,2021-12-27 18:30:00
5468767.298277347,0.0,116.0,,0.88,102.0,0.000134,,,2021-12-27 18:35:00
5468768.29836348,0.0,121.0,,0.88,102.0,0.000168,,,2021-12-27 18:40:00
5468769.298449612,0.0,129.0,,0.88,100.0,0.00022,,,2021-12-27 18:45:00
5468770.298535745,0.0,145.0,,0.88,87.0,0.000245,,,2021-12-27 18:50:00
5468771.298621877,0.0,159.0,,0.88,87.0,0.000102,,,2021-12-27 18:55:00
5468772.29870801,0.0,156.0,,0.88,90.0,0.000169,,,2021-12-27 19:00:00
5468773.298794143,0.0,161.0,,0.88,87.0,0.000156,,,2021-12-27 19:05:00
5468774.298880275,0.0,163.0,,0.88,88.0,0.000118,,,2021-12-27 19:10:00
5468775.298966408,0.0,162.0,,0.88,86.0,7.9e-05,,,2021-12-27 19:15:00
5468776.299052541,0.0,159.0,,0.88,87.0,8.1e-05,,,2021-12-27 19:20:00
5468777.299138674,0.0,155.0,,0.88,87.0,7.8e-05,,,2021-12-27 19:25:00
5468778.299224806,0.0,150.0,,0.88,84.0,6.9e-05,,,2021-12-27 19:30:00
5468779.299310938,0.0,143.0,,0.88,83.0,6.2e-05,,,2021-12-27 19:35:00
5468780.299397071,0.0,136.0,,0.88,85.0,5.1e-05,,,2021-12-27 19:40:00
5468781.299483204,0.0,128.0,,0.88,85.0,6.9e-05,,,2021-12-27 19:45:00
5468782.299569337,0.0,112.0,,0.88,86.0,7.9e-05,,,2021-12-27 19:50:00
5468783.299655469,0.0,106.0,,0.88,87.0,8.6e-05,,,2021-12-27 19:55:00
5468784.299741602,0.0,101.0,,0.88,87.0,8.5e-05,,,2021-12-27 20:00:00
5468785.299827735,0.0,96.0,,0.88,90.0,5.8e-05,,,2021-12-27 20:05:00
5468786.299913867,0.0,92.0,,0.88,85.0,5.2e-05,,,2021-12-27 20:10:00
5468787.3,0.0,90.0,,0.88,86.0,5.2e-05,,,2021-12-27 20:15:00
5468788.300086132,0.0,89.0,,0.88,94.0,5.1e-05,,,2021-12-27 20:20:00
5468789.300172265,0.0,87.0,,0.88,87.0,5.1e-05,,,2021-12-27 20:25:00
5468790.300258398,0.0,87.0,,0.88,88.0,4.9e-05,,,2021-12-27 20:30:00
5468791.3003445305,0.0,86.0,,0.88,89.0,4.8e-05,,,2021-12-27 20:35:00
5468792.300430663,0.0,87.0,,0.88,87.0,5.2e-05,,,2021-12-27 20:40:00
5468793.300516795,0.0,87.0,,0.88,86.0,5e-05,,,2021-12-27 20:45:00
5468794.300602929,0.0,88.0,,0.88,87.0,4.7e-05,,,2021-12-27 20:50:00
5468795.300689061,0.0,87.0,,0.88,89.0,4.7e-05,,,2021-12-27 20:55:00
5468796.300775194,0.0,87.0,,0.88,88.0,4.9e-05,,,2021-12-27 21:00:00
5468797.300861326,0.0,88.0,,0.88,85.0,5.4e-05,,,2021-12-27 21:05:00
5468798.3009474585,0.0,88.0,88.0,0.88,85.0,6.1e-05,,4.3,2021-12-27 21:10:00
5468799.301033592,0.0,88.0,,0.88,86.0,5.5e-05,70.0,5.8,2021-12-27 21:15:00
5468800.301119724,0.0,87.0,,0.88,88.0,5.6e-05,,,2021-12-27 21:20:00
5468801.301205857,0.0,83.0,,0.88,93.0,5.7e-05,,,2021-12-27 21:25:00
5468802.301291989,0.0,82.0,,0.88,81.0,5.9e-05,,,2021-12-27 21:30:00
5468803.3013781225,0.0,83.0,,0.88,83.0,5.8e-05,,,2021-12-27 21:35:00
5468804.301464255,0.0,86.0,,0.88,84.0,5.6e-05,,,2021-12-27 21:40:00
5468805.301550387,0.0,90.0,,0.88,84.0,5.4e-05,,,2021-12-27 21:45:00
5468806.30163652,0.0,95.0,,0.88,85.0,5.4e-05,,,2021-12-27 21:50:00
5468807.301722652,0.0,99.0,,0.88,84.0,5.7e-05,,,2021-12-27 21:55:00
5468808.301808786,0.0,102.0,,0.88,84.0,5.8e-05,,,2021-12-27 22:00:00
5468809.301894918,0.0,104.0,,0.88,88.0,5.4e-05,,,2021-12-27 22:05:00
5468810.3019810505,0.0,102.0,,0.88,92.0,5.7e-05,,,2021-12-27 22:10:00
5468811.302067183,0.0,98.0,,0.88,80.0,5.6e-05,,,2021-12-27 22:15:00
5468812.302153316,0.0,96.0,,0.88,81.0,5.2e-05,,,2021-12-27 22:20:00
5468813.302239449,0.0,95.0,,0.88,80.0,5.9e-05,,,2021-12-27 22:25:00
5468814.302325581,0.0,94.0,,0.88,78.0,6.8e-05,,,2021-12-27 22:30:00
5468815.302411714,0.0,94.0,,0.88,77.0,7.6e-05,,,2021-12-27 22:35:00
5468816.302497846,0.0,92.0,,0.88,75.0,8.2e-05,,,2021-12-27 22:40:00
5468817.302583979,0.0,90.0,,0.88,76.0,8.6e-05,,,2021-12-27 22:45:00
5468818.302670112,0.0,88.0,,0.88,76.0,8.9e-05,,,2021-12-27 22:50:00
5468819.302756244,0.0,86.0,,0.88,77.0,9.3e-05,,,2021-12-27 22:55:00
5468820.302842377,0.0,84.0,,0.88,77.0,0.000104,,,2021-12-27 23:00:00
5468821.30292851,0.0,82.0,,0.88,73.0,0.000186,,,2021-12-27 23:05:00
5468822.303014643,0.0,81.0,,0.88,74.0,0.000151,,,2021-12-27 23:10:00
5468823.303100775,0.0,81.0,,0.88,75.0,9.1e-05,,,2021-12-27 23:15:00
5468824.303186907,0.0,81.0,,0.88,73.0,0.000124,,,2021-12-27 23:20:00
5468825.30327304,0.0,80.0,,0.88,74.0,8.3e-05,,,2021-12-27 23:25:00
5468826.303359173,0.0,81.0,,0.88,75.0,7.4e-05,,,2021-12-27 23:30:00
5468827.303445306,0.0,80.0,,0.88,75.0,6.8e-05,,,2021-12-27 23:35:00
5468828.303531438,0.0,80.0,,0.88,73.0,6.6e-05,,,2021-12-27 23:40:00
5468829.303617571,0.0,78.0,,0.88,76.0,6.5e-05,,,2021-12-27 23:45:00
5468830.303703704,0.0,76.0,,0.88,74.0,8.2e-05,,,2021-12-27 23:50:00
5468831.303789836,0.0,74.0,,0.88,73.0,8.2e-05,,,2021-12-27 23:55:00
5468832.303875969,0.0,74.0,,0.0,72.0,8.1e-05,,,2021-12-28 00:00:00
5468833.303962101,0.0,76.0,,0.0,73.0,8.1e-05,,,2021-12-28 00:05:00
5468834.304048234,0.0,76.0,,0.0,76.0,7.6e-05,,,2021-12-28 00:10:00
5468835.304134367,0.0,75.0,,0.0,72.0,5.5e-05,,,2021-12-28 00:15:00
5468836.3042204995,0.0,74.0,,0.0,71.0,5.6e-05,,,2021-12-28 00:20:00
5468837.304306632,0.0,76.0,,0.0,71.0,5.3e-05,,,2021-12-28 00:25:00
5468838.304392764,0.0,77.0,,0.0,71.0,5.2e-05,,,2021-12-28 00:30:00
5468839.304478898,0.0,79.0,,0.0,71.0,5.2e-05,,,2021-12-28 00:35:00
5468840.30456503,0.0,79.0,,0.0,70.0,5.2e-05,,,2021-12-28 00:40:00
5468841.304651163,0.0,77.0,,0.0,68.0,5.4e-05,,,2021-12-28 00:45:00
5468842.304737295,0.0,79.0,,0.0,69.0,5.2e-05,,,2021-12-28 00:50:00
5468843.304823427,0.0,83.0,,0.0,68.0,4.5e-05,,,2021-12-28 00:55:00
5468844.304909561,0.0,84.0,,0.0,68.0,4.5e-05,,,2021-12-28 01:00:00
5468845.304995693,0.0,87.0,,0.0,66.0,4.5e-05,,,2021-12-28 01:05:00
5468846.305081826,0.0,90.0,,0.0,66.0,4.6e-05,,,2021-12-28 01:10:00
5468847.305167958,0.0,93.0,,0.0,67.0,4.8e-05,,,2021-12-28 01:15:00
5468848.3052540915,0.0,93.0,,0.0,66.0,4.8e-05,,,2021-12-28 01:20:00
5468849.305340224,0.0,95.0,,0.0,67.0,4.6e-05,,,2021-12-28 01:25:00
5468850.305426356,0.0,98.0,,0.88,68.0,4.5e-05,,,2021-12-28 01:30:00
5468851.305512489,0.0,98.0,,0.88,68.0,5.2e-05,,,2021-12-28 01:35:00
5468852.305598621,0.0,99.0,,0.88,66.0,5.8e-05,,,2021-12-28 01:40:00
5468853.305684755,0.0,99.0,,0.88,65.0,6.1e-05,,,2021-12-28 01:45:00
5468854.305770887,0.0,101.0,,0.88,65.0,6.3e-05,,,2021-12-28 01:50:00
5468855.3058570195,0.0,103.0,,0.88,66.0,6.4e-05,,,2021-12-28 01:55:00
5468856.305943152,0.0,104.0,,0.88,67.0,6.6e-05,,,2021-12-28 02:00:00
5468857.306029285,0.0,104.0,,0.88,65.0,6.7e-05,,,2021-12-28 02:05:00
5468858.306115418,0.0,105.0,,0.88,65.0,7e-05,,,2021-12-28 02:10:00
5468859.30620155,0.0,106.0,,0.88,66.0,7.5e-05,,,2021-12-28 02:15:00
5468860.306287683,0.0,108.0,,0.88,67.0,7.7e-05,,,2021-12-28 02:20:00
5468861.306373815,0.0,111.0,,0.88,67.0,7.4e-05,,,2021-12-28 02:25:00
5468862.306459948,0.0,112.0,,0.88,66.0,7.1e-05,,,2021-12-28 02:30:00
5468863.306546081,0.0,114.0,,0.88,66.0,6.8e-05,,,2021-12-28 02:35:00
5468864.306632213,0.0,115.0,,0.88,67.0,6.5e-05,,,2021-12-28 02:40:00
5468865.306718346,0.0,117.0,,0.88,69.0,6.3e-05,,,2021-12-28 02:45:00
5468866.306804479,0.0,118.0,,0.88,68.0,6.2e-05,,,2021-12-28 02:50:00
5468867.306890612,0.0,120.0,,0.88,68.0,6e-05,,,2021-12-28 02:55:00
5468868.306976744,0.0,122.0,,0.88,74.0,5.9e-05,,,2021-12-28 03:00:00
5468869.307062876,0.0,124.0,,0.88,68.0,4.6e-05,,,2021-12-28 03:05:00
5468870.307149009,0.0,121.0,,0.88,69.0,4.5e-05,,,2021-12-28 03:10:00
5468871.307235142,0.0,117.0,,0.88,67.0,4.5e-05,,,2021-12-28 03:15:00
5468872.307321275,0.0,112.0,,0.88,68.0,4.5e-05,,,2021-12-28 03:20:00
5468873.307407407,0.0,107.0,,0.88,67.0,4.6e-05,,,2021-12-28 03:25:00
5468874.3074935395,0.0,103.0,,0.88,68.0,4.6e-05,,,2021-12-28 03:30:00
5468875.307579673,0.0,101.0,,0.88,67.0,4.6e-05,,,2021-12-28 03:35:00
5468876.307665805,0.0,99.0,,0.88,69.0,4.7e-05,,,2021-12-28 03:40:00
5468877.307751938,0.0,98.0,,0.88,67.0,4.8e-05,,,2021-12-28 03:45:00
5468878.30783807,0.0,98.0,,0.88,69.0,4.8e-05,,,2021-12-28 03:50:00
5468879.307924203,0.0,98.0,,0.88,67.0,5.4e-05,,,2021-12-28 03:55:00
5468880.308010336,0.0,100.0,,0.88,65.0,4.8e-05,,,2021-12-28 04:00:00
5468881.308096468,0.0,101.0,,0.88,66.0,4.7e-05,,,2021-12-28 04:05:00
5468882.308182601,0.0,101.0,,0.88,65.0,5.1e-05,,,2021-12-28 04:10:00
5468883.308268733,0.0,101.0,,0.88,66.0,5.5e-05,,,2021-12-28 04:15:00
5468884.308354867,0.0,101.0,,0.88,67.0,5.3e-05,,,2021-12-28 04:20:00
5468885.308440999,0.0,102.0,,0.88,65.0,5.1e-05,,,2021-12-28 04:25:00
5468886.308527132,0.0,102.0,,0.88,66.0,5.1e-05,,,2021-12-28 04:30:00
5468887.308613264,0.0,103.0,,0.88,67.0,5.2e-05,,,2021-12-28 04:35:00
5468888.308699396,0.0,104.0,,0.88,67.0,5.5e-05,,,2021-12-28 04:40:00
5468889.30878553,0.0,105.0,,0.88,69.0,5e-05,,,2021-12-28 04:45:00
5468890.308871662,0.0,107.0,,0.88,67.0,4.7e-05,,,2021-12-28 04:50:00
5468891.308957795,0.0,106.0,,0.88,70.0,4.9e-05,,,2021-12-28 04:55:00
5468892.309043927,0.0,104.0,,0.88,74.0,5.2e-05,,,2021-12-28 05:00:00
5468893.3091300605,0.0,110.0,,0.88,83.0,4.8e-05,,,2021-12-28 05:05:00
5468894.309216193,0.0,120.0,171.0,0.88,90.0,4.9e-05,,,2021-12-28 05:10:00
5468895.309302325,0.0,122.0,,0.88,88.0,4.7e-05,,,2021-12-28 05:15:00
5468896.309388458,0.0,151.0,,0.88,96.0,5e-05,,,2021-12-28 05:20:00
5468897.30947459,0.0,155.0,,0.88,82.0,4.6e-05,,,2021-12-28 05:25:00
5468898.309560724,0.0,151.0,,0.88,95.0,4.9e-05,,,2021-12-28 05:30:00
5468899.309646856,0.0,147.0,,0.88,101.0,5.1e-05,,,2021-12-28 05:35:00
5468900.3097329885,0.0,149.0,,0.88,113.0,5.3e-05,,,2021-12-28 05:40:00
5468901.309819121,0.0,152.0,,0.88,125.0,5.1e-05,,,2021-12-28 05:45:00
5468902.309905254,0.0,159.0,,0.88,127.0,5.3e-05,,,2021-12-28 05:50:00
5468903.309991387,0.0,162.0,,0.88,111.0,5e-05,,,2021-12-28 05:55:00
5468904.310077519,0.0,165.0,,0.88,113.0,5e-05,,,2021-12-28 06:00:00
5468905.310163652,0.0,174.0,,0.88,82.0,5.1e-05,,,2021-12-28 06:05:00
5468906.310249784,0.0,180.0,175.0,0.88,84.0,4.9e-05,,9.7,2021-12-28 06:10:00
5468907.310335917,0.0,185.0,,0.88,80.0,5e-05,135.0,8.4,2021-12-28 06:15:00
5468908.31042205,0.0,188.0,,0.88,82.0,5.2e-05,,,2021-12-28 06:20:00
5468909.310508182,0.0,190.0,,0.88,84.0,5.2e-05,,,2021-12-28 06:25:00
5468910.310594315,0.0,188.0,,0.88,90.0,5.2e-05,,,2021-12-28 06:30:00
5468911.310680448,0.0,193.0,,0.88,95.0,5.1e-05,,,2021-12-28 06:35:00
5468912.3107665805,0.0,197.0,,0.88,95.0,4.8e-05,,,2021-12-28 06:40:00
5468913.310852713,0.0,205.0,,0.88,82.0,4.6e-05,,,2021-12-28 06:45:00
5468914.310938845,0.0,219.0,,0.88,92.0,5e-05,,,2021-12-28 06:50:00
5468915.311024978,0.0,231.0,,0.88,85.0,5.3e-05,,,2021-12-28 06:55:00
5468916.311111111,0.0,239.0,,0.88,98.0,4.8e-05,,,2021-12-28 07:00:00
5468917.311197244,0.0,239.0,,0.88,108.0,4.6e-05,,,2021-12-28 07:05:00
5468918.311283376,0.0,237.0,,0.88,87.0,4.6e-05,,,2021-12-28 07:10:00
5468919.3113695085,0.0,235.0,,0.88,90.0,6.7e-05,,,2021-12-28 07:15:00
5468920.311455642,0.0,233.0,,0.88,90.0,5.4e-05,,,2021-12-28 07:20:00
5468921.311541774,0.0,231.0,,0.88,90.0,4.6e-05,,,2021-12-28 07:25:00
5468922.311627907,0.0,231.0,,0.88,85.0,4.4e-05,,,2021-12-28 07:30:00
5468923.311714039,0.0,238.0,,0.88,83.0,4.5e-05,,,2021-12-28 07:35:00
5468924.311800172,0.0,245.0,,0.88,81.0,4.5e-05,,,2021-12-28 07:40:00
5468925.311886305,0.0,250.0,,0.88,78.0,4.5e-05,,,2021-12-28 07:45:00
5468926.311972437,0.0,255.0,,0.88,77.0,4.5e-05,,,2021-12-28 07:50:00
5468927.31205857,0.0,262.0,,0.88,75.0,4.5e-05,,,2021-12-28 07:55:00
5468928.312144702,0.0,266.0,,0.88,80.0,4.5e-05,,,2021-12-28 08:00:00
5468929.312230836,0.0,268.0,,0.88,80.0,4.5e-05,,,2021-12-28 08:05:00
5468930.312316968,0.0,272.0,,0.88,79.0,4.6e-05,,,2021-12-28 08:10:00
5468931.312403101,0.0,273.0,,0.88,80.0,4.6e-05,,,2021-12-28 08:15:00
5468932.312489233,0.0,270.0,,0.88,78.0,4.8e-05,,,2021-12-28 08:20:00
5468933.312575365,0.0,267.0,,0.88,79.0,4.5e-05,,,2021-12-28 08:25:00
5468934.312661499,0.0,265.0,,0.88,78.0,4.6e-05,,,2021-12-28 08:30:00
5468935.312747631,0.0,260.0,,0.88,79.0,4.7e-05,,,2021-12-28 08:35:00
5468936.312833764,0.0,254.0,,0.88,78.0,4.7e-05,,,2021-12-28 08:40:00
5468937.312919896,0.0,257.0,,0.88,77.0,4.5e-05,,,2021-12-28 08:45:00
5468938.313006029,0.0,253.0,,0.88,71.0,4.7e-05,,,2021-12-28 08:50:00
5468939.313092162,0.0,245.0,,0.88,78.0,4.6e-05,,,2021-12-28 08:55:00
5468940.313178294,0.0,237.0,,0.88,75.0,4.7e-05,,,2021-12-28 09:00:00
5468941.313264427,0.0,237.0,,0.88,84.0,4.7e-05,,,2021-12-28 09:05:00
5468942.313350559,0.0,233.0,,0.88,87.0,4.5e-05,,,2021-12-28 09:10:00
5468943.313436693,0.0,229.0,,0.88,82.0,4.6e-05,,,2021-12-28 09:15:00
5468944.313522825,0.0,220.0,,0.88,79.0,4.7e-05,,,2021-12-28 09:20:00
5468945.313608957,0.0,213.0,,0.88,72.0,4.4e-05,,,2021-12-28 09:25:00
5468946.31369509,0.0,206.0,,0.88,75.0,4.5e-05,,,2021-12-28 09:30:00
5468947.313781223,0.0,197.0,,0.88,76.0,4.5e-05,,,2021-12-28 09:35:00
5468948.313867356,0.0,194.0,,0.88,76.0,4.5e-05,,,2021-12-28 09:40:00
5468949.313953488,0.0,190.0,,0.88,79.0,4.5e-05,,,2021-12-28 09:45:00
5468950.314039621,0.0,185.0,,0.88,75.0,4.6e-05,,,2021-12-28 09:50:00
5468951.314125754,0.0,181.0,,0.88,75.0,4.7e-05,,,2021-12-28 09:55:00
5468952.314211886,0.0,180.0,,0.88,77.0,4.6e-05,,,2021-12-28 10:00:00
5468953.314298019,0.0,181.0,,0.88,76.0,4.5e-05,,,2021-12-28 10:05:00
5468954.314384151,0.0,183.0,,0.88,84.0,4.3e-05,,,2021-12-28 10:10:00
5468955.314470284,0.0,182.0,,0.88,111.0,4.3e-05,,,2021-12-28 10:15:00
5468956.314556417,0.0,177.0,,0.88,74.0,4.4e-05,,,2021-12-28 10:20:00
5468957.3146425495,0.0,172.0,,0.88,79.0,4.5e-05,,,2021-12-28 10:25:00
5468958.314728682,0.0,169.0,,0.88,86.0,4.4e-05,,,2021-12-28 10:30:00
5468959.314814814,0.0,165.0,,0.88,74.0,4.4e-05,,,2021-12-28 10:35:00
5468960.314900948,0.0,162.0,,0.88,95.0,4.5e-05,,,2021-12-28 10:40:00
5468961.31498708,0.0,159.0,,0.88,107.0,4.7e-05,,,2021-12-28 10:45:00
5468962.315073213,0.0,156.0,,0.88,81.0,4.7e-05,,,2021-12-28 10:50:00
5468963.315159345,0.0,154.0,,0.88,80.0,5.3e-05,,,2021-12-28 10:55:00
5468964.3152454775,0.0,153.0,,0.88,91.0,4.8e-05,,,2021-12-28 11:00:00
5468965.315331611,0.0,154.0,,0.88,79.0,4.4e-05,,,2021-12-28 11:05:00
5468966.315417743,0.0,151.0,,0.88,73.0,4.4e-05,,,2021-12-28 11:10:00
5468967.315503876,0.0,149.0,,0.88,106.0,4.3e-05,,,2021-12-28 11:15:00
5468968.315590008,0.0,147.0,,0.88,78.0,4.4e-05,,,2021-12-28 11:20:00
5468969.3156761415,0.0,145.0,,0.88,77.0,4.4e-05,,,2021-12-28 11:25:00
5468970.315762274,0.0,144.0,,0.88,79.0,4.4e-05,,,2021-12-28 11:30:00
5468971.315848406,0.0,143.0,141.0,0.88,75.0,4.3e-05,,,2021-12-28 11:35:00
5468972.315934539,0.0,142.0,,0.88,105.0,4.3e-05,,,2021-12-28 11:40:00
5468973.316020671,0.0,142.0,141.0,0.88,80.0,4.5e-05,140.0,9.3,2021-12-28 11:45:00
5468974.316106805,0.0,140.0,,0.88,83.0,4.5e-05,,8.8,2021-12-28 11:50:00
5468975.316192937,0.0,138.0,,0.88,85.0,4.6e-05,,,2021-12-28 11:55:00
5468976.3162790695,0.0,135.0,,0.88,87.0,5e-05,,,2021-12-28 12:00:00
5468977.316365202,0.0,134.0,,0.88,85.0,4.5e-05,,,2021-12-28 12:05:00
5468978.316451335,0.0,134.0,,0.88,101.0,4.5e-05,,,2021-12-28 12:10:00
5468979.316537468,0.0,140.0,,0.88,85.0,4.4e-05,,,2021-12-28 12:15:00
5468980.3166236,0.0,148.0,,0.88,78.0,4.4e-05,,,2021-12-28 12:20:00
5468981.316709733,0.0,154.0,,0.88,79.0,4.4e-05,,,2021-12-28 12:25:00
5468982.316795865,0.0,158.0,,0.88,81.0,4.4e-05,,,2021-12-28 12:30:00
5468983.316881998,0.0,162.0,,0.88,82.0,4.3e-05,,,2021-12-28 12:35:00
5468984.316968131,0.0,166.0,,0.88,83.0,4.3e-05,,,2021-12-28 12:40:00
5468985.317054263,0.0,170.0,,0.88,82.0,4.3e-05,,,2021-12-28 12:45:00
5468986.317140396,0.0,172.0,,0.88,83.0,4.3e-05,,,2021-12-28 12:50:00
5468987.317226529,0.0,178.0,,0.88,83.0,4.3e-05,,,2021-12-28 12:55:00
5468988.317312662,0.0,185.0,,0.88,82.0,4.4e-05,,,2021-12-28 13:00:00
5468989.317398794,0.0,190.0,,0.88,82.0,4.5e-05,,,2021-12-28 13:05:00
5468990.317484926,0.0,193.0,,0.88,80.0,4.5e-05,,,2021-12-28 13:10:00
5468991.317571059,0.0,198.0,,0.88,82.0,4.4e-05,,,2021-12-28 13:15:00
5468992.317657192,0.0,201.0,,0.88,88.0,4.4e-05,,,2021-12-28 13:20:00
5468993.317743325,0.0,201.0,,0.88,76.0,4.6e-05,,,2021-12-28 13:25:00
5468994.317829457,0.0,203.0,,0.88,84.0,4.6e-05,,,2021-12-28 13:30:00
5468995.31791559,0.0,201.0,,0.88,85.0,4.5e-05,,,2021-12-28 13:35:00
5468996.318001723,0.0,198.0,,0.88,88.0,4.4e-05,,,2021-12-28 13:40:00
5468997.318087855,0.0,194.0,,0.88,76.0,4.4e-05,,,2021-12-28 13:45:00
5468998.318173988,0.0,194.0,,0.88,81.0,4.5e-05,,,2021-12-28 13:50:00
5468999.31826012,0.0,196.0,,0.88,96.0,4.7e-05,,,2021-12-28 13:55:00
5469000.318346253,0.0,199.0,,0.88,86.0,4.6e-05,,,2021-12-28 14:00:00
5469001.318432386,0.0,200.0,,0.88,81.0,4.9e-05,,,2021-12-28 14:05:00
5469002.3185185185,0.0,199.0,,0.88,79.0,5.1e-05,,,2021-12-28 14:10:00
5469003.318604651,0.0,197.0,,0.88,84.0,4.7e-05,,,2021-12-28 14:15:00
5469004.318690783,0.0,197.0,,0.88,80.0,4.6e-05,,,2021-12-28 14:20:00
5469005.318776917,0.0,201.0,,0.88,77.0,4.7e-05,,,2021-12-28 14:25:00
5469006.318863049,0.0,205.0,,0.88,76.0,4.6e-05,,,2021-12-28 14:30:00
5469007.318949182,0.0,211.0,,0.88,76.0,4.5e-05,,,2021-12-28 14:35:00
5469008.319035314,0.0,215.0,,0.88,77.0,4.5e-05,,,2021-12-28 14:40:00
5469009.319121446,0.0,217.0,,0.88,76.0,4.4e-05,,,2021-12-28 14:45:00
5469010.31920758,0.0,220.0,,0.88,77.0,4.4e-05,,,2021-12-28 14:50:00
5469011.319293712,0.0,225.0,,0.88,75.0,4.5e-05,,,2021-12-28 14:55:00
5469012.319379845,0.0,228.0,,0.88,76.0,4.3e-05,,,2021-12-28 15:00:00
5469013.319465977,0.0,232.0,,0.88,76.0,4.5e-05,,,2021-12-28 15:05:00
5469014.3195521105,0.0,233.0,,0.88,75.0,4.5e-05,,,2021-12-28 15:10:00
5469015.319638243,0.0,233.0,,0.88,74.0,4.6e-05,,,2021-12-28 15:15:00
5469016.319724375,0.0,233.0,,0.88,73.0,4.8e-05,,,2021-12-28 15:20:00
5469017.319810508,0.0,233.0,,0.88,83.0,4.5e-05,,,2021-12-28 15:25:00
5469018.31989664,0.0,234.0,,0.88,78.0,4.4e-05,,,2021-12-28 15:30:00
5469019.319982774,0.0,237.0,,0.88,72.0,4.4e-05,,,2021-12-28 15:35:00
5469020.320068906,0.0,240.0,220.0,0.88,73.0,4.5e-05,,2.2,2021-12-28 15:40:00
5469021.3201550385,0.0,240.0,,0.88,90.0,4.3e-05,,,2021-12-28 15:45:00
5469022.320241171,0.0,228.0,,0.88,97.0,0.000611,,,2021-12-28 15:50:00
5469023.320327304,0.0,228.0,,0.88,84.0,0.00133,,,2021-12-28 15:55:00
5469024.320413437,0.0,229.0,,0.88,93.0,0.000618,,,2021-12-28 16:00:00
5469025.320499569,0.0,228.0,,0.88,84.0,0.000104,,,2021-12-28 16:05:00
5469026.320585702,0.0,226.0,,0.88,85.0,5.3e-05,,,2021-12-28 16:10:00
5469027.320671834,0.0,224.0,,0.88,82.0,5.5e-05,,,2021-12-28 16:15:00
5469028.320757967,0.0,220.0,,0.88,87.0,6.1e-05,,,2021-12-28 16:20:00
5469029.3208441,0.0,217.0,,0.88,86.0,6e-05,,,2021-12-28 16:25:00
5469030.320930232,0.0,213.0,,0.88,97.0,6.3e-05,,,2021-12-28 16:30:00
5469031.321016365,0.0,209.0,,0.88,111.0,5.4e-05,,,2021-12-28 16:35:00
5469032.321102498,0.0,206.0,,0.88,88.0,6.2e-05,,,2021-12-28 16:40:00
5469033.321188631,0.0,204.0,,0.88,84.0,6.4e-05,,,2021-12-28 16:45:00
5469034.321274763,0.0,201.0,,0.88,84.0,6.3e-05,,,2021-12-28 16:50:00
5469035.321360895,0.0,199.0,,0.88,86.0,5.5e-05,,,2021-12-28 16:55:00
5469036.321447028,0.0,198.0,,0.88,93.0,5.9e-05,,,2021-12-28 17:00:00
5469037.321533161,0.0,195.0,,0.88,91.0,5.8e-05,,,2021-12-28 17:05:00
5469038.321619294,0.0,192.0,,0.88,82.0,6.4e-05,,,2021-12-28 17:10:00
5469039.321705426,0.0,189.0,,0.88,82.0,5.9e-05,,,2021-12-28 17:15:00
5469040.3217915585,0.0,188.0,,0.88,83.0,5.2e-05,,,2021-12-28 17:20:00
5469041.321877692,0.0,187.0,,0.88,102.0,6e-05,,,2021-12-28 17:25:00
5469042.321963824,0.0,185.0,,0.88,93.0,5.2e-05,,,2021-12-28 17:30:00
5469043.322049957,0.0,183.0,,0.88,86.0,5.1e-05,,,2021-12-28 17:35:00
5469044.322136089,0.0,182.0,,0.88,88.0,5.3e-05,,,2021-12-28 17:40:00
5469045.322222222,0.0,182.0,,0.88,78.0,5.3e-05,,,2021-12-28 17:45:00
5469046.322308355,0.0,182.0,,0.88,91.0,5.1e-05,,,2021-12-28 17:50:00
5469047.322394487,0.0,184.0,,0.88,80.0,7.9e-05,,,2021-12-28 17:55:00
5469048.32248062,0.0,183.0,,0.88,78.0,9e-05,,,2021-12-28 18:00:00
5469049.322566752,0.0,180.0,,0.88,78.0,9.3e-05,,,2021-12-28 18:05:00
5469050.322652886,0.0,179.0,,0.88,78.0,6.2e-05,,,2021-12-28 18:10:00
5469051.322739018,0.0,179.0,,0.88,78.0,6.1e-05,,,2021-12-28 18:15:00
5469052.322825151,0.0,177.0,,0.88,78.0,6.1e-05,,,2021-12-28 18:20:00
5469053.322911283,0.0,176.0,,0.88,78.0,6e-05,,,2021-12-28 18:25:00
5469054.322997415,0.0,175.0,,0.88,78.0,6e-05,,,2021-12-28 18:30:00
5469055.323083549,0.0,174.0,,0.88,76.0,7.6e-05,,,2021-12-28 18:35:00
5469056.323169681,0.0,173.0,,0.88,78.0,6.3e-05,,,2021-12-28 18:40:00
5469057.323255814,0.0,172.0,,0.88,76.0,6.4e-05,,,2021-12-28 18:45:00
5469058.323341946,0.0,171.0,,0.88,79.0,6.2e-05,,,2021-12-28 18:50:00
5469059.3234280795,0.0,171.0,,0.88,76.0,5.3e-05,,,2021-12-28 18:55:00
5469060.323514212,0.0,171.0,,0.88,76.0,5.3e-05,,,2021-12-28 19:00:00
5469061.323600344,0.0,171.0,,0.88,73.0,5.8e-05,,,2021-12-28 19:05:00
5469062.323686477,0.0,170.0,,0.88,78.0,6.1e-05,,,2021-12-28 19:10:00
5469063.323772609,0.0,169.0,173.0,0.88,78.0,6.8e-05,,10.2,2021-12-28 19:15:00
5469064.323858743,0.0,169.0,,0.88,82.0,6.3e-05,,9.1,2021-12-28 19:20:00
5469065.323944875,0.0,172.0,,0.88,81.0,5.8e-05,140.0,,2021-12-28 19:25:00
5469066.3240310075,0.0,171.0,,0.88,82.0,5.9e-05,,,2021-12-28 19:30:00
5469067.32411714,0.0,169.0,,0.88,84.0,5.8e-05,,,2021-12-28 19:35:00
5469068.324203273,0.0,166.0,,0.88,84.0,5.9e-05,,,2021-12-28 19:40:00
5469069.324289406,0.0,162.0,,0.88,79.0,5.7e-05,,,2021-12-28 19:45:00
5469070.324375538,0.0,156.0,,0.88,88.0,5.1e-05,,,2021-12-28 19:50:00
5469071.324461671,0.0,147.0,,0.88,82.0,5.8e-05,,,2021-12-28 19:55:00
5469072.324547803,0.0,134.0,,0.88,82.0,5e-05,,,2021-12-28 20:00:00
5469073.324633936,0.0,123.0,,0.88,85.0,5.1e-05,,,2021-12-28 20:05:00
5469074.324720069,0.0,115.0,,0.88,86.0,6.2e-05,,,2021-12-28 20:10:00
5469075.324806201,0.0,109.0,,0.88,83.0,6.8e-05,,,2021-12-28 20:15:00
5469076.324892334,0.0,105.0,,0.88,83.0,6.2e-05,,,2021-12-28 20:20:00
5469077.324978467,0.0,101.0,,0.88,81.0,5.6e-05,,,2021-12-28 20:25:00
5469078.3250645995,0.0,98.0,,0.88,82.0,6.3e-05,,,2021-12-28 20:30:00
5469079.325150732,0.0,95.0,,0.88,81.0,5.9e-05,,,2021-12-28 20:35:00
5469080.325236864,0.0,92.0,,0.88,82.0,5.9e-05,,,2021-12-28 20:40:00
5469081.325322997,0.0,88.0,,0.88,85.0,5.1e-05,,,2021-12-28 20:45:00
5469082.32540913,0.0,83.0,,0.88,85.0,5e-05,,,2021-12-28 20:50:00
5469083.325495263,0.0,80.0,,0.88,86.0,5e-05,,,2021-12-28 20:55:00
5469084.325581395,0.0,79.0,,0.88,89.0,5e-05,,,2021-12-28 21:00:00
5469085.3256675275,0.0,79.0,,0.88,84.0,5e-05,,,2021-12-28 21:05:00
5469086.325753661,0.0,80.0,,0.88,98.0,4.8e-05,,,2021-12-28 21:10:00
5469087.325839793,0.0,82.0,,0.88,80.0,5.4e-05,,,2021-12-28 21:15:00
5469088.325925926,0.0,83.0,,0.88,83.0,4.7e-05,,,2021-12-28 21:20:00
5469089.326012058,0.0,84.0,,0.88,80.0,4.9e-05,,,2021-12-28 21:25:00
5469090.326098191,0.0,85.0,,0.88,81.0,5e-05,,,2021-12-28 21:30:00
5469091.326184324,0.0,84.0,,0.88,80.0,4.8e-05,,,2021-12-28 21:35:00
5469092.326270456,0.0,83.0,,0.88,80.0,4.8e-05,,,2021-12-28 21:40:00
5469093.326356589,0.0,84.0,,0.88,80.0,4.8e-05,,,2021-12-28 21:45:00
5469094.326442721,0.0,86.0,,0.88,82.0,4.8e-05,,,2021-12-28 21:50:00
5469095.326528855,0.0,89.0,,0.88,81.0,4.8e-05,,,2021-12-28 21:55:00
5469096.326614987,0.0,91.0,,0.88,81.0,4.9e-05,,,2021-12-28 22:00:00
5469097.32670112,0.0,93.0,,0.88,82.0,4.9e-05,,,2021-12-28 22:05:00
5469098.326787252,0.0,92.0,,0.88,83.0,5e-05,,,2021-12-28 22:10:00
5469099.326873384,0.0,91.0,,0.88,83.0,5e-05,,,2021-12-28 22:15:00
5469100.326959518,0.0,89.0,,0.88,82.0,5e-05,,,2021-12-28 22:20:00
5469101.32704565,0.0,89.0,,0.88,81.0,5.1e-05,,,2021-12-28 22:25:00
5469102.327131783,0.0,89.0,,0.88,82.0,4.9e-05,,,2021-12-28 22:30:00
5469103.327217915,0.0,89.0,,0.88,81.0,5e-05,,,2021-12-28 22:35:00
5469104.327304048,0.0,89.0,,0.88,93.0,6e-05,,,2021-12-28 22:40:00
5469105.327390181,0.0,89.0,,0.88,84.0,0.000514,,,2021-12-28 22:45:00
5469106.327476313,0.0,89.0,,0.88,76.0,0.003358,,,2021-12-28 22:50:00
5469107.327562446,0.0,90.0,,0.88,71.0,0.000497,,,2021-12-28 22:55:00
5469108.327648578,0.0,91.0,,0.88,71.0,0.00014,,,2021-12-28 23:00:00
5469109.327734712,0.0,94.0,,0.88,71.0,0.000103,,,2021-12-28 23:05:00
5469110.327820844,0.0,97.0,,0.88,74.0,8e-05,,,2021-12-28 23:10:00
5469111.327906976,0.0,99.0,,0.88,71.0,4.6e-05,,,2021-12-28 23:15:00
5469112.327993109,0.0,102.0,,0.88,71.0,4.6e-05,,,2021-12-28 23:20:00
5469113.328079242,0.0,105.0,,0.88,71.0,4.6e-05,,,2021-12-28 23:25:00
5469114.328165375,0.0,111.0,,0.88,72.0,4.6e-05,,,2021-12-28 23:30:00
5469115.328251507,0.0,116.0,,0.88,73.0,4.7e-05,,,2021-12-28 23:35:00
5469116.32833764,0.0,119.0,,0.88,72.0,4.6e-05,,,2021-12-28 23:40:00
5469117.328423772,0.0,124.0,,0.88,71.0,4.6e-05,,,2021-12-28 23:45:00
5469118.328509905,0.0,128.0,,0.88,69.0,5.1e-05,,,2021-12-28 23:50:00
5469119.328596038,0.0,131.0,,0.88,70.0,5.2e-05,,,2021-12-28 23:55:00
5469120.32868217,0.0,134.0,,0.88,69.0,4.7e-05,,,2021-12-29 00:00:00
5469121.328768303,0.0,136.0,,0.88,69.0,4.5e-05,,,2021-12-29 00:05:00
5469122.328854436,0.0,136.0,,0.88,68.0,4.5e-05,,,2021-12-29 00:10:00
5469123.3289405685,0.0,135.0,,0.88,68.0,4.5e-05,,,2021-12-29 00:15:00
5469124.329026701,0.0,136.0,,0.88,67.0,4.4e-05,,,2021-12-29 00:20:00
5469125.329112833,0.0,137.0,,0.88,68.0,4.5e-05,,,2021-12-29 00:25:00
5469126.329198966,0.0,139.0,,0.88,,,,,2021-12-29 00:30:00
5469127.329285099,0.0,142.0,,0.88,,,,,2021-12-29 00:35:00
5469128.329371232,0.0,144.0,,0.88,,,,,2021-12-29 00:40:00
5469129.329457364,0.0,146.0,,0.88,,,,,2021-12-29 00:45:00
5469130.3295434965,0.0,148.0,,0.88,,,,,2021-12-29 00:50:00
5469131.32962963,0.0,150.0,,0.88,,,,,2021-12-29 00:55:00
5469132.329715762,0.0,151.0,,0.88,,,,,2021-12-29 01:00:00
5469133.329801895,0.0,153.0,,0.88,68.0,4.5e-05,,,2021-12-29 01:05:00
5469134.329888027,0.0,156.0,,0.88,65.0,4.7e-05,,,2021-12-29 01:10:00
5469135.32997416,0.0,157.0,,0.88,64.0,4.8e-05,,,2021-12-29 01:15:00
5469136.330060293,0.0,158.0,,0.88,64.0,5e-05,,,2021-12-29 01:20:00
5469137.330146425,0.0,159.0,,0.88,62.0,5.8e-05,,,2021-12-29 01:25:00
5469138.330232558,0.0,161.0,,0.88,63.0,6.3e-05,,,2021-12-29 01:30:00
5469139.33031869,0.0,163.0,,0.88,65.0,6.8e-05,,,2021-12-29 01:35:00
5469140.330404824,0.0,165.0,,0.88,65.0,6.3e-05,,,2021-12-29 01:40:00
5469141.330490956,0.0,166.0,,0.88,64.0,5.3e-05,,,2021-12-29 01:45:00
5469142.3305770885,0.0,167.0,,0.88,66.0,4.7e-05,,,2021-12-29 01:50:00
5469143.330663221,0.0,169.0,,0.88,67.0,4.6e-05,,,2021-12-29 01:55:00
5469144.330749353,0.0,170.0,,0.88,68.0,4.5e-05,,,2021-12-29 02:00:00
5469145.330835487,0.0,171.0,,0.88,67.0,4.5e-05,,,2021-12-29 02:05:00
5469146.330921619,0.0,171.0,,0.88,67.0,4.7e-05,,,2021-12-29 02:10:00
5469147.331007752,0.0,172.0,,0.88,66.0,5.1e-05,,,2021-12-29 02:15:00
5469148.331093884,0.0,174.0,,0.88,67.0,4.6e-05,,,2021-12-29 02:20:00
5469149.331180017,0.0,176.0,,0.88,68.0,4.6e-05,,,2021-12-29 02:25:00
5469150.33126615,0.0,177.0,,0.88,65.0,4.6e-05,,,2021-12-29 02:30:00
5469151.331352282,0.0,177.0,,0.88,66.0,4.6e-05,,,2021-12-29 02:35:00
5469152.331438415,0.0,178.0,,0.88,67.0,4.6e-05,,,2021-12-29 02:40:00
5469153.331524547,0.0,178.0,,0.88,67.0,4.6e-05,,,2021-12-29 02:45:00
5469154.331610681,0.0,179.0,,0.88,66.0,4.7e-05,,,2021-12-29 02:50:00
5469155.331696813,0.0,180.0,,0.88,65.0,4.7e-05,,,2021-12-29 02:55:00
5469156.331782945,0.0,181.0,,0.88,65.0,4.7e-05,,,2021-12-29 03:00:00
5469157.331869078,0.0,182.0,,0.88,65.0,4.7e-05,,,2021-12-29 03:05:00
5469158.331955211,0.0,184.0,,0.88,68.0,4.9e-05,,,2021-12-29 03:10:00
5469159.332041344,0.0,186.0,,0.88,64.0,6e-05,,,2021-12-29 03:15:00
5469160.332127476,0.0,186.0,,0.88,63.0,6.6e-05,,,2021-12-29 03:20:00
5469161.332213609,0.0,187.0,,0.88,64.0,7.2e-05,,,2021-12-29 03:25:00
5469162.332299741,0.0,187.0,,0.88,63.0,7.8e-05,,,2021-12-29 03:30:00
5469163.332385874,0.0,188.0,,0.88,65.0,8.4e-05,,,2021-12-29 03:35:00
5469164.332472007,0.0,189.0,,0.88,65.0,8.6e-05,,,2021-12-29 03:40:00
5469165.332558139,0.0,189.0,,0.88,66.0,9.2e-05,,,2021-12-29 03:45:00
5469166.332644272,0.0,189.0,,0.88,67.0,0.000101,,,2021-12-29 03:50:00
5469167.332730405,0.0,191.0,,0.88,64.0,5.2e-05,,,2021-12-29 03:55:00
5469168.3328165375,0.0,192.0,,0.88,66.0,4.7e-05,,,2021-12-29 04:00:00
5469169.33290267,0.0,193.0,,0.88,68.0,4.6e-05,,,2021-12-29 04:05:00
5469170.332988802,0.0,194.0,,0.88,,,,,2021-12-29 04:10:00
5469171.333074935,0.0,195.0,,0.88,,,,,2021-12-29 04:15:00
5469172.333161068,0.0,198.0,,0.88,65.0,5.5e-05,,,2021-12-29 04:20:00
5469173.333247201,0.0,198.0,,0.88,66.0,6e-05,,,2021-12-29 04:25:00
5469174.333333333,0.0,199.0,,0.88,65.0,6.5e-05,,,2021-12-29 04:30:00
5469175.333419465,0.0,200.0,,0.88,65.0,7e-05,,,2021-12-29 04:35:00
5469176.333505599,0.0,201.0,,0.88,65.0,7e-05,,,2021-12-29 04:40:00
5469177.333591731,0.0,203.0,,0.88,67.0,7.6e-05,,,2021-12-29 04:45:00
5469178.333677864,0.0,204.0,,0.88,64.0,9.9e-05,,,2021-12-29 04:50:00
5469179.333763996,0.0,203.0,,0.88,64.0,0.0001,,,2021-12-29 04:55:00
5469180.333850129,0.0,203.0,,0.88,64.0,0.000105,,,2021-12-29 05:00:00
5469181.333936262,0.0,201.0,,0.88,64.0,0.000106,,,2021-12-29 05:05:00
5469182.334022394,0.0,201.0,,0.88,64.0,0.000103,,,2021-12-29 05:10:00
5469183.334108527,0.0,200.0,,0.88,65.0,0.000112,,,2021-12-29 05:15:00
5469184.334194659,0.0,199.0,,0.88,67.0,0.000119,,,2021-12-29 05:20:00
5469185.334280793,0.0,198.0,,0.88,66.0,0.000121,,,2021-12-29 05:25:00
5469186.334366925,0.0,198.0,,0.88,65.0,0.000109,,,2021-12-29 05:30:00
5469187.3344530575,0.0,198.0,,0.88,66.0,0.000138,,,2021-12-29 05:35:00
5469188.33453919,0.0,200.0,,0.88,69.0,0.000123,,,2021-12-29 05:40:00
5469189.334625322,0.0,198.0,,0.88,64.0,4.9e-05,,,2021-12-29 05:45:00
5469190.334711456,0.0,197.0,,0.88,64.0,4.9e-05,,,2021-12-29 05:50:00
5469191.334797588,0.0,196.0,,0.88,63.0,4.9e-05,,,2021-12-29 05:55:00
5469192.334883721,0.0,195.0,,0.88,64.0,4.9e-05,,,2021-12-29 06:00:00
5469193.334969853,0.0,195.0,,0.88,64.0,4.9e-05,,,2021-12-29 06:05:00
5469194.335055986,0.0,194.0,,0.88,65.0,4.9e-05,,,2021-12-29 06:10:00
5469195.335142119,0.0,193.0,,0.88,64.0,4.9e-05,,,2021-12-29 06:15:00
5469196.335228251,0.0,193.0,,0.88,67.0,4.8e-05,,,2021-12-29 06:20:00
5469197.335314384,0.0,192.0,,0.88,64.0,4.6e-05,,,2021-12-29 06:25:00
5469198.335400516,0.0,192.0,,0.88,67.0,4.6e-05,,,2021-12-29 06:30:00
5469199.33548665,0.0,193.0,,0.88,74.0,4.9e-05,,,2021-12-29 06:35:00
5469200.335572782,0.0,192.0,,0.88,68.0,5.3e-05,,,2021-12-29 06:40:00
5469201.335658914,0.0,191.0,,0.88,64.0,4.8e-05,,,2021-12-29 06:45:00
5469202.335745047,0.0,193.0,,0.88,69.0,4.7e-05,,,2021-12-29 06:50:00
5469203.33583118,0.0,192.0,,0.88,71.0,4.9e-05,,,2021-12-29 06:55:00
5469204.335917313,0.0,191.0,,0.88,69.0,4.8e-05,,,2021-12-29 07:00:00
5469205.336003445,0.0,191.0,228.0,0.88,86.0,4.7e-05,,2.5,2021-12-29 07:05:00
5469206.3360895775,0.0,194.0,,0.88,90.0,4.7e-05,,,2021-12-29 07:10:00
5469207.33617571,0.0,217.0,,0.88,80.0,4.9e-05,,,2021-12-29 07:15:00
5469208.336261843,0.0,215.0,,0.88,74.0,5.2e-05,,,2021-12-29 07:20:00
5469209.336347976,0.0,215.0,,0.88,76.0,5.7e-05,,,2021-12-29 07:25:00
5469210.336434108,0.0,213.0,,0.88,78.0,5.9e-05,,,2021-12-29 07:30:00
5469211.336520241,0.0,210.0,,0.88,80.0,6e-05,,,2021-12-29 07:35:00
5469212.336606374,0.0,208.0,,0.88,77.0,5.8e-05,,,2021-12-29 07:40:00
5469213.336692506,0.0,208.0,,0.88,87.0,6.3e-05,,,2021-12-29 07:45:00
5469214.336778639,0.0,208.0,221.0,0.88,89.0,6.6e-05,,3.8,2021-12-29 07:50:00
5469215.336864771,0.0,206.0,,0.88,91.0,7.3e-05,50.0,,2021-12-29 07:55:00
5469216.336950904,0.0,203.0,,0.88,84.0,5.3e-05,,,2021-12-29 08:00:00
5469217.337037037,0.0,201.0,,0.88,92.0,9e-05,,,2021-12-29 08:05:00
5469218.33712317,0.0,198.0,,0.88,80.0,0.000211,,,2021-12-29 08:10:00
5469219.337209302,0.0,198.0,,0.88,80.0,7.9e-05,,,2021-12-29 08:15:00
5469220.337295434,0.0,201.0,,0.88,84.0,7.2e-05,,,2021-12-29 08:20:00
5469221.337381568,0.0,204.0,,0.88,86.0,6.9e-05,,,2021-12-29 08:25:00
5469222.3374677,0.0,206.0,,0.88,87.0,6.7e-05,,,2021-12-29 08:30:00
5469223.337553833,0.0,207.0,,0.88,85.0,6.5e-05,,,2021-12-29 08:35:00
5469224.337639965,0.0,208.0,,0.88,85.0,6.5e-05,,,2021-12-29 08:40:00
5469225.337726098,0.0,208.0,,0.88,86.0,6.7e-05,,,2021-12-29 08:45:00
5469226.337812231,0.0,207.0,,0.88,83.0,6.5e-05,,,2021-12-29 08:50:00
5469227.337898363,0.0,204.0,,0.88,85.0,6.5e-05,,,2021-12-29 08:55:00
5469228.337984496,0.0,202.0,,0.88,83.0,6.5e-05,,,2021-12-29 09:00:00
5469229.338070628,0.0,198.0,,0.88,86.0,6.1e-05,,,2021-12-29 09:05:00
5469230.338156762,0.0,192.0,,0.88,87.0,6.5e-05,,,2021-12-29 09:10:00
5469231.338242894,0.0,185.0,,0.88,93.0,0.000164,,,2021-12-29 09:15:00
5469232.3383290265,0.0,176.0,,0.88,88.0,0.000276,,,2021-12-29 09:20:00
5469233.338415159,0.0,170.0,,0.88,96.0,0.000236,,,2021-12-29 09:25:00
5469234.338501291,0.0,165.0,,0.88,83.0,0.000248,,,2021-12-29 09:30:00
5469235.338587425,0.0,163.0,,0.88,85.0,0.000126,,,2021-12-29 09:35:00
5469236.338673557,0.0,162.0,,0.88,85.0,0.000111,,,2021-12-29 09:40:00
5469237.33875969,0.0,163.0,,0.88,87.0,9.7e-05,,,2021-12-29 09:45:00
5469238.338845822,0.0,165.0,,0.88,84.0,0.000105,,,2021-12-29 09:50:00
5469239.338931955,0.0,164.0,,0.88,85.0,9.4e-05,,,2021-12-29 09:55:00
5469240.339018088,0.0,165.0,,0.88,83.0,8.4e-05,,,2021-12-29 10:00:00
5469241.33910422,0.0,167.0,,0.88,83.0,7.8e-05,,,2021-12-29 10:05:00
5469242.339190353,0.0,168.0,,0.88,83.0,7.8e-05,,,2021-12-29 10:10:00
5469243.339276485,0.0,171.0,,0.88,81.0,7.6e-05,,,2021-12-29 10:15:00
5469244.3393626185,0.0,172.0,,0.88,82.0,5.8e-05,,,2021-12-29 10:20:00
5469245.339448751,0.0,173.0,,0.88,81.0,5.9e-05,,,2021-12-29 10:25:00
5469246.339534883,0.0,173.0,,0.88,81.0,5.8e-05,,,2021-12-29 10:30:00
5469247.339621016,0.0,171.0,,0.88,79.0,5.8e-05,,,2021-12-29 10:35:00
5469248.339707149,0.0,170.0,,0.88,79.0,5.8e-05,,,2021-12-29 10:40:00
5469249.339793282,0.0,170.0,,0.88,80.0,5.4e-05,,,2021-12-29 10:45:00
5469250.339879414,0.0,170.0,,0.88,81.0,5.7e-05,,,2021-12-29 10:50:00
5469251.3399655465,0.0,170.0,,0.88,80.0,5.4e-05,,,2021-12-29 10:55:00
5469252.340051679,0.0,168.0,,0.88,87.0,5.4e-05,,,2021-12-29 11:00:00
5469253.340137812,0.0,166.0,,0.88,91.0,5.6e-05,,,2021-12-29 11:05:00
5469254.340223945,0.0,164.0,,0.88,92.0,5.5e-05,,,2021-12-29 11:10:00
5469255.340310077,0.0,163.0,,0.88,94.0,5.5e-05,,,2021-12-29 11:15:00
5469256.34039621,0.0,163.0,,0.88,89.0,5.9e-05,,,2021-12-29 11:20:00
5469257.340482343,0.0,162.0,,0.88,82.0,5.7e-05,,,2021-12-29 11:25:00
5469258.340568475,0.0,161.0,,0.88,99.0,0.002105,,,2021-12-29 11:30:00
5469259.340654608,0.0,158.0,,0.88,98.0,0.20198,,,2021-12-29 11:35:00
5469260.34074074,0.0,154.0,,0.88,108.0,3.696,,,2021-12-29 11:40:00
5469261.340826873,0.0,151.0,,0.88,112.0,5.238,,,2021-12-29 11:45:00
5469262.340913006,0.0,150.0,,0.88,105.0,9.312,,,2021-12-29 11:50:00
5469263.340999139,0.0,158.0,,0.88,98.0,19.54,,,2021-12-29 11:55:00
5469264.341085271,0.0,159.0,,0.88,90.0,14.2482,,,2021-12-29 12:00:00
5469265.341171403,0.0,158.0,,0.88,97.0,0.90762,,,2021-12-29 12:05:00
5469266.341257537,0.0,159.0,,0.88,99.0,0.769502,,,2021-12-29 12:10:00
5469267.341343669,0.0,159.0,,0.88,90.0,4.7144,,,2021-12-29 12:15:00
5469268.341429802,0.0,162.0,173.0,0.88,89.0,4.104,,,2021-12-29 12:20:00
5469269.341515934,0.0,164.0,,0.88,95.0,0.4288,,,2021-12-29 12:25:00
5469270.3416020665,0.0,171.0,171.0,0.88,96.0,0.2108,,5.5,2021-12-29 12:30:00
5469271.3416882,0.0,172.0,,0.88,99.0,0.03956,100.0,8.2,2021-12-29 12:35:00
5469272.341774332,0.0,173.0,,0.88,87.0,0.01035,,,2021-12-29 12:40:00
5469273.341860465,0.0,172.0,,0.88,85.0,0.003802,,,2021-12-29 12:45:00
5469274.341946597,0.0,171.0,,0.88,89.0,0.001538,,,2021-12-29 12:50:00
5469275.342032731,0.0,171.0,,0.88,92.0,0.001088,,,2021-12-29 12:55:00
5469276.342118863,0.0,173.0,,0.88,99.0,0.002048,,,2021-12-29 13:00:00
5469277.342204995,0.0,175.0,,0.88,83.0,0.002322,,,2021-12-29 13:05:00
5469278.342291128,0.0,179.0,,0.88,84.0,0.000588,,,2021-12-29 13:10:00
5469279.342377261,0.0,183.0,,0.88,85.0,0.000347,,,2021-12-29 13:15:00
5469280.342463394,0.0,183.0,,0.88,86.0,8.2e-05,,,2021-12-29 13:20:00
5469281.342549526,0.0,181.0,,0.88,83.0,0.000106,,,2021-12-29 13:25:00
5469282.342635659,0.0,185.0,,0.88,90.0,9.9e-05,,,2021-12-29 13:30:00
5469283.342721791,0.0,192.0,,0.88,91.0,8e-05,,,2021-12-29 13:35:00
5469284.342807924,0.0,195.0,,0.88,91.0,7.5e-05,,,2021-12-29 13:40:00
5469285.342894057,0.0,195.0,,0.88,90.0,9.5e-05,,,2021-12-29 13:45:00
5469286.342980189,0.0,193.0,,0.88,90.0,8.7e-05,,,2021-12-29 13:50:00
5469287.343066322,0.0,194.0,,0.88,91.0,5.6e-05,,,2021-12-29 13:55:00
5469288.343152455,0.0,194.0,,0.88,89.0,6e-05,,,2021-12-29 14:00:00
5469289.3432385875,0.0,195.0,,0.88,88.0,6.1e-05,,,2021-12-29 14:05:00
5469290.34332472,0.0,195.0,,0.88,86.0,6.9e-05,,,2021-12-29 14:10:00
5469291.343410852,0.0,198.0,,0.88,88.0,6.8e-05,,,2021-12-29 14:15:00
5469292.343496985,0.0,198.0,,0.88,88.0,5.5e-05,,,2021-12-29 14:20:00
5469293.343583118,0.0,196.0,,0.88,87.0,6.1e-05,,,2021-12-29 14:25:00
5469294.343669251,0.0,193.0,,0.88,87.0,5.5e-05,,,2021-12-29 14:30:00
5469295.343755383,0.0,192.0,,0.88,87.0,5.4e-05,,,2021-12-29 14:35:00
5469296.3438415155,0.0,191.0,,0.88,85.0,5.7e-05,,,2021-12-29 14:40:00
5469297.343927649,0.0,192.0,,0.88,84.0,5.4e-05,,,2021-12-29 14:45:00
5469298.344013781,0.0,194.0,,0.88,86.0,5.6e-05,,,2021-12-29 14:50:00
5469299.344099914,0.0,196.0,,0.88,86.0,6.3e-05,,,2021-12-29 14:55:00
5469300.344186046,0.0,199.0,,0.88,87.0,5e-05,,,2021-12-29 15:00:00
5469301.344272179,0.0,201.0,,0.88,87.0,4.9e-05,,,2021-12-29 15:05:00
5469302.344358312,0.0,201.0,,0.88,85.0,5.1e-05,,,2021-12-29 15:10:00
5469303.344444444,0.0,204.0,,0.88,83.0,5.1e-05,,,2021-12-29 15:15:00
5469304.344530577,1.0,,,0.88,92.0,5.1e-05,,,2021-12-29 15:20:00
5469305.344616709,1.0,,,0.88,92.0,5e-05,,,2021-12-29 15:25:00
5469306.344702843,1.0,,,0.88,,,,,2021-12-29 15:30:00
5469307.344788975,1.0,,,0.88,,,,,2021-12-29 15:35:00
5469308.3448751075,1.0,,,0.88,85.0,4.6e-05,,,2021-12-29 15:40:00
5469309.34496124,1.0,,,0.88,81.0,4.7e-05,,,2021-12-29 15:45:00
5469310.345047372,1.0,,,0.88,82.0,4.7e-05,,,2021-12-29 15:50:00
5469311.345133506,1.0,,,0.88,83.0,4.8e-05,,,2021-12-29 15:55:00
5469312.345219638,1.0,,,0.88,80.0,4.9e-05,,,2021-12-29 16:00:00
5469313.345305771,1.0,,,0.88,81.0,5e-05,,,2021-12-29 16:05:00
5469314.345391903,1.0,,,0.88,79.0,5.1e-05,30.0,3.0,2021-12-29 16:10:00
5469315.345478036,1.0,,,0.88,83.0,5e-05,,,2021-12-29 16:15:00
5469316.345564169,1.0,,,0.88,83.0,5e-05,,,2021-12-29 16:20:00
5469317.345650301,1.0,,,0.88,77.0,5e-05,,,2021-12-29 16:25:00
5469318.345736434,1.0,,,0.88,76.0,5.4e-05,,,2021-12-29 16:30:00
5469319.345822566,1.0,,,0.88,79.0,5.4e-05,,,2021-12-29 16:35:00
5469320.3459087,1.0,,,0.88,97.0,4.7e-05,,,2021-12-29 16:40:00
5469321.345994832,1.0,,,0.88,80.0,4.6e-05,,,2021-12-29 16:45:00
5469322.346080964,1.0,,,0.88,81.0,5.2e-05,,,2021-12-29 16:50:00
5469323.346167097,1.0,,,0.88,80.0,4.9e-05,,,2021-12-29 16:55:00
5469324.34625323,1.0,,,0.88,80.0,4.8e-05,,,2021-12-29 17:00:00
5469325.346339363,1.0,,,0.88,80.0,4.7e-05,,,2021-12-29 17:05:00
5469326.346425495,1.0,,,0.88,79.0,4.8e-05,,,2021-12-29 17:10:00
5469327.346511628,1.0,,,0.88,83.0,4.8e-05,,,2021-12-29 17:15:00
5469328.34659776,1.0,,,0.88,81.0,4.6e-05,,,2021-12-29 17:20:00
5469329.346683893,1.0,,,0.88,79.0,4.6e-05,,,2021-12-29 17:25:00
5469330.346770026,1.0,,,0.88,80.0,4.6e-05,,,2021-12-29 17:30:00
5469331.346856158,1.0,,,0.88,80.0,4.6e-05,,,2021-12-29 17:35:00
5469332.346942291,1.0,,,0.88,86.0,4.7e-05,,,2021-12-29 17:40:00
5469333.347028424,1.0,,248.0,0.88,91.0,4.8e-05,,,2021-12-29 17:45:00
5469334.3471145565,1.0,,,0.88,85.0,5.2e-05,,,2021-12-29 17:50:00
5469335.347200689,0.0,253.0,,0.88,91.0,5.3e-05,,,2021-12-29 17:55:00
5469336.347286821,0.0,251.0,,0.88,82.0,5.2e-05,,,2021-12-29 18:00:00
5469337.347372954,0.0,247.0,,0.88,103.0,5.4e-05,,,2021-12-29 18:05:00
5469338.347459087,0.0,244.0,,0.88,83.0,5.8e-05,,,2021-12-29 18:10:00
5469339.34754522,0.0,241.0,,0.88,87.0,4.9e-05,,,2021-12-29 18:15:00
5469340.347631352,0.0,244.0,,0.88,93.0,4.7e-05,,,2021-12-29 18:20:00
5469341.347717484,0.0,248.0,,0.88,84.0,5.3e-05,,,2021-12-29 18:25:00
5469342.347803618,0.0,252.0,,0.88,78.0,6.3e-05,,,2021-12-29 18:30:00
5469343.34788975,0.0,259.0,,0.88,80.0,8.4e-05,,,2021-12-29 18:35:00
5469344.347975883,0.0,258.0,,0.88,81.0,8.9e-05,,,2021-12-29 18:40:00
5469345.348062015,0.0,252.0,263.0,0.88,79.0,8.4e-05,,5.6,2021-12-29 18:45:00
5469346.348148148,0.0,252.0,,0.88,82.0,7.9e-05,50.0,4.7,2021-12-29 18:50:00
5469347.348234281,0.0,248.0,,0.88,81.0,6.3e-05,,,2021-12-29 18:55:00
5469348.348320413,0.0,241.0,,0.88,83.0,6.3e-05,,,2021-12-29 19:00:00
5469349.348406546,0.0,243.0,,0.88,82.0,5.5e-05,,,2021-12-29 19:05:00
5469350.348492678,0.0,252.0,,0.88,88.0,5.5e-05,,,2021-12-29 19:10:00
5469351.348578812,0.0,254.0,,0.88,96.0,5.1e-05,,,2021-12-29 19:15:00
5469352.348664944,0.0,259.0,,0.88,86.0,6.5e-05,,,2021-12-29 19:20:00
5469353.3487510765,0.0,260.0,,0.88,82.0,6.9e-05,,,2021-12-29 19:25:00
5469354.348837209,0.0,263.0,,0.88,84.0,8.8e-05,,,2021-12-29 19:30:00
5469355.348923341,0.0,269.0,,0.88,82.0,7e-05,,,2021-12-29 19:35:00
5469356.349009475,0.0,272.0,,0.88,89.0,6.3e-05,,,2021-12-29 19:40:00
5469357.349095607,0.0,281.0,,0.88,81.0,5.5e-05,,,2021-12-29 19:45:00
5469358.34918174,0.0,281.0,,0.88,77.0,5.1e-05,,,2021-12-29 19:50:00
5469359.349267872,0.0,279.0,,0.88,79.0,5.3e-05,,,2021-12-29 19:55:00
5469360.349354005,0.0,280.0,,0.88,79.0,5.7e-05,,,2021-12-29 20:00:00
5469361.349440138,0.0,288.0,,0.88,79.0,6e-05,,,2021-12-29 20:05:00
5469362.34952627,0.0,294.0,,0.88,79.0,6.2e-05,,,2021-12-29 20:10:00
5469363.349612403,0.0,296.0,,0.88,79.0,6.5e-05,,,2021-12-29 20:15:00
5469364.349698535,0.0,292.0,,0.88,78.0,5.4e-05,,,2021-12-29 20:20:00
5469365.349784669,0.0,285.0,,0.88,77.0,5.5e-05,,,2021-12-29 20:25:00
5469366.349870801,0.0,279.0,,0.88,77.0,5.6e-05,,,2021-12-29 20:30:00
5469367.349956933,0.0,277.0,,0.88,75.0,5.2e-05,,,2021-12-29 20:35:00
5469368.350043066,0.0,272.0,,0.88,74.0,4.9e-05,,,2021-12-29 20:40:00
5469369.350129199,0.0,272.0,,0.88,76.0,5e-05,,,2021-12-29 20:45:00
5469370.350215332,0.0,269.0,,0.88,73.0,5e-05,,,2021-12-29 20:50:00
5469371.350301464,0.0,264.0,,0.88,75.0,5.2e-05,,,2021-12-29 20:55:00
5469372.3503875965,0.0,259.0,,0.88,76.0,5.3e-05,,,2021-12-29 21:00:00
5469373.350473729,0.0,253.0,,0.88,76.0,5.2e-05,,,2021-12-29 21:05:00
5469374.350559862,0.0,248.0,,0.88,78.0,5.2e-05,,,2021-12-29 21:10:00
5469375.350645995,0.0,243.0,,0.88,77.0,5.1e-05,,,2021-12-29 21:15:00
5469376.350732127,0.0,240.0,,0.88,78.0,5.1e-05,,,2021-12-29 21:20:00
5469377.35081826,0.0,238.0,,0.88,78.0,5e-05,,,2021-12-29 21:25:00
5469378.350904393,0.0,235.0,,0.88,78.0,5.1e-05,,,2021-12-29 21:30:00
5469379.350990525,0.0,233.0,,0.88,78.0,5e-05,,,2021-12-29 21:35:00
5469380.351076658,0.0,232.0,,0.88,76.0,5.1e-05,,,2021-12-29 21:40:00
5469381.35116279,0.0,230.0,,0.88,76.0,5.8e-05,,,2021-12-29 21:45:00
5469382.351248923,0.0,228.0,,0.88,75.0,5.8e-05,,,2021-12-29 21:50:00
5469383.351335056,0.0,227.0,,0.88,73.0,5.7e-05,,,2021-12-29 21:55:00
5469384.351421189,0.0,222.0,,0.88,73.0,5.8e-05,,,2021-12-29 22:00:00
5469385.351507321,0.0,217.0,,0.88,75.0,5.6e-05,,,2021-12-29 22:05:00
5469386.351593453,0.0,214.0,,0.88,81.0,5.8e-05,,,2021-12-29 22:10:00
5469387.351679587,0.0,209.0,,0.88,84.0,5.9e-05,,,2021-12-29 22:15:00
5469388.351765719,0.0,207.0,,0.88,75.0,4.9e-05,,,2021-12-29 22:20:00
5469389.351851852,0.0,206.0,,0.88,78.0,4.9e-05,,,2021-12-29 22:25:00
5469390.351937984,0.0,203.0,,0.88,76.0,4.7e-05,,,2021-12-29 22:30:00
5469391.352024117,0.0,201.0,,0.88,78.0,5.1e-05,,,2021-12-29 22:35:00
5469392.35211025,0.0,198.0,,0.88,81.0,5.3e-05,,,2021-12-29 22:40:00
5469393.352196382,0.0,195.0,184.0,0.88,79.0,5.3e-05,,,2021-12-29 22:45:00
5469394.352282515,0.0,189.0,,0.88,75.0,4.9e-05,,,2021-12-29 22:50:00
5469395.352368647,0.0,181.0,,0.88,67.0,4.5e-05,,,2021-12-29 22:55:00
5469396.352454781,0.0,171.0,,0.88,69.0,4.7e-05,,,2021-12-29 23:00:00
5469397.352540913,0.0,167.0,,0.88,70.0,4.6e-05,,,2021-12-29 23:05:00
5469398.3526270455,0.0,163.0,,0.88,69.0,5.6e-05,,,2021-12-29 23:10:00
5469399.352713178,0.0,159.0,,0.88,64.0,6.8e-05,,,2021-12-29 23:15:00
5469400.35279931,0.0,155.0,,0.88,64.0,7.6e-05,,,2021-12-29 23:20:00
5469401.352885444,0.0,152.0,,0.88,63.0,8.6e-05,,,2021-12-29 23:25:00
5469402.352971576,0.0,153.0,,0.88,68.0,7.4e-05,,,2021-12-29 23:30:00
5469403.353057709,0.0,155.0,,0.88,69.0,5.7e-05,,,2021-12-29 23:35:00
5469404.353143841,0.0,155.0,,0.88,65.0,5e-05,,,2021-12-29 23:40:00
5469405.353229974,0.0,152.0,,0.88,65.0,4.8e-05,,,2021-12-29 23:45:00
5469406.353316107,0.0,149.0,,0.88,64.0,4.8e-05,,,2021-12-29 23:50:00
5469407.353402239,0.0,147.0,,0.88,65.0,4.7e-05,,,2021-12-29 23:55:00
5469408.353488372,0.0,145.0,,0.88,65.0,4.7e-05,,,2021-12-30 00:00:00
5469409.353574504,0.0,143.0,,0.88,64.0,4.7e-05,,,2021-12-30 00:05:00
5469410.3536606375,0.0,140.0,,0.88,64.0,4.7e-05,,,2021-12-30 00:10:00
5469411.35374677,0.0,137.0,,0.88,69.0,4.7e-05,,,2021-12-30 00:15:00
5469412.353832902,0.0,135.0,,0.88,68.0,4.7e-05,,,2021-12-30 00:20:00
5469413.353919035,0.0,134.0,,0.88,66.0,4.7e-05,,,2021-12-30 00:25:00
5469414.354005168,0.0,132.0,,0.88,66.0,4.7e-05,,,2021-12-30 00:30:00
5469415.354091301,0.0,138.0,,0.88,86.0,4.8e-05,,,2021-12-30 00:35:00
5469416.354177433,0.0,145.0,,0.88,77.0,5.2e-05,,,2021-12-30 00:40:00
5469417.3542635655,0.0,143.0,,0.88,64.0,5.7e-05,,,2021-12-30 00:45:00
5469418.354349698,0.0,137.0,,0.88,63.0,4.8e-05,,,2021-12-30 00:50:00
5469419.354435831,0.0,132.0,,0.88,62.0,4.8e-05,,,2021-12-30 00:55:00
5469420.354521964,0.0,128.0,,0.88,64.0,4.7e-05,,,2021-12-30 01:00:00
5469421.354608096,0.0,126.0,,0.88,64.0,4.7e-05,,,2021-12-30 01:05:00
5469422.354694229,0.0,123.0,,0.88,64.0,4.7e-05,,,2021-12-30 01:10:00
5469423.354780362,0.0,121.0,,0.88,64.0,4.7e-05,,,2021-12-30 01:15:00
5469424.354866494,0.0,120.0,,0.88,65.0,4.7e-05,,,2021-12-30 01:20:00
5469425.354952627,0.0,120.0,,0.88,65.0,4.9e-05,,,2021-12-30 01:25:00
5469426.355038759,0.0,122.0,,0.88,66.0,5.3e-05,,,2021-12-30 01:30:00
5469427.355124892,0.0,123.0,,0.88,66.0,5.5e-05,,,2021-12-30 01:35:00
5469428.355211025,0.0,122.0,,0.88,65.0,5.6e-05,,,2021-12-30 01:40:00
5469429.355297158,0.0,122.0,,0.88,65.0,5.7e-05,,,2021-12-30 01:45:00
5469430.35538329,0.0,121.0,,0.88,67.0,5.8e-05,,,2021-12-30 01:50:00
5469431.355469422,0.0,119.0,,0.88,68.0,5.4e-05,,,2021-12-30 01:55:00
5469432.355555556,0.0,114.0,,0.88,68.0,4.8e-05,,,2021-12-30 02:00:00
5469433.355641688,0.0,112.0,,0.88,67.0,4.7e-05,,,2021-12-30 02:05:00
5469434.355727821,0.0,110.0,,0.88,68.0,4.7e-05,,,2021-12-30 02:10:00
5469435.355813953,0.0,108.0,,0.88,67.0,4.7e-05,,,2021-12-30 02:15:00
5469436.3559000855,0.0,108.0,,0.88,67.0,4.8e-05,,,2021-12-30 02:20:00
5469437.355986219,0.0,115.0,,0.88,66.0,4.7e-05,,,2021-12-30 02:25:00
5469438.356072351,0.0,124.0,,0.88,65.0,4.5e-05,,,2021-12-30 02:30:00
5469439.356158484,0.0,125.0,,0.88,66.0,4.5e-05,,,2021-12-30 02:35:00
5469440.356244616,0.0,125.0,,0.88,65.0,4.5e-05,,,2021-12-30 02:40:00
5469441.35633075,0.0,124.0,,0.88,65.0,4.6e-05,,,2021-12-30 02:45:00
5469442.356416882,0.0,123.0,,0.88,65.0,4.6e-05,,,2021-12-30 02:50:00
5469443.356503014,0.0,122.0,,0.88,66.0,4.6e-05,,,2021-12-30 02:55:00
5469444.356589147,0.0,123.0,,0.88,66.0,4.6e-05,,,2021-12-30 03:00:00
5469445.356675279,0.0,126.0,,0.88,68.0,5.7e-05,,,2021-12-30 03:05:00
5469446.356761413,0.0,125.0,,0.88,66.0,6.2e-05,,,2021-12-30 03:10:00
5469447.356847545,0.0,123.0,,0.88,65.0,6.8e-05,,,2021-12-30 03:15:00
5469448.356933678,0.0,121.0,,0.88,64.0,7.4e-05,,,2021-12-30 03:20:00
5469449.35701981,0.0,118.0,,0.88,64.0,5.8e-05,,,2021-12-30 03:25:00
5469450.357105943,0.0,111.0,,0.88,67.0,4.9e-05,,,2021-12-30 03:30:00
5469451.357192076,0.0,105.0,,0.88,67.0,4.9e-05,,,2021-12-30 03:35:00
5469452.357278208,0.0,99.0,,0.88,67.0,4.9e-05,,,2021-12-30 03:40:00
5469453.357364341,0.0,106.0,,0.88,67.0,4.9e-05,,,2021-12-30 03:45:00
5469454.357450473,0.0,114.0,,0.88,65.0,4.7e-05,,,2021-12-30 03:50:00
5469455.3575366065,0.0,119.0,,0.88,66.0,4.7e-05,,,2021-12-30 03:55:00
5469456.357622739,0.0,122.0,,0.88,68.0,4.7e-05,,,2021-12-30 04:00:00
5469457.357708871,0.0,123.0,,0.88,68.0,5e-05,,,2021-12-30 04:05:00
5469458.357795004,0.0,123.0,,0.88,67.0,5.3e-05,,,2021-12-30 04:10:00
5469459.357881137,0.0,124.0,,0.88,68.0,5.5e-05,,,2021-12-30 04:15:00
5469460.35796727,0.0,124.0,,0.88,64.0,5e-05,,,2021-12-30 04:20:00
5469461.358053402,0.0,123.0,,0.88,63.0,5e-05,,,2021-12-30 04:25:00
5469462.3581395345,0.0,122.0,,0.88,65.0,4.9e-05,,,2021-12-30 04:30:00
5469463.358225667,0.0,122.0,,0.88,65.0,4.9e-05,,,2021-12-30 04:35:00
5469464.3583118,0.0,121.0,,0.88,65.0,4.9e-05,,,2021-12-30 04:40:00
5469465.358397933,0.0,127.0,,0.88,68.0,5.1e-05,,,2021-12-30 04:45:00
5469466.358484065,0.0,131.0,,0.88,65.0,5.7e-05,,,2021-12-30 04:50:00
5469467.358570198,0.0,130.0,,0.88,65.0,5.8e-05,,,2021-12-30 04:55:00
5469468.358656331,0.0,129.0,,0.88,66.0,5.8e-05,,,2021-12-30 05:00:00
5469469.358742463,0.0,129.0,,0.88,66.0,6e-05,,,2021-12-30 05:05:00
5469470.358828596,0.0,130.0,,0.88,67.0,6.1e-05,,,2021-12-30 05:10:00
5469471.358914728,0.0,132.0,,0.88,66.0,5.7e-05,,,2021-12-30 05:15:00
5469472.359000861,0.0,129.0,,0.88,67.0,5.7e-05,,,2021-12-30 05:20:00
5469473.359086994,0.0,128.0,,0.88,67.0,5.7e-05,,,2021-12-30 05:25:00
5469474.3591731265,0.0,133.0,,0.88,65.0,4.9e-05,,,2021-12-30 05:30:00
5469475.359259259,0.0,139.0,,0.88,66.0,4.5e-05,,,2021-12-30 05:35:00
5469476.359345391,0.0,139.0,,0.88,71.0,4.5e-05,,,2021-12-30 05:40:00
5469477.359431525,0.0,135.0,,0.88,66.0,4.7e-05,,,2021-12-30 05:45:00
5469478.359517657,0.0,137.0,,0.88,65.0,4.6e-05,,,2021-12-30 05:50:00
5469479.35960379,0.0,134.0,,0.88,64.0,4.6e-05,,,2021-12-30 05:55:00
5469480.359689922,0.0,133.0,,0.88,64.0,4.6e-05,,,2021-12-30 06:00:00
5469481.3597760545,0.0,133.0,,0.88,62.0,4.6e-05,,,2021-12-30 06:05:00
5469482.359862188,0.0,146.0,,0.88,66.0,4.9e-05,,,2021-12-30 06:10:00
5469483.35994832,0.0,156.0,,0.88,63.0,5.6e-05,,,2021-12-30 06:15:00
5469484.360034453,0.0,154.0,,0.88,62.0,6.1e-05,,,2021-12-30 06:20:00
5469485.360120585,0.0,154.0,,0.88,67.0,6.4e-05,,,2021-12-30 06:25:00
5469486.360206719,0.0,152.0,,0.88,,,,,2021-12-30 06:30:00
5469487.360292851,0.0,153.0,,0.88,77.0,,,,2021-12-30 06:35:00
5469488.360378983,0.0,155.0,,0.88,70.0,,,,2021-12-30 06:40:00
5469489.360465116,0.0,161.0,,0.88,66.0,4.5e-05,,,2021-12-30 06:45:00
5469490.360551248,0.0,158.0,,0.88,64.0,4.6e-05,,,2021-12-30 06:50:00
5469491.360637382,0.0,159.0,,0.88,66.0,4.5e-05,,,2021-12-30 06:55:00
5469492.360723514,0.0,165.0,,0.88,61.0,4.7e-05,,,2021-12-30 07:00:00
5469493.360809647,0.0,163.0,,0.88,67.0,4.8e-05,,,2021-12-30 07:05:00
5469494.360895779,0.0,162.0,,0.88,70.0,4.9e-05,,,2021-12-30 07:10:00
5469495.360981912,0.0,168.0,,0.88,108.0,4.6e-05,,,2021-12-30 07:15:00
5469496.361068045,0.0,178.0,,0.88,97.0,4.6e-05,,,2021-12-30 07:20:00
5469497.361154177,0.0,186.0,,0.88,83.0,4.6e-05,,,2021-12-30 07:25:00
5469498.36124031,0.0,192.0,,0.88,85.0,5e-05,,,2021-12-30 07:30:00
5469499.361326442,0.0,195.0,,0.88,89.0,5e-05,,,2021-12-30 07:35:00
5469500.3614125755,0.0,194.0,,0.88,92.0,4.6e-05,,,2021-12-30 07:40:00
5469501.361498708,0.0,196.0,,0.88,96.0,4.6e-05,,,2021-12-30 07:45:00
5469502.36158484,0.0,197.0,154.0,0.88,91.0,4.9e-05,,,2021-12-30 07:50:00
5469503.361670973,0.0,200.0,,0.88,77.0,5.1e-05,,,2021-12-30 07:55:00
5469504.361757106,0.0,168.0,,0.88,79.0,4.9e-05,,,2021-12-30 08:00:00
5469505.361843239,0.0,169.0,156.0,0.88,82.0,4.8e-05,,7.1,2021-12-30 08:05:00
5469506.361929371,0.0,167.0,,0.88,84.0,4.9e-05,100.0,6.3,2021-12-30 08:10:00
5469507.362015503,0.0,167.0,,0.88,92.0,4.9e-05,,,2021-12-30 08:15:00
5469508.362101636,0.0,170.0,,0.88,79.0,4.9e-05,,,2021-12-30 08:20:00
5469509.362187769,0.0,174.0,,0.88,80.0,4.7e-05,,,2021-12-30 08:25:00
5469510.362273902,0.0,184.0,,0.88,80.0,4.9e-05,,,2021-12-30 08:30:00
5469511.362360034,0.0,195.0,,0.88,82.0,5.1e-05,,,2021-12-30 08:35:00
5469512.362446167,0.0,212.0,,0.88,81.0,5e-05,,,2021-12-30 08:40:00
5469513.3625323,0.0,229.0,,0.88,79.0,5.3e-05,,,2021-12-30 08:45:00
5469514.362618432,0.0,243.0,,0.88,80.0,5.9e-05,,,2021-12-30 08:50:00
5469515.362704565,0.0,252.0,,0.88,79.0,6.4e-05,,,2021-12-30 08:55:00
5469516.362790697,0.0,260.0,,0.88,81.0,7.2e-05,,,2021-12-30 09:00:00
5469517.36287683,0.0,270.0,,0.88,82.0,7.7e-05,,,2021-12-30 09:05:00
5469518.362962963,0.0,282.0,,0.88,81.0,4.9e-05,,,2021-12-30 09:10:00
5469519.3630490955,0.0,286.0,,0.88,81.0,5.7e-05,,,2021-12-30 09:15:00
5469520.363135228,0.0,291.0,,0.88,80.0,4.7e-05,,,2021-12-30 09:20:00
5469521.36322136,0.0,294.0,,0.88,85.0,4.8e-05,,,2021-12-30 09:25:00
5469522.363307494,0.0,300.0,,0.88,79.0,4.9e-05,,,2021-12-30 09:30:00
5469523.363393626,0.0,302.0,,0.88,77.0,5e-05,,,2021-12-30 09:35:00
5469524.363479759,0.0,298.0,,0.88,,,,,2021-12-30 09:40:00
5469525.363565891,0.0,291.0,,0.88,,,,,2021-12-30 09:45:00
5469526.3636520235,0.0,288.0,,0.88,,,,,2021-12-30 09:50:00
5469527.363738157,0.0,287.0,,0.88,,,,,2021-12-30 09:55:00
5469528.363824289,0.0,286.0,,0.88,,,,,2021-12-30 10:00:00
5469529.363910422,0.0,283.0,,0.88,,,,,2021-12-30 10:05:00
5469530.363996554,0.0,277.0,,0.88,,,,,2021-12-30 10:10:00
5469531.364082688,0.0,269.0,,0.88,,,,,2021-12-30 10:15:00
5469532.36416882,0.0,261.0,,0.88,,,,,2021-12-30 10:20:00
5469533.364254952,0.0,256.0,,0.88,,,,,2021-12-30 10:25:00
5469534.364341085,0.0,252.0,,0.88,,,,,2021-12-30 10:30:00
5469535.364427217,0.0,242.0,,0.88,74.0,4.8e-05,,,2021-12-30 10:35:00
5469536.364513351,0.0,240.0,,0.88,95.0,4.7e-05,,,2021-12-30 10:40:00
5469537.364599483,0.0,237.0,,0.88,86.0,4.6e-05,,,2021-12-30 10:45:00
5469538.3646856155,0.0,227.0,,0.88,84.0,5e-05,,,2021-12-30 10:50:00
5469539.364771748,0.0,217.0,,0.88,86.0,4.8e-05,,,2021-12-30 10:55:00
5469540.364857881,0.0,207.0,,0.88,84.0,4.8e-05,,,2021-12-30 11:00:00
5469541.364944014,0.0,209.0,,0.88,88.0,5.1e-05,,,2021-12-30 11:05:00
5469542.365030146,0.0,208.0,,0.88,85.0,4.8e-05,,,2021-12-30 11:10:00
5469543.365116279,0.0,205.0,,0.88,81.0,5.2e-05,,,2021-12-30 11:15:00
5469544.365202411,0.0,197.0,,0.88,80.0,4.8e-05,,,2021-12-30 11:20:00
5469545.365288544,0.0,190.0,,0.88,80.0,5.3e-05,,,2021-12-30 11:25:00
5469546.365374677,0.0,187.0,,0.88,77.0,5.5e-05,,,2021-12-30 11:30:00
5469547.365460809,0.0,184.0,,0.88,78.0,5.1e-05,,,2021-12-30 11:35:00
5469548.365546942,0.0,185.0,,0.88,86.0,4.9e-05,,,2021-12-30 11:40:00
5469549.365633075,0.0,185.0,,0.88,90.0,4.9e-05,,,2021-12-30 11:45:00
5469550.365719208,0.0,177.0,,0.88,84.0,5.3e-05,,,2021-12-30 11:50:00
5469551.36580534,0.0,172.0,,0.88,87.0,6.1e-05,,,2021-12-30 11:55:00
5469552.365891472,0.0,168.0,,0.88,88.0,9.1e-05,,,2021-12-30 12:00:00
5469553.365977605,0.0,163.0,,0.88,83.0,7.5e-05,,,2021-12-30 12:05:00
5469554.366063738,0.0,160.0,,0.88,85.0,5.8e-05,,,2021-12-30 12:10:00
5469555.366149871,0.0,161.0,,0.88,91.0,9.9e-05,,,2021-12-30 12:15:00
5469556.366236003,0.0,157.0,,0.88,87.0,0.000119,,,2021-12-30 12:20:00
5469557.366322136,0.0,152.0,,0.88,84.0,0.000224,,,2021-12-30 12:25:00
5469558.366408269,0.0,148.0,,0.88,87.0,0.000204,,,2021-12-30 12:30:00
5469559.366494401,0.0,145.0,,0.88,87.0,0.000114,,,2021-12-30 12:35:00
5469560.366580534,0.0,143.0,,0.88,91.0,0.00016,,,2021-12-30 12:40:00
5469561.366666666,0.0,142.0,152.0,0.88,91.0,0.000236,,7.9,2021-12-30 12:45:00
5469562.366752799,0.0,140.0,,0.88,88.0,0.000122,,7.2,2021-12-30 12:50:00
5469563.366838932,0.0,137.0,,0.88,87.0,8.7e-05,115.0,,2021-12-30 12:55:00
5469564.3669250645,0.0,141.0,,0.88,84.0,7e-05,,,2021-12-30 13:00:00
5469565.367011197,0.0,139.0,,0.88,99.0,6.6e-05,,,2021-12-30 13:05:00
5469566.367097329,0.0,136.0,,0.88,106.0,0.000108,,,2021-12-30 13:10:00
5469567.367183463,0.0,132.0,,0.88,112.0,1.35795,,,2021-12-30 13:15:00
5469568.367269595,0.0,126.0,,0.88,111.0,5.066,,,2021-12-30 13:20:00
5469569.367355728,0.0,120.0,,0.88,118.0,10.374,,,2021-12-30 13:25:00
5469570.36744186,0.0,112.0,,0.88,114.0,12.508,,,2021-12-30 13:30:00
5469571.367527992,0.0,107.0,,0.88,129.0,17.3,,,2021-12-30 13:35:00
5469572.367614126,0.0,100.0,,0.88,126.0,16.78,,,2021-12-30 13:40:00
5469573.367700258,0.0,95.0,,0.88,123.0,17.32,,,2021-12-30 13:45:00
5469574.367786391,0.0,91.0,,0.88,113.0,3.06962,,,2021-12-30 13:50:00
5469575.367872523,0.0,86.0,,0.88,112.0,0.8066,,,2021-12-30 13:55:00
5469576.3679586565,0.0,83.0,,0.88,118.0,6.654,,,2021-12-30 14:00:00
5469577.368044789,0.0,78.0,,0.88,120.0,9.7122,,,2021-12-30 14:05:00
5469578.368130921,0.0,76.0,,0.88,127.0,9.158,,,2021-12-30 14:10:00
5469579.368217054,0.0,76.0,,0.88,118.0,5.384,,,2021-12-30 14:15:00
5469580.368303186,0.0,77.0,,0.88,125.0,5.8564,,,2021-12-30 14:20:00
5469581.36838932,0.0,73.0,,0.88,119.0,3.5878,,,2021-12-30 14:25:00
5469582.368475452,0.0,72.0,,0.88,130.0,7.2332,,,2021-12-30 14:30:00
5469583.3685615845,0.0,73.0,,0.88,109.0,9.502,,,2021-12-30 14:35:00
5469584.368647717,0.0,71.0,,0.88,121.0,16.9,,,2021-12-30 14:40:00
5469585.36873385,0.0,70.0,,0.88,,,,,2021-12-30 14:45:00
5469586.368819983,0.0,70.0,,0.88,,,,,2021-12-30 14:50:00
5469587.368906115,0.0,69.0,,0.88,103.0,0.001813,,,2021-12-30 14:55:00
5469588.368992248,0.0,70.0,,0.88,102.0,0.00747,,,2021-12-30 15:00:00
5469589.36907838,0.0,75.0,,0.88,101.0,0.06164,,,2021-12-30 15:05:00
5469590.369164513,0.0,78.0,,0.88,108.0,0.16134,,,2021-12-30 15:10:00
5469591.369250646,0.0,80.0,,0.88,105.0,0.94412,,,2021-12-30 15:15:00
5469592.369336778,0.0,82.0,,0.88,109.0,0.836,,,2021-12-30 15:20:00
5469593.369422911,0.0,80.0,,0.88,98.0,1.0084,,,2021-12-30 15:25:00
5469594.369509044,0.0,79.0,,0.88,98.0,0.3731,,,2021-12-30 15:30:00
5469595.369595177,0.0,80.0,,0.88,98.0,0.066192,,,2021-12-30 15:35:00
5469596.369681309,0.0,79.0,,0.88,96.0,0.022474,,,2021-12-30 15:40:00
5469597.369767441,0.0,77.0,,0.88,96.0,0.004017,,,2021-12-30 15:45:00
5469598.369853575,0.0,74.0,,0.88,95.0,0.000657,,,2021-12-30 15:50:00
5469599.369939707,0.0,73.0,,0.88,94.0,0.000209,,,2021-12-30 15:55:00
5469600.37002584,0.0,70.0,,0.88,93.0,0.000196,,,2021-12-30 16:00:00
5469601.370111972,0.0,68.0,,0.88,99.0,0.000216,,,2021-12-30 16:05:00
5469602.3701981045,0.0,68.0,,0.88,96.0,0.146508,,,2021-12-30 16:10:00
5469603.370284238,0.0,68.0,,0.88,97.0,0.1254,,,2021-12-30 16:15:00
5469604.37037037,0.0,69.0,,0.88,98.0,0.048079,,,2021-12-30 16:20:00
5469605.370456503,0.0,67.0,,0.88,95.0,0.000615,,,2021-12-30 16:25:00
5469606.370542635,0.0,68.0,,0.88,92.0,0.000623,,,2021-12-30 16:30:00
5469607.370628769,0.0,72.0,,0.88,90.0,0.000366,,,2021-12-30 16:35:00
5469608.370714901,0.0,76.0,,0.88,87.0,0.000226,,,2021-12-30 16:40:00
5469609.370801033,0.0,79.0,,0.88,90.0,0.000149,,,2021-12-30 16:45:00
5469610.370887166,0.0,80.0,,0.88,90.0,0.000123,,,2021-12-30 16:50:00
5469611.370973298,0.0,80.0,,0.88,93.0,7.8e-05,,,2021-12-30 16:55:00
5469612.371059432,0.0,83.0,,0.88,94.0,6.6e-05,,,2021-12-30 17:00:00
5469613.371145564,0.0,84.0,,0.88,100.0,6.7e-05,,,2021-12-30 17:05:00
5469614.371231697,0.0,84.0,,0.88,97.0,5.9e-05,,,2021-12-30 17:10:00
5469615.371317829,0.0,82.0,,0.88,98.0,7.1e-05,,,2021-12-30 17:15:00
5469616.371403962,0.0,84.0,,0.88,99.0,0.0001,,,2021-12-30 17:20:00
5469617.371490095,0.0,85.0,,0.88,100.0,0.000111,,,2021-12-30 17:25:00
5469618.371576227,0.0,84.0,,0.88,101.0,0.000169,,,2021-12-30 17:30:00
5469619.37166236,0.0,84.0,,0.88,95.0,0.000369,,,2021-12-30 17:35:00
5469620.371748492,0.0,83.0,,0.88,101.0,0.000304,,,2021-12-30 17:40:00
5469621.3718346255,0.0,82.0,,0.88,100.0,0.00027,,,2021-12-30 17:45:00
5469622.371920758,0.0,81.0,,0.88,98.0,0.004356,,,2021-12-30 17:50:00
5469623.37200689,0.0,80.0,,0.88,90.0,0.001937,,,2021-12-30 17:55:00
5469624.372093023,0.0,80.0,,0.88,96.0,0.007266,,,2021-12-30 18:00:00
5469625.372179156,0.0,78.0,,0.88,93.0,0.002304,,,2021-12-30 18:05:00
5469626.372265289,0.0,81.0,,0.88,91.0,0.001193,,,2021-12-30 18:10:00
5469627.372351421,0.0,81.0,,0.88,92.0,0.000326,,,2021-12-30 18:15:00
5469628.3724375535,0.0,80.0,,0.88,92.0,0.000233,,,2021-12-30 18:20:00
5469629.372523686,0.0,79.0,,0.88,93.0,0.000144,,,2021-12-30 18:25:00
5469630.372609819,0.0,82.0,,0.88,98.0,0.00018,,,2021-12-30 18:30:00
5469631.372695952,0.0,81.0,,0.88,98.0,0.000214,,,2021-12-30 18:35:00
5469632.372782084,0.0,80.0,,0.88,92.0,0.000253,,,2021-12-30 18:40:00
5469633.372868217,0.0,81.0,,0.88,100.0,0.000149,,,2021-12-30 18:45:00
5469634.37295435,0.0,81.0,,0.88,95.0,0.421352,,,2021-12-30 18:50:00
5469635.373040482,0.0,81.0,,0.88,106.0,9.232,,,2021-12-30 18:55:00
5469636.373126615,0.0,80.0,,0.88,109.0,13.118,,,2021-12-30 19:00:00
5469637.373212747,0.0,78.0,,0.88,108.0,12.676,,,2021-12-30 19:05:00
5469638.37329888,0.0,76.0,,0.88,112.0,10.732,,,2021-12-30 19:10:00
5469639.373385013,0.0,75.0,,0.88,100.0,1.25,,,2021-12-30 19:15:00
5469640.3734711455,0.0,77.0,,0.88,93.0,0.004068,,,2021-12-30 19:20:00
5469641.373557278,0.0,81.0,,0.88,98.0,0.09722,,,2021-12-30 19:25:00
5469642.37364341,0.0,85.0,,0.88,102.0,0.04475,,,2021-12-30 19:30:00
5469643.373729544,0.0,83.0,,0.88,103.0,0.000159,,,2021-12-30 19:35:00
5469644.373815676,0.0,82.0,,0.88,103.0,0.00032,,,2021-12-30 19:40:00
5469645.373901809,0.0,83.0,,0.88,89.0,0.001139,,,2021-12-30 19:45:00
5469646.373987941,0.0,84.0,,0.88,88.0,0.000861,,,2021-12-30 19:50:00
5469647.3740740735,0.0,86.0,,0.88,88.0,0.000511,,,2021-12-30 19:55:00
5469648.374160207,0.0,86.0,,0.88,86.0,0.000269,,,2021-12-30 20:00:00
5469649.374246339,0.0,87.0,,0.88,91.0,0.000119,,,2021-12-30 20:05:00
5469650.374332472,0.0,89.0,,0.88,94.0,0.000104,,,2021-12-30 20:10:00
5469651.374418604,0.0,86.0,54.0,0.88,98.0,0.00013,,7.4,2021-12-30 20:15:00
5469652.374504738,0.0,85.0,,0.88,98.0,0.000113,,2.2,2021-12-30 20:20:00
5469653.37459087,0.0,85.0,,0.88,85.0,7.6e-05,125.0,,2021-12-30 20:25:00
5469654.374677002,0.0,65.0,75.0,0.88,91.0,8.3e-05,,3.5,2021-12-30 20:30:00
5469655.374763135,0.0,66.0,,0.88,93.0,7.8e-05,,3.4,2021-12-30 20:35:00
5469656.374849267,0.0,64.0,,0.88,91.0,7.8e-05,,,2021-12-30 20:40:00
5469657.374935401,0.0,65.0,,0.88,91.0,6.8e-05,,,2021-12-30 20:45:00
5469658.375021533,0.0,68.0,,0.88,91.0,8.6e-05,,,2021-12-30 20:50:00
5469659.375107666,0.0,73.0,,0.88,89.0,7.4e-05,,,2021-12-30 20:55:00
5469660.375193798,0.0,79.0,,0.88,89.0,7.5e-05,,,2021-12-30 21:00:00
5469661.375279931,0.0,84.0,,0.88,102.0,6.3e-05,,,2021-12-30 21:05:00
5469662.375366064,0.0,84.0,,0.88,103.0,5e-05,,,2021-12-30 21:10:00
5469663.375452196,0.0,84.0,,0.88,102.0,5e-05,,,2021-12-30 21:15:00
5469664.375538329,0.0,84.0,,0.88,103.0,4.6e-05,,,2021-12-30 21:20:00
5469665.375624461,0.0,84.0,,0.88,106.0,4.3e-05,,,2021-12-30 21:25:00
5469666.3757105945,0.0,84.0,,0.88,114.0,4.3e-05,,,2021-12-30 21:30:00
5469667.375796727,0.0,83.0,,0.88,114.0,5.3e-05,,,2021-12-30 21:35:00
5469668.375882859,0.0,81.0,,0.88,107.0,0.000116,,,2021-12-30 21:40:00
5469669.375968992,0.0,78.0,,0.88,102.0,5.3e-05,,,2021-12-30 21:45:00
5469670.376055125,0.0,80.0,,0.88,91.0,5e-05,,,2021-12-30 21:50:00
5469671.376141258,0.0,83.0,,0.88,91.0,5.6e-05,,,2021-12-30 21:55:00
5469672.37622739,0.0,86.0,,0.88,90.0,6.1e-05,,,2021-12-30 22:00:00
5469673.376313522,0.0,90.0,,0.88,90.0,5.8e-05,,,2021-12-30 22:05:00
5469674.376399655,0.0,94.0,,0.88,90.0,5.8e-05,,,2021-12-30 22:10:00
5469675.376485788,0.0,96.0,,0.88,91.0,5.9e-05,,,2021-12-30 22:15:00
5469676.376571921,0.0,96.0,,0.88,88.0,6.9e-05,,,2021-12-30 22:20:00
5469677.376658053,0.0,96.0,,0.88,91.0,6.1e-05,,,2021-12-30 22:25:00
5469678.376744186,0.0,93.0,,0.88,92.0,4.8e-05,,,2021-12-30 22:30:00
5469679.376830319,0.0,88.0,,0.88,82.0,4.6e-05,,,2021-12-30 22:35:00
5469680.376916451,0.0,82.0,,0.88,82.0,4.6e-05,,,2021-12-30 22:40:00
5469681.377002584,0.0,77.0,,0.88,82.0,4.6e-05,,,2021-12-30 22:45:00
5469682.377088716,0.0,74.0,,0.88,82.0,4.6e-05,,,2021-12-30 22:50:00
5469683.377174849,0.0,73.0,,0.88,81.0,4.6e-05,,,2021-12-30 22:55:00
5469684.377260982,0.0,71.0,,0.88,84.0,5.4e-05,,,2021-12-30 23:00:00
5469685.3773471145,0.0,68.0,,0.88,76.0,6e-05,,,2021-12-30 23:05:00
5469686.377433247,0.0,66.0,,0.88,76.0,7.6e-05,,,2021-12-30 23:10:00
5469687.377519379,0.0,65.0,,0.88,75.0,0.000101,,,2021-12-30 23:15:00
5469688.377605513,0.0,63.0,,0.88,75.0,0.000146,,,2021-12-30 23:20:00
5469689.377691645,0.0,62.0,,0.88,76.0,0.000201,,,2021-12-30 23:25:00
5469690.377777778,0.0,62.0,,0.88,75.0,0.000288,,,2021-12-30 23:30:00
5469691.37786391,0.0,62.0,,0.88,74.0,0.000412,,,2021-12-30 23:35:00
5469692.3779500425,0.0,62.0,,0.88,74.0,0.000531,,,2021-12-30 23:40:00
5469693.378036176,0.0,63.0,,0.88,74.0,0.000656,,,2021-12-30 23:45:00
5469694.378122308,0.0,63.0,,0.88,74.0,0.000822,,,2021-12-30 23:50:00
5469695.378208441,0.0,63.0,,0.88,74.0,0.000984,,,2021-12-30 23:55:00
5469696.378294573,0.0,66.0,,0.88,78.0,0.000328,,,2021-12-31 00:00:00
5469697.3783807065,0.0,68.0,,0.88,73.0,7.4e-05,,,2021-12-31 00:05:00
5469698.378466839,0.0,67.0,,0.88,73.0,8.2e-05,,,2021-12-31 00:10:00
5469699.378552971,0.0,67.0,,0.88,76.0,8.6e-05,,,2021-12-31 00:15:00
5469700.378639104,0.0,67.0,,0.88,74.0,9e-05,,,2021-12-31 00:20:00
5469701.378725236,0.0,67.0,,0.88,74.0,8.4e-05,,,2021-12-31 00:25:00
5469702.37881137,0.0,68.0,,0.0,73.0,8e-05,,,2021-12-31 00:30:00
5469703.378897502,0.0,67.0,,0.0,72.0,8.2e-05,,,2021-12-31 00:35:00
5469704.3789836345,0.0,66.0,,0.0,73.0,8.3e-05,,,2021-12-31 00:40:00
5469705.379069767,0.0,66.0,,0.0,72.0,8.2e-05,,,2021-12-31 00:45:00
5469706.3791559,0.0,65.0,,0.0,72.0,7.9e-05,,,2021-12-31 00:50:00
5469707.379242033,0.0,65.0,,0.0,72.0,8.3e-05,,,2021-12-31 00:55:00
5469708.379328165,0.0,66.0,,0.0,71.0,0.000139,,,2021-12-31 01:00:00
5469709.379414298,0.0,66.0,,0.0,72.0,0.000132,,,2021-12-31 01:05:00
5469710.37950043,0.0,67.0,,0.0,70.0,0.000124,,,2021-12-31 01:10:00
5469711.379586563,0.0,69.0,,0.0,71.0,0.000151,,,2021-12-31 01:15:00
5469712.379672696,0.0,70.0,,0.0,69.0,0.00017,,,2021-12-31 01:20:00
5469713.379758828,0.0,72.0,,0.0,70.0,0.000191,,,2021-12-31 01:25:00
5469714.379844961,0.0,74.0,,0.0,71.0,0.000215,,,2021-12-31 01:30:00
5469715.379931094,0.0,76.0,,0.0,70.0,0.000271,,,2021-12-31 01:35:00
5469716.380017227,0.0,78.0,,0.0,70.0,0.000587,,,2021-12-31 01:40:00
5469717.380103359,0.0,81.0,,0.0,71.0,0.000768,,,2021-12-31 01:45:00
5469718.380189491,0.0,81.0,,0.0,73.0,0.000563,,,2021-12-31 01:50:00
5469719.380275624,0.0,81.0,,0.0,73.0,0.00037,,,2021-12-31 01:55:00
5469720.380361757,0.0,83.0,,0.0,73.0,0.000343,,,2021-12-31 02:00:00
5469721.38044789,0.0,84.0,,0.0,71.0,0.000236,,,2021-12-31 02:05:00
5469722.380534022,0.0,84.0,,0.0,73.0,0.000129,,,2021-12-31 02:10:00
5469723.380620155,0.0,82.0,,0.0,71.0,0.000117,,,2021-12-31 02:15:00
5469724.380706288,0.0,83.0,,0.0,71.0,0.000107,,,2021-12-31 02:20:00
5469725.38079242,0.0,86.0,,0.0,70.0,7.1e-05,,,2021-12-31 02:25:00
5469726.380878553,0.0,89.0,,0.88,69.0,5.7e-05,,,2021-12-31 02:30:00
5469727.380964685,0.0,90.0,,0.88,68.0,6.5e-05,,,2021-12-31 02:35:00
5469728.381050818,0.0,91.0,,0.88,66.0,6.5e-05,,,2021-12-31 02:40:00
5469729.381136951,0.0,93.0,,0.88,67.0,6.6e-05,,,2021-12-31 02:45:00
5469730.3812230835,0.0,94.0,,0.88,67.0,6.5e-05,,,2021-12-31 02:50:00
5469731.381309216,0.0,97.0,,0.88,67.0,5.7e-05,,,2021-12-31 02:55:00
5469732.381395348,0.0,100.0,,0.88,66.0,5e-05,,,2021-12-31 03:00:00
5469733.381481482,0.0,103.0,,0.88,66.0,5e-05,,,2021-12-31 03:05:00
5469734.381567614,0.0,106.0,,0.88,65.0,4.9e-05,,,2021-12-31 03:10:00
5469735.381653747,0.0,107.0,,0.88,65.0,4.9e-05,,,2021-12-31 03:15:00
5469736.381739879,0.0,108.0,,0.88,67.0,5.4e-05,,,2021-12-31 03:20:00
5469737.381826011,0.0,111.0,,0.88,64.0,6.4e-05,,,2021-12-31 03:25:00
5469738.381912145,0.0,112.0,,0.88,63.0,7.5e-05,,,2021-12-31 03:30:00
5469739.381998277,0.0,113.0,,0.88,62.0,8.5e-05,,,2021-12-31 03:35:00
5469740.38208441,0.0,113.0,,0.88,64.0,9.9e-05,,,2021-12-31 03:40:00
5469741.382170542,0.0,114.0,,0.88,65.0,0.000115,,,2021-12-31 03:45:00
5469742.3822566755,0.0,115.0,,0.88,66.0,0.00012,,,2021-12-31 03:50:00
5469743.382342808,0.0,115.0,,0.88,61.0,5.5e-05,,,2021-12-31 03:55:00
5469744.38242894,0.0,113.0,,1.25,64.0,5.4e-05,,,2021-12-31 04:00:00
5469745.382515073,0.0,113.0,,1.25,65.0,5.3e-05,,,2021-12-31 04:05:00
5469746.382601205,0.0,116.0,,1.25,64.0,5.1e-05,,,2021-12-31 04:10:00
5469747.382687339,0.0,121.0,,1.25,62.0,5.1e-05,,,2021-12-31 04:15:00
5469748.382773471,0.0,122.0,,1.25,63.0,5.1e-05,,,2021-12-31 04:20:00
5469749.3828596035,0.0,122.0,,1.25,64.0,5.2e-05,,,2021-12-31 04:25:00
5469750.382945736,0.0,122.0,,1.25,65.0,5.2e-05,,,2021-12-31 04:30:00
5469751.383031869,0.0,121.0,,1.25,66.0,5.3e-05,,,2021-12-31 04:35:00
5469752.383118002,0.0,121.0,,1.25,65.0,5.3e-05,,,2021-12-31 04:40:00
5469753.383204134,0.0,120.0,,1.25,67.0,6.6e-05,,,2021-12-31 04:45:00
5469754.383290267,0.0,117.0,,1.25,63.0,6.7e-05,,,2021-12-31 04:50:00
5469755.383376399,0.0,116.0,,1.25,66.0,4.6e-05,,,2021-12-31 04:55:00
5469756.383462532,0.0,120.0,,1.3,93.0,,,,2021-12-31 05:00:00
5469757.383548665,0.0,120.0,,1.3,,,,,2021-12-31 05:05:00
5469758.383634797,0.0,120.0,,1.3,,,,,2021-12-31 05:10:00
5469759.38372093,0.0,122.0,,1.3,,,,,2021-12-31 05:15:00
5469760.383807063,0.0,121.0,,1.3,,,,,2021-12-31 05:20:00
5469761.383893196,0.0,127.0,173.0,1.3,90.0,4.9e-05,,,2021-12-31 05:25:00
5469762.383979328,0.0,131.0,,1.3,81.0,5.4e-05,,,2021-12-31 05:30:00
5469763.38406546,0.0,163.0,,1.3,80.0,5.7e-05,,,2021-12-31 05:35:00
5469764.384151593,0.0,165.0,,1.3,78.0,5.7e-05,,,2021-12-31 05:40:00
5469765.384237726,0.0,164.0,,1.3,86.0,5.1e-05,,,2021-12-31 05:45:00
5469766.384323859,0.0,161.0,,1.3,82.0,5.5e-05,,,2021-12-31 05:50:00
5469767.384409991,0.0,162.0,,1.3,93.0,5.4e-05,,,2021-12-31 05:55:00
5469768.3844961235,0.0,165.0,,1.3,91.0,5.7e-05,,,2021-12-31 06:00:00
5469769.384582257,0.0,165.0,,1.3,96.0,5.5e-05,,,2021-12-31 06:05:00
5469770.384668389,0.0,166.0,,1.3,82.0,5.2e-05,,,2021-12-31 06:10:00
5469771.384754522,0.0,170.0,,1.3,86.0,5.2e-05,,,2021-12-31 06:15:00
5469772.384840654,0.0,171.0,175.0,1.3,87.0,4.7e-05,,9.4,2021-12-31 06:20:00
5469773.384926787,0.0,172.0,,1.3,82.0,4.6e-05,130.0,8.1,2021-12-31 06:25:00
5469774.38501292,0.0,171.0,,1.3,86.0,4.7e-05,,,2021-12-31 06:30:00
5469775.385099052,0.0,170.0,,1.3,88.0,4.9e-05,,,2021-12-31 06:35:00
5469776.385185185,0.0,171.0,,1.3,83.0,4.9e-05,,,2021-12-31 06:40:00
5469777.385271317,0.0,173.0,,1.3,89.0,4.9e-05,,,2021-12-31 06:45:00
5469778.385357451,0.0,174.0,,1.3,85.0,4.9e-05,,,2021-12-31 06:50:00
5469779.385443583,0.0,183.0,,1.3,88.0,5e-05,,,2021-12-31 06:55:00
5469780.385529716,0.0,196.0,,1.45,91.0,4.8e-05,,,2021-12-31 07:00:00
5469781.385615848,0.0,206.0,,1.45,91.0,4.9e-05,,,2021-12-31 07:05:00
5469782.38570198,0.0,219.0,,1.45,105.0,4.6e-05,,,2021-12-31 07:10:00
5469783.385788114,0.0,220.0,,1.45,78.0,5.2e-05,,,2021-12-31 07:15:00
5469784.385874246,0.0,221.0,,1.45,81.0,4.5e-05,,,2021-12-31 07:20:00
5469785.385960379,0.0,228.0,,1.45,81.0,4.6e-05,,,2021-12-31 07:25:00
5469786.386046511,0.0,238.0,,1.45,89.0,4.5e-05,,,2021-12-31 07:30:00
5469787.3861326445,0.0,246.0,,1.45,87.0,4.7e-05,,,2021-12-31 07:35:00
5469788.386218777,0.0,251.0,,1.45,88.0,4.8e-05,,,2021-12-31 07:40:00
5469789.386304909,0.0,259.0,,1.45,87.0,4.8e-05,,,2021-12-31 07:45:00
5469790.386391042,0.0,261.0,,1.45,83.0,4.8e-05,,,2021-12-31 07:50:00
5469791.386477174,0.0,263.0,,1.45,86.0,4.9e-05,,,2021-12-31 07:55:00
5469792.386563308,0.0,264.0,,1.45,89.0,4.7e-05,,,2021-12-31 08:00:00
5469793.38664944,0.0,270.0,,1.45,100.0,4.5e-05,,,2021-12-31 08:05:00
5469794.3867355725,0.0,265.0,,1.45,80.0,4.6e-05,,,2021-12-31 08:10:00
5469795.386821705,0.0,262.0,,1.45,82.0,4.5e-05,,,2021-12-31 08:15:00
5469796.386907838,0.0,263.0,,1.45,81.0,4.9e-05,,,2021-12-31 08:20:00
5469797.386993971,0.0,265.0,,1.45,78.0,4.5e-05,,,2021-12-31 08:25:00
5469798.387080103,0.0,274.0,,1.45,82.0,4.7e-05,,,2021-12-31 08:30:00
5469799.387166236,0.0,277.0,,1.45,80.0,4.7e-05,,,2021-12-31 08:35:00
5469800.387252368,0.0,278.0,,1.45,79.0,4.7e-05,,,2021-12-31 08:40:00
5469801.387338501,0.0,279.0,,1.45,80.0,4.7e-05,,,2021-12-31 08:45:00
5469802.387424634,0.0,278.0,,1.45,80.0,4.7e-05,,,2021-12-31 08:50:00
5469803.387510766,0.0,275.0,,1.45,80.0,4.7e-05,,,2021-12-31 08:55:00
5469804.387596899,0.0,272.0,,1.45,81.0,4.7e-05,,,2021-12-31 09:00:00
5469805.387683032,0.0,273.0,,1.45,83.0,4.6e-05,,,2021-12-31 09:05:00
5469806.3877691645,0.0,272.0,,1.45,80.0,4.6e-05,,,2021-12-31 09:10:00
5469807.387855297,0.0,273.0,,1.45,89.0,4.6e-05,,,2021-12-31 09:15:00
5469808.387941429,0.0,273.0,,1.45,93.0,4.4e-05,,,2021-12-31 09:20:00
5469809.388027562,0.0,263.0,,1.45,75.0,4.5e-05,,,2021-12-31 09:25:00
5469810.388113695,0.0,250.0,,1.45,78.0,4.3e-05,,,2021-12-31 09:30:00
5469811.388199828,0.0,240.0,,1.45,78.0,4.3e-05,,,2021-12-31 09:35:00
5469812.38828596,0.0,235.0,,1.45,79.0,4.3e-05,,,2021-12-31 09:40:00
5469813.3883720925,0.0,231.0,,1.45,78.0,4.4e-05,,,2021-12-31 09:45:00
5469814.388458226,0.0,226.0,,1.45,77.0,4.3e-05,,,2021-12-31 09:50:00
5469815.388544358,0.0,217.0,,1.45,89.0,4.3e-05,,,2021-12-31 09:55:00
5469816.388630491,0.0,216.0,,1.45,72.0,4.4e-05,,,2021-12-31 10:00:00
5469817.388716623,0.0,220.0,,1.45,76.0,4.4e-05,,,2021-12-31 10:05:00
5469818.388802756,0.0,220.0,259.0,1.45,88.0,4.4e-05,,2.9,2021-12-31 10:10:00
5469819.388888889,0.0,221.0,259.0,1.45,89.0,4.3e-05,,3.7,2021-12-31 10:15:00
5469820.388975021,0.0,240.0,,1.45,77.0,4.3e-05,60.0,3.8,2021-12-31 10:20:00
5469821.389061154,0.0,229.0,,1.45,87.0,4.4e-05,,,2021-12-31 10:25:00
5469822.389147286,0.0,225.0,,1.45,79.0,4.4e-05,,,2021-12-31 10:30:00
5469823.38923342,0.0,229.0,,1.45,75.0,4.3e-05,,,2021-12-31 10:35:00
5469824.389319552,0.0,228.0,,1.45,99.0,4.3e-05,,,2021-12-31 10:40:00
5469825.389405685,0.0,226.0,,1.45,83.0,4.3e-05,,,2021-12-31 10:45:00
5469826.389491817,0.0,226.0,,1.45,76.0,5e-05,,,2021-12-31 10:50:00
5469827.389577949,0.0,234.0,,1.45,77.0,4.5e-05,,,2021-12-31 10:55:00
5469828.389664083,0.0,240.0,,0.75,75.0,4.3e-05,,,2021-12-31 11:00:00
5469829.389750215,0.0,236.0,,0.75,82.0,4.3e-05,,,2021-12-31 11:05:00
5469830.389836348,0.0,232.0,,0.75,88.0,4.4e-05,,,2021-12-31 11:10:00
5469831.38992248,0.0,233.0,,0.75,80.0,4.4e-05,,,2021-12-31 11:15:00
5469832.3900086135,0.0,234.0,,0.75,82.0,4.4e-05,,,2021-12-31 11:20:00
5469833.390094746,0.0,232.0,,0.75,78.0,4.4e-05,,,2021-12-31 11:25:00
5469834.390180878,0.0,234.0,,0.75,80.0,4.4e-05,,,2021-12-31 11:30:00
5469835.390267011,0.0,239.0,,0.75,78.0,4.5e-05,,,2021-12-31 11:35:00
5469836.390353143,0.0,244.0,,0.75,77.0,4.4e-05,,,2021-12-31 11:40:00
5469837.390439277,0.0,249.0,,0.75,89.0,4.4e-05,,,2021-12-31 11:45:00
5469838.390525409,0.0,250.0,,0.75,78.0,4.4e-05,,,2021-12-31 11:50:00
5469839.390611541,0.0,247.0,,0.75,75.0,4.4e-05,,,2021-12-31 11:55:00
5469840.390697674,0.0,244.0,,0.75,79.0,4.4e-05,,,2021-12-31 12:00:00
5469841.390783807,0.0,243.0,,0.75,90.0,4.5e-05,,,2021-12-31 12:05:00
5469842.39086994,0.0,241.0,247.0,0.75,92.0,4.3e-05,150.0,9.3,2021-12-31 12:10:00
5469843.390956072,0.0,234.0,,0.75,80.0,4.5e-05,,9.4,2021-12-31 12:15:00
5469844.391042205,0.0,225.0,,0.75,78.0,4.4e-05,,,2021-12-31 12:20:00
5469845.391128337,0.0,220.0,,0.75,80.0,4.6e-05,,,2021-12-31 12:25:00
5469846.39121447,0.0,212.0,,0.75,80.0,4.5e-05,,,2021-12-31 12:30:00
5469847.391300603,0.0,206.0,,0.75,82.0,4.3e-05,,,2021-12-31 12:35:00
5469848.391386735,0.0,200.0,,0.75,77.0,4.4e-05,,,2021-12-31 12:40:00
5469849.391472868,0.0,201.0,,0.75,73.0,4.7e-05,,,2021-12-31 12:45:00
5469850.391559001,0.0,204.0,,0.75,79.0,4.6e-05,,,2021-12-31 12:50:00
5469851.3916451335,0.0,201.0,,0.75,79.0,4.4e-05,,,2021-12-31 12:55:00
5469852.391731266,0.0,208.0,,0.75,82.0,4.4e-05,,,2021-12-31 13:00:00
5469853.391817398,0.0,216.0,,0.75,100.0,4.4e-05,,,2021-12-31 13:05:00
5469854.391903531,0.0,218.0,,0.75,90.0,4.5e-05,,,2021-12-31 13:10:00
5469855.391989664,0.0,214.0,,0.75,74.0,4.5e-05,,,2021-12-31 13:15:00
5469856.392075797,0.0,209.0,,0.75,82.0,4.4e-05,,,2021-12-31 13:20:00
5469857.392161929,0.0,211.0,,0.75,85.0,4.7e-05,,,2021-12-31 13:25:00
5469858.3922480615,0.0,214.0,,0.75,77.0,4.6e-05,,,2021-12-31 13:30:00
5469859.392334195,0.0,220.0,,0.75,80.0,4.7e-05,,,2021-12-31 13:35:00
5469860.392420327,0.0,219.0,,0.75,79.0,4.6e-05,,,2021-12-31 13:40:00
5469861.39250646,0.0,210.0,,0.75,78.0,4.6e-05,,,2021-12-31 13:45:00
5469862.392592592,0.0,208.0,,0.75,75.0,4.7e-05,,,2021-12-31 13:50:00
5469863.392678725,0.0,207.0,,0.75,80.0,4.9e-05,,,2021-12-31 13:55:00
5469864.392764858,0.0,207.0,,0.75,99.0,4.8e-05,,,2021-12-31 14:00:00
5469865.39285099,0.0,207.0,,0.75,84.0,4.7e-05,,,2021-12-31 14:05:00
5469866.392937123,0.0,205.0,,0.75,77.0,4.8e-05,,,2021-12-31 14:10:00
5469867.393023255,0.0,199.0,,0.75,75.0,4.7e-05,,,2021-12-31 14:15:00
5469868.393109389,0.0,195.0,,0.75,80.0,4.6e-05,,,2021-12-31 14:20:00
5469869.393195521,0.0,191.0,,0.75,76.0,4.5e-05,,,2021-12-31 14:25:00
5469870.3932816535,0.0,193.0,,0.75,84.0,4.6e-05,,,2021-12-31 14:30:00
5469871.393367786,0.0,194.0,,0.75,83.0,4.8e-05,,,2021-12-31 14:35:00
5469872.393453918,0.0,193.0,,0.75,82.0,4.9e-05,,,2021-12-31 14:40:00
5469873.393540052,0.0,193.0,,0.75,84.0,5.3e-05,,,2021-12-31 14:45:00
5469874.393626184,0.0,192.0,,0.75,83.0,5.8e-05,,,2021-12-31 14:50:00
5469875.393712317,0.0,194.0,,0.75,84.0,6.3e-05,,,2021-12-31 14:55:00
5469876.393798449,0.0,194.0,,0.75,83.0,6.4e-05,,,2021-12-31 15:00:00
5469877.393884582,0.0,194.0,,0.75,84.0,6.2e-05,,,2021-12-31 15:05:00
5469878.393970715,0.0,194.0,,0.75,83.0,5.7e-05,,,2021-12-31 15:10:00
5469879.394056847,0.0,195.0,,0.75,83.0,5.5e-05,,,2021-12-31 15:15:00
5469880.39414298,0.0,195.0,,0.75,84.0,5.9e-05,,,2021-12-31 15:20:00
5469881.394229112,0.0,194.0,,0.75,86.0,5.8e-05,,,2021-12-31 15:25:00
5469882.394315246,0.0,196.0,,0.75,88.0,5.4e-05,,,2021-12-31 15:30:00
5469883.394401378,0.0,196.0,,0.75,86.0,5.3e-05,,,2021-12-31 15:35:00
5469884.39448751,0.0,195.0,,0.75,84.0,5.4e-05,,,2021-12-31 15:40:00
5469885.394573643,0.0,195.0,,0.75,85.0,5.7e-05,,,2021-12-31 15:45:00
5469886.394659776,0.0,194.0,,0.75,88.0,5.4e-05,,,2021-12-31 15:50:00
5469887.394745909,0.0,193.0,,0.75,88.0,4.9e-05,,,2021-12-31 15:55:00
5469888.394832041,0.0,195.0,,0.75,95.0,4.8e-05,,,2021-12-31 16:00:00
5469889.394918174,0.0,197.0,,0.75,90.0,4.7e-05,,,2021-12-31 16:05:00
5469890.395004306,0.0,192.0,,0.75,85.0,4.9e-05,,,2021-12-31 16:10:00
5469891.395090439,0.0,186.0,,0.75,83.0,7e-05,,,2021-12-31 16:15:00
5469892.395176572,0.0,185.0,,0.75,92.0,7.6e-05,,,2021-12-31 16:20:00
5469893.395262704,0.0,185.0,,0.75,84.0,9.3e-05,,,2021-12-31 16:25:00
5469894.395348837,0.0,181.0,,0.75,84.0,7.8e-05,,,2021-12-31 16:30:00
5469895.39543497,0.0,179.0,,0.75,93.0,0.00011,,,2021-12-31 16:35:00
5469896.3955211025,0.0,180.0,,0.75,94.0,0.0003,,,2021-12-31 16:40:00
5469897.395607235,0.0,175.0,,0.75,83.0,0.000376,,,2021-12-31 16:45:00
5469898.395693367,0.0,170.0,,0.75,85.0,0.000311,,,2021-12-31 16:50:00
5469899.3957795,0.0,169.0,,0.75,86.0,0.000421,,,2021-12-31 16:55:00
5469900.395865633,0.0,166.0,,0.88,87.0,0.000425,,,2021-12-31 17:00:00
5469901.395951766,0.0,169.0,,0.88,96.0,0.037832,,,2021-12-31 17:05:00
5469902.396037898,0.0,172.0,,0.88,100.0,1.4986,,,2021-12-31 17:10:00
5469903.39612403,0.0,166.0,,0.88,85.0,0.8796,,,2021-12-31 17:15:00
5469904.396210164,0.0,163.0,,0.88,85.0,0.281,,,2021-12-31 17:20:00
5469905.396296296,0.0,165.0,,0.88,89.0,0.08978,,,2021-12-31 17:25:00
5469906.396382429,0.0,168.0,,0.88,91.0,0.39164,,,2021-12-31 17:30:00
5469907.396468561,0.0,167.0,,0.88,94.0,0.83538,,,2021-12-31 17:35:00
5469908.396554694,0.0,168.0,,0.88,90.0,0.9486,,,2021-12-31 17:40:00
5469909.396640827,0.0,169.0,,0.88,93.0,0.6828,,,2021-12-31 17:45:00
5469910.396726959,0.0,167.0,,0.88,96.0,0.280054,,,2021-12-31 17:50:00
5469911.396813092,0.0,167.0,,0.88,90.0,0.267,,,2021-12-31 17:55:00
5469912.396899224,0.0,169.0,,0.88,91.0,0.19528,,,2021-12-31 18:00:00
5469913.396985358,0.0,169.0,,0.88,102.0,0.4188,,,2021-12-31 18:05:00
5469914.39707149,0.0,169.0,,0.88,104.0,3.24,,,2021-12-31 18:10:00
5469915.3971576225,0.0,170.0,,0.88,103.0,3.672,,,2021-12-31 18:15:00
5469916.397243755,0.0,170.0,,0.88,104.0,5.948,,,2021-12-31 18:20:00
5469917.397329888,0.0,167.0,,0.88,103.0,5.0704,,,2021-12-31 18:25:00
5469918.397416021,0.0,166.0,,0.88,108.0,0.63612,,,2021-12-31 18:30:00
5469919.397502153,0.0,163.0,,0.88,109.0,2.12674,,,2021-12-31 18:35:00
5469920.397588286,0.0,163.0,,0.88,105.0,2.588,,,2021-12-31 18:40:00
5469921.397674418,0.0,165.0,,0.88,101.0,2.52,,,2021-12-31 18:45:00
5469922.397760551,0.0,165.0,,0.88,105.0,4.874,,,2021-12-31 18:50:00
5469923.397846684,0.0,166.0,,0.88,104.0,7.76,,,2021-12-31 18:55:00
5469924.397932816,0.0,165.0,,0.88,101.0,14.08,,,2021-12-31 19:00:00
5469925.398018949,0.0,164.0,,0.88,105.0,15.82,,,2021-12-31 19:05:00
5469926.398105082,0.0,161.0,,0.88,106.0,14.346,,,2021-12-31 19:10:00
5469927.398191215,0.0,158.0,,0.88,106.0,6.92,,,2021-12-31 19:15:00
5469928.398277347,0.0,155.0,,0.88,98.0,4.162,,,2021-12-31 19:20:00
5469929.398363479,0.0,152.0,,0.88,99.0,3.452,,,2021-12-31 19:25:00
5469930.398449612,0.0,154.0,,0.88,102.0,1.836,,,2021-12-31 19:30:00
5469931.398535745,0.0,155.0,,0.88,102.0,0.495436,,,2021-12-31 19:35:00
5469932.398621878,0.0,154.0,,0.88,102.0,0.303492,,,2021-12-31 19:40:00
5469933.39870801,0.0,154.0,,0.88,106.0,0.526114,,,2021-12-31 19:45:00
5469934.3987941425,0.0,154.0,,0.88,103.0,0.25032,,,2021-12-31 19:50:00
5469935.398880276,0.0,152.0,,0.88,98.0,0.12538,,,2021-12-31 19:55:00
5469936.398966408,0.0,154.0,,0.88,100.0,0.0178,,,2021-12-31 20:00:00
5469937.399052541,0.0,155.0,,0.88,91.0,0.013552,,,2021-12-31 20:05:00
5469938.399138673,0.0,156.0,,0.88,94.0,0.0185,,,2021-12-31 20:10:00
5469939.399224806,0.0,159.0,,0.88,89.0,0.002149,,,2021-12-31 20:15:00
5469940.399310939,0.0,160.0,,0.88,104.0,0.000114,,,2021-12-31 20:20:00
5469941.399397071,0.0,163.0,,0.88,88.0,5.5e-05,,,2021-12-31 20:25:00
5469942.399483204,0.0,169.0,,0.88,87.0,4.8e-05,,,2021-12-31 20:30:00
5469943.399569336,0.0,168.0,,0.88,87.0,6.1e-05,,,2021-12-31 20:35:00
5469944.39965547,0.0,166.0,,0.88,86.0,6.6e-05,,,2021-12-31 20:40:00
5469945.399741602,0.0,171.0,,0.88,90.0,6.1e-05,,,2021-12-31 20:45:00
5469946.399827735,0.0,169.0,,0.88,,,,,2021-12-31 20:50:00
5469947.399913867,0.0,167.0,,0.88,,,,,2021-12-31 20:55:00
5469948.399999999,0.0,167.0,172.0,0.88,,,,9.3,2021-12-31 21:00:00
5469949.400086133,0.0,167.0,,0.88,97.0,5e-05,,8.1,2021-12-31 21:05:00
5469950.400172265,0.0,171.0,,0.88,86.0,4.8e-05,,,2021-12-31 21:10:00
5469951.400258398,0.0,169.0,,0.88,85.0,5.7e-05,,,2021-12-31 21:15:00
5469952.40034453,0.0,167.0,,0.88,81.0,5.4e-05,,,2021-12-31 21:20:00
5469953.4004306635,0.0,164.0,,0.88,81.0,5.8e-05,,,2021-12-31 21:25:00
5469954.400516796,0.0,161.0,,0.88,80.0,6.1e-05,,,2021-12-31 21:30:00
5469955.400602928,0.0,158.0,,0.88,85.0,5.3e-05,,,2021-12-31 21:35:00
5469956.400689061,0.0,154.0,,0.88,86.0,5.4e-05,,,2021-12-31 21:40:00
5469957.400775193,0.0,152.0,,0.88,83.0,5.6e-05,,,2021-12-31 21:45:00
5469958.400861327,0.0,152.0,,0.88,82.0,5.8e-05,,,2021-12-31 21:50:00
5469959.400947459,0.0,152.0,,0.88,82.0,5.5e-05,,,2021-12-31 21:55:00
5469960.4010335915,0.0,147.0,,0.88,83.0,5e-05,,,2021-12-31 22:00:00
5469961.401119724,0.0,139.0,,0.88,80.0,5.5e-05,,,2021-12-31 22:05:00
5469962.401205857,0.0,133.0,,0.88,80.0,6.1e-05,,,2021-12-31 22:10:00
5469963.40129199,0.0,126.0,,0.88,80.0,6.5e-05,,,2021-12-31 22:15:00
5469964.401378122,0.0,120.0,,0.88,80.0,6.7e-05,,,2021-12-31 22:20:00
5469965.401464255,0.0,116.0,,0.88,82.0,5.4e-05,,,2021-12-31 22:25:00
5469966.401550387,0.0,112.0,,0.88,84.0,6.4e-05,,,2021-12-31 22:30:00
5469967.40163652,0.0,108.0,,0.88,81.0,5.5e-05,,,2021-12-31 22:35:00
5469968.401722653,0.0,102.0,,0.88,80.0,5.6e-05,,,2021-12-31 22:40:00
5469969.401808785,0.0,98.0,,0.88,81.0,5.5e-05,,,2021-12-31 22:45:00
5469970.401894918,0.0,96.0,,0.88,81.0,5.1e-05,,,2021-12-31 22:50:00
5469971.401981051,0.0,92.0,,0.88,81.0,5.6e-05,,,2021-12-31 22:55:00
5469972.4020671835,0.0,91.0,,0.88,81.0,6.5e-05,,,2021-12-31 23:00:00
5469973.402153316,0.0,90.0,,0.88,81.0,7e-05,,,2021-12-31 23:05:00
5469974.402239448,0.0,89.0,,0.88,82.0,7.2e-05,,,2021-12-31 23:10:00
5469975.402325581,0.0,86.0,,0.88,83.0,7.1e-05,,,2021-12-31 23:15:00
5469976.402411714,0.0,84.0,,0.88,80.0,5.3e-05,,,2021-12-31 23:20:00
5469977.402497847,0.0,80.0,,0.88,76.0,5.3e-05,,,2021-12-31 23:25:00
5469978.402583979,0.0,78.0,,0.88,75.0,5.4e-05,,,2021-12-31 23:30:00
5469979.4026701115,0.0,77.0,,0.88,74.0,4.8e-05,,,2021-12-31 23:35:00
5469980.402756245,0.0,74.0,,0.88,71.0,4.6e-05,,,2021-12-31 23:40:00
5469981.402842377,0.0,74.0,,0.88,,,,,2021-12-31 23:45:00
5469982.40292851,0.0,73.0,,0.88,,,,,2021-12-31 23:50:00
5469983.403014642,0.0,74.0,,0.88,,,,,2021-12-31 23:55:00
5469984.403100775,0.0,75.0,,0.88,,,,,2022-01-01 00:00:00
5469985.403186908,0.0,75.0,,0.88,,,,,2022-01-01 00:05:00
5469986.40327304,0.0,77.0,,0.88,76.0,,,,2022-01-01 00:10:00
5469987.403359173,0.0,79.0,,0.88,70.0,5.2e-05,,,2022-01-01 00:15:00
5469988.403445305,0.0,80.0,,0.88,70.0,6.5e-05,,,2022-01-01 00:20:00
5469989.403531439,0.0,82.0,,0.88,70.0,7.5e-05,,,2022-01-01 00:25:00
5469990.403617571,0.0,83.0,,0.88,73.0,8.2e-05,,,2022-01-01 00:30:00
5469991.403703704,0.0,84.0,,0.88,73.0,8.9e-05,,,2022-01-01 00:35:00
5469992.403789836,0.0,85.0,,0.88,73.0,9.7e-05,,,2022-01-01 00:40:00
5469993.403875968,0.0,86.0,,0.88,71.0,0.000105,,,2022-01-01 00:45:00
5469994.403962102,0.0,87.0,,0.88,71.0,0.000109,,,2022-01-01 00:50:00
5469995.404048234,0.0,89.0,,0.88,72.0,0.00011,,,2022-01-01 00:55:00
5469996.404134367,0.0,91.0,,0.88,74.0,0.000107,,,2022-01-01 01:00:00
5469997.404220499,0.0,95.0,,0.88,71.0,9.4e-05,,,2022-01-01 01:05:00
5469998.4043066325,0.0,98.0,,0.88,70.0,0.000116,,,2022-01-01 01:10:00
5469999.404392765,0.0,99.0,,0.88,70.0,0.000124,,,2022-01-01 01:15:00
5470000.404478897,0.0,103.0,,0.88,71.0,0.000132,,,2022-01-01 01:20:00
5470001.40456503,0.0,105.0,,0.88,72.0,0.00014,,,2022-01-01 01:25:00
5470002.404651162,0.0,107.0,,0.88,72.0,0.000148,,,2022-01-01 01:30:00
5470003.404737296,0.0,110.0,,0.88,73.0,0.000155,,,2022-01-01 01:35:00
5470004.404823428,0.0,113.0,,0.88,74.0,0.000162,,,2022-01-01 01:40:00
5470005.40490956,0.0,114.0,,0.88,73.0,0.000169,,,2022-01-01 01:45:00
5470006.404995693,0.0,116.0,,0.88,71.0,0.000139,,,2022-01-01 01:50:00
5470007.405081826,0.0,114.0,,0.88,72.0,9.9e-05,,,2022-01-01 01:55:00
5470008.405167959,0.0,113.0,,0.88,69.0,9.9e-05,,,2022-01-01 02:00:00
5470009.405254091,0.0,114.0,,0.88,72.0,9.2e-05,,,2022-01-01 02:05:00
5470010.405340224,0.0,116.0,,0.88,74.0,8.6e-05,,,2022-01-01 02:10:00
5470011.405426356,0.0,118.0,,0.88,72.0,8.2e-05,,,2022-01-01 02:15:00
5470012.405512489,0.0,124.0,,0.88,72.0,8e-05,,,2022-01-01 02:20:00
5470013.405598622,0.0,135.0,,0.88,72.0,5.1e-05,,,2022-01-01 02:25:00
5470014.405684754,0.0,139.0,,0.88,73.0,4.8e-05,,,2022-01-01 02:30:00
5470015.405770887,0.0,137.0,,0.88,72.0,5.9e-05,,,2022-01-01 02:35:00
5470016.40585702,0.0,139.0,,0.88,72.0,6.3e-05,,,2022-01-01 02:40:00
5470017.4059431525,0.0,143.0,,0.88,71.0,5.5e-05,,,2022-01-01 02:45:00
5470018.406029285,0.0,146.0,,0.88,71.0,5.7e-05,,,2022-01-01 02:50:00
5470019.406115417,0.0,152.0,,0.88,69.0,5.8e-05,,,2022-01-01 02:55:00
5470020.40620155,0.0,157.0,,0.88,69.0,6.3e-05,,,2022-01-01 03:00:00
5470021.406287683,0.0,160.0,,0.88,69.0,6.4e-05,,,2022-01-01 03:05:00
5470022.406373816,0.0,163.0,,0.88,70.0,5.6e-05,,,2022-01-01 03:10:00
5470023.406459948,0.0,164.0,,0.88,70.0,4.7e-05,,,2022-01-01 03:15:00
5470024.4065460805,0.0,164.0,,0.88,70.0,4.7e-05,,,2022-01-01 03:20:00
5470025.406632214,0.0,166.0,,0.88,71.0,4.7e-05,,,2022-01-01 03:25:00
5470026.406718346,0.0,168.0,,0.88,72.0,4.8e-05,,,2022-01-01 03:30:00
5470027.406804479,0.0,170.0,,0.88,69.0,4.7e-05,,,2022-01-01 03:35:00
5470028.406890611,0.0,170.0,,0.88,71.0,4.8e-05,,,2022-01-01 03:40:00
5470029.406976744,0.0,172.0,,0.88,73.0,4.8e-05,,,2022-01-01 03:45:00
5470030.407062877,0.0,175.0,,0.88,75.0,5.1e-05,,,2022-01-01 03:50:00
5470031.407149009,0.0,179.0,,0.88,73.0,5.3e-05,,,2022-01-01 03:55:00
5470032.407235142,0.0,183.0,,0.88,72.0,4.8e-05,,,2022-01-01 04:00:00
5470033.407321274,0.0,186.0,,0.88,72.0,5.2e-05,,,2022-01-01 04:05:00
5470034.407407408,0.0,189.0,,0.88,70.0,4.8e-05,,,2022-01-01 04:10:00
5470035.40749354,0.0,189.0,,0.88,73.0,4.7e-05,,,2022-01-01 04:15:00
5470036.4075796725,0.0,189.0,,0.88,70.0,5.1e-05,,,2022-01-01 04:20:00
5470037.407665805,0.0,189.0,,0.88,70.0,5.4e-05,,,2022-01-01 04:25:00
5470038.407751937,0.0,191.0,,0.88,69.0,5.6e-05,,,2022-01-01 04:30:00
5470039.407838071,0.0,194.0,,0.88,68.0,5.5e-05,,,2022-01-01 04:35:00
5470040.407924203,0.0,193.0,,0.88,69.0,5.6e-05,,,2022-01-01 04:40:00
5470041.408010336,0.0,192.0,,0.88,69.0,5.7e-05,,,2022-01-01 04:45:00
5470042.408096468,0.0,194.0,,0.88,67.0,5.6e-05,,,2022-01-01 04:50:00
5470043.408182601,0.0,199.0,,0.88,67.0,5.4e-05,,,2022-01-01 04:55:00
5470044.408268734,0.0,203.0,,0.88,67.0,5.5e-05,,,2022-01-01 05:00:00
5470045.408354866,0.0,202.0,,0.88,67.0,5.5e-05,,,2022-01-01 05:05:00
5470046.408440999,0.0,203.0,,0.88,70.0,5.5e-05,,,2022-01-01 05:10:00
5470047.408527131,0.0,207.0,,0.88,70.0,5.5e-05,,,2022-01-01 05:15:00
5470048.408613265,0.0,208.0,,0.88,71.0,5.4e-05,,,2022-01-01 05:20:00
5470049.408699397,0.0,209.0,,0.88,69.0,5.3e-05,,,2022-01-01 05:25:00
5470050.408785529,0.0,205.0,,0.88,70.0,5.5e-05,,,2022-01-01 05:30:00
5470051.408871662,0.0,202.0,,0.88,72.0,5.2e-05,,,2022-01-01 05:35:00
5470052.408957795,0.0,200.0,,0.88,71.0,4.6e-05,,,2022-01-01 05:40:00
5470053.409043928,0.0,205.0,,0.88,66.0,4.8e-05,,,2022-01-01 05:45:00
5470054.40913006,0.0,210.0,,0.88,67.0,6e-05,,,2022-01-01 05:50:00
5470055.409216193,0.0,212.0,,0.88,65.0,5.1e-05,,,2022-01-01 05:55:00
5470056.409302325,0.0,208.0,,0.88,65.0,4.8e-05,,,2022-01-01 06:00:00
5470057.409388458,0.0,205.0,,0.88,64.0,4.8e-05,,,2022-01-01 06:05:00
5470058.409474591,0.0,203.0,,0.88,66.0,4.8e-05,,,2022-01-01 06:10:00
5470059.409560723,0.0,201.0,,0.88,66.0,4.8e-05,,,2022-01-01 06:15:00
5470060.409646856,0.0,200.0,,0.88,66.0,4.9e-05,,,2022-01-01 06:20:00
5470061.409732989,0.0,199.0,,0.88,67.0,4.9e-05,,,2022-01-01 06:25:00
5470062.4098191215,0.0,198.0,,0.88,68.0,4.9e-05,,,2022-01-01 06:30:00
5470063.409905254,0.0,198.0,,0.88,68.0,5e-05,,,2022-01-01 06:35:00
5470064.409991386,0.0,198.0,,0.88,67.0,5e-05,,,2022-01-01 06:40:00
5470065.410077519,0.0,197.0,,0.88,68.0,4.9e-05,,,2022-01-01 06:45:00
5470066.410163652,0.0,197.0,,0.88,69.0,5.2e-05,,,2022-01-01 06:50:00
5470067.410249785,0.0,197.0,,0.88,69.0,5.1e-05,,,2022-01-01 06:55:00
5470068.410335917,0.0,201.0,,0.88,70.0,5e-05,,,2022-01-01 07:00:00
5470069.410422049,0.0,214.0,,0.88,67.0,4.9e-05,,,2022-01-01 07:05:00
5470070.410508183,0.0,218.0,,0.88,67.0,4.9e-05,,,2022-01-01 07:10:00
5470071.410594315,0.0,214.0,,0.88,67.0,4.9e-05,,,2022-01-01 07:15:00
5470072.410680448,0.0,203.0,,0.88,67.0,4.7e-05,,,2022-01-01 07:20:00
5470073.41076658,0.0,200.0,,0.88,67.0,4.5e-05,,,2022-01-01 07:25:00
5470074.410852713,0.0,199.0,,0.88,75.0,4.8e-05,,,2022-01-01 07:30:00
5470075.410938846,0.0,198.0,,0.88,75.0,4.9e-05,,,2022-01-01 07:35:00
5470076.411024978,0.0,205.0,,0.88,75.0,5e-05,,,2022-01-01 07:40:00
5470077.411111111,0.0,212.0,,0.88,88.0,5.6e-05,,,2022-01-01 07:45:00
5470078.411197243,0.0,214.0,,0.88,87.0,5.3e-05,,,2022-01-01 07:50:00
5470079.411283377,0.0,216.0,203.0,0.88,77.0,5e-05,,1.8,2022-01-01 07:55:00
5470080.411369509,0.0,210.0,,0.88,75.0,4.9e-05,,,2022-01-01 08:00:00
5470081.4114556415,0.0,202.0,,0.88,76.0,4.8e-05,,,2022-01-01 08:05:00
5470082.411541774,0.0,201.0,,0.88,78.0,5e-05,,,2022-01-01 08:10:00
5470083.411627906,0.0,203.0,,0.88,78.0,5e-05,,,2022-01-01 08:15:00
5470084.41171404,0.0,204.0,,0.88,76.0,5.8e-05,,,2022-01-01 08:20:00
5470085.411800172,0.0,205.0,,0.88,92.0,6.3e-05,,,2022-01-01 08:25:00
5470086.411886305,0.0,206.0,,0.88,87.0,5.9e-05,,,2022-01-01 08:30:00
5470087.411972437,0.0,204.0,,0.88,84.0,5.4e-05,,,2022-01-01 08:35:00
5470088.41205857,0.0,205.0,,0.88,88.0,5e-05,,,2022-01-01 08:40:00
5470089.412144703,0.0,201.0,,0.88,90.0,4.8e-05,,,2022-01-01 08:45:00
5470090.412230835,0.0,202.0,,0.88,85.0,4.7e-05,,,2022-01-01 08:50:00
5470091.412316968,0.0,205.0,,0.88,89.0,4.8e-05,,,2022-01-01 08:55:00
5470092.4124031,0.0,200.0,,0.88,86.0,4.9e-05,,,2022-01-01 09:00:00
5470093.412489234,0.0,194.0,,0.88,90.0,4.8e-05,,,2022-01-01 09:05:00
5470094.412575366,0.0,190.0,,0.88,89.0,5.4e-05,,,2022-01-01 09:10:00
5470095.412661498,0.0,187.0,,0.88,86.0,5.3e-05,,,2022-01-01 09:15:00
5470096.412747631,0.0,186.0,,0.88,88.0,5.9e-05,,,2022-01-01 09:20:00
5470097.412833764,0.0,185.0,,0.88,89.0,6.3e-05,,,2022-01-01 09:25:00
5470098.412919897,0.0,184.0,,0.88,89.0,8.8e-05,,,2022-01-01 09:30:00
5470099.413006029,0.0,185.0,,0.88,88.0,0.000305,65.0,,2022-01-01 09:35:00
5470100.4130921615,0.0,184.0,,0.88,90.0,0.000253,,,2022-01-01 09:40:00
5470101.413178294,0.0,185.0,,0.88,82.0,0.001051,,,2022-01-01 09:45:00
5470102.413264427,0.0,187.0,,0.88,82.0,0.001141,,,2022-01-01 09:50:00
5470103.41335056,0.0,188.0,,0.88,84.0,0.000245,,,2022-01-01 09:55:00
5470104.413436692,0.0,189.0,,0.88,86.0,9.8e-05,,,2022-01-01 10:00:00
5470105.413522825,0.0,191.0,,0.88,91.0,0.000164,,,2022-01-01 10:05:00
5470106.413608958,0.0,193.0,182.0,0.88,87.0,0.000191,,4.1,2022-01-01 10:10:00
5470107.41369509,0.0,188.0,,0.88,78.0,0.000904,,,2022-01-01 10:15:00
5470108.413781223,0.0,185.0,,0.88,87.0,0.000702,,,2022-01-01 10:20:00
5470109.413867355,0.0,190.0,,0.88,97.0,0.000473,,,2022-01-01 10:25:00
5470110.413953488,0.0,194.0,,0.88,99.0,0.001489,,,2022-01-01 10:30:00
5470111.414039621,0.0,191.0,,0.88,88.0,0.001938,,,2022-01-01 10:35:00
5470112.414125754,0.0,186.0,,0.88,85.0,0.001552,,,2022-01-01 10:40:00
5470113.414211886,0.0,181.0,,0.88,86.0,0.001942,,,2022-01-01 10:45:00
5470114.414298018,0.0,178.0,,0.88,83.0,0.000895,,,2022-01-01 10:50:00
5470115.414384152,0.0,179.0,,0.88,85.0,0.000425,,,2022-01-01 10:55:00
5470116.414470284,0.0,181.0,,0.88,91.0,0.000294,,,2022-01-01 11:00:00
5470117.414556417,0.0,185.0,,0.88,89.0,0.000124,,,2022-01-01 11:05:00
5470118.414642549,0.0,186.0,,0.88,85.0,0.000116,,,2022-01-01 11:10:00
5470119.414728682,0.0,183.0,,0.88,85.0,0.000124,,,2022-01-01 11:15:00
5470120.414814815,0.0,182.0,,0.88,85.0,0.000129,,,2022-01-01 11:20:00
5470121.414900947,0.0,182.0,,0.88,85.0,0.000155,,,2022-01-01 11:25:00
5470122.41498708,0.0,178.0,,0.88,86.0,0.000169,,,2022-01-01 11:30:00
5470123.415073212,0.0,177.0,,0.88,86.0,0.000145,,,2022-01-01 11:35:00
5470124.415159346,0.0,182.0,,0.88,97.0,9.5e-05,,,2022-01-01 11:40:00
5470125.415245478,0.0,183.0,,0.88,92.0,0.000246,,,2022-01-01 11:45:00
5470126.4153316105,0.0,177.0,,0.88,92.0,0.000136,,,2022-01-01 11:50:00
5470127.415417743,0.0,174.0,,0.88,89.0,0.000227,,,2022-01-01 11:55:00
5470128.415503875,0.0,170.0,,0.88,91.0,0.001798,,,2022-01-01 12:00:00
5470129.415590009,0.0,166.0,,0.88,92.0,0.006278,,,2022-01-01 12:05:00
5470130.415676141,0.0,164.0,,0.88,92.0,0.21548,,,2022-01-01 12:10:00
5470131.415762274,0.0,163.0,,0.88,91.0,0.5058,,,2022-01-01 12:15:00
5470132.415848406,0.0,162.0,,0.88,92.0,1.6846,,,2022-01-01 12:20:00
5470133.415934539,0.0,162.0,,0.88,99.0,1.164,,,2022-01-01 12:25:00
5470134.416020672,0.0,165.0,,0.88,85.0,0.6712,,,2022-01-01 12:30:00
5470135.416106804,0.0,164.0,,0.88,85.0,0.5208,,,2022-01-01 12:35:00
5470136.416192937,0.0,162.0,,0.88,92.0,0.2374,,,2022-01-01 12:40:00
5470137.416279069,0.0,161.0,,0.88,85.0,0.12592,,,2022-01-01 12:45:00
5470138.4163652025,0.0,162.0,,0.88,84.0,0.04476,,,2022-01-01 12:50:00
5470139.416451335,0.0,161.0,,0.88,87.0,0.02776,,,2022-01-01 12:55:00
5470140.416537467,0.0,161.0,,0.88,85.0,0.05296,,,2022-01-01 13:00:00
5470141.4166236,0.0,162.0,,0.88,87.0,0.05594,,,2022-01-01 13:05:00
5470142.416709733,0.0,164.0,,0.88,85.0,0.031174,,,2022-01-01 13:10:00
5470143.416795866,0.0,167.0,,0.88,92.0,0.011638,,,2022-01-01 13:15:00
5470144.416881998,0.0,171.0,,0.88,99.0,0.011728,,,2022-01-01 13:20:00
5470145.4169681305,0.0,171.0,,0.88,92.0,0.01686,,,2022-01-01 13:25:00
5470146.417054263,0.0,170.0,,0.88,88.0,0.005614,,,2022-01-01 13:30:00
5470147.417140396,0.0,171.0,,0.88,83.0,0.00537,,,2022-01-01 13:35:00
5470148.417226529,0.0,170.0,,0.88,83.0,0.001178,,,2022-01-01 13:40:00
5470149.417312661,0.0,171.0,,0.88,81.0,0.000666,,,2022-01-01 13:45:00
5470150.417398794,0.0,172.0,177.0,0.88,80.0,0.000367,,8.1,2022-01-01 13:50:00
5470151.417484927,0.0,173.0,,0.88,81.0,0.000514,155.0,12.5,2022-01-01 13:55:00
5470152.417571059,0.0,177.0,,0.88,80.0,0.002115,,,2022-01-01 14:00:00
5470153.417657192,0.0,179.0,,0.88,81.0,0.000237,,,2022-01-01 14:05:00
5470154.417743324,0.0,180.0,,0.88,80.0,0.000177,,,2022-01-01 14:10:00
5470155.417829457,0.0,180.0,,0.88,82.0,8.6e-05,,,2022-01-01 14:15:00
5470156.41791559,0.0,172.0,,0.88,83.0,8.9e-05,,,2022-01-01 14:20:00
5470157.418001723,0.0,165.0,,0.88,80.0,6.3e-05,,,2022-01-01 14:25:00
5470158.418087855,0.0,163.0,,0.88,81.0,7e-05,,,2022-01-01 14:30:00
5470159.418173987,0.0,159.0,,0.88,86.0,6.5e-05,,,2022-01-01 14:35:00
5470160.418260121,0.0,153.0,,0.88,87.0,5.5e-05,,,2022-01-01 14:40:00
5470161.418346253,0.0,143.0,,0.88,87.0,5.2e-05,,,2022-01-01 14:45:00
5470162.418432386,0.0,134.0,,0.88,84.0,5.1e-05,,,2022-01-01 14:50:00
5470163.418518518,0.0,123.0,,0.88,80.0,5.5e-05,,,2022-01-01 14:55:00
5470164.418604651,0.0,116.0,,0.88,83.0,5.6e-05,,,2022-01-01 15:00:00
5470165.418690784,0.0,110.0,,0.88,83.0,6.5e-05,,,2022-01-01 15:05:00
5470166.418776916,0.0,102.0,,0.88,81.0,5.7e-05,,,2022-01-01 15:10:00
5470167.418863049,0.0,98.0,,0.88,85.0,5.2e-05,,,2022-01-01 15:15:00
5470168.418949181,0.0,95.0,,0.88,83.0,0.000175,,,2022-01-01 15:20:00
5470169.419035315,0.0,92.0,,0.88,82.0,6.3e-05,,,2022-01-01 15:25:00
5470170.419121447,0.0,92.0,,0.88,84.0,8.2e-05,,,2022-01-01 15:30:00
5470171.419207579,0.0,93.0,,0.88,85.0,0.000161,,,2022-01-01 15:35:00
5470172.419293712,0.0,90.0,,0.88,86.0,0.000162,,,2022-01-01 15:40:00
5470173.419379844,0.0,91.0,,0.88,109.0,0.000239,,,2022-01-01 15:45:00
5470174.419465978,0.0,93.0,,0.88,97.0,6.2e-05,,,2022-01-01 15:50:00
5470175.41955211,0.0,87.0,,0.88,91.0,5.8e-05,,,2022-01-01 15:55:00
5470176.419638243,0.0,84.0,,0.88,89.0,6.3e-05,,,2022-01-01 16:00:00
5470177.419724375,0.0,85.0,,0.88,95.0,6.3e-05,,,2022-01-01 16:05:00
5470178.419810508,0.0,89.0,,0.88,107.0,7.9e-05,,,2022-01-01 16:10:00
5470179.419896641,0.0,92.0,,0.88,102.0,0.000201,,,2022-01-01 16:15:00
5470180.419982773,0.0,90.0,,0.88,93.0,0.000132,,,2022-01-01 16:20:00
5470181.420068906,0.0,87.0,,0.88,100.0,0.000126,,,2022-01-01 16:25:00
5470182.420155038,0.0,89.0,,0.88,93.0,0.000889,,,2022-01-01 16:30:00
5470183.4202411715,0.0,91.0,,0.88,92.0,0.000295,,,2022-01-01 16:35:00
5470184.420327304,0.0,95.0,,0.88,93.0,0.002952,,,2022-01-01 16:40:00
5470185.420413436,0.0,101.0,,0.88,95.0,0.00171,,,2022-01-01 16:45:00
5470186.420499569,0.0,108.0,,0.88,96.0,0.000673,,,2022-01-01 16:50:00
5470187.420585702,0.0,121.0,,0.88,99.0,0.002113,,,2022-01-01 16:55:00
5470188.420671835,0.0,129.0,,0.88,87.0,0.014378,,,2022-01-01 17:00:00
5470189.420757967,0.0,132.0,,0.88,85.0,0.0339,,,2022-01-01 17:05:00
5470190.4208440995,0.0,140.0,,0.88,85.0,0.006696,,,2022-01-01 17:10:00
5470191.420930232,0.0,150.0,,0.88,86.0,0.001557,,,2022-01-01 17:15:00
5470192.421016365,0.0,162.0,,0.88,86.0,0.000823,,,2022-01-01 17:20:00
5470193.421102498,0.0,174.0,,0.88,85.0,0.000279,,,2022-01-01 17:25:00
5470194.42118863,0.0,184.0,,0.88,92.0,0.000252,,,2022-01-01 17:30:00
5470195.421274763,0.0,192.0,,0.88,90.0,0.000183,,,2022-01-01 17:35:00
5470196.421360896,0.0,199.0,,0.88,85.0,0.000356,,,2022-01-01 17:40:00
5470197.421447028,0.0,205.0,,0.88,85.0,0.00024,,,2022-01-01 17:45:00
5470198.421533161,0.0,212.0,,0.88,85.0,0.00023,,,2022-01-01 17:50:00
5470199.421619293,0.0,219.0,,0.88,87.0,0.000239,,,2022-01-01 17:55:00
5470200.421705426,0.0,225.0,,0.88,87.0,0.000198,,,2022-01-01 18:00:00
5470201.421791559,0.0,231.0,,0.88,86.0,9.2e-05,,,2022-01-01 18:05:00
5470202.4218776915,0.0,240.0,,0.88,86.0,7.8e-05,,,2022-01-01 18:10:00
5470203.421963824,0.0,243.0,,0.88,86.0,6.2e-05,,,2022-01-01 18:15:00
5470204.422049956,0.0,247.0,,0.88,88.0,7.8e-05,,,2022-01-01 18:20:00
5470205.42213609,0.0,253.0,245.0,0.88,94.0,0.000141,,2.7,2022-01-01 18:25:00
5470206.422222222,0.0,252.0,,0.88,80.0,8.4e-05,,,2022-01-01 18:30:00
5470207.422308355,0.0,249.0,,0.88,75.0,4.6e-05,,,2022-01-01 18:35:00
5470208.422394487,0.0,257.0,,0.88,89.0,5.6e-05,,,2022-01-01 18:40:00
5470209.4224806195,0.0,259.0,,0.88,85.0,9.5e-05,,,2022-01-01 18:45:00
5470210.422566753,0.0,257.0,,0.88,82.0,8.7e-05,,,2022-01-01 18:50:00
5470211.422652885,0.0,260.0,,0.88,87.0,7e-05,,,2022-01-01 18:55:00
5470212.422739018,0.0,264.0,,0.88,83.0,9.1e-05,,,2022-01-01 19:00:00
5470213.42282515,0.0,265.0,,0.88,83.0,9e-05,,,2022-01-01 19:05:00
5470214.422911284,0.0,267.0,,0.88,83.0,9.1e-05,,,2022-01-01 19:10:00
5470215.422997416,0.0,266.0,,0.88,88.0,9.5e-05,,,2022-01-01 19:15:00
5470216.423083548,0.0,266.0,,0.88,91.0,7.9e-05,60.0,,2022-01-01 19:20:00
5470217.423169681,0.0,261.0,,0.88,90.0,8.3e-05,,,2022-01-01 19:25:00
5470218.423255813,0.0,257.0,,0.88,85.0,8.8e-05,,,2022-01-01 19:30:00
5470219.423341947,0.0,259.0,259.0,0.88,86.0,8.7e-05,,5.9,2022-01-01 19:35:00
5470220.423428079,0.0,257.0,,0.88,87.0,8.5e-05,,4.7,2022-01-01 19:40:00
5470221.423514212,0.0,255.0,,0.88,81.0,7.9e-05,,,2022-01-01 19:45:00
5470222.423600344,0.0,248.0,,0.88,83.0,6.2e-05,,,2022-01-01 19:50:00
5470223.423686477,0.0,250.0,,0.88,84.0,8.5e-05,,,2022-01-01 19:55:00
5470224.42377261,0.0,249.0,,0.88,83.0,8.7e-05,,,2022-01-01 20:00:00
5470225.423858742,0.0,257.0,,0.88,82.0,9.1e-05,,,2022-01-01 20:05:00
5470226.423944875,0.0,254.0,,0.88,81.0,0.000101,,,2022-01-01 20:10:00
5470227.424031007,0.0,248.0,,0.88,81.0,8.8e-05,,,2022-01-01 20:15:00
5470228.4241171405,0.0,248.0,,0.88,81.0,8.7e-05,,,2022-01-01 20:20:00
5470229.424203273,0.0,249.0,,0.88,79.0,8.7e-05,,,2022-01-01 20:25:00
5470230.424289405,0.0,254.0,,0.88,78.0,0.000104,,,2022-01-01 20:30:00
5470231.424375538,0.0,256.0,,0.88,77.0,0.000137,,,2022-01-01 20:35:00
5470232.424461671,0.0,257.0,,0.88,78.0,0.00016,,,2022-01-01 20:40:00
5470233.424547804,0.0,256.0,,0.88,77.0,0.000177,,,2022-01-01 20:45:00
5470234.424633936,0.0,261.0,,0.88,87.0,0.000199,,,2022-01-01 20:50:00
5470235.424720068,0.0,269.0,,0.88,92.0,0.000112,,,2022-01-01 20:55:00
5470236.424806202,0.0,267.0,,0.88,118.0,7.2e-05,,,2022-01-01 21:00:00
5470237.424892334,0.0,270.0,,0.88,90.0,8.5e-05,,,2022-01-01 21:05:00
5470238.424978467,0.0,272.0,,0.88,106.0,8e-05,,,2022-01-01 21:10:00
5470239.425064599,0.0,279.0,,0.88,89.0,7.4e-05,,,2022-01-01 21:15:00
5470240.425150732,0.0,276.0,,0.88,94.0,7.2e-05,,,2022-01-01 21:20:00
5470241.425236865,0.0,278.0,,0.88,79.0,6.4e-05,,,2022-01-01 21:25:00
5470242.425322997,0.0,280.0,,0.88,80.0,5.1e-05,,,2022-01-01 21:30:00
5470243.42540913,0.0,279.0,,0.88,80.0,5.1e-05,,,2022-01-01 21:35:00
5470244.425495262,0.0,278.0,,0.88,91.0,5.2e-05,,,2022-01-01 21:40:00
5470245.425581396,0.0,274.0,,0.88,76.0,5.5e-05,,,2022-01-01 21:45:00
5470246.425667528,0.0,273.0,,0.88,75.0,5.6e-05,,,2022-01-01 21:50:00
5470247.4257536605,0.0,274.0,,0.88,74.0,5.6e-05,,,2022-01-01 21:55:00
5470248.425839793,0.0,275.0,,0.88,76.0,6.2e-05,,,2022-01-01 22:00:00
5470249.425925925,0.0,278.0,,0.88,77.0,7e-05,,,2022-01-01 22:05:00
5470250.426012059,0.0,280.0,,0.88,76.0,7.1e-05,,,2022-01-01 22:10:00
5470251.426098191,0.0,279.0,,0.88,78.0,7.7e-05,,,2022-01-01 22:15:00
5470252.426184324,0.0,278.0,,0.88,77.0,7.8e-05,,,2022-01-01 22:20:00
5470253.426270456,0.0,280.0,,0.88,77.0,7.4e-05,,,2022-01-01 22:25:00
5470254.426356589,0.0,281.0,,0.88,79.0,8e-05,,,2022-01-01 22:30:00
5470255.426442722,0.0,285.0,281.0,0.88,87.0,8.3e-05,,3.0,2022-01-01 22:35:00
5470256.426528854,0.0,289.0,,0.88,79.0,5.6e-05,,,2022-01-01 22:40:00
5470257.426614987,0.0,285.0,,0.88,73.0,5e-05,,,2022-01-01 22:45:00
5470258.426701119,0.0,277.0,,0.88,74.0,4.8e-05,,,2022-01-01 22:50:00
5470259.426787253,0.0,276.0,,0.88,70.0,4.6e-05,,,2022-01-01 22:55:00
5470260.426873385,0.0,267.0,,0.88,69.0,5e-05,,,2022-01-01 23:00:00
5470261.426959517,0.0,265.0,,0.88,71.0,5.4e-05,,,2022-01-01 23:05:00
5470262.42704565,0.0,267.0,,0.88,70.0,5.9e-05,,,2022-01-01 23:10:00
5470263.427131783,0.0,273.0,,0.88,71.0,6.2e-05,,,2022-01-01 23:15:00
5470264.427217916,0.0,278.0,,0.88,72.0,5e-05,,,2022-01-01 23:20:00
5470265.427304048,0.0,276.0,,0.88,72.0,4.8e-05,,,2022-01-01 23:25:00
5470266.4273901805,0.0,272.0,,0.88,72.0,4.8e-05,,,2022-01-01 23:30:00
5470267.427476313,0.0,270.0,,0.88,72.0,4.8e-05,,,2022-01-01 23:35:00
5470268.427562446,0.0,269.0,,0.88,73.0,4.7e-05,,,2022-01-01 23:40:00
5470269.427648579,0.0,265.0,,0.88,73.0,4.7e-05,,,2022-01-01 23:45:00
5470270.427734711,0.0,260.0,,0.88,75.0,4.6e-05,,,2022-01-01 23:50:00
5470271.427820844,0.0,259.0,,0.88,77.0,4.6e-05,,,2022-01-01 23:55:00
5470272.427906977,0.0,257.0,,1.0,78.0,4.6e-05,,,2022-01-02 00:00:00
5470273.427993109,0.0,254.0,,1.0,74.0,4.6e-05,,,2022-01-02 00:05:00
5470274.428079242,0.0,248.0,,1.0,73.0,4.4e-05,,,2022-01-02 00:10:00
5470275.428165374,0.0,246.0,,1.0,74.0,4.4e-05,,,2022-01-02 00:15:00
5470276.428251507,0.0,244.0,,1.0,72.0,4.4e-05,,,2022-01-02 00:20:00
5470277.42833764,0.0,243.0,,1.0,73.0,4.5e-05,,,2022-01-02 00:25:00
5470278.428423773,0.0,242.0,,1.0,72.0,4.5e-05,,,2022-01-02 00:30:00
5470279.428509905,0.0,241.0,,1.0,73.0,4.5e-05,,,2022-01-02 00:35:00
5470280.428596037,0.0,241.0,,1.0,74.0,4.5e-05,,,2022-01-02 00:40:00
5470281.428682171,0.0,248.0,,1.0,73.0,4.5e-05,,,2022-01-02 00:45:00
5470282.428768303,0.0,249.0,,1.0,69.0,5e-05,,,2022-01-02 00:50:00
5470283.428854436,0.0,247.0,,1.0,69.0,5.7e-05,,,2022-01-02 00:55:00
5470284.428940568,0.0,249.0,,1.0,70.0,6e-05,,,2022-01-02 01:00:00
5470285.429026701,0.0,250.0,,1.0,71.0,6.7e-05,,,2022-01-02 01:05:00
5470286.429112834,0.0,249.0,,1.0,73.0,7.4e-05,,,2022-01-02 01:10:00
5470287.429198966,0.0,250.0,,1.0,72.0,9.4e-05,,,2022-01-02 01:15:00
5470288.429285099,0.0,244.0,,1.0,71.0,6.7e-05,,,2022-01-02 01:20:00
5470289.429371231,0.0,240.0,,1.0,72.0,5.4e-05,,,2022-01-02 01:25:00
5470290.429457365,0.0,243.0,,1.0,73.0,5.2e-05,,,2022-01-02 01:30:00
5470291.429543497,0.0,246.0,,1.0,73.0,4.8e-05,,,2022-01-02 01:35:00
5470292.4296296295,0.0,246.0,,1.0,73.0,4.8e-05,,,2022-01-02 01:40:00
5470293.429715762,0.0,246.0,,1.0,74.0,4.6e-05,,,2022-01-02 01:45:00
5470294.429801894,0.0,246.0,,1.0,74.0,4.4e-05,,,2022-01-02 01:50:00
5470295.429888028,0.0,246.0,,1.0,73.0,4.4e-05,,,2022-01-02 01:55:00
5470296.42997416,0.0,245.0,,1.0,72.0,4.6e-05,,,2022-01-02 02:00:00
5470297.430060293,0.0,244.0,,1.0,71.0,4.6e-05,,,2022-01-02 02:05:00
5470298.430146425,0.0,238.0,,1.0,73.0,4.7e-05,,,2022-01-02 02:10:00
5470299.430232558,0.0,232.0,,1.0,72.0,4.8e-05,,,2022-01-02 02:15:00
5470300.430318691,0.0,232.0,,1.0,72.0,4.9e-05,,,2022-01-02 02:20:00
5470301.430404823,0.0,234.0,,1.0,71.0,6.7e-05,,,2022-01-02 02:25:00
5470302.430490956,0.0,236.0,,1.0,70.0,8.2e-05,,,2022-01-02 02:30:00
5470303.430577088,0.0,237.0,,1.0,71.0,9.8e-05,,,2022-01-02 02:35:00
5470304.4306632215,0.0,238.0,,1.0,69.0,0.000114,,,2022-01-02 02:40:00
5470305.430749354,0.0,241.0,,1.0,68.0,0.000156,,,2022-01-02 02:45:00
5470306.430835486,0.0,245.0,,1.0,67.0,0.000557,,,2022-01-02 02:50:00
5470307.430921619,0.0,246.0,,1.0,68.0,0.002376,,,2022-01-02 02:55:00
5470308.431007752,0.0,247.0,,1.0,68.0,0.003916,,,2022-01-02 03:00:00
5470309.431093885,0.0,247.0,,1.0,67.0,0.006072,,,2022-01-02 03:05:00
5470310.431180017,0.0,247.0,,1.0,67.0,0.014178,,,2022-01-02 03:10:00
5470311.4312661495,0.0,245.0,,1.0,71.0,0.02702,,,2022-01-02 03:15:00
5470312.431352282,0.0,240.0,,1.0,67.0,0.008062,,,2022-01-02 03:20:00
5470313.431438415,0.0,237.0,,1.0,68.0,0.01612,,,2022-01-02 03:25:00
5470314.431524548,0.0,237.0,,1.0,70.0,0.010102,,,2022-01-02 03:30:00
5470315.43161068,0.0,239.0,,1.0,69.0,0.004732,,,2022-01-02 03:35:00
5470316.431696813,0.0,242.0,,1.0,70.0,0.000686,,,2022-01-02 03:40:00
5470317.431782946,0.0,238.0,,1.0,71.0,5.3e-05,,,2022-01-02 03:45:00
5470318.431869078,0.0,235.0,,1.0,68.0,5.2e-05,,,2022-01-02 03:50:00
5470319.431955211,0.0,234.0,,1.0,67.0,5.1e-05,,,2022-01-02 03:55:00
5470320.432041343,0.0,237.0,,1.25,66.0,5.1e-05,,,2022-01-02 04:00:00
5470321.432127476,0.0,238.0,,1.25,66.0,5.1e-05,,,2022-01-02 04:05:00
5470322.432213609,0.0,239.0,,1.25,64.0,5.1e-05,,,2022-01-02 04:10:00
5470323.432299742,0.0,240.0,,1.25,66.0,5e-05,,,2022-01-02 04:15:00
5470324.432385874,0.0,240.0,,1.25,66.0,5.1e-05,,,2022-01-02 04:20:00
5470325.432472006,0.0,241.0,,1.25,65.0,5.5e-05,,,2022-01-02 04:25:00
5470326.43255814,0.0,242.0,,1.25,64.0,5.5e-05,,,2022-01-02 04:30:00
5470327.432644272,0.0,243.0,,1.25,67.0,5e-05,,,2022-01-02 04:35:00
5470328.432730405,0.0,244.0,,1.25,66.0,4.9e-05,,,2022-01-02 04:40:00
5470329.432816537,0.0,244.0,,1.25,68.0,4.9e-05,,,2022-01-02 04:45:00
5470330.4329026695,0.0,244.0,,1.25,64.0,6.2e-05,,,2022-01-02 04:50:00
5470331.432988803,0.0,244.0,,1.25,65.0,8.5e-05,,,2022-01-02 04:55:00
5470332.433074935,0.0,245.0,,1.3,68.0,0.000108,,,2022-01-02 05:00:00
5470333.433161068,0.0,249.0,,1.3,73.0,7.8e-05,,,2022-01-02 05:05:00
5470334.4332472,0.0,257.0,,1.3,61.0,5.7e-05,,,2022-01-02 05:10:00
5470335.433333334,0.0,255.0,,1.3,61.0,6.3e-05,,,2022-01-02 05:15:00
5470336.433419466,0.0,253.0,,1.3,61.0,6.9e-05,,,2022-01-02 05:20:00
5470337.433505598,0.0,251.0,,1.3,63.0,7.5e-05,,,2022-01-02 05:25:00
5470338.433591731,0.0,249.0,,1.3,63.0,8e-05,,,2022-01-02 05:30:00
5470339.433677863,0.0,249.0,,1.3,63.0,8.4e-05,,,2022-01-02 05:35:00
5470340.433763997,0.0,249.0,,1.3,63.0,9e-05,,,2022-01-02 05:40:00
5470341.433850129,0.0,249.0,,1.3,64.0,9.4e-05,,,2022-01-02 05:45:00
5470342.433936262,0.0,254.0,,1.3,61.0,8.2e-05,,,2022-01-02 05:50:00
5470343.434022394,0.0,252.0,,1.3,63.0,5.1e-05,,,2022-01-02 05:55:00
5470344.434108527,0.0,248.0,,1.3,67.0,6.4e-05,,,2022-01-02 06:00:00
5470345.43419466,0.0,251.0,,1.3,67.0,6.4e-05,,,2022-01-02 06:05:00
5470346.434280792,0.0,253.0,,1.3,66.0,6.3e-05,,,2022-01-02 06:10:00
5470347.434366925,0.0,253.0,,1.3,67.0,6.2e-05,,,2022-01-02 06:15:00
5470348.434453057,0.0,247.0,,1.3,64.0,5.8e-05,,,2022-01-02 06:20:00
5470349.4345391905,0.0,243.0,,1.3,66.0,4.9e-05,,,2022-01-02 06:25:00
5470350.434625323,0.0,242.0,,1.3,65.0,5.4e-05,,,2022-01-02 06:30:00
5470351.434711455,0.0,244.0,,1.3,66.0,5.5e-05,,,2022-01-02 06:35:00
5470352.434797588,0.0,245.0,,1.3,62.0,4.8e-05,,,2022-01-02 06:40:00
5470353.434883721,0.0,244.0,,1.3,62.0,5.3e-05,,,2022-01-02 06:45:00
5470354.434969854,0.0,244.0,,1.3,63.0,5.2e-05,,,2022-01-02 06:50:00
5470355.435055986,0.0,243.0,,1.3,64.0,5.2e-05,,,2022-01-02 06:55:00
5470356.4351421185,0.0,243.0,,1.45,63.0,5.2e-05,,,2022-01-02 07:00:00
5470357.435228251,0.0,235.0,,1.45,62.0,4.8e-05,,,2022-01-02 07:05:00
5470358.435314384,0.0,229.0,,1.45,64.0,4.6e-05,,,2022-01-02 07:10:00
5470359.435400517,0.0,233.0,,1.45,63.0,4.6e-05,,,2022-01-02 07:15:00
5470360.435486649,0.0,237.0,,1.45,63.0,4.6e-05,,,2022-01-02 07:20:00
5470361.435572782,0.0,233.0,,1.45,64.0,4.6e-05,,,2022-01-02 07:25:00
5470362.435658915,0.0,232.0,,1.45,72.0,4.6e-05,,,2022-01-02 07:30:00
5470363.435745047,1.0,,,1.45,65.0,4.6e-05,,,2022-01-02 07:35:00
5470364.43583118,1.0,,,1.45,62.0,4.6e-05,,,2022-01-02 07:40:00
5470365.435917312,1.0,,,1.45,72.0,4.6e-05,,,2022-01-02 07:45:00
5470366.436003445,1.0,,,1.45,70.0,4.8e-05,,,2022-01-02 07:50:00
5470367.436089578,1.0,,,1.45,70.0,5.2e-05,,,2022-01-02 07:55:00
5470368.4361757105,1.0,,,1.45,68.0,5.2e-05,,,2022-01-02 08:00:00
5470369.436261843,1.0,,,1.45,70.0,5.1e-05,,,2022-01-02 08:05:00
5470370.436347975,1.0,,,1.45,89.0,4.8e-05,,,2022-01-02 08:10:00
5470371.436434109,1.0,,234.0,1.45,86.0,4.7e-05,,2.4,2022-01-02 08:15:00
5470372.436520241,1.0,,,1.45,82.0,4.7e-05,,,2022-01-02 08:20:00
5470373.436606374,0.0,238.0,,1.45,78.0,5.1e-05,,,2022-01-02 08:25:00
5470374.436692506,0.0,239.0,,1.45,93.0,5.4e-05,,,2022-01-02 08:30:00
5470375.4367786385,0.0,237.0,,1.45,73.0,5e-05,,,2022-01-02 08:35:00
5470376.436864772,0.0,235.0,,1.45,76.0,4.7e-05,,,2022-01-02 08:40:00
5470377.436950904,0.0,236.0,,1.45,76.0,5e-05,,,2022-01-02 08:45:00
5470378.437037037,0.0,236.0,,1.45,75.0,5.1e-05,,,2022-01-02 08:50:00
5470379.437123169,0.0,235.0,,1.45,75.0,5.2e-05,,,2022-01-02 08:55:00
5470380.437209303,0.0,220.0,,1.45,74.0,5.7e-05,,,2022-01-02 09:00:00
5470381.437295435,0.0,225.0,,1.45,75.0,6.3e-05,,,2022-01-02 09:05:00
5470382.437381567,0.0,231.0,,1.45,72.0,6.5e-05,,,2022-01-02 09:10:00
5470383.4374677,0.0,229.0,,1.45,73.0,5.7e-05,,,2022-01-02 09:15:00
5470384.437553832,0.0,232.0,,1.45,73.0,5.9e-05,,,2022-01-02 09:20:00
5470385.437639966,0.0,229.0,,1.45,73.0,6e-05,,,2022-01-02 09:25:00
5470386.437726098,0.0,227.0,,1.45,74.0,5.9e-05,,,2022-01-02 09:30:00
5470387.437812231,0.0,227.0,,1.45,75.0,5.9e-05,,,2022-01-02 09:35:00
5470388.437898363,0.0,234.0,,1.45,90.0,5.6e-05,,,2022-01-02 09:40:00
5470389.437984496,0.0,237.0,235.0,1.45,79.0,5.9e-05,100.0,7.6,2022-01-02 09:45:00
5470390.438070629,0.0,237.0,,1.45,79.0,5.4e-05,,6.3,2022-01-02 09:50:00
5470391.438156761,0.0,236.0,,1.45,78.0,5.6e-05,,,2022-01-02 09:55:00
5470392.438242894,0.0,238.0,,1.45,79.0,5.1e-05,,,2022-01-02 10:00:00
5470393.438329026,0.0,251.0,,1.45,80.0,5.1e-05,,,2022-01-02 10:05:00
5470394.4384151595,0.0,257.0,,1.45,84.0,5.5e-05,,,2022-01-02 10:10:00
5470395.438501292,0.0,277.0,,1.45,95.0,5.6e-05,,,2022-01-02 10:15:00
5470396.438587424,0.0,297.0,,1.45,92.0,5.3e-05,,,2022-01-02 10:20:00
5470397.438673557,0.0,311.0,,1.45,103.0,5e-05,,,2022-01-02 10:25:00
5470398.43875969,0.0,319.0,,1.45,107.0,0.001115,,,2022-01-02 10:30:00
5470399.438845823,0.0,319.0,,1.45,106.0,0.11902,,,2022-01-02 10:35:00
5470400.438931955,0.0,314.0,,1.45,111.0,4.71,,,2022-01-02 10:40:00
5470401.439018087,0.0,309.0,,1.45,106.0,4.05046,,,2022-01-02 10:45:00
5470402.43910422,0.0,302.0,,1.45,101.0,8.6546,,,2022-01-02 10:50:00
5470403.439190353,0.0,294.0,,1.45,95.0,12.084,,,2022-01-02 10:55:00
5470404.439276486,0.0,288.0,,0.75,101.0,8.69,,,2022-01-02 11:00:00
5470405.439362618,0.0,281.0,,0.75,107.0,5.5137,,,2022-01-02 11:05:00
5470406.439448751,0.0,282.0,,0.75,101.0,8.90784,,,2022-01-02 11:10:00
5470407.439534884,0.0,284.0,,0.75,100.0,11.202,,,2022-01-02 11:15:00
5470408.439621016,0.0,284.0,,0.75,100.0,5.9276,,,2022-01-02 11:20:00
5470409.439707149,0.0,280.0,,0.75,90.0,11.354,,,2022-01-02 11:25:00
5470410.439793281,0.0,280.0,,0.75,94.0,2.92,,,2022-01-02 11:30:00
5470411.439879414,0.0,284.0,,0.75,93.0,0.17444,,,2022-01-02 11:35:00
5470412.439965547,0.0,289.0,,0.75,95.0,0.4254,,,2022-01-02 11:40:00
5470413.4400516795,0.0,292.0,,0.75,99.0,0.1743,,,2022-01-02 11:45:00
5470414.440137812,0.0,293.0,,0.75,99.0,0.5364,,,2022-01-02 11:50:00
5470415.440223944,0.0,291.0,,0.75,100.0,1.3448,,,2022-01-02 11:55:00
5470416.440310078,0.0,282.0,,0.75,105.0,5.38848,,,2022-01-02 12:00:00
5470417.44039621,0.0,271.0,,0.75,99.0,4.358,,,2022-01-02 12:05:00
5470418.440482343,0.0,253.0,,0.75,92.0,2.606,,,2022-01-02 12:10:00
5470419.440568475,0.0,233.0,,0.75,99.0,2.416,,,2022-01-02 12:15:00
5470420.4406546075,0.0,220.0,,0.75,101.0,1.0728,,,2022-01-02 12:20:00
5470421.440740741,0.0,208.0,,0.75,83.0,3.252,,,2022-01-02 12:25:00
5470422.440826873,0.0,193.0,,0.75,87.0,11.018,,,2022-01-02 12:30:00
5470423.440913006,0.0,181.0,,0.75,100.0,17.14,,,2022-01-02 12:35:00
5470424.440999138,0.0,172.0,,0.75,102.0,8.472,,,2022-01-02 12:40:00
5470425.441085272,0.0,164.0,,0.75,109.0,5.3738,,,2022-01-02 12:45:00
5470426.441171404,0.0,153.0,,0.75,107.0,5.724,,,2022-01-02 12:50:00
5470427.441257536,0.0,139.0,,0.75,119.0,4.2594,,,2022-01-02 12:55:00
5470428.441343669,0.0,127.0,,0.75,117.0,9.808,,,2022-01-02 13:00:00
5470429.441429801,0.0,118.0,,0.75,111.0,12.956,,,2022-01-02 13:05:00
5470430.441515935,0.0,110.0,,0.75,112.0,17.0,,,2022-01-02 13:10:00
5470431.441602067,0.0,102.0,,0.75,117.0,15.22,,,2022-01-02 13:15:00
5470432.4416881995,0.0,87.0,,0.75,121.0,18.7,,,2022-01-02 13:20:00
5470433.441774332,0.0,85.0,,0.75,107.0,14.928,,,2022-01-02 13:25:00
5470434.441860465,0.0,80.0,,0.75,115.0,18.72,,,2022-01-02 13:30:00
5470435.441946598,0.0,71.0,,0.75,113.0,16.48,,,2022-01-02 13:35:00
5470436.44203273,0.0,68.0,,0.75,111.0,15.72,,,2022-01-02 13:40:00
5470437.442118863,0.0,66.0,,0.75,106.0,12.42,,,2022-01-02 13:45:00
5470438.442204995,0.0,65.0,,0.75,89.0,10.538,,,2022-01-02 13:50:00
5470439.442291128,0.0,64.0,,0.75,103.0,7.402,,,2022-01-02 13:55:00
5470440.442377261,0.0,59.0,,0.75,104.0,12.572,,,2022-01-02 14:00:00
5470441.442463393,0.0,53.0,,0.75,102.0,13.430025,,,2022-01-02 14:05:00
5470442.442549526,0.0,56.0,,0.75,92.0,16.4,,,2022-01-02 14:10:00
5470443.442635659,0.0,62.0,,0.75,89.0,22.22,,,2022-01-02 14:15:00
5470444.442721792,0.0,61.0,,0.75,93.0,17.2,,,2022-01-02 14:20:00
5470445.442807924,0.0,57.0,,0.75,95.0,12.006,,,2022-01-02 14:25:00
5470446.442894056,0.0,52.0,,0.75,96.0,1.4526,,,2022-01-02 14:30:00
5470447.442980189,0.0,52.0,,0.75,95.0,1.149,,,2022-01-02 14:35:00
5470448.443066322,0.0,48.0,,0.75,98.0,0.4086,,,2022-01-02 14:40:00
5470449.443152455,0.0,47.0,,0.75,96.0,0.233826,,,2022-01-02 14:45:00
5470450.443238587,0.0,51.0,31.0,0.75,91.0,1.157,,4.4,2022-01-02 14:50:00
5470451.44332472,0.0,52.0,,0.75,87.0,0.8014,80.0,3.55,2022-01-02 14:55:00
5470452.443410853,0.0,56.0,,0.75,85.0,0.25875,,,2022-01-02 15:00:00
5470453.443496985,0.0,60.0,,0.75,88.0,0.055292,,,2022-01-02 15:05:00
5470454.443583118,0.0,62.0,,0.75,84.0,8e-05,,,2022-01-02 15:10:00
5470455.44366925,0.0,63.0,,0.75,87.0,0.000151,,,2022-01-02 15:15:00
5470456.443755383,0.0,70.0,,0.75,89.0,0.000144,,,2022-01-02 15:20:00
5470457.443841516,0.0,90.0,,0.75,90.0,0.000132,,,2022-01-02 15:25:00
5470458.4439276485,0.0,113.0,,0.75,91.0,0.000102,,,2022-01-02 15:30:00
5470459.444013781,0.0,139.0,,0.75,91.0,8.2e-05,,,2022-01-02 15:35:00
5470460.444099913,0.0,154.0,,0.75,101.0,7.3e-05,,,2022-01-02 15:40:00
5470461.444186047,0.0,145.0,,0.75,95.0,6.5e-05,,,2022-01-02 15:45:00
5470462.444272179,0.0,148.0,,0.75,90.0,6.3e-05,,,2022-01-02 15:50:00
5470463.444358312,0.0,149.0,,0.75,91.0,5.5e-05,,,2022-01-02 15:55:00
5470464.444444444,0.0,152.0,,0.75,80.0,5.9e-05,,,2022-01-02 16:00:00
5470465.4445305765,0.0,156.0,,0.75,88.0,7.3e-05,,,2022-01-02 16:05:00
5470466.44461671,0.0,163.0,,0.75,88.0,0.000101,,,2022-01-02 16:10:00
5470467.444702842,0.0,168.0,,0.75,88.0,8.2e-05,,,2022-01-02 16:15:00
5470468.444788975,0.0,171.0,,0.75,86.0,5.9e-05,,,2022-01-02 16:20:00
5470469.444875107,0.0,174.0,,0.75,87.0,6.6e-05,,,2022-01-02 16:25:00
5470470.4449612405,0.0,174.0,,0.75,87.0,9.8e-05,,,2022-01-02 16:30:00
5470471.445047373,0.0,173.0,,0.75,87.0,0.000123,,,2022-01-02 16:35:00
5470472.445133505,0.0,173.0,,0.75,86.0,0.000164,,,2022-01-02 16:40:00
5470473.445219638,0.0,175.0,,0.75,86.0,0.000198,,,2022-01-02 16:45:00
5470474.44530577,0.0,172.0,,0.75,87.0,0.000136,,,2022-01-02 16:50:00
5470475.445391904,0.0,172.0,,0.75,86.0,0.000113,,,2022-01-02 16:55:00
5470476.445478036,0.0,178.0,,0.88,87.0,0.000102,,,2022-01-02 17:00:00
5470477.4455641685,0.0,176.0,,0.88,86.0,6.2e-05,,,2022-01-02 17:05:00
5470478.445650301,0.0,176.0,,0.88,94.0,0.000101,,,2022-01-02 17:10:00
5470479.445736434,0.0,171.0,,0.88,106.0,8.8e-05,,,2022-01-02 17:15:00
5470480.445822567,0.0,167.0,,0.88,98.0,7.7e-05,,,2022-01-02 17:20:00
5470481.445908699,0.0,163.0,,0.88,104.0,8e-05,,,2022-01-02 17:25:00
5470482.445994832,0.0,157.0,,0.88,102.0,9.8e-05,,,2022-01-02 17:30:00
5470483.446080964,0.0,157.0,154.0,0.88,100.0,0.000153,,,2022-01-02 17:35:00
5470484.446167097,0.0,158.0,,0.88,99.0,0.000128,,,2022-01-02 17:40:00
5470485.44625323,0.0,163.0,,0.88,104.0,5.9e-05,,,2022-01-02 17:45:00
5470486.446339362,0.0,157.0,,0.88,106.0,7.4e-05,,,2022-01-02 17:50:00
5470487.446425495,0.0,165.0,155.0,0.88,96.0,9.4e-05,80.0,6.3,2022-01-02 17:55:00
5470488.446511628,0.0,175.0,,0.88,95.0,6.3e-05,,5.6,2022-01-02 18:00:00
5470489.446597761,0.0,183.0,,0.88,95.0,5e-05,,,2022-01-02 18:05:00
5470490.446683893,0.0,190.0,,0.88,95.0,5.1e-05,,,2022-01-02 18:10:00
5470491.446770025,0.0,197.0,,0.88,90.0,5.5e-05,,,2022-01-02 18:15:00
5470492.446856158,0.0,199.0,,0.88,87.0,7.2e-05,,,2022-01-02 18:20:00
5470493.446942291,0.0,206.0,,0.88,88.0,8.7e-05,,,2022-01-02 18:25:00
5470494.447028424,0.0,210.0,,0.88,89.0,9.2e-05,,,2022-01-02 18:30:00
5470495.447114556,0.0,215.0,,0.88,89.0,9e-05,,,2022-01-02 18:35:00
5470496.4472006885,0.0,225.0,,0.88,89.0,0.000106,,,2022-01-02 18:40:00
5470497.447286822,0.0,226.0,,0.88,90.0,8.7e-05,,,2022-01-02 18:45:00
5470498.447372954,0.0,223.0,,0.88,92.0,7.9e-05,,,2022-01-02 18:50:00
5470499.447459087,0.0,219.0,,0.88,89.0,7.6e-05,,,2022-01-02 18:55:00
5470500.447545219,0.0,216.0,,0.88,91.0,6.2e-05,,,2022-01-02 19:00:00
5470501.447631352,0.0,219.0,,0.88,90.0,7.5e-05,,,2022-01-02 19:05:00
5470502.447717485,0.0,220.0,,0.88,90.0,7.1e-05,,,2022-01-02 19:10:00
5470503.447803617,0.0,216.0,,0.88,89.0,8.1e-05,,,2022-01-02 19:15:00
5470504.44788975,0.0,214.0,,0.88,88.0,8.3e-05,,,2022-01-02 19:20:00
5470505.447975882,0.0,214.0,,0.88,87.0,8.1e-05,,,2022-01-02 19:25:00
5470506.448062016,0.0,216.0,,0.88,91.0,8.1e-05,,,2022-01-02 19:30:00
5470507.448148148,0.0,211.0,,0.88,102.0,0.000108,,,2022-01-02 19:35:00
5470508.448234281,0.0,210.0,,0.88,97.0,7.3e-05,,,2022-01-02 19:40:00
5470509.448320413,0.0,212.0,,0.88,87.0,6.8e-05,,,2022-01-02 19:45:00
5470510.448406545,0.0,214.0,,0.88,88.0,6.5e-05,,,2022-01-02 19:50:00
5470511.448492679,0.0,213.0,,0.88,89.0,6.9e-05,,,2022-01-02 19:55:00
5470512.448578811,0.0,215.0,,0.88,90.0,6.1e-05,,,2022-01-02 20:00:00
5470513.448664944,0.0,211.0,,0.88,90.0,5.5e-05,,,2022-01-02 20:05:00
5470514.448751076,0.0,215.0,,0.88,87.0,6.3e-05,,,2022-01-02 20:10:00
5470515.4488372095,0.0,218.0,,0.88,87.0,4.7e-05,,,2022-01-02 20:15:00
5470516.448923342,0.0,214.0,,0.88,86.0,4.8e-05,,,2022-01-02 20:20:00
5470517.449009474,0.0,209.0,,0.88,88.0,4.9e-05,,,2022-01-02 20:25:00
5470518.449095607,0.0,208.0,,0.88,85.0,5.7e-05,,,2022-01-02 20:30:00
5470519.449181739,0.0,210.0,,0.88,84.0,5.4e-05,,,2022-01-02 20:35:00
5470520.449267873,0.0,216.0,,0.88,99.0,5.4e-05,,,2022-01-02 20:40:00
5470521.449354005,0.0,227.0,,0.88,100.0,5.7e-05,,,2022-01-02 20:45:00
5470522.4494401375,0.0,227.0,,0.88,,5.6e-05,,,2022-01-02 20:50:00
5470523.44952627,0.0,227.0,,0.88,,,,,2022-01-02 20:55:00
5470524.449612403,0.0,229.0,,0.88,,,,,2022-01-02 21:00:00
5470525.449698536,0.0,230.0,,0.88,,,,,2022-01-02 21:05:00
5470526.449784668,0.0,233.0,,0.88,,,,,2022-01-02 21:10:00
5470527.449870801,0.0,235.0,,0.88,,,,,2022-01-02 21:15:00
5470528.449956933,0.0,234.0,235.0,0.88,102.0,,,6.2,2022-01-02 21:20:00
5470529.450043066,0.0,220.0,,0.88,89.0,0.000119,60.0,3.8,2022-01-02 21:25:00
5470530.450129199,0.0,230.0,,0.88,83.0,6.3e-05,,,2022-01-02 21:30:00
5470531.450215331,0.0,230.0,,0.88,82.0,4.9e-05,,,2022-01-02 21:35:00
5470532.450301464,0.0,235.0,,0.88,83.0,5e-05,,,2022-01-02 21:40:00
5470533.450387597,0.0,238.0,,0.88,84.0,5.1e-05,,,2022-01-02 21:45:00
5470534.4504737295,0.0,244.0,,0.88,84.0,4.9e-05,,,2022-01-02 21:50:00
5470535.450559862,0.0,246.0,,0.88,83.0,5.4e-05,,,2022-01-02 21:55:00
5470536.450645994,0.0,247.0,,0.88,82.0,4.8e-05,,,2022-01-02 22:00:00
5470537.450732127,0.0,250.0,,0.88,82.0,4.7e-05,,,2022-01-02 22:05:00
5470538.45081826,0.0,253.0,,0.88,82.0,4.7e-05,,,2022-01-02 22:10:00
5470539.450904393,0.0,256.0,,0.88,82.0,4.7e-05,,,2022-01-02 22:15:00
5470540.450990525,0.0,256.0,,0.88,81.0,4.8e-05,,,2022-01-02 22:20:00
5470541.4510766575,0.0,257.0,,0.88,81.0,4.9e-05,,,2022-01-02 22:25:00
5470542.451162791,0.0,259.0,,0.88,81.0,5.1e-05,,,2022-01-02 22:30:00
5470543.451248923,0.0,259.0,,0.88,83.0,5e-05,,,2022-01-02 22:35:00
5470544.451335056,0.0,257.0,,0.88,85.0,4.9e-05,,,2022-01-02 22:40:00
5470545.451421188,0.0,258.0,,0.88,82.0,4.9e-05,,,2022-01-02 22:45:00
5470546.451507321,0.0,255.0,,0.88,78.0,4.8e-05,,,2022-01-02 22:50:00
5470547.451593454,0.0,239.0,,0.88,78.0,4.7e-05,,,2022-01-02 22:55:00
5470548.451679586,0.0,232.0,,0.88,85.0,4.8e-05,,,2022-01-02 23:00:00
5470549.451765719,0.0,235.0,,0.88,77.0,4.9e-05,,,2022-01-02 23:05:00
5470550.451851851,0.0,226.0,,0.88,73.0,4.7e-05,,,2022-01-02 23:10:00
5470551.451937985,0.0,227.0,,0.88,73.0,5.1e-05,,,2022-01-02 23:15:00
5470552.452024117,0.0,226.0,,0.88,72.0,5.5e-05,,,2022-01-02 23:20:00
5470553.45211025,0.0,223.0,,0.88,73.0,6.4e-05,,,2022-01-02 23:25:00
5470554.452196382,0.0,222.0,,0.88,74.0,6.8e-05,,,2022-01-02 23:30:00
5470555.452282514,0.0,222.0,,0.88,77.0,7.2e-05,,,2022-01-02 23:35:00
5470556.452368648,0.0,224.0,,0.88,72.0,7.1e-05,,,2022-01-02 23:40:00
5470557.45245478,0.0,223.0,,0.88,72.0,7.9e-05,,,2022-01-02 23:45:00
5470558.452540913,0.0,221.0,,0.88,73.0,8.4e-05,,,2022-01-02 23:50:00
5470559.452627045,0.0,220.0,,0.88,73.0,9.6e-05,,,2022-01-02 23:55:00
5470560.4527131785,0.0,213.0,,0.88,73.0,6e-05,,,2022-01-03 00:00:00
5470561.452799311,0.0,209.0,,0.88,74.0,5.8e-05,,,2022-01-03 00:05:00
5470562.452885443,0.0,208.0,,0.88,74.0,5.6e-05,,,2022-01-03 00:10:00
5470563.452971576,0.0,207.0,,0.88,76.0,5.5e-05,,,2022-01-03 00:15:00
5470564.453057709,0.0,207.0,,0.88,75.0,5.5e-05,,,2022-01-03 00:20:00
5470565.453143842,0.0,208.0,,0.88,75.0,5.4e-05,,,2022-01-03 00:25:00
5470566.453229974,0.0,219.0,,0.88,84.0,5.4e-05,,,2022-01-03 00:30:00
5470567.453316106,0.0,239.0,,0.88,73.0,5.5e-05,,,2022-01-03 00:35:00
5470568.453402239,0.0,230.0,,0.88,73.0,5.5e-05,,,2022-01-03 00:40:00
5470569.453488372,0.0,231.0,,0.88,72.0,5.4e-05,,,2022-01-03 00:45:00
5470570.453574505,0.0,229.0,,0.88,74.0,5.4e-05,,,2022-01-03 00:50:00
5470571.453660637,0.0,227.0,,0.88,72.0,5.3e-05,,,2022-01-03 00:55:00
5470572.45374677,0.0,224.0,,0.88,72.0,5.3e-05,,,2022-01-03 01:00:00
5470573.453832903,0.0,222.0,,0.88,72.0,5.3e-05,,,2022-01-03 01:05:00
5470574.453919035,0.0,220.0,,0.88,71.0,5.7e-05,,,2022-01-03 01:10:00
5470575.454005168,0.0,220.0,,0.88,72.0,5.9e-05,,,2022-01-03 01:15:00
5470576.4540913,0.0,223.0,,0.88,72.0,5.7e-05,,,2022-01-03 01:20:00
5470577.454177433,0.0,225.0,,0.88,71.0,4.6e-05,,,2022-01-03 01:25:00
5470578.454263566,0.0,220.0,,0.88,70.0,4.6e-05,,,2022-01-03 01:30:00
5470579.4543496985,0.0,217.0,,0.88,69.0,4.6e-05,,,2022-01-03 01:35:00
5470580.454435831,0.0,216.0,,0.88,70.0,4.6e-05,,,2022-01-03 01:40:00
5470581.454521963,0.0,215.0,,0.88,71.0,4.6e-05,,,2022-01-03 01:45:00
5470582.454608097,0.0,214.0,,0.88,71.0,4.6e-05,,,2022-01-03 01:50:00
5470583.454694229,0.0,215.0,,0.88,71.0,4.7e-05,,,2022-01-03 01:55:00
5470584.454780362,0.0,225.0,,0.88,71.0,4.6e-05,,,2022-01-03 02:00:00
5470585.454866494,0.0,239.0,,0.88,70.0,4.8e-05,,,2022-01-03 02:05:00
5470586.4549526265,0.0,248.0,,0.88,70.0,4.8e-05,,,2022-01-03 02:10:00
5470587.45503876,0.0,253.0,,0.88,67.0,4.8e-05,,,2022-01-03 02:15:00
5470588.455124892,0.0,256.0,,0.88,66.0,4.7e-05,,,2022-01-03 02:20:00
5470589.455211025,0.0,257.0,,0.88,66.0,4.6e-05,,,2022-01-03 02:25:00
5470590.455297157,0.0,259.0,,0.88,66.0,4.6e-05,,,2022-01-03 02:30:00
5470591.455383291,0.0,259.0,,0.88,67.0,4.7e-05,,,2022-01-03 02:35:00
5470592.455469423,0.0,259.0,,0.88,68.0,4.7e-05,,,2022-01-03 02:40:00
5470593.455555555,0.0,259.0,,0.88,68.0,4.8e-05,,,2022-01-03 02:45:00
5470594.455641688,0.0,259.0,,0.88,67.0,4.8e-05,,,2022-01-03 02:50:00
5470595.45572782,0.0,259.0,,0.88,68.0,4.8e-05,,,2022-01-03 02:55:00
5470596.455813954,0.0,259.0,,0.88,68.0,4.9e-05,,,2022-01-03 03:00:00
5470597.455900086,0.0,261.0,,0.88,74.0,4.9e-05,,,2022-01-03 03:05:00
5470598.4559862185,0.0,262.0,,0.88,68.0,5e-05,,,2022-01-03 03:10:00
5470599.456072351,0.0,259.0,,0.88,67.0,5.4e-05,,,2022-01-03 03:15:00
5470600.456158484,0.0,258.0,,0.88,67.0,5.5e-05,,,2022-01-03 03:20:00
5470601.456244617,0.0,257.0,,0.88,67.0,5.8e-05,,,2022-01-03 03:25:00
5470602.456330749,0.0,256.0,,0.88,67.0,6e-05,,,2022-01-03 03:30:00
5470603.456416882,0.0,255.0,,0.88,67.0,6.3e-05,,,2022-01-03 03:35:00
5470604.456503014,0.0,255.0,,0.88,66.0,6.5e-05,,,2022-01-03 03:40:00
5470605.456589147,0.0,261.0,,0.88,66.0,6.4e-05,,,2022-01-03 03:45:00
5470606.45667528,0.0,265.0,,0.88,65.0,4.9e-05,,,2022-01-03 03:50:00
5470607.456761412,0.0,264.0,,0.88,65.0,4.8e-05,,,2022-01-03 03:55:00
5470608.456847545,0.0,264.0,,0.88,65.0,4.8e-05,,,2022-01-03 04:00:00
5470609.456933678,0.0,266.0,,0.88,65.0,4.7e-05,,,2022-01-03 04:05:00
5470610.457019811,0.0,269.0,,0.88,67.0,4.9e-05,,,2022-01-03 04:10:00
5470611.457105943,0.0,270.0,,0.88,70.0,4.9e-05,,,2022-01-03 04:15:00
5470612.457192075,0.0,270.0,,0.88,69.0,4.8e-05,,,2022-01-03 04:20:00
5470613.457278208,0.0,268.0,,0.88,67.0,4.7e-05,,,2022-01-03 04:25:00
5470614.457364341,0.0,268.0,,0.88,67.0,4.5e-05,,,2022-01-03 04:30:00
5470615.457450474,0.0,266.0,,0.88,68.0,4.5e-05,,,2022-01-03 04:35:00
5470616.457536606,0.0,264.0,,0.88,72.0,4.5e-05,,,2022-01-03 04:40:00
5470617.457622739,0.0,265.0,,0.88,66.0,4.6e-05,,,2022-01-03 04:45:00
5470618.457708872,0.0,265.0,,0.88,66.0,4.6e-05,,,2022-01-03 04:50:00
5470619.457795004,0.0,264.0,,0.88,70.0,4.6e-05,,,2022-01-03 04:55:00
5470620.457881137,0.0,262.0,,0.88,74.0,4.7e-05,,,2022-01-03 05:00:00
5470621.457967269,0.0,264.0,,0.88,85.0,4.9e-05,,,2022-01-03 05:05:00
5470622.458053402,0.0,269.0,,0.88,88.0,5e-05,,,2022-01-03 05:10:00
5470623.458139535,0.0,273.0,289.0,0.88,84.0,5e-05,,3.1,2022-01-03 05:15:00
5470624.4582256675,0.0,277.0,,0.88,82.0,5e-05,,,2022-01-03 05:20:00
5470625.4583118,0.0,287.0,,0.88,75.0,5.3e-05,,,2022-01-03 05:25:00
5470626.458397932,0.0,287.0,,0.88,89.0,5.4e-05,,,2022-01-03 05:30:00
5470627.458484066,0.0,286.0,,0.88,78.0,5.7e-05,,,2022-01-03 05:35:00
5470628.458570198,0.0,284.0,,0.88,79.0,5.7e-05,,,2022-01-03 05:40:00
5470629.458656331,0.0,283.0,,0.88,77.0,5.8e-05,,,2022-01-03 05:45:00
5470630.458742463,0.0,281.0,,0.88,86.0,5.5e-05,,,2022-01-03 05:50:00
5470631.4588285955,0.0,279.0,,0.88,80.0,5.4e-05,,,2022-01-03 05:55:00
5470632.458914729,0.0,277.0,,0.88,79.0,5.5e-05,,,2022-01-03 06:00:00
5470633.459000861,0.0,276.0,,0.88,87.0,5.4e-05,,,2022-01-03 06:05:00
5470634.459086994,0.0,276.0,275.0,0.88,84.0,5.2e-05,,8.9,2022-01-03 06:10:00
5470635.459173126,0.0,278.0,,0.88,83.0,4.8e-05,125.0,7.8,2022-01-03 06:15:00
5470636.4592592595,0.0,277.0,,0.88,81.0,5e-05,,,2022-01-03 06:20:00
5470637.459345392,0.0,270.0,,0.88,84.0,5e-05,,,2022-01-03 06:25:00
5470638.459431524,0.0,268.0,,0.88,84.0,5.2e-05,,,2022-01-03 06:30:00
5470639.459517657,0.0,270.0,,0.88,84.0,5.3e-05,,,2022-01-03 06:35:00
5470640.459603789,0.0,279.0,,0.88,86.0,5.5e-05,,,2022-01-03 06:40:00
5470641.459689923,0.0,294.0,,0.88,85.0,5.5e-05,,,2022-01-03 06:45:00
5470642.459776055,0.0,303.0,,0.88,86.0,5.8e-05,,,2022-01-03 06:50:00
5470643.4598621875,0.0,303.0,,0.88,84.0,5.6e-05,,,2022-01-03 06:55:00
5470644.45994832,0.0,303.0,,0.88,91.0,4.9e-05,,,2022-01-03 07:00:00
5470645.460034453,0.0,300.0,,0.88,87.0,4.6e-05,,,2022-01-03 07:05:00
5470646.460120586,0.0,295.0,,0.88,83.0,4.8e-05,,,2022-01-03 07:10:00
5470647.460206718,0.0,289.0,,0.88,78.0,4.5e-05,,,2022-01-03 07:15:00
5470648.460292851,0.0,287.0,,0.88,78.0,4.6e-05,,,2022-01-03 07:20:00
5470649.460378983,0.0,287.0,,0.88,78.0,4.7e-05,,,2022-01-03 07:25:00
5470650.460465116,0.0,284.0,,0.88,78.0,4.8e-05,,,2022-01-03 07:30:00
5470651.460551249,0.0,282.0,,0.88,79.0,4.5e-05,,,2022-01-03 07:35:00
5470652.460637381,0.0,279.0,,0.88,78.0,4.5e-05,,,2022-01-03 07:40:00
5470653.460723514,0.0,278.0,,0.88,78.0,4.4e-05,,,2022-01-03 07:45:00
5470654.460809647,0.0,281.0,,0.88,78.0,4.4e-05,,,2022-01-03 07:50:00
5470655.46089578,0.0,286.0,,0.88,77.0,4.6e-05,,,2022-01-03 07:55:00
5470656.460981912,0.0,289.0,,0.88,79.0,4.6e-05,,,2022-01-03 08:00:00
5470657.461068044,0.0,292.0,,0.88,78.0,4.7e-05,,,2022-01-03 08:05:00
5470658.461154177,0.0,293.0,294.0,0.88,78.0,4.6e-05,,,2022-01-03 08:10:00
5470659.46124031,0.0,292.0,,0.88,77.0,4.5e-05,,,2022-01-03 08:15:00
5470660.461326443,0.0,289.0,,0.88,77.0,4.5e-05,,,2022-01-03 08:20:00
5470661.461412575,0.0,287.0,,0.88,78.0,4.5e-05,,,2022-01-03 08:25:00
5470662.4614987075,0.0,283.0,,0.88,79.0,4.5e-05,,,2022-01-03 08:30:00
5470663.461584841,0.0,277.0,,0.88,80.0,4.5e-05,,,2022-01-03 08:35:00
5470664.461670973,0.0,272.0,,0.88,78.0,4.5e-05,,,2022-01-03 08:40:00
5470665.461757106,0.0,267.0,,0.88,80.0,4.5e-05,,,2022-01-03 08:45:00
5470666.461843238,0.0,266.0,,0.88,77.0,4.5e-05,,,2022-01-03 08:50:00
5470667.461929371,0.0,266.0,,0.88,107.0,4.4e-05,,,2022-01-03 08:55:00
5470668.462015504,0.0,260.0,,0.88,72.0,4.5e-05,,,2022-01-03 09:00:00
5470669.462101636,0.0,253.0,,0.88,78.0,4.4e-05,,,2022-01-03 09:05:00
5470670.462187769,0.0,252.0,,0.88,74.0,4.3e-05,,,2022-01-03 09:10:00
5470671.462273901,0.0,254.0,,0.88,76.0,4.3e-05,,,2022-01-03 09:15:00
5470672.462360035,0.0,251.0,,0.88,80.0,4.3e-05,,,2022-01-03 09:20:00
5470673.462446167,0.0,251.0,,0.88,75.0,4.3e-05,,,2022-01-03 09:25:00
5470674.4625323,0.0,250.0,,0.88,80.0,4.3e-05,,,2022-01-03 09:30:00
5470675.462618432,0.0,250.0,,0.88,77.0,4.4e-05,,,2022-01-03 09:35:00
5470676.462704564,0.0,250.0,,0.88,76.0,4.6e-05,,,2022-01-03 09:40:00
5470677.462790698,0.0,249.0,,0.88,82.0,4.6e-05,,,2022-01-03 09:45:00
5470678.46287683,0.0,249.0,,0.88,94.0,4.3e-05,,,2022-01-03 09:50:00
5470679.462962963,0.0,247.0,,0.88,83.0,4.5e-05,,,2022-01-03 09:55:00
5470680.463049095,0.0,243.0,,0.88,87.0,4.3e-05,,,2022-01-03 10:00:00
5470681.4631352285,0.0,243.0,,0.88,77.0,4.3e-05,,,2022-01-03 10:05:00
5470682.463221361,0.0,243.0,,0.88,81.0,4.3e-05,,,2022-01-03 10:10:00
5470683.463307493,0.0,244.0,,0.88,76.0,4.4e-05,,,2022-01-03 10:15:00
5470684.463393626,0.0,244.0,,0.88,77.0,4.4e-05,,,2022-01-03 10:20:00
5470685.463479758,0.0,246.0,,0.88,86.0,4.4e-05,,,2022-01-03 10:25:00
5470686.463565892,0.0,244.0,,0.88,75.0,4.4e-05,,,2022-01-03 10:30:00
5470687.463652024,0.0,240.0,,0.88,76.0,4.7e-05,,,2022-01-03 10:35:00
5470688.4637381565,0.0,239.0,,0.88,79.0,4.7e-05,,,2022-01-03 10:40:00
5470689.463824289,0.0,238.0,,0.88,74.0,4.5e-05,,,2022-01-03 10:45:00
5470690.463910422,0.0,236.0,,0.88,75.0,4.5e-05,,,2022-01-03 10:50:00
5470691.463996555,0.0,234.0,,0.88,76.0,4.5e-05,,,2022-01-03 10:55:00
5470692.464082687,0.0,235.0,,0.88,76.0,4.6e-05,,,2022-01-03 11:00:00
5470693.46416882,0.0,234.0,,0.88,77.0,4.4e-05,,,2022-01-03 11:05:00
5470694.464254952,0.0,234.0,,0.88,77.0,4.4e-05,,,2022-01-03 11:10:00
5470695.464341085,0.0,235.0,,0.88,75.0,4.4e-05,,,2022-01-03 11:15:00
5470696.464427218,0.0,234.0,247.0,0.88,75.0,4.4e-05,,,2022-01-03 11:20:00
5470697.46451335,0.0,237.0,,0.88,94.0,4.5e-05,,,2022-01-03 11:25:00
5470698.464599483,0.0,242.0,,0.88,101.0,4.4e-05,,,2022-01-03 11:30:00
5470699.464685616,0.0,245.0,247.0,0.88,91.0,4.5e-05,130.0,10.8,2022-01-03 11:35:00
5470700.4647717485,0.0,239.0,,0.88,83.0,4.4e-05,,8.1,2022-01-03 11:40:00
5470701.464857881,0.0,234.0,,0.88,81.0,4.5e-05,,,2022-01-03 11:45:00
5470702.464944013,0.0,233.0,,0.88,94.0,4.8e-05,,,2022-01-03 11:50:00
5470703.465030146,0.0,237.0,,0.88,93.0,4.5e-05,,,2022-01-03 11:55:00
5470704.465116279,0.0,233.0,,0.88,82.0,5e-05,,,2022-01-03 12:00:00
5470705.465202412,0.0,226.0,,0.88,81.0,5.3e-05,,,2022-01-03 12:05:00
5470706.465288544,0.0,224.0,,0.88,81.0,5.2e-05,,,2022-01-03 12:10:00
5470707.4653746765,0.0,230.0,,0.88,79.0,5.1e-05,,,2022-01-03 12:15:00
5470708.46546081,0.0,234.0,,0.88,81.0,4.5e-05,,,2022-01-03 12:20:00
5470709.465546942,0.0,240.0,,0.88,104.0,4.5e-05,,,2022-01-03 12:25:00
5470710.465633075,0.0,243.0,,0.88,79.0,4.4e-05,,,2022-01-03 12:30:00
5470711.465719207,0.0,241.0,,0.88,79.0,4.4e-05,,,2022-01-03 12:35:00
5470712.46580534,0.0,240.0,,0.88,78.0,4.3e-05,,,2022-01-03 12:40:00
5470713.465891473,0.0,239.0,,0.88,74.0,4.3e-05,,,2022-01-03 12:45:00
5470714.465977605,0.0,236.0,,0.88,79.0,4.5e-05,,,2022-01-03 12:50:00
5470715.466063738,0.0,229.0,,0.88,91.0,4.6e-05,,,2022-01-03 12:55:00
5470716.46614987,0.0,227.0,,0.88,75.0,4.5e-05,,,2022-01-03 13:00:00
5470717.466236004,0.0,214.0,,0.88,77.0,4.5e-05,,,2022-01-03 13:05:00
5470718.466322136,0.0,202.0,,0.88,79.0,4.7e-05,,,2022-01-03 13:10:00
5470719.466408269,0.0,192.0,,0.88,78.0,4.7e-05,,,2022-01-03 13:15:00
5470720.466494401,0.0,185.0,,0.88,74.0,4.6e-05,,,2022-01-03 13:20:00
5470721.466580533,0.0,182.0,,0.88,77.0,4.7e-05,,,2022-01-03 13:25:00
5470722.466666667,0.0,185.0,,0.88,107.0,4.5e-05,,,2022-01-03 13:30:00
5470723.466752799,0.0,190.0,,0.88,82.0,4.4e-05,,,2022-01-03 13:35:00
5470724.466838932,0.0,184.0,,0.88,76.0,4.5e-05,,,2022-01-03 13:40:00
5470725.466925064,0.0,178.0,,0.88,75.0,4.4e-05,,,2022-01-03 13:45:00
5470726.4670111975,0.0,170.0,,0.88,77.0,4.4e-05,,,2022-01-03 13:50:00
5470727.46709733,0.0,160.0,,0.88,84.0,4.4e-05,,,2022-01-03 13:55:00
5470728.467183462,0.0,150.0,,0.88,78.0,4.4e-05,,,2022-01-03 14:00:00
5470729.467269595,0.0,141.0,,0.88,81.0,4.4e-05,,,2022-01-03 14:05:00
5470730.467355727,0.0,146.0,,0.88,87.0,4.4e-05,,,2022-01-03 14:10:00
5470731.467441861,0.0,147.0,,0.88,90.0,4.5e-05,,,2022-01-03 14:15:00
5470732.467527993,0.0,154.0,,0.88,80.0,4.6e-05,,,2022-01-03 14:20:00
5470733.467614125,0.0,161.0,,0.88,80.0,4.7e-05,,,2022-01-03 14:25:00
5470734.467700258,0.0,169.0,,0.88,73.0,4.8e-05,,,2022-01-03 14:30:00
5470735.467786391,0.0,175.0,,0.88,74.0,4.7e-05,,,2022-01-03 14:35:00
5470736.467872524,0.0,175.0,,0.88,75.0,4.9e-05,,,2022-01-03 14:40:00
5470737.467958656,0.0,173.0,,0.88,75.0,4.5e-05,,,2022-01-03 14:45:00
5470738.468044789,0.0,172.0,,0.88,72.0,4.5e-05,,,2022-01-03 14:50:00
5470739.468130921,0.0,173.0,,0.88,71.0,4.5e-05,,,2022-01-03 14:55:00
5470740.468217054,0.0,175.0,,0.88,73.0,4.7e-05,,,2022-01-03 15:00:00
5470741.468303187,0.0,174.0,,0.88,74.0,4.7e-05,,,2022-01-03 15:05:00
5470742.468389319,0.0,172.0,,0.88,71.0,5.1e-05,,,2022-01-03 15:10:00
5470743.468475452,0.0,177.0,,0.88,73.0,5.1e-05,,,2022-01-03 15:15:00
5470744.468561585,0.0,181.0,,0.88,72.0,4.7e-05,,,2022-01-03 15:20:00
5470745.4686477175,0.0,181.0,,0.88,74.0,5.1e-05,,,2022-01-03 15:25:00
5470746.46873385,0.0,182.0,,0.88,73.0,5.1e-05,,,2022-01-03 15:30:00
5470747.468819982,0.0,182.0,,0.88,79.0,5.1e-05,,,2022-01-03 15:35:00
5470748.468906115,0.0,189.0,,0.88,93.0,4.5e-05,,,2022-01-03 15:40:00
5470749.468992248,0.0,182.0,,0.88,91.0,4.5e-05,,,2022-01-03 15:45:00
5470750.469078381,0.0,181.0,,0.88,84.0,5.2e-05,,,2022-01-03 15:50:00
5470751.469164513,0.0,184.0,,0.88,83.0,5.1e-05,,,2022-01-03 15:55:00
5470752.4692506455,0.0,187.0,,0.88,95.0,5.6e-05,,,2022-01-03 16:00:00
5470753.469336779,0.0,194.0,187.0,0.88,83.0,5.2e-05,115.0,8.6,2022-01-03 16:05:00
5470754.469422911,0.0,200.0,,0.88,86.0,4.9e-05,,7.2,2022-01-03 16:10:00
5470755.469509044,0.0,192.0,,0.88,85.0,5e-05,,,2022-01-03 16:15:00
5470756.469595176,0.0,185.0,,0.88,87.0,5e-05,,,2022-01-03 16:20:00
5470757.469681309,0.0,184.0,,0.88,86.0,5.4e-05,,,2022-01-03 16:25:00
5470758.469767442,0.0,191.0,,0.88,87.0,6e-05,,,2022-01-03 16:30:00
5470759.469853574,0.0,200.0,,0.88,94.0,6.3e-05,,,2022-01-03 16:35:00
5470760.469939707,0.0,201.0,,0.88,87.0,6.2e-05,,,2022-01-03 16:40:00
5470761.470025839,0.0,199.0,,0.88,88.0,6e-05,,,2022-01-03 16:45:00
5470762.470111973,0.0,202.0,,0.88,89.0,5.9e-05,,,2022-01-03 16:50:00
5470763.470198105,0.0,206.0,,0.88,91.0,5.7e-05,,,2022-01-03 16:55:00
5470764.4702842375,0.0,207.0,,0.88,91.0,6.3e-05,,,2022-01-03 17:00:00
5470765.47037037,0.0,206.0,,0.88,92.0,7.1e-05,,,2022-01-03 17:05:00
5470766.470456502,0.0,206.0,,0.88,93.0,6.2e-05,,,2022-01-03 17:10:00
5470767.470542636,0.0,211.0,,0.88,92.0,5.4e-05,,,2022-01-03 17:15:00
5470768.470628768,0.0,215.0,,0.88,92.0,5.2e-05,,,2022-01-03 17:20:00
5470769.470714901,0.0,216.0,,0.88,99.0,5.2e-05,,,2022-01-03 17:25:00
5470770.470801033,0.0,216.0,,0.88,102.0,5.8e-05,,,2022-01-03 17:30:00
5470771.470887166,0.0,210.0,,0.88,93.0,5.3e-05,,,2022-01-03 17:35:00
5470772.470973299,0.0,203.0,,0.88,90.0,5.2e-05,,,2022-01-03 17:40:00
5470773.471059431,0.0,201.0,,0.88,91.0,5.1e-05,,,2022-01-03 17:45:00
5470774.471145564,0.0,202.0,,0.88,89.0,5.6e-05,,,2022-01-03 17:50:00
5470775.471231696,0.0,199.0,,0.88,86.0,5.4e-05,,,2022-01-03 17:55:00
5470776.47131783,0.0,195.0,,0.88,86.0,5.3e-05,,,2022-01-03 18:00:00
5470777.471403962,0.0,193.0,,0.88,86.0,5.2e-05,,,2022-01-03 18:05:00
5470778.471490094,0.0,193.0,214.0,0.88,91.0,5e-05,,,2022-01-03 18:10:00
5470779.471576227,0.0,202.0,,0.88,89.0,5.1e-05,,,2022-01-03 18:15:00
5470780.47166236,0.0,205.0,,0.88,83.0,5e-05,,,2022-01-03 18:20:00
5470781.471748493,0.0,207.0,,0.88,84.0,5.1e-05,,,2022-01-03 18:25:00
5470782.471834625,0.0,205.0,,0.88,85.0,5.8e-05,,,2022-01-03 18:30:00
5470783.471920758,0.0,204.0,,0.88,86.0,6.1e-05,,,2022-01-03 18:35:00
5470784.47200689,0.0,203.0,,0.88,89.0,5.3e-05,,,2022-01-03 18:40:00
5470785.472093023,0.0,201.0,,0.88,87.0,5e-05,,,2022-01-03 18:45:00
5470786.472179156,0.0,199.0,,0.88,90.0,4.9e-05,,,2022-01-03 18:50:00
5470787.472265288,0.0,199.0,,0.88,87.0,5e-05,,,2022-01-03 18:55:00
5470788.472351421,0.0,199.0,200.0,0.88,92.0,5e-05,,,2022-01-03 19:00:00
5470789.472437554,0.0,208.0,200.0,0.88,92.0,4.9e-05,,7.1,2022-01-03 19:05:00
5470790.4725236865,0.0,209.0,,0.88,89.0,5.1e-05,175.0,15.9,2022-01-03 19:10:00
5470791.472609819,0.0,200.0,,0.88,87.0,5.4e-05,,,2022-01-03 19:15:00
5470792.472695951,0.0,197.0,,0.88,89.0,5.5e-05,,,2022-01-03 19:20:00
5470793.472782084,0.0,195.0,,0.88,90.0,5.7e-05,,,2022-01-03 19:25:00
5470794.472868217,0.0,199.0,,0.88,81.0,5.3e-05,,,2022-01-03 19:30:00
5470795.47295435,0.0,197.0,,0.88,86.0,5e-05,,,2022-01-03 19:35:00
5470796.473040482,0.0,198.0,,0.88,85.0,5e-05,,,2022-01-03 19:40:00
5470797.4731266145,0.0,201.0,,0.88,86.0,5e-05,,,2022-01-03 19:45:00
5470798.473212748,0.0,197.0,,0.88,92.0,5e-05,,,2022-01-03 19:50:00
5470799.47329888,0.0,193.0,,0.88,94.0,4.9e-05,,,2022-01-03 19:55:00
5470800.473385013,0.0,191.0,,0.88,91.0,5e-05,,,2022-01-03 20:00:00
5470801.473471145,0.0,188.0,,0.88,89.0,4.9e-05,,,2022-01-03 20:05:00
5470802.473557278,0.0,189.0,,0.88,88.0,4.7e-05,,,2022-01-03 20:10:00
5470803.473643411,0.0,189.0,,0.88,88.0,4.8e-05,,,2022-01-03 20:15:00
5470804.473729543,0.0,186.0,,0.88,90.0,5.2e-05,,,2022-01-03 20:20:00
5470805.473815676,0.0,185.0,,0.88,92.0,5.3e-05,,,2022-01-03 20:25:00
5470806.473901808,0.0,183.0,,0.88,92.0,5.2e-05,,,2022-01-03 20:30:00
5470807.473987942,0.0,178.0,,0.88,90.0,5.2e-05,,,2022-01-03 20:35:00
5470808.474074074,0.0,175.0,,0.88,91.0,5.1e-05,,,2022-01-03 20:40:00
5470809.4741602065,0.0,175.0,,0.88,91.0,5.5e-05,,,2022-01-03 20:45:00
5470810.474246339,0.0,175.0,,0.88,90.0,5.6e-05,,,2022-01-03 20:50:00
5470811.474332471,0.0,173.0,,0.88,92.0,5.5e-05,,,2022-01-03 20:55:00
5470812.474418605,0.0,175.0,,0.88,91.0,5.5e-05,,,2022-01-03 21:00:00
5470813.474504737,0.0,178.0,,0.88,93.0,5.3e-05,,,2022-01-03 21:05:00
5470814.47459087,0.0,178.0,,0.88,98.0,5.5e-05,,,2022-01-03 21:10:00
5470815.474677002,0.0,177.0,,0.88,90.0,5.1e-05,,,2022-01-03 21:15:00
5470816.474763135,0.0,176.0,,0.88,96.0,4.9e-05,,,2022-01-03 21:20:00
5470817.474849268,0.0,180.0,,0.88,91.0,5e-05,,,2022-01-03 21:25:00
5470818.4749354,0.0,185.0,,0.88,93.0,5.7e-05,,,2022-01-03 21:30:00
5470819.475021533,0.0,195.0,,0.88,102.0,6.7e-05,,,2022-01-03 21:35:00
5470820.475107665,0.0,203.0,,0.88,110.0,7.5e-05,,,2022-01-03 21:40:00
5470821.475193799,0.0,208.0,,0.88,101.0,9e-05,,,2022-01-03 21:45:00
5470822.475279931,0.0,212.0,,0.88,95.0,0.00016,,,2022-01-03 21:50:00
5470823.475366063,0.0,212.0,,0.88,90.0,0.022796,,,2022-01-03 21:55:00
5470824.475452196,0.0,215.0,,0.88,89.0,0.10726,,,2022-01-03 22:00:00
5470825.475538329,0.0,225.0,,0.88,89.0,0.064682,,,2022-01-03 22:05:00
5470826.475624462,0.0,234.0,,0.88,90.0,0.0207,,,2022-01-03 22:10:00
5470827.475710594,0.0,240.0,,0.88,95.0,0.009342,,,2022-01-03 22:15:00
5470828.4757967265,0.0,248.0,,0.88,91.0,0.003693,,,2022-01-03 22:20:00
5470829.475882859,0.0,250.0,,0.88,81.0,0.001392,,,2022-01-03 22:25:00
5470830.475968992,0.0,249.0,,0.88,82.0,0.000114,,,2022-01-03 22:30:00
5470831.476055125,0.0,249.0,,0.88,81.0,5.2e-05,,,2022-01-03 22:35:00
5470832.476141257,0.0,254.0,,0.88,82.0,4.5e-05,,,2022-01-03 22:40:00
5470833.47622739,0.0,258.0,,0.88,84.0,4.6e-05,,,2022-01-03 22:45:00
5470834.476313523,0.0,268.0,,0.88,81.0,4.7e-05,,,2022-01-03 22:50:00
5470835.476399655,0.0,276.0,,0.88,79.0,5.4e-05,,,2022-01-03 22:55:00
5470836.476485788,0.0,280.0,,0.88,78.0,5.8e-05,,,2022-01-03 23:00:00
5470837.47657192,0.0,283.0,,0.88,77.0,5.7e-05,,,2022-01-03 23:05:00
5470838.476658053,0.0,287.0,,0.88,78.0,6.4e-05,,,2022-01-03 23:10:00
5470839.476744186,0.0,289.0,,0.88,78.0,6.7e-05,,,2022-01-03 23:15:00
5470840.476830319,0.0,289.0,,0.88,76.0,7e-05,,,2022-01-03 23:20:00
5470841.476916451,0.0,290.0,,0.88,77.0,7e-05,,,2022-01-03 23:25:00
5470842.477002583,0.0,291.0,,0.88,77.0,7.2e-05,,,2022-01-03 23:30:00
5470843.477088717,0.0,292.0,,0.88,78.0,7.3e-05,,,2022-01-03 23:35:00
5470844.477174849,0.0,295.0,,0.88,78.0,5.7e-05,,,2022-01-03 23:40:00
5470845.477260982,0.0,299.0,,0.88,78.0,5.3e-05,,,2022-01-03 23:45:00
5470846.477347114,0.0,302.0,,0.88,78.0,5.3e-05,,,2022-01-03 23:50:00
5470847.477433247,0.0,307.0,,0.88,80.0,5.3e-05,,,2022-01-03 23:55:00
5470848.47751938,0.0,314.0,,0.88,79.0,5.4e-05,,,2022-01-04 00:00:00
5470849.477605512,0.0,318.0,,0.88,80.0,5.5e-05,,,2022-01-04 00:05:00
5470850.477691645,0.0,320.0,,0.88,81.0,5.9e-05,,,2022-01-04 00:10:00
5470851.477777777,0.0,324.0,,0.88,81.0,5.1e-05,,,2022-01-04 00:15:00
5470852.477863911,0.0,322.0,,0.88,80.0,5.4e-05,,,2022-01-04 00:20:00
5470853.477950043,0.0,317.0,,0.88,79.0,5.9e-05,,,2022-01-04 00:25:00
5470854.4780361755,0.0,320.0,,0.88,81.0,6.4e-05,,,2022-01-04 00:30:00
5470855.478122308,0.0,327.0,,0.88,78.0,5.7e-05,,,2022-01-04 00:35:00
5470856.47820844,0.0,326.0,,0.88,77.0,6e-05,,,2022-01-04 00:40:00
5470857.478294574,0.0,325.0,,0.88,75.0,6.2e-05,,,2022-01-04 00:45:00
5470858.478380706,0.0,320.0,,0.88,83.0,6.2e-05,,,2022-01-04 00:50:00
5470859.478466839,0.0,322.0,321.0,0.88,94.0,6.1e-05,,3.8,2022-01-04 00:55:00
5470860.478552971,0.0,324.0,,0.88,81.0,5e-05,,,2022-01-04 01:00:00
5470861.478639104,0.0,323.0,,0.88,74.0,4.9e-05,,,2022-01-04 01:05:00
5470862.478725237,0.0,323.0,,0.88,77.0,4.5e-05,,,2022-01-04 01:10:00
5470863.478811369,0.0,324.0,,0.88,75.0,4.6e-05,,,2022-01-04 01:15:00
5470864.478897502,0.0,322.0,,0.88,75.0,4.9e-05,,,2022-01-04 01:20:00
5470865.478983634,0.0,322.0,,0.88,72.0,4.8e-05,,,2022-01-04 01:25:00
5470866.4790697675,0.0,319.0,,0.88,70.0,4.9e-05,,,2022-01-04 01:30:00
5470867.4791559,0.0,315.0,,0.88,71.0,5e-05,,,2022-01-04 01:35:00
5470868.479242032,0.0,313.0,,0.88,71.0,5e-05,,,2022-01-04 01:40:00
5470869.479328165,0.0,309.0,,0.88,72.0,5e-05,,,2022-01-04 01:45:00
5470870.479414298,0.0,305.0,,0.88,75.0,5e-05,,,2022-01-04 01:50:00
5470871.479500431,0.0,303.0,,0.88,78.0,4.9e-05,,,2022-01-04 01:55:00
5470872.479586563,0.0,300.0,,0.88,78.0,5e-05,,,2022-01-04 02:00:00
5470873.4796726955,0.0,299.0,,0.88,75.0,5e-05,,,2022-01-04 02:05:00
5470874.479758828,0.0,299.0,,0.88,76.0,5.5e-05,,,2022-01-04 02:10:00
5470875.479844961,0.0,300.0,,0.88,77.0,5.8e-05,,,2022-01-04 02:15:00
5470876.479931094,0.0,301.0,,0.88,77.0,6e-05,,,2022-01-04 02:20:00
5470877.480017226,0.0,299.0,,0.88,76.0,5.8e-05,,,2022-01-04 02:25:00
5470878.480103359,0.0,296.0,,0.88,78.0,6.2e-05,,,2022-01-04 02:30:00
5470879.480189492,0.0,295.0,,0.88,74.0,5.4e-05,,,2022-01-04 02:35:00
5470880.480275624,0.0,295.0,,0.88,72.0,4.6e-05,,,2022-01-04 02:40:00
5470881.480361757,0.0,294.0,,0.88,70.0,4.6e-05,,,2022-01-04 02:45:00
5470882.480447889,0.0,291.0,,0.88,70.0,4.6e-05,,,2022-01-04 02:50:00
5470883.480534023,0.0,288.0,,0.88,69.0,4.6e-05,,,2022-01-04 02:55:00
5470884.480620155,0.0,286.0,,0.88,70.0,4.6e-05,,,2022-01-04 03:00:00
5470885.480706288,0.0,285.0,,0.88,70.0,4.6e-05,,,2022-01-04 03:05:00
5470886.48079242,0.0,284.0,,0.88,69.0,4.6e-05,,,2022-01-04 03:10:00
5470887.480878552,0.0,283.0,,0.88,72.0,4.6e-05,,,2022-01-04 03:15:00
5470888.480964686,0.0,282.0,,0.88,71.0,4.7e-05,,,2022-01-04 03:20:00
5470889.481050818,0.0,282.0,,0.88,71.0,5.4e-05,,,2022-01-04 03:25:00
5470890.481136951,0.0,280.0,,0.88,72.0,5.8e-05,,,2022-01-04 03:30:00
5470891.481223083,0.0,278.0,,0.88,71.0,6.3e-05,,,2022-01-04 03:35:00
5470892.4813092165,0.0,276.0,,0.88,71.0,6.9e-05,,,2022-01-04 03:40:00
5470893.481395349,0.0,273.0,,0.88,70.0,7.3e-05,,,2022-01-04 03:45:00
5470894.481481481,0.0,265.0,,0.88,69.0,7.7e-05,,,2022-01-04 03:50:00
5470895.481567614,0.0,261.0,,0.88,70.0,8.1e-05,,,2022-01-04 03:55:00
5470896.481653746,0.0,258.0,,0.88,70.0,8.6e-05,,,2022-01-04 04:00:00
5470897.48173988,0.0,255.0,,0.88,70.0,9.1e-05,,,2022-01-04 04:05:00
5470898.481826012,0.0,259.0,,0.88,69.0,8.8e-05,,,2022-01-04 04:10:00
5470899.481912144,0.0,260.0,,0.88,67.0,5e-05,,,2022-01-04 04:15:00
5470900.481998277,0.0,258.0,,0.88,69.0,4.9e-05,,,2022-01-04 04:20:00
5470901.48208441,0.0,261.0,,0.88,70.0,4.9e-05,,,2022-01-04 04:25:00
5470902.482170543,0.0,264.0,,0.88,68.0,5.3e-05,,,2022-01-04 04:30:00
5470903.482256675,0.0,260.0,,0.88,68.0,5.7e-05,,,2022-01-04 04:35:00
5470904.482342808,0.0,257.0,,0.88,70.0,6e-05,,,2022-01-04 04:40:00
5470905.48242894,0.0,259.0,,0.88,80.0,6.1e-05,,,2022-01-04 04:45:00
5470906.482515073,0.0,262.0,,0.88,90.0,5.5e-05,,,2022-01-04 04:50:00
5470907.482601206,0.0,266.0,,0.88,90.0,5.3e-05,,,2022-01-04 04:55:00
5470908.482687338,0.0,271.0,326.0,0.88,87.0,5.2e-05,,3.9,2022-01-04 05:00:00
5470909.482773471,0.0,272.0,,0.88,94.0,5.1e-05,,,2022-01-04 05:05:00
5470910.482859604,0.0,305.0,,0.88,83.0,4.9e-05,,,2022-01-04 05:10:00
5470911.4829457365,0.0,302.0,,0.88,87.0,5.3e-05,,,2022-01-04 05:15:00
5470912.483031869,0.0,299.0,,0.88,87.0,5.5e-05,,,2022-01-04 05:20:00
5470913.483118001,0.0,296.0,,0.88,83.0,5.9e-05,,,2022-01-04 05:25:00
5470914.483204134,0.0,291.0,,0.88,91.0,5.3e-05,,,2022-01-04 05:30:00
5470915.483290267,0.0,286.0,,0.88,120.0,5.1e-05,,,2022-01-04 05:35:00
5470916.4833764,0.0,282.0,,0.88,79.0,5.1e-05,,,2022-01-04 05:40:00
5470917.483462532,0.0,279.0,,0.88,77.0,5.3e-05,,,2022-01-04 05:45:00
5470918.4835486645,0.0,276.0,,0.88,79.0,5.2e-05,,,2022-01-04 05:50:00
5470919.483634798,0.0,271.0,,0.88,68.0,5.3e-05,,,2022-01-04 05:55:00
5470920.48372093,0.0,269.0,,0.88,87.0,5.4e-05,,,2022-01-04 06:00:00
5470921.483807063,0.0,268.0,265.0,0.88,78.0,4.8e-05,130.0,8.6,2022-01-04 06:05:00
5470922.483893195,0.0,268.0,,0.88,79.0,4.9e-05,,8.1,2022-01-04 06:10:00
5470923.483979328,0.0,264.0,,0.88,79.0,5.1e-05,,,2022-01-04 06:15:00
5470924.484065461,0.0,258.0,,0.88,84.0,5.2e-05,,,2022-01-04 06:20:00
5470925.484151593,0.0,262.0,,0.88,87.0,5.3e-05,,,2022-01-04 06:25:00
5470926.484237726,0.0,259.0,,0.88,82.0,4.9e-05,,,2022-01-04 06:30:00
5470927.484323858,0.0,249.0,,0.88,84.0,4.9e-05,,,2022-01-04 06:35:00
5470928.484409992,0.0,253.0,,0.88,87.0,5.3e-05,,,2022-01-04 06:40:00
5470929.484496124,0.0,263.0,,0.88,90.0,5.1e-05,,,2022-01-04 06:45:00
5470930.4845822565,0.0,262.0,,0.88,95.0,5e-05,,,2022-01-04 06:50:00
5470931.484668389,0.0,257.0,,0.88,90.0,4.9e-05,,,2022-01-04 06:55:00
5470932.484754521,0.0,248.0,,0.88,86.0,5e-05,,,2022-01-04 07:00:00
5470933.484840655,0.0,244.0,,0.88,81.0,4.7e-05,,,2022-01-04 07:05:00
5470934.484926787,0.0,238.0,,0.88,83.0,4.5e-05,,,2022-01-04 07:10:00
5470935.48501292,0.0,232.0,,0.88,85.0,4.4e-05,,,2022-01-04 07:15:00
5470936.485099052,0.0,227.0,,0.88,83.0,4.5e-05,,,2022-01-04 07:20:00
5470937.485185185,0.0,223.0,,0.88,86.0,4.5e-05,,,2022-01-04 07:25:00
5470938.485271318,0.0,221.0,,0.88,86.0,4.4e-05,,,2022-01-04 07:30:00
5470939.48535745,0.0,221.0,,0.88,87.0,4.4e-05,,,2022-01-04 07:35:00
5470940.485443583,0.0,218.0,,0.88,88.0,4.4e-05,,,2022-01-04 07:40:00
5470941.485529715,0.0,221.0,,0.88,89.0,4.7e-05,,,2022-01-04 07:45:00
5470942.485615849,0.0,227.0,,0.88,86.0,4.8e-05,,,2022-01-04 07:50:00
5470943.485701981,0.0,234.0,,0.88,83.0,4.8e-05,,,2022-01-04 07:55:00
5470944.485788113,0.0,241.0,,0.88,84.0,4.7e-05,,,2022-01-04 08:00:00
5470945.485874246,0.0,244.0,,0.88,78.0,4.5e-05,,,2022-01-04 08:05:00
5470946.485960379,0.0,244.0,,0.88,82.0,4.7e-05,,,2022-01-04 08:10:00
5470947.486046512,0.0,245.0,,0.88,82.0,4.7e-05,,,2022-01-04 08:15:00
5470948.486132644,0.0,246.0,,0.88,82.0,4.5e-05,,,2022-01-04 08:20:00
5470949.486218777,0.0,246.0,,0.88,84.0,4.3e-05,,,2022-01-04 08:25:00
5470950.486304909,0.0,244.0,,0.88,88.0,4.3e-05,,,2022-01-04 08:30:00
5470951.486391042,0.0,233.0,,0.88,79.0,4.3e-05,,,2022-01-04 08:35:00
5470952.486477175,0.0,224.0,,0.88,84.0,4.8e-05,,,2022-01-04 08:40:00
5470953.486563307,0.0,228.0,,0.88,83.0,4.7e-05,,,2022-01-04 08:45:00
5470954.48664944,0.0,221.0,,0.88,79.0,4.7e-05,,,2022-01-04 08:50:00
5470955.486735573,0.0,222.0,,0.88,78.0,4.7e-05,,,2022-01-04 08:55:00
5470956.4868217055,0.0,219.0,,0.88,83.0,4.3e-05,,,2022-01-04 09:00:00
5470957.486907838,0.0,216.0,,0.88,73.0,4.3e-05,,,2022-01-04 09:05:00
5470958.48699397,0.0,216.0,,0.88,90.0,4.3e-05,,,2022-01-04 09:10:00
5470959.487080103,0.0,217.0,,0.88,77.0,4.2e-05,,,2022-01-04 09:15:00
5470960.487166236,0.0,221.0,,0.88,78.0,4.3e-05,,,2022-01-04 09:20:00
5470961.487252369,0.0,228.0,,0.88,75.0,4.4e-05,,,2022-01-04 09:25:00
5470962.487338501,0.0,230.0,,0.88,84.0,4.3e-05,,,2022-01-04 09:30:00
5470963.4874246335,0.0,228.0,,0.88,73.0,4.3e-05,,,2022-01-04 09:35:00
5470964.487510767,0.0,227.0,,0.88,77.0,4.4e-05,,,2022-01-04 09:40:00
5470965.487596899,0.0,224.0,,0.88,83.0,4.5e-05,,,2022-01-04 09:45:00
5470966.487683032,0.0,219.0,,0.88,72.0,4.3e-05,,,2022-01-04 09:50:00
5470967.487769164,0.0,208.0,,0.88,77.0,4.4e-05,,,2022-01-04 09:55:00
5470968.487855297,0.0,210.0,,0.88,78.0,4.4e-05,,,2022-01-04 10:00:00
5470969.48794143,0.0,215.0,,0.88,79.0,4.3e-05,,,2022-01-04 10:05:00
5470970.488027562,0.0,211.0,,0.88,91.0,4.3e-05,,,2022-01-04 10:10:00
5470971.488113695,0.0,215.0,,0.88,72.0,4.3e-05,,,2022-01-04 10:15:00
5470972.488199827,0.0,225.0,,0.88,75.0,4.3e-05,,,2022-01-04 10:20:00
5470973.488285961,0.0,234.0,,0.88,75.0,4.3e-05,,,2022-01-04 10:25:00
5470974.488372093,0.0,235.0,,0.88,77.0,4.3e-05,,,2022-01-04 10:30:00
5470975.4884582255,0.0,233.0,,0.88,74.0,4.3e-05,,,2022-01-04 10:35:00
5470976.488544358,0.0,232.0,,0.88,74.0,4.3e-05,,,2022-01-04 10:40:00
5470977.48863049,0.0,231.0,,0.88,73.0,4.2e-05,,,2022-01-04 10:45:00
5470978.488716624,0.0,231.0,,0.88,80.0,4.3e-05,,,2022-01-04 10:50:00
5470979.488802756,0.0,230.0,,0.88,74.0,4.2e-05,,,2022-01-04 10:55:00
5470980.488888889,0.0,228.0,,0.88,83.0,4.2e-05,,,2022-01-04 11:00:00
5470981.488975021,0.0,221.0,,0.88,84.0,4.4e-05,,,2022-01-04 11:05:00
5470982.489061154,0.0,222.0,,0.88,94.0,4.6e-05,,,2022-01-04 11:10:00
5470983.489147287,0.0,224.0,,0.88,93.0,4.6e-05,,,2022-01-04 11:15:00
5470984.489233419,0.0,223.0,243.0,0.88,82.0,4.7e-05,,8.2,2022-01-04 11:20:00
5470985.489319552,0.0,216.0,,0.88,81.0,4.7e-05,140.0,11.9,2022-01-04 11:25:00
5470986.489405684,0.0,213.0,,0.88,77.0,4.5e-05,,,2022-01-04 11:30:00
5470987.489491818,0.0,234.0,,0.88,78.0,4.4e-05,,,2022-01-04 11:35:00
5470988.48957795,0.0,234.0,,0.88,77.0,4.3e-05,,,2022-01-04 11:40:00
5470989.489664082,0.0,233.0,,0.88,75.0,4.4e-05,,,2022-01-04 11:45:00
5470990.489750215,0.0,231.0,,0.88,76.0,4.6e-05,,,2022-01-04 11:50:00
5470991.489836348,0.0,229.0,,0.88,78.0,4.5e-05,,,2022-01-04 11:55:00
5470992.489922481,0.0,236.0,,0.88,78.0,4.5e-05,,,2022-01-04 12:00:00
5470993.490008613,0.0,248.0,,0.88,80.0,4.5e-05,,,2022-01-04 12:05:00
5470994.4900947455,0.0,256.0,,0.88,80.0,4.5e-05,,,2022-01-04 12:10:00
5470995.490180878,0.0,260.0,,0.88,77.0,4.4e-05,,,2022-01-04 12:15:00
5470996.490267011,0.0,259.0,,0.88,82.0,4.4e-05,,,2022-01-04 12:20:00
5470997.490353144,0.0,256.0,,0.88,84.0,4.4e-05,,,2022-01-04 12:25:00
5470998.490439276,0.0,251.0,,0.88,99.0,4.4e-05,,,2022-01-04 12:30:00
5470999.490525409,0.0,244.0,,0.88,101.0,4.3e-05,,,2022-01-04 12:35:00
5471000.490611542,0.0,236.0,,0.88,79.0,4.3e-05,,,2022-01-04 12:40:00
5471001.490697674,0.0,230.0,,0.88,78.0,4.3e-05,,,2022-01-04 12:45:00
5471002.490783807,0.0,225.0,,0.88,79.0,4.4e-05,,,2022-01-04 12:50:00
5471003.490869939,0.0,221.0,,0.88,90.0,4.3e-05,,,2022-01-04 12:55:00
5471004.490956072,0.0,220.0,,0.88,80.0,4.2e-05,,,2022-01-04 13:00:00
5471005.491042205,0.0,220.0,,0.88,82.0,4.5e-05,,,2022-01-04 13:05:00
5471006.491128338,0.0,224.0,,0.88,82.0,4.4e-05,,,2022-01-04 13:10:00
5471007.49121447,0.0,231.0,,0.88,83.0,4.2e-05,,,2022-01-04 13:15:00
5471008.491300602,0.0,238.0,,0.88,82.0,4.3e-05,,,2022-01-04 13:20:00
5471009.491386736,0.0,244.0,,0.88,83.0,4.4e-05,,,2022-01-04 13:25:00
5471010.491472868,0.0,249.0,,0.88,84.0,4.5e-05,,,2022-01-04 13:30:00
5471011.491559001,0.0,253.0,,0.88,93.0,4.5e-05,,,2022-01-04 13:35:00
5471012.491645133,0.0,249.0,,0.88,79.0,4.2e-05,,,2022-01-04 13:40:00
5471013.491731266,0.0,245.0,,0.88,87.0,4.3e-05,,,2022-01-04 13:45:00
5471014.491817399,0.0,247.0,,0.88,93.0,4.2e-05,,,2022-01-04 13:50:00
5471015.491903531,0.0,246.0,,0.88,76.0,4.3e-05,,,2022-01-04 13:55:00
5471016.491989664,0.0,244.0,,0.88,79.0,4.3e-05,,,2022-01-04 14:00:00
5471017.492075796,0.0,247.0,,0.88,77.0,4.3e-05,,,2022-01-04 14:05:00
5471018.49216193,0.0,250.0,,0.88,82.0,4.2e-05,,,2022-01-04 14:10:00
5471019.492248062,0.0,250.0,,0.88,79.0,4.3e-05,,,2022-01-04 14:15:00
5471020.4923341945,0.0,250.0,,0.88,80.0,4.2e-05,,,2022-01-04 14:20:00
5471021.492420327,0.0,253.0,,0.88,80.0,4.3e-05,,,2022-01-04 14:25:00
5471022.492506459,0.0,256.0,,0.88,81.0,4.3e-05,,,2022-01-04 14:30:00
5471023.492592593,0.0,260.0,,0.88,78.0,4.4e-05,,,2022-01-04 14:35:00
5471024.492678725,0.0,263.0,,0.88,78.0,4.5e-05,,,2022-01-04 14:40:00
5471025.492764858,0.0,265.0,,0.88,79.0,4.4e-05,,,2022-01-04 14:45:00
5471026.49285099,0.0,265.0,,0.88,77.0,4.4e-05,,,2022-01-04 14:50:00
5471027.492937123,0.0,265.0,,0.88,79.0,4.4e-05,,,2022-01-04 14:55:00
5471028.493023256,0.0,264.0,,0.88,80.0,4.4e-05,,,2022-01-04 15:00:00
5471029.493109388,0.0,264.0,,0.88,74.0,4.4e-05,,,2022-01-04 15:05:00
5471030.493195521,0.0,265.0,,0.88,75.0,4.4e-05,,,2022-01-04 15:10:00
5471031.493281653,0.0,263.0,,0.88,81.0,4.4e-05,,,2022-01-04 15:15:00
5471032.4933677865,0.0,263.0,,0.88,74.0,4.4e-05,,,2022-01-04 15:20:00
5471033.493453919,0.0,263.0,,0.88,72.0,4.5e-05,,,2022-01-04 15:25:00
5471034.493540051,0.0,264.0,,0.88,75.0,4.4e-05,,,2022-01-04 15:30:00
5471035.493626184,0.0,265.0,,0.88,78.0,4.4e-05,,,2022-01-04 15:35:00
5471036.493712317,0.0,263.0,,0.88,99.0,4.8e-05,,,2022-01-04 15:40:00
5471037.49379845,0.0,260.0,,0.88,78.0,4.9e-05,,,2022-01-04 15:45:00
5471038.493884582,0.0,257.0,,0.88,94.0,4.9e-05,,,2022-01-04 15:50:00
5471039.4939707145,0.0,257.0,,0.88,79.0,4.9e-05,,,2022-01-04 15:55:00
5471040.494056847,0.0,257.0,,0.88,82.0,4.8e-05,,,2022-01-04 16:00:00
5471041.49414298,0.0,257.0,,0.88,86.0,4.6e-05,,,2022-01-04 16:05:00
5471042.494229113,0.0,256.0,,0.88,83.0,4.9e-05,,,2022-01-04 16:10:00
5471043.494315245,0.0,257.0,,0.88,80.0,4.8e-05,,,2022-01-04 16:15:00
5471044.494401378,0.0,253.0,,0.88,80.0,4.9e-05,,,2022-01-04 16:20:00
5471045.494487511,0.0,249.0,,0.88,82.0,5e-05,,,2022-01-04 16:25:00
5471046.494573643,0.0,248.0,,0.88,82.0,5.1e-05,,,2022-01-04 16:30:00
5471047.494659776,0.0,248.0,,0.88,85.0,5.2e-05,,,2022-01-04 16:35:00
5471048.494745908,0.0,247.0,,0.88,79.0,5.3e-05,,,2022-01-04 16:40:00
5471049.494832041,0.0,246.0,,0.88,81.0,5.4e-05,,,2022-01-04 16:45:00
5471050.494918174,0.0,246.0,,0.88,87.0,5.4e-05,,,2022-01-04 16:50:00
5471051.495004307,0.0,247.0,,0.88,89.0,5.1e-05,,,2022-01-04 16:55:00
5471052.495090439,0.0,244.0,,0.88,85.0,4.9e-05,,,2022-01-04 17:00:00
5471053.495176571,0.0,245.0,,0.88,92.0,4.9e-05,,,2022-01-04 17:05:00
5471054.495262705,0.0,252.0,,0.88,84.0,4.8e-05,,,2022-01-04 17:10:00
5471055.495348837,0.0,249.0,,0.88,92.0,5e-05,,,2022-01-04 17:15:00
5471056.49543497,0.0,248.0,,0.88,90.0,4.9e-05,,,2022-01-04 17:20:00
5471057.495521102,0.0,251.0,,0.88,92.0,4.9e-05,,,2022-01-04 17:25:00
5471058.495607235,1.0,,,0.88,85.0,5e-05,,,2022-01-04 17:30:00
5471059.495693368,1.0,,,0.88,88.0,5.2e-05,,,2022-01-04 17:35:00
5471060.4957795,1.0,,,0.88,92.0,5.2e-05,,,2022-01-04 17:40:00
5471061.495865633,1.0,,,0.88,91.0,5.2e-05,,,2022-01-04 17:45:00
5471062.495951765,1.0,,,0.88,93.0,4.7e-05,,,2022-01-04 17:50:00
5471063.496037899,1.0,,,0.88,96.0,5.3e-05,,,2022-01-04 17:55:00
5471064.496124031,1.0,,,0.88,91.0,5.1e-05,,,2022-01-04 18:00:00
5471065.496210163,1.0,,,0.88,98.0,8.5e-05,,,2022-01-04 18:05:00
5471066.496296296,1.0,,,0.88,104.0,0.000315,,,2022-01-04 18:10:00
5471067.496382428,1.0,,,0.88,104.0,0.026026,,,2022-01-04 18:15:00
5471068.496468562,1.0,,,0.88,101.0,0.009646,,,2022-01-04 18:20:00
5471069.496554694,1.0,,,0.88,99.0,0.00352,,,2022-01-04 18:25:00
5471070.496640827,1.0,,,0.88,94.0,0.011728,,,2022-01-04 18:30:00
5471071.496726959,1.0,,,0.88,96.0,0.065964,,,2022-01-04 18:35:00
5471072.496813092,1.0,,,0.88,98.0,0.10046,,,2022-01-04 18:40:00
5471073.496899225,1.0,,,0.88,109.0,0.09248,,,2022-01-04 18:45:00
5471074.496985357,1.0,,,0.88,109.0,0.3275,,,2022-01-04 18:50:00
5471075.49707149,1.0,,,0.88,113.0,2.2034,,,2022-01-04 18:55:00
5471076.497157622,1.0,,,0.88,106.0,5.77,,,2022-01-04 19:00:00
5471077.4972437555,1.0,,,0.88,103.0,13.8,,,2022-01-04 19:05:00
5471078.497329888,1.0,,,0.88,105.0,17.08,,,2022-01-04 19:10:00
5471079.49741602,1.0,,,0.88,87.0,14.7,,,2022-01-04 19:15:00
5471080.497502153,1.0,,,0.88,102.0,13.656,,,2022-01-04 19:20:00
5471081.497588286,1.0,,,0.88,,7.8662,,,2022-01-04 19:25:00
5471082.497674419,1.0,,,0.88,,,,,2022-01-04 19:30:00
5471083.497760551,1.0,,,0.88,,,,,2022-01-04 19:35:00
5471084.4978466835,1.0,,,0.88,,,,,2022-01-04 19:40:00
5471085.497932816,1.0,,,0.88,,,,,2022-01-04 19:45:00
5471086.498018949,1.0,,275.0,0.88,102.0,4.9e-05,,,2022-01-04 19:50:00
5471087.498105082,1.0,,275.0,0.88,99.0,5.9e-05,,7.9,2022-01-04 19:55:00
5471088.498191214,0.0,274.0,,0.88,90.0,6.2e-05,75.0,4.7,2022-01-04 20:00:00
5471089.498277347,0.0,276.0,,0.88,88.0,5.9e-05,,,2022-01-04 20:05:00
5471090.49836348,0.0,271.0,,0.88,90.0,6.1e-05,,,2022-01-04 20:10:00
5471091.498449612,0.0,272.0,,0.88,99.0,6.1e-05,,,2022-01-04 20:15:00
5471092.498535745,0.0,274.0,,0.88,94.0,7.1e-05,,,2022-01-04 20:20:00
5471093.498621877,0.0,276.0,,0.88,99.0,0.000225,,,2022-01-04 20:25:00
5471094.49870801,0.0,276.0,,0.88,94.0,0.000131,,,2022-01-04 20:30:00
5471095.498794143,0.0,276.0,,0.88,89.0,7.4e-05,,,2022-01-04 20:35:00
5471096.4988802755,0.0,277.0,,0.88,98.0,7.1e-05,,,2022-01-04 20:40:00
5471097.498966408,0.0,282.0,,0.88,95.0,7.2e-05,,,2022-01-04 20:45:00
5471098.49905254,0.0,287.0,,0.88,94.0,7.3e-05,,,2022-01-04 20:50:00
5471099.499138674,0.0,294.0,,0.88,97.0,7.5e-05,,,2022-01-04 20:55:00
5471100.499224806,0.0,304.0,,0.88,88.0,7.2e-05,,,2022-01-04 21:00:00
5471101.499310939,0.0,313.0,,0.88,89.0,6.9e-05,,,2022-01-04 21:05:00
5471102.499397071,0.0,317.0,,0.88,88.0,6.6e-05,,,2022-01-04 21:10:00
5471103.4994832035,0.0,319.0,,0.88,87.0,5.6e-05,,,2022-01-04 21:15:00
5471104.499569337,0.0,322.0,,0.88,87.0,6.1e-05,,,2022-01-04 21:20:00
5471105.499655469,0.0,322.0,,0.88,92.0,5.9e-05,,,2022-01-04 21:25:00
5471106.499741602,0.0,335.0,,0.88,87.0,7e-05,,,2022-01-04 21:30:00
5471107.499827734,0.0,342.0,,0.88,87.0,6.1e-05,,,2022-01-04 21:35:00
5471108.499913868,0.0,341.0,,0.88,87.0,6e-05,,,2022-01-04 21:40:00
5471109.5,0.0,340.0,,0.88,88.0,6.1e-05,,,2022-01-04 21:45:00
5471110.500086132,0.0,341.0,,0.88,89.0,5.9e-05,,,2022-01-04 21:50:00
5471111.500172265,0.0,340.0,,0.88,87.0,5.3e-05,,,2022-01-04 21:55:00
5471112.500258397,0.0,335.0,,0.88,85.0,5.4e-05,,,2022-01-04 22:00:00
5471113.500344531,0.0,331.0,,0.88,85.0,6e-05,,,2022-01-04 22:05:00
5471114.500430663,0.0,329.0,,0.88,85.0,6e-05,,,2022-01-04 22:10:00
5471115.500516796,0.0,333.0,349.0,0.88,92.0,6e-05,,2.3,2022-01-04 22:15:00
5471116.500602928,0.0,343.0,,0.88,97.0,5.9e-05,,,2022-01-04 22:20:00
5471117.500689061,0.0,346.0,,0.88,84.0,6e-05,,,2022-01-04 22:25:00
5471118.500775194,0.0,333.0,,0.88,81.0,6.2e-05,,,2022-01-04 22:30:00
5471119.500861326,0.0,331.0,,0.88,81.0,5.3e-05,,,2022-01-04 22:35:00
5471120.500947459,0.0,334.0,,0.88,80.0,4.8e-05,,,2022-01-04 22:40:00
5471121.501033591,0.0,331.0,,0.88,80.0,5.5e-05,,,2022-01-04 22:45:00
5471122.5011197245,0.0,322.0,,0.88,76.0,6.5e-05,,,2022-01-04 22:50:00
5471123.501205857,0.0,315.0,,0.88,74.0,7.3e-05,,,2022-01-04 22:55:00
5471124.501291989,0.0,301.0,,0.88,75.0,7.9e-05,,,2022-01-04 23:00:00
5471125.501378122,0.0,289.0,,0.88,76.0,8.7e-05,,,2022-01-04 23:05:00
5471126.501464255,0.0,280.0,,0.88,79.0,8.6e-05,,,2022-01-04 23:10:00
5471127.501550388,0.0,286.0,,0.88,77.0,7.2e-05,,,2022-01-04 23:15:00
5471128.50163652,0.0,293.0,,0.88,76.0,6.6e-05,,,2022-01-04 23:20:00
5471129.501722652,0.0,296.0,,0.88,77.0,6.4e-05,,,2022-01-04 23:25:00
5471130.501808785,0.0,296.0,,0.88,74.0,6.8e-05,,,2022-01-04 23:30:00
5471131.501894918,0.0,293.0,,0.88,74.0,7.4e-05,,,2022-01-04 23:35:00
5471132.501981051,0.0,291.0,,0.88,77.0,7.9e-05,,,2022-01-04 23:40:00
5471133.502067183,0.0,288.0,,0.88,76.0,8e-05,,,2022-01-04 23:45:00
5471134.502153316,0.0,285.0,,0.88,75.0,8.2e-05,,,2022-01-04 23:50:00
5471135.502239449,0.0,281.0,,0.88,75.0,7.7e-05,,,2022-01-04 23:55:00
5471136.502325581,0.0,278.0,,0.88,75.0,7.3e-05,,,2022-01-05 00:00:00
5471137.502411714,0.0,274.0,,0.88,75.0,7.3e-05,,,2022-01-05 00:05:00
5471138.502497846,0.0,273.0,,0.88,76.0,7.3e-05,,,2022-01-05 00:10:00
5471139.502583979,0.0,271.0,,0.88,76.0,7.2e-05,,,2022-01-05 00:15:00
5471140.502670112,0.0,269.0,,0.88,76.0,6.7e-05,,,2022-01-05 00:20:00
5471141.5027562445,0.0,269.0,,0.88,76.0,7.5e-05,,,2022-01-05 00:25:00
5471142.502842377,0.0,266.0,,0.88,74.0,8e-05,,,2022-01-05 00:30:00
5471143.502928509,0.0,262.0,,0.88,74.0,8.6e-05,,,2022-01-05 00:35:00
5471144.503014643,0.0,258.0,,0.88,73.0,9.1e-05,,,2022-01-05 00:40:00
5471145.503100775,0.0,255.0,,0.88,73.0,0.00011,,,2022-01-05 00:45:00
5471146.503186908,0.0,251.0,,0.88,75.0,0.000134,,,2022-01-05 00:50:00
5471147.50327304,0.0,251.0,,0.88,73.0,0.000112,,,2022-01-05 00:55:00
5471148.5033591725,0.0,244.0,,0.88,70.0,8.9e-05,,,2022-01-05 01:00:00
5471149.503445306,0.0,238.0,,0.88,70.0,7.2e-05,,,2022-01-05 01:05:00
5471150.503531438,0.0,242.0,,0.88,72.0,9.2e-05,,,2022-01-05 01:10:00
5471151.503617571,0.0,245.0,,0.88,72.0,0.000108,,,2022-01-05 01:15:00
5471152.503703703,0.0,242.0,,0.88,74.0,0.000108,,,2022-01-05 01:20:00
5471153.503789837,0.0,239.0,,0.88,73.0,8.9e-05,,,2022-01-05 01:25:00
5471154.503875969,0.0,237.0,,0.88,73.0,7.6e-05,,,2022-01-05 01:30:00
5471155.503962101,0.0,235.0,,0.88,73.0,7.1e-05,,,2022-01-05 01:35:00
5471156.504048234,0.0,230.0,,0.88,74.0,6.8e-05,,,2022-01-05 01:40:00
5471157.504134366,0.0,231.0,,0.88,74.0,7.2e-05,,,2022-01-05 01:45:00
5471158.5042205,0.0,233.0,,0.88,74.0,7.1e-05,,,2022-01-05 01:50:00
5471159.504306632,0.0,229.0,,0.88,74.0,6.8e-05,,,2022-01-05 01:55:00
5471160.5043927645,0.0,224.0,,0.88,72.0,6.6e-05,,,2022-01-05 02:00:00
5471161.504478897,0.0,221.0,,0.88,72.0,6.6e-05,,,2022-01-05 02:05:00
5471162.50456503,0.0,218.0,,0.88,73.0,6.7e-05,,,2022-01-05 02:10:00
5471163.504651163,0.0,217.0,,0.88,72.0,6.8e-05,,,2022-01-05 02:15:00
5471164.504737295,0.0,216.0,,0.88,73.0,9.1e-05,,,2022-01-05 02:20:00
5471165.504823428,0.0,214.0,,0.88,72.0,0.000114,,,2022-01-05 02:25:00
5471166.50490956,0.0,214.0,,0.88,73.0,0.000144,,,2022-01-05 02:30:00
5471167.504995693,0.0,218.0,,0.88,76.0,0.000152,,,2022-01-05 02:35:00
5471168.505081826,0.0,219.0,,0.88,73.0,0.000139,,,2022-01-05 02:40:00
5471169.505167958,0.0,218.0,,0.88,73.0,0.000132,,,2022-01-05 02:45:00
5471170.505254091,0.0,217.0,,0.88,74.0,0.000134,,,2022-01-05 02:50:00
5471171.505340224,0.0,219.0,,0.88,71.0,0.000119,,,2022-01-05 02:55:00
5471172.505426357,0.0,221.0,,0.88,71.0,0.000108,,,2022-01-05 03:00:00
5471173.505512489,0.0,220.0,,0.88,72.0,0.000105,,,2022-01-05 03:05:00
5471174.505598621,0.0,219.0,,0.88,74.0,0.000103,,,2022-01-05 03:10:00
5471175.505684754,0.0,217.0,,0.88,75.0,0.0001,,,2022-01-05 03:15:00
5471176.505770887,0.0,216.0,,0.88,75.0,9.9e-05,,,2022-01-05 03:20:00
5471177.50585702,0.0,215.0,,0.88,73.0,0.000128,,,2022-01-05 03:25:00
5471178.505943152,0.0,212.0,,0.88,73.0,0.00015,,,2022-01-05 03:30:00
5471179.506029285,0.0,210.0,,0.88,72.0,0.000162,,,2022-01-05 03:35:00
5471180.506115418,0.0,211.0,,0.88,72.0,0.000152,,,2022-01-05 03:40:00
5471181.50620155,0.0,213.0,,0.88,71.0,0.000127,,,2022-01-05 03:45:00
5471182.506287683,0.0,212.0,,0.88,71.0,0.00013,,,2022-01-05 03:50:00
5471183.506373815,0.0,211.0,,0.88,70.0,0.000132,,,2022-01-05 03:55:00
5471184.506459948,0.0,211.0,,0.88,71.0,0.000138,,,2022-01-05 04:00:00
5471185.506546081,0.0,213.0,,0.88,73.0,0.00027,,,2022-01-05 04:05:00
5471186.5066322135,0.0,216.0,,0.88,70.0,0.00037,,,2022-01-05 04:10:00
5471187.506718346,0.0,214.0,,0.88,71.0,0.000282,,,2022-01-05 04:15:00
5471188.506804478,0.0,216.0,,0.88,68.0,0.000305,,,2022-01-05 04:20:00
5471189.506890612,0.0,215.0,,0.88,68.0,0.000348,,,2022-01-05 04:25:00
5471190.506976744,0.0,212.0,,0.88,69.0,0.000377,,,2022-01-05 04:30:00
5471191.507062877,0.0,211.0,,0.88,70.0,0.000413,,,2022-01-05 04:35:00
5471192.507149009,0.0,214.0,,0.88,68.0,0.000418,,,2022-01-05 04:40:00
5471193.5072351415,0.0,221.0,,0.88,72.0,0.0002,,,2022-01-05 04:45:00
5471194.507321275,0.0,225.0,,0.88,68.0,0.000101,,,2022-01-05 04:50:00
5471195.507407407,0.0,222.0,,0.88,71.0,0.000126,,,2022-01-05 04:55:00
5471196.50749354,0.0,226.0,,0.88,73.0,0.000124,,,2022-01-05 05:00:00
5471197.507579672,0.0,230.0,,0.88,82.0,7.4e-05,,,2022-01-05 05:05:00
5471198.5076658055,0.0,233.0,,0.88,93.0,8e-05,,,2022-01-05 05:10:00
5471199.507751938,0.0,238.0,208.0,0.88,93.0,7.3e-05,,6.8,2022-01-05 05:15:00
5471200.50783807,0.0,245.0,,0.88,92.0,8.3e-05,,5.3,2022-01-05 05:20:00
5471201.507924203,0.0,223.0,,0.88,90.0,7e-05,85.0,,2022-01-05 05:25:00
5471202.508010335,0.0,220.0,,0.88,88.0,7.6e-05,,,2022-01-05 05:30:00
5471203.508096469,0.0,220.0,,0.88,92.0,7.9e-05,,,2022-01-05 05:35:00
5471204.508182601,0.0,225.0,,0.88,87.0,5.5e-05,,,2022-01-05 05:40:00
5471205.5082687335,0.0,235.0,,0.88,87.0,7.1e-05,,,2022-01-05 05:45:00
5471206.508354866,0.0,252.0,,0.88,88.0,8.2e-05,,,2022-01-05 05:50:00
5471207.508440999,0.0,273.0,,0.88,88.0,8.3e-05,,,2022-01-05 05:55:00
5471208.508527132,0.0,288.0,,0.88,89.0,8.3e-05,,,2022-01-05 06:00:00
5471209.508613264,0.0,298.0,,0.88,89.0,8.9e-05,,,2022-01-05 06:05:00
5471210.508699397,0.0,306.0,,0.88,87.0,8.9e-05,,,2022-01-05 06:10:00
5471211.50878553,0.0,318.0,,0.88,88.0,9.2e-05,,,2022-01-05 06:15:00
5471212.508871662,0.0,323.0,,0.88,87.0,9.1e-05,,,2022-01-05 06:20:00
5471213.508957795,0.0,321.0,,0.88,87.0,7.2e-05,,,2022-01-05 06:25:00
5471214.509043927,0.0,325.0,,0.88,89.0,7.8e-05,,,2022-01-05 06:30:00
5471215.50913006,0.0,329.0,,0.88,98.0,8.2e-05,,,2022-01-05 06:35:00
5471216.509216193,0.0,328.0,,0.88,96.0,6.9e-05,,,2022-01-05 06:40:00
5471217.509302326,0.0,331.0,,0.88,96.0,5.9e-05,,,2022-01-05 06:45:00
5471218.509388458,0.0,333.0,,0.88,93.0,6.2e-05,,,2022-01-05 06:50:00
5471219.50947459,0.0,336.0,,0.88,106.0,5.2e-05,,,2022-01-05 06:55:00
5471220.509560724,0.0,331.0,,0.88,101.0,5.7e-05,,,2022-01-05 07:00:00
5471221.509646856,0.0,349.0,,0.88,94.0,5.3e-05,,,2022-01-05 07:05:00
5471222.509732989,0.0,365.0,,0.88,84.0,5.4e-05,,,2022-01-05 07:10:00
5471223.509819121,0.0,374.0,,0.88,87.0,7.3e-05,,,2022-01-05 07:15:00
5471224.509905254,0.0,377.0,,0.88,94.0,6.6e-05,,,2022-01-05 07:20:00
5471225.509991387,0.0,374.0,,0.88,90.0,6.1e-05,,,2022-01-05 07:25:00
5471226.510077519,0.0,368.0,,0.88,76.0,5.9e-05,,,2022-01-05 07:30:00
5471227.510163652,0.0,359.0,,0.88,78.0,5e-05,,,2022-01-05 07:35:00
5471228.510249784,0.0,349.0,,0.88,79.0,4.8e-05,,,2022-01-05 07:40:00
5471229.510335918,0.0,342.0,,0.88,78.0,5.1e-05,,,2022-01-05 07:45:00
5471230.51042205,0.0,336.0,,0.88,76.0,4.7e-05,,,2022-01-05 07:50:00
5471231.510508182,0.0,332.0,,0.88,76.0,5.6e-05,,,2022-01-05 07:55:00
5471232.510594315,0.0,327.0,,0.88,76.0,5.7e-05,,,2022-01-05 08:00:00
5471233.510680447,0.0,316.0,,0.88,78.0,5.6e-05,,,2022-01-05 08:05:00
5471234.510766581,0.0,322.0,,0.88,77.0,5.3e-05,,,2022-01-05 08:10:00
5471235.510852713,0.0,325.0,,0.88,77.0,5.2e-05,,,2022-01-05 08:15:00
5471236.510938846,0.0,319.0,,0.88,77.0,5.3e-05,,,2022-01-05 08:20:00
5471237.511024978,0.0,310.0,,0.88,79.0,5.4e-05,,,2022-01-05 08:25:00
5471238.511111111,0.0,305.0,,0.88,77.0,5.4e-05,,,2022-01-05 08:30:00
5471239.511197244,0.0,303.0,,0.88,78.0,5.2e-05,,,2022-01-05 08:35:00
5471240.511283376,0.0,304.0,,0.88,77.0,5.2e-05,,,2022-01-05 08:40:00
5471241.511369509,0.0,306.0,,0.88,75.0,4.6e-05,,,2022-01-05 08:45:00
5471242.511455641,0.0,300.0,,0.88,78.0,4.7e-05,,,2022-01-05 08:50:00
5471243.5115417745,0.0,288.0,,0.88,79.0,4.7e-05,,,2022-01-05 08:55:00
5471244.511627907,0.0,287.0,,0.88,79.0,4.9e-05,,,2022-01-05 09:00:00
5471245.511714039,0.0,284.0,,0.88,77.0,4.9e-05,,,2022-01-05 09:05:00
5471246.511800172,0.0,289.0,,0.88,70.0,4.7e-05,,,2022-01-05 09:10:00
5471247.511886305,0.0,284.0,,0.88,72.0,4.6e-05,,,2022-01-05 09:15:00
5471248.511972438,0.0,285.0,285.0,0.88,84.0,4.5e-05,,3.5,2022-01-05 09:20:00
5471249.51205857,0.0,292.0,,0.88,77.0,4.8e-05,,,2022-01-05 09:25:00
5471250.5121447025,0.0,290.0,,0.88,73.0,4.5e-05,,,2022-01-05 09:30:00
5471251.512230835,0.0,284.0,,0.88,72.0,5e-05,,,2022-01-05 09:35:00
5471252.512316968,0.0,274.0,,0.88,75.0,5.2e-05,,,2022-01-05 09:40:00
5471253.512403101,0.0,270.0,,0.88,76.0,5.1e-05,,,2022-01-05 09:45:00
5471254.512489233,0.0,274.0,,0.88,83.0,5e-05,,,2022-01-05 09:50:00
5471255.512575366,0.0,273.0,,0.88,104.0,4.2e-05,,,2022-01-05 09:55:00
5471256.512661499,0.0,269.0,,0.88,72.0,4.4e-05,,,2022-01-05 10:00:00
5471257.512747631,0.0,263.0,,0.88,73.0,4.3e-05,,,2022-01-05 10:05:00
5471258.512833764,0.0,258.0,,0.88,71.0,4.4e-05,,,2022-01-05 10:10:00
5471259.512919896,0.0,254.0,,0.88,74.0,4.5e-05,,,2022-01-05 10:15:00
5471260.513006029,0.0,251.0,,0.88,72.0,4.3e-05,,,2022-01-05 10:20:00
5471261.513092162,0.0,251.0,,0.88,76.0,4.4e-05,,,2022-01-05 10:25:00
5471262.5131782945,0.0,247.0,,0.88,81.0,4.3e-05,,,2022-01-05 10:30:00
5471263.513264427,0.0,250.0,,0.88,92.0,4.4e-05,,,2022-01-05 10:35:00
5471264.513350559,0.0,250.0,,0.88,96.0,4.4e-05,,,2022-01-05 10:40:00
5471265.513436693,0.0,243.0,,0.88,92.0,4.6e-05,,,2022-01-05 10:45:00
5471266.513522825,0.0,240.0,,0.88,82.0,4.2e-05,,,2022-01-05 10:50:00
5471267.513608958,0.0,232.0,,0.88,79.0,4.4e-05,,,2022-01-05 10:55:00
5471268.51369509,0.0,231.0,,0.88,99.0,4.3e-05,,,2022-01-05 11:00:00
5471269.5137812225,0.0,232.0,,0.88,78.0,4.4e-05,,,2022-01-05 11:05:00
5471270.513867356,0.0,227.0,,0.88,71.0,4.4e-05,,,2022-01-05 11:10:00
5471271.513953488,0.0,224.0,,0.88,93.0,4.3e-05,,,2022-01-05 11:15:00
5471272.514039621,0.0,224.0,,0.88,107.0,4.4e-05,,,2022-01-05 11:20:00
5471273.514125753,0.0,222.0,,0.88,83.0,4.4e-05,,,2022-01-05 11:25:00
5471274.514211887,0.0,213.0,,0.88,69.0,4.5e-05,,,2022-01-05 11:30:00
5471275.514298019,0.0,204.0,,0.88,68.0,4.5e-05,,,2022-01-05 11:35:00
5471276.514384151,0.0,208.0,,0.88,65.0,4.4e-05,,,2022-01-05 11:40:00
5471277.514470284,0.0,215.0,,0.88,67.0,4.4e-05,,,2022-01-05 11:45:00
5471278.514556416,0.0,210.0,,0.88,67.0,4.3e-05,,,2022-01-05 11:50:00
5471279.51464255,0.0,207.0,,0.88,73.0,4.3e-05,,,2022-01-05 11:55:00
5471280.514728682,0.0,207.0,,0.88,68.0,4.3e-05,,,2022-01-05 12:00:00
5471281.514814815,0.0,203.0,,0.88,71.0,4.3e-05,,,2022-01-05 12:05:00
5471282.514900947,0.0,201.0,,0.88,69.0,4.3e-05,,,2022-01-05 12:10:00
5471283.51498708,0.0,200.0,,0.88,71.0,4.6e-05,,,2022-01-05 12:15:00
5471284.515073213,0.0,191.0,,0.88,71.0,4.5e-05,,,2022-01-05 12:20:00
5471285.515159345,0.0,177.0,,0.88,71.0,4.5e-05,,,2022-01-05 12:25:00
5471286.515245478,0.0,187.0,164.0,0.88,77.0,4.3e-05,,,2022-01-05 12:30:00
5471287.51533161,0.0,193.0,,0.88,102.0,4.3e-05,,,2022-01-05 12:35:00
5471288.5154177435,0.0,196.0,164.0,0.88,101.0,4.2e-05,60.0,3.8,2022-01-05 12:40:00
5471289.515503876,0.0,175.0,,0.88,89.0,4.3e-05,,,2022-01-05 12:45:00
5471290.515590008,0.0,173.0,,0.88,83.0,4.3e-05,,,2022-01-05 12:50:00
5471291.515676141,0.0,171.0,,0.88,77.0,4.3e-05,,,2022-01-05 12:55:00
5471292.515762274,0.0,168.0,,0.88,69.0,4.3e-05,,,2022-01-05 13:00:00
5471293.515848407,0.0,166.0,,0.88,73.0,4.3e-05,,,2022-01-05 13:05:00
5471294.515934539,0.0,168.0,,0.88,80.0,4.5e-05,,,2022-01-05 13:10:00
5471295.516020671,0.0,174.0,,0.88,76.0,4.5e-05,,,2022-01-05 13:15:00
5471296.516106804,0.0,182.0,,0.88,76.0,4.2e-05,,,2022-01-05 13:20:00
5471297.516192937,0.0,186.0,,0.88,71.0,4.4e-05,,,2022-01-05 13:25:00
5471298.51627907,0.0,187.0,,0.88,71.0,4.3e-05,,,2022-01-05 13:30:00
5471299.516365202,0.0,188.0,,0.88,82.0,4.4e-05,,,2022-01-05 13:35:00
5471300.516451335,0.0,202.0,,0.88,86.0,4.4e-05,,,2022-01-05 13:40:00
5471301.516537468,0.0,219.0,,0.88,71.0,4.5e-05,,,2022-01-05 13:45:00
5471302.5166236,0.0,229.0,,0.88,75.0,4.7e-05,,,2022-01-05 13:50:00
5471303.516709733,0.0,235.0,,0.88,78.0,4.6e-05,,,2022-01-05 13:55:00
5471304.516795865,0.0,240.0,,0.88,83.0,4.5e-05,,,2022-01-05 14:00:00
5471305.516881998,0.0,246.0,,0.88,95.0,4.4e-05,,,2022-01-05 14:05:00
5471306.516968131,0.0,250.0,,0.88,90.0,4.6e-05,,,2022-01-05 14:10:00
5471307.5170542635,0.0,251.0,,0.88,83.0,4.4e-05,,,2022-01-05 14:15:00
5471308.517140396,0.0,255.0,,0.88,109.0,4.4e-05,,,2022-01-05 14:20:00
5471309.517226528,0.0,262.0,,0.88,89.0,4.4e-05,,,2022-01-05 14:25:00
5471310.517312662,0.0,269.0,,0.88,72.0,4.4e-05,,,2022-01-05 14:30:00
5471311.517398794,0.0,271.0,,0.88,74.0,4.3e-05,,,2022-01-05 14:35:00
5471312.517484927,0.0,270.0,,0.88,78.0,4.4e-05,,,2022-01-05 14:40:00
5471313.517571059,0.0,273.0,,0.88,78.0,4.5e-05,,,2022-01-05 14:45:00
5471314.5176571915,0.0,278.0,,0.88,74.0,4.3e-05,,,2022-01-05 14:50:00
5471315.517743325,0.0,276.0,,0.88,75.0,4.5e-05,,,2022-01-05 14:55:00
5471316.517829457,0.0,273.0,,0.88,75.0,4.5e-05,,,2022-01-05 15:00:00
5471317.51791559,0.0,278.0,,0.88,77.0,4.6e-05,,,2022-01-05 15:05:00
5471318.518001722,0.0,287.0,,0.88,76.0,4.3e-05,,,2022-01-05 15:10:00
5471319.518087856,0.0,295.0,,0.88,74.0,4.5e-05,,,2022-01-05 15:15:00
5471320.518173988,0.0,296.0,,0.88,75.0,4.6e-05,,,2022-01-05 15:20:00
5471321.51826012,0.0,293.0,,0.88,79.0,4.4e-05,,,2022-01-05 15:25:00
5471322.518346253,0.0,290.0,,0.88,75.0,4.4e-05,,,2022-01-05 15:30:00
5471323.518432385,0.0,288.0,,0.88,90.0,4.4e-05,,,2022-01-05 15:35:00
5471324.518518519,0.0,292.0,,0.88,94.0,4.3e-05,,,2022-01-05 15:40:00
5471325.518604651,0.0,293.0,320.0,0.88,82.0,4.5e-05,,4.0,2022-01-05 15:45:00
5471326.5186907835,0.0,291.0,,0.88,82.0,4.9e-05,,,2022-01-05 15:50:00
5471327.518776916,0.0,288.0,,0.88,75.0,4.9e-05,,,2022-01-05 15:55:00
5471328.518863049,0.0,282.0,,0.88,91.0,4.6e-05,,,2022-01-05 16:00:00
5471329.518949182,0.0,292.0,,0.88,90.0,4.8e-05,,,2022-01-05 16:05:00
5471330.519035314,0.0,287.0,,0.88,88.0,4.9e-05,,,2022-01-05 16:10:00
5471331.519121447,0.0,281.0,,0.88,85.0,5e-05,,,2022-01-05 16:15:00
5471332.519207579,0.0,276.0,,0.88,88.0,5.5e-05,,,2022-01-05 16:20:00
5471333.519293712,0.0,264.0,,0.88,83.0,5.5e-05,,,2022-01-05 16:25:00
5471334.519379845,0.0,250.0,,0.88,82.0,5.7e-05,,,2022-01-05 16:30:00
5471335.519465977,0.0,237.0,,0.88,82.0,5.8e-05,,,2022-01-05 16:35:00
5471336.51955211,0.0,220.0,,0.88,89.0,7e-05,,,2022-01-05 16:40:00
5471337.519638243,0.0,212.0,,0.88,81.0,6.8e-05,,,2022-01-05 16:45:00
5471338.519724376,0.0,206.0,,0.88,81.0,6.9e-05,,,2022-01-05 16:50:00
5471339.519810508,0.0,201.0,,0.88,84.0,7.2e-05,,,2022-01-05 16:55:00
5471340.51989664,0.0,210.0,,0.88,95.0,7.4e-05,,,2022-01-05 17:00:00
5471341.519982773,0.0,215.0,,0.88,84.0,6.5e-05,,,2022-01-05 17:05:00
5471342.520068906,0.0,216.0,,0.88,84.0,6.7e-05,,,2022-01-05 17:10:00
5471343.520155039,0.0,220.0,,0.88,95.0,6.4e-05,,,2022-01-05 17:15:00
5471344.520241171,0.0,226.0,,0.88,85.0,6e-05,,,2022-01-05 17:20:00
5471345.520327304,0.0,225.0,,0.88,81.0,6.1e-05,,,2022-01-05 17:25:00
5471346.520413437,0.0,219.0,,0.88,80.0,5.9e-05,,,2022-01-05 17:30:00
5471347.520499569,0.0,214.0,,0.88,90.0,5.7e-05,,,2022-01-05 17:35:00
5471348.520585702,0.0,211.0,,0.88,91.0,5.4e-05,,,2022-01-05 17:40:00
5471349.520671834,0.0,209.0,,0.88,92.0,6.3e-05,,,2022-01-05 17:45:00
5471350.520757967,0.0,206.0,,0.88,102.0,0.00508,,,2022-01-05 17:50:00
5471351.5208441,0.0,204.0,,0.88,122.0,5.04434,,,2022-01-05 17:55:00
5471352.5209302325,0.0,201.0,,0.88,106.0,11.40894,,,2022-01-05 18:00:00
5471353.521016365,0.0,193.0,,0.88,107.0,16.694,,,2022-01-05 18:05:00
5471354.521102497,0.0,184.0,,0.88,133.0,19.72,,,2022-01-05 18:10:00
5471355.521188631,0.0,170.0,,0.88,123.0,17.354,,,2022-01-05 18:15:00
5471356.521274763,0.0,164.0,,0.88,114.0,13.834,,,2022-01-05 18:20:00
5471357.521360896,0.0,160.0,,0.88,102.0,9.35318,,,2022-01-05 18:25:00
5471358.521447028,0.0,161.0,,0.88,111.0,7.334,,,2022-01-05 18:30:00
5471359.5215331605,0.0,160.0,,0.88,106.0,2.99464,,,2022-01-05 18:35:00
5471360.521619294,0.0,156.0,,0.88,105.0,6.906,,,2022-01-05 18:40:00
5471361.521705426,0.0,149.0,,0.88,112.0,14.3,,,2022-01-05 18:45:00
5471362.521791559,0.0,143.0,,0.88,106.0,5.2334,,,2022-01-05 18:50:00
5471363.521877691,0.0,134.0,,0.88,102.0,18.76,,,2022-01-05 18:55:00
5471364.5219638245,0.0,128.0,,0.88,96.0,9.336,,,2022-01-05 19:00:00
5471365.522049957,0.0,123.0,,0.88,100.0,2.68646,,,2022-01-05 19:05:00
5471366.522136089,0.0,121.0,,0.88,100.0,1.173696,,,2022-01-05 19:10:00
5471367.522222222,0.0,121.0,,0.88,99.0,1.5008,,,2022-01-05 19:15:00
5471368.522308354,0.0,122.0,,0.88,90.0,1.3154,,,2022-01-05 19:20:00
5471369.522394488,0.0,121.0,,0.88,91.0,0.34712,,,2022-01-05 19:25:00
5471370.52248062,0.0,120.0,,0.88,89.0,0.5592,,,2022-01-05 19:30:00
5471371.5225667525,0.0,120.0,,0.88,88.0,0.4228,,,2022-01-05 19:35:00
5471372.522652885,0.0,120.0,,0.88,97.0,0.08568,,,2022-01-05 19:40:00
5471373.522739018,0.0,120.0,,0.88,102.0,0.038088,,,2022-01-05 19:45:00
5471374.522825151,0.0,119.0,,0.88,92.0,0.001201,,,2022-01-05 19:50:00
5471375.522911283,0.0,117.0,,0.88,92.0,0.000103,,,2022-01-05 19:55:00
5471376.522997416,0.0,115.0,,0.88,99.0,0.000151,,,2022-01-05 20:00:00
5471377.523083548,0.0,117.0,,0.88,95.0,0.000407,,,2022-01-05 20:05:00
5471378.523169681,0.0,117.0,,0.88,92.0,0.000849,,,2022-01-05 20:10:00
5471379.523255814,0.0,114.0,,0.88,93.0,0.000411,,,2022-01-05 20:15:00
5471380.523341946,0.0,111.0,,0.88,94.0,0.000149,,,2022-01-05 20:20:00
5471381.523428079,0.0,108.0,,0.88,97.0,0.000531,,,2022-01-05 20:25:00
5471382.523514212,0.0,108.0,110.0,0.88,94.0,0.000135,100.0,6.3,2022-01-05 20:30:00
5471383.523600345,0.0,105.0,,0.88,92.0,0.000126,,,2022-01-05 20:35:00
5471384.523686477,0.0,105.0,,0.88,94.0,0.000102,,,2022-01-05 20:40:00
5471385.523772609,0.0,104.0,,0.88,91.0,0.000114,,,2022-01-05 20:45:00
5471386.523858742,0.0,104.0,,0.88,90.0,9.8e-05,,,2022-01-05 20:50:00
5471387.523944875,0.0,103.0,,0.88,93.0,9.3e-05,,,2022-01-05 20:55:00
5471388.524031008,0.0,102.0,,0.88,91.0,9.5e-05,,,2022-01-05 21:00:00
5471389.52411714,0.0,100.0,,0.88,95.0,6.1e-05,,,2022-01-05 21:05:00
5471390.524203273,0.0,96.0,,0.88,81.0,6.3e-05,,,2022-01-05 21:10:00
5471391.524289406,0.0,95.0,,0.88,83.0,6.4e-05,,,2022-01-05 21:15:00
5471392.524375538,0.0,94.0,,0.88,84.0,5e-05,,,2022-01-05 21:20:00
5471393.524461671,0.0,92.0,,0.88,86.0,5.2e-05,,,2022-01-05 21:25:00
5471394.524547803,0.0,95.0,,0.88,95.0,5.7e-05,,,2022-01-05 21:30:00
5471395.524633936,0.0,108.0,,0.88,89.0,5.4e-05,,,2022-01-05 21:35:00
5471396.524720069,0.0,110.0,,0.88,84.0,6.4e-05,,,2022-01-05 21:40:00
5471397.524806201,0.0,107.0,,0.88,85.0,7.6e-05,,,2022-01-05 21:45:00
5471398.524892334,0.0,104.0,,0.88,85.0,7.7e-05,,,2022-01-05 21:50:00
5471399.524978466,0.0,108.0,,0.88,86.0,8e-05,,,2022-01-05 21:55:00
5471400.5250646,0.0,111.0,,0.88,84.0,6.6e-05,,,2022-01-05 22:00:00
5471401.525150732,0.0,118.0,,0.88,84.0,5.4e-05,,,2022-01-05 22:05:00
5471402.525236865,0.0,120.0,,0.88,82.0,7.4e-05,,,2022-01-05 22:10:00
5471403.525322997,0.0,117.0,,0.88,81.0,8.4e-05,,,2022-01-05 22:15:00
5471404.525409129,0.0,117.0,,0.88,89.0,7.3e-05,,,2022-01-05 22:20:00
5471405.525495263,0.0,116.0,,0.88,84.0,5.4e-05,,,2022-01-05 22:25:00
5471406.525581395,0.0,108.0,,0.88,80.0,4.9e-05,,,2022-01-05 22:30:00
5471407.525667528,0.0,98.0,,0.88,77.0,5.2e-05,,,2022-01-05 22:35:00
5471408.52575366,0.0,96.0,,0.88,80.0,5.3e-05,,,2022-01-05 22:40:00
5471409.5258397935,0.0,101.0,,0.88,,,,,2022-01-05 22:45:00
5471410.525925926,0.0,101.0,,0.88,,,,,2022-01-05 22:50:00
5471411.526012058,0.0,99.0,,0.88,,,,,2022-01-05 22:55:00
5471412.526098191,0.0,97.0,,0.88,,,,,2022-01-05 23:00:00
5471413.526184323,0.0,90.0,,0.88,72.0,4.5e-05,,,2022-01-05 23:05:00
5471414.526270457,0.0,87.0,,0.88,73.0,4.6e-05,,,2022-01-05 23:10:00
5471415.526356589,0.0,85.0,,0.88,72.0,4.6e-05,,,2022-01-05 23:15:00
5471416.5264427215,0.0,84.0,,0.88,72.0,4.7e-05,,,2022-01-05 23:20:00
5471417.526528854,0.0,84.0,,0.88,77.0,4.8e-05,,,2022-01-05 23:25:00
5471418.526614987,0.0,81.0,,0.88,75.0,6.2e-05,,,2022-01-05 23:30:00
5471419.52670112,0.0,79.0,,0.88,73.0,7.5e-05,,,2022-01-05 23:35:00
5471420.526787252,0.0,78.0,,0.88,72.0,8.9e-05,,,2022-01-05 23:40:00
5471421.526873385,0.0,76.0,,0.88,75.0,0.000102,,,2022-01-05 23:45:00
5471422.526959517,0.0,75.0,,0.88,77.0,0.000116,,,2022-01-05 23:50:00
5471423.52704565,0.0,74.0,,0.88,78.0,0.00013,,,2022-01-05 23:55:00
5471424.527131783,0.0,74.0,,0.88,79.0,0.000146,,,2022-01-06 00:00:00
5471425.527217915,0.0,74.0,,0.88,77.0,0.000163,,,2022-01-06 00:05:00
5471426.527304048,0.0,78.0,,0.88,74.0,0.000236,,,2022-01-06 00:10:00
5471427.527390181,0.0,81.0,,0.88,75.0,0.000135,,,2022-01-06 00:15:00
5471428.5274763135,0.0,72.0,,0.88,74.0,0.000144,,,2022-01-06 00:20:00
5471429.527562446,0.0,61.0,,0.88,71.0,0.000124,,,2022-01-06 00:25:00
5471430.527648578,0.0,61.0,,0.88,71.0,0.000147,,,2022-01-06 00:30:00
5471431.527734711,0.0,61.0,,0.88,71.0,0.000155,,,2022-01-06 00:35:00
5471432.527820844,0.0,63.0,,0.88,71.0,0.000163,,,2022-01-06 00:40:00
5471433.527906977,0.0,65.0,,0.88,72.0,0.000141,,,2022-01-06 00:45:00
5471434.527993109,0.0,65.0,,0.88,70.0,5.9e-05,,,2022-01-06 00:50:00
5471435.5280792415,0.0,67.0,,0.88,71.0,5.4e-05,,,2022-01-06 00:55:00
5471436.528165375,0.0,67.0,,0.88,71.0,5.3e-05,,,2022-01-06 01:00:00
5471437.528251507,0.0,71.0,,0.88,71.0,5.2e-05,,,2022-01-06 01:05:00
5471438.52833764,0.0,78.0,,0.88,71.0,5.1e-05,,,2022-01-06 01:10:00
5471439.528423772,0.0,85.0,,0.88,70.0,5.1e-05,,,2022-01-06 01:15:00
5471440.528509905,0.0,92.0,,0.88,73.0,4.9e-05,,,2022-01-06 01:20:00
5471441.528596038,0.0,97.0,,0.88,74.0,4.9e-05,,,2022-01-06 01:25:00
5471442.52868217,0.0,102.0,,0.88,75.0,6.3e-05,,,2022-01-06 01:30:00
5471443.528768303,0.0,108.0,,0.88,74.0,7.6e-05,,,2022-01-06 01:35:00
5471444.528854435,0.0,112.0,,0.88,73.0,8e-05,,,2022-01-06 01:40:00
5471445.528940569,0.0,118.0,,0.88,74.0,7.4e-05,,,2022-01-06 01:45:00
5471446.529026701,0.0,128.0,,0.88,73.0,0.000101,,,2022-01-06 01:50:00
5471447.529112834,0.0,134.0,,0.88,72.0,0.00015,,,2022-01-06 01:55:00
5471448.529198966,0.0,137.0,,0.88,70.0,0.000233,,,2022-01-06 02:00:00
5471449.529285098,0.0,141.0,,0.88,70.0,0.000314,,,2022-01-06 02:05:00
5471450.529371232,0.0,145.0,,0.88,70.0,0.000399,,,2022-01-06 02:10:00
5471451.529457364,0.0,149.0,,0.88,71.0,0.000162,,,2022-01-06 02:15:00
5471452.529543497,0.0,153.0,,0.88,69.0,,,,2022-01-06 02:20:00
5471453.529629629,0.0,154.0,,0.88,76.0,,,,2022-01-06 02:25:00
5471454.5297157625,0.0,155.0,,0.88,72.0,6.5e-05,,,2022-01-06 02:30:00
5471455.529801895,0.0,156.0,,0.88,71.0,6.6e-05,,,2022-01-06 02:35:00
5471456.529888027,0.0,158.0,,0.88,71.0,6.5e-05,,,2022-01-06 02:40:00
5471457.52997416,0.0,162.0,,0.88,72.0,6.3e-05,,,2022-01-06 02:45:00
5471458.530060292,0.0,166.0,,0.88,74.0,4.8e-05,,,2022-01-06 02:50:00
5471459.530146426,0.0,166.0,,0.88,75.0,4.8e-05,,,2022-01-06 02:55:00
5471460.530232558,0.0,171.0,,0.88,73.0,4.9e-05,,,2022-01-06 03:00:00
5471461.53031869,0.0,179.0,,0.88,74.0,5.2e-05,,,2022-01-06 03:05:00
5471462.530404823,0.0,182.0,,0.88,73.0,6.4e-05,,,2022-01-06 03:10:00
5471463.530490956,0.0,184.0,,0.88,73.0,7.1e-05,,,2022-01-06 03:15:00
5471464.530577089,0.0,186.0,,0.88,73.0,7.3e-05,,,2022-01-06 03:20:00
5471465.530663221,0.0,187.0,,0.88,74.0,6.9e-05,,,2022-01-06 03:25:00
5471466.530749354,0.0,187.0,,0.88,75.0,7.1e-05,,,2022-01-06 03:30:00
5471467.530835486,0.0,189.0,,0.88,73.0,6e-05,,,2022-01-06 03:35:00
5471468.530921619,0.0,190.0,,0.88,74.0,4.9e-05,,,2022-01-06 03:40:00
5471469.531007752,0.0,188.0,,0.88,74.0,4.9e-05,,,2022-01-06 03:45:00
5471470.531093884,0.0,186.0,,0.88,73.0,4.9e-05,,,2022-01-06 03:50:00
5471471.531180017,0.0,187.0,,0.88,71.0,5.1e-05,,,2022-01-06 03:55:00
5471472.53126615,0.0,189.0,,1.25,71.0,5.2e-05,,,2022-01-06 04:00:00
5471473.5313522825,0.0,193.0,,1.25,71.0,5.2e-05,,,2022-01-06 04:05:00
5471474.531438415,0.0,200.0,,1.25,70.0,4.9e-05,,,2022-01-06 04:10:00
5471475.531524547,0.0,201.0,,1.25,71.0,4.8e-05,,,2022-01-06 04:15:00
5471476.53161068,0.0,202.0,,1.25,70.0,4.9e-05,,,2022-01-06 04:20:00
5471477.531696813,0.0,203.0,,1.25,70.0,4.9e-05,,,2022-01-06 04:25:00
5471478.531782946,0.0,205.0,,1.25,72.0,5.1e-05,,,2022-01-06 04:30:00
5471479.531869078,0.0,207.0,,1.25,72.0,6.6e-05,,,2022-01-06 04:35:00
5471480.5319552105,0.0,208.0,,1.25,73.0,7.8e-05,,,2022-01-06 04:40:00
5471481.532041344,0.0,211.0,,1.25,77.0,9.8e-05,,,2022-01-06 04:45:00
5471482.532127476,0.0,217.0,,1.25,71.0,,,,2022-01-06 04:50:00
5471483.532213609,0.0,217.0,,1.25,72.0,5e-05,,,2022-01-06 04:55:00
5471484.532299741,0.0,214.0,,1.3,81.0,8.4e-05,,,2022-01-06 05:00:00
5471485.532385874,0.0,217.0,,1.3,,8.4e-05,,,2022-01-06 05:05:00
5471486.532472007,0.0,217.0,,1.3,,,,,2022-01-06 05:10:00
5471487.532558139,0.0,221.0,,1.3,,,,,2022-01-06 05:15:00
5471488.532644272,0.0,225.0,,1.3,,,,,2022-01-06 05:20:00
5471489.532730404,0.0,232.0,,1.3,,,,,2022-01-06 05:25:00
5471490.532816538,0.0,242.0,236.0,1.3,96.0,6.3e-05,,2.1,2022-01-06 05:30:00
5471491.53290267,0.0,245.0,,1.3,86.0,6.9e-05,,,2022-01-06 05:35:00
5471492.5329888025,0.0,243.0,,1.3,87.0,5.6e-05,,,2022-01-06 05:40:00
5471493.533074935,0.0,246.0,,1.3,81.0,5.4e-05,,,2022-01-06 05:45:00
5471494.533161067,0.0,247.0,,1.3,103.0,5.5e-05,,,2022-01-06 05:50:00
5471495.533247201,0.0,247.0,,1.3,84.0,5.3e-05,,,2022-01-06 05:55:00
5471496.533333333,0.0,248.0,,1.3,104.0,6e-05,,,2022-01-06 06:00:00
5471497.533419466,0.0,247.0,,1.3,83.0,5.8e-05,,,2022-01-06 06:05:00
5471498.533505598,0.0,247.0,,1.3,83.0,6.5e-05,,,2022-01-06 06:10:00
5471499.533591731,0.0,247.0,,1.3,85.0,7.1e-05,,,2022-01-06 06:15:00
5471500.533677864,0.0,245.0,,1.3,83.0,6.5e-05,,,2022-01-06 06:20:00
5471501.533763996,0.0,243.0,246.0,1.3,89.0,4.8e-05,,9.9,2022-01-06 06:25:00
5471502.533850129,0.0,242.0,,1.3,82.0,5e-05,140.0,8.8,2022-01-06 06:30:00
5471503.533936261,0.0,243.0,,1.3,86.0,4.8e-05,,,2022-01-06 06:35:00
5471504.534022395,0.0,242.0,,1.3,87.0,5.1e-05,,,2022-01-06 06:40:00
5471505.534108527,0.0,242.0,,1.3,88.0,5e-05,,,2022-01-06 06:45:00
5471506.534194659,0.0,238.0,,1.3,86.0,5.2e-05,,,2022-01-06 06:50:00
5471507.534280792,0.0,236.0,,1.3,84.0,5.2e-05,,,2022-01-06 06:55:00
5471508.534366925,0.0,238.0,,1.45,88.0,5.2e-05,,,2022-01-06 07:00:00
5471509.534453058,0.0,235.0,,1.45,87.0,5e-05,,,2022-01-06 07:05:00
5471510.53453919,0.0,231.0,,1.45,98.0,5.2e-05,,,2022-01-06 07:10:00
5471511.534625323,0.0,243.0,,1.45,89.0,4.7e-05,,,2022-01-06 07:15:00
5471512.534711455,0.0,255.0,,1.45,83.0,4.9e-05,,,2022-01-06 07:20:00
5471513.534797588,0.0,257.0,,1.45,85.0,4.8e-05,,,2022-01-06 07:25:00
5471514.534883721,0.0,262.0,,1.45,94.0,5e-05,,,2022-01-06 07:30:00
5471515.534969853,0.0,267.0,,1.45,98.0,4.7e-05,,,2022-01-06 07:35:00
5471516.535055986,0.0,276.0,,1.45,94.0,4.9e-05,,,2022-01-06 07:40:00
5471517.535142119,0.0,283.0,,1.45,85.0,4.9e-05,,,2022-01-06 07:45:00
5471518.5352282515,0.0,289.0,,1.45,82.0,4.6e-05,,,2022-01-06 07:50:00
5471519.535314384,0.0,295.0,,1.45,83.0,4.8e-05,,,2022-01-06 07:55:00
5471520.535400516,0.0,303.0,,1.45,86.0,4.6e-05,,,2022-01-06 08:00:00
5471521.535486649,0.0,318.0,,1.45,85.0,4.9e-05,,,2022-01-06 08:05:00
5471522.535572782,0.0,331.0,,1.45,83.0,4.8e-05,,,2022-01-06 08:10:00
5471523.535658915,0.0,342.0,,1.45,86.0,4.8e-05,,,2022-01-06 08:15:00
5471524.535745047,0.0,348.0,,1.45,89.0,4.4e-05,,,2022-01-06 08:20:00
5471525.5358311795,0.0,352.0,,1.45,84.0,4.5e-05,,,2022-01-06 08:25:00
5471526.535917313,0.0,358.0,,1.45,81.0,4.5e-05,,,2022-01-06 08:30:00
5471527.536003445,0.0,360.0,,1.45,88.0,4.4e-05,,,2022-01-06 08:35:00
5471528.536089578,0.0,360.0,,1.45,86.0,4.4e-05,,,2022-01-06 08:40:00
5471529.53617571,0.0,363.0,,1.45,85.0,4.4e-05,,,2022-01-06 08:45:00
5471530.5362618435,0.0,364.0,,1.45,89.0,4.6e-05,,,2022-01-06 08:50:00
5471531.536347976,0.0,361.0,,1.45,84.0,4.5e-05,,,2022-01-06 08:55:00
5471532.536434108,0.0,361.0,,1.45,96.0,4.5e-05,,,2022-01-06 09:00:00
5471533.536520241,0.0,362.0,,1.45,96.0,4.5e-05,,,2022-01-06 09:05:00
5471534.536606373,0.0,355.0,,1.45,92.0,4.4e-05,,,2022-01-06 09:10:00
5471535.536692507,0.0,347.0,,1.45,88.0,4.8e-05,,,2022-01-06 09:15:00
5471536.536778639,0.0,330.0,,1.45,83.0,5.4e-05,,,2022-01-06 09:20:00
5471537.5368647715,0.0,315.0,,1.45,82.0,4.5e-05,,,2022-01-06 09:25:00
5471538.536950904,0.0,319.0,,1.45,79.0,4.5e-05,,,2022-01-06 09:30:00
5471539.537037037,0.0,315.0,,1.45,103.0,4.6e-05,,,2022-01-06 09:35:00
5471540.53712317,0.0,312.0,,1.45,93.0,5.5e-05,,,2022-01-06 09:40:00
5471541.537209302,0.0,308.0,304.0,1.45,89.0,6.1e-05,,3.6,2022-01-06 09:45:00
5471542.537295435,0.0,301.0,,1.45,89.0,4.9e-05,,,2022-01-06 09:50:00
5471543.537381567,0.0,292.0,,1.45,83.0,5.2e-05,,,2022-01-06 09:55:00
5471544.5374677,0.0,283.0,,1.45,84.0,4.7e-05,,,2022-01-06 10:00:00
5471545.537553833,0.0,285.0,,1.45,84.0,4.6e-05,,,2022-01-06 10:05:00
5471546.537639965,0.0,283.0,,1.45,85.0,5e-05,,,2022-01-06 10:10:00
5471547.537726098,0.0,283.0,,1.45,84.0,5e-05,,,2022-01-06 10:15:00
5471548.537812231,0.0,282.0,,1.45,84.0,4.7e-05,,,2022-01-06 10:20:00
5471549.537898364,0.0,281.0,,1.45,85.0,4.8e-05,,,2022-01-06 10:25:00
5471550.537984496,0.0,280.0,,1.45,84.0,4.7e-05,,,2022-01-06 10:30:00
5471551.538070628,0.0,279.0,,1.45,82.0,4.9e-05,,,2022-01-06 10:35:00
5471552.538156761,0.0,274.0,,1.45,83.0,4.7e-05,,,2022-01-06 10:40:00
5471553.538242894,0.0,266.0,,1.45,84.0,4.7e-05,,,2022-01-06 10:45:00
5471554.538329027,0.0,260.0,,1.45,85.0,4.5e-05,,,2022-01-06 10:50:00
5471555.538415159,0.0,260.0,,1.45,82.0,4.6e-05,,,2022-01-06 10:55:00
5471556.538501292,0.0,249.0,,0.75,80.0,4.7e-05,,,2022-01-06 11:00:00
5471557.538587425,0.0,240.0,,0.75,79.0,4.6e-05,,,2022-01-06 11:05:00
5471558.538673557,0.0,232.0,,0.75,81.0,4.9e-05,,,2022-01-06 11:10:00
5471559.53875969,0.0,228.0,,0.75,77.0,4.5e-05,,,2022-01-06 11:15:00
5471560.538845822,0.0,225.0,,0.75,82.0,4.5e-05,,,2022-01-06 11:20:00
5471561.538931955,0.0,224.0,,0.75,96.0,4.5e-05,,,2022-01-06 11:25:00
5471562.539018088,0.0,222.0,,0.75,87.0,4.5e-05,,,2022-01-06 11:30:00
5471563.53910422,0.0,219.0,,0.75,77.0,4.4e-05,,,2022-01-06 11:35:00
5471564.539190353,0.0,215.0,,0.75,109.0,4.5e-05,,,2022-01-06 11:40:00
5471565.539276485,0.0,208.0,,0.75,85.0,4.8e-05,,,2022-01-06 11:45:00
5471566.539362619,0.0,203.0,186.0,0.75,91.0,4.8e-05,,9.2,2022-01-06 11:50:00
5471567.539448751,0.0,199.0,,0.75,82.0,4.7e-05,130.0,8.4,2022-01-06 11:55:00
5471568.539534884,0.0,192.0,,0.75,79.0,4.5e-05,,,2022-01-06 12:00:00
5471569.539621016,0.0,186.0,,0.75,88.0,4.4e-05,,,2022-01-06 12:05:00
5471570.539707148,0.0,178.0,,0.75,82.0,4.4e-05,,,2022-01-06 12:10:00
5471571.539793282,0.0,174.0,,0.75,78.0,4.5e-05,,,2022-01-06 12:15:00
5471572.539879414,0.0,171.0,,0.75,78.0,4.8e-05,,,2022-01-06 12:20:00
5471573.539965547,0.0,169.0,,0.75,100.0,4.3e-05,,,2022-01-06 12:25:00
5471574.540051679,0.0,169.0,,0.75,93.0,4.5e-05,,,2022-01-06 12:30:00
5471575.5401378125,0.0,168.0,,0.75,97.0,4.6e-05,,,2022-01-06 12:35:00
5471576.540223945,0.0,165.0,,0.75,89.0,4.4e-05,,,2022-01-06 12:40:00
5471577.540310077,0.0,161.0,,0.75,88.0,4.7e-05,,,2022-01-06 12:45:00
5471578.54039621,0.0,163.0,,0.75,87.0,4.5e-05,,,2022-01-06 12:50:00
5471579.540482342,0.0,163.0,,0.75,102.0,4.4e-05,,,2022-01-06 12:55:00
5471580.540568476,0.0,162.0,,0.75,92.0,4.3e-05,,,2022-01-06 13:00:00
5471581.540654608,0.0,159.0,,0.75,85.0,4.4e-05,,,2022-01-06 13:05:00
5471582.5407407405,0.0,155.0,,0.75,94.0,4.6e-05,,,2022-01-06 13:10:00
5471583.540826873,0.0,151.0,,0.75,92.0,4.9e-05,,,2022-01-06 13:15:00
5471584.540913006,0.0,147.0,,0.75,84.0,4.9e-05,,,2022-01-06 13:20:00
5471585.540999139,0.0,146.0,,0.75,86.0,5.2e-05,,,2022-01-06 13:25:00
5471586.541085271,0.0,145.0,,0.75,84.0,5.3e-05,,,2022-01-06 13:30:00
5471587.541171404,0.0,144.0,,0.75,86.0,5.4e-05,,,2022-01-06 13:35:00
5471588.541257536,0.0,144.0,,0.75,82.0,5.4e-05,,,2022-01-06 13:40:00
5471589.541343669,0.0,144.0,,0.75,83.0,5.6e-05,,,2022-01-06 13:45:00
5471590.541429802,0.0,145.0,,0.75,85.0,5.7e-05,,,2022-01-06 13:50:00
5471591.541515934,0.0,147.0,,0.75,88.0,5.3e-05,,,2022-01-06 13:55:00
5471592.541602067,0.0,150.0,,0.75,89.0,5.2e-05,,,2022-01-06 14:00:00
5471593.5416882,0.0,151.0,,0.75,89.0,7.6e-05,,,2022-01-06 14:05:00
5471594.5417743325,0.0,152.0,,0.75,88.0,0.000104,,,2022-01-06 14:10:00
5471595.541860465,0.0,155.0,,0.75,90.0,0.000159,,,2022-01-06 14:15:00
5471596.541946597,0.0,156.0,,0.75,88.0,0.000517,,,2022-01-06 14:20:00
5471597.54203273,0.0,157.0,,0.75,90.0,0.00062,,,2022-01-06 14:25:00
5471598.542118863,0.0,158.0,,0.75,83.0,0.00036,,,2022-01-06 14:30:00
5471599.542204996,0.0,158.0,,0.75,101.0,0.000341,,,2022-01-06 14:35:00
5471600.542291128,0.0,162.0,,0.75,93.0,0.000198,,,2022-01-06 14:40:00
5471601.5423772605,0.0,165.0,,0.75,80.0,0.000182,,,2022-01-06 14:45:00
5471602.542463394,0.0,169.0,,0.75,81.0,0.000113,,,2022-01-06 14:50:00
5471603.542549526,0.0,174.0,,0.75,81.0,9.1e-05,,,2022-01-06 14:55:00
5471604.542635659,0.0,181.0,,0.75,82.0,9e-05,,,2022-01-06 15:00:00
5471605.542721791,0.0,190.0,,0.75,83.0,9.3e-05,,,2022-01-06 15:05:00
5471606.542807924,0.0,198.0,,0.75,80.0,0.0001,,,2022-01-06 15:10:00
5471607.542894057,0.0,201.0,,0.75,84.0,9.9e-05,,,2022-01-06 15:15:00
5471608.542980189,0.0,204.0,,0.75,95.0,0.00011,,,2022-01-06 15:20:00
5471609.543066322,0.0,211.0,205.0,0.75,90.0,0.000127,,1.9,2022-01-06 15:25:00
5471610.543152454,0.0,213.0,,0.75,98.0,0.00013,,,2022-01-06 15:30:00
5471611.543238588,0.0,216.0,,0.75,92.0,0.000407,,,2022-01-06 15:35:00
5471612.54332472,0.0,222.0,,0.75,92.0,0.000545,,,2022-01-06 15:40:00
5471613.543410853,0.0,225.0,,0.75,97.0,0.0016,,,2022-01-06 15:45:00
5471614.543496985,0.0,223.0,,0.75,90.0,0.000778,,,2022-01-06 15:50:00
5471615.543583117,0.0,227.0,,0.75,89.0,0.000783,,,2022-01-06 15:55:00
5471616.543669251,0.0,227.0,,0.75,90.0,0.000591,,,2022-01-06 16:00:00
5471617.543755383,0.0,229.0,,0.75,91.0,0.000739,,,2022-01-06 16:05:00
5471618.543841516,0.0,230.0,,0.75,91.0,0.000305,,,2022-01-06 16:10:00
5471619.543927648,0.0,230.0,,0.75,92.0,0.000324,,,2022-01-06 16:15:00
5471620.5440137815,0.0,228.0,,0.75,91.0,0.000313,,,2022-01-06 16:20:00
5471621.544099914,0.0,228.0,,0.75,92.0,0.000322,,,2022-01-06 16:25:00
5471622.544186046,0.0,231.0,,0.75,94.0,0.000244,,,2022-01-06 16:30:00
5471623.544272179,0.0,234.0,,0.75,90.0,0.000212,,,2022-01-06 16:35:00
5471624.544358311,0.0,231.0,,0.75,90.0,0.000234,,,2022-01-06 16:40:00
5471625.544444445,0.0,231.0,,0.75,91.0,0.000242,,,2022-01-06 16:45:00
5471626.544530577,0.0,231.0,,0.75,89.0,0.000247,,,2022-01-06 16:50:00
5471627.544616709,0.0,231.0,,0.75,90.0,0.000279,,,2022-01-06 16:55:00
5471628.544702842,0.0,230.0,,0.88,89.0,0.000245,,,2022-01-06 17:00:00
5471629.544788975,0.0,231.0,,0.88,90.0,0.000271,,,2022-01-06 17:05:00
5471630.544875108,0.0,230.0,,0.88,90.0,0.000239,,,2022-01-06 17:10:00
5471631.54496124,0.0,231.0,,0.88,90.0,0.000236,,,2022-01-06 17:15:00
5471632.545047373,0.0,231.0,,0.88,98.0,0.000184,,,2022-01-06 17:20:00
5471633.545133505,0.0,233.0,,0.88,105.0,0.000194,,,2022-01-06 17:25:00
5471634.545219638,0.0,234.0,,0.88,109.0,0.082296,,,2022-01-06 17:30:00
5471635.545305771,0.0,231.0,,0.88,114.0,8.132,,,2022-01-06 17:35:00
5471636.545391903,0.0,227.0,,0.88,99.0,12.864,,,2022-01-06 17:40:00
5471637.545478036,0.0,220.0,,0.88,97.0,7.954,,,2022-01-06 17:45:00
5471638.545564169,0.0,217.0,,0.88,103.0,10.062,,,2022-01-06 17:50:00
5471639.5456503015,0.0,219.0,,0.88,117.0,12.3,,,2022-01-06 17:55:00
5471640.545736434,0.0,218.0,,0.88,102.0,17.52,,,2022-01-06 18:00:00
5471641.545822566,0.0,213.0,,0.88,98.0,13.462,,,2022-01-06 18:05:00
5471642.545908699,0.0,209.0,,0.88,106.0,15.44,,,2022-01-06 18:10:00
5471643.545994832,0.0,211.0,,0.88,114.0,17.96,,,2022-01-06 18:15:00
5471644.546080965,0.0,214.0,,0.88,106.0,18.66,,,2022-01-06 18:20:00
5471645.546167097,0.0,215.0,,0.88,103.0,17.56,,,2022-01-06 18:25:00
5471646.5462532295,0.0,215.0,,0.88,97.0,13.34,,,2022-01-06 18:30:00
5471647.546339363,0.0,218.0,,0.88,105.0,11.206,,,2022-01-06 18:35:00
5471648.546425495,0.0,218.0,,0.88,98.0,12.7,,,2022-01-06 18:40:00
5471649.546511628,0.0,220.0,,0.88,97.0,9.11,,,2022-01-06 18:45:00
5471650.54659776,0.0,223.0,,0.88,97.0,7.812,,,2022-01-06 18:50:00
5471651.546683893,0.0,221.0,,0.88,95.0,6.218,120.0,,2022-01-06 18:55:00
5471652.546770026,0.0,223.0,202.0,0.88,97.0,3.176,,,2022-01-06 19:00:00
5471653.546856158,0.0,224.0,,0.88,83.0,0.833,,,2022-01-06 19:05:00
5471654.546942291,0.0,223.0,,0.88,85.0,0.345,,,2022-01-06 19:10:00
5471655.547028423,0.0,208.0,,0.88,87.0,0.0796,,,2022-01-06 19:15:00
5471656.547114557,0.0,206.0,,0.88,89.0,0.03454,,,2022-01-06 19:20:00
5471657.547200689,0.0,203.0,200.0,0.88,96.0,0.0453,,9.3,2022-01-06 19:25:00
5471658.5472868215,0.0,206.0,,0.88,90.0,0.02502,,7.5,2022-01-06 19:30:00
5471659.547372954,0.0,209.0,,0.88,92.0,0.008966,,,2022-01-06 19:35:00
5471660.547459086,0.0,208.0,,0.88,93.0,0.02144,,,2022-01-06 19:40:00
5471661.54754522,0.0,207.0,,0.88,92.0,0.0451,,,2022-01-06 19:45:00
5471662.547631352,0.0,208.0,,0.88,95.0,0.08688,,,2022-01-06 19:50:00
5471663.547717485,0.0,214.0,,0.88,95.0,0.14912,,,2022-01-06 19:55:00
5471664.547803617,0.0,221.0,,0.88,88.0,0.10442,,,2022-01-06 20:00:00
5471665.54788975,0.0,223.0,,0.88,91.0,0.08706,,,2022-01-06 20:05:00
5471666.547975883,0.0,227.0,,0.88,90.0,0.032688,,,2022-01-06 20:10:00
5471667.548062015,0.0,221.0,,0.88,91.0,0.03462,,,2022-01-06 20:15:00
5471668.548148148,0.0,215.0,,0.88,93.0,0.032,,,2022-01-06 20:20:00
5471669.54823428,0.0,212.0,,0.88,96.0,0.013614,,,2022-01-06 20:25:00
5471670.548320414,0.0,202.0,,0.88,91.0,0.011808,,,2022-01-06 20:30:00
5471671.548406546,0.0,188.0,,0.88,89.0,0.001982,,,2022-01-06 20:35:00
5471672.548492678,0.0,179.0,,0.88,89.0,0.001888,,,2022-01-06 20:40:00
5471673.548578811,0.0,173.0,,0.88,88.0,0.003036,,,2022-01-06 20:45:00
5471674.548664944,0.0,167.0,,0.88,88.0,0.003642,,,2022-01-06 20:50:00
5471675.548751077,0.0,160.0,,0.88,87.0,0.003484,,,2022-01-06 20:55:00
5471676.548837209,0.0,153.0,,0.88,87.0,0.00312,,,2022-01-06 21:00:00
5471677.548923342,0.0,147.0,,0.88,88.0,0.002668,,,2022-01-06 21:05:00
5471678.549009474,0.0,141.0,,0.88,90.0,0.00309,,,2022-01-06 21:10:00
5471679.549095607,0.0,137.0,,0.88,89.0,0.001972,,,2022-01-06 21:15:00
5471680.54918174,0.0,132.0,,0.88,86.0,0.002078,,,2022-01-06 21:20:00
5471681.549267872,0.0,126.0,,0.88,88.0,0.001678,,,2022-01-06 21:25:00
5471682.549354005,0.0,122.0,,0.88,88.0,0.000534,,,2022-01-06 21:30:00
5471683.549440138,0.0,116.0,,0.88,87.0,0.001002,,,2022-01-06 21:35:00
5471684.5495262705,0.0,113.0,,0.88,86.0,0.001846,,,2022-01-06 21:40:00
5471685.549612403,0.0,109.0,,0.88,85.0,0.00199,,,2022-01-06 21:45:00
5471686.549698535,0.0,106.0,,0.88,86.0,0.001988,,,2022-01-06 21:50:00
5471687.549784668,0.0,105.0,,0.88,93.0,0.002146,,,2022-01-06 21:55:00
5471688.549870801,0.0,107.0,,0.88,82.0,0.000924,,,2022-01-06 22:00:00
5471689.549956934,0.0,103.0,,0.88,77.0,0.000294,,,2022-01-06 22:05:00
5471690.550043066,0.0,99.0,,0.88,77.0,0.000279,,,2022-01-06 22:10:00
5471691.5501291985,0.0,96.0,,0.88,77.0,0.000411,,,2022-01-06 22:15:00
5471692.550215332,0.0,94.0,,0.88,79.0,0.000465,,,2022-01-06 22:20:00
5471693.550301464,0.0,93.0,,0.88,75.0,0.000467,,,2022-01-06 22:25:00
5471694.550387597,0.0,95.0,,0.88,71.0,0.000409,,,2022-01-06 22:30:00
5471695.550473729,0.0,98.0,,0.88,73.0,0.000365,,,2022-01-06 22:35:00
5471696.550559862,0.0,101.0,,0.88,73.0,0.000335,,,2022-01-06 22:40:00
5471697.550645995,0.0,105.0,,0.88,73.0,0.000302,,,2022-01-06 22:45:00
5471698.550732127,0.0,109.0,,0.88,72.0,0.000279,,,2022-01-06 22:50:00
5471699.55081826,0.0,114.0,,0.88,72.0,0.000325,,,2022-01-06 22:55:00
5471700.550904392,0.0,120.0,,0.88,69.0,0.000495,,,2022-01-06 23:00:00
5471701.550990526,0.0,126.0,,0.88,69.0,0.000595,,,2022-01-06 23:05:00
5471702.551076658,0.0,130.0,,0.88,71.0,0.000676,,,2022-01-06 23:10:00
5471703.5511627905,0.0,133.0,,0.88,73.0,0.000757,,,2022-01-06 23:15:00
5471704.551248923,0.0,136.0,,0.88,71.0,0.000799,,,2022-01-06 23:20:00
5471705.551335055,0.0,138.0,,0.88,72.0,0.000874,,,2022-01-06 23:25:00
5471706.551421189,0.0,141.0,,0.88,74.0,0.000667,,,2022-01-06 23:30:00
5471707.551507321,0.0,143.0,,0.88,71.0,0.000658,,,2022-01-06 23:35:00
5471708.551593454,0.0,142.0,,0.88,71.0,0.000701,,,2022-01-06 23:40:00
5471709.551679586,0.0,144.0,,0.88,71.0,0.000966,,,2022-01-06 23:45:00
5471710.551765719,0.0,150.0,,0.88,69.0,0.001143,,,2022-01-06 23:50:00
5471711.551851852,0.0,154.0,,0.88,68.0,0.001282,,,2022-01-06 23:55:00
5471712.551937984,0.0,157.0,,1.0,67.0,0.00144,,,2022-01-07 00:00:00
5471713.552024117,0.0,160.0,,1.0,67.0,0.001594,,,2022-01-07 00:05:00
5471714.552110249,0.0,163.0,,1.0,68.0,0.001742,,,2022-01-07 00:10:00
5471715.552196383,0.0,165.0,,1.0,67.0,0.002058,,,2022-01-07 00:15:00
5471716.552282515,0.0,165.0,,1.0,65.0,0.001472,,,2022-01-07 00:20:00
5471717.552368647,0.0,164.0,,1.0,67.0,0.001286,,,2022-01-07 00:25:00
5471718.55245478,0.0,163.0,,1.0,66.0,0.001176,,,2022-01-07 00:30:00
5471719.552540913,0.0,163.0,,1.0,69.0,0.00143,,,2022-01-07 00:35:00
5471720.552627046,0.0,162.0,,1.0,68.0,0.00155,,,2022-01-07 00:40:00
5471721.552713178,0.0,161.0,,1.0,67.0,0.001642,,,2022-01-07 00:45:00
5471722.552799311,0.0,161.0,,1.0,67.0,0.001696,,,2022-01-07 00:50:00
5471723.552885443,0.0,160.0,,1.0,68.0,0.00175,,,2022-01-07 00:55:00
5471724.552971576,0.0,160.0,,1.0,68.0,0.00179,,,2022-01-07 01:00:00
5471725.553057709,0.0,163.0,,1.0,66.0,0.000206,,,2022-01-07 01:05:00
5471726.553143841,0.0,165.0,,1.0,66.0,5.8e-05,,,2022-01-07 01:10:00
5471727.553229974,0.0,166.0,,1.0,66.0,5.5e-05,,,2022-01-07 01:15:00
5471728.553316107,0.0,166.0,,1.0,66.0,5.4e-05,,,2022-01-07 01:20:00
5471729.553402239,0.0,166.0,,1.0,66.0,5.4e-05,,,2022-01-07 01:25:00
5471730.553488372,0.0,167.0,,1.0,66.0,5.4e-05,,,2022-01-07 01:30:00
5471731.553574504,0.0,167.0,,1.0,66.0,5.4e-05,,,2022-01-07 01:35:00
5471732.553660637,0.0,168.0,,1.0,66.0,8.6e-05,,,2022-01-07 01:40:00
5471733.55374677,0.0,168.0,,1.0,67.0,0.00019,,,2022-01-07 01:45:00
5471734.553832903,0.0,163.0,,1.0,66.0,0.000253,,,2022-01-07 01:50:00
5471735.553919035,0.0,160.0,,1.0,67.0,0.000306,,,2022-01-07 01:55:00
5471736.554005167,0.0,158.0,,1.0,67.0,0.000349,,,2022-01-07 02:00:00
5471737.554091301,0.0,165.0,,1.0,67.0,0.000449,,,2022-01-07 02:05:00
5471738.554177433,0.0,179.0,,1.0,66.0,0.000511,,,2022-01-07 02:10:00
5471739.554263566,0.0,183.0,,1.0,65.0,0.000515,,,2022-01-07 02:15:00
5471740.554349698,0.0,186.0,,1.0,70.0,0.000528,,,2022-01-07 02:20:00
5471741.554435831,0.0,188.0,,1.0,68.0,0.00057,,,2022-01-07 02:25:00
5471742.554521964,0.0,188.0,,1.0,68.0,0.000608,,,2022-01-07 02:30:00
5471743.554608096,0.0,187.0,,1.0,68.0,0.00057,,,2022-01-07 02:35:00
5471744.554694229,0.0,186.0,,1.0,67.0,0.000586,,,2022-01-07 02:40:00
5471745.554780361,0.0,185.0,,1.0,68.0,0.000592,,,2022-01-07 02:45:00
5471746.554866495,0.0,185.0,,1.0,68.0,0.000594,,,2022-01-07 02:50:00
5471747.554952627,0.0,186.0,,1.0,67.0,0.00061,,,2022-01-07 02:55:00
5471748.5550387595,0.0,186.0,,1.0,67.0,0.000617,,,2022-01-07 03:00:00
5471749.555124892,0.0,187.0,,1.0,68.0,0.000619,,,2022-01-07 03:05:00
5471750.555211024,0.0,191.0,,1.0,66.0,0.0007,,,2022-01-07 03:10:00
5471751.555297158,0.0,195.0,,1.0,69.0,0.000752,,,2022-01-07 03:15:00
5471752.55538329,0.0,196.0,,1.0,67.0,0.000777,,,2022-01-07 03:20:00
5471753.555469423,0.0,195.0,,1.0,67.0,0.000737,,,2022-01-07 03:25:00
5471754.555555555,0.0,194.0,,1.0,67.0,0.000741,,,2022-01-07 03:30:00
5471755.555641688,0.0,191.0,,1.0,67.0,0.000767,,,2022-01-07 03:35:00
5471756.555727821,0.0,189.0,,1.0,68.0,0.000783,,,2022-01-07 03:40:00
5471757.555813953,0.0,189.0,,1.0,68.0,0.000794,,,2022-01-07 03:45:00
5471758.555900086,0.0,188.0,,1.0,68.0,0.000802,,,2022-01-07 03:50:00
5471759.555986218,0.0,188.0,,1.0,67.0,0.00076,,,2022-01-07 03:55:00
5471760.5560723515,0.0,196.0,,1.25,65.0,0.000364,,,2022-01-07 04:00:00
5471761.556158484,0.0,205.0,,1.25,65.0,0.00032,,,2022-01-07 04:05:00
5471762.556244616,0.0,205.0,,1.25,66.0,0.000289,,,2022-01-07 04:10:00
5471763.556330749,0.0,205.0,,1.25,66.0,0.00027,,,2022-01-07 04:15:00
5471764.556416882,0.0,205.0,,1.25,67.0,0.000263,,,2022-01-07 04:20:00
5471765.556503015,0.0,206.0,,1.25,67.0,0.000265,,,2022-01-07 04:25:00
5471766.556589147,0.0,208.0,,1.25,64.0,0.000246,,,2022-01-07 04:30:00
5471767.5566752795,0.0,208.0,,1.25,67.0,0.000254,,,2022-01-07 04:35:00
5471768.556761412,0.0,208.0,,1.25,68.0,0.000259,,,2022-01-07 04:40:00
5471769.556847545,0.0,209.0,,1.25,67.0,0.000342,,,2022-01-07 04:45:00
5471770.556933678,0.0,209.0,,1.25,64.0,0.000394,,,2022-01-07 04:50:00
5471771.55701981,0.0,209.0,,1.25,67.0,0.000422,,,2022-01-07 04:55:00
5471772.557105943,0.0,210.0,,1.3,70.0,0.000444,,,2022-01-07 05:00:00
5471773.557192076,0.0,211.0,,1.3,71.0,0.000464,,,2022-01-07 05:05:00
5471774.557278208,0.0,211.0,,1.3,71.0,0.000488,,,2022-01-07 05:10:00
5471775.557364341,0.0,212.0,,1.3,68.0,0.000233,,,2022-01-07 05:15:00
5471776.557450473,0.0,212.0,,1.3,68.0,5e-05,,,2022-01-07 05:20:00
5471777.557536606,0.0,212.0,,1.3,67.0,5e-05,,,2022-01-07 05:25:00
5471778.557622739,0.0,211.0,,1.3,68.0,4.9e-05,,,2022-01-07 05:30:00
5471779.557708872,0.0,210.0,,1.3,71.0,4.9e-05,,,2022-01-07 05:35:00
5471780.557795004,0.0,209.0,,1.3,68.0,4.9e-05,,,2022-01-07 05:40:00
5471781.557881136,0.0,210.0,,1.3,66.0,5.4e-05,,,2022-01-07 05:45:00
5471782.55796727,0.0,210.0,,1.3,66.0,5.4e-05,,,2022-01-07 05:50:00
5471783.558053402,0.0,211.0,,1.3,67.0,5.3e-05,,,2022-01-07 05:55:00
5471784.558139535,0.0,214.0,,1.3,66.0,9.5e-05,,,2022-01-07 06:00:00
5471785.558225667,0.0,212.0,,1.3,68.0,0.000131,,,2022-01-07 06:05:00
5471786.5583118,0.0,213.0,,1.3,70.0,0.000201,,,2022-01-07 06:10:00
5471787.558397933,0.0,216.0,,1.3,69.0,0.000237,,,2022-01-07 06:15:00
5471788.558484065,0.0,216.0,,1.3,72.0,0.000258,,,2022-01-07 06:20:00
5471789.558570198,0.0,218.0,,1.3,81.0,0.00017,,,2022-01-07 06:25:00
5471790.55865633,0.0,221.0,,1.3,86.0,0.000172,,,2022-01-07 06:30:00
5471791.558742464,0.0,222.0,,1.3,77.0,0.000144,,,2022-01-07 06:35:00
5471792.558828596,0.0,220.0,,1.3,73.0,0.000164,,,2022-01-07 06:40:00
5471793.558914728,0.0,226.0,,1.3,75.0,0.00017,,,2022-01-07 06:45:00
5471794.559000861,0.0,226.0,,1.3,73.0,0.000182,,,2022-01-07 06:50:00
5471795.559086993,0.0,226.0,,1.3,78.0,0.000197,,,2022-01-07 06:55:00
5471796.559173127,0.0,230.0,215.0,1.45,88.0,0.0002,,,2022-01-07 07:00:00
5471797.559259259,0.0,235.0,,1.45,77.0,0.00021,,,2022-01-07 07:05:00
5471798.559345392,0.0,238.0,,1.45,77.0,0.000257,,,2022-01-07 07:10:00
5471799.559431524,0.0,223.0,,1.45,77.0,0.000274,,,2022-01-07 07:15:00
5471800.559517657,0.0,225.0,,1.45,77.0,0.000272,,,2022-01-07 07:20:00
5471801.55960379,0.0,228.0,,1.45,77.0,0.000286,,,2022-01-07 07:25:00
5471802.559689922,0.0,230.0,,1.45,78.0,0.000286,,,2022-01-07 07:30:00
5471803.559776055,0.0,232.0,,1.45,78.0,0.000277,,,2022-01-07 07:35:00
5471804.559862187,0.0,233.0,,1.45,79.0,0.000315,,,2022-01-07 07:40:00
5471805.5599483205,0.0,234.0,,1.45,80.0,0.000339,,,2022-01-07 07:45:00
5471806.560034453,0.0,233.0,,1.45,80.0,0.000394,,,2022-01-07 07:50:00
5471807.560120585,0.0,233.0,,1.45,82.0,0.000408,,,2022-01-07 07:55:00
5471808.560206718,0.0,233.0,235.0,1.45,82.0,0.000301,105.0,9.6,2022-01-07 08:00:00
5471809.560292851,0.0,232.0,,1.45,84.0,0.000322,,7.2,2022-01-07 08:05:00
5471810.560378984,0.0,232.0,,1.45,79.0,0.000317,,,2022-01-07 08:10:00
5471811.560465116,0.0,233.0,,1.45,80.0,0.000322,,,2022-01-07 08:15:00
5471812.5605512485,0.0,236.0,,1.45,82.0,0.000251,,,2022-01-07 08:20:00
5471813.560637381,0.0,244.0,,1.45,83.0,0.000261,,,2022-01-07 08:25:00
5471814.560723514,0.0,254.0,,1.45,79.0,0.000271,,,2022-01-07 08:30:00
5471815.560809647,0.0,264.0,,1.45,80.0,0.000278,,,2022-01-07 08:35:00
5471816.560895779,0.0,273.0,,1.45,81.0,0.000283,,,2022-01-07 08:40:00
5471817.560981912,0.0,281.0,,1.45,82.0,0.000286,,,2022-01-07 08:45:00
5471818.561068045,0.0,288.0,,1.45,83.0,0.0003,,,2022-01-07 08:50:00
5471819.561154177,0.0,294.0,,1.45,87.0,0.000251,,,2022-01-07 08:55:00
5471820.56124031,0.0,301.0,,1.45,88.0,0.000236,,,2022-01-07 09:00:00
5471821.561326442,0.0,302.0,,1.45,91.0,0.00025,,,2022-01-07 09:05:00
5471822.561412575,0.0,303.0,,1.45,85.0,0.000194,,,2022-01-07 09:10:00
5471823.561498708,0.0,303.0,,1.45,84.0,0.000199,,,2022-01-07 09:15:00
5471824.5615848405,0.0,302.0,,1.45,91.0,0.000175,,,2022-01-07 09:20:00
5471825.561670973,0.0,302.0,,1.45,89.0,0.000192,,,2022-01-07 09:25:00
5471826.561757105,0.0,296.0,,1.45,88.0,0.000225,,,2022-01-07 09:30:00
5471827.561843239,0.0,288.0,,1.45,91.0,0.000206,,,2022-01-07 09:35:00
5471828.561929371,0.0,288.0,,1.45,97.0,0.000234,,,2022-01-07 09:40:00
5471829.562015504,0.0,286.0,,1.45,100.0,0.000268,,,2022-01-07 09:45:00
5471830.562101636,0.0,283.0,,1.45,99.0,0.000281,,,2022-01-07 09:50:00
5471831.5621877685,0.0,277.0,,1.45,97.0,0.000333,,,2022-01-07 09:55:00
5471832.562273902,0.0,270.0,,1.45,104.0,0.001585,,,2022-01-07 10:00:00
5471833.562360034,0.0,263.0,,1.45,104.0,0.01891,,,2022-01-07 10:05:00
5471834.562446167,0.0,256.0,,1.45,108.0,1.03606,,,2022-01-07 10:10:00
5471835.562532299,0.0,253.0,,1.45,102.0,2.6324,,,2022-01-07 10:15:00
5471836.562618433,0.0,245.0,,1.45,93.0,3.83,,,2022-01-07 10:20:00
5471837.562704565,0.0,237.0,,1.45,94.0,2.584,,,2022-01-07 10:25:00
5471838.562790697,0.0,234.0,,1.45,93.0,1.326,,,2022-01-07 10:30:00
5471839.56287683,0.0,231.0,,1.45,93.0,0.792,,,2022-01-07 10:35:00
5471840.562962962,0.0,229.0,,1.45,91.0,0.5292,,,2022-01-07 10:40:00
5471841.563049096,0.0,229.0,,1.45,90.0,0.405,,,2022-01-07 10:45:00
5471842.563135228,0.0,229.0,,1.45,91.0,0.2424,,,2022-01-07 10:50:00
5471843.563221361,0.0,230.0,,1.45,87.0,0.1706,,,2022-01-07 10:55:00
5471844.563307493,0.0,229.0,,0.75,87.0,0.1412,,,2022-01-07 11:00:00
5471845.563393626,0.0,227.0,,0.75,86.0,0.1284,,,2022-01-07 11:05:00
5471846.563479759,0.0,223.0,,0.75,85.0,0.10902,,,2022-01-07 11:10:00
5471847.563565891,0.0,220.0,,0.75,89.0,0.07328,,,2022-01-07 11:15:00
5471848.563652024,0.0,220.0,,0.75,91.0,0.03042,,,2022-01-07 11:20:00
5471849.563738156,0.0,220.0,,0.75,84.0,0.018,,,2022-01-07 11:25:00
5471850.5638242895,0.0,214.0,,0.75,84.0,0.01624,,,2022-01-07 11:30:00
5471851.563910422,0.0,210.0,,0.75,85.0,0.01636,,,2022-01-07 11:35:00
5471852.563996554,0.0,207.0,,0.75,86.0,0.01546,,,2022-01-07 11:40:00
5471853.564082687,0.0,204.0,,0.75,86.0,0.01268,,,2022-01-07 11:45:00
5471854.56416882,0.0,201.0,,0.75,84.0,0.01118,,,2022-01-07 11:50:00
5471855.564254953,0.0,199.0,,0.75,85.0,0.01058,,,2022-01-07 11:55:00
5471856.564341085,0.0,197.0,,0.75,84.0,0.009072,,,2022-01-07 12:00:00
5471857.5644272175,0.0,195.0,,0.75,86.0,0.006786,,,2022-01-07 12:05:00
5471858.564513351,0.0,193.0,,0.75,86.0,0.00318,,,2022-01-07 12:10:00
5471859.564599483,0.0,194.0,,0.75,84.0,0.005022,,,2022-01-07 12:15:00
5471860.564685616,0.0,192.0,,0.75,89.0,0.005508,,,2022-01-07 12:20:00
5471861.564771748,0.0,191.0,,0.75,97.0,0.004484,,,2022-01-07 12:25:00
5471862.564857881,0.0,191.0,,0.75,97.0,0.004504,,,2022-01-07 12:30:00
5471863.564944014,0.0,187.0,,0.75,93.0,0.002846,,,2022-01-07 12:35:00
5471864.565030146,0.0,183.0,,0.75,94.0,0.004048,,,2022-01-07 12:40:00
5471865.565116279,0.0,181.0,,0.75,97.0,0.00476,,,2022-01-07 12:45:00
5471866.565202411,0.0,182.0,,0.75,89.0,0.006218,,,2022-01-07 12:50:00
5471867.565288545,0.0,182.0,,0.75,87.0,0.008304,,,2022-01-07 12:55:00
5471868.565374677,0.0,181.0,,0.75,86.0,0.022546,,,2022-01-07 13:00:00
5471869.5654608095,0.0,179.0,,0.75,85.0,0.0867,,,2022-01-07 13:05:00
5471870.565546942,0.0,178.0,,0.75,85.0,0.1128,,,2022-01-07 13:10:00
5471871.565633074,0.0,178.0,,0.75,87.0,0.09834,,,2022-01-07 13:15:00
5471872.565719208,0.0,178.0,,0.75,87.0,0.0716,,,2022-01-07 13:20:00
5471873.56580534,0.0,178.0,,0.75,88.0,0.0573,,,2022-01-07 13:25:00
5471874.565891473,0.0,178.0,,0.75,88.0,0.06732,,,2022-01-07 13:30:00
5471875.565977605,0.0,176.0,,0.75,82.0,0.3678,,,2022-01-07 13:35:00
5471876.566063738,0.0,173.0,,0.75,79.0,7.134,,,2022-01-07 13:40:00
5471877.566149871,0.0,170.0,,0.75,76.0,12.92,,,2022-01-07 13:45:00
5471878.566236003,0.0,170.0,,0.75,79.0,14.02,,,2022-01-07 13:50:00
5471879.566322136,0.0,171.0,,0.75,85.0,11.644,,,2022-01-07 13:55:00
5471880.566408268,0.0,174.0,,0.75,99.0,7.608,,,2022-01-07 14:00:00
5471881.566494402,0.0,178.0,,0.75,82.0,2.988,,,2022-01-07 14:05:00
5471882.566580534,0.0,180.0,,0.75,80.0,1.694,,,2022-01-07 14:10:00
5471883.566666666,0.0,179.0,,0.75,86.0,1.566,,,2022-01-07 14:15:00
5471884.566752799,0.0,179.0,181.0,0.75,81.0,1.3522,,,2022-01-07 14:20:00
5471885.566838932,0.0,181.0,181.0,0.75,90.0,0.8348,,10.1,2022-01-07 14:25:00
5471886.566925065,0.0,182.0,,0.75,85.0,0.625,140.0,8.8,2022-01-07 14:30:00
5471887.567011197,0.0,180.0,,0.75,86.0,0.6236,,,2022-01-07 14:35:00
5471888.56709733,0.0,180.0,,0.75,87.0,0.2782,,,2022-01-07 14:40:00
5471889.567183462,0.0,178.0,,0.75,87.0,0.2704,,,2022-01-07 14:45:00
5471890.567269595,0.0,175.0,,0.75,86.0,0.3102,,,2022-01-07 14:50:00
5471891.567355728,0.0,174.0,,0.75,89.0,0.3486,,,2022-01-07 14:55:00
5471892.56744186,0.0,182.0,,0.75,92.0,0.313,,,2022-01-07 15:00:00
5471893.567527993,0.0,189.0,,0.75,91.0,0.262,,,2022-01-07 15:05:00
5471894.567614126,0.0,198.0,,0.75,94.0,0.16504,,,2022-01-07 15:10:00
5471895.567700258,0.0,205.0,,0.75,94.0,0.09122,,,2022-01-07 15:15:00
5471896.567786391,0.0,211.0,,0.75,94.0,0.07894,,,2022-01-07 15:20:00
5471897.567872523,0.0,212.0,,0.75,95.0,0.06396,,,2022-01-07 15:25:00
5471898.567958656,0.0,207.0,,0.75,96.0,0.07508,,,2022-01-07 15:30:00
5471899.568044789,0.0,203.0,,0.75,95.0,0.05288,,,2022-01-07 15:35:00
5471900.568130922,0.0,202.0,,0.75,94.0,0.0544,,,2022-01-07 15:40:00
5471901.568217054,0.0,201.0,,0.75,95.0,0.0452,,,2022-01-07 15:45:00
5471902.568303186,0.0,199.0,,0.75,96.0,0.03576,,,2022-01-07 15:50:00
5471903.56838932,0.0,198.0,,0.75,94.0,0.03056,,,2022-01-07 15:55:00
5471904.568475452,0.0,199.0,,0.75,94.0,0.02548,,,2022-01-07 16:00:00
5471905.568561585,0.0,202.0,,0.75,94.0,0.013606,,,2022-01-07 16:05:00
5471906.568647717,0.0,204.0,,0.75,100.0,0.01568,,,2022-01-07 16:10:00
5471907.56873385,0.0,208.0,,0.75,103.0,0.008886,,,2022-01-07 16:15:00
5471908.568819983,0.0,208.0,,0.75,98.0,0.005062,,,2022-01-07 16:20:00
5471909.568906115,0.0,206.0,,0.75,96.0,0.006388,,,2022-01-07 16:25:00
5471910.568992248,0.0,204.0,,0.75,93.0,0.00765,,,2022-01-07 16:30:00
5471911.56907838,0.0,208.0,,0.75,103.0,0.01172,,,2022-01-07 16:35:00
5471912.569164514,0.0,214.0,,0.75,101.0,0.02632,,,2022-01-07 16:40:00
5471913.569250646,0.0,215.0,,0.75,100.0,0.03812,,,2022-01-07 16:45:00
5471914.5693367785,0.0,217.0,,0.75,95.0,0.05978,,,2022-01-07 16:50:00
5471915.569422911,0.0,220.0,,0.75,96.0,0.2014,,,2022-01-07 16:55:00
5471916.569509043,0.0,224.0,,0.88,106.0,3.07956,,,2022-01-07 17:00:00
5471917.569595177,0.0,226.0,,0.88,120.0,13.438,,,2022-01-07 17:05:00
5471918.569681309,0.0,225.0,,0.88,121.0,19.12,,,2022-01-07 17:10:00
5471919.569767442,0.0,224.0,,0.88,111.0,19.94,,,2022-01-07 17:15:00
5471920.569853574,0.0,223.0,,0.88,106.0,14.7,,,2022-01-07 17:20:00
5471921.569939707,0.0,225.0,,0.88,103.0,11.038,,,2022-01-07 17:25:00
5471922.57002584,0.0,228.0,,0.88,115.0,14.722,,,2022-01-07 17:30:00
5471923.570111972,0.0,232.0,,0.88,125.0,23.6,,,2022-01-07 17:35:00
5471924.570198105,0.0,232.0,,0.88,100.0,24.7,,,2022-01-07 17:40:00
5471925.570284237,0.0,236.0,,0.88,97.0,22.68,,,2022-01-07 17:45:00
5471926.5703703705,0.0,239.0,,0.88,95.0,21.92,,,2022-01-07 17:50:00
5471927.570456503,0.0,251.0,,0.88,108.0,20.26,,,2022-01-07 17:55:00
5471928.570542635,0.0,261.0,,0.88,108.0,21.48,,,2022-01-07 18:00:00
5471929.570628768,0.0,265.0,,0.88,104.0,19.38,,,2022-01-07 18:05:00
5471930.570714901,0.0,269.0,,0.88,112.0,20.78,,,2022-01-07 18:10:00
5471931.570801034,0.0,273.0,,0.88,110.0,21.14,,,2022-01-07 18:15:00
5471932.570887166,0.0,282.0,,0.88,115.0,22.64,,,2022-01-07 18:20:00
5471933.5709732985,0.0,288.0,,0.88,112.0,23.2,,,2022-01-07 18:25:00
5471934.571059431,1.0,,,0.88,112.0,20.902,,,2022-01-07 18:30:00
5471935.571145564,1.0,,,0.88,114.0,24.12,,,2022-01-07 18:35:00
5471936.571231697,1.0,,,0.88,114.0,21.204,,,2022-01-07 18:40:00
5471937.571317829,1.0,,,0.88,120.0,22.48,,,2022-01-07 18:45:00
5471938.571403962,1.0,,,0.88,111.0,20.22,,,2022-01-07 18:50:00
5471939.571490095,1.0,,,0.88,108.0,17.36,,,2022-01-07 18:55:00
5471940.571576227,1.0,,,0.88,113.0,14.34,,,2022-01-07 19:00:00
5471941.57166236,1.0,,,0.88,110.0,16.3,,,2022-01-07 19:05:00
5471942.571748492,1.0,,,0.88,116.0,13.606,,,2022-01-07 19:10:00
5471943.571834625,1.0,,,0.88,118.0,16.52,,,2022-01-07 19:15:00
5471944.571920758,1.0,,,0.88,115.0,17.3,,,2022-01-07 19:20:00
5471945.572006891,1.0,,,0.88,110.0,13.3,,,2022-01-07 19:25:00
5471946.572093023,1.0,,,0.88,113.0,13.208,,,2022-01-07 19:30:00
5471947.572179155,1.0,,,0.88,109.0,8.806,,,2022-01-07 19:35:00
5471948.572265289,1.0,,,0.88,109.0,7.244,,,2022-01-07 19:40:00
5471949.572351421,1.0,,,0.88,108.0,7.078,,,2022-01-07 19:45:00
5471950.572437554,1.0,,,0.88,111.0,5.126,,,2022-01-07 19:50:00
5471951.572523686,1.0,,,0.88,107.0,0.05936,,,2022-01-07 19:55:00
5471952.572609819,1.0,,,0.88,125.0,0.33554,,,2022-01-07 20:00:00
5471953.572695952,1.0,,,0.88,108.0,1.6298,,,2022-01-07 20:05:00
5471954.572782084,1.0,,,0.88,107.0,0.55,,,2022-01-07 20:10:00
5471955.572868217,1.0,,,0.88,118.0,0.9356,,,2022-01-07 20:15:00
5471956.572954349,1.0,,,0.88,112.0,2.896,,,2022-01-07 20:20:00
5471957.573040483,1.0,,,0.88,,,,,2022-01-07 20:25:00
5471958.573126615,1.0,,,0.88,,,,,2022-01-07 20:30:00
5471959.573212747,1.0,,,0.88,,,,,2022-01-07 20:35:00
5471960.57329888,1.0,,,0.88,,,,,2022-01-07 20:40:00
5471961.573385012,1.0,,,0.88,,,,,2022-01-07 20:45:00
5471962.573471146,1.0,,,0.88,,,,,2022-01-07 20:50:00
5471963.573557278,1.0,,,0.88,,,,,2022-01-07 20:55:00
5471964.573643411,1.0,,,0.88,,,,,2022-01-07 21:00:00
5471965.573729543,1.0,,,0.88,,,,,2022-01-07 21:05:00
5471966.573815676,1.0,,,0.88,,,,,2022-01-07 21:10:00
5471967.573901809,1.0,,,0.88,,,,,2022-01-07 21:15:00
5471968.573987941,1.0,,,0.88,,,,,2022-01-07 21:20:00
5471969.574074074,1.0,,,0.88,,,,,2022-01-07 21:25:00
5471970.574160206,1.0,,,0.88,,,,,2022-01-07 21:30:00
5471971.5742463395,1.0,,,0.88,,,,,2022-01-07 21:35:00
5471972.574332472,1.0,,,0.88,103.0,6.7e-05,,,2022-01-07 21:40:00
5471973.574418604,1.0,,,0.88,91.0,7.6e-05,,,2022-01-07 21:45:00
5471974.574504737,1.0,,295.0,0.88,98.0,7.3e-05,,,2022-01-07 21:50:00
5471975.57459087,1.0,,295.0,0.88,93.0,7.8e-05,,11.2,2022-01-07 21:55:00
5471976.574677003,1.0,,,0.88,87.0,7.4e-05,120.0,7.5,2022-01-07 22:00:00
5471977.574763135,1.0,,,0.88,93.0,7.8e-05,,,2022-01-07 22:05:00
5471978.5748492675,1.0,,,0.88,87.0,6.4e-05,,,2022-01-07 22:10:00
5471979.5749354,1.0,,,0.88,87.0,7.2e-05,,,2022-01-07 22:15:00
5471980.575021533,1.0,,,0.88,86.0,6.8e-05,,,2022-01-07 22:20:00
5471981.575107666,1.0,,,0.88,86.0,7.9e-05,,,2022-01-07 22:25:00
5471982.575193798,1.0,,,0.88,88.0,8.5e-05,,,2022-01-07 22:30:00
5471983.575279931,1.0,,,0.88,88.0,7.4e-05,,,2022-01-07 22:35:00
5471984.575366064,1.0,,,0.88,89.0,7.5e-05,,,2022-01-07 22:40:00
5471985.575452196,1.0,,,0.88,92.0,7.8e-05,,,2022-01-07 22:45:00
5471986.575538329,1.0,,,0.88,94.0,7.8e-05,,,2022-01-07 22:50:00
5471987.575624461,1.0,,,0.88,93.0,7.8e-05,,,2022-01-07 22:55:00
5471988.575710594,1.0,,,0.88,91.0,5.2e-05,,,2022-01-07 23:00:00
5471989.575796727,1.0,,,0.88,83.0,4.6e-05,,,2022-01-07 23:05:00
5471990.5758828595,1.0,,,0.88,85.0,4.7e-05,,,2022-01-07 23:10:00
5471991.575968992,1.0,,,0.88,81.0,4.7e-05,,,2022-01-07 23:15:00
5471992.576055124,1.0,,,0.88,79.0,5.2e-05,,,2022-01-07 23:20:00
5471993.576141258,1.0,,,0.88,79.0,5.2e-05,,,2022-01-07 23:25:00
5471994.57622739,1.0,,,0.88,80.0,5.6e-05,,,2022-01-07 23:30:00
5471995.576313523,1.0,,,0.88,79.0,6.3e-05,,,2022-01-07 23:35:00
5471996.576399655,1.0,,,0.88,79.0,6.5e-05,,,2022-01-07 23:40:00
5471997.5764857875,1.0,,,0.88,78.0,5.4e-05,,,2022-01-07 23:45:00
5471998.576571921,1.0,,,0.88,78.0,4.7e-05,,,2022-01-07 23:50:00
5471999.576658053,1.0,,,0.88,79.0,4.6e-05,,,2022-01-07 23:55:00
5472000.576744186,1.0,,,0.88,79.0,4.6e-05,,,2022-01-08 00:00:00
5472001.576830318,1.0,,,0.88,79.0,4.6e-05,,,2022-01-08 00:05:00
5472002.576916452,1.0,,,0.88,79.0,4.9e-05,,,2022-01-08 00:10:00
5472003.577002584,1.0,,,0.88,78.0,5.6e-05,,,2022-01-08 00:15:00
5472004.577088716,1.0,,,0.88,80.0,6e-05,,,2022-01-08 00:20:00
5472005.577174849,1.0,,,0.88,79.0,6.4e-05,,,2022-01-08 00:25:00
5472006.577260981,1.0,,,0.88,79.0,6.2e-05,,,2022-01-08 00:30:00
5472007.577347115,1.0,,,0.88,79.0,5.8e-05,,,2022-01-08 00:35:00
5472008.577433247,1.0,,,0.88,79.0,5.4e-05,,,2022-01-08 00:40:00
5472009.57751938,1.0,,,0.88,79.0,5.6e-05,,,2022-01-08 00:45:00
5472010.577605512,1.0,,,0.88,78.0,6.8e-05,,,2022-01-08 00:50:00
5472011.577691645,1.0,,,0.88,78.0,7.1e-05,,,2022-01-08 00:55:00
5472012.577777778,1.0,,,0.88,77.0,5.4e-05,,,2022-01-08 01:00:00
5472013.57786391,1.0,,,0.88,75.0,6e-05,,,2022-01-08 01:05:00
5472014.577950043,1.0,,,0.88,73.0,6.9e-05,,,2022-01-08 01:10:00
5472015.578036175,1.0,,,0.88,75.0,6.5e-05,,,2022-01-08 01:15:00
5472016.5781223085,1.0,,,0.88,72.0,6.6e-05,,,2022-01-08 01:20:00
5472017.578208441,1.0,,,0.88,73.0,6.4e-05,,,2022-01-08 01:25:00
5472018.578294573,1.0,,,0.88,73.0,6.3e-05,,,2022-01-08 01:30:00
5472019.578380706,1.0,,,0.88,72.0,6.1e-05,,,2022-01-08 01:35:00
5472020.578466839,1.0,,,0.88,71.0,4.9e-05,,,2022-01-08 01:40:00
5472021.578552972,1.0,,,0.88,70.0,4.9e-05,,,2022-01-08 01:45:00
5472022.578639104,1.0,,,0.88,70.0,4.9e-05,,,2022-01-08 01:50:00
5472023.5787252365,1.0,,,0.88,70.0,4.8e-05,,,2022-01-08 01:55:00
5472024.578811369,1.0,,,0.88,70.0,5.1e-05,,,2022-01-08 02:00:00
5472025.578897502,1.0,,,0.88,70.0,5.1e-05,,,2022-01-08 02:05:00
5472026.578983635,1.0,,,0.88,72.0,4.9e-05,,,2022-01-08 02:10:00
5472027.579069767,1.0,,,0.88,70.0,4.8e-05,,,2022-01-08 02:15:00
5472028.5791559,1.0,,,0.88,70.0,4.9e-05,,,2022-01-08 02:20:00
5472029.579242033,1.0,,,0.88,69.0,4.9e-05,,,2022-01-08 02:25:00
5472030.579328165,1.0,,,0.88,70.0,5.9e-05,,,2022-01-08 02:30:00
5472031.579414298,1.0,,,0.88,70.0,6.7e-05,,,2022-01-08 02:35:00
5472032.57950043,1.0,,,0.88,71.0,9.3e-05,,,2022-01-08 02:40:00
5472033.579586563,1.0,,,0.88,70.0,8.7e-05,,,2022-01-08 02:45:00
5472034.579672696,1.0,,,0.88,70.0,9.3e-05,,,2022-01-08 02:50:00
5472035.5797588285,1.0,,,0.88,70.0,0.000102,,,2022-01-08 02:55:00
5472036.579844961,1.0,,,0.88,70.0,0.000117,,,2022-01-08 03:00:00
5472037.579931093,1.0,,,0.88,68.0,0.000128,,,2022-01-08 03:05:00
5472038.580017227,1.0,,,0.88,68.0,0.00014,,,2022-01-08 03:10:00
5472039.580103359,1.0,,,0.88,71.0,0.000105,,,2022-01-08 03:15:00
5472040.580189492,1.0,,,0.88,69.0,8.7e-05,,,2022-01-08 03:20:00
5472041.580275624,1.0,,,0.88,69.0,7.6e-05,,,2022-01-08 03:25:00
5472042.5803617565,1.0,,,0.88,68.0,7e-05,,,2022-01-08 03:30:00
5472043.58044789,1.0,,,0.88,69.0,6.8e-05,,,2022-01-08 03:35:00
5472044.580534022,1.0,,,0.88,69.0,6.5e-05,,,2022-01-08 03:40:00
5472045.580620155,1.0,,,0.88,70.0,6.4e-05,,,2022-01-08 03:45:00
5472046.580706287,1.0,,,0.88,68.0,6.5e-05,,,2022-01-08 03:50:00
5472047.580792421,1.0,,,0.88,70.0,6.5e-05,,,2022-01-08 03:55:00
5472048.580878553,1.0,,,0.88,69.0,6.5e-05,,,2022-01-08 04:00:00
5472049.580964685,1.0,,,0.88,68.0,5.1e-05,,,2022-01-08 04:05:00
5472050.581050818,1.0,,,0.88,69.0,4.9e-05,,,2022-01-08 04:10:00
5472051.58113695,1.0,,,0.88,70.0,5.6e-05,,,2022-01-08 04:15:00
5472052.581223084,1.0,,,0.88,69.0,6.1e-05,,,2022-01-08 04:20:00
5472053.581309216,1.0,,,0.88,68.0,6.3e-05,,,2022-01-08 04:25:00
5472054.5813953485,1.0,,,0.88,71.0,6.3e-05,,,2022-01-08 04:30:00
5472055.581481481,1.0,,,0.88,69.0,6.8e-05,,,2022-01-08 04:35:00
5472056.581567614,1.0,,,0.88,70.0,7.3e-05,,,2022-01-08 04:40:00
5472057.581653747,1.0,,,0.88,70.0,7.6e-05,,,2022-01-08 04:45:00
5472058.581739879,1.0,,,0.88,71.0,7.8e-05,,,2022-01-08 04:50:00
5472059.581826012,1.0,,,0.88,70.0,8.3e-05,,,2022-01-08 04:55:00
5472060.581912144,1.0,,,0.88,71.0,7.2e-05,,,2022-01-08 05:00:00
5472061.581998277,1.0,,,0.88,68.0,5.4e-05,,,2022-01-08 05:05:00
5472062.58208441,1.0,,,0.88,69.0,5.5e-05,,,2022-01-08 05:10:00
5472063.582170542,1.0,,,0.88,66.0,5.1e-05,,,2022-01-08 05:15:00
5472064.582256675,1.0,,,0.88,69.0,5.3e-05,,,2022-01-08 05:20:00
5472065.582342808,1.0,,,0.88,70.0,5.4e-05,,,2022-01-08 05:25:00
5472066.582428941,1.0,,,0.88,71.0,5.2e-05,,,2022-01-08 05:30:00
5472067.582515073,1.0,,,0.88,71.0,5.2e-05,,,2022-01-08 05:35:00
5472068.582601205,1.0,,,0.88,72.0,5.4e-05,,,2022-01-08 05:40:00
5472069.582687338,1.0,,,0.88,72.0,6.3e-05,,,2022-01-08 05:45:00
5472070.582773471,1.0,,,0.88,70.0,6.9e-05,,,2022-01-08 05:50:00
5472071.582859604,1.0,,,0.88,68.0,7.6e-05,,,2022-01-08 05:55:00
5472072.582945736,1.0,,,0.88,69.0,7.9e-05,,,2022-01-08 06:00:00
5472073.583031869,1.0,,,0.88,68.0,6.9e-05,,,2022-01-08 06:05:00
5472074.583118002,1.0,,,0.88,66.0,6.7e-05,,,2022-01-08 06:10:00
5472075.583204134,1.0,,,0.88,66.0,6e-05,,,2022-01-08 06:15:00
5472076.583290267,1.0,,189.0,0.88,70.0,7.6e-05,,1.5,2022-01-08 06:20:00
5472077.583376399,1.0,,,0.88,76.0,6.1e-05,,,2022-01-08 06:25:00
5472078.583462532,0.0,190.0,,0.88,65.0,4.7e-05,,,2022-01-08 06:30:00
5472079.583548665,0.0,189.0,,0.88,64.0,5.2e-05,,,2022-01-08 06:35:00
5472080.5836347975,0.0,187.0,,0.88,66.0,5.4e-05,,,2022-01-08 06:40:00
5472081.58372093,0.0,183.0,,0.88,66.0,5e-05,,,2022-01-08 06:45:00
5472082.583807062,0.0,176.0,,0.88,67.0,5.2e-05,,,2022-01-08 06:50:00
5472083.583893196,0.0,170.0,,0.88,67.0,5.2e-05,,,2022-01-08 06:55:00
5472084.583979328,0.0,166.0,,0.88,71.0,5.3e-05,,,2022-01-08 07:00:00
5472085.584065461,0.0,161.0,,0.88,73.0,5.3e-05,,,2022-01-08 07:05:00
5472086.584151593,0.0,160.0,,0.88,73.0,5.3e-05,,,2022-01-08 07:10:00
5472087.5842377255,0.0,160.0,,0.88,73.0,5.1e-05,,,2022-01-08 07:15:00
5472088.584323859,0.0,162.0,,0.88,73.0,5.8e-05,,,2022-01-08 07:20:00
5472089.584409991,0.0,168.0,,0.88,73.0,5.7e-05,,,2022-01-08 07:25:00
5472090.584496124,0.0,175.0,,0.88,70.0,4.6e-05,,,2022-01-08 07:30:00
5472091.584582256,0.0,175.0,,0.88,70.0,4.6e-05,,,2022-01-08 07:35:00
5472092.5846683895,0.0,176.0,,0.88,71.0,4.6e-05,,,2022-01-08 07:40:00
5472093.584754522,0.0,177.0,,0.88,68.0,4.6e-05,,,2022-01-08 07:45:00
5472094.584840654,0.0,176.0,,0.88,70.0,4.6e-05,,,2022-01-08 07:50:00
5472095.584926787,0.0,176.0,,0.88,70.0,4.6e-05,,,2022-01-08 07:55:00
5472096.585012919,0.0,176.0,,0.88,70.0,4.6e-05,,,2022-01-08 08:00:00
5472097.585099053,0.0,172.0,,0.88,69.0,5.5e-05,,,2022-01-08 08:05:00
5472098.585185185,0.0,171.0,,0.88,68.0,6.5e-05,,,2022-01-08 08:10:00
5472099.5852713175,0.0,168.0,,0.88,71.0,6e-05,,,2022-01-08 08:15:00
5472100.58535745,0.0,172.0,,0.88,75.0,5.2e-05,,,2022-01-08 08:20:00
5472101.585443583,0.0,174.0,,0.88,73.0,4.8e-05,,,2022-01-08 08:25:00
5472102.585529716,0.0,174.0,,0.88,73.0,5.8e-05,,,2022-01-08 08:30:00
5472103.585615848,0.0,176.0,,0.88,77.0,5.5e-05,,,2022-01-08 08:35:00
5472104.585701981,0.0,180.0,,0.88,96.0,5.2e-05,,,2022-01-08 08:40:00
5472105.585788113,0.0,179.0,,0.88,97.0,4.9e-05,,,2022-01-08 08:45:00
5472106.585874246,0.0,184.0,172.0,0.88,93.0,4.6e-05,,,2022-01-08 08:50:00
5472107.585960379,0.0,182.0,172.0,0.88,93.0,4.6e-05,,8.5,2022-01-08 08:55:00
5472108.586046511,0.0,170.0,,0.88,85.0,4.7e-05,120.0,7.5,2022-01-08 09:00:00
5472109.586132644,0.0,175.0,,0.88,87.0,4.8e-05,,,2022-01-08 09:05:00
5472110.586218777,0.0,182.0,,0.88,99.0,4.6e-05,,,2022-01-08 09:10:00
5472111.58630491,0.0,195.0,,0.88,106.0,4.9e-05,,,2022-01-08 09:15:00
5472112.586391042,0.0,210.0,,0.88,98.0,4.5e-05,,,2022-01-08 09:20:00
5472113.586477174,0.0,223.0,,0.88,101.0,4.7e-05,,,2022-01-08 09:25:00
5472114.586563307,0.0,233.0,,0.88,97.0,7.3e-05,,,2022-01-08 09:30:00
5472115.58664944,0.0,243.0,,0.88,110.0,8.9e-05,,,2022-01-08 09:35:00
5472116.586735573,0.0,249.0,,0.88,103.0,0.000113,,,2022-01-08 09:40:00
5472117.586821705,0.0,251.0,,0.88,111.0,0.000541,,,2022-01-08 09:45:00
5472118.586907838,0.0,252.0,,0.88,106.0,0.019257,,,2022-01-08 09:50:00
5472119.586993971,0.0,250.0,,0.88,111.0,0.8876,,,2022-01-08 09:55:00
5472120.587080103,0.0,248.0,,0.88,103.0,3.377,,,2022-01-08 10:00:00
5472121.587166236,0.0,241.0,,0.88,104.0,3.184,,,2022-01-08 10:05:00
5472122.587252368,0.0,236.0,,0.88,108.0,3.0806,,,2022-01-08 10:10:00
5472123.587338501,0.0,232.0,,0.88,99.0,5.6522,,,2022-01-08 10:15:00
5472124.587424634,0.0,229.0,,0.88,108.0,6.606,,,2022-01-08 10:20:00
5472125.587510766,0.0,228.0,,0.88,106.0,7.676,,,2022-01-08 10:25:00
5472126.587596899,0.0,227.0,,0.88,99.0,8.898,,,2022-01-08 10:30:00
5472127.587683031,0.0,224.0,,0.88,107.0,8.938,,,2022-01-08 10:35:00
5472128.587769165,0.0,219.0,,0.88,104.0,5.508,,,2022-01-08 10:40:00
5472129.587855297,0.0,215.0,,0.88,102.0,1.7322,,,2022-01-08 10:45:00
5472130.58794143,0.0,209.0,,0.88,106.0,0.93515,,,2022-01-08 10:50:00
5472131.588027562,0.0,196.0,,0.88,103.0,0.988675,,,2022-01-08 10:55:00
5472132.588113694,0.0,188.0,,0.88,107.0,3.966,,,2022-01-08 11:00:00
5472133.588199828,0.0,192.0,,0.88,107.0,5.3106,,,2022-01-08 11:05:00
5472134.58828596,0.0,188.0,,0.88,101.0,2.6806,,,2022-01-08 11:10:00
5472135.588372093,0.0,181.0,,0.88,101.0,1.9872,,,2022-01-08 11:15:00
5472136.588458225,0.0,173.0,,0.88,96.0,0.9534,,,2022-01-08 11:20:00
5472137.5885443585,0.0,162.0,,0.88,109.0,0.77552,,,2022-01-08 11:25:00
5472138.588630491,0.0,158.0,,0.88,107.0,2.1684,,,2022-01-08 11:30:00
5472139.588716623,0.0,152.0,,0.88,105.0,1.3854,,,2022-01-08 11:35:00
5472140.588802756,0.0,149.0,,0.88,116.0,2.964,,,2022-01-08 11:40:00
5472141.588888888,0.0,143.0,,0.88,112.0,2.778,,,2022-01-08 11:45:00
5472142.588975022,0.0,135.0,,0.88,107.0,5.048,,,2022-01-08 11:50:00
5472143.589061154,0.0,127.0,,0.88,105.0,4.178,,,2022-01-08 11:55:00
5472144.5891472865,0.0,119.0,,0.88,108.0,1.9946,,,2022-01-08 12:00:00
5472145.589233419,0.0,114.0,,0.88,109.0,1.2344,,,2022-01-08 12:05:00
5472146.589319552,0.0,111.0,,0.88,113.0,0.20248,,,2022-01-08 12:10:00
5472147.589405685,0.0,109.0,,0.88,115.0,0.039906,,,2022-01-08 12:15:00
5472148.589491817,0.0,107.0,,0.88,112.0,1.4756,,,2022-01-08 12:20:00
5472149.58957795,0.0,103.0,,0.88,113.0,6.04,,,2022-01-08 12:25:00
5472150.589664082,0.0,92.0,,0.88,109.0,10.658,,,2022-01-08 12:30:00
5472151.589750215,0.0,83.0,,0.88,117.0,11.098,,,2022-01-08 12:35:00
5472152.589836348,0.0,78.0,,0.88,112.0,7.378,,,2022-01-08 12:40:00
5472153.58992248,0.0,77.0,,0.88,113.0,8.798,,,2022-01-08 12:45:00
5472154.590008613,0.0,75.0,,0.88,104.0,8.872,,,2022-01-08 12:50:00
5472155.590094746,0.0,75.0,,0.88,104.0,12.702,,,2022-01-08 12:55:00
5472156.5901808785,0.0,74.0,,0.88,103.0,9.482,,,2022-01-08 13:00:00
5472157.590267011,0.0,75.0,,0.88,105.0,3.408,,,2022-01-08 13:05:00
5472158.590353143,0.0,72.0,,0.88,103.0,0.27976,,,2022-01-08 13:10:00
5472159.590439276,0.0,67.0,,0.88,104.0,0.308678,,,2022-01-08 13:15:00
5472160.590525409,0.0,66.0,75.0,0.88,106.0,0.73,,6.4,2022-01-08 13:20:00
5472161.590611542,0.0,65.0,,0.88,109.0,0.2764,130.0,1.15,2022-01-08 13:25:00
5472162.590697674,0.0,68.0,,0.88,108.0,0.062844,,3.5,2022-01-08 13:30:00
5472163.5907838065,0.0,68.0,,0.88,97.0,0.006506,,,2022-01-08 13:35:00
5472164.59086994,0.0,65.0,,0.88,98.0,0.00188,,,2022-01-08 13:40:00
5472165.590956072,0.0,65.0,,0.88,108.0,0.000785,,,2022-01-08 13:45:00
5472166.591042205,0.0,67.0,,0.88,110.0,0.001009,,,2022-01-08 13:50:00
5472167.591128337,0.0,66.0,,0.88,110.0,0.000289,,,2022-01-08 13:55:00
5472168.59121447,0.0,76.0,,0.88,107.0,0.000499,,,2022-01-08 14:00:00
5472169.591300603,0.0,89.0,,0.88,116.0,0.000304,,,2022-01-08 14:05:00
5472170.591386735,0.0,101.0,,0.88,112.0,0.000267,,,2022-01-08 14:10:00
5472171.591472868,0.0,94.0,,0.88,113.0,0.001029,,,2022-01-08 14:15:00
5472172.591559,0.0,95.0,,0.88,118.0,0.000559,,,2022-01-08 14:20:00
5472173.591645134,0.0,95.0,,0.88,113.0,0.000695,,,2022-01-08 14:25:00
5472174.591731266,0.0,99.0,,0.88,120.0,0.000396,,,2022-01-08 14:30:00
5472175.591817399,0.0,99.0,,0.88,113.0,0.000394,,,2022-01-08 14:35:00
5472176.591903531,0.0,99.0,,0.88,118.0,0.005792,,,2022-01-08 14:40:00
5472177.591989664,0.0,99.0,,0.88,111.0,0.037381,,,2022-01-08 14:45:00
5472178.592075797,0.0,98.0,,0.88,117.0,0.46414,,,2022-01-08 14:50:00
5472179.592161929,0.0,98.0,,0.88,106.0,0.489088,,,2022-01-08 14:55:00
5472180.592248062,0.0,97.0,,0.88,106.0,0.6706,,,2022-01-08 15:00:00
5472181.592334194,0.0,96.0,,0.88,103.0,0.5064,,,2022-01-08 15:05:00
5472182.5924203275,0.0,100.0,,0.88,109.0,0.145958,,,2022-01-08 15:10:00
5472183.59250646,0.0,100.0,,0.88,117.0,5.718,,,2022-01-08 15:15:00
5472184.592592592,0.0,92.0,,0.88,112.0,5.438,,,2022-01-08 15:20:00
5472185.592678725,0.0,89.0,,0.88,110.0,8.606,,,2022-01-08 15:25:00
5472186.592764858,0.0,89.0,,0.88,116.0,13.04,,,2022-01-08 15:30:00
5472187.592850991,0.0,87.0,,0.88,116.0,15.78,,,2022-01-08 15:35:00
5472188.592937123,0.0,80.0,,0.88,114.0,7.7798,,,2022-01-08 15:40:00
5472189.5930232555,0.0,78.0,,0.88,121.0,14.24,,,2022-01-08 15:45:00
5472190.593109388,0.0,70.0,,0.88,113.0,11.1832,,,2022-01-08 15:50:00
5472191.593195521,0.0,66.0,,0.88,108.0,8.272,,,2022-01-08 15:55:00
5472192.593281654,0.0,64.0,,0.88,110.0,7.796,,,2022-01-08 16:00:00
5472193.593367786,0.0,61.0,,0.88,107.0,8.78,,,2022-01-08 16:05:00
5472194.593453919,0.0,67.0,,0.88,107.0,5.174,,,2022-01-08 16:10:00
5472195.593540052,0.0,65.0,,0.88,107.0,5.224,,,2022-01-08 16:15:00
5472196.593626184,0.0,59.0,,0.88,96.0,1.916,,,2022-01-08 16:20:00
5472197.593712317,0.0,62.0,,0.88,107.0,1.4196,,,2022-01-08 16:25:00
5472198.593798449,0.0,64.0,,0.88,103.0,0.251188,,,2022-01-08 16:30:00
5472199.593884582,0.0,64.0,,0.88,105.0,0.023086,,,2022-01-08 16:35:00
5472200.593970715,0.0,60.0,,0.88,110.0,0.006503,,,2022-01-08 16:40:00
5472201.5940568475,0.0,57.0,,0.88,112.0,0.010172,,,2022-01-08 16:45:00
5472202.59414298,0.0,59.0,,0.88,111.0,0.017562,,,2022-01-08 16:50:00
5472203.594229112,0.0,64.0,,0.88,110.0,0.1388,,,2022-01-08 16:55:00
5472204.594315246,0.0,67.0,,0.88,110.0,1.72208,,,2022-01-08 17:00:00
5472205.594401378,0.0,63.0,,0.88,114.0,7.46,,,2022-01-08 17:05:00
5472206.594487511,0.0,62.0,,0.88,116.0,7.561,,,2022-01-08 17:10:00
5472207.594573643,0.0,62.0,,0.88,117.0,10.974,,,2022-01-08 17:15:00
5472208.5946597755,0.0,62.0,,0.88,112.0,10.478,,,2022-01-08 17:20:00
5472209.594745909,0.0,60.0,,0.88,108.0,8.374,,,2022-01-08 17:25:00
5472210.594832041,0.0,62.0,,0.88,111.0,3.3494,,,2022-01-08 17:30:00
5472211.594918174,0.0,64.0,,0.88,105.0,0.28954,,,2022-01-08 17:35:00
5472212.595004306,0.0,66.0,,0.88,113.0,1.180056,,,2022-01-08 17:40:00
5472213.59509044,0.0,63.0,,0.88,105.0,2.71334,,,2022-01-08 17:45:00
5472214.595176572,0.0,65.0,,0.88,114.0,2.2498,,,2022-01-08 17:50:00
5472215.595262704,0.0,69.0,,0.88,109.0,6.266,,,2022-01-08 17:55:00
5472216.595348837,0.0,68.0,,0.88,115.0,6.0435,,,2022-01-08 18:00:00
5472217.595434969,0.0,73.0,,0.88,117.0,3.6206,,,2022-01-08 18:05:00
5472218.595521103,0.0,74.0,,0.88,108.0,,,,2022-01-08 18:10:00
5472219.595607235,0.0,72.0,,0.88,,,,,2022-01-08 18:15:00
5472220.5956933675,0.0,71.0,,0.88,,,,,2022-01-08 18:20:00
5472221.5957795,0.0,70.0,,0.88,,,,,2022-01-08 18:25:00
5472222.595865633,0.0,69.0,,0.88,,,,,2022-01-08 18:30:00
5472223.595951766,0.0,70.0,,0.88,128.0,0.000282,,,2022-01-08 18:35:00
5472224.596037898,0.0,68.0,,0.88,100.0,0.000416,,,2022-01-08 18:40:00
5472225.596124031,0.0,73.0,,0.88,96.0,0.000682,,,2022-01-08 18:45:00
5472226.596210163,0.0,77.0,,0.88,102.0,0.000949,,,2022-01-08 18:50:00
5472227.596296296,0.0,70.0,,0.88,98.0,0.000318,,,2022-01-08 18:55:00
5472228.596382429,0.0,75.0,,0.88,101.0,0.00018,,,2022-01-08 19:00:00
5472229.596468561,0.0,77.0,,0.88,103.0,0.000121,,,2022-01-08 19:05:00
5472230.596554694,0.0,75.0,,0.88,99.0,0.000102,200.0,13.8,2022-01-08 19:10:00
5472231.596640827,0.0,77.0,,0.88,99.0,7.3e-05,,,2022-01-08 19:15:00
5472232.59672696,0.0,77.0,,0.88,99.0,0.000136,,,2022-01-08 19:20:00
5472233.596813092,0.0,82.0,,0.88,98.0,6.7e-05,,,2022-01-08 19:25:00
5472234.596899224,0.0,78.0,,0.88,101.0,6.4e-05,,,2022-01-08 19:30:00
5472235.596985357,0.0,74.0,,0.88,101.0,7.8e-05,,,2022-01-08 19:35:00
5472236.59707149,0.0,72.0,,0.88,98.0,7.4e-05,,1.5,2022-01-08 19:40:00
5472237.597157623,0.0,67.0,,0.88,95.0,7.7e-05,,,2022-01-08 19:45:00
5472238.597243755,0.0,66.0,,0.88,98.0,6.7e-05,,,2022-01-08 19:50:00
5472239.597329888,0.0,69.0,,0.88,99.0,7.6e-05,,,2022-01-08 19:55:00
5472240.597416021,0.0,76.0,,0.88,104.0,9.5e-05,,,2022-01-08 20:00:00
5472241.597502153,0.0,79.0,,0.88,102.0,0.000104,,,2022-01-08 20:05:00
5472242.597588286,0.0,76.0,,0.88,103.0,0.000114,,,2022-01-08 20:10:00
5472243.597674418,0.0,72.0,,0.88,107.0,0.000115,,,2022-01-08 20:15:00
5472244.597760551,0.0,67.0,,0.88,102.0,0.000123,,,2022-01-08 20:20:00
5472245.597846684,0.0,62.0,,0.88,102.0,0.000126,,,2022-01-08 20:25:00
5472246.5979328165,0.0,64.0,,0.88,103.0,0.000122,,,2022-01-08 20:30:00
5472247.598018949,0.0,63.0,,0.88,100.0,0.00012,,,2022-01-08 20:35:00
5472248.598105081,0.0,59.0,,0.88,102.0,0.000131,,,2022-01-08 20:40:00
5472249.598191215,0.0,59.0,,0.88,99.0,0.000135,,,2022-01-08 20:45:00
5472250.598277347,0.0,58.0,,0.88,101.0,0.000144,,,2022-01-08 20:50:00
5472251.59836348,0.0,53.0,,0.88,96.0,0.000115,,,2022-01-08 20:55:00
5472252.598449612,0.0,59.0,,0.88,105.0,0.000107,,,2022-01-08 21:00:00
5472253.5985357445,0.0,67.0,,0.88,107.0,0.000158,,,2022-01-08 21:05:00
5472254.598621878,0.0,66.0,,0.88,101.0,0.00043,,,2022-01-08 21:10:00
5472255.59870801,0.0,61.0,,0.88,98.0,0.000208,,,2022-01-08 21:15:00
5472256.598794143,0.0,57.0,,0.88,97.0,0.000171,,,2022-01-08 21:20:00
5472257.598880275,0.0,52.0,,0.88,93.0,0.000141,,,2022-01-08 21:25:00
5472258.5989664085,0.0,55.0,,0.88,94.0,0.000185,,,2022-01-08 21:30:00
5472259.599052541,0.0,59.0,,0.88,95.0,0.000203,,,2022-01-08 21:35:00
5472260.599138673,0.0,63.0,,0.88,93.0,0.000184,,,2022-01-08 21:40:00
5472261.599224806,0.0,64.0,,0.88,93.0,0.000227,,,2022-01-08 21:45:00
5472262.599310938,0.0,59.0,,0.88,93.0,0.000157,,,2022-01-08 21:50:00
5472263.599397072,0.0,64.0,,0.88,93.0,0.000186,,,2022-01-08 21:55:00
5472264.599483204,0.0,70.0,,0.88,94.0,0.000263,,,2022-01-08 22:00:00
5472265.5995693365,0.0,72.0,,0.88,92.0,0.000327,,,2022-01-08 22:05:00
5472266.599655469,0.0,73.0,,0.88,92.0,0.000257,,,2022-01-08 22:10:00
5472267.599741602,0.0,76.0,,0.88,91.0,0.000195,,,2022-01-08 22:15:00
5472268.599827735,0.0,78.0,,0.88,89.0,0.000183,,,2022-01-08 22:20:00
5472269.599913867,0.0,80.0,,0.88,90.0,0.000164,,,2022-01-08 22:25:00
5472270.6,0.0,81.0,,0.88,89.0,0.000153,,,2022-01-08 22:30:00
5472271.600086132,0.0,83.0,,0.88,86.0,0.000147,,,2022-01-08 22:35:00
5472272.600172265,0.0,84.0,,0.88,87.0,0.000148,,,2022-01-08 22:40:00
5472273.600258398,0.0,85.0,,0.88,87.0,0.000109,,,2022-01-08 22:45:00
5472274.60034453,0.0,89.0,,0.88,87.0,0.000107,,,2022-01-08 22:50:00
5472275.600430663,0.0,91.0,,0.88,93.0,0.00011,,,2022-01-08 22:55:00
5472276.600516796,0.0,100.0,,0.88,90.0,0.000113,,,2022-01-08 23:00:00
5472277.600602929,0.0,109.0,,0.88,84.0,5.5e-05,,,2022-01-08 23:05:00
5472278.600689061,0.0,111.0,,0.88,85.0,6.5e-05,,,2022-01-08 23:10:00
5472279.600775193,0.0,111.0,,0.88,86.0,6.4e-05,,,2022-01-08 23:15:00
5472280.600861326,0.0,118.0,,0.88,85.0,6.4e-05,,,2022-01-08 23:20:00
5472281.600947459,0.0,118.0,,0.88,83.0,7.9e-05,,,2022-01-08 23:25:00
5472282.601033592,0.0,114.0,,0.88,83.0,8.9e-05,,,2022-01-08 23:30:00
5472283.601119724,0.0,111.0,,0.88,84.0,9.5e-05,,,2022-01-08 23:35:00
5472284.601205857,0.0,110.0,,0.88,85.0,9.8e-05,,,2022-01-08 23:40:00
5472285.60129199,0.0,112.0,,0.88,85.0,9.8e-05,,,2022-01-08 23:45:00
5472286.601378122,0.0,119.0,,0.88,84.0,0.000102,,,2022-01-08 23:50:00
5472287.601464255,0.0,122.0,,0.88,85.0,0.000109,,,2022-01-08 23:55:00
5472288.601550387,0.0,121.0,,0.88,86.0,0.000115,,,2022-01-09 00:00:00
5472289.60163652,0.0,120.0,,0.88,86.0,0.000119,,,2022-01-09 00:05:00
5472290.601722653,0.0,120.0,,0.88,86.0,0.000131,,,2022-01-09 00:10:00
5472291.601808785,0.0,120.0,,0.88,86.0,0.000137,,,2022-01-09 00:15:00
5472292.601894918,0.0,119.0,,0.88,86.0,0.000158,,,2022-01-09 00:20:00
5472293.60198105,0.0,118.0,,0.88,85.0,0.000175,,,2022-01-09 00:25:00
5472294.602067184,0.0,118.0,,0.88,84.0,0.000134,,,2022-01-09 00:30:00
5472295.602153316,0.0,120.0,,0.88,85.0,0.000128,,,2022-01-09 00:35:00
5472296.602239449,0.0,120.0,,0.88,86.0,0.000127,,,2022-01-09 00:40:00
5472297.602325581,0.0,120.0,,0.88,86.0,0.000128,,,2022-01-09 00:45:00
5472298.602411713,0.0,121.0,,0.88,86.0,0.000161,,,2022-01-09 00:50:00
5472299.602497847,0.0,122.0,,0.88,86.0,7e-05,,,2022-01-09 00:55:00
5472300.602583979,0.0,123.0,,0.88,86.0,6.9e-05,,,2022-01-09 01:00:00
5472301.602670112,0.0,123.0,,0.88,87.0,8.9e-05,,,2022-01-09 01:05:00
5472302.602756244,0.0,123.0,,0.88,86.0,0.000115,,,2022-01-09 01:10:00
5472303.6028423775,0.0,121.0,,0.88,86.0,0.000133,,,2022-01-09 01:15:00
5472304.60292851,1.0,,,0.88,85.0,0.000157,,,2022-01-09 01:20:00
5472305.603014642,1.0,,,0.88,84.0,0.000174,,,2022-01-09 01:25:00
5472306.603100775,1.0,,,0.88,84.0,0.00019,,,2022-01-09 01:30:00
5472307.603186907,1.0,,,0.88,83.0,0.000211,,,2022-01-09 01:35:00
5472308.603273041,1.0,,,0.88,85.0,0.000278,,,2022-01-09 01:40:00
5472309.603359173,1.0,,,0.88,85.0,0.000682,,,2022-01-09 01:45:00
5472310.6034453055,1.0,,,0.88,86.0,0.001506,,,2022-01-09 01:50:00
5472311.603531438,1.0,,,0.88,86.0,0.003832,,,2022-01-09 01:55:00
5472312.603617571,1.0,,,0.88,86.0,0.008404,,,2022-01-09 02:00:00
5472313.603703704,1.0,,,0.88,88.0,0.003361,,,2022-01-09 02:05:00
5472314.603789836,1.0,,,0.88,85.0,0.000613,,,2022-01-09 02:10:00
5472315.603875969,1.0,,,0.88,84.0,0.000343,,,2022-01-09 02:15:00
5472316.603962101,1.0,,,0.88,84.0,0.000211,,,2022-01-09 02:20:00
5472317.604048234,1.0,,,0.88,83.0,0.000154,,,2022-01-09 02:25:00
5472318.604134367,1.0,,,0.88,83.0,0.000124,,,2022-01-09 02:30:00
5472319.604220499,1.0,,,0.88,83.0,0.000108,,,2022-01-09 02:35:00
5472320.604306632,1.0,,,0.88,83.0,0.000101,,,2022-01-09 02:40:00
5472321.604392765,1.0,,,0.88,82.0,8.3e-05,,,2022-01-09 02:45:00
5472322.6044788975,1.0,,,0.88,81.0,5.1e-05,,,2022-01-09 02:50:00
5472323.60456503,1.0,,,0.88,80.0,5.7e-05,,,2022-01-09 02:55:00
5472324.604651162,1.0,,,0.88,80.0,5.6e-05,,,2022-01-09 03:00:00
5472325.604737295,1.0,,,0.88,80.0,5.5e-05,,,2022-01-09 03:05:00
5472326.604823428,1.0,,,0.88,81.0,5.6e-05,,,2022-01-09 03:10:00
5472327.604909561,1.0,,,0.88,79.0,6.3e-05,,,2022-01-09 03:15:00
5472328.604995693,1.0,,,0.88,79.0,6.5e-05,,,2022-01-09 03:20:00
5472329.6050818255,1.0,,,0.88,79.0,6.6e-05,,,2022-01-09 03:25:00
5472330.605167959,1.0,,,0.88,79.0,7.2e-05,,,2022-01-09 03:30:00
5472331.605254091,1.0,,,0.88,78.0,7.6e-05,,,2022-01-09 03:35:00
5472332.605340224,1.0,,,0.88,78.0,7.8e-05,,,2022-01-09 03:40:00
5472333.605426356,1.0,,,0.88,79.0,7.1e-05,,,2022-01-09 03:45:00
5472334.605512489,1.0,,,0.88,77.0,7.1e-05,,,2022-01-09 03:50:00
5472335.605598622,1.0,,,0.88,79.0,7.1e-05,,,2022-01-09 03:55:00
5472336.605684754,1.0,,,0.88,78.0,7e-05,,,2022-01-09 04:00:00
5472337.605770887,1.0,,,0.88,80.0,8e-05,,,2022-01-09 04:05:00
5472338.605857019,1.0,,,0.88,76.0,0.000112,,,2022-01-09 04:10:00
5472339.605943153,1.0,,,0.88,75.0,0.000117,,,2022-01-09 04:15:00
5472340.606029285,1.0,,,0.88,75.0,0.000114,,,2022-01-09 04:20:00
5472341.606115418,1.0,,,0.88,76.0,0.00012,,,2022-01-09 04:25:00
5472342.60620155,1.0,,,0.88,76.0,0.000107,,,2022-01-09 04:30:00
5472343.606287682,1.0,,,0.88,74.0,8.7e-05,,,2022-01-09 04:35:00
5472344.606373816,1.0,,,0.88,74.0,8e-05,,,2022-01-09 04:40:00
5472345.606459948,1.0,,,0.88,72.0,7.5e-05,,,2022-01-09 04:45:00
5472346.606546081,1.0,,,0.88,73.0,7.2e-05,,,2022-01-09 04:50:00
5472347.606632213,1.0,,,0.88,72.0,7.1e-05,,,2022-01-09 04:55:00
5472348.6067183465,1.0,,,0.88,73.0,7e-05,,,2022-01-09 05:00:00
5472349.606804479,1.0,,,0.88,76.0,7.1e-05,,,2022-01-09 05:05:00
5472350.606890611,1.0,,,0.88,75.0,8.1e-05,,,2022-01-09 05:10:00
5472351.606976744,1.0,,,0.88,74.0,7.6e-05,,,2022-01-09 05:15:00
5472352.607062876,1.0,,,0.88,72.0,7e-05,,,2022-01-09 05:20:00
5472353.60714901,1.0,,,0.88,70.0,8.7e-05,,,2022-01-09 05:25:00
5472354.607235142,1.0,,,0.88,71.0,9.9e-05,,,2022-01-09 05:30:00
5472355.6073212745,1.0,,,0.88,72.0,0.000109,,,2022-01-09 05:35:00
5472356.607407407,1.0,,,0.88,72.0,0.000119,,,2022-01-09 05:40:00
5472357.60749354,1.0,,,0.88,71.0,0.000145,,,2022-01-09 05:45:00
5472358.607579673,1.0,,,0.88,70.0,0.000142,,,2022-01-09 05:50:00
5472359.607665805,1.0,,,0.88,70.0,0.000147,,,2022-01-09 05:55:00
5472360.607751938,1.0,,272.0,0.88,71.0,0.00016,,3.2,2022-01-09 06:00:00
5472361.60783807,1.0,,,0.88,91.0,0.000115,,,2022-01-09 06:05:00
5472362.607924203,1.0,,,0.88,71.0,9.5e-05,,,2022-01-09 06:10:00
5472363.608010336,0.0,244.0,,0.88,68.0,9.7e-05,,,2022-01-09 06:15:00
5472364.608096468,0.0,237.0,,0.88,68.0,9.6e-05,,,2022-01-09 06:20:00
5472365.608182601,0.0,231.0,,0.88,71.0,9.2e-05,,,2022-01-09 06:25:00
5472366.608268734,0.0,225.0,,0.88,72.0,7.9e-05,,,2022-01-09 06:30:00
5472367.6083548665,0.0,221.0,,0.88,74.0,6.9e-05,,,2022-01-09 06:35:00
5472368.608440999,0.0,217.0,,0.88,73.0,5e-05,,,2022-01-09 06:40:00
5472369.608527131,0.0,213.0,,0.88,72.0,4.8e-05,,,2022-01-09 06:45:00
5472370.608613264,0.0,209.0,,0.88,70.0,4.8e-05,,,2022-01-09 06:50:00
5472371.608699397,0.0,205.0,,0.88,73.0,4.8e-05,,,2022-01-09 06:55:00
5472372.60878553,0.0,204.0,,0.88,74.0,4.8e-05,,,2022-01-09 07:00:00
5472373.608871662,0.0,202.0,,0.88,71.0,4.6e-05,,,2022-01-09 07:05:00
5472374.6089577945,0.0,198.0,,0.88,72.0,4.7e-05,,,2022-01-09 07:10:00
5472375.609043928,0.0,193.0,,0.88,72.0,4.7e-05,,,2022-01-09 07:15:00
5472376.60913006,0.0,193.0,,0.88,72.0,4.9e-05,,,2022-01-09 07:20:00
5472377.609216193,0.0,197.0,,0.88,73.0,6e-05,,,2022-01-09 07:25:00
5472378.609302325,0.0,199.0,,0.88,73.0,6.7e-05,,,2022-01-09 07:30:00
5472379.609388458,0.0,199.0,,0.88,72.0,6.5e-05,,,2022-01-09 07:35:00
5472380.609474591,0.0,198.0,,0.88,70.0,4.9e-05,,,2022-01-09 07:40:00
5472381.609560723,0.0,197.0,,0.88,72.0,5e-05,,,2022-01-09 07:45:00
5472382.609646856,0.0,200.0,,0.88,74.0,5e-05,,,2022-01-09 07:50:00
5472383.609732988,0.0,203.0,,0.88,78.0,6.4e-05,,,2022-01-09 07:55:00
5472384.609819122,0.0,197.0,,0.88,71.0,7.6e-05,,,2022-01-09 08:00:00
5472385.609905254,0.0,191.0,,0.88,71.0,8.8e-05,,,2022-01-09 08:05:00
5472386.6099913865,0.0,194.0,,0.88,72.0,0.000101,,,2022-01-09 08:10:00
5472387.610077519,0.0,211.0,,0.88,71.0,0.000114,,,2022-01-09 08:15:00
5472388.610163651,0.0,217.0,,0.88,87.0,9.6e-05,,,2022-01-09 08:20:00
5472389.610249785,0.0,221.0,,0.88,86.0,7.3e-05,,,2022-01-09 08:25:00
5472390.610335917,0.0,238.0,,0.88,92.0,6.4e-05,,,2022-01-09 08:30:00
5472391.61042205,0.0,247.0,,0.88,86.0,6.6e-05,,,2022-01-09 08:35:00
5472392.610508182,0.0,241.0,,0.88,85.0,6.9e-05,,,2022-01-09 08:40:00
5472393.610594315,0.0,241.0,,0.88,86.0,6.6e-05,,,2022-01-09 08:45:00
5472394.610680448,0.0,242.0,,0.88,88.0,7.1e-05,,,2022-01-09 08:50:00
5472395.61076658,0.0,244.0,,0.88,88.0,7.2e-05,,,2022-01-09 08:55:00
5472396.610852713,0.0,244.0,,0.88,86.0,7.6e-05,,,2022-01-09 09:00:00
5472397.610938845,0.0,243.0,,0.88,89.0,7.8e-05,,,2022-01-09 09:05:00
5472398.611024979,0.0,239.0,,0.88,90.0,8e-05,,,2022-01-09 09:10:00
5472399.611111111,0.0,238.0,246.0,0.88,91.0,8.3e-05,,5.2,2022-01-09 09:15:00
5472400.611197243,0.0,242.0,,0.88,88.0,8.9e-05,35.0,2.5,2022-01-09 09:20:00
5472401.611283376,0.0,246.0,,0.88,86.0,8.6e-05,,,2022-01-09 09:25:00
5472402.611369509,0.0,244.0,,0.88,87.0,9.3e-05,,,2022-01-09 09:30:00
5472403.611455642,0.0,241.0,,0.88,92.0,9.1e-05,,,2022-01-09 09:35:00
5472404.611541774,0.0,244.0,,0.88,91.0,7.3e-05,,,2022-01-09 09:40:00
5472405.611627907,0.0,248.0,,0.88,85.0,9.1e-05,,,2022-01-09 09:45:00
5472406.611714039,0.0,242.0,,0.88,86.0,8.1e-05,,,2022-01-09 09:50:00
5472407.611800172,0.0,234.0,,0.88,84.0,7.6e-05,,,2022-01-09 09:55:00
5472408.611886305,0.0,230.0,,0.88,98.0,8.9e-05,,,2022-01-09 10:00:00
5472409.611972437,0.0,224.0,,0.88,99.0,0.000176,,,2022-01-09 10:05:00
5472410.61205857,0.0,213.0,,0.88,96.0,0.000317,,,2022-01-09 10:10:00
5472411.612144703,0.0,198.0,,0.88,100.0,0.000762,,,2022-01-09 10:15:00
5472412.6122308355,0.0,185.0,,0.88,100.0,0.000855,,,2022-01-09 10:20:00
5472413.612316968,0.0,172.0,,0.88,97.0,0.00352,,,2022-01-09 10:25:00
5472414.6124031,0.0,161.0,,0.88,101.0,0.005634,,,2022-01-09 10:30:00
5472415.612489233,0.0,155.0,,0.88,97.0,0.008633,,,2022-01-09 10:35:00
5472416.612575366,0.0,150.0,,0.88,95.0,0.008746,,,2022-01-09 10:40:00
5472417.612661499,0.0,146.0,,0.88,99.0,0.11378,,,2022-01-09 10:45:00
5472418.612747631,0.0,144.0,,0.88,98.0,0.8374,,,2022-01-09 10:50:00
5472419.6128337635,0.0,140.0,,0.88,102.0,1.6382,,,2022-01-09 10:55:00
5472420.612919897,0.0,137.0,,0.88,103.0,1.366,,,2022-01-09 11:00:00
5472421.613006029,0.0,135.0,,0.88,101.0,4.342,,,2022-01-09 11:05:00
5472422.613092162,0.0,131.0,,0.88,102.0,2.2584,,,2022-01-09 11:10:00
5472423.613178294,0.0,129.0,,0.88,100.0,1.948,,,2022-01-09 11:15:00
5472424.613264427,0.0,126.0,,0.88,102.0,3.048,,,2022-01-09 11:20:00
5472425.61335056,0.0,125.0,,0.88,102.0,3.034,,,2022-01-09 11:25:00
5472426.613436692,0.0,120.0,,0.88,91.0,4.038,,,2022-01-09 11:30:00
5472427.613522825,0.0,116.0,,0.88,88.0,8.958,,,2022-01-09 11:35:00
5472428.613608957,0.0,120.0,,0.88,101.0,5.82,,,2022-01-09 11:40:00
5472429.613695091,0.0,121.0,,0.88,99.0,6.262,,,2022-01-09 11:45:00
5472430.613781223,0.0,124.0,,0.88,101.0,8.086,,,2022-01-09 11:50:00
5472431.6138673555,0.0,123.0,,0.88,105.0,4.52,,,2022-01-09 11:55:00
5472432.613953488,0.0,123.0,,0.88,104.0,5.058,,,2022-01-09 12:00:00
5472433.61403962,0.0,124.0,,0.88,102.0,3.22,,,2022-01-09 12:05:00
5472434.614125754,0.0,133.0,,0.88,97.0,2.808,,,2022-01-09 12:10:00
5472435.614211886,0.0,138.0,,0.88,94.0,2.736,,,2022-01-09 12:15:00
5472436.614298019,0.0,139.0,,0.88,97.0,4.372,,,2022-01-09 12:20:00
5472437.614384151,0.0,138.0,,0.88,97.0,9.258,,,2022-01-09 12:25:00
5472438.614470284,0.0,137.0,,0.88,96.0,5.96,,,2022-01-09 12:30:00
5472439.614556417,0.0,138.0,,0.88,95.0,4.878,,,2022-01-09 12:35:00
5472440.614642549,0.0,139.0,,0.88,101.0,3.58022,,,2022-01-09 12:40:00
5472441.614728682,0.0,146.0,,0.88,93.0,5.518,,,2022-01-09 12:45:00
5472442.614814814,0.0,147.0,,0.88,92.0,8.18,,,2022-01-09 12:50:00
5472443.614900948,0.0,145.0,,0.88,99.0,10.352,,,2022-01-09 12:55:00
5472444.61498708,0.0,146.0,,0.88,95.0,12.88,,,2022-01-09 13:00:00
5472445.615073212,0.0,147.0,,0.88,102.0,10.75,,,2022-01-09 13:05:00
5472446.615159345,0.0,146.0,,0.88,105.0,13.4,,,2022-01-09 13:10:00
5472447.615245478,0.0,147.0,,0.88,101.0,14.76,,,2022-01-09 13:15:00
5472448.615331611,0.0,152.0,,0.88,104.0,15.35,,,2022-01-09 13:20:00
5472449.615417743,0.0,151.0,,0.88,105.0,19.28,,,2022-01-09 13:25:00
5472450.615503876,0.0,151.0,,0.88,113.0,19.98,,,2022-01-09 13:30:00
5472451.615590008,0.0,153.0,,0.88,104.0,21.04,,,2022-01-09 13:35:00
5472452.615676141,0.0,158.0,,0.88,110.0,22.02,,,2022-01-09 13:40:00
5472453.615762274,0.0,159.0,,0.88,111.0,25.58,,,2022-01-09 13:45:00
5472454.615848406,0.0,157.0,,0.88,110.0,26.22,,,2022-01-09 13:50:00
5472455.615934539,0.0,160.0,,0.88,112.0,25.7,,,2022-01-09 13:55:00
5472456.616020672,0.0,159.0,,0.88,107.0,24.46,,,2022-01-09 14:00:00
5472457.616106804,0.0,160.0,,0.88,107.0,24.76,,,2022-01-09 14:05:00
5472458.616192937,0.0,172.0,,0.88,106.0,26.12,,,2022-01-09 14:10:00
5472459.616279069,0.0,180.0,,0.88,96.0,24.7,,,2022-01-09 14:15:00
5472460.616365202,0.0,174.0,,0.88,106.0,24.42,,,2022-01-09 14:20:00
5472461.616451335,0.0,173.0,,0.88,107.0,23.8,,,2022-01-09 14:25:00
5472462.616537468,0.0,170.0,,0.88,96.0,22.32,,,2022-01-09 14:30:00
5472463.6166236,0.0,167.0,,0.88,96.0,24.02,,,2022-01-09 14:35:00
5472464.616709732,0.0,168.0,,0.88,100.0,22.42,,,2022-01-09 14:40:00
5472465.616795866,0.0,172.0,,0.88,105.0,22.34,,,2022-01-09 14:45:00
5472466.616881998,0.0,174.0,,0.88,96.0,19.92,,,2022-01-09 14:50:00
5472467.616968131,0.0,173.0,,0.88,101.0,15.7,,,2022-01-09 14:55:00
5472468.617054263,0.0,174.0,,0.88,100.0,19.62,,,2022-01-09 15:00:00
5472469.617140396,0.0,177.0,,0.88,95.0,16.6,,,2022-01-09 15:05:00
5472470.617226529,0.0,177.0,,0.88,94.0,15.38,,,2022-01-09 15:10:00
5472471.617312661,0.0,179.0,,0.88,100.0,13.94,,,2022-01-09 15:15:00
5472472.617398794,0.0,178.0,,0.88,101.0,15.48,,,2022-01-09 15:20:00
5472473.617484926,0.0,177.0,,0.88,102.0,12.238,,,2022-01-09 15:25:00
5472474.61757106,0.0,179.0,,0.88,100.0,16.296,,,2022-01-09 15:30:00
5472475.617657192,0.0,178.0,,0.88,96.0,15.24,,,2022-01-09 15:35:00
5472476.6177433245,0.0,180.0,,0.88,93.0,9.892,,,2022-01-09 15:40:00
5472477.617829457,0.0,183.0,,0.88,94.0,13.114,,,2022-01-09 15:45:00
5472478.617915589,0.0,183.0,,0.88,97.0,8.564,,,2022-01-09 15:50:00
5472479.618001723,0.0,182.0,,0.88,93.0,10.462,,,2022-01-09 15:55:00
5472480.618087855,0.0,181.0,,0.88,100.0,10.204,,,2022-01-09 16:00:00
5472481.618173988,0.0,179.0,,0.88,93.0,9.78,,,2022-01-09 16:05:00
5472482.61826012,0.0,182.0,,0.88,97.0,7.988,,,2022-01-09 16:10:00
5472483.618346253,0.0,183.0,,0.88,94.0,7.636,,,2022-01-09 16:15:00
5472484.618432386,0.0,183.0,,0.88,92.0,4.368,,,2022-01-09 16:20:00
5472485.618518518,0.0,184.0,,0.88,96.0,3.508,,,2022-01-09 16:25:00
5472486.618604651,0.0,182.0,,0.88,93.0,3.916,,,2022-01-09 16:30:00
5472487.618690783,0.0,182.0,,0.88,102.0,5.836,,,2022-01-09 16:35:00
5472488.6187769165,0.0,181.0,,0.88,101.0,9.33,,,2022-01-09 16:40:00
5472489.618863049,0.0,181.0,,0.88,103.0,12.872,,,2022-01-09 16:45:00
5472490.618949181,0.0,178.0,,0.88,98.0,8.972,,,2022-01-09 16:50:00
5472491.619035314,0.0,180.0,,0.88,95.0,8.294,,,2022-01-09 16:55:00
5472492.619121447,0.0,183.0,,0.88,98.0,11.856,,,2022-01-09 17:00:00
5472493.61920758,0.0,183.0,,0.88,100.0,12.184,,,2022-01-09 17:05:00
5472494.619293712,0.0,183.0,,0.88,100.0,13.12,,,2022-01-09 17:10:00
5472495.6193798445,0.0,184.0,,0.88,100.0,14.5,,,2022-01-09 17:15:00
5472496.619465977,0.0,184.0,,0.88,102.0,12.712,,,2022-01-09 17:20:00
5472497.61955211,0.0,184.0,,0.88,108.0,17.42,,,2022-01-09 17:25:00
5472498.619638243,0.0,185.0,,0.88,104.0,23.26,,,2022-01-09 17:30:00
5472499.619724375,0.0,186.0,,0.88,103.0,21.3,,,2022-01-09 17:35:00
5472500.619810508,0.0,188.0,,0.88,103.0,24.32,,,2022-01-09 17:40:00
5472501.619896641,0.0,187.0,,0.88,107.0,20.16,,,2022-01-09 17:45:00
5472502.619982773,0.0,186.0,,0.88,100.0,26.22,,,2022-01-09 17:50:00
5472503.620068906,0.0,185.0,,0.88,104.0,28.28,,,2022-01-09 17:55:00
5472504.620155038,1.0,,,0.88,106.0,27.68,,,2022-01-09 18:00:00
5472505.620241172,1.0,,,0.88,104.0,28.44,,,2022-01-09 18:05:00
5472506.620327304,1.0,,,0.88,107.0,28.72,,,2022-01-09 18:10:00
5472507.620413437,1.0,,,0.88,104.0,29.42,,,2022-01-09 18:15:00
5472508.620499569,1.0,,,0.88,100.0,27.6,,,2022-01-09 18:20:00
5472509.620585701,1.0,,,0.88,104.0,25.6,,,2022-01-09 18:25:00
5472510.620671835,1.0,,,0.88,97.0,26.14,,,2022-01-09 18:30:00
5472511.620757967,1.0,,,0.88,95.0,26.18,,,2022-01-09 18:35:00
5472512.6208441,1.0,,,0.88,96.0,24.84,,,2022-01-09 18:40:00
5472513.620930232,1.0,,,0.88,93.0,22.68,,,2022-01-09 18:45:00
5472514.6210163655,1.0,,,0.88,96.0,20.28,,,2022-01-09 18:50:00
5472515.621102498,1.0,,,0.88,94.0,20.32,,,2022-01-09 18:55:00
5472516.62118863,1.0,,,0.88,95.0,18.56,,,2022-01-09 19:00:00
5472517.621274763,1.0,,140.0,0.88,103.0,18.18,,0.6,2022-01-09 19:05:00
5472518.621360895,1.0,,,0.88,96.0,15.3,,,2022-01-09 19:10:00
5472519.621447029,0.0,142.0,,0.88,95.0,18.22,,,2022-01-09 19:15:00
5472520.621533161,0.0,138.0,,0.88,98.0,18.62,,,2022-01-09 19:20:00
5472521.6216192935,0.0,137.0,,0.88,100.0,14.92,,,2022-01-09 19:25:00
5472522.621705426,0.0,134.0,,0.88,100.0,9.444,,,2022-01-09 19:30:00
5472523.621791559,0.0,130.0,,0.88,98.0,8.234,,,2022-01-09 19:35:00
5472524.621877692,0.0,124.0,,0.88,103.0,18.24,,,2022-01-09 19:40:00
5472525.621963824,0.0,121.0,,0.88,93.0,21.92,,,2022-01-09 19:45:00
5472526.622049957,0.0,120.0,,0.88,88.0,18.62,,,2022-01-09 19:50:00
5472527.622136089,0.0,117.0,,0.88,91.0,16.42,,,2022-01-09 19:55:00
5472528.622222222,0.0,113.0,,0.88,91.0,9.7198,,,2022-01-09 20:00:00
5472529.622308355,0.0,110.0,,0.88,90.0,14.4,,,2022-01-09 20:05:00
5472530.622394487,0.0,109.0,,0.88,102.0,10.358,,,2022-01-09 20:10:00
5472531.62248062,0.0,107.0,,0.88,92.0,10.17,,,2022-01-09 20:15:00
5472532.622566753,0.0,105.0,,0.88,97.0,0.000351,,,2022-01-09 20:20:00
5472533.6226528855,0.0,104.0,,0.88,93.0,0.000356,,,2022-01-09 20:25:00
5472534.622739018,0.0,102.0,,0.88,97.0,0.00045,,,2022-01-09 20:30:00
5472535.62282515,0.0,101.0,,0.88,102.0,0.000264,,,2022-01-09 20:35:00
5472536.622911283,0.0,102.0,,0.88,105.0,9.4e-05,,,2022-01-09 20:40:00
5472537.622997416,0.0,105.0,,0.88,98.0,0.000106,,,2022-01-09 20:45:00
5472538.623083549,0.0,102.0,,0.88,,,,,2022-01-09 20:50:00
5472539.623169681,0.0,99.0,,0.88,,,,,2022-01-09 20:55:00
5472540.6232558135,0.0,97.0,,0.88,,,,,2022-01-09 21:00:00
5472541.623341947,0.0,95.0,90.0,0.88,,,,,2022-01-09 21:05:00
5472542.623428079,0.0,92.0,90.0,0.88,95.0,0.00011,,7.8,2022-01-09 21:10:00
5472543.623514212,0.0,91.0,,0.88,90.0,0.000149,125.0,7.8,2022-01-09 21:15:00
5472544.623600344,0.0,92.0,,0.88,86.0,0.000132,,,2022-01-09 21:20:00
5472545.623686477,0.0,91.0,,0.88,89.0,0.000136,,,2022-01-09 21:25:00
5472546.62377261,0.0,89.0,,0.88,89.0,0.000163,,,2022-01-09 21:30:00
5472547.623858742,0.0,85.0,,0.88,90.0,0.000158,,,2022-01-09 21:35:00
5472548.623944875,0.0,82.0,,0.88,85.0,0.000138,,,2022-01-09 21:40:00
5472549.624031007,0.0,78.0,,0.88,83.0,0.000135,,,2022-01-09 21:45:00
5472550.624117141,0.0,75.0,,0.88,84.0,0.000185,,,2022-01-09 21:50:00
5472551.624203273,0.0,71.0,,0.88,84.0,0.000153,,,2022-01-09 21:55:00
5472552.6242894055,0.0,69.0,,0.88,84.0,0.000134,,,2022-01-09 22:00:00
5472553.624375538,0.0,70.0,,0.88,85.0,0.000165,,,2022-01-09 22:05:00
5472554.62446167,0.0,71.0,,0.88,86.0,0.000101,,,2022-01-09 22:10:00
5472555.624547804,0.0,71.0,,0.88,85.0,9.4e-05,,,2022-01-09 22:15:00
5472556.624633936,0.0,71.0,,0.88,85.0,0.000106,,,2022-01-09 22:20:00
5472557.624720069,0.0,72.0,,0.88,82.0,0.000114,,,2022-01-09 22:25:00
5472558.624806201,0.0,70.0,,0.88,84.0,9.7e-05,,,2022-01-09 22:30:00
5472559.624892334,0.0,66.0,,0.88,84.0,9.8e-05,,,2022-01-09 22:35:00
5472560.624978467,0.0,62.0,,0.88,83.0,0.000105,,,2022-01-09 22:40:00
5472561.625064599,0.0,59.0,,0.88,83.0,0.000109,,,2022-01-09 22:45:00
5472562.625150732,0.0,52.0,,0.88,89.0,0.00011,,,2022-01-09 22:50:00
5472563.625236864,0.0,46.0,,0.88,90.0,9.7e-05,,,2022-01-09 22:55:00
5472564.625322998,0.0,48.0,,0.88,82.0,8.1e-05,,,2022-01-09 23:00:00
5472565.62540913,0.0,54.0,,0.88,80.0,8e-05,,,2022-01-09 23:05:00
5472566.625495262,0.0,60.0,,0.88,79.0,8e-05,,,2022-01-09 23:10:00
5472567.625581395,0.0,66.0,,0.88,78.0,7.9e-05,,,2022-01-09 23:15:00
5472568.625667528,0.0,73.0,,0.88,78.0,7.8e-05,,,2022-01-09 23:20:00
5472569.625753661,0.0,79.0,,0.88,79.0,7.7e-05,,,2022-01-09 23:25:00
5472570.625839793,0.0,85.0,,0.88,79.0,7.7e-05,,,2022-01-09 23:30:00
5472571.625925926,0.0,90.0,,0.88,79.0,7.5e-05,,,2022-01-09 23:35:00
5472572.626012058,0.0,94.0,,0.88,79.0,7.8e-05,,,2022-01-09 23:40:00
5472573.626098191,0.0,99.0,,0.88,79.0,8.1e-05,,,2022-01-09 23:45:00
5472574.626184324,0.0,103.0,,0.88,80.0,8.1e-05,,,2022-01-09 23:50:00
5472575.626270456,0.0,107.0,,0.88,80.0,8.2e-05,,,2022-01-09 23:55:00
5472576.626356589,0.0,111.0,,1.0,80.0,8.6e-05,,,2022-01-10 00:00:00
5472577.626442722,0.0,113.0,,1.0,80.0,8.3e-05,,,2022-01-10 00:05:00
5472578.6265288545,0.0,116.0,,1.0,80.0,8.6e-05,,,2022-01-10 00:10:00
5472579.626614987,0.0,125.0,,1.0,81.0,9e-05,,,2022-01-10 00:15:00
5472580.626701119,0.0,138.0,,1.0,82.0,8.7e-05,,,2022-01-10 00:20:00
5472581.626787252,0.0,148.0,,1.0,80.0,8.2e-05,,,2022-01-10 00:25:00
5472582.626873385,0.0,153.0,,1.0,79.0,8e-05,,,2022-01-10 00:30:00
5472583.626959518,0.0,157.0,,1.0,79.0,8e-05,,,2022-01-10 00:35:00
5472584.62704565,0.0,161.0,,1.0,80.0,7.9e-05,,,2022-01-10 00:40:00
5472585.6271317825,0.0,164.0,,1.0,79.0,7.9e-05,,,2022-01-10 00:45:00
5472586.627217916,0.0,166.0,,1.0,77.0,9e-05,,,2022-01-10 00:50:00
5472587.627304048,0.0,169.0,,1.0,75.0,7.2e-05,,,2022-01-10 00:55:00
5472588.627390181,0.0,170.0,,1.0,76.0,6e-05,,,2022-01-10 01:00:00
5472589.627476313,0.0,170.0,,1.0,76.0,5.6e-05,,,2022-01-10 01:05:00
5472590.627562446,0.0,172.0,,1.0,76.0,5.4e-05,,,2022-01-10 01:10:00
5472591.627648579,0.0,174.0,,1.0,76.0,5.4e-05,,,2022-01-10 01:15:00
5472592.627734711,0.0,179.0,,1.0,75.0,6.1e-05,,,2022-01-10 01:20:00
5472593.627820844,0.0,183.0,,1.0,78.0,5.4e-05,,,2022-01-10 01:25:00
5472594.627906976,0.0,187.0,,1.0,78.0,5.4e-05,,,2022-01-10 01:30:00
5472595.62799311,0.0,191.0,,1.0,77.0,6.3e-05,,,2022-01-10 01:35:00
5472596.628079242,0.0,194.0,,1.0,77.0,6.6e-05,,,2022-01-10 01:40:00
5472597.6281653745,0.0,195.0,,1.0,78.0,6.9e-05,,,2022-01-10 01:45:00
5472598.628251507,0.0,194.0,,1.0,74.0,7.3e-05,,,2022-01-10 01:50:00
5472599.628337639,0.0,193.0,,1.0,76.0,7.2e-05,,,2022-01-10 01:55:00
5472600.628423773,0.0,194.0,,1.0,74.0,6.3e-05,,,2022-01-10 02:00:00
5472601.628509905,0.0,196.0,,1.0,72.0,6.2e-05,,,2022-01-10 02:05:00
5472602.628596038,0.0,197.0,,1.0,73.0,6.1e-05,,,2022-01-10 02:10:00
5472603.62868217,0.0,199.0,,1.0,73.0,6.1e-05,,,2022-01-10 02:15:00
5472604.628768303,0.0,202.0,,1.0,73.0,6.1e-05,,,2022-01-10 02:20:00
5472605.628854436,0.0,205.0,,1.0,74.0,7.1e-05,,,2022-01-10 02:25:00
5472606.628940568,0.0,207.0,,1.0,73.0,7.6e-05,,,2022-01-10 02:30:00
5472607.629026701,0.0,209.0,,1.0,72.0,8.2e-05,,,2022-01-10 02:35:00
5472608.629112833,0.0,211.0,,1.0,72.0,9.4e-05,,,2022-01-10 02:40:00
5472609.629198967,0.0,212.0,,1.0,70.0,0.000125,,,2022-01-10 02:45:00
5472610.629285099,0.0,214.0,,1.0,71.0,0.00014,,,2022-01-10 02:50:00
5472611.629371231,0.0,217.0,,1.0,70.0,0.000105,,,2022-01-10 02:55:00
5472612.629457364,0.0,221.0,,1.0,71.0,8.3e-05,,,2022-01-10 03:00:00
5472613.629543497,0.0,224.0,,1.0,71.0,6e-05,,,2022-01-10 03:05:00
5472614.62962963,0.0,227.0,,1.0,72.0,5.6e-05,,,2022-01-10 03:10:00
5472615.629715762,0.0,228.0,,1.0,71.0,0.000108,,,2022-01-10 03:15:00
5472616.629801895,0.0,229.0,,1.0,71.0,0.000163,,,2022-01-10 03:20:00
5472617.629888027,0.0,233.0,,1.0,75.0,0.000146,,,2022-01-10 03:25:00
5472618.62997416,0.0,239.0,,1.0,77.0,0.000127,,,2022-01-10 03:30:00
5472619.630060293,0.0,241.0,,1.0,77.0,0.000116,,,2022-01-10 03:35:00
5472620.630146425,0.0,239.0,,1.0,76.0,0.000107,,,2022-01-10 03:40:00
5472621.630232558,0.0,237.0,,1.0,76.0,9.6e-05,,,2022-01-10 03:45:00
5472622.630318691,0.0,239.0,,1.0,75.0,0.000112,,,2022-01-10 03:50:00
5472623.630404823,0.0,241.0,,1.0,79.0,0.000115,,,2022-01-10 03:55:00
5472624.630490956,0.0,238.0,,1.25,75.0,0.000141,,,2022-01-10 04:00:00
5472625.630577088,0.0,232.0,,1.25,74.0,0.000103,,,2022-01-10 04:05:00
5472626.630663221,0.0,228.0,,1.25,76.0,8.8e-05,,,2022-01-10 04:10:00
5472627.630749354,0.0,226.0,,1.25,76.0,0.000106,,,2022-01-10 04:15:00
5472628.630835487,0.0,223.0,,1.25,73.0,0.00013,,,2022-01-10 04:20:00
5472629.630921619,0.0,218.0,,1.25,73.0,0.000136,,,2022-01-10 04:25:00
5472630.631007751,0.0,215.0,,1.25,74.0,0.000137,,,2022-01-10 04:30:00
5472631.631093885,0.0,219.0,,1.25,72.0,0.000144,,,2022-01-10 04:35:00
5472632.631180017,0.0,222.0,,1.25,72.0,0.00015,,,2022-01-10 04:40:00
5472633.63126615,0.0,229.0,,1.25,73.0,0.000225,,,2022-01-10 04:45:00
5472634.631352282,0.0,229.0,,1.25,70.0,0.000301,,,2022-01-10 04:50:00
5472635.631438415,0.0,227.0,,1.25,75.0,0.000224,,,2022-01-10 04:55:00
5472636.631524548,0.0,227.0,,1.3,87.0,0.000176,,,2022-01-10 05:00:00
5472637.63161068,0.0,238.0,,1.3,89.0,0.000106,,,2022-01-10 05:05:00
5472638.631696813,0.0,249.0,,1.3,79.0,0.000115,,,2022-01-10 05:10:00
5472639.631782945,0.0,254.0,,1.3,77.0,0.000111,,,2022-01-10 05:15:00
5472640.631869079,0.0,253.0,243.0,1.3,80.0,0.00011,,2.2,2022-01-10 05:20:00
5472641.631955211,0.0,258.0,,1.3,90.0,0.000112,,,2022-01-10 05:25:00
5472642.6320413435,0.0,266.0,,1.3,103.0,0.000112,,,2022-01-10 05:30:00
5472643.632127476,0.0,242.0,,1.3,93.0,0.00012,,,2022-01-10 05:35:00
5472644.632213608,0.0,242.0,,1.3,111.0,0.000124,,,2022-01-10 05:40:00
5472645.632299742,0.0,241.0,,1.3,110.0,0.000134,,,2022-01-10 05:45:00
5472646.632385874,0.0,239.0,,1.3,126.0,0.000132,,,2022-01-10 05:50:00
5472647.632472007,0.0,236.0,,1.3,140.0,0.000163,,,2022-01-10 05:55:00
5472648.632558139,0.0,234.0,,1.3,139.0,0.000165,,,2022-01-10 06:00:00
5472649.632644272,0.0,232.0,,1.3,133.0,0.000157,,,2022-01-10 06:05:00
5472650.632730405,0.0,230.0,,1.3,133.0,0.000152,,,2022-01-10 06:10:00
5472651.632816537,0.0,228.0,,1.3,99.0,0.000136,,,2022-01-10 06:15:00
5472652.63290267,0.0,226.0,230.0,1.3,94.0,7e-05,,9.0,2022-01-10 06:20:00
5472653.632988802,0.0,225.0,,1.3,90.0,6.6e-05,,8.1,2022-01-10 06:25:00
5472654.6330749355,0.0,224.0,,1.3,88.0,6.9e-05,,,2022-01-10 06:30:00
5472655.633161068,0.0,224.0,,1.3,122.0,6e-05,,,2022-01-10 06:35:00
5472656.6332472,0.0,221.0,,1.3,101.0,7e-05,,,2022-01-10 06:40:00
5472657.633333333,0.0,221.0,,1.3,111.0,7e-05,,,2022-01-10 06:45:00
5472658.633419466,0.0,223.0,,1.3,99.0,6.9e-05,,,2022-01-10 06:50:00
5472659.633505599,0.0,224.0,,1.3,103.0,6.9e-05,,,2022-01-10 06:55:00
5472660.633591731,0.0,229.0,,1.45,90.0,6.7e-05,,,2022-01-10 07:00:00
5472661.6336778635,0.0,235.0,,1.45,95.0,7.3e-05,,,2022-01-10 07:05:00
5472662.633763996,0.0,233.0,,1.45,98.0,7e-05,,,2022-01-10 07:10:00
5472663.633850129,0.0,238.0,,1.45,106.0,5.4e-05,,,2022-01-10 07:15:00
5472664.633936262,0.0,225.0,,1.45,111.0,4.8e-05,,,2022-01-10 07:20:00
5472665.634022394,0.0,219.0,,1.45,98.0,4.9e-05,,,2022-01-10 07:25:00
5472666.634108527,0.0,207.0,,1.45,86.0,5.7e-05,,,2022-01-10 07:30:00
5472667.63419466,0.0,197.0,,1.45,88.0,5.7e-05,,,2022-01-10 07:35:00
5472668.634280792,0.0,188.0,,1.45,87.0,5.7e-05,,,2022-01-10 07:40:00
5472669.634366925,0.0,183.0,,1.45,84.0,6.4e-05,,,2022-01-10 07:45:00
5472670.634453057,0.0,180.0,,1.45,95.0,7e-05,,,2022-01-10 07:50:00
5472671.63453919,0.0,178.0,,1.45,86.0,6.4e-05,,,2022-01-10 07:55:00
5472672.634625323,0.0,180.0,180.0,1.45,88.0,7.6e-05,,,2022-01-10 08:00:00
5472673.634711456,0.0,186.0,,1.45,85.0,8.2e-05,,,2022-01-10 08:05:00
5472674.634797588,0.0,194.0,,1.45,82.0,5.1e-05,,,2022-01-10 08:10:00
5472675.63488372,0.0,198.0,,1.45,83.0,6.1e-05,,,2022-01-10 08:15:00
5472676.634969854,0.0,200.0,,1.45,83.0,6.2e-05,,,2022-01-10 08:20:00
5472677.635055986,0.0,205.0,,1.45,83.0,6e-05,,,2022-01-10 08:25:00
5472678.635142119,0.0,211.0,,1.45,80.0,5.9e-05,,,2022-01-10 08:30:00
5472679.635228251,0.0,214.0,,1.45,78.0,5.4e-05,,,2022-01-10 08:35:00
5472680.635314384,0.0,213.0,,1.45,83.0,4.7e-05,,,2022-01-10 08:40:00
5472681.635400517,0.0,213.0,,1.45,92.0,5e-05,,,2022-01-10 08:45:00
5472682.635486649,0.0,213.0,,1.45,95.0,5e-05,,,2022-01-10 08:50:00
5472683.635572782,0.0,214.0,,1.45,77.0,4.6e-05,,,2022-01-10 08:55:00
5472684.635658914,0.0,215.0,,1.45,73.0,5e-05,,,2022-01-10 09:00:00
5472685.635745048,0.0,221.0,,1.45,73.0,4.6e-05,,,2022-01-10 09:05:00
5472686.63583118,0.0,224.0,,1.45,72.0,4.6e-05,,,2022-01-10 09:10:00
5472687.635917312,0.0,224.0,,1.45,69.0,4.6e-05,,,2022-01-10 09:15:00
5472688.636003445,0.0,222.0,,1.45,79.0,4.6e-05,,,2022-01-10 09:20:00
5472689.636089577,0.0,220.0,,1.45,81.0,4.5e-05,,,2022-01-10 09:25:00
5472690.636175711,0.0,218.0,,1.45,71.0,4.6e-05,,,2022-01-10 09:30:00
5472691.636261843,0.0,216.0,,1.45,74.0,4.7e-05,,,2022-01-10 09:35:00
5472692.636347976,0.0,215.0,,1.45,73.0,4.7e-05,,,2022-01-10 09:40:00
5472693.636434108,0.0,214.0,,1.45,72.0,4.4e-05,,,2022-01-10 09:45:00
5472694.636520241,0.0,217.0,,1.45,74.0,4.4e-05,,,2022-01-10 09:50:00
5472695.636606374,0.0,221.0,,1.45,73.0,4.4e-05,,,2022-01-10 09:55:00
5472696.636692506,0.0,223.0,,1.45,74.0,4.4e-05,,,2022-01-10 10:00:00
5472697.636778639,0.0,222.0,,1.45,73.0,4.4e-05,,,2022-01-10 10:05:00
5472698.636864771,0.0,224.0,,1.45,79.0,4.4e-05,,,2022-01-10 10:10:00
5472699.6369509045,0.0,225.0,,1.45,78.0,4.5e-05,,,2022-01-10 10:15:00
5472700.637037037,0.0,229.0,,1.45,68.0,4.4e-05,,,2022-01-10 10:20:00
5472701.637123169,0.0,230.0,,1.45,72.0,4.4e-05,,,2022-01-10 10:25:00
5472702.637209302,0.0,230.0,,1.45,72.0,4.5e-05,,,2022-01-10 10:30:00
5472703.637295435,0.0,230.0,,1.45,72.0,4.4e-05,,,2022-01-10 10:35:00
5472704.637381568,0.0,229.0,,1.45,73.0,4.4e-05,,,2022-01-10 10:40:00
5472705.6374677,0.0,232.0,,1.45,74.0,4.3e-05,,,2022-01-10 10:45:00
5472706.6375538325,0.0,234.0,,1.45,73.0,4.3e-05,,,2022-01-10 10:50:00
5472707.637639965,0.0,229.0,,1.45,72.0,4.3e-05,,,2022-01-10 10:55:00
5472708.637726098,0.0,222.0,,0.75,69.0,4.4e-05,,,2022-01-10 11:00:00
5472709.637812231,0.0,217.0,,0.75,71.0,4.3e-05,,,2022-01-10 11:05:00
5472710.637898363,0.0,214.0,,0.75,70.0,4.4e-05,,,2022-01-10 11:10:00
5472711.637984496,0.0,211.0,206.0,0.75,75.0,4.3e-05,,,2022-01-10 11:15:00
5472712.638070629,0.0,209.0,,0.75,82.0,4.3e-05,,,2022-01-10 11:20:00
5472713.638156761,0.0,205.0,,0.75,81.0,4.5e-05,125.0,,2022-01-10 11:25:00
5472714.638242894,0.0,200.0,206.0,0.75,89.0,4.5e-05,,9.7,2022-01-10 11:30:00
5472715.638329026,0.0,198.0,,0.75,79.0,4.8e-05,,7.8,2022-01-10 11:35:00
5472716.638415159,0.0,196.0,,0.75,83.0,4.8e-05,,,2022-01-10 11:40:00
5472717.638501292,0.0,184.0,,0.75,86.0,5.1e-05,,,2022-01-10 11:45:00
5472718.6385874245,0.0,164.0,,0.75,85.0,4.8e-05,,,2022-01-10 11:50:00
5472719.638673557,0.0,144.0,,0.75,69.0,4.7e-05,,,2022-01-10 11:55:00
5472720.638759689,0.0,135.0,,0.75,75.0,5.3e-05,,,2022-01-10 12:00:00
5472721.638845823,0.0,134.0,,0.75,74.0,4.5e-05,,,2022-01-10 12:05:00
5472722.638931955,0.0,133.0,,0.75,92.0,4.3e-05,,,2022-01-10 12:10:00
5472723.639018088,0.0,130.0,,0.75,74.0,4.3e-05,,,2022-01-10 12:15:00
5472724.63910422,0.0,128.0,,0.75,76.0,4.4e-05,,,2022-01-10 12:20:00
5472725.6391903525,0.0,126.0,,0.75,72.0,4.3e-05,,,2022-01-10 12:25:00
5472726.639276486,0.0,124.0,,0.75,76.0,4.4e-05,,,2022-01-10 12:30:00
5472727.639362618,0.0,123.0,,0.75,78.0,4.5e-05,,,2022-01-10 12:35:00
5472728.639448751,0.0,123.0,,0.75,75.0,4.4e-05,,,2022-01-10 12:40:00
5472729.639534883,0.0,126.0,,0.75,74.0,4.6e-05,,,2022-01-10 12:45:00
5472730.639621017,0.0,130.0,,0.75,81.0,4.5e-05,,,2022-01-10 12:50:00
5472731.639707149,0.0,134.0,,0.75,83.0,4.6e-05,,,2022-01-10 12:55:00
5472732.639793281,0.0,138.0,,0.75,75.0,4.6e-05,,,2022-01-10 13:00:00
5472733.639879414,0.0,141.0,,0.75,80.0,4.5e-05,,,2022-01-10 13:05:00
5472734.639965546,0.0,146.0,,0.75,71.0,4.5e-05,,,2022-01-10 13:10:00
5472735.64005168,0.0,147.0,,0.75,85.0,4.5e-05,,,2022-01-10 13:15:00
5472736.640137812,0.0,145.0,,0.75,76.0,4.4e-05,,,2022-01-10 13:20:00
5472737.640223945,0.0,144.0,,0.75,69.0,4.5e-05,,,2022-01-10 13:25:00
5472738.640310077,0.0,143.0,,0.75,71.0,4.6e-05,,,2022-01-10 13:30:00
5472739.64039621,0.0,142.0,,0.75,78.0,4.5e-05,,,2022-01-10 13:35:00
5472740.640482343,0.0,141.0,,0.75,72.0,4.4e-05,,,2022-01-10 13:40:00
5472741.640568475,0.0,144.0,,0.75,74.0,4.6e-05,,,2022-01-10 13:45:00
5472742.640654608,0.0,148.0,,0.75,70.0,4.7e-05,,,2022-01-10 13:50:00
5472743.64074074,0.0,152.0,,0.75,75.0,4.4e-05,,,2022-01-10 13:55:00
5472744.6408268735,0.0,155.0,,0.75,73.0,4.4e-05,,,2022-01-10 14:00:00
5472745.640913006,0.0,158.0,,0.75,94.0,4.4e-05,,,2022-01-10 14:05:00
5472746.640999138,0.0,158.0,,0.75,101.0,4.3e-05,,,2022-01-10 14:10:00
5472747.641085271,0.0,161.0,,0.75,92.0,4.3e-05,,,2022-01-10 14:15:00
5472748.641171404,0.0,173.0,,0.75,71.0,4.4e-05,,,2022-01-10 14:20:00
5472749.641257537,0.0,189.0,,0.75,72.0,4.5e-05,,,2022-01-10 14:25:00
5472750.641343669,0.0,204.0,189.0,0.75,71.0,4.4e-05,,2.7,2022-01-10 14:30:00
5472751.6414298015,0.0,218.0,,0.75,78.0,4.5e-05,30.0,1.9,2022-01-10 14:35:00
5472752.641515934,0.0,233.0,,0.75,75.0,4.6e-05,,,2022-01-10 14:40:00
5472753.641602067,0.0,238.0,,0.75,73.0,4.4e-05,,,2022-01-10 14:45:00
5472754.6416882,0.0,236.0,,0.75,67.0,4.4e-05,,,2022-01-10 14:50:00
5472755.641774332,0.0,230.0,,0.75,69.0,4.4e-05,,,2022-01-10 14:55:00
5472756.641860465,0.0,226.0,,0.75,73.0,4.4e-05,,,2022-01-10 15:00:00
5472757.641946598,0.0,224.0,,0.75,70.0,4.3e-05,,,2022-01-10 15:05:00
5472758.64203273,0.0,221.0,,0.75,70.0,4.5e-05,,,2022-01-10 15:10:00
5472759.642118863,0.0,216.0,,0.75,71.0,4.5e-05,,,2022-01-10 15:15:00
5472760.642204995,0.0,211.0,,0.75,69.0,4.3e-05,,,2022-01-10 15:20:00
5472761.642291128,0.0,209.0,,0.75,71.0,4.3e-05,,,2022-01-10 15:25:00
5472762.642377261,0.0,206.0,,0.75,71.0,4.4e-05,,,2022-01-10 15:30:00
5472763.6424633935,0.0,203.0,,0.75,80.0,4.3e-05,,,2022-01-10 15:35:00
5472764.642549526,0.0,198.0,,0.75,78.0,4.3e-05,,,2022-01-10 15:40:00
5472765.642635658,0.0,195.0,,0.75,92.0,4.5e-05,,,2022-01-10 15:45:00
5472766.642721792,0.0,193.0,,0.75,94.0,5e-05,,,2022-01-10 15:50:00
5472767.642807924,0.0,190.0,,0.75,91.0,5.5e-05,,,2022-01-10 15:55:00
5472768.642894057,0.0,188.0,,0.75,93.0,5.2e-05,,,2022-01-10 16:00:00
5472769.642980189,0.0,190.0,,0.75,88.0,5.3e-05,,,2022-01-10 16:05:00
5472770.6430663215,0.0,194.0,,0.75,98.0,5.4e-05,,,2022-01-10 16:10:00
5472771.643152455,0.0,196.0,,0.75,94.0,6.2e-05,,,2022-01-10 16:15:00
5472772.643238587,0.0,197.0,,0.75,93.0,9.2e-05,,,2022-01-10 16:20:00
5472773.64332472,0.0,197.0,,0.75,86.0,0.000105,,,2022-01-10 16:25:00
5472774.643410852,0.0,197.0,,0.75,84.0,8.6e-05,,,2022-01-10 16:30:00
5472775.643496986,0.0,196.0,,0.75,85.0,0.000149,,,2022-01-10 16:35:00
5472776.643583118,0.0,196.0,,0.75,87.0,0.000137,,,2022-01-10 16:40:00
5472777.64366925,0.0,197.0,,0.75,88.0,8.3e-05,,,2022-01-10 16:45:00
5472778.643755383,0.0,199.0,,0.75,88.0,8.1e-05,,,2022-01-10 16:50:00
5472779.643841515,0.0,200.0,,0.75,89.0,8.3e-05,,,2022-01-10 16:55:00
5472780.643927649,0.0,202.0,,0.88,88.0,9.6e-05,,,2022-01-10 17:00:00
5472781.644013781,0.0,205.0,,0.88,88.0,9.4e-05,,,2022-01-10 17:05:00
5472782.644099914,0.0,208.0,,0.88,86.0,8.3e-05,,,2022-01-10 17:10:00
5472783.644186046,0.0,208.0,,0.88,96.0,0.000107,,,2022-01-10 17:15:00
5472784.644272179,0.0,210.0,,0.88,85.0,0.000138,,,2022-01-10 17:20:00
5472785.644358312,0.0,211.0,,0.88,88.0,0.000129,,,2022-01-10 17:25:00
5472786.644444444,0.0,210.0,,0.88,89.0,0.000192,,,2022-01-10 17:30:00
5472787.644530577,0.0,210.0,,0.88,89.0,0.000227,,,2022-01-10 17:35:00
5472788.644616709,0.0,211.0,,0.88,106.0,0.000721,,,2022-01-10 17:40:00
5472789.644702842,0.0,211.0,181.0,0.88,107.0,0.037669,,,2022-01-10 17:45:00
5472790.644788975,0.0,211.0,,0.88,90.0,0.14358,,,2022-01-10 17:50:00
5472791.644875107,0.0,213.0,,0.88,94.0,0.1812,,,2022-01-10 17:55:00
5472792.64496124,0.0,215.0,181.0,0.88,99.0,0.09694,,11.7,2022-01-10 18:00:00
5472793.645047373,0.0,218.0,,0.88,83.0,0.0288,165.0,10.3,2022-01-10 18:05:00
5472794.645133506,0.0,192.0,,0.88,87.0,0.01788,,,2022-01-10 18:10:00
5472795.645219638,0.0,187.0,,0.88,90.0,0.014124,,,2022-01-10 18:15:00
5472796.64530577,0.0,176.0,,0.88,88.0,0.013588,,,2022-01-10 18:20:00
5472797.645391903,0.0,163.0,,0.88,87.0,0.011918,,,2022-01-10 18:25:00
5472798.645478036,0.0,153.0,,0.88,88.0,0.012698,,,2022-01-10 18:30:00
5472799.645564169,0.0,146.0,,0.88,91.0,0.006868,,,2022-01-10 18:35:00
5472800.645650301,0.0,140.0,,0.88,87.0,0.01982,,,2022-01-10 18:40:00
5472801.645736434,0.0,134.0,,0.88,87.0,0.012384,,,2022-01-10 18:45:00
5472802.645822567,0.0,128.0,,0.88,89.0,0.006004,,,2022-01-10 18:50:00
5472803.645908699,0.0,123.0,,0.88,87.0,0.001588,,,2022-01-10 18:55:00
5472804.645994832,0.0,116.0,,0.88,87.0,0.002178,,,2022-01-10 19:00:00
5472805.646080964,0.0,107.0,,0.88,89.0,0.002254,,,2022-01-10 19:05:00
5472806.646167097,0.0,100.0,,0.88,87.0,0.00207,,,2022-01-10 19:10:00
5472807.64625323,0.0,97.0,,0.88,90.0,0.000566,,,2022-01-10 19:15:00
5472808.6463393625,0.0,96.0,,0.88,87.0,0.000145,,,2022-01-10 19:20:00
5472809.646425495,0.0,94.0,,0.88,86.0,7.1e-05,,,2022-01-10 19:25:00
5472810.646511627,0.0,93.0,,0.88,87.0,5.6e-05,,,2022-01-10 19:30:00
5472811.646597761,0.0,94.0,,0.88,87.0,5.5e-05,,,2022-01-10 19:35:00
5472812.646683893,0.0,97.0,,0.88,87.0,5.7e-05,,,2022-01-10 19:40:00
5472813.646770026,0.0,103.0,,0.88,84.0,6.8e-05,,,2022-01-10 19:45:00
5472814.646856158,0.0,109.0,,0.88,85.0,6.7e-05,,,2022-01-10 19:50:00
5472815.646942291,0.0,114.0,,0.88,84.0,6.1e-05,,,2022-01-10 19:55:00
5472816.647028424,0.0,117.0,,0.88,85.0,5.5e-05,,,2022-01-10 20:00:00
5472817.647114556,0.0,120.0,,0.88,86.0,5.8e-05,,,2022-01-10 20:05:00
5472818.647200689,0.0,123.0,,0.88,85.0,6.8e-05,,,2022-01-10 20:10:00
5472819.647286821,0.0,128.0,,0.88,85.0,7.9e-05,,,2022-01-10 20:15:00
5472820.6473729545,0.0,132.0,,0.88,85.0,8.4e-05,,,2022-01-10 20:20:00
5472821.647459087,0.0,137.0,,0.88,87.0,6.6e-05,,,2022-01-10 20:25:00
5472822.647545219,0.0,142.0,,0.88,104.0,6.2e-05,,,2022-01-10 20:30:00
5472823.647631352,0.0,146.0,,0.88,94.0,6.7e-05,,,2022-01-10 20:35:00
5472824.647717485,0.0,151.0,,0.88,83.0,9.6e-05,,,2022-01-10 20:40:00
5472825.647803618,0.0,154.0,,0.88,83.0,8.3e-05,,,2022-01-10 20:45:00
5472826.64788975,0.0,163.0,,0.88,82.0,8.3e-05,,,2022-01-10 20:50:00
5472827.6479758825,0.0,178.0,,0.88,84.0,7.9e-05,,,2022-01-10 20:55:00
5472828.648062015,0.0,192.0,,0.88,85.0,6.7e-05,,,2022-01-10 21:00:00
5472829.648148148,0.0,205.0,,0.88,83.0,6.8e-05,,,2022-01-10 21:05:00
5472830.648234281,0.0,218.0,,0.88,82.0,6.3e-05,,,2022-01-10 21:10:00
5472831.648320413,0.0,228.0,,0.88,82.0,6.3e-05,,,2022-01-10 21:15:00
5472832.648406546,0.0,236.0,,0.88,83.0,5.1e-05,,,2022-01-10 21:20:00
5472833.648492679,0.0,244.0,,0.88,82.0,5.8e-05,,,2022-01-10 21:25:00
5472834.648578811,0.0,251.0,,0.88,86.0,6e-05,,,2022-01-10 21:30:00
5472835.648664944,0.0,254.0,,0.88,96.0,5.3e-05,,,2022-01-10 21:35:00
5472836.648751076,0.0,255.0,264.0,0.88,87.0,6.3e-05,,2.7,2022-01-10 21:40:00
5472837.648837209,0.0,254.0,,0.88,81.0,5e-05,,,2022-01-10 21:45:00
5472838.648923342,0.0,253.0,,0.88,72.0,4.4e-05,,,2022-01-10 21:50:00
5472839.649009475,0.0,252.0,,0.88,75.0,4.3e-05,,,2022-01-10 21:55:00
5472840.649095607,0.0,251.0,,0.88,75.0,4.3e-05,,,2022-01-10 22:00:00
5472841.649181739,0.0,250.0,,0.88,74.0,4.4e-05,,,2022-01-10 22:05:00
5472842.649267873,0.0,251.0,,0.88,70.0,4.4e-05,,,2022-01-10 22:10:00
5472843.649354005,0.0,251.0,,0.88,69.0,4.5e-05,,,2022-01-10 22:15:00
5472844.649440138,0.0,248.0,,0.88,70.0,4.5e-05,,,2022-01-10 22:20:00
5472845.64952627,0.0,247.0,,0.88,70.0,4.5e-05,,,2022-01-10 22:25:00
5472846.649612403,0.0,245.0,,0.88,70.0,4.5e-05,,,2022-01-10 22:30:00
5472847.649698536,0.0,244.0,,0.88,71.0,4.5e-05,,,2022-01-10 22:35:00
5472848.649784668,0.0,244.0,,0.88,71.0,4.5e-05,,,2022-01-10 22:40:00
5472849.649870801,0.0,245.0,,0.88,74.0,4.7e-05,,,2022-01-10 22:45:00
5472850.649956933,0.0,246.0,,0.88,73.0,5.8e-05,,,2022-01-10 22:50:00
5472851.650043067,0.0,247.0,,0.88,71.0,6.9e-05,,,2022-01-10 22:55:00
5472852.650129199,0.0,248.0,,0.88,70.0,7.4e-05,,,2022-01-10 23:00:00
5472853.650215331,0.0,249.0,,0.88,70.0,7.4e-05,,,2022-01-10 23:05:00
5472854.650301464,0.0,250.0,,0.88,71.0,5.6e-05,,,2022-01-10 23:10:00
5472855.650387596,0.0,252.0,,0.88,71.0,5.3e-05,,,2022-01-10 23:15:00
5472856.65047373,0.0,254.0,,0.88,72.0,5.8e-05,,,2022-01-10 23:20:00
5472857.650559862,0.0,255.0,,0.88,70.0,6e-05,,,2022-01-10 23:25:00
5472858.650645995,0.0,256.0,,0.88,69.0,5.7e-05,,,2022-01-10 23:30:00
5472859.650732127,0.0,256.0,,0.88,71.0,4.6e-05,,,2022-01-10 23:35:00
5472860.65081826,0.0,255.0,,0.88,68.0,4.5e-05,,,2022-01-10 23:40:00
5472861.650904393,0.0,255.0,,0.88,68.0,4.5e-05,,,2022-01-10 23:45:00
5472862.650990525,0.0,254.0,,0.88,67.0,5e-05,,,2022-01-10 23:50:00
5472863.651076658,0.0,253.0,,0.88,67.0,4.8e-05,,,2022-01-10 23:55:00
5472864.65116279,0.0,255.0,,1.0,67.0,4.6e-05,,,2022-01-11 00:00:00
5472865.6512489235,0.0,256.0,,1.0,67.0,4.7e-05,,,2022-01-11 00:05:00
5472866.651335056,0.0,258.0,,1.0,68.0,4.8e-05,,,2022-01-11 00:10:00
5472867.651421188,0.0,260.0,,1.0,66.0,5e-05,,,2022-01-11 00:15:00
5472868.651507321,0.0,260.0,,1.0,67.0,5e-05,,,2022-01-11 00:20:00
5472869.651593454,0.0,260.0,,1.0,66.0,5.1e-05,,,2022-01-11 00:25:00
5472870.651679587,0.0,259.0,,1.0,66.0,5.1e-05,,,2022-01-11 00:30:00
5472871.651765719,0.0,259.0,,1.0,66.0,5e-05,,,2022-01-11 00:35:00
5472872.6518518515,0.0,259.0,,1.0,65.0,4.9e-05,,,2022-01-11 00:40:00
5472873.651937984,0.0,259.0,,1.0,65.0,4.9e-05,,,2022-01-11 00:45:00
5472874.652024117,0.0,261.0,,1.0,65.0,5e-05,,,2022-01-11 00:50:00
5472875.65211025,0.0,264.0,,1.0,69.0,5.1e-05,,,2022-01-11 00:55:00
5472876.652196382,0.0,265.0,,1.0,68.0,5.3e-05,,,2022-01-11 01:00:00
5472877.652282515,0.0,265.0,,1.0,67.0,4.8e-05,,,2022-01-11 01:05:00
5472878.652368648,0.0,266.0,,1.0,68.0,4.7e-05,,,2022-01-11 01:10:00
5472879.65245478,0.0,267.0,,1.0,68.0,4.6e-05,,,2022-01-11 01:15:00
5472880.652540913,0.0,267.0,,1.0,67.0,4.5e-05,,,2022-01-11 01:20:00
5472881.652627045,0.0,267.0,,1.0,65.0,4.6e-05,,,2022-01-11 01:25:00
5472882.652713178,0.0,268.0,,1.0,66.0,4.7e-05,,,2022-01-11 01:30:00
5472883.652799311,0.0,269.0,,1.0,68.0,4.9e-05,,,2022-01-11 01:35:00
5472884.6528854435,0.0,269.0,,1.0,66.0,4.9e-05,,,2022-01-11 01:40:00
5472885.652971576,0.0,270.0,,1.0,68.0,5e-05,,,2022-01-11 01:45:00
5472886.653057708,0.0,278.0,,1.0,65.0,4.7e-05,,,2022-01-11 01:50:00
5472887.653143842,0.0,282.0,,1.0,63.0,5e-05,,,2022-01-11 01:55:00
5472888.653229974,0.0,280.0,,1.0,63.0,5.8e-05,,,2022-01-11 02:00:00
5472889.653316107,0.0,278.0,,1.0,64.0,6.5e-05,,,2022-01-11 02:05:00
5472890.653402239,0.0,276.0,,1.0,65.0,7.3e-05,,,2022-01-11 02:10:00
5472891.6534883715,0.0,276.0,,1.0,68.0,8.1e-05,,,2022-01-11 02:15:00
5472892.653574505,0.0,276.0,,1.0,67.0,8.7e-05,,,2022-01-11 02:20:00
5472893.653660637,0.0,275.0,,1.0,68.0,9.5e-05,,,2022-01-11 02:25:00
5472894.65374677,0.0,275.0,,1.0,67.0,0.000103,,,2022-01-11 02:30:00
5472895.653832902,0.0,276.0,,1.0,68.0,0.000112,,,2022-01-11 02:35:00
5472896.653919036,0.0,279.0,,1.0,68.0,0.0001,,,2022-01-11 02:40:00
5472897.654005168,0.0,278.0,,1.0,70.0,7.1e-05,,,2022-01-11 02:45:00
5472898.6540913,0.0,275.0,,1.0,69.0,5.9e-05,,,2022-01-11 02:50:00
5472899.654177433,0.0,273.0,,1.0,67.0,5.7e-05,,,2022-01-11 02:55:00
5472900.654263565,0.0,271.0,,1.0,81.0,5.3e-05,,,2022-01-11 03:00:00
5472901.654349699,0.0,269.0,,1.0,67.0,4.6e-05,,,2022-01-11 03:05:00
5472902.654435831,0.0,269.0,,1.0,64.0,4.7e-05,,,2022-01-11 03:10:00
5472903.654521964,0.0,269.0,,1.0,64.0,4.9e-05,,,2022-01-11 03:15:00
5472904.654608096,0.0,269.0,,1.0,64.0,4.9e-05,,,2022-01-11 03:20:00
5472905.654694229,0.0,268.0,,1.0,65.0,4.9e-05,,,2022-01-11 03:25:00
5472906.654780362,0.0,266.0,,1.0,67.0,5.3e-05,,,2022-01-11 03:30:00
5472907.654866494,0.0,267.0,,1.0,66.0,6.4e-05,,,2022-01-11 03:35:00
5472908.654952627,0.0,268.0,,1.0,68.0,7.4e-05,,,2022-01-11 03:40:00
5472909.655038759,0.0,268.0,,1.0,69.0,8.5e-05,,,2022-01-11 03:45:00
5472910.6551248925,0.0,269.0,,1.0,68.0,9.6e-05,,,2022-01-11 03:50:00
5472911.655211025,0.0,269.0,,1.0,68.0,0.000106,,,2022-01-11 03:55:00
5472912.655297157,0.0,270.0,,1.25,68.0,0.000116,,,2022-01-11 04:00:00
5472913.65538329,0.0,270.0,,1.25,68.0,0.000127,,,2022-01-11 04:05:00
5472914.655469423,0.0,270.0,,1.25,68.0,0.000139,,,2022-01-11 04:10:00
5472915.655555556,0.0,269.0,,1.25,70.0,0.000119,,,2022-01-11 04:15:00
5472916.655641688,0.0,268.0,,1.25,66.0,6.5e-05,,,2022-01-11 04:20:00
5472917.6557278205,0.0,268.0,,1.25,66.0,6.3e-05,,,2022-01-11 04:25:00
5472918.655813953,0.0,268.0,,1.25,63.0,8.7e-05,,,2022-01-11 04:30:00
5472919.655900086,0.0,265.0,,1.25,64.0,0.000106,,,2022-01-11 04:35:00
5472920.655986219,0.0,263.0,,1.25,64.0,0.000125,,,2022-01-11 04:40:00
5472921.656072351,0.0,256.0,,1.25,72.0,7.5e-05,,,2022-01-11 04:45:00
5472922.656158484,0.0,253.0,,1.25,81.0,6e-05,,,2022-01-11 04:50:00
5472923.656244617,0.0,256.0,,1.25,83.0,5.1e-05,,,2022-01-11 04:55:00
5472924.656330749,0.0,259.0,283.0,1.3,84.0,4.9e-05,,3.0,2022-01-11 05:00:00
5472925.656416882,0.0,262.0,,1.3,84.0,5.1e-05,,,2022-01-11 05:05:00
5472926.656503014,0.0,272.0,,1.3,84.0,4.9e-05,,,2022-01-11 05:10:00
5472927.656589147,0.0,278.0,,1.3,84.0,6.1e-05,,,2022-01-11 05:15:00
5472928.65667528,0.0,275.0,,1.3,87.0,6.1e-05,,,2022-01-11 05:20:00
5472929.6567614125,0.0,271.0,,1.3,103.0,6.6e-05,,,2022-01-11 05:25:00
5472930.656847545,0.0,268.0,,1.3,77.0,6.7e-05,,,2022-01-11 05:30:00
5472931.656933677,0.0,265.0,,1.3,114.0,8.6e-05,,,2022-01-11 05:35:00
5472932.657019811,0.0,259.0,,1.3,79.0,0.0001,,,2022-01-11 05:40:00
5472933.657105943,0.0,255.0,,1.3,86.0,0.00011,,,2022-01-11 05:45:00
5472934.657192076,0.0,253.0,,1.3,94.0,0.000129,,,2022-01-11 05:50:00
5472935.657278208,0.0,250.0,,1.3,78.0,0.000118,,,2022-01-11 05:55:00
5472936.6573643405,0.0,248.0,250.0,1.3,86.0,7.2e-05,,6.6,2022-01-11 06:00:00
5472937.657450474,0.0,248.0,,1.3,77.0,5.7e-05,130.0,10.2,2022-01-11 06:05:00
5472938.657536606,0.0,246.0,,1.3,82.0,6.1e-05,,,2022-01-11 06:10:00
5472939.657622739,0.0,236.0,,1.3,85.0,6.6e-05,,,2022-01-11 06:15:00
5472940.657708871,0.0,222.0,,1.3,92.0,6.9e-05,,,2022-01-11 06:20:00
5472941.657795005,0.0,205.0,,1.3,84.0,5.8e-05,,,2022-01-11 06:25:00
5472942.657881137,0.0,187.0,,1.3,96.0,5.6e-05,,,2022-01-11 06:30:00
5472943.657967269,0.0,173.0,,1.3,89.0,5.3e-05,,,2022-01-11 06:35:00
5472944.658053402,0.0,163.0,,1.3,88.0,6e-05,,,2022-01-11 06:40:00
5472945.658139534,0.0,156.0,,1.3,90.0,5.5e-05,,,2022-01-11 06:45:00
5472946.658225668,0.0,149.0,,1.3,91.0,5.1e-05,,,2022-01-11 06:50:00
5472947.6583118,0.0,139.0,,1.3,89.0,5.3e-05,,,2022-01-11 06:55:00
5472948.658397933,0.0,134.0,,1.45,89.0,5.6e-05,,,2022-01-11 07:00:00
5472949.658484065,0.0,134.0,,1.45,89.0,5.4e-05,,,2022-01-11 07:05:00
5472950.658570198,0.0,129.0,,1.45,88.0,5.4e-05,,,2022-01-11 07:10:00
5472951.658656331,0.0,125.0,,1.45,89.0,5.4e-05,,,2022-01-11 07:15:00
5472952.658742463,0.0,126.0,,1.45,80.0,5.2e-05,,,2022-01-11 07:20:00
5472953.658828596,0.0,131.0,,1.45,80.0,5.5e-05,,,2022-01-11 07:25:00
5472954.658914728,0.0,139.0,,1.45,83.0,5.7e-05,,,2022-01-11 07:30:00
5472955.659000861,0.0,146.0,,1.45,83.0,5.2e-05,,,2022-01-11 07:35:00
5472956.659086994,0.0,151.0,,1.45,80.0,5e-05,,,2022-01-11 07:40:00
5472957.659173126,0.0,160.0,,1.45,81.0,4.8e-05,,,2022-01-11 07:45:00
5472958.659259259,0.0,166.0,,1.45,80.0,4.8e-05,,,2022-01-11 07:50:00
5472959.659345392,0.0,169.0,,1.45,79.0,4.9e-05,,,2022-01-11 07:55:00
5472960.659431525,0.0,174.0,,1.45,80.0,5e-05,,,2022-01-11 08:00:00
5472961.659517657,0.0,178.0,,1.45,79.0,4.7e-05,,,2022-01-11 08:05:00
5472962.659603789,0.0,181.0,,1.45,81.0,4.9e-05,,,2022-01-11 08:10:00
5472963.659689922,0.0,183.0,,1.45,80.0,5e-05,,,2022-01-11 08:15:00
5472964.659776055,0.0,184.0,,1.45,79.0,4.7e-05,,,2022-01-11 08:20:00
5472965.659862188,0.0,186.0,,1.45,79.0,4.9e-05,,,2022-01-11 08:25:00
5472966.65994832,0.0,190.0,,1.45,77.0,4.6e-05,,,2022-01-11 08:30:00
5472967.660034453,0.0,191.0,,1.45,74.0,4.5e-05,,,2022-01-11 08:35:00
5472968.660120586,0.0,192.0,,1.45,74.0,4.6e-05,,,2022-01-11 08:40:00
5472969.660206718,0.0,193.0,,1.45,73.0,4.4e-05,,,2022-01-11 08:45:00
5472970.660292851,0.0,197.0,,1.45,77.0,4.4e-05,,,2022-01-11 08:50:00
5472971.660378983,0.0,203.0,,1.45,78.0,4.4e-05,,,2022-01-11 08:55:00
5472972.660465116,0.0,207.0,,1.45,79.0,4.4e-05,,,2022-01-11 09:00:00
5472973.660551249,0.0,209.0,,1.45,80.0,4.5e-05,,,2022-01-11 09:05:00
5472974.6606373815,0.0,207.0,,1.45,76.0,4.7e-05,,,2022-01-11 09:10:00
5472975.660723514,0.0,204.0,,1.45,80.0,4.9e-05,,,2022-01-11 09:15:00
5472976.660809646,0.0,202.0,,1.45,71.0,6e-05,,,2022-01-11 09:20:00
5472977.66089578,0.0,201.0,,1.45,77.0,6.6e-05,,,2022-01-11 09:25:00
5472978.660981912,0.0,201.0,,1.45,76.0,6.2e-05,,,2022-01-11 09:30:00
5472979.661068045,0.0,200.0,,1.45,73.0,7e-05,,,2022-01-11 09:35:00
5472980.661154177,0.0,198.0,,1.45,84.0,5.8e-05,,,2022-01-11 09:40:00
5472981.6612403095,0.0,200.0,,1.45,66.0,4.5e-05,,,2022-01-11 09:45:00
5472982.661326443,0.0,202.0,,1.45,68.0,4.5e-05,,,2022-01-11 09:50:00
5472983.661412575,0.0,205.0,,1.45,86.0,4.5e-05,,,2022-01-11 09:55:00
5472984.661498708,0.0,206.0,,1.45,71.0,4.3e-05,,,2022-01-11 10:00:00
5472985.66158484,0.0,206.0,,1.45,71.0,4.3e-05,,,2022-01-11 10:05:00
5472986.6616709735,0.0,205.0,,1.45,71.0,4.3e-05,,,2022-01-11 10:10:00
5472987.661757106,0.0,202.0,,1.45,72.0,4.3e-05,,,2022-01-11 10:15:00
5472988.661843238,0.0,201.0,,1.45,73.0,4.5e-05,,,2022-01-11 10:20:00
5472989.661929371,0.0,202.0,,1.45,71.0,4.5e-05,,,2022-01-11 10:25:00
5472990.662015503,0.0,201.0,,1.45,74.0,4.6e-05,,,2022-01-11 10:30:00
5472991.662101637,0.0,199.0,,1.45,74.0,4.5e-05,,,2022-01-11 10:35:00
5472992.662187769,0.0,197.0,,1.45,73.0,4.6e-05,,,2022-01-11 10:40:00
5472993.6622739015,0.0,197.0,,1.45,81.0,4.4e-05,,,2022-01-11 10:45:00
5472994.662360034,0.0,195.0,,1.45,73.0,4.4e-05,,,2022-01-11 10:50:00
5472995.662446167,0.0,192.0,,1.45,76.0,4.3e-05,,,2022-01-11 10:55:00
5472996.6625323,0.0,190.0,,0.75,73.0,4.4e-05,,,2022-01-11 11:00:00
5472997.662618432,0.0,190.0,,0.75,75.0,4.5e-05,,,2022-01-11 11:05:00
5472998.662704565,0.0,191.0,177.0,0.75,70.0,4.5e-05,,,2022-01-11 11:10:00
5472999.662790697,0.0,192.0,,0.75,67.0,4.6e-05,,,2022-01-11 11:15:00
5473000.66287683,0.0,181.0,,0.75,67.0,4.7e-05,,,2022-01-11 11:20:00
5473001.662962963,0.0,180.0,,0.75,66.0,4.7e-05,,,2022-01-11 11:25:00
5473002.663049095,0.0,178.0,,0.75,66.0,4.4e-05,,,2022-01-11 11:30:00
5473003.663135228,0.0,178.0,,0.75,68.0,4.5e-05,,,2022-01-11 11:35:00
5473004.663221361,0.0,177.0,,0.75,69.0,4.6e-05,,,2022-01-11 11:40:00
5473005.663307494,0.0,177.0,,0.75,68.0,4.6e-05,,,2022-01-11 11:45:00
5473006.663393626,0.0,178.0,,0.75,69.0,4.7e-05,,,2022-01-11 11:50:00
5473007.663479758,0.0,178.0,,0.75,66.0,4.5e-05,,,2022-01-11 11:55:00
5473008.663565891,0.0,180.0,,0.75,65.0,4.3e-05,,,2022-01-11 12:00:00
5473009.663652024,0.0,180.0,,0.75,65.0,4.3e-05,,,2022-01-11 12:05:00
5473010.663738157,0.0,179.0,,0.75,67.0,4.3e-05,,,2022-01-11 12:10:00
5473011.663824289,0.0,180.0,,0.75,66.0,4.3e-05,,,2022-01-11 12:15:00
5473012.663910422,0.0,179.0,,0.75,68.0,4.4e-05,,,2022-01-11 12:20:00
5473013.663996555,0.0,178.0,,0.75,74.0,4.3e-05,,,2022-01-11 12:25:00
5473014.664082687,0.0,175.0,,0.75,83.0,4.3e-05,,,2022-01-11 12:30:00
5473015.66416882,0.0,172.0,175.0,0.75,73.0,4.3e-05,85.0,5.3,2022-01-11 12:35:00
5473016.664254952,0.0,171.0,,0.75,70.0,4.3e-05,,,2022-01-11 12:40:00
5473017.664341085,0.0,170.0,,0.75,71.0,4.3e-05,,,2022-01-11 12:45:00
5473018.664427218,0.0,166.0,,0.75,72.0,4.3e-05,,,2022-01-11 12:50:00
5473019.66451335,0.0,159.0,,0.75,75.0,4.3e-05,,,2022-01-11 12:55:00
5473020.664599483,0.0,156.0,,0.75,72.0,4.3e-05,,,2022-01-11 13:00:00
5473021.664685615,0.0,159.0,,0.75,73.0,4.3e-05,,,2022-01-11 13:05:00
5473022.664771749,0.0,157.0,,0.75,83.0,4.2e-05,,,2022-01-11 13:10:00
5473023.664857881,0.0,151.0,,0.75,73.0,4.4e-05,,,2022-01-11 13:15:00
5473024.664944014,0.0,146.0,,0.75,75.0,4.4e-05,,,2022-01-11 13:20:00
5473025.665030146,0.0,139.0,,0.75,78.0,4.3e-05,,,2022-01-11 13:25:00
5473026.665116278,0.0,136.0,,0.75,77.0,4.4e-05,,,2022-01-11 13:30:00
5473027.665202412,0.0,137.0,,0.75,75.0,4.5e-05,,,2022-01-11 13:35:00
5473028.665288544,0.0,141.0,,0.75,74.0,4.5e-05,,,2022-01-11 13:40:00
5473029.665374677,0.0,147.0,,0.75,81.0,4.3e-05,,,2022-01-11 13:45:00
5473030.665460809,0.0,156.0,,0.75,79.0,4.3e-05,,,2022-01-11 13:50:00
5473031.6655469425,0.0,164.0,,0.75,78.0,4.4e-05,,,2022-01-11 13:55:00
5473032.665633075,0.0,172.0,,0.75,79.0,4.3e-05,,,2022-01-11 14:00:00
5473033.665719207,0.0,179.0,,0.75,77.0,4.4e-05,,,2022-01-11 14:05:00
5473034.66580534,0.0,186.0,,0.75,75.0,4.3e-05,,,2022-01-11 14:10:00
5473035.665891472,0.0,194.0,,0.75,76.0,4.3e-05,,,2022-01-11 14:15:00
5473036.665977606,0.0,200.0,,0.75,78.0,4.4e-05,,,2022-01-11 14:20:00
5473037.666063738,0.0,202.0,,0.75,73.0,4.4e-05,,,2022-01-11 14:25:00
5473038.6661498705,0.0,205.0,,0.75,70.0,4.3e-05,,,2022-01-11 14:30:00
5473039.666236003,0.0,211.0,,0.75,72.0,4.3e-05,,,2022-01-11 14:35:00
5473040.666322136,0.0,217.0,,0.75,79.0,4.3e-05,,,2022-01-11 14:40:00
5473041.666408269,0.0,222.0,,0.75,77.0,4.3e-05,,,2022-01-11 14:45:00
5473042.666494401,0.0,227.0,,0.75,80.0,4.3e-05,,,2022-01-11 14:50:00
5473043.666580534,0.0,232.0,,0.75,78.0,4.4e-05,,,2022-01-11 14:55:00
5473044.666666666,0.0,243.0,,0.75,72.0,4.3e-05,,,2022-01-11 15:00:00
5473045.666752799,0.0,256.0,245.0,0.75,73.0,4.4e-05,,1.1,2022-01-11 15:05:00
5473046.666838932,0.0,267.0,,0.75,72.0,4.3e-05,,,2022-01-11 15:10:00
5473047.666925064,0.0,275.0,,0.75,74.0,4.3e-05,,,2022-01-11 15:15:00
5473048.667011197,0.0,278.0,,0.75,73.0,4.3e-05,,,2022-01-11 15:20:00
5473049.66709733,0.0,277.0,,0.75,,,,,2022-01-11 15:25:00
5473050.6671834625,0.0,279.0,,0.75,78.0,4.4e-05,,,2022-01-11 15:30:00
5473051.667269595,0.0,282.0,,0.75,88.0,4.3e-05,,,2022-01-11 15:35:00
5473052.667355727,0.0,279.0,,0.75,80.0,4.7e-05,,,2022-01-11 15:40:00
5473053.66744186,0.0,275.0,,0.75,81.0,5.3e-05,,,2022-01-11 15:45:00
5473054.667527993,0.0,271.0,,0.75,80.0,5.5e-05,,,2022-01-11 15:50:00
5473055.667614126,0.0,267.0,,0.75,79.0,5.4e-05,,,2022-01-11 15:55:00
5473056.667700258,0.0,265.0,,0.75,80.0,5.4e-05,,,2022-01-11 16:00:00
5473057.6677863905,0.0,263.0,,0.75,82.0,5.7e-05,,,2022-01-11 16:05:00
5473058.667872524,0.0,262.0,,0.75,93.0,5.8e-05,,,2022-01-11 16:10:00
5473059.667958656,0.0,262.0,,0.75,83.0,5.9e-05,,,2022-01-11 16:15:00
5473060.668044789,0.0,260.0,,0.75,81.0,6.2e-05,,,2022-01-11 16:20:00
5473061.668130921,0.0,259.0,,0.75,84.0,6.1e-05,,,2022-01-11 16:25:00
5473062.668217054,0.0,258.0,,0.75,82.0,5.8e-05,,,2022-01-11 16:30:00
5473063.668303187,0.0,257.0,,0.75,82.0,6e-05,,,2022-01-11 16:35:00
5473064.668389319,0.0,256.0,,0.75,84.0,5.7e-05,,,2022-01-11 16:40:00
5473065.668475452,0.0,256.0,,0.75,84.0,5.5e-05,,,2022-01-11 16:45:00
5473066.668561584,0.0,253.0,,0.75,86.0,5.6e-05,,,2022-01-11 16:50:00
5473067.668647718,0.0,252.0,,0.75,82.0,5.3e-05,,,2022-01-11 16:55:00
5473068.66873385,0.0,250.0,,0.88,81.0,5.2e-05,,,2022-01-11 17:00:00
5473069.668819983,0.0,249.0,,0.88,87.0,5.1e-05,,,2022-01-11 17:05:00
5473070.668906115,0.0,248.0,,0.88,93.0,5e-05,,,2022-01-11 17:10:00
5473071.668992247,0.0,246.0,,0.88,90.0,5.1e-05,,,2022-01-11 17:15:00
5473072.669078381,0.0,244.0,,0.88,90.0,4.9e-05,,,2022-01-11 17:20:00
5473073.669164513,0.0,243.0,,0.88,98.0,5.1e-05,,,2022-01-11 17:25:00
5473074.669250646,0.0,242.0,,0.88,97.0,5.1e-05,,,2022-01-11 17:30:00
5473075.669336778,0.0,242.0,,0.88,96.0,5.4e-05,,,2022-01-11 17:35:00
5473076.6694229115,0.0,242.0,,0.88,92.0,6.5e-05,,,2022-01-11 17:40:00
5473077.669509044,0.0,242.0,,0.88,99.0,6.8e-05,,,2022-01-11 17:45:00
5473078.669595176,0.0,242.0,,0.88,96.0,6.5e-05,,,2022-01-11 17:50:00
5473079.669681309,0.0,243.0,,0.88,96.0,5.1e-05,,,2022-01-11 17:55:00
5473080.669767441,0.0,243.0,,0.88,95.0,5.5e-05,,,2022-01-11 18:00:00
5473081.669853575,0.0,243.0,,0.88,96.0,5.4e-05,,,2022-01-11 18:05:00
5473082.669939707,0.0,245.0,,0.88,91.0,5.4e-05,,,2022-01-11 18:10:00
5473083.6700258395,0.0,247.0,,0.88,86.0,5.3e-05,,,2022-01-11 18:15:00
5473084.670111972,0.0,247.0,248.0,0.88,90.0,5.5e-05,,2.7,2022-01-11 18:20:00
5473085.670198105,0.0,246.0,,0.88,86.0,5.4e-05,,,2022-01-11 18:25:00
5473086.670284238,0.0,247.0,,0.88,86.0,5.5e-05,,,2022-01-11 18:30:00
5473087.67037037,0.0,243.0,,0.88,91.0,5.5e-05,,,2022-01-11 18:35:00
5473088.670456503,0.0,238.0,,0.88,89.0,5.5e-05,,,2022-01-11 18:40:00
5473089.670542635,0.0,232.0,,0.88,88.0,5.7e-05,200.0,,2022-01-11 18:45:00
5473090.670628768,0.0,230.0,,0.88,90.0,4.8e-05,,17.3,2022-01-11 18:50:00
5473091.670714901,0.0,224.0,,0.88,91.0,4.8e-05,,,2022-01-11 18:55:00
5473092.670801033,0.0,212.0,,0.88,97.0,5.2e-05,,,2022-01-11 19:00:00
5473093.670887166,0.0,194.0,,0.88,93.0,4.9e-05,,,2022-01-11 19:05:00
5473094.670973299,0.0,176.0,,0.88,99.0,5e-05,,,2022-01-11 19:10:00
5473095.6710594315,0.0,162.0,,0.88,92.0,5.4e-05,,,2022-01-11 19:15:00
5473096.671145564,0.0,152.0,,0.88,95.0,4.8e-05,,,2022-01-11 19:20:00
5473097.671231696,0.0,144.0,,0.88,101.0,4.9e-05,,,2022-01-11 19:25:00
5473098.671317829,0.0,138.0,,0.88,95.0,5.4e-05,,,2022-01-11 19:30:00
5473099.671403962,0.0,134.0,,0.88,95.0,5.7e-05,,,2022-01-11 19:35:00
5473100.671490095,0.0,128.0,,0.88,104.0,5.3e-05,,,2022-01-11 19:40:00
5473101.671576227,0.0,121.0,,0.88,104.0,5.4e-05,,,2022-01-11 19:45:00
5473102.6716623595,0.0,115.0,,0.88,107.0,6.1e-05,,,2022-01-11 19:50:00
5473103.671748493,0.0,107.0,,0.88,109.0,5.4e-05,,,2022-01-11 19:55:00
5473104.671834625,0.0,100.0,,0.88,104.0,7.7e-05,,,2022-01-11 20:00:00
5473105.671920758,0.0,98.0,,0.88,95.0,6.9e-05,,,2022-01-11 20:05:00
5473106.67200689,0.0,100.0,,0.88,97.0,7.2e-05,,,2022-01-11 20:10:00
5473107.672093023,0.0,104.0,,0.88,94.0,7.5e-05,,,2022-01-11 20:15:00
5473108.672179156,0.0,112.0,,0.88,94.0,7.4e-05,,,2022-01-11 20:20:00
5473109.672265288,0.0,120.0,,0.88,93.0,7.2e-05,,,2022-01-11 20:25:00
5473110.672351421,0.0,128.0,,0.88,91.0,6.7e-05,,,2022-01-11 20:30:00
5473111.672437553,0.0,137.0,,0.88,92.0,5.9e-05,,,2022-01-11 20:35:00
5473112.672523687,0.0,146.0,,0.88,91.0,5.7e-05,,,2022-01-11 20:40:00
5473113.672609819,0.0,153.0,,0.88,91.0,6.3e-05,,,2022-01-11 20:45:00
5473114.672695952,0.0,161.0,,0.88,101.0,5.9e-05,,,2022-01-11 20:50:00
5473115.672782084,0.0,165.0,,0.88,104.0,8.7e-05,,,2022-01-11 20:55:00
5473116.672868216,0.0,166.0,,0.88,112.0,0.000493,,,2022-01-11 21:00:00
5473117.67295435,0.0,165.0,,0.88,114.0,0.007892,,,2022-01-11 21:05:00
5473118.673040482,0.0,162.0,,0.88,112.0,0.09778,,,2022-01-11 21:10:00
5473119.673126615,0.0,159.0,,0.88,102.0,0.06358,,,2022-01-11 21:15:00
5473120.673212747,0.0,160.0,,0.88,92.0,0.053358,,,2022-01-11 21:20:00
5473121.67329888,0.0,163.0,,0.88,93.0,0.00073,,,2022-01-11 21:25:00
5473122.673385013,0.0,171.0,,0.88,92.0,0.000328,,,2022-01-11 21:30:00
5473123.673471145,0.0,183.0,,0.88,100.0,0.000685,,,2022-01-11 21:35:00
5473124.673557278,0.0,191.0,,0.88,97.0,0.000446,,,2022-01-11 21:40:00
5473125.67364341,0.0,201.0,,0.88,90.0,0.000391,,,2022-01-11 21:45:00
5473126.673729544,0.0,207.0,,0.88,91.0,0.0002,,,2022-01-11 21:50:00
5473127.673815676,0.0,211.0,,0.88,87.0,0.000172,,,2022-01-11 21:55:00
5473128.673901808,0.0,215.0,,0.88,83.0,0.000146,,,2022-01-11 22:00:00
5473129.673987941,0.0,222.0,,0.88,84.0,8.9e-05,,,2022-01-11 22:05:00
5473130.674074074,0.0,225.0,,0.88,93.0,5.8e-05,,,2022-01-11 22:10:00
5473131.674160207,0.0,226.0,,0.88,82.0,5.6e-05,,,2022-01-11 22:15:00
5473132.674246339,0.0,227.0,,0.88,81.0,8.3e-05,,,2022-01-11 22:20:00
5473133.674332472,0.0,227.0,,0.88,80.0,0.000131,,,2022-01-11 22:25:00
5473134.674418604,0.0,225.0,,0.88,79.0,0.000161,,,2022-01-11 22:30:00
5473135.674504737,0.0,223.0,,0.88,78.0,0.000171,,,2022-01-11 22:35:00
5473136.67459087,0.0,221.0,,0.88,80.0,0.000104,,,2022-01-11 22:40:00
5473137.674677002,0.0,218.0,,0.88,80.0,8.4e-05,,,2022-01-11 22:45:00
5473138.674763135,0.0,216.0,,0.88,79.0,5.1e-05,,,2022-01-11 22:50:00
5473139.674849268,0.0,212.0,,0.88,79.0,4.9e-05,,,2022-01-11 22:55:00
5473140.6749354005,0.0,210.0,,0.88,78.0,4.9e-05,,,2022-01-11 23:00:00
5473141.675021533,0.0,209.0,,0.88,79.0,4.9e-05,,,2022-01-11 23:05:00
5473142.675107665,0.0,209.0,,0.88,81.0,4.9e-05,,,2022-01-11 23:10:00
5473143.675193799,0.0,209.0,,0.88,81.0,4.9e-05,,,2022-01-11 23:15:00
5473144.675279931,0.0,213.0,,0.88,78.0,5.1e-05,,,2022-01-11 23:20:00
5473145.675366064,0.0,217.0,,0.88,80.0,5.1e-05,,,2022-01-11 23:25:00
5473146.675452196,0.0,221.0,,0.88,80.0,5.5e-05,,,2022-01-11 23:30:00
5473147.6755383285,0.0,224.0,,0.88,80.0,5.9e-05,,,2022-01-11 23:35:00
5473148.675624462,0.0,226.0,,0.88,81.0,6.1e-05,,,2022-01-11 23:40:00
5473149.675710594,0.0,228.0,,0.88,82.0,6.2e-05,,,2022-01-11 23:45:00
5473150.675796727,0.0,230.0,,0.88,81.0,6.1e-05,,,2022-01-11 23:50:00
5473151.675882859,0.0,232.0,,0.88,81.0,6.3e-05,,,2022-01-11 23:55:00
5473152.6759689925,0.0,234.0,,0.88,80.0,6.4e-05,,,2022-01-12 00:00:00
5473153.676055125,0.0,238.0,,0.88,81.0,6.6e-05,,,2022-01-12 00:05:00
5473154.676141257,0.0,243.0,,0.88,82.0,6.8e-05,,,2022-01-12 00:10:00
5473155.67622739,0.0,243.0,,0.88,81.0,7e-05,,,2022-01-12 00:15:00
5473156.676313522,0.0,243.0,,0.88,85.0,6.5e-05,,,2022-01-12 00:20:00
5473157.676399656,0.0,249.0,,0.88,79.0,5.2e-05,,,2022-01-12 00:25:00
5473158.676485788,0.0,253.0,,0.88,78.0,5.5e-05,,,2022-01-12 00:30:00
5473159.6765719205,0.0,254.0,,0.88,78.0,5.6e-05,,,2022-01-12 00:35:00
5473160.676658053,0.0,255.0,,0.88,78.0,5.7e-05,,,2022-01-12 00:40:00
5473161.676744186,0.0,256.0,,0.88,78.0,5.8e-05,,,2022-01-12 00:45:00
5473162.676830319,0.0,257.0,,0.88,78.0,5.9e-05,,,2022-01-12 00:50:00
5473163.676916451,0.0,259.0,,0.88,79.0,5.9e-05,,,2022-01-12 00:55:00
5473164.677002584,0.0,261.0,,0.88,79.0,6e-05,,,2022-01-12 01:00:00
5473165.677088716,0.0,264.0,,0.88,75.0,6e-05,,,2022-01-12 01:05:00
5473166.677174849,0.0,265.0,,0.88,77.0,5.9e-05,,,2022-01-12 01:10:00
5473167.677260982,0.0,266.0,,0.88,78.0,5.9e-05,,,2022-01-12 01:15:00
5473168.677347114,0.0,267.0,,0.88,75.0,5.8e-05,,,2022-01-12 01:20:00
5473169.677433247,0.0,267.0,,0.88,75.0,5.6e-05,,,2022-01-12 01:25:00
5473170.67751938,0.0,268.0,,0.88,76.0,5.5e-05,,,2022-01-12 01:30:00
5473171.677605513,0.0,269.0,,0.88,75.0,5.1e-05,,,2022-01-12 01:35:00
5473172.677691645,0.0,273.0,,0.88,74.0,5.3e-05,,,2022-01-12 01:40:00
5473173.677777777,0.0,275.0,,0.88,74.0,5.5e-05,,,2022-01-12 01:45:00
5473174.67786391,0.0,277.0,,0.88,74.0,5.4e-05,,,2022-01-12 01:50:00
5473175.677950043,0.0,274.0,,0.88,72.0,6.4e-05,,,2022-01-12 01:55:00
5473176.678036176,0.0,271.0,,0.88,71.0,8.8e-05,,,2022-01-12 02:00:00
5473177.678122308,0.0,271.0,,0.88,70.0,0.000122,,,2022-01-12 02:05:00
5473178.678208441,0.0,271.0,,0.88,73.0,0.000147,,,2022-01-12 02:10:00
5473179.678294574,0.0,271.0,,0.88,72.0,0.000108,,,2022-01-12 02:15:00
5473180.678380706,0.0,269.0,,0.88,72.0,0.000115,,,2022-01-12 02:20:00
5473181.678466839,0.0,268.0,,0.88,73.0,0.000123,,,2022-01-12 02:25:00
5473182.678552971,0.0,267.0,,0.88,72.0,0.00013,,,2022-01-12 02:30:00
5473183.678639104,0.0,271.0,,0.88,74.0,0.000136,,,2022-01-12 02:35:00
5473184.678725237,0.0,276.0,,0.88,71.0,0.000132,,,2022-01-12 02:40:00
5473185.678811369,0.0,276.0,,0.88,74.0,0.000141,,,2022-01-12 02:45:00
5473186.678897502,0.0,284.0,,0.88,73.0,0.000137,,,2022-01-12 02:50:00
5473187.678983634,0.0,295.0,,0.88,72.0,0.000128,,,2022-01-12 02:55:00
5473188.679069768,0.0,289.0,,0.88,69.0,6.4e-05,,,2022-01-12 03:00:00
5473189.6791559,0.0,289.0,,0.88,68.0,5e-05,,,2022-01-12 03:05:00
5473190.679242033,0.0,291.0,,0.88,69.0,4.9e-05,,,2022-01-12 03:10:00
5473191.679328165,0.0,291.0,,0.88,69.0,5.1e-05,,,2022-01-12 03:15:00
5473192.679414297,0.0,289.0,,0.88,68.0,5e-05,,,2022-01-12 03:20:00
5473193.679500431,0.0,289.0,,0.88,69.0,5.2e-05,,,2022-01-12 03:25:00
5473194.679586563,0.0,289.0,,0.88,69.0,5.2e-05,,,2022-01-12 03:30:00
5473195.679672696,0.0,288.0,,0.88,68.0,5.3e-05,,,2022-01-12 03:35:00
5473196.679758828,0.0,287.0,,0.88,70.0,5.5e-05,,,2022-01-12 03:40:00
5473197.6798449615,0.0,286.0,,0.88,68.0,5.6e-05,,,2022-01-12 03:45:00
5473198.679931094,0.0,282.0,,0.88,69.0,5.8e-05,,,2022-01-12 03:50:00
5473199.680017226,0.0,274.0,,0.88,69.0,5.4e-05,,,2022-01-12 03:55:00
5473200.680103359,0.0,275.0,,0.88,70.0,5.9e-05,,,2022-01-12 04:00:00
5473201.680189491,0.0,278.0,,0.88,70.0,5.9e-05,,,2022-01-12 04:05:00
5473202.680275625,0.0,277.0,,0.88,67.0,5e-05,,,2022-01-12 04:10:00
5473203.680361757,0.0,274.0,,0.88,67.0,4.8e-05,,,2022-01-12 04:15:00
5473204.6804478895,0.0,271.0,,0.88,68.0,4.7e-05,,,2022-01-12 04:20:00
5473205.680534022,0.0,269.0,,0.88,68.0,4.6e-05,,,2022-01-12 04:25:00
5473206.680620155,0.0,267.0,,0.88,69.0,4.6e-05,,,2022-01-12 04:30:00
5473207.680706288,0.0,265.0,,0.88,69.0,4.6e-05,,,2022-01-12 04:35:00
5473208.68079242,0.0,263.0,,0.88,72.0,4.6e-05,,,2022-01-12 04:40:00
5473209.680878553,0.0,264.0,,0.88,72.0,4.6e-05,,,2022-01-12 04:45:00
5473210.680964685,0.0,264.0,,0.88,72.0,4.6e-05,,,2022-01-12 04:50:00
5473211.681050818,0.0,263.0,,0.88,86.0,4.7e-05,,,2022-01-12 04:55:00
5473212.681136951,0.0,267.0,,0.88,,,,,2022-01-12 05:00:00
5473213.681223083,0.0,269.0,,0.88,,,,,2022-01-12 05:05:00
5473214.681309216,0.0,272.0,,0.88,,,,,2022-01-12 05:10:00
5473215.681395349,0.0,275.0,,0.88,,,,,2022-01-12 05:15:00
5473216.6814814815,0.0,280.0,,0.88,,,,,2022-01-12 05:20:00
5473217.681567614,0.0,291.0,274.0,0.88,,,,2.8,2022-01-12 05:25:00
5473218.681653746,0.0,297.0,,0.88,96.0,4.7e-05,,,2022-01-12 05:30:00
5473219.681739879,0.0,300.0,,0.88,94.0,5.4e-05,,,2022-01-12 05:35:00
5473220.681826012,0.0,273.0,,0.88,89.0,5.2e-05,,,2022-01-12 05:40:00
5473221.681912145,0.0,276.0,,0.88,93.0,9.7e-05,,,2022-01-12 05:45:00
5473222.681998277,0.0,277.0,,0.88,90.0,0.000103,,,2022-01-12 05:50:00
5473223.6820844095,0.0,278.0,,0.88,85.0,6.7e-05,,,2022-01-12 05:55:00
5473224.682170543,0.0,279.0,,0.88,84.0,5.5e-05,,,2022-01-12 06:00:00
5473225.682256675,0.0,279.0,,0.88,84.0,5e-05,,,2022-01-12 06:05:00
5473226.682342808,0.0,280.0,,0.88,84.0,4.8e-05,,,2022-01-12 06:10:00
5473227.68242894,0.0,281.0,,0.88,86.0,4.7e-05,,,2022-01-12 06:15:00
5473228.682515073,0.0,281.0,,0.88,86.0,4.5e-05,,,2022-01-12 06:20:00
5473229.682601206,0.0,280.0,,0.88,96.0,4.4e-05,,,2022-01-12 06:25:00
5473230.682687338,0.0,279.0,,0.88,95.0,4.4e-05,,,2022-01-12 06:30:00
5473231.682773471,0.0,277.0,,0.88,91.0,4.4e-05,,,2022-01-12 06:35:00
5473232.682859603,0.0,275.0,,0.88,85.0,4.4e-05,,,2022-01-12 06:40:00
5473233.682945737,0.0,276.0,,0.88,116.0,4.3e-05,,,2022-01-12 06:45:00
5473234.683031869,0.0,278.0,,0.88,101.0,4.3e-05,,,2022-01-12 06:50:00
5473235.683118002,0.0,278.0,,0.88,101.0,4.3e-05,,,2022-01-12 06:55:00
5473236.683204134,0.0,279.0,,0.88,116.0,4.3e-05,,,2022-01-12 07:00:00
5473237.683290266,0.0,276.0,,0.88,102.0,4.4e-05,,,2022-01-12 07:05:00
5473238.6833764,0.0,273.0,,0.88,134.0,4.3e-05,,,2022-01-12 07:10:00
5473239.683462532,0.0,273.0,,0.88,103.0,4.4e-05,,,2022-01-12 07:15:00
5473240.683548665,0.0,271.0,,0.88,101.0,4.3e-05,,,2022-01-12 07:20:00
5473241.683634797,0.0,269.0,,0.88,95.0,4.3e-05,,,2022-01-12 07:25:00
5473242.6837209305,0.0,269.0,,0.88,94.0,4.5e-05,,,2022-01-12 07:30:00
5473243.683807063,0.0,269.0,,0.88,81.0,4.5e-05,,,2022-01-12 07:35:00
5473244.683893195,0.0,271.0,,0.88,86.0,4.5e-05,,,2022-01-12 07:40:00
5473245.683979328,0.0,271.0,,0.88,89.0,4.4e-05,,,2022-01-12 07:45:00
5473246.68406546,0.0,270.0,,0.88,90.0,4.3e-05,,,2022-01-12 07:50:00
5473247.684151594,0.0,274.0,,0.88,79.0,4.4e-05,,,2022-01-12 07:55:00
5473248.684237726,0.0,283.0,,0.88,70.0,4.5e-05,,,2022-01-12 08:00:00
5473249.6843238585,0.0,282.0,,0.88,77.0,4.5e-05,,,2022-01-12 08:05:00
5473250.684409991,0.0,279.0,,0.88,77.0,4.6e-05,,,2022-01-12 08:10:00
5473251.684496124,0.0,281.0,,0.88,69.0,4.2e-05,,,2022-01-12 08:15:00
5473252.684582257,0.0,281.0,,0.88,73.0,4.3e-05,,,2022-01-12 08:20:00
5473253.684668389,0.0,279.0,,0.88,74.0,4.3e-05,,,2022-01-12 08:25:00
5473254.684754522,0.0,275.0,,0.88,75.0,4.3e-05,,,2022-01-12 08:30:00
5473255.684840654,0.0,273.0,,0.88,75.0,4.3e-05,,,2022-01-12 08:35:00
5473256.684926787,0.0,271.0,,0.88,73.0,4.5e-05,,,2022-01-12 08:40:00
5473257.68501292,0.0,268.0,,0.88,74.0,4.4e-05,,,2022-01-12 08:45:00
5473258.685099052,0.0,264.0,,0.88,72.0,4.3e-05,,,2022-01-12 08:50:00
5473259.685185185,0.0,258.0,265.0,0.88,95.0,4.3e-05,,5.6,2022-01-12 08:55:00
5473260.685271318,0.0,255.0,,0.88,103.0,4.2e-05,45.0,2.5,2022-01-12 09:00:00
5473261.6853574505,0.0,254.0,,0.88,80.0,4.3e-05,,,2022-01-12 09:05:00
5473262.685443583,0.0,251.0,,0.88,75.0,4.3e-05,,,2022-01-12 09:10:00
5473263.685529715,0.0,248.0,,0.88,78.0,4.3e-05,,,2022-01-12 09:15:00
5473264.685615848,0.0,244.0,,0.88,73.0,4.5e-05,,,2022-01-12 09:20:00
5473265.685701981,0.0,243.0,,0.88,80.0,4.4e-05,,,2022-01-12 09:25:00
5473266.685788114,0.0,247.0,,0.88,72.0,4.4e-05,,,2022-01-12 09:30:00
5473267.685874246,0.0,260.0,,0.88,76.0,4.5e-05,,,2022-01-12 09:35:00
5473268.6859603785,0.0,269.0,,0.88,77.0,4.5e-05,,,2022-01-12 09:40:00
5473269.686046512,0.0,280.0,,0.88,76.0,4.3e-05,,,2022-01-12 09:45:00
5473270.686132644,0.0,291.0,,0.88,76.0,4.2e-05,,,2022-01-12 09:50:00
5473271.686218777,0.0,301.0,,0.88,74.0,4.2e-05,,,2022-01-12 09:55:00
5473272.686304909,0.0,308.0,,0.88,73.0,4.3e-05,,,2022-01-12 10:00:00
5473273.686391042,0.0,321.0,,0.88,72.0,4.3e-05,,,2022-01-12 10:05:00
5473274.686477175,0.0,327.0,,0.88,73.0,4.3e-05,,,2022-01-12 10:10:00
5473275.686563307,0.0,331.0,,0.88,73.0,4.3e-05,,,2022-01-12 10:15:00
5473276.68664944,0.0,327.0,310.0,0.88,72.0,4.3e-05,,,2022-01-12 10:20:00
5473277.686735572,0.0,321.0,,0.88,102.0,4.2e-05,,,2022-01-12 10:25:00
5473278.686821706,0.0,315.0,,0.88,75.0,4.2e-05,,,2022-01-12 10:30:00
5473279.686907838,0.0,315.0,,0.88,78.0,4.2e-05,,,2022-01-12 10:35:00
5473280.686993971,0.0,316.0,,0.88,76.0,4.3e-05,,,2022-01-12 10:40:00
5473281.687080103,0.0,315.0,,0.88,79.0,4.3e-05,,,2022-01-12 10:45:00
5473282.687166235,0.0,314.0,,0.88,80.0,4.3e-05,,,2022-01-12 10:50:00
5473283.687252369,0.0,313.0,,0.88,81.0,4.2e-05,,,2022-01-12 10:55:00
5473284.687338501,0.0,310.0,,0.88,73.0,4.3e-05,,,2022-01-12 11:00:00
5473285.687424634,0.0,307.0,,0.88,73.0,4.3e-05,,,2022-01-12 11:05:00
5473286.687510766,0.0,304.0,,0.88,73.0,4.2e-05,,,2022-01-12 11:10:00
5473287.687596899,0.0,303.0,,0.88,73.0,4.3e-05,,,2022-01-12 11:15:00
5473288.687683032,0.0,303.0,,0.88,76.0,4.3e-05,,,2022-01-12 11:20:00
5473289.687769164,0.0,299.0,,0.88,84.0,4.3e-05,,,2022-01-12 11:25:00
5473290.687855297,0.0,294.0,,0.88,75.0,4.3e-05,,,2022-01-12 11:30:00
5473291.687941429,0.0,290.0,,0.88,74.0,4.3e-05,,,2022-01-12 11:35:00
5473292.688027563,0.0,285.0,,0.88,77.0,4.3e-05,,,2022-01-12 11:40:00
5473293.688113695,0.0,281.0,,0.88,83.0,4.2e-05,,,2022-01-12 11:45:00
5473294.688199827,0.0,278.0,,0.88,99.0,4.3e-05,,,2022-01-12 11:50:00
5473295.68828596,0.0,273.0,,0.88,98.0,4.5e-05,,,2022-01-12 11:55:00
5473296.688372093,0.0,267.0,,0.88,111.0,4.7e-05,,,2022-01-12 12:00:00
5473297.688458226,0.0,260.0,,0.88,96.0,4.7e-05,,,2022-01-12 12:05:00
5473298.688544358,0.0,256.0,,0.88,102.0,4.9e-05,,,2022-01-12 12:10:00
5473299.688630491,0.0,250.0,,0.88,113.0,0.000112,,,2022-01-12 12:15:00
5473300.688716623,0.0,244.0,,0.88,94.0,0.001172,,,2022-01-12 12:20:00
5473301.688802756,0.0,241.0,246.0,0.88,80.0,0.000477,,12.0,2022-01-12 12:25:00
5473302.688888889,0.0,239.0,,0.88,96.0,0.000238,150.0,9.4,2022-01-12 12:30:00
5473303.688975021,0.0,239.0,,0.88,90.0,0.000152,,,2022-01-12 12:35:00
5473304.689061154,0.0,241.0,,0.88,89.0,9.8e-05,,,2022-01-12 12:40:00
5473305.689147287,0.0,241.0,,0.88,88.0,9.7e-05,,,2022-01-12 12:45:00
5473306.6892334195,0.0,241.0,,0.88,84.0,6.7e-05,,,2022-01-12 12:50:00
5473307.689319552,0.0,247.0,,0.88,87.0,6.4e-05,,,2022-01-12 12:55:00
5473308.689405684,0.0,255.0,,0.88,87.0,5e-05,,,2022-01-12 13:00:00
5473309.689491817,0.0,260.0,,0.88,86.0,4.7e-05,,,2022-01-12 13:05:00
5473310.68957795,0.0,263.0,,0.88,84.0,4.7e-05,,,2022-01-12 13:10:00
5473311.689664083,0.0,267.0,,0.88,83.0,4.6e-05,,,2022-01-12 13:15:00
5473312.689750215,0.0,268.0,,0.88,84.0,4.6e-05,,,2022-01-12 13:20:00
5473313.6898363475,0.0,268.0,,0.88,86.0,4.7e-05,,,2022-01-12 13:25:00
5473314.689922481,0.0,269.0,,0.88,86.0,4.8e-05,,,2022-01-12 13:30:00
5473315.690008613,0.0,270.0,,0.88,88.0,4.7e-05,,,2022-01-12 13:35:00
5473316.690094746,0.0,272.0,,0.88,90.0,4.7e-05,,,2022-01-12 13:40:00
5473317.690180878,0.0,271.0,,0.88,85.0,4.8e-05,,,2022-01-12 13:45:00
5473318.690267011,0.0,270.0,,0.88,83.0,4.7e-05,,,2022-01-12 13:50:00
5473319.690353144,0.0,269.0,,0.88,81.0,5e-05,,,2022-01-12 13:55:00
5473320.690439276,0.0,267.0,,0.88,88.0,4.8e-05,,,2022-01-12 14:00:00
5473321.690525409,0.0,263.0,,0.88,80.0,4.5e-05,,,2022-01-12 14:05:00
5473322.690611541,0.0,262.0,,0.88,83.0,4.6e-05,,,2022-01-12 14:10:00
5473323.690697675,0.0,257.0,,0.88,82.0,4.5e-05,,,2022-01-12 14:15:00
5473324.690783807,0.0,254.0,,0.88,81.0,4.6e-05,,,2022-01-12 14:20:00
5473325.6908699395,0.0,247.0,,0.88,81.0,4.4e-05,,,2022-01-12 14:25:00
5473326.690956072,0.0,241.0,,0.88,81.0,4.4e-05,,,2022-01-12 14:30:00
5473327.691042204,0.0,237.0,,0.88,79.0,4.5e-05,,,2022-01-12 14:35:00
5473328.691128338,0.0,234.0,,0.88,79.0,4.6e-05,,,2022-01-12 14:40:00
5473329.69121447,0.0,232.0,,0.88,80.0,4.4e-05,,,2022-01-12 14:45:00
5473330.691300603,0.0,232.0,,0.88,88.0,4.5e-05,,,2022-01-12 14:50:00
5473331.691386735,0.0,227.0,,0.88,87.0,4.6e-05,,,2022-01-12 14:55:00
5473332.691472868,0.0,222.0,,0.88,84.0,4.6e-05,,,2022-01-12 15:00:00
5473333.691559001,0.0,218.0,,0.88,86.0,4.5e-05,,,2022-01-12 15:05:00
5473334.691645133,0.0,215.0,,0.88,93.0,4.4e-05,,,2022-01-12 15:10:00
5473335.691731266,0.0,212.0,,0.88,81.0,4.7e-05,,,2022-01-12 15:15:00
5473336.691817398,0.0,211.0,,0.88,80.0,4.6e-05,,,2022-01-12 15:20:00
5473337.691903532,0.0,212.0,,0.88,84.0,4.5e-05,,,2022-01-12 15:25:00
5473338.691989664,0.0,215.0,,0.88,81.0,4.6e-05,,,2022-01-12 15:30:00
5473339.692075796,0.0,215.0,,0.88,81.0,4.6e-05,,,2022-01-12 15:35:00
5473340.692161929,0.0,212.0,,0.88,95.0,4.4e-05,,,2022-01-12 15:40:00
5473341.692248062,0.0,209.0,,0.88,97.0,4.5e-05,,,2022-01-12 15:45:00
5473342.692334195,0.0,206.0,,0.88,83.0,4.6e-05,,,2022-01-12 15:50:00
5473343.692420327,0.0,204.0,,0.88,94.0,4.8e-05,,,2022-01-12 15:55:00
5473344.69250646,0.0,201.0,,0.88,125.0,4.9e-05,,,2022-01-12 16:00:00
5473345.692592592,0.0,200.0,,0.88,93.0,5.4e-05,,,2022-01-12 16:05:00
5473346.692678725,0.0,198.0,,0.88,89.0,5.7e-05,,,2022-01-12 16:10:00
5473347.692764858,0.0,197.0,,0.88,91.0,6e-05,,,2022-01-12 16:15:00
5473348.69285099,0.0,193.0,,0.88,91.0,6.9e-05,,,2022-01-12 16:20:00
5473349.692937123,0.0,190.0,,0.88,92.0,7.3e-05,,,2022-01-12 16:25:00
5473350.693023256,0.0,187.0,,0.88,93.0,7.6e-05,,,2022-01-12 16:30:00
5473351.693109388,0.0,184.0,,0.88,96.0,7.6e-05,,,2022-01-12 16:35:00
5473352.693195521,0.0,180.0,,0.88,96.0,0.000162,,,2022-01-12 16:40:00
5473353.693281653,0.0,178.0,,0.88,103.0,8.4e-05,,,2022-01-12 16:45:00
5473354.693367786,0.0,175.0,,0.88,104.0,0.00044,,,2022-01-12 16:50:00
5473355.693453919,0.0,171.0,,0.88,97.0,0.004602,,,2022-01-12 16:55:00
5473356.693540052,0.0,169.0,,0.88,96.0,0.001784,,,2022-01-12 17:00:00
5473357.693626184,0.0,168.0,,0.88,95.0,0.000189,,,2022-01-12 17:05:00
5473358.693712316,0.0,169.0,,0.88,94.0,0.000198,,,2022-01-12 17:10:00
5473359.69379845,0.0,170.0,,0.88,92.0,0.000174,,,2022-01-12 17:15:00
5473360.693884582,0.0,170.0,,0.88,96.0,0.000174,,,2022-01-12 17:20:00
5473361.693970715,0.0,169.0,,0.88,97.0,0.000423,,,2022-01-12 17:25:00
5473362.694056847,0.0,166.0,,0.88,101.0,0.002972,,,2022-01-12 17:30:00
5473363.69414298,0.0,164.0,,0.88,102.0,0.004256,,,2022-01-12 17:35:00
5473364.694229113,0.0,162.0,,0.88,100.0,0.00585,,,2022-01-12 17:40:00
5473365.694315245,0.0,159.0,,0.88,103.0,0.005178,,,2022-01-12 17:45:00
5473366.694401378,0.0,159.0,,0.88,100.0,0.000661,,,2022-01-12 17:50:00
5473367.69448751,0.0,158.0,,0.88,103.0,0.013316,,,2022-01-12 17:55:00
5473368.694573644,0.0,156.0,,0.88,105.0,0.11768,,,2022-01-12 18:00:00
5473369.694659776,0.0,155.0,,0.88,102.0,0.38724,,,2022-01-12 18:05:00
5473370.6947459085,0.0,155.0,,0.88,94.0,1.0198,,,2022-01-12 18:10:00
5473371.694832041,0.0,155.0,,0.88,89.0,0.61862,,,2022-01-12 18:15:00
5473372.694918173,0.0,156.0,140.0,0.88,98.0,0.7456,,,2022-01-12 18:20:00
5473373.695004307,0.0,156.0,,0.88,93.0,1.203,,,2022-01-12 18:25:00
5473374.695090439,0.0,146.0,,0.88,92.0,0.40652,,,2022-01-12 18:30:00
5473375.695176572,0.0,146.0,142.0,0.88,91.0,0.213462,125.0,8.4,2022-01-12 18:35:00
5473376.695262704,0.0,148.0,,0.88,89.0,0.035622,,7.8,2022-01-12 18:40:00
5473377.695348837,0.0,148.0,,0.88,91.0,0.04762,,,2022-01-12 18:45:00
5473378.69543497,0.0,148.0,,0.88,88.0,0.002429,,,2022-01-12 18:50:00
5473379.695521102,0.0,149.0,,0.88,87.0,0.002518,,,2022-01-12 18:55:00
5473380.695607235,0.0,154.0,,0.88,91.0,0.001539,,,2022-01-12 19:00:00
5473381.695693367,0.0,157.0,,0.88,104.0,0.000929,,,2022-01-12 19:05:00
5473382.6957795005,0.0,159.0,,0.88,103.0,0.016844,,,2022-01-12 19:10:00
5473383.695865633,0.0,159.0,,0.88,103.0,0.02844,,,2022-01-12 19:15:00
5473384.695951765,0.0,159.0,,0.88,95.0,0.13048,,,2022-01-12 19:20:00
5473385.696037898,0.0,159.0,,0.88,92.0,0.687172,,,2022-01-12 19:25:00
5473386.696124031,0.0,160.0,,0.88,95.0,0.038209,,,2022-01-12 19:30:00
5473387.696210164,0.0,160.0,,0.88,93.0,0.056682,,,2022-01-12 19:35:00
5473388.696296296,0.0,163.0,,0.88,93.0,0.0412,,,2022-01-12 19:40:00
5473389.6963824285,0.0,165.0,,0.88,93.0,0.010447,,,2022-01-12 19:45:00
5473390.696468561,0.0,165.0,,0.88,93.0,0.006982,,,2022-01-12 19:50:00
5473391.696554694,0.0,166.0,,0.88,91.0,0.010402,,,2022-01-12 19:55:00
5473392.696640827,0.0,164.0,,0.88,94.0,0.02106,,,2022-01-12 20:00:00
5473393.696726959,0.0,161.0,,0.88,93.0,0.09761,,,2022-01-12 20:05:00
5473394.696813092,0.0,158.0,,0.88,95.0,0.190686,,,2022-01-12 20:10:00
5473395.696899225,0.0,156.0,,0.88,100.0,1.5292,,,2022-01-12 20:15:00
5473396.696985357,0.0,152.0,,0.88,99.0,13.056,,,2022-01-12 20:20:00
5473397.69707149,0.0,147.0,,0.88,100.0,19.96,,,2022-01-12 20:25:00
5473398.697157622,0.0,142.0,,0.88,102.0,17.7,,,2022-01-12 20:30:00
5473399.697243755,0.0,138.0,,0.88,101.0,19.44,,,2022-01-12 20:35:00
5473400.697329888,0.0,137.0,,0.88,97.0,11.3808,,,2022-01-12 20:40:00
5473401.697416021,0.0,139.0,,0.88,101.0,8.42,,,2022-01-12 20:45:00
5473402.697502153,0.0,142.0,,0.88,97.0,4.4144,,,2022-01-12 20:50:00
5473403.697588285,0.0,149.0,,0.88,89.0,3.484,,,2022-01-12 20:55:00
5473404.697674419,0.0,157.0,,0.88,91.0,1.2947,,,2022-01-12 21:00:00
5473405.697760551,0.0,165.0,,0.88,89.0,0.8424,,,2022-01-12 21:05:00
5473406.697846684,0.0,172.0,,0.88,89.0,0.19696,,,2022-01-12 21:10:00
5473407.697932816,0.0,175.0,,0.88,92.0,0.08818,,,2022-01-12 21:15:00
5473408.698018949,0.0,176.0,,0.88,88.0,0.13502,,,2022-01-12 21:20:00
5473409.698105082,0.0,178.0,,0.88,87.0,0.0695,,,2022-01-12 21:25:00
5473410.698191214,0.0,180.0,,0.88,89.0,0.041696,,,2022-01-12 21:30:00
5473411.698277347,0.0,180.0,,0.88,87.0,0.001403,,,2022-01-12 21:35:00
5473412.698363479,0.0,182.0,,0.88,86.0,0.001828,,,2022-01-12 21:40:00
5473413.698449613,0.0,183.0,,0.88,87.0,0.00065,,,2022-01-12 21:45:00
5473414.698535745,0.0,183.0,,0.88,86.0,0.000207,,,2022-01-12 21:50:00
5473415.6986218775,0.0,183.0,,0.88,86.0,0.000146,,,2022-01-12 21:55:00
5473416.69870801,0.0,183.0,,0.88,86.0,0.000241,,,2022-01-12 22:00:00
5473417.698794142,0.0,183.0,,0.88,85.0,0.000143,,,2022-01-12 22:05:00
5473418.698880276,0.0,181.0,,0.88,87.0,0.000129,,,2022-01-12 22:10:00
5473419.698966408,0.0,178.0,,0.88,85.0,0.000149,,,2022-01-12 22:15:00
5473420.699052541,0.0,175.0,,0.88,92.0,8.8e-05,,,2022-01-12 22:20:00
5473421.699138673,0.0,172.0,,0.88,86.0,8.1e-05,,,2022-01-12 22:25:00
5473422.699224806,0.0,169.0,,0.88,81.0,0.000105,,,2022-01-12 22:30:00
5473423.699310939,0.0,169.0,,0.88,81.0,8.7e-05,,,2022-01-12 22:35:00
5473424.699397071,0.0,167.0,,0.88,83.0,7.8e-05,,,2022-01-12 22:40:00
5473425.699483204,0.0,167.0,,0.88,83.0,7.9e-05,,,2022-01-12 22:45:00
5473426.699569336,0.0,167.0,,0.88,82.0,9.3e-05,,,2022-01-12 22:50:00
5473427.6996554695,0.0,167.0,,0.88,83.0,5.4e-05,,,2022-01-12 22:55:00
5473428.699741602,0.0,167.0,,0.88,81.0,4.8e-05,,,2022-01-12 23:00:00
5473429.699827734,0.0,166.0,,0.88,82.0,5e-05,,,2022-01-12 23:05:00
5473430.699913867,0.0,165.0,,0.88,82.0,4.9e-05,,,2022-01-12 23:10:00
5473431.7,0.0,164.0,,0.88,84.0,4.7e-05,,,2022-01-12 23:15:00
5473432.700086133,0.0,164.0,,0.88,82.0,4.8e-05,,,2022-01-12 23:20:00
5473433.700172265,0.0,164.0,,0.88,82.0,5.1e-05,,,2022-01-12 23:25:00
5473434.7002583975,0.0,165.0,,0.88,80.0,6e-05,,,2022-01-12 23:30:00
5473435.70034453,0.0,166.0,,0.88,80.0,6.7e-05,,,2022-01-12 23:35:00
5473436.700430663,0.0,165.0,,0.88,78.0,4.9e-05,,,2022-01-12 23:40:00
5473437.700516796,0.0,163.0,,0.88,77.0,5e-05,,,2022-01-12 23:45:00
5473438.700602928,0.0,163.0,,0.88,77.0,5.2e-05,,,2022-01-12 23:50:00
5473439.700689061,0.0,162.0,,0.88,77.0,6.3e-05,,,2022-01-12 23:55:00
5473440.700775194,0.0,161.0,,0.88,77.0,6.8e-05,,,2022-01-13 00:00:00
5473441.700861326,0.0,159.0,,0.88,77.0,6.9e-05,,,2022-01-13 00:05:00
5473442.700947459,0.0,158.0,,0.88,76.0,7e-05,,,2022-01-13 00:10:00
5473443.701033591,0.0,158.0,,0.88,77.0,6.7e-05,,,2022-01-13 00:15:00
5473444.701119724,0.0,157.0,,0.88,78.0,6.9e-05,,,2022-01-13 00:20:00
5473445.701205857,0.0,158.0,,0.88,79.0,0.0001,,,2022-01-13 00:25:00
5473446.70129199,0.0,158.0,,0.88,78.0,0.000322,,,2022-01-13 00:30:00
5473447.701378122,0.0,158.0,,0.88,80.0,0.001502,,,2022-01-13 00:35:00
5473448.701464254,0.0,159.0,,0.88,80.0,0.006648,,,2022-01-13 00:40:00
5473449.701550388,0.0,159.0,,0.88,81.0,0.02706,,,2022-01-13 00:45:00
5473450.70163652,0.0,159.0,,0.88,78.0,0.024134,,,2022-01-13 00:50:00
5473451.701722653,0.0,160.0,,0.88,75.0,6.3e-05,,,2022-01-13 00:55:00
5473452.701808785,0.0,160.0,,0.88,75.0,6e-05,,,2022-01-13 01:00:00
5473453.7018949175,0.0,160.0,,0.88,75.0,5.9e-05,,,2022-01-13 01:05:00
5473454.701981051,0.0,160.0,,0.88,75.0,5.9e-05,,,2022-01-13 01:10:00
5473455.702067183,0.0,161.0,,0.88,75.0,5.9e-05,,,2022-01-13 01:15:00
5473456.702153316,0.0,160.0,,0.88,74.0,6e-05,,,2022-01-13 01:20:00
5473457.702239448,0.0,160.0,,0.88,74.0,6e-05,,,2022-01-13 01:25:00
5473458.702325582,0.0,160.0,,0.88,78.0,0.000101,,,2022-01-13 01:30:00
5473459.702411714,0.0,160.0,,0.88,73.0,0.000252,,,2022-01-13 01:35:00
5473460.702497846,0.0,161.0,,0.88,72.0,0.00597,,,2022-01-13 01:40:00
5473461.702583979,0.0,162.0,,0.88,74.0,0.09146,,,2022-01-13 01:45:00
5473462.702670112,0.0,161.0,,0.88,75.0,0.456,,,2022-01-13 01:50:00
5473463.702756245,0.0,161.0,,0.88,74.0,0.652,,,2022-01-13 01:55:00
5473464.702842377,0.0,162.0,,0.88,72.0,0.6544,,,2022-01-13 02:00:00
5473465.70292851,0.0,161.0,,0.88,72.0,0.6864,,,2022-01-13 02:05:00
5473466.703014642,0.0,162.0,,0.88,74.0,0.7652,,,2022-01-13 02:10:00
5473467.703100775,0.0,162.0,,0.88,73.0,1.0576,,,2022-01-13 02:15:00
5473468.703186908,0.0,163.0,,0.88,73.0,1.62,,,2022-01-13 02:20:00
5473469.70327304,0.0,164.0,,0.88,73.0,2.024,,,2022-01-13 02:25:00
5473470.703359173,0.0,165.0,,0.88,72.0,1.0456,,,2022-01-13 02:30:00
5473471.703445306,0.0,167.0,,0.88,73.0,0.348637,,,2022-01-13 02:35:00
5473472.7035314385,0.0,171.0,,0.88,70.0,6.4e-05,,,2022-01-13 02:40:00
5473473.703617571,0.0,170.0,,0.88,69.0,0.001046,,,2022-01-13 02:45:00
5473474.703703703,0.0,170.0,,0.88,68.0,0.002014,,,2022-01-13 02:50:00
5473475.703789836,0.0,170.0,,0.88,68.0,0.001648,,,2022-01-13 02:55:00
5473476.703875969,0.0,171.0,,0.88,72.0,0.000511,,,2022-01-13 03:00:00
5473477.703962102,0.0,171.0,,0.88,69.0,6.4e-05,,,2022-01-13 03:05:00
5473478.704048234,0.0,171.0,,0.88,70.0,6.2e-05,,,2022-01-13 03:10:00
5473479.7041343665,0.0,170.0,,0.88,69.0,6.1e-05,,,2022-01-13 03:15:00
5473480.7042205,0.0,170.0,,0.88,68.0,6e-05,,,2022-01-13 03:20:00
5473481.704306632,0.0,170.0,,0.88,68.0,0.000147,,,2022-01-13 03:25:00
5473482.704392765,0.0,170.0,,0.88,66.0,0.000421,,,2022-01-13 03:30:00
5473483.704478897,0.0,169.0,,0.88,66.0,0.001543,,,2022-01-13 03:35:00
5473484.70456503,0.0,168.0,,0.88,65.0,0.003988,,,2022-01-13 03:40:00
5473485.704651163,0.0,167.0,,0.88,65.0,0.01127,,,2022-01-13 03:45:00
5473486.704737295,0.0,167.0,,0.88,66.0,0.02894,,,2022-01-13 03:50:00
5473487.704823428,0.0,167.0,,0.88,66.0,0.06884,,,2022-01-13 03:55:00
5473488.70490956,0.0,167.0,,0.88,67.0,0.1448,,,2022-01-13 04:00:00
5473489.704995694,0.0,167.0,,0.88,67.0,0.2928,,,2022-01-13 04:05:00
5473490.705081826,0.0,167.0,,0.88,67.0,0.5202,,,2022-01-13 04:10:00
5473491.7051679585,0.0,167.0,,0.88,67.0,0.7828,,,2022-01-13 04:15:00
5473492.705254091,0.0,168.0,,0.88,69.0,1.724,,,2022-01-13 04:20:00
5473493.705340223,0.0,169.0,,0.88,70.0,2.058,,,2022-01-13 04:25:00
5473494.705426357,0.0,169.0,,0.88,72.0,2.208,,,2022-01-13 04:30:00
5473495.705512489,0.0,169.0,,0.88,71.0,2.018,,,2022-01-13 04:35:00
5473496.705598622,0.0,169.0,,0.88,71.0,1.926,,,2022-01-13 04:40:00
5473497.705684754,0.0,170.0,,0.88,70.0,1.0406,,,2022-01-13 04:45:00
5473498.705770887,0.0,170.0,,0.88,67.0,0.3038,,,2022-01-13 04:50:00
5473499.70585702,0.0,170.0,,0.88,74.0,0.388815,,,2022-01-13 04:55:00
5473500.705943152,0.0,170.0,,0.88,83.0,0.023111,,,2022-01-13 05:00:00
5473501.706029285,0.0,172.0,,0.88,87.0,0.04136,,,2022-01-13 05:05:00
5473502.706115417,0.0,178.0,185.0,0.88,85.0,7.4e-05,,1.1,2022-01-13 05:10:00
5473503.706201551,0.0,181.0,,0.88,79.0,7.3e-05,,,2022-01-13 05:15:00
5473504.706287683,0.0,187.0,,0.88,93.0,8.6e-05,,,2022-01-13 05:20:00
5473505.706373815,0.0,188.0,,0.88,90.0,0.000107,,,2022-01-13 05:25:00
5473506.706459948,0.0,189.0,,0.88,94.0,0.000141,,,2022-01-13 05:30:00
5473507.706546081,0.0,188.0,,0.88,101.0,0.000133,,,2022-01-13 05:35:00
5473508.706632214,0.0,188.0,,0.88,115.0,0.000132,,,2022-01-13 05:40:00
5473509.706718346,0.0,189.0,,0.88,120.0,0.000154,,,2022-01-13 05:45:00
5473510.706804479,0.0,190.0,,0.88,102.0,0.000131,,,2022-01-13 05:50:00
5473511.706890611,0.0,191.0,,0.88,96.0,6.4e-05,,,2022-01-13 05:55:00
5473512.706976744,0.0,192.0,,0.88,82.0,0.000771,,,2022-01-13 06:00:00
5473513.707062877,0.0,189.0,,0.88,78.0,0.000493,,,2022-01-13 06:05:00
5473514.707149009,0.0,187.0,190.0,0.88,82.0,0.000528,,8.9,2022-01-13 06:10:00
5473515.707235142,0.0,188.0,,0.88,80.0,0.000125,130.0,8.1,2022-01-13 06:15:00
5473516.707321275,0.0,189.0,,0.88,92.0,0.0002,,,2022-01-13 06:20:00
5473517.707407407,0.0,189.0,,0.88,83.0,0.000404,,,2022-01-13 06:25:00
5473518.70749354,0.0,190.0,,0.88,82.0,0.000616,,,2022-01-13 06:30:00
5473519.707579672,0.0,192.0,,0.88,86.0,0.00118,,,2022-01-13 06:35:00
5473520.707665805,0.0,197.0,,0.88,85.0,0.001908,,,2022-01-13 06:40:00
5473521.707751938,0.0,204.0,,0.88,90.0,0.001084,,,2022-01-13 06:45:00
5473522.707838071,0.0,213.0,,0.88,113.0,0.000695,,,2022-01-13 06:50:00
5473523.707924203,0.0,217.0,,0.88,99.0,0.000407,,,2022-01-13 06:55:00
5473524.708010335,0.0,216.0,,0.88,85.0,0.000336,,,2022-01-13 07:00:00
5473525.708096469,0.0,218.0,,0.88,80.0,0.000891,,,2022-01-13 07:05:00
5473526.708182601,0.0,220.0,,0.88,78.0,0.000632,,,2022-01-13 07:10:00
5473527.708268734,0.0,219.0,,0.88,75.0,0.000108,,,2022-01-13 07:15:00
5473528.708354866,0.0,220.0,,0.88,76.0,0.000114,,,2022-01-13 07:20:00
5473529.708440999,0.0,221.0,,0.88,76.0,9e-05,,,2022-01-13 07:25:00
5473530.708527132,0.0,222.0,,0.88,84.0,8.1e-05,,,2022-01-13 07:30:00
5473531.708613264,0.0,223.0,,0.88,84.0,9.2e-05,,,2022-01-13 07:35:00
5473532.708699397,0.0,223.0,,0.88,84.0,0.000127,,,2022-01-13 07:40:00
5473533.708785529,0.0,225.0,,0.88,83.0,0.00019,,,2022-01-13 07:45:00
5473534.708871663,0.0,228.0,,0.88,81.0,0.000209,,,2022-01-13 07:50:00
5473535.708957795,0.0,230.0,,0.88,82.0,0.000366,,,2022-01-13 07:55:00
5473536.7090439275,0.0,234.0,,0.88,81.0,0.000134,,,2022-01-13 08:00:00
5473537.70913006,0.0,238.0,,0.88,81.0,0.000113,,,2022-01-13 08:05:00
5473538.709216192,0.0,241.0,,0.88,83.0,0.000127,,,2022-01-13 08:10:00
5473539.709302326,0.0,243.0,,0.88,83.0,9.5e-05,,,2022-01-13 08:15:00
5473540.709388458,0.0,244.0,,0.88,87.0,9.7e-05,,,2022-01-13 08:20:00
5473541.709474591,0.0,244.0,,0.88,81.0,0.000106,,,2022-01-13 08:25:00
5473542.709560723,0.0,246.0,,0.88,87.0,8.9e-05,,,2022-01-13 08:30:00
5473543.709646856,0.0,247.0,,0.88,85.0,7.4e-05,,,2022-01-13 08:35:00
5473544.709732989,0.0,245.0,,0.88,78.0,4.9e-05,,,2022-01-13 08:40:00
5473545.709819121,0.0,242.0,,0.88,75.0,5.9e-05,,,2022-01-13 08:45:00
5473546.709905254,0.0,248.0,,0.88,74.0,7.3e-05,,,2022-01-13 08:50:00
5473547.709991386,0.0,250.0,,0.88,75.0,5.5e-05,,,2022-01-13 08:55:00
5473548.7100775195,0.0,249.0,,0.88,72.0,4.8e-05,,,2022-01-13 09:00:00
5473549.710163652,0.0,245.0,,0.88,74.0,5.1e-05,,,2022-01-13 09:05:00
5473550.710249784,0.0,240.0,,0.88,75.0,5e-05,,,2022-01-13 09:10:00
5473551.710335917,0.0,235.0,,0.88,74.0,5.1e-05,,,2022-01-13 09:15:00
5473552.71042205,0.0,231.0,,0.88,75.0,4.5e-05,,,2022-01-13 09:20:00
5473553.710508183,0.0,231.0,,0.88,75.0,4.6e-05,,,2022-01-13 09:25:00
5473554.710594315,0.0,228.0,,0.88,76.0,5.2e-05,,,2022-01-13 09:30:00
5473555.7106804475,0.0,226.0,,0.88,75.0,4.7e-05,,,2022-01-13 09:35:00
5473556.71076658,0.0,221.0,,0.88,75.0,4.9e-05,,,2022-01-13 09:40:00
5473557.710852713,0.0,222.0,,0.88,75.0,5e-05,,,2022-01-13 09:45:00
5473558.710938846,0.0,222.0,,0.88,76.0,4.8e-05,,,2022-01-13 09:50:00
5473559.711024978,0.0,222.0,,0.88,74.0,4.8e-05,,,2022-01-13 09:55:00
5473560.711111111,0.0,223.0,,0.88,78.0,5e-05,,,2022-01-13 10:00:00
5473561.711197244,0.0,221.0,,0.88,73.0,4.9e-05,,,2022-01-13 10:05:00
5473562.711283376,0.0,219.0,,0.88,71.0,5e-05,,,2022-01-13 10:10:00
5473563.711369509,0.0,218.0,,0.88,70.0,4.9e-05,,,2022-01-13 10:15:00
5473564.711455641,0.0,214.0,,0.88,72.0,4.7e-05,,,2022-01-13 10:20:00
5473565.711541774,0.0,210.0,,0.88,72.0,4.5e-05,,,2022-01-13 10:25:00
5473566.711627907,0.0,194.0,,0.88,73.0,4.8e-05,,,2022-01-13 10:30:00
5473567.71171404,0.0,179.0,,0.88,71.0,4.8e-05,,,2022-01-13 10:35:00
5473568.711800172,0.0,168.0,,0.88,72.0,4.6e-05,,,2022-01-13 10:40:00
5473569.711886304,0.0,174.0,,0.88,72.0,4.5e-05,,,2022-01-13 10:45:00
5473570.711972438,0.0,180.0,,0.88,87.0,4.5e-05,,,2022-01-13 10:50:00
5473571.71205857,0.0,188.0,,0.88,72.0,4.4e-05,,,2022-01-13 10:55:00
5473572.712144703,0.0,193.0,,0.88,75.0,4.4e-05,,,2022-01-13 11:00:00
5473573.712230835,0.0,188.0,,0.88,98.0,4.4e-05,,,2022-01-13 11:05:00
5473574.712316968,0.0,166.0,,0.88,82.0,4.5e-05,,,2022-01-13 11:10:00
5473575.712403101,0.0,157.0,,0.88,78.0,4.5e-05,,,2022-01-13 11:15:00
5473576.712489233,0.0,163.0,,0.88,79.0,4.5e-05,,,2022-01-13 11:20:00
5473577.712575366,0.0,170.0,,0.88,105.0,4.6e-05,,,2022-01-13 11:25:00
5473578.712661498,0.0,174.0,170.0,0.88,93.0,4.7e-05,,9.3,2022-01-13 11:30:00
5473579.712747632,0.0,172.0,,0.88,80.0,4.6e-05,140.0,8.1,2022-01-13 11:35:00
5473580.712833764,0.0,170.0,,0.88,84.0,4.8e-05,,,2022-01-13 11:40:00
5473581.7129198965,0.0,168.0,,0.88,81.0,4.8e-05,,,2022-01-13 11:45:00
5473582.713006029,0.0,166.0,,0.88,83.0,5.3e-05,,,2022-01-13 11:50:00
5473583.713092161,0.0,166.0,,0.88,89.0,5.2e-05,,,2022-01-13 11:55:00
5473584.713178295,0.0,166.0,,0.88,94.0,5.8e-05,,,2022-01-13 12:00:00
5473585.713264427,0.0,167.0,,0.88,86.0,5.8e-05,,,2022-01-13 12:05:00
5473586.71335056,0.0,170.0,,0.88,80.0,5e-05,,,2022-01-13 12:10:00
5473587.713436692,0.0,177.0,,0.88,80.0,4.7e-05,,,2022-01-13 12:15:00
5473588.713522825,0.0,191.0,,0.88,78.0,4.9e-05,,,2022-01-13 12:20:00
5473589.713608958,0.0,195.0,,0.88,75.0,5.1e-05,,,2022-01-13 12:25:00
5473590.71369509,0.0,198.0,,0.88,77.0,5.1e-05,,,2022-01-13 12:30:00
5473591.713781223,0.0,201.0,,0.88,76.0,5e-05,,,2022-01-13 12:35:00
5473592.713867355,0.0,204.0,,0.88,75.0,4.7e-05,,,2022-01-13 12:40:00
5473593.7139534885,0.0,204.0,,0.88,75.0,4.8e-05,,,2022-01-13 12:45:00
5473594.714039621,0.0,203.0,,0.88,76.0,4.6e-05,,,2022-01-13 12:50:00
5473595.714125753,0.0,201.0,,0.88,89.0,4.5e-05,,,2022-01-13 12:55:00
5473596.714211886,0.0,200.0,,0.88,73.0,4.7e-05,,,2022-01-13 13:00:00
5473597.714298019,0.0,198.0,,0.88,75.0,4.9e-05,,,2022-01-13 13:05:00
5473598.714384152,0.0,191.0,,0.88,89.0,4.8e-05,,,2022-01-13 13:10:00
5473599.714470284,0.0,183.0,,0.88,85.0,4.8e-05,,,2022-01-13 13:15:00
5473600.7145564165,0.0,175.0,,0.88,87.0,5.1e-05,,,2022-01-13 13:20:00
5473601.714642549,0.0,169.0,,0.88,76.0,4.9e-05,,,2022-01-13 13:25:00
5473602.714728682,0.0,166.0,,0.88,80.0,5.1e-05,,,2022-01-13 13:30:00
5473603.714814815,0.0,164.0,,0.88,81.0,4.5e-05,,,2022-01-13 13:35:00
5473604.714900947,0.0,164.0,,0.88,79.0,4.5e-05,,,2022-01-13 13:40:00
5473605.71498708,0.0,169.0,,0.88,80.0,4.9e-05,,,2022-01-13 13:45:00
5473606.715073213,0.0,174.0,,0.88,79.0,4.7e-05,,,2022-01-13 13:50:00
5473607.715159345,0.0,182.0,,0.88,82.0,4.8e-05,,,2022-01-13 13:55:00
5473608.715245478,0.0,186.0,,0.88,77.0,4.7e-05,,,2022-01-13 14:00:00
5473609.71533161,0.0,190.0,,0.88,78.0,4.9e-05,,,2022-01-13 14:05:00
5473610.715417743,0.0,195.0,,0.88,74.0,5.2e-05,,,2022-01-13 14:10:00
5473611.715503876,0.0,200.0,,0.88,82.0,4.6e-05,,,2022-01-13 14:15:00
5473612.715590009,0.0,201.0,,0.88,81.0,4.4e-05,,,2022-01-13 14:20:00
5473613.715676141,0.0,201.0,,0.88,78.0,4.4e-05,,,2022-01-13 14:25:00
5473614.715762273,0.0,201.0,,0.88,77.0,4.5e-05,,,2022-01-13 14:30:00
5473615.715848407,0.0,200.0,,0.88,76.0,4.7e-05,,,2022-01-13 14:35:00
5473616.715934539,0.0,199.0,,0.88,74.0,4.5e-05,,,2022-01-13 14:40:00
5473617.716020672,0.0,198.0,,0.88,77.0,4.5e-05,,,2022-01-13 14:45:00
5473618.716106804,0.0,196.0,,0.88,75.0,4.8e-05,,,2022-01-13 14:50:00
5473619.7161929365,0.0,196.0,,0.88,76.0,4.6e-05,,,2022-01-13 14:55:00
5473620.71627907,0.0,196.0,,0.88,74.0,4.5e-05,,,2022-01-13 15:00:00
5473621.716365202,0.0,195.0,,0.88,75.0,4.5e-05,,,2022-01-13 15:05:00
5473622.716451335,0.0,193.0,,0.88,82.0,4.5e-05,,,2022-01-13 15:10:00
5473623.716537467,0.0,193.0,,0.88,72.0,4.3e-05,,,2022-01-13 15:15:00
5473624.716623601,0.0,196.0,,0.88,73.0,4.3e-05,,,2022-01-13 15:20:00
5473625.716709733,0.0,199.0,,0.88,75.0,4.3e-05,,,2022-01-13 15:25:00
5473626.716795865,0.0,198.0,,0.88,79.0,4.3e-05,,,2022-01-13 15:30:00
5473627.716881998,0.0,197.0,,0.88,86.0,4.7e-05,,,2022-01-13 15:35:00
5473628.71696813,0.0,196.0,,0.88,84.0,5.5e-05,,,2022-01-13 15:40:00
5473629.717054264,0.0,196.0,,0.88,83.0,5.4e-05,,,2022-01-13 15:45:00
5473630.717140396,0.0,197.0,,0.88,80.0,5.5e-05,,,2022-01-13 15:50:00
5473631.717226529,0.0,199.0,,0.88,81.0,5.8e-05,,,2022-01-13 15:55:00
5473632.717312661,0.0,199.0,,0.88,83.0,5.4e-05,,,2022-01-13 16:00:00
5473633.717398794,0.0,199.0,,0.88,81.0,5.8e-05,,,2022-01-13 16:05:00
5473634.717484927,0.0,198.0,,0.88,83.0,6.2e-05,,,2022-01-13 16:10:00
5473635.717571059,0.0,198.0,,0.88,81.0,6.4e-05,,,2022-01-13 16:15:00
5473636.717657192,0.0,197.0,,0.88,81.0,6.4e-05,,,2022-01-13 16:20:00
5473637.717743324,0.0,195.0,,0.88,82.0,7e-05,,,2022-01-13 16:25:00
5473638.7178294575,0.0,194.0,,0.88,90.0,7.7e-05,,,2022-01-13 16:30:00
5473639.71791559,0.0,194.0,,0.88,89.0,8.2e-05,,,2022-01-13 16:35:00
5473640.718001722,0.0,194.0,,0.88,89.0,8.6e-05,,,2022-01-13 16:40:00
5473641.718087855,0.0,193.0,,0.88,83.0,7.7e-05,,,2022-01-13 16:45:00
5473642.718173988,0.0,193.0,,0.88,82.0,6.2e-05,,,2022-01-13 16:50:00
5473643.718260121,0.0,192.0,,0.88,84.0,6.7e-05,,,2022-01-13 16:55:00
5473644.718346253,0.0,190.0,,0.88,92.0,5.8e-05,,,2022-01-13 17:00:00
5473645.7184323855,1.0,,,0.88,85.0,5.2e-05,,,2022-01-13 17:05:00
5473646.718518518,1.0,,,0.88,87.0,5.2e-05,,,2022-01-13 17:10:00
5473647.718604651,1.0,,,0.88,87.0,5.3e-05,,,2022-01-13 17:15:00
5473648.718690784,1.0,,,0.88,83.0,5.4e-05,,,2022-01-13 17:20:00
5473649.718776916,1.0,,,0.88,95.0,4.9e-05,,,2022-01-13 17:25:00
5473650.718863049,1.0,,,0.88,93.0,4.5e-05,,,2022-01-13 17:30:00
5473651.718949182,1.0,,,0.88,89.0,4.4e-05,,,2022-01-13 17:35:00
5473652.719035314,1.0,,,0.88,92.0,4.4e-05,,,2022-01-13 17:40:00
5473653.719121447,1.0,,,0.88,94.0,4.6e-05,,,2022-01-13 17:45:00
5473654.719207579,1.0,,,0.88,79.0,4.7e-05,,,2022-01-13 17:50:00
5473655.719293712,1.0,,,0.88,84.0,4.7e-05,,,2022-01-13 17:55:00
5473656.719379845,1.0,,,0.88,99.0,5.3e-05,,,2022-01-13 18:00:00
5473657.7194659775,1.0,,,0.88,94.0,6.7e-05,,,2022-01-13 18:05:00
5473658.71955211,1.0,,,0.88,91.0,0.054897,,,2022-01-13 18:10:00
5473659.719638242,1.0,,,0.88,95.0,0.733423,,,2022-01-13 18:15:00
5473660.719724376,1.0,,,0.88,86.0,7.328,,,2022-01-13 18:20:00
5473661.719810508,1.0,,,0.88,92.0,2.38912,,,2022-01-13 18:25:00
5473662.719896641,1.0,,,0.88,94.0,1.37524,,,2022-01-13 18:30:00
5473663.719982773,1.0,,,0.88,91.0,0.75308,,,2022-01-13 18:35:00
5473664.7200689055,1.0,,,0.88,93.0,0.4945,,,2022-01-13 18:40:00
5473665.720155039,1.0,,,0.88,99.0,1.13846,,,2022-01-13 18:45:00
5473666.720241171,1.0,,,0.88,102.0,2.01885,,,2022-01-13 18:50:00
5473667.720327304,1.0,,,0.88,102.0,3.0545,,,2022-01-13 18:55:00
5473668.720413436,1.0,,,0.88,109.0,10.432,,,2022-01-13 19:00:00
5473669.72049957,1.0,,,0.88,120.0,9.4844,,,2022-01-13 19:05:00
5473670.720585702,1.0,,,0.88,105.0,9.738,,,2022-01-13 19:10:00
5473671.720671834,1.0,,,0.88,105.0,6.7958,,,2022-01-13 19:15:00
5473672.720757967,1.0,,,0.88,90.0,1.888039,,,2022-01-13 19:20:00
5473673.720844099,1.0,,,0.88,95.0,0.002644,,,2022-01-13 19:25:00
5473674.720930233,1.0,,,0.88,95.0,0.063288,,,2022-01-13 19:30:00
5473675.721016365,1.0,,,0.88,101.0,0.424858,,,2022-01-13 19:35:00
5473676.721102498,1.0,,,0.88,105.0,4.616,,,2022-01-13 19:40:00
5473677.72118863,1.0,,,0.88,108.0,6.424,,,2022-01-13 19:45:00
5473678.721274763,1.0,,,0.88,112.0,6.942,,,2022-01-13 19:50:00
5473679.721360896,1.0,,,0.88,113.0,15.478,,,2022-01-13 19:55:00
5473680.721447028,1.0,,,0.88,110.0,18.92,,,2022-01-13 20:00:00
5473681.721533161,1.0,,,0.88,105.0,11.79925,,,2022-01-13 20:05:00
5473682.721619293,1.0,,,0.88,107.0,0.014899,,,2022-01-13 20:10:00
5473683.721705426,1.0,,,0.88,105.0,0.94078,,,2022-01-13 20:15:00
5473684.721791559,1.0,,216.0,0.88,95.0,1.7764,,12.1,2022-01-13 20:20:00
5473685.721877691,1.0,,,0.88,92.0,2.45,165.0,10.0,2022-01-13 20:25:00
5473686.721963824,1.0,,,0.88,90.0,0.58224,,,2022-01-13 20:30:00
5473687.722049957,0.0,215.0,,0.88,91.0,0.20938,,,2022-01-13 20:35:00
5473688.72213609,0.0,215.0,,0.88,89.0,0.06712,,,2022-01-13 20:40:00
5473689.722222222,0.0,216.0,,0.88,94.0,0.09658,,,2022-01-13 20:45:00
5473690.722308354,0.0,220.0,,0.88,86.0,0.02664,,,2022-01-13 20:50:00
5473691.722394487,0.0,222.0,,0.88,84.0,0.007884,,,2022-01-13 20:55:00
5473692.72248062,0.0,223.0,,0.88,85.0,0.006204,,,2022-01-13 21:00:00
5473693.722566753,0.0,227.0,,0.88,87.0,0.008628,,,2022-01-13 21:05:00
5473694.722652885,0.0,233.0,,0.88,88.0,0.002867,,,2022-01-13 21:10:00
5473695.722739018,0.0,239.0,,0.88,88.0,0.002736,,,2022-01-13 21:15:00
5473696.722825151,0.0,246.0,,0.88,87.0,0.000688,,,2022-01-13 21:20:00
5473697.722911283,0.0,253.0,,0.88,84.0,0.000122,,,2022-01-13 21:25:00
5473698.722997416,0.0,255.0,,0.88,82.0,7.6e-05,,,2022-01-13 21:30:00
5473699.723083548,0.0,258.0,,0.88,84.0,0.000114,,,2022-01-13 21:35:00
5473700.723169681,0.0,259.0,,0.88,85.0,7.3e-05,,,2022-01-13 21:40:00
5473701.723255814,0.0,258.0,,0.88,93.0,9.3e-05,,,2022-01-13 21:45:00
5473702.7233419465,0.0,255.0,,0.88,94.0,9.7e-05,,,2022-01-13 21:50:00
5473703.723428079,0.0,253.0,,0.88,85.0,6.9e-05,,,2022-01-13 21:55:00
5473704.723514211,0.0,250.0,,0.88,85.0,9.1e-05,,,2022-01-13 22:00:00
5473705.723600345,0.0,246.0,,0.88,85.0,8.6e-05,,,2022-01-13 22:05:00
5473706.723686477,0.0,245.0,,0.88,85.0,8e-05,,,2022-01-13 22:10:00
5473707.72377261,0.0,245.0,,0.88,91.0,7.1e-05,,,2022-01-13 22:15:00
5473708.723858742,0.0,245.0,,0.88,92.0,6.3e-05,,,2022-01-13 22:20:00
5473709.7239448745,0.0,243.0,,0.88,81.0,5e-05,,,2022-01-13 22:25:00
5473710.724031008,0.0,241.0,,0.88,80.0,5.1e-05,,,2022-01-13 22:30:00
5473711.72411714,0.0,238.0,,0.88,79.0,5.8e-05,,,2022-01-13 22:35:00
5473712.724203273,0.0,234.0,,0.88,76.0,7.4e-05,,,2022-01-13 22:40:00
5473713.724289405,0.0,229.0,,0.88,76.0,7.6e-05,,,2022-01-13 22:45:00
5473714.7243755385,0.0,225.0,,0.88,78.0,6.8e-05,,,2022-01-13 22:50:00
5473715.724461671,0.0,223.0,,0.88,77.0,6e-05,,,2022-01-13 22:55:00
5473716.724547803,0.0,220.0,,0.88,77.0,5.6e-05,,,2022-01-13 23:00:00
5473717.724633936,0.0,217.0,,0.88,77.0,5.6e-05,,,2022-01-13 23:05:00
5473718.724720068,0.0,216.0,,0.88,78.0,5.6e-05,,,2022-01-13 23:10:00
5473719.724806202,0.0,215.0,,0.88,78.0,5.6e-05,,,2022-01-13 23:15:00
5473720.724892334,0.0,214.0,,0.88,78.0,5.9e-05,,,2022-01-13 23:20:00
5473721.7249784665,0.0,214.0,,0.88,76.0,6.3e-05,,,2022-01-13 23:25:00
5473722.725064599,0.0,213.0,,0.88,76.0,6.4e-05,,,2022-01-13 23:30:00
5473723.725150732,0.0,212.0,,0.88,79.0,6.5e-05,,,2022-01-13 23:35:00
5473724.725236865,0.0,214.0,,0.88,76.0,6.9e-05,,,2022-01-13 23:40:00
5473725.725322997,0.0,213.0,,0.88,76.0,6.9e-05,,,2022-01-13 23:45:00
5473726.72540913,0.0,211.0,,0.88,77.0,7.3e-05,,,2022-01-13 23:50:00
5473727.725495262,0.0,210.0,,0.88,77.0,7.6e-05,,,2022-01-13 23:55:00
5473728.725581395,0.0,207.0,,0.9,77.0,7.7e-05,,,2022-01-14 00:00:00
5473729.725667528,0.0,205.0,,0.9,77.0,7.5e-05,,,2022-01-14 00:05:00
5473730.72575366,0.0,204.0,,0.9,78.0,5.4e-05,,,2022-01-14 00:10:00
5473731.725839793,0.0,200.0,,0.9,77.0,5.3e-05,,,2022-01-14 00:15:00
5473732.725925926,0.0,196.0,,0.9,75.0,5e-05,,,2022-01-14 00:20:00
5473733.726012059,0.0,193.0,,0.9,74.0,4.6e-05,,,2022-01-14 00:25:00
5473734.726098191,0.0,189.0,,0.9,76.0,4.6e-05,,,2022-01-14 00:30:00
5473735.726184323,0.0,188.0,,0.9,76.0,4.5e-05,,,2022-01-14 00:35:00
5473736.726270456,0.0,189.0,,0.9,76.0,4.5e-05,,,2022-01-14 00:40:00
5473737.726356589,0.0,192.0,,0.9,76.0,5.6e-05,,,2022-01-14 00:45:00
5473738.726442722,0.0,196.0,,0.9,75.0,6.7e-05,,,2022-01-14 00:50:00
5473739.726528854,0.0,200.0,,0.9,76.0,5.5e-05,,,2022-01-14 00:55:00
5473740.726614987,0.0,207.0,,0.9,75.0,6.2e-05,,,2022-01-14 01:00:00
5473741.72670112,0.0,211.0,,0.9,77.0,6.1e-05,,,2022-01-14 01:05:00
5473742.726787252,0.0,214.0,,0.9,77.0,5.9e-05,,,2022-01-14 01:10:00
5473743.726873385,0.0,218.0,,0.9,76.0,5.9e-05,,,2022-01-14 01:15:00
5473744.726959517,0.0,223.0,,0.9,76.0,6.1e-05,,,2022-01-14 01:20:00
5473745.72704565,0.0,230.0,,0.9,76.0,6.3e-05,,,2022-01-14 01:25:00
5473746.727131783,0.0,234.0,,0.9,75.0,6.6e-05,,,2022-01-14 01:30:00
5473747.7272179155,0.0,238.0,,0.9,73.0,4.7e-05,,,2022-01-14 01:35:00
5473748.727304048,0.0,239.0,,0.9,73.0,4.6e-05,,,2022-01-14 01:40:00
5473749.72739018,0.0,239.0,,0.9,73.0,4.7e-05,,,2022-01-14 01:45:00
5473750.727476314,0.0,240.0,,0.9,72.0,4.6e-05,,,2022-01-14 01:50:00
5473751.727562446,0.0,242.0,,0.9,73.0,4.9e-05,,,2022-01-14 01:55:00
5473752.727648579,0.0,244.0,,0.9,72.0,6.4e-05,,,2022-01-14 02:00:00
5473753.727734711,0.0,246.0,,0.9,72.0,7.1e-05,,,2022-01-14 02:05:00
5473754.727820843,0.0,246.0,,0.9,74.0,6.7e-05,,,2022-01-14 02:10:00
5473755.727906977,0.0,245.0,,0.9,71.0,4.9e-05,,,2022-01-14 02:15:00
5473756.727993109,0.0,244.0,,0.9,70.0,4.7e-05,,,2022-01-14 02:20:00
5473757.728079242,1.0,,,0.9,70.0,4.7e-05,,,2022-01-14 02:25:00
5473758.728165374,1.0,,,0.9,70.0,4.8e-05,,,2022-01-14 02:30:00
5473759.7282515075,1.0,,,0.9,70.0,4.8e-05,,,2022-01-14 02:35:00
5473760.72833764,1.0,,,0.9,68.0,5.3e-05,,,2022-01-14 02:40:00
5473761.728423772,1.0,,,0.9,71.0,5.8e-05,,,2022-01-14 02:45:00
5473762.728509905,1.0,,,0.9,68.0,6.4e-05,,,2022-01-14 02:50:00
5473763.728596037,1.0,,,0.9,67.0,6.8e-05,,,2022-01-14 02:55:00
5473764.728682171,1.0,,,0.9,67.0,7.2e-05,,,2022-01-14 03:00:00
5473765.728768303,1.0,,,0.9,69.0,7.1e-05,,,2022-01-14 03:05:00
5473766.7288544355,1.0,,,0.9,65.0,5.4e-05,,,2022-01-14 03:10:00
5473767.728940568,1.0,,,0.9,66.0,5.3e-05,,,2022-01-14 03:15:00
5473768.729026701,1.0,,,0.9,64.0,5.2e-05,,,2022-01-14 03:20:00
5473769.729112834,1.0,,,0.9,67.0,5.2e-05,,,2022-01-14 03:25:00
5473770.729198966,1.0,,,0.9,64.0,5.3e-05,,,2022-01-14 03:30:00
5473771.729285099,1.0,,,0.9,64.0,5.3e-05,,,2022-01-14 03:35:00
5473772.729371231,1.0,,,0.9,62.0,5.4e-05,,,2022-01-14 03:40:00
5473773.729457364,1.0,,,0.9,63.0,5.5e-05,,,2022-01-14 03:45:00
5473774.729543497,1.0,,,0.9,62.0,5.5e-05,,,2022-01-14 03:50:00
5473775.729629629,1.0,,,0.9,63.0,5.5e-05,,,2022-01-14 03:55:00
5473776.729715762,1.0,,,1.35,65.0,5.5e-05,,,2022-01-14 04:00:00
5473777.729801895,1.0,,,1.35,64.0,5.5e-05,,,2022-01-14 04:05:00
5473778.7298880275,1.0,,,1.35,66.0,5.4e-05,,,2022-01-14 04:10:00
5473779.72997416,1.0,,,1.35,66.0,5.4e-05,,,2022-01-14 04:15:00
5473780.730060292,1.0,,,1.35,66.0,5.5e-05,,,2022-01-14 04:20:00
5473781.730146425,1.0,,,1.35,66.0,5.5e-05,,,2022-01-14 04:25:00
5473782.730232558,1.0,,,1.35,64.0,5.5e-05,,,2022-01-14 04:30:00
5473783.730318691,1.0,,,1.35,63.0,5.6e-05,,,2022-01-14 04:35:00
5473784.730404823,1.0,,,1.35,62.0,5.6e-05,,,2022-01-14 04:40:00
5473785.7304909555,1.0,,,1.35,62.0,5.9e-05,,,2022-01-14 04:45:00
5473786.730577089,1.0,,,1.35,61.0,6.5e-05,,,2022-01-14 04:50:00
5473787.730663221,1.0,,,1.35,66.0,6e-05,,,2022-01-14 04:55:00
5473788.730749354,1.0,,259.0,1.35,69.0,5.6e-05,,,2022-01-14 05:00:00
5473789.730835486,1.0,,,1.35,84.0,,,,2022-01-14 05:05:00
5473790.73092162,1.0,,,1.35,,,,,2022-01-14 05:10:00
5473791.731007752,0.0,260.0,,1.35,,,,,2022-01-14 05:15:00
5473792.731093884,0.0,261.0,,1.35,,,,,2022-01-14 05:20:00
5473793.731180017,0.0,262.0,,1.35,,,,,2022-01-14 05:25:00
5473794.731266149,0.0,269.0,,1.35,,,,,2022-01-14 05:30:00
5473795.731352283,0.0,276.0,,1.35,98.0,4.8e-05,,,2022-01-14 05:35:00
5473796.731438415,0.0,277.0,,1.35,99.0,5.1e-05,,,2022-01-14 05:40:00
5473797.731524548,0.0,279.0,,1.35,106.0,4.8e-05,,,2022-01-14 05:45:00
5473798.73161068,0.0,282.0,,1.35,75.0,5.3e-05,,,2022-01-14 05:50:00
5473799.731696813,0.0,284.0,,1.35,78.0,5.9e-05,,,2022-01-14 05:55:00
5473800.731782946,0.0,288.0,,1.35,77.0,5.4e-05,,,2022-01-14 06:00:00
5473801.731869078,0.0,292.0,,1.35,79.0,4.7e-05,,,2022-01-14 06:05:00
5473802.731955211,0.0,296.0,,1.35,86.0,4.6e-05,,,2022-01-14 06:10:00
5473803.732041343,0.0,302.0,,1.35,88.0,4.9e-05,,,2022-01-14 06:15:00
5473804.7321274765,0.0,312.0,,1.35,92.0,4.7e-05,,,2022-01-14 06:20:00
5473805.732213609,0.0,314.0,,1.35,89.0,4.7e-05,,,2022-01-14 06:25:00
5473806.732299741,0.0,314.0,,1.35,85.0,4.6e-05,,,2022-01-14 06:30:00
5473807.732385874,0.0,309.0,,1.35,77.0,4.8e-05,,,2022-01-14 06:35:00
5473808.732472007,0.0,307.0,,1.35,77.0,5.1e-05,,,2022-01-14 06:40:00
5473809.73255814,0.0,308.0,,1.35,78.0,5.3e-05,,,2022-01-14 06:45:00
5473810.732644272,0.0,314.0,,1.35,86.0,5.3e-05,,,2022-01-14 06:50:00
5473811.7327304045,0.0,314.0,,1.35,80.0,5.3e-05,,,2022-01-14 06:55:00
5473812.732816537,0.0,313.0,,1.45,82.0,5.3e-05,,,2022-01-14 07:00:00
5473813.73290267,0.0,318.0,,1.45,81.0,5.1e-05,,,2022-01-14 07:05:00
5473814.732988803,0.0,320.0,,1.45,82.0,5e-05,,,2022-01-14 07:10:00
5473815.733074935,0.0,321.0,321.0,1.45,82.0,5.2e-05,,4.2,2022-01-14 07:15:00
5473816.733161068,0.0,327.0,,1.45,86.0,5.1e-05,,,2022-01-14 07:20:00
5473817.733247201,0.0,333.0,,1.45,89.0,4.7e-05,,,2022-01-14 07:25:00
5473818.733333333,0.0,336.0,,1.45,85.0,4.6e-05,,,2022-01-14 07:30:00
5473819.733419466,0.0,342.0,,1.45,91.0,4.7e-05,,,2022-01-14 07:35:00
5473820.733505598,0.0,344.0,,1.45,84.0,4.6e-05,,,2022-01-14 07:40:00
5473821.733591731,0.0,342.0,,1.45,82.0,4.6e-05,,,2022-01-14 07:45:00
5473822.733677864,0.0,343.0,,1.45,81.0,4.4e-05,,,2022-01-14 07:50:00
5473823.7337639965,0.0,343.0,,1.45,99.0,4.4e-05,,,2022-01-14 07:55:00
5473824.733850129,0.0,341.0,,1.45,104.0,4.5e-05,,,2022-01-14 08:00:00
5473825.733936261,0.0,338.0,,1.45,116.0,4.5e-05,,,2022-01-14 08:05:00
5473826.734022395,0.0,335.0,,1.45,101.0,4.6e-05,,,2022-01-14 08:10:00
5473827.734108527,0.0,332.0,,1.45,116.0,4.6e-05,,,2022-01-14 08:15:00
5473828.73419466,0.0,331.0,,1.45,109.0,4.6e-05,,,2022-01-14 08:20:00
5473829.734280792,0.0,329.0,,1.45,112.0,4.5e-05,,,2022-01-14 08:25:00
5473830.7343669245,0.0,328.0,,1.45,94.0,4.6e-05,,,2022-01-14 08:30:00
5473831.734453058,0.0,328.0,,1.45,103.0,4.7e-05,,,2022-01-14 08:35:00
5473832.73453919,0.0,331.0,,1.45,84.0,4.8e-05,,,2022-01-14 08:40:00
5473833.734625323,0.0,330.0,,1.45,81.0,4.9e-05,,,2022-01-14 08:45:00
5473834.734711455,0.0,328.0,,1.45,84.0,4.5e-05,,,2022-01-14 08:50:00
5473835.734797589,0.0,327.0,330.0,1.45,81.0,4.7e-05,,4.8,2022-01-14 08:55:00
5473836.734883721,0.0,329.0,,1.45,93.0,4.4e-05,30.0,1.9,2022-01-14 09:00:00
5473837.734969853,0.0,324.0,,1.45,88.0,4.7e-05,,,2022-01-14 09:05:00
5473838.735055986,0.0,320.0,,1.45,84.0,5.4e-05,,,2022-01-14 09:10:00
5473839.735142118,0.0,323.0,,1.45,82.0,4.6e-05,,,2022-01-14 09:15:00
5473840.735228252,0.0,326.0,,1.45,99.0,4.5e-05,,,2022-01-14 09:20:00
5473841.735314384,0.0,328.0,,1.45,113.0,4.4e-05,,,2022-01-14 09:25:00
5473842.735400517,0.0,334.0,,1.45,84.0,4.4e-05,,,2022-01-14 09:30:00
5473843.735486649,0.0,337.0,,1.45,84.0,4.5e-05,,,2022-01-14 09:35:00
5473844.735572782,0.0,339.0,,1.45,74.0,4.5e-05,,,2022-01-14 09:40:00
5473845.735658915,0.0,336.0,,1.45,75.0,4.3e-05,,,2022-01-14 09:45:00
5473846.735745047,0.0,341.0,,1.45,75.0,4.4e-05,,,2022-01-14 09:50:00
5473847.73583118,0.0,352.0,,1.45,80.0,4.4e-05,,,2022-01-14 09:55:00
5473848.735917312,0.0,362.0,,1.45,110.0,4.4e-05,,,2022-01-14 10:00:00
5473849.736003445,0.0,360.0,,1.45,90.0,4.4e-05,,,2022-01-14 10:05:00
5473850.736089578,0.0,354.0,,1.45,72.0,4.3e-05,,,2022-01-14 10:10:00
5473851.73617571,0.0,353.0,,1.45,73.0,4.4e-05,,,2022-01-14 10:15:00
5473852.736261843,0.0,356.0,,1.45,75.0,4.4e-05,,,2022-01-14 10:20:00
5473853.736347976,0.0,357.0,,1.45,75.0,4.4e-05,,,2022-01-14 10:25:00
5473854.736434109,0.0,352.0,,1.45,77.0,4.3e-05,,,2022-01-14 10:30:00
5473855.736520241,0.0,348.0,,1.45,76.0,4.4e-05,,,2022-01-14 10:35:00
5473856.736606373,0.0,348.0,,1.45,95.0,4.3e-05,,,2022-01-14 10:40:00
5473857.736692506,0.0,347.0,,1.45,105.0,4.3e-05,,,2022-01-14 10:45:00
5473858.736778639,0.0,343.0,,1.45,102.0,4.2e-05,,,2022-01-14 10:50:00
5473859.736864772,0.0,337.0,,1.45,78.0,4.3e-05,,,2022-01-14 10:55:00
5473860.736950904,0.0,332.0,,0.75,81.0,4.2e-05,,,2022-01-14 11:00:00
5473861.737037037,0.0,319.0,,0.75,87.0,4.3e-05,,,2022-01-14 11:05:00
5473862.73712317,0.0,308.0,,0.75,84.0,4.3e-05,,,2022-01-14 11:10:00
5473863.737209302,0.0,315.0,,0.75,103.0,4.2e-05,,,2022-01-14 11:15:00
5473864.737295435,0.0,314.0,,0.75,109.0,4.3e-05,,,2022-01-14 11:20:00
5473865.737381567,0.0,305.0,,0.75,102.0,4.5e-05,,,2022-01-14 11:25:00
5473866.7374677,0.0,300.0,300.0,0.75,102.0,4.7e-05,,9.2,2022-01-14 11:30:00
5473867.737553833,0.0,294.0,,0.75,79.0,4.7e-05,100.0,6.3,2022-01-14 11:35:00
5473868.7376399655,0.0,288.0,,0.75,86.0,4.5e-05,,,2022-01-14 11:40:00
5473869.737726098,0.0,284.0,,0.75,92.0,4.5e-05,,,2022-01-14 11:45:00
5473870.73781223,0.0,281.0,,0.75,90.0,4.5e-05,,,2022-01-14 11:50:00
5473871.737898364,0.0,275.0,,0.75,92.0,4.6e-05,,,2022-01-14 11:55:00
5473872.737984496,0.0,274.0,,0.75,111.0,4.6e-05,,,2022-01-14 12:00:00
5473873.738070629,0.0,277.0,,0.75,95.0,4.8e-05,,,2022-01-14 12:05:00
5473874.738156761,0.0,277.0,,0.75,102.0,5.2e-05,,,2022-01-14 12:10:00
5473875.7382428935,0.0,270.0,,0.75,96.0,5e-05,,,2022-01-14 12:15:00
5473876.738329027,0.0,265.0,,0.75,88.0,5e-05,,,2022-01-14 12:20:00
5473877.738415159,0.0,260.0,,0.75,88.0,5e-05,,,2022-01-14 12:25:00
5473878.738501292,0.0,255.0,,0.75,91.0,5.9e-05,,,2022-01-14 12:30:00
5473879.738587424,0.0,250.0,,0.75,93.0,5.9e-05,,,2022-01-14 12:35:00
5473880.7386735575,0.0,244.0,,0.75,93.0,5.6e-05,,,2022-01-14 12:40:00
5473881.73875969,0.0,235.0,,0.75,98.0,5.9e-05,,,2022-01-14 12:45:00
5473882.738845822,0.0,227.0,,0.75,93.0,7.1e-05,,,2022-01-14 12:50:00
5473883.738931955,0.0,220.0,,0.75,90.0,5.7e-05,,,2022-01-14 12:55:00
5473884.739018087,0.0,211.0,,0.75,85.0,5.9e-05,,,2022-01-14 13:00:00
5473885.739104221,0.0,197.0,,0.75,85.0,5.8e-05,,,2022-01-14 13:05:00
5473886.739190353,0.0,188.0,,0.75,82.0,5.5e-05,,,2022-01-14 13:10:00
5473887.7392764855,0.0,192.0,,0.75,82.0,6.1e-05,,,2022-01-14 13:15:00
5473888.739362618,0.0,200.0,,0.75,85.0,4.9e-05,,,2022-01-14 13:20:00
5473889.739448751,0.0,202.0,,0.75,86.0,4.8e-05,,,2022-01-14 13:25:00
5473890.739534884,0.0,195.0,,0.75,82.0,5.1e-05,,,2022-01-14 13:30:00
5473891.739621016,0.0,192.0,,0.75,85.0,4.9e-05,,,2022-01-14 13:35:00
5473892.739707149,0.0,191.0,,0.75,83.0,5e-05,,,2022-01-14 13:40:00
5473893.739793281,0.0,192.0,,0.75,80.0,5.1e-05,,,2022-01-14 13:45:00
5473894.739879414,0.0,193.0,,0.75,82.0,4.8e-05,,,2022-01-14 13:50:00
5473895.739965547,0.0,193.0,,0.75,85.0,4.7e-05,,,2022-01-14 13:55:00
5473896.740051679,0.0,192.0,,0.75,88.0,4.8e-05,,,2022-01-14 14:00:00
5473897.740137812,0.0,190.0,,0.75,89.0,5.2e-05,,,2022-01-14 14:05:00
5473898.740223945,0.0,185.0,,0.75,87.0,5.3e-05,,,2022-01-14 14:10:00
5473899.740310078,0.0,180.0,,0.75,91.0,4.9e-05,,,2022-01-14 14:15:00
5473900.74039621,0.0,173.0,,0.75,85.0,4.6e-05,,,2022-01-14 14:20:00
5473901.740482342,0.0,170.0,,0.75,79.0,4.7e-05,,,2022-01-14 14:25:00
5473902.740568475,0.0,170.0,,0.75,80.0,4.5e-05,,,2022-01-14 14:30:00
5473903.740654608,0.0,168.0,,0.75,78.0,4.6e-05,,,2022-01-14 14:35:00
5473904.740740741,0.0,171.0,,0.75,101.0,4.6e-05,,,2022-01-14 14:40:00
5473905.740826873,0.0,178.0,,0.75,106.0,4.6e-05,,,2022-01-14 14:45:00
5473906.740913006,0.0,180.0,,0.75,87.0,4.5e-05,,,2022-01-14 14:50:00
5473907.740999139,0.0,179.0,,0.75,82.0,4.5e-05,,,2022-01-14 14:55:00
5473908.741085271,0.0,178.0,,0.75,84.0,4.5e-05,,,2022-01-14 15:00:00
5473909.741171404,0.0,179.0,,0.75,84.0,4.5e-05,,,2022-01-14 15:05:00
5473910.741257536,0.0,183.0,,0.75,86.0,4.5e-05,,,2022-01-14 15:10:00
5473911.741343669,0.0,187.0,,0.75,81.0,4.5e-05,,,2022-01-14 15:15:00
5473912.741429802,0.0,194.0,,0.75,81.0,4.6e-05,,,2022-01-14 15:20:00
5473913.7415159345,0.0,197.0,,0.75,84.0,4.7e-05,,,2022-01-14 15:25:00
5473914.741602067,0.0,198.0,,0.75,83.0,4.5e-05,,,2022-01-14 15:30:00
5473915.741688199,0.0,200.0,,0.75,82.0,4.5e-05,,,2022-01-14 15:35:00
5473916.741774333,0.0,205.0,,0.75,82.0,4.5e-05,,,2022-01-14 15:40:00
5473917.741860465,0.0,211.0,,0.75,79.0,4.9e-05,,,2022-01-14 15:45:00
5473918.741946598,0.0,217.0,,0.75,77.0,4.5e-05,,,2022-01-14 15:50:00
5473919.74203273,0.0,220.0,,0.75,84.0,4.4e-05,,,2022-01-14 15:55:00
5473920.742118862,0.0,221.0,,0.75,76.0,4.5e-05,,,2022-01-14 16:00:00
5473921.742204996,0.0,222.0,,0.75,82.0,4.4e-05,,,2022-01-14 16:05:00
5473922.742291128,0.0,221.0,,0.75,96.0,4.5e-05,,,2022-01-14 16:10:00
5473923.742377261,0.0,215.0,,0.75,89.0,4.7e-05,,,2022-01-14 16:15:00
5473924.742463393,0.0,216.0,,0.75,84.0,4.7e-05,,,2022-01-14 16:20:00
5473925.7425495265,0.0,223.0,,0.75,89.0,4.7e-05,,,2022-01-14 16:25:00
5473926.742635659,0.0,229.0,225.0,0.75,90.0,4.5e-05,90.0,7.9,2022-01-14 16:30:00
5473927.742721791,0.0,229.0,,0.75,86.0,4.7e-05,,5.6,2022-01-14 16:35:00
5473928.742807924,0.0,225.0,,0.75,86.0,4.8e-05,,,2022-01-14 16:40:00
5473929.742894056,0.0,222.0,,0.75,84.0,4.7e-05,,,2022-01-14 16:45:00
5473930.74298019,0.0,222.0,,0.75,85.0,4.7e-05,,,2022-01-14 16:50:00
5473931.743066322,0.0,222.0,,0.75,81.0,5e-05,,,2022-01-14 16:55:00
5473932.7431524545,0.0,224.0,,0.88,80.0,4.9e-05,,,2022-01-14 17:00:00
5473933.743238587,0.0,232.0,,0.88,83.0,4.9e-05,,,2022-01-14 17:05:00
5473934.74332472,0.0,236.0,,0.88,82.0,5e-05,,,2022-01-14 17:10:00
5473935.743410853,0.0,247.0,,0.88,86.0,5.4e-05,,,2022-01-14 17:15:00
5473936.743496985,0.0,251.0,,0.88,95.0,5.1e-05,,,2022-01-14 17:20:00
5473937.743583118,0.0,251.0,,0.88,89.0,5.4e-05,,,2022-01-14 17:25:00
5473938.74366925,0.0,251.0,,0.88,82.0,5.2e-05,,,2022-01-14 17:30:00
5473939.743755383,0.0,262.0,,0.88,90.0,4.9e-05,,,2022-01-14 17:35:00
5473940.743841516,0.0,267.0,,0.88,80.0,4.8e-05,,,2022-01-14 17:40:00
5473941.743927648,0.0,263.0,,0.88,85.0,4.9e-05,,,2022-01-14 17:45:00
5473942.744013781,0.0,263.0,,0.88,82.0,4.8e-05,,,2022-01-14 17:50:00
5473943.744099914,0.0,262.0,,0.88,83.0,4.6e-05,,,2022-01-14 17:55:00
5473944.7441860465,0.0,268.0,,0.88,88.0,4.8e-05,,,2022-01-14 18:00:00
5473945.744272179,0.0,279.0,,0.88,87.0,4.7e-05,,,2022-01-14 18:05:00
5473946.744358311,0.0,284.0,,0.88,84.0,4.8e-05,,,2022-01-14 18:10:00
5473947.744444444,0.0,286.0,,0.88,89.0,4.8e-05,,,2022-01-14 18:15:00
5473948.744530577,0.0,283.0,,0.88,88.0,4.8e-05,,,2022-01-14 18:20:00
5473949.74461671,0.0,279.0,,0.88,88.0,4.8e-05,,,2022-01-14 18:25:00
5473950.744702842,0.0,275.0,231.0,0.88,87.0,4.9e-05,,,2022-01-14 18:30:00
5473951.7447889745,0.0,275.0,,0.88,90.0,4.8e-05,,,2022-01-14 18:35:00
5473952.744875108,0.0,273.0,,0.88,89.0,4.7e-05,,,2022-01-14 18:40:00
5473953.74496124,0.0,243.0,261.0,0.88,90.0,4.8e-05,,9.4,2022-01-14 18:45:00
5473954.745047373,0.0,245.0,,0.88,85.0,4.9e-05,150.0,9.4,2022-01-14 18:50:00
5473955.745133505,0.0,247.0,,0.88,84.0,4.9e-05,,,2022-01-14 18:55:00
5473956.745219638,0.0,249.0,,0.88,85.0,5e-05,,,2022-01-14 19:00:00
5473957.745305771,0.0,250.0,,0.88,85.0,5.2e-05,,,2022-01-14 19:05:00
5473958.745391903,0.0,249.0,,0.88,82.0,6.1e-05,,,2022-01-14 19:10:00
5473959.745478036,0.0,249.0,,0.88,83.0,5.5e-05,,,2022-01-14 19:15:00
5473960.745564168,0.0,251.0,,0.88,82.0,5.1e-05,,,2022-01-14 19:20:00
5473961.745650302,0.0,256.0,,0.88,83.0,5.1e-05,,,2022-01-14 19:25:00
5473962.745736434,0.0,260.0,,0.88,84.0,5.1e-05,,,2022-01-14 19:30:00
5473963.745822567,0.0,262.0,,0.88,84.0,5.4e-05,,,2022-01-14 19:35:00
5473964.745908699,0.0,264.0,,0.88,88.0,5.3e-05,,,2022-01-14 19:40:00
5473965.745994831,0.0,262.0,,0.88,83.0,5.3e-05,,,2022-01-14 19:45:00
5473966.746080965,0.0,258.0,,0.88,82.0,5.3e-05,,,2022-01-14 19:50:00
5473967.746167097,0.0,254.0,,0.88,83.0,5.4e-05,,,2022-01-14 19:55:00
5473968.74625323,0.0,252.0,,0.88,83.0,5.2e-05,,,2022-01-14 20:00:00
5473969.746339362,0.0,249.0,,0.88,83.0,5.4e-05,,,2022-01-14 20:05:00
5473970.7464254955,0.0,248.0,,0.88,84.0,5.3e-05,,,2022-01-14 20:10:00
5473971.746511628,0.0,246.0,,0.88,83.0,5.5e-05,,,2022-01-14 20:15:00
5473972.74659776,0.0,244.0,,0.88,83.0,5.5e-05,,,2022-01-14 20:20:00
5473973.746683893,0.0,243.0,,0.88,82.0,6e-05,,,2022-01-14 20:25:00
5473974.746770025,0.0,241.0,,0.88,83.0,6e-05,,,2022-01-14 20:30:00
5473975.746856159,0.0,239.0,,0.88,83.0,6e-05,,,2022-01-14 20:35:00
5473976.746942291,0.0,237.0,,0.88,83.0,5.9e-05,,,2022-01-14 20:40:00
5473977.7470284235,0.0,233.0,,0.88,84.0,6.1e-05,,,2022-01-14 20:45:00
5473978.747114556,0.0,231.0,,0.88,93.0,5.1e-05,,,2022-01-14 20:50:00
5473979.747200689,0.0,226.0,,0.88,101.0,5e-05,,,2022-01-14 20:55:00
5473980.747286822,0.0,220.0,,0.88,83.0,4.8e-05,,,2022-01-14 21:00:00
5473981.747372954,0.0,215.0,,0.88,82.0,4.9e-05,,,2022-01-14 21:05:00
5473982.747459087,0.0,211.0,,0.88,82.0,5e-05,,,2022-01-14 21:10:00
5473983.747545219,0.0,210.0,,0.88,81.0,5e-05,,,2022-01-14 21:15:00
5473984.747631352,0.0,209.0,,0.88,77.0,5e-05,,,2022-01-14 21:20:00
5473985.747717485,0.0,208.0,,0.88,79.0,5e-05,,,2022-01-14 21:25:00
5473986.747803617,0.0,209.0,,0.88,81.0,5e-05,,,2022-01-14 21:30:00
5473987.74788975,0.0,209.0,,0.88,82.0,5.4e-05,,,2022-01-14 21:35:00
5473988.747975883,0.0,210.0,,0.88,96.0,5e-05,,,2022-01-14 21:40:00
5473989.7480620155,0.0,213.0,,0.88,88.0,5e-05,,,2022-01-14 21:45:00
5473990.748148148,0.0,213.0,,0.88,83.0,5.3e-05,,,2022-01-14 21:50:00
5473991.74823428,0.0,216.0,,0.88,82.0,5.1e-05,,,2022-01-14 21:55:00
5473992.748320413,0.0,217.0,,0.88,80.0,5.1e-05,,,2022-01-14 22:00:00
5473993.748406546,0.0,217.0,,0.88,81.0,5.1e-05,,,2022-01-14 22:05:00
5473994.748492679,0.0,217.0,,0.88,78.0,5.4e-05,,,2022-01-14 22:10:00
5473995.748578811,0.0,218.0,,0.88,76.0,5.6e-05,,,2022-01-14 22:15:00
5473996.7486649435,0.0,217.0,,0.88,78.0,6.2e-05,,,2022-01-14 22:20:00
5473997.748751077,0.0,216.0,,0.88,76.0,6.4e-05,,,2022-01-14 22:25:00
5473998.748837209,0.0,216.0,,0.88,77.0,5.9e-05,,,2022-01-14 22:30:00
5473999.748923342,0.0,215.0,,0.88,77.0,5.9e-05,,,2022-01-14 22:35:00
5474000.749009474,0.0,208.0,,0.88,76.0,5.5e-05,,,2022-01-14 22:40:00
5474001.749095607,0.0,212.0,,0.88,77.0,5.6e-05,,,2022-01-14 22:45:00
5474002.74918174,0.0,223.0,,0.88,77.0,6e-05,,,2022-01-14 22:50:00
5474003.749267872,0.0,225.0,,0.88,90.0,5.4e-05,,,2022-01-14 22:55:00
5474004.749354005,0.0,228.0,,0.88,87.0,5.4e-05,,,2022-01-14 23:00:00
5474005.749440137,0.0,229.0,,0.88,74.0,4.9e-05,,,2022-01-14 23:05:00
5474006.749526271,0.0,230.0,,0.88,72.0,4.7e-05,,,2022-01-14 23:10:00
5474007.749612403,0.0,232.0,,0.88,73.0,4.7e-05,,,2022-01-14 23:15:00
5474008.749698536,0.0,234.0,,0.88,72.0,4.7e-05,,,2022-01-14 23:20:00
5474009.749784668,0.0,230.0,,0.88,68.0,4.6e-05,,,2022-01-14 23:25:00
5474010.7498708,0.0,227.0,,0.88,90.0,,,,2022-01-14 23:30:00
5474011.749956934,0.0,225.0,,0.88,,,,,2022-01-14 23:35:00
5474012.750043066,0.0,223.0,,0.88,,,,,2022-01-14 23:40:00
5474013.750129199,0.0,221.0,,0.88,,,,,2022-01-14 23:45:00
5474014.750215331,0.0,219.0,,0.88,,,,,2022-01-14 23:50:00
5474015.750301464,0.0,217.0,,0.88,72.0,,,,2022-01-14 23:55:00
5474016.750387597,0.0,218.0,,0.88,69.0,4.4e-05,,,2022-01-15 00:00:00
5474017.750473729,0.0,216.0,,0.88,72.0,4.4e-05,,,2022-01-15 00:05:00
5474018.750559862,0.0,216.0,,0.88,,4.4e-05,,,2022-01-15 00:10:00
5474019.750645994,0.0,217.0,,0.88,,,,,2022-01-15 00:15:00
5474020.750732128,0.0,218.0,,0.88,71.0,4.4e-05,,,2022-01-15 00:20:00
5474021.75081826,0.0,220.0,,0.88,70.0,5e-05,,,2022-01-15 00:25:00
5474022.750904392,0.0,220.0,,0.88,68.0,5.6e-05,,,2022-01-15 00:30:00
5474023.750990525,0.0,218.0,,0.88,68.0,4.9e-05,,,2022-01-15 00:35:00
5474024.751076658,0.0,215.0,,0.88,68.0,4.7e-05,,,2022-01-15 00:40:00
5474025.751162791,0.0,212.0,,0.88,70.0,4.7e-05,,,2022-01-15 00:45:00
5474026.751248923,0.0,218.0,,0.88,68.0,5.3e-05,,,2022-01-15 00:50:00
5474027.751335056,0.0,225.0,,0.88,70.0,5.4e-05,,,2022-01-15 00:55:00
5474028.751421188,0.0,224.0,,0.88,,,,,2022-01-15 01:00:00
5474029.751507321,0.0,222.0,,0.88,,,,,2022-01-15 01:05:00
5474030.751593454,0.0,223.0,,0.88,84.0,4.6e-05,,,2022-01-15 01:10:00
5474031.751679586,0.0,224.0,,0.88,67.0,,,,2022-01-15 01:15:00
5474032.751765719,0.0,225.0,,0.88,73.0,,,,2022-01-15 01:20:00
5474033.751851852,0.0,227.0,,0.88,68.0,4.7e-05,,,2022-01-15 01:25:00
5474034.7519379845,0.0,229.0,,0.88,70.0,4.7e-05,,,2022-01-15 01:30:00
5474035.752024117,0.0,231.0,,0.88,68.0,4.7e-05,,,2022-01-15 01:35:00
5474036.752110249,0.0,232.0,,0.88,68.0,4.7e-05,,,2022-01-15 01:40:00
5474037.752196382,0.0,235.0,,0.88,68.0,4.7e-05,,,2022-01-15 01:45:00
5474038.752282515,0.0,237.0,,0.88,70.0,4.7e-05,,,2022-01-15 01:50:00
5474039.752368648,0.0,239.0,,0.88,71.0,4.8e-05,,,2022-01-15 01:55:00
5474040.75245478,0.0,240.0,,0.88,72.0,4.8e-05,,,2022-01-15 02:00:00
5474041.7525409125,0.0,242.0,,0.88,73.0,4.7e-05,,,2022-01-15 02:05:00
5474042.752627046,0.0,244.0,,0.88,73.0,4.5e-05,,,2022-01-15 02:10:00
5474043.752713178,0.0,245.0,,0.88,79.0,4.5e-05,,,2022-01-15 02:15:00
5474044.752799311,0.0,247.0,,0.88,68.0,4.9e-05,,,2022-01-15 02:20:00
5474045.752885443,0.0,248.0,,0.88,70.0,5.8e-05,,,2022-01-15 02:25:00
5474046.752971576,0.0,249.0,,0.88,,6e-05,,,2022-01-15 02:30:00
5474047.753057709,0.0,249.0,,0.88,67.0,6.2e-05,,,2022-01-15 02:35:00
5474048.753143841,0.0,249.0,,0.88,68.0,4.6e-05,,,2022-01-15 02:40:00
5474049.753229974,0.0,246.0,,0.88,67.0,4.7e-05,,,2022-01-15 02:45:00
5474050.753316106,0.0,247.0,,0.88,71.0,4.7e-05,,,2022-01-15 02:50:00
5474051.75340224,0.0,251.0,,0.88,69.0,4.8e-05,,,2022-01-15 02:55:00
5474052.753488372,0.0,252.0,,0.88,67.0,5e-05,,,2022-01-15 03:00:00
5474053.7535745045,0.0,251.0,,0.88,68.0,5.5e-05,,,2022-01-15 03:05:00
5474054.753660637,0.0,254.0,245.0,0.88,77.0,5.7e-05,,2.3,2022-01-15 03:10:00
5474055.753746769,0.0,259.0,,0.88,67.0,5.3e-05,,,2022-01-15 03:15:00
5474056.753832903,0.0,263.0,,0.88,66.0,5.9e-05,,,2022-01-15 03:20:00
5474057.753919035,0.0,265.0,,0.88,66.0,6e-05,,,2022-01-15 03:25:00
5474058.754005168,0.0,266.0,,0.88,66.0,5.6e-05,,,2022-01-15 03:30:00
5474059.7540913,0.0,265.0,,0.88,66.0,5.3e-05,,,2022-01-15 03:35:00
5474060.754177433,0.0,263.0,,0.88,66.0,4.9e-05,,,2022-01-15 03:40:00
5474061.754263566,0.0,259.0,,0.88,67.0,4.7e-05,,,2022-01-15 03:45:00
5474062.754349698,0.0,254.0,,0.88,67.0,4.7e-05,,,2022-01-15 03:50:00
5474063.754435831,0.0,253.0,,0.88,,4.7e-05,,,2022-01-15 03:55:00
5474064.754521963,0.0,252.0,,0.88,65.0,,,,2022-01-15 04:00:00
5474065.754608097,0.0,251.0,,0.88,111.0,,,,2022-01-15 04:05:00
5474066.754694229,0.0,251.0,,0.88,70.0,4.4e-05,,,2022-01-15 04:10:00
5474067.754780361,0.0,255.0,,0.88,64.0,4.5e-05,,,2022-01-15 04:15:00
5474068.754866494,0.0,251.0,,0.88,63.0,4.6e-05,,,2022-01-15 04:20:00
5474069.754952627,0.0,248.0,,0.88,64.0,4.6e-05,,,2022-01-15 04:25:00
5474070.75503876,0.0,241.0,,0.88,64.0,4.7e-05,,,2022-01-15 04:30:00
5474071.755124892,0.0,239.0,,0.88,64.0,4.7e-05,,,2022-01-15 04:35:00
5474072.755211025,0.0,238.0,,0.88,64.0,4.8e-05,,,2022-01-15 04:40:00
5474073.755297157,0.0,237.0,,0.88,64.0,4.8e-05,,,2022-01-15 04:45:00
5474074.75538329,0.0,238.0,,0.88,63.0,4.8e-05,,,2022-01-15 04:50:00
5474075.755469423,0.0,239.0,,0.88,61.0,5e-05,,,2022-01-15 04:55:00
5474076.755555555,0.0,233.0,,0.88,63.0,5.5e-05,,,2022-01-15 05:00:00
5474077.755641688,0.0,230.0,,0.88,65.0,5.4e-05,,,2022-01-15 05:05:00
5474078.755727821,0.0,230.0,,0.88,66.0,5.4e-05,,,2022-01-15 05:10:00
5474079.7558139535,0.0,231.0,,0.88,65.0,5.4e-05,,,2022-01-15 05:15:00
5474080.755900086,0.0,232.0,,0.88,67.0,5.4e-05,,,2022-01-15 05:20:00
5474081.755986218,0.0,248.0,,0.88,67.0,5.2e-05,,,2022-01-15 05:25:00
5474082.756072351,0.0,244.0,,0.88,66.0,5.3e-05,,,2022-01-15 05:30:00
5474083.756158484,0.0,244.0,,0.88,65.0,5.2e-05,,,2022-01-15 05:35:00
5474084.756244617,0.0,243.0,,0.88,65.0,5e-05,,,2022-01-15 05:40:00
5474085.756330749,0.0,237.0,,0.88,66.0,5.5e-05,,,2022-01-15 05:45:00
5474086.756416881,0.0,232.0,,0.88,66.0,5.7e-05,,,2022-01-15 05:50:00
5474087.756503015,0.0,229.0,,0.88,66.0,5.8e-05,,,2022-01-15 05:55:00
5474088.756589147,0.0,234.0,,0.88,66.0,6.1e-05,,,2022-01-15 06:00:00
5474089.75667528,0.0,242.0,,0.88,65.0,5.8e-05,,,2022-01-15 06:05:00
5474090.756761412,0.0,247.0,,0.88,63.0,6e-05,,,2022-01-15 06:10:00
5474091.756847545,0.0,250.0,,0.88,63.0,6.5e-05,,,2022-01-15 06:15:00
5474092.756933678,0.0,251.0,,0.88,64.0,6.8e-05,,,2022-01-15 06:20:00
5474093.75701981,0.0,250.0,,0.88,64.0,7e-05,,,2022-01-15 06:25:00
5474094.757105943,0.0,249.0,,0.88,65.0,7.3e-05,,,2022-01-15 06:30:00
5474095.757192075,1.0,,,0.88,66.0,7.6e-05,,,2022-01-15 06:35:00
5474096.757278209,1.0,,,0.88,65.0,7.3e-05,,,2022-01-15 06:40:00
5474097.757364341,1.0,,,0.88,66.0,5.8e-05,,,2022-01-15 06:45:00
5474098.7574504735,1.0,,,0.88,69.0,5.5e-05,,,2022-01-15 06:50:00
5474099.757536606,1.0,,,0.88,,5.3e-05,,,2022-01-15 06:55:00
5474100.757622738,1.0,,,0.88,,,,,2022-01-15 07:00:00
5474101.757708872,1.0,,,0.88,67.0,,,,2022-01-15 07:05:00
5474102.757795004,1.0,,,0.88,70.0,4.8e-05,,,2022-01-15 07:10:00
5474103.757881137,1.0,,,0.88,67.0,4.8e-05,,,2022-01-15 07:15:00
5474104.757967269,1.0,,,0.88,70.0,4.6e-05,,,2022-01-15 07:20:00
5474105.758053402,1.0,,,0.88,69.0,4.6e-05,,,2022-01-15 07:25:00
5474106.758139535,1.0,,,0.88,70.0,4.6e-05,,,2022-01-15 07:30:00
5474107.758225667,1.0,,,0.88,72.0,4.7e-05,,,2022-01-15 07:35:00
5474108.7583118,1.0,,,0.88,70.0,4.7e-05,,,2022-01-15 07:40:00
5474109.758397933,1.0,,,0.88,68.0,4.7e-05,,,2022-01-15 07:45:00
5474110.7584840655,1.0,,,0.88,69.0,4.7e-05,,,2022-01-15 07:50:00
5474111.758570198,1.0,,,0.88,65.0,4.9e-05,,,2022-01-15 07:55:00
5474112.75865633,1.0,,,0.88,67.0,5.7e-05,,,2022-01-15 08:00:00
5474113.758742463,1.0,,,0.88,71.0,6e-05,,,2022-01-15 08:05:00
5474114.758828596,1.0,,,0.88,90.0,5.4e-05,,,2022-01-15 08:10:00
5474115.758914729,1.0,,,0.88,92.0,4.9e-05,,,2022-01-15 08:15:00
5474116.759000861,1.0,,,0.88,77.0,4.7e-05,,,2022-01-15 08:20:00
5474117.7590869935,1.0,,,0.88,85.0,4.8e-05,,,2022-01-15 08:25:00
5474118.759173127,1.0,,249.0,0.88,85.0,4.7e-05,,,2022-01-15 08:30:00
5474119.759259259,1.0,,,0.88,78.0,4.7e-05,,,2022-01-15 08:35:00
5474120.759345392,1.0,,,0.88,76.0,4.7e-05,,,2022-01-15 08:40:00
5474121.759431524,0.0,255.0,,0.88,79.0,5.1e-05,,,2022-01-15 08:45:00
5474122.759517657,0.0,258.0,,0.88,75.0,5.1e-05,,,2022-01-15 08:50:00
5474123.75960379,0.0,263.0,,0.88,77.0,5.2e-05,,,2022-01-15 08:55:00
5474124.759689922,0.0,264.0,,0.88,80.0,5.4e-05,,,2022-01-15 09:00:00
5474125.759776055,0.0,267.0,,0.88,85.0,5.3e-05,,,2022-01-15 09:05:00
5474126.759862187,0.0,264.0,261.0,0.88,88.0,4.8e-05,,7.6,2022-01-15 09:10:00
5474127.759948321,0.0,268.0,,0.88,88.0,5e-05,75.0,4.7,2022-01-15 09:15:00
5474128.760034453,0.0,267.0,,0.88,85.0,4.9e-05,,,2022-01-15 09:20:00
5474129.760120586,0.0,267.0,,0.88,83.0,5e-05,,,2022-01-15 09:25:00
5474130.760206718,0.0,273.0,,0.88,75.0,5.1e-05,,,2022-01-15 09:30:00
5474131.76029285,0.0,266.0,,0.88,80.0,5.4e-05,,,2022-01-15 09:35:00
5474132.760378984,0.0,262.0,,0.88,99.0,5.5e-05,,,2022-01-15 09:40:00
5474133.760465116,0.0,264.0,,0.88,103.0,5.2e-05,,,2022-01-15 09:45:00
5474134.760551249,0.0,271.0,,0.88,96.0,5.1e-05,,,2022-01-15 09:50:00
5474135.760637381,0.0,275.0,,0.88,95.0,5.4e-05,,,2022-01-15 09:55:00
5474136.7607235145,0.0,277.0,,0.88,99.0,5.4e-05,,,2022-01-15 10:00:00
5474137.760809647,0.0,277.0,,0.88,96.0,6.7e-05,,,2022-01-15 10:05:00
5474138.760895779,0.0,276.0,,0.88,100.0,7.6e-05,,,2022-01-15 10:10:00
5474139.760981912,0.0,276.0,,0.88,93.0,9.9e-05,,,2022-01-15 10:15:00
5474140.761068044,0.0,273.0,,0.88,95.0,0.000109,,,2022-01-15 10:20:00
5474141.761154178,0.0,271.0,,0.88,91.0,0.000169,,,2022-01-15 10:25:00
5474142.76124031,0.0,269.0,,0.88,94.0,0.000114,,,2022-01-15 10:30:00
5474143.7613264425,0.0,267.0,,0.88,105.0,0.000185,,,2022-01-15 10:35:00
5474144.761412575,0.0,269.0,,0.88,105.0,0.000665,,,2022-01-15 10:40:00
5474145.761498708,0.0,265.0,,0.88,105.0,0.000172,,,2022-01-15 10:45:00
5474146.761584841,0.0,261.0,,0.88,104.0,0.013984,,,2022-01-15 10:50:00
5474147.761670973,0.0,255.0,,0.88,106.0,0.43436,,,2022-01-15 10:55:00
5474148.761757106,0.0,251.0,,0.88,110.0,0.6418,,,2022-01-15 11:00:00
5474149.761843238,0.0,246.0,,0.88,109.0,0.401,,,2022-01-15 11:05:00
5474150.761929371,0.0,242.0,,0.88,99.0,2.884,,,2022-01-15 11:10:00
5474151.762015504,0.0,237.0,,0.88,108.0,4.716,,,2022-01-15 11:15:00
5474152.762101636,0.0,231.0,,0.88,105.0,3.606,,,2022-01-15 11:20:00
5474153.762187769,0.0,227.0,,0.88,113.0,3.8075,,,2022-01-15 11:25:00
5474154.762273902,0.0,223.0,,0.88,111.0,3.962,,,2022-01-15 11:30:00
5474155.7623600345,0.0,219.0,,0.88,104.0,7.8972,,,2022-01-15 11:35:00
5474156.762446167,0.0,215.0,,0.88,107.0,5.408,,,2022-01-15 11:40:00
5474157.762532299,0.0,211.0,,0.88,103.0,4.524,,,2022-01-15 11:45:00
5474158.762618432,0.0,208.0,,0.88,109.0,3.862,,,2022-01-15 11:50:00
5474159.762704565,0.0,206.0,,0.88,105.0,1.17766,,,2022-01-15 11:55:00
5474160.762790698,0.0,203.0,,0.88,104.0,1.374,,,2022-01-15 12:00:00
5474161.76287683,0.0,197.0,,0.88,102.0,0.009251,,,2022-01-15 12:05:00
5474162.7629629625,0.0,195.0,,0.88,106.0,0.025239,,,2022-01-15 12:10:00
5474163.763049096,0.0,193.0,,0.88,102.0,0.001743,,,2022-01-15 12:15:00
5474164.763135228,0.0,194.0,,0.88,105.0,0.001849,,,2022-01-15 12:20:00
5474165.763221361,0.0,190.0,,0.88,97.0,9.3e-05,,,2022-01-15 12:25:00
5474166.763307493,0.0,185.0,,0.88,96.0,0.000105,,,2022-01-15 12:30:00
5474167.763393626,0.0,184.0,,0.88,103.0,0.000521,,,2022-01-15 12:35:00
5474168.763479759,0.0,184.0,,0.88,94.0,0.000169,,,2022-01-15 12:40:00
5474169.763565891,0.0,179.0,,0.88,98.0,8e-05,,,2022-01-15 12:45:00
5474170.763652024,0.0,177.0,,0.88,95.0,0.01221,,,2022-01-15 12:50:00
5474171.763738156,0.0,171.0,,0.88,90.0,0.005932,,,2022-01-15 12:55:00
5474172.76382429,0.0,166.0,,0.88,103.0,0.019129,,,2022-01-15 13:00:00
5474173.763910422,0.0,165.0,,0.88,89.0,0.02408,,,2022-01-15 13:05:00
5474174.763996555,0.0,163.0,,0.88,89.0,0.033664,,,2022-01-15 13:10:00
5474175.764082687,0.0,160.0,,0.88,89.0,0.000536,,,2022-01-15 13:15:00
5474176.764168819,0.0,157.0,,0.88,90.0,0.000131,,,2022-01-15 13:20:00
5474177.764254953,0.0,154.0,,0.88,91.0,8.8e-05,,,2022-01-15 13:25:00
5474178.764341085,0.0,152.0,,0.88,90.0,6.9e-05,,,2022-01-15 13:30:00
5474179.764427218,0.0,150.0,,0.88,97.0,9.4e-05,,,2022-01-15 13:35:00
5474180.76451335,0.0,151.0,,0.88,103.0,8.1e-05,,,2022-01-15 13:40:00
5474181.764599483,0.0,149.0,,0.88,102.0,0.000111,,,2022-01-15 13:45:00
5474182.764685616,0.0,144.0,,0.88,99.0,0.000123,,,2022-01-15 13:50:00
5474183.764771748,0.0,141.0,,0.88,97.0,0.000282,,,2022-01-15 13:55:00
5474184.764857881,0.0,137.0,,0.88,96.0,0.000198,,,2022-01-15 14:00:00
5474185.764944013,0.0,136.0,,0.88,99.0,0.000336,,,2022-01-15 14:05:00
5474186.765030147,0.0,135.0,117.0,0.88,99.0,0.000137,,,2022-01-15 14:10:00
5474187.765116279,0.0,134.0,,0.88,88.0,0.000192,,,2022-01-15 14:15:00
5474188.765202411,0.0,132.0,,0.88,88.0,8.6e-05,,,2022-01-15 14:20:00
5474189.765288544,0.0,123.0,,0.88,89.0,6.7e-05,,,2022-01-15 14:25:00
5474190.765374677,0.0,122.0,,0.88,99.0,5.7e-05,,,2022-01-15 14:30:00
5474191.76546081,0.0,121.0,,0.88,96.0,6.1e-05,,,2022-01-15 14:35:00
5474192.765546942,0.0,117.0,115.0,0.88,90.0,6.1e-05,150.0,9.4,2022-01-15 14:40:00
5474193.765633075,0.0,117.0,,0.88,93.0,5.9e-05,,9.4,2022-01-15 14:45:00
5474194.765719207,0.0,117.0,,0.88,89.0,5.4e-05,,,2022-01-15 14:50:00
5474195.76580534,0.0,118.0,,0.88,88.0,5.3e-05,,,2022-01-15 14:55:00
5474196.765891473,0.0,117.0,,0.88,90.0,5.4e-05,,,2022-01-15 15:00:00
5474197.765977605,0.0,119.0,,0.88,94.0,5.4e-05,,,2022-01-15 15:05:00
5474198.766063738,0.0,119.0,,0.88,91.0,5.2e-05,,,2022-01-15 15:10:00
5474199.766149871,0.0,118.0,,0.88,96.0,5.2e-05,,,2022-01-15 15:15:00
5474200.7662360035,0.0,115.0,,0.88,95.0,5.6e-05,,,2022-01-15 15:20:00
5474201.766322136,0.0,113.0,,0.88,100.0,6.2e-05,,,2022-01-15 15:25:00
5474202.766408268,0.0,110.0,,0.88,103.0,5.9e-05,,,2022-01-15 15:30:00
5474203.766494401,0.0,107.0,,0.88,101.0,0.000103,,,2022-01-15 15:35:00
5474204.766580534,0.0,102.0,,0.88,99.0,8.4e-05,,,2022-01-15 15:40:00
5474205.766666667,0.0,96.0,,0.88,105.0,9.2e-05,,,2022-01-15 15:45:00
5474206.766752799,0.0,91.0,,0.88,102.0,6.1e-05,,,2022-01-15 15:50:00
5474207.7668389315,0.0,87.0,,0.88,92.0,6.7e-05,,,2022-01-15 15:55:00
5474208.766925065,0.0,85.0,,0.88,101.0,6e-05,,,2022-01-15 16:00:00
5474209.767011197,0.0,83.0,,0.88,101.0,5.4e-05,,,2022-01-15 16:05:00
5474210.76709733,0.0,81.0,,0.88,103.0,7.4e-05,,,2022-01-15 16:10:00
5474211.767183462,0.0,80.0,,0.88,99.0,0.000108,,,2022-01-15 16:15:00
5474212.767269595,0.0,81.0,,0.88,96.0,0.000941,,,2022-01-15 16:20:00
5474213.767355728,0.0,79.0,,0.88,99.0,0.000132,,,2022-01-15 16:25:00
5474214.76744186,0.0,78.0,,0.88,97.0,0.000511,,,2022-01-15 16:30:00
5474215.767527993,0.0,79.0,,0.88,99.0,0.000627,,,2022-01-15 16:35:00
5474216.767614125,0.0,81.0,,0.88,98.0,0.000421,,,2022-01-15 16:40:00
5474217.767700259,0.0,84.0,,0.88,96.0,0.000231,,,2022-01-15 16:45:00
5474218.767786391,0.0,86.0,,0.88,95.0,5.9e-05,,,2022-01-15 16:50:00
5474219.7678725235,0.0,90.0,,0.88,95.0,5.4e-05,,,2022-01-15 16:55:00
5474220.767958656,0.0,95.0,,0.88,94.0,5.3e-05,,,2022-01-15 17:00:00
5474221.768044788,0.0,100.0,,0.88,93.0,5.5e-05,,,2022-01-15 17:05:00
5474222.768130922,0.0,103.0,,0.88,95.0,5.5e-05,,,2022-01-15 17:10:00
5474223.768217054,0.0,105.0,,0.88,91.0,5.4e-05,,,2022-01-15 17:15:00
5474224.768303187,0.0,108.0,,0.88,93.0,6e-05,,,2022-01-15 17:20:00
5474225.768389319,0.0,112.0,,0.88,92.0,5.6e-05,,,2022-01-15 17:25:00
5474226.768475452,0.0,116.0,,0.88,92.0,5.9e-05,,,2022-01-15 17:30:00
5474227.768561585,0.0,121.0,,0.88,93.0,5.8e-05,,,2022-01-15 17:35:00
5474228.768647717,0.0,125.0,,0.88,94.0,5.8e-05,,,2022-01-15 17:40:00
5474229.76873385,0.0,129.0,,0.88,93.0,5.8e-05,,,2022-01-15 17:45:00
5474230.768819982,0.0,132.0,,0.88,94.0,5.7e-05,,,2022-01-15 17:50:00
5474231.768906116,0.0,134.0,,0.88,92.0,5.7e-05,,,2022-01-15 17:55:00
5474232.768992248,0.0,133.0,,0.88,101.0,5.8e-05,,,2022-01-15 18:00:00
5474233.76907838,0.0,132.0,,0.88,107.0,5.2e-05,,,2022-01-15 18:05:00
5474234.769164513,0.0,130.0,,0.88,110.0,6e-05,,,2022-01-15 18:10:00
5474235.769250646,0.0,126.0,,0.88,106.0,0.000244,,,2022-01-15 18:15:00
5474236.769336779,0.0,122.0,,0.88,106.0,0.012877,,,2022-01-15 18:20:00
5474237.769422911,0.0,120.0,,0.88,117.0,0.9074,,,2022-01-15 18:25:00
5474238.769509044,0.0,116.0,,0.88,111.0,8.598,,,2022-01-15 18:30:00
5474239.769595176,0.0,113.0,,0.88,118.0,8.844,,,2022-01-15 18:35:00
5474240.769681309,0.0,112.0,,0.88,122.0,8.0656,,,2022-01-15 18:40:00
5474241.769767442,0.0,112.0,,0.88,107.0,9.712,,,2022-01-15 18:45:00
5474242.769853574,0.0,110.0,,0.88,101.0,11.892,,,2022-01-15 18:50:00
5474243.769939707,0.0,110.0,,0.88,106.0,5.69,,,2022-01-15 18:55:00
5474244.77002584,0.0,111.0,,0.88,97.0,3.164,,,2022-01-15 19:00:00
5474245.7701119725,0.0,114.0,,0.88,94.0,4.178,,,2022-01-15 19:05:00
5474246.770198105,0.0,122.0,,0.88,93.0,3.842,,,2022-01-15 19:10:00
5474247.770284237,0.0,130.0,,0.88,91.0,1.1606,,,2022-01-15 19:15:00
5474248.77037037,0.0,135.0,,0.88,90.0,0.45296,,,2022-01-15 19:20:00
5474249.770456503,0.0,140.0,,0.88,89.0,0.13998,,,2022-01-15 19:25:00
5474250.770542636,0.0,143.0,,0.88,90.0,0.003243,,,2022-01-15 19:30:00
5474251.770628768,0.0,146.0,,0.88,88.0,0.000674,,,2022-01-15 19:35:00
5474252.7707149,0.0,148.0,,0.88,88.0,7.1e-05,,,2022-01-15 19:40:00
5474253.770801034,0.0,149.0,,0.88,89.0,6.2e-05,,,2022-01-15 19:45:00
5474254.770887166,0.0,150.0,,0.88,90.0,9e-05,,,2022-01-15 19:50:00
5474255.770973299,0.0,151.0,,0.88,95.0,9.6e-05,,,2022-01-15 19:55:00
5474256.771059431,0.0,151.0,,0.88,91.0,0.000446,,,2022-01-15 20:00:00
5474257.771145564,0.0,149.0,,0.88,88.0,0.000144,,,2022-01-15 20:05:00
5474258.771231697,0.0,150.0,,0.88,90.0,0.000126,,,2022-01-15 20:10:00
5474259.771317829,0.0,151.0,,0.88,88.0,9.5e-05,,,2022-01-15 20:15:00
5474260.771403962,0.0,152.0,,0.88,88.0,7.1e-05,,,2022-01-15 20:20:00
5474261.771490094,0.0,153.0,,0.88,89.0,5.2e-05,,,2022-01-15 20:25:00
5474262.771576228,0.0,153.0,,0.88,87.0,5.3e-05,,,2022-01-15 20:30:00
5474263.77166236,0.0,154.0,,0.88,87.0,5.3e-05,,,2022-01-15 20:35:00
5474264.7717484925,0.0,155.0,,0.88,87.0,5.3e-05,,,2022-01-15 20:40:00
5474265.771834625,0.0,156.0,,0.88,86.0,5.3e-05,,,2022-01-15 20:45:00
5474266.771920757,0.0,157.0,,0.88,92.0,5.7e-05,,,2022-01-15 20:50:00
5474267.772006891,0.0,157.0,,0.88,91.0,5.4e-05,,,2022-01-15 20:55:00
5474268.772093023,0.0,157.0,135.0,0.88,87.0,5.3e-05,130.0,8.6,2022-01-15 21:00:00
5474269.772179156,0.0,158.0,,0.88,87.0,5.2e-05,,8.1,2022-01-15 21:05:00
5474270.772265288,0.0,146.0,,0.88,83.0,5.1e-05,,,2022-01-15 21:10:00
5474271.772351421,0.0,149.0,,0.88,81.0,5e-05,,,2022-01-15 21:15:00
5474272.772437554,0.0,149.0,,0.88,86.0,4.9e-05,,,2022-01-15 21:20:00
5474273.772523686,0.0,155.0,,0.88,89.0,4.9e-05,,,2022-01-15 21:25:00
5474274.772609819,0.0,162.0,,0.88,89.0,5e-05,,,2022-01-15 21:30:00
5474275.772695951,0.0,167.0,,0.88,88.0,5.6e-05,,,2022-01-15 21:35:00
5474276.7727820845,0.0,169.0,,0.88,88.0,5.6e-05,,,2022-01-15 21:40:00
5474277.772868217,0.0,171.0,,0.88,92.0,5.8e-05,,,2022-01-15 21:45:00
5474278.772954349,0.0,169.0,,0.88,94.0,5e-05,,,2022-01-15 21:50:00
5474279.773040482,0.0,166.0,,0.88,96.0,5.1e-05,,,2022-01-15 21:55:00
5474280.773126615,0.0,161.0,,0.88,89.0,5e-05,,,2022-01-15 22:00:00
5474281.773212748,0.0,154.0,,0.88,88.0,5.3e-05,,,2022-01-15 22:05:00
5474282.77329888,0.0,148.0,,0.88,87.0,5.5e-05,,,2022-01-15 22:10:00
5474283.7733850125,0.0,143.0,,0.88,86.0,5.5e-05,,,2022-01-15 22:15:00
5474284.773471145,0.0,139.0,,0.88,89.0,6e-05,,,2022-01-15 22:20:00
5474285.773557278,0.0,135.0,,0.88,85.0,5.8e-05,,,2022-01-15 22:25:00
5474286.773643411,0.0,130.0,,0.88,85.0,5.9e-05,,,2022-01-15 22:30:00
5474287.773729543,0.0,127.0,,0.88,86.0,6e-05,,,2022-01-15 22:35:00
5474288.773815676,0.0,125.0,,0.88,86.0,5.7e-05,,,2022-01-15 22:40:00
5474289.773901809,0.0,121.0,,0.88,85.0,6.8e-05,,,2022-01-15 22:45:00
5474290.773987941,0.0,118.0,,0.88,95.0,7e-05,,,2022-01-15 22:50:00
5474291.774074074,0.0,118.0,,0.88,82.0,6.6e-05,,,2022-01-15 22:55:00
5474292.774160206,0.0,118.0,,0.88,80.0,4.9e-05,,,2022-01-15 23:00:00
5474293.774246339,0.0,119.0,,0.88,79.0,4.9e-05,,,2022-01-15 23:05:00
5474294.774332472,0.0,118.0,,0.88,78.0,5.1e-05,,,2022-01-15 23:10:00
5474295.774418605,0.0,120.0,,0.88,77.0,5.2e-05,,,2022-01-15 23:15:00
5474296.774504737,0.0,123.0,,0.88,77.0,5.8e-05,,,2022-01-15 23:20:00
5474297.774590869,0.0,125.0,,0.88,75.0,6.2e-05,,,2022-01-15 23:25:00
5474298.774677003,0.0,127.0,,0.88,74.0,6.3e-05,,,2022-01-15 23:30:00
5474299.774763135,0.0,128.0,,0.88,74.0,6.4e-05,,,2022-01-15 23:35:00
5474300.774849268,0.0,127.0,,0.88,73.0,6.4e-05,,,2022-01-15 23:40:00
5474301.7749354,0.0,128.0,,0.88,74.0,5.1e-05,,,2022-01-15 23:45:00
5474302.775021533,0.0,130.0,,0.88,73.0,5.2e-05,,,2022-01-15 23:50:00
5474303.775107666,0.0,133.0,,0.88,73.0,4.8e-05,,,2022-01-15 23:55:00
5474304.775193798,0.0,135.0,,0.9,74.0,5.1e-05,,,2022-01-16 00:00:00
5474305.775279931,0.0,137.0,,0.9,77.0,5.7e-05,,,2022-01-16 00:05:00
5474306.775366063,0.0,138.0,,0.9,76.0,5.9e-05,,,2022-01-16 00:10:00
5474307.775452197,0.0,139.0,,0.9,77.0,6.2e-05,,,2022-01-16 00:15:00
5474308.775538329,0.0,140.0,,0.9,76.0,6.1e-05,,,2022-01-16 00:20:00
5474309.7756244615,0.0,141.0,,0.9,74.0,6e-05,,,2022-01-16 00:25:00
5474310.775710594,0.0,139.0,,0.9,73.0,6e-05,,,2022-01-16 00:30:00
5474311.775796726,0.0,137.0,,0.9,73.0,6e-05,,,2022-01-16 00:35:00
5474312.77588286,0.0,138.0,,0.9,74.0,6.1e-05,,,2022-01-16 00:40:00
5474313.775968992,0.0,140.0,,0.9,75.0,6.1e-05,,,2022-01-16 00:45:00
5474314.776055125,0.0,142.0,,0.9,76.0,6.3e-05,,,2022-01-16 00:50:00
5474315.776141257,0.0,146.0,,0.9,73.0,5.2e-05,,,2022-01-16 00:55:00
5474316.77622739,0.0,152.0,,0.9,74.0,4.8e-05,,,2022-01-16 01:00:00
5474317.776313523,0.0,156.0,,0.9,74.0,4.8e-05,,,2022-01-16 01:05:00
5474318.776399655,0.0,159.0,,0.9,75.0,5e-05,,,2022-01-16 01:10:00
5474319.776485788,0.0,156.0,,0.9,73.0,5e-05,,,2022-01-16 01:15:00
5474320.77657192,0.0,154.0,,0.9,74.0,5.1e-05,,,2022-01-16 01:20:00
5474321.7766580535,0.0,158.0,,0.9,73.0,4.9e-05,,,2022-01-16 01:25:00
5474322.776744186,0.0,163.0,,0.9,71.0,5.1e-05,,,2022-01-16 01:30:00
5474323.776830318,0.0,164.0,,0.9,71.0,5.2e-05,,,2022-01-16 01:35:00
5474324.776916451,0.0,166.0,,0.9,71.0,4.9e-05,,,2022-01-16 01:40:00
5474325.777002584,0.0,170.0,,0.9,70.0,5.5e-05,,,2022-01-16 01:45:00
5474326.777088717,0.0,175.0,,0.9,69.0,6.2e-05,,,2022-01-16 01:50:00
5474327.777174849,0.0,175.0,,0.9,70.0,6.7e-05,,,2022-01-16 01:55:00
5474328.7772609815,0.0,176.0,,0.9,70.0,7.2e-05,,,2022-01-16 02:00:00
5474329.777347114,0.0,179.0,,0.9,71.0,7.9e-05,,,2022-01-16 02:05:00
5474330.777433247,0.0,185.0,,0.9,69.0,8.4e-05,,,2022-01-16 02:10:00
5474331.77751938,0.0,195.0,,0.9,68.0,9.1e-05,,,2022-01-16 02:15:00
5474332.777605512,0.0,196.0,,0.9,68.0,0.0001,,,2022-01-16 02:20:00
5474333.777691645,0.0,197.0,,0.9,68.0,0.000109,,,2022-01-16 02:25:00
5474334.777777778,0.0,197.0,,0.9,69.0,0.000106,,,2022-01-16 02:30:00
5474335.77786391,0.0,193.0,,0.9,68.0,7.9e-05,,,2022-01-16 02:35:00
5474336.777950043,0.0,189.0,,0.9,69.0,5.4e-05,,,2022-01-16 02:40:00
5474337.778036175,0.0,189.0,,0.9,69.0,9.7e-05,,,2022-01-16 02:45:00
5474338.778122308,0.0,191.0,,0.9,66.0,5.2e-05,,,2022-01-16 02:50:00
5474339.778208441,0.0,189.0,,0.9,70.0,4.8e-05,,,2022-01-16 02:55:00
5474340.778294574,0.0,193.0,,0.9,67.0,8.1e-05,,,2022-01-16 03:00:00
5474341.778380706,0.0,199.0,,0.9,67.0,8.1e-05,,,2022-01-16 03:05:00
5474342.778466838,0.0,203.0,,0.9,66.0,7.8e-05,,,2022-01-16 03:10:00
5474343.778552972,0.0,205.0,,0.9,67.0,7.6e-05,,,2022-01-16 03:15:00
5474344.778639104,0.0,206.0,,0.9,66.0,7.4e-05,,,2022-01-16 03:20:00
5474345.778725237,0.0,208.0,,0.9,66.0,7.8e-05,,,2022-01-16 03:25:00
5474346.778811369,0.0,210.0,,0.9,66.0,7.9e-05,,,2022-01-16 03:30:00
5474347.7788975015,0.0,212.0,,0.9,67.0,7.9e-05,,,2022-01-16 03:35:00
5474348.778983635,0.0,213.0,,0.9,70.0,8e-05,,,2022-01-16 03:40:00
5474349.779069767,0.0,209.0,,0.9,,,,,2022-01-16 03:45:00
5474350.7791559,0.0,195.0,,0.9,,,,,2022-01-16 03:50:00
5474351.779242032,0.0,200.0,,0.9,,,,,2022-01-16 03:55:00
5474352.779328166,0.0,202.0,,1.35,,,,,2022-01-16 04:00:00
5474353.779414298,0.0,207.0,,1.35,68.0,5.4e-05,,,2022-01-16 04:05:00
5474354.77950043,0.0,211.0,,1.35,67.0,5.3e-05,,,2022-01-16 04:10:00
5474355.779586563,0.0,213.0,,1.35,69.0,5.3e-05,,,2022-01-16 04:15:00
5474356.779672695,0.0,216.0,,1.35,68.0,5.2e-05,,,2022-01-16 04:20:00
5474357.779758829,0.0,222.0,,1.35,69.0,5.2e-05,,,2022-01-16 04:25:00
5474358.779844961,0.0,225.0,,1.35,68.0,4.5e-05,,,2022-01-16 04:30:00
5474359.779931094,0.0,226.0,,1.35,68.0,5.1e-05,,,2022-01-16 04:35:00
5474360.780017226,0.0,223.0,,1.35,68.0,6.5e-05,,,2022-01-16 04:40:00
5474361.780103359,0.0,218.0,,1.35,67.0,7.5e-05,,,2022-01-16 04:45:00
5474362.780189492,0.0,214.0,,1.35,68.0,8.8e-05,,,2022-01-16 04:50:00
5474363.780275624,0.0,212.0,,1.35,68.0,0.000103,,,2022-01-16 04:55:00
5474364.780361757,0.0,211.0,,1.35,68.0,0.000117,,,2022-01-16 05:00:00
5474365.780447889,0.0,211.0,,1.35,67.0,0.000134,,,2022-01-16 05:05:00
5474366.7805340225,0.0,212.0,,1.35,68.0,0.000143,,,2022-01-16 05:10:00
5474367.780620155,0.0,218.0,,1.35,66.0,4.9e-05,,,2022-01-16 05:15:00
5474368.780706287,0.0,220.0,,1.35,65.0,4.8e-05,,,2022-01-16 05:20:00
5474369.78079242,0.0,220.0,,1.35,67.0,4.7e-05,,,2022-01-16 05:25:00
5474370.780878553,0.0,220.0,,1.35,71.0,4.6e-05,,,2022-01-16 05:30:00
5474371.780964686,0.0,221.0,,1.35,73.0,4.5e-05,,,2022-01-16 05:35:00
5474372.781050818,0.0,224.0,,1.35,70.0,5.7e-05,,,2022-01-16 05:40:00
5474373.7811369505,0.0,226.0,,1.35,70.0,5.9e-05,,,2022-01-16 05:45:00
5474374.781223083,0.0,227.0,,1.35,68.0,4.9e-05,,,2022-01-16 05:50:00
5474375.781309216,0.0,226.0,,1.35,69.0,4.9e-05,,,2022-01-16 05:55:00
5474376.781395349,0.0,227.0,,1.35,72.0,6.8e-05,,,2022-01-16 06:00:00
5474377.781481481,0.0,232.0,,1.35,66.0,4.7e-05,,,2022-01-16 06:05:00
5474378.781567614,0.0,235.0,,1.35,65.0,4.5e-05,,,2022-01-16 06:10:00
5474379.781653747,0.0,237.0,,1.35,66.0,4.5e-05,,,2022-01-16 06:15:00
5474380.781739879,0.0,237.0,,1.35,63.0,4.5e-05,,,2022-01-16 06:20:00
5474381.781826012,0.0,231.0,,1.35,64.0,4.6e-05,,,2022-01-16 06:25:00
5474382.781912144,0.0,222.0,,1.35,65.0,4.6e-05,,,2022-01-16 06:30:00
5474383.781998277,0.0,217.0,,1.35,65.0,4.6e-05,,,2022-01-16 06:35:00
5474384.78208441,0.0,214.0,,1.35,65.0,4.7e-05,,,2022-01-16 06:40:00
5474385.7821705425,0.0,213.0,,1.35,68.0,4.9e-05,,,2022-01-16 06:45:00
5474386.782256675,0.0,217.0,,1.35,65.0,6e-05,,,2022-01-16 06:50:00
5474387.782342807,0.0,220.0,,1.35,68.0,4.8e-05,,,2022-01-16 06:55:00
5474388.782428941,0.0,223.0,,1.45,72.0,6e-05,,,2022-01-16 07:00:00
5474389.782515073,0.0,225.0,,1.45,68.0,6.5e-05,,,2022-01-16 07:05:00
5474390.782601206,0.0,225.0,,1.45,65.0,7e-05,,,2022-01-16 07:10:00
5474391.782687338,0.0,224.0,,1.45,66.0,4.6e-05,,,2022-01-16 07:15:00
5474392.7827734705,0.0,222.0,,1.45,72.0,4.9e-05,,,2022-01-16 07:20:00
5474393.782859604,0.0,217.0,,1.45,70.0,4.7e-05,,,2022-01-16 07:25:00
5474394.782945736,0.0,210.0,,1.45,73.0,4.8e-05,,,2022-01-16 07:30:00
5474395.783031869,0.0,210.0,,1.45,80.0,4.8e-05,,,2022-01-16 07:35:00
5474396.783118001,0.0,215.0,,1.45,90.0,4.6e-05,,,2022-01-16 07:40:00
5474397.783204135,0.0,220.0,,1.45,75.0,4.6e-05,,,2022-01-16 07:45:00
5474398.783290267,0.0,223.0,,1.45,75.0,4.7e-05,,,2022-01-16 07:50:00
5474399.783376399,0.0,225.0,,1.45,75.0,4.8e-05,,,2022-01-16 07:55:00
5474400.783462532,0.0,226.0,242.0,1.45,84.0,4.7e-05,,,2022-01-16 08:00:00
5474401.783548664,0.0,227.0,,1.45,86.0,4.6e-05,,,2022-01-16 08:05:00
5474402.783634798,0.0,227.0,,1.45,84.0,4.6e-05,,,2022-01-16 08:10:00
5474403.78372093,0.0,239.0,,1.45,86.0,4.6e-05,,,2022-01-16 08:15:00
5474404.783807063,0.0,239.0,,1.45,90.0,4.6e-05,,,2022-01-16 08:20:00
5474405.783893195,0.0,239.0,247.0,1.45,90.0,4.7e-05,75.0,7.3,2022-01-16 08:25:00
5474406.783979328,0.0,239.0,,1.45,80.0,4.8e-05,,4.7,2022-01-16 08:30:00
5474407.784065461,0.0,240.0,,1.45,83.0,5e-05,,,2022-01-16 08:35:00
5474408.784151593,0.0,241.0,,1.45,84.0,4.9e-05,,,2022-01-16 08:40:00
5474409.784237726,0.0,243.0,,1.45,82.0,4.9e-05,,,2022-01-16 08:45:00
5474410.784323858,0.0,245.0,,1.45,84.0,5.1e-05,,,2022-01-16 08:50:00
5474411.784409991,0.0,248.0,,1.45,87.0,5e-05,,,2022-01-16 08:55:00
5474412.784496124,0.0,252.0,,1.45,84.0,5e-05,,,2022-01-16 09:00:00
5474413.784582256,0.0,251.0,,1.45,79.0,5.3e-05,,,2022-01-16 09:05:00
5474414.784668389,0.0,250.0,,1.45,82.0,5.3e-05,,,2022-01-16 09:10:00
5474415.784754522,0.0,250.0,,1.45,86.0,5.3e-05,,,2022-01-16 09:15:00
5474416.784840655,0.0,253.0,,1.45,97.0,4.8e-05,,,2022-01-16 09:20:00
5474417.784926787,0.0,250.0,,1.45,98.0,5.3e-05,,,2022-01-16 09:25:00
5474418.785012919,0.0,238.0,,1.45,95.0,6.3e-05,,,2022-01-16 09:30:00
5474419.785099052,0.0,231.0,,1.45,97.0,0.000119,,,2022-01-16 09:35:00
5474420.785185185,0.0,221.0,,1.45,97.0,0.021896,,,2022-01-16 09:40:00
5474421.785271318,0.0,211.0,,1.45,98.0,1.218,,,2022-01-16 09:45:00
5474422.78535745,0.0,203.0,,1.45,100.0,4.684,,,2022-01-16 09:50:00
5474423.785443583,0.0,197.0,,1.45,98.0,6.208,,,2022-01-16 09:55:00
5474424.785529716,0.0,190.0,,1.45,101.0,11.41,,,2022-01-16 10:00:00
5474425.785615848,0.0,184.0,,1.45,99.0,10.742,,,2022-01-16 10:05:00
5474426.785701981,0.0,179.0,,1.45,103.0,10.31,,,2022-01-16 10:10:00
5474427.785788113,0.0,174.0,,1.45,100.0,11.404,,,2022-01-16 10:15:00
5474428.785874246,0.0,171.0,,1.45,103.0,12.564,,,2022-01-16 10:20:00
5474429.785960379,0.0,170.0,,1.45,106.0,1.340862,,,2022-01-16 10:25:00
5474430.7860465115,0.0,167.0,,1.45,92.0,1.796372,,,2022-01-16 10:30:00
5474431.786132644,0.0,164.0,,1.45,87.0,1.848,,,2022-01-16 10:35:00
5474432.786218776,0.0,163.0,,1.45,98.0,2.498,,,2022-01-16 10:40:00
5474433.78630491,0.0,164.0,,1.45,89.0,0.4986,,,2022-01-16 10:45:00
5474434.786391042,0.0,167.0,,1.45,104.0,0.1099,,,2022-01-16 10:50:00
5474435.786477175,0.0,169.0,,1.45,97.0,1.19178,,,2022-01-16 10:55:00
5474436.786563307,0.0,168.0,,0.75,100.0,0.887161,,,2022-01-16 11:00:00
5474437.78664944,0.0,165.0,,0.75,104.0,13.46,,,2022-01-16 11:05:00
5474438.786735573,0.0,161.0,,0.75,102.0,20.8,,,2022-01-16 11:10:00
5474439.786821705,0.0,156.0,,0.75,107.0,21.22,,,2022-01-16 11:15:00
5474440.786907838,0.0,153.0,,0.75,83.0,18.08,,,2022-01-16 11:20:00
5474441.78699397,0.0,150.0,,0.75,84.0,8.836,,,2022-01-16 11:25:00
5474442.7870801035,0.0,150.0,,0.75,86.0,3.512,,,2022-01-16 11:30:00
5474443.787166236,0.0,151.0,,0.75,87.0,1.34432,,,2022-01-16 11:35:00
5474444.787252368,0.0,153.0,,0.75,85.0,0.06734,,,2022-01-16 11:40:00
5474445.787338501,0.0,156.0,,0.75,86.0,0.12468,,,2022-01-16 11:45:00
5474446.787424634,0.0,160.0,,0.75,86.0,0.1394,,,2022-01-16 11:50:00
5474447.787510767,0.0,163.0,,0.75,87.0,0.061849,,,2022-01-16 11:55:00
5474448.787596899,0.0,164.0,,0.75,84.0,0.001884,,,2022-01-16 12:00:00
5474449.7876830315,0.0,165.0,,0.75,84.0,0.001944,,,2022-01-16 12:05:00
5474450.787769164,0.0,166.0,,0.75,85.0,0.000578,,,2022-01-16 12:10:00
5474451.787855297,0.0,166.0,,0.75,86.0,0.000331,,,2022-01-16 12:15:00
5474452.78794143,0.0,166.0,,0.75,85.0,0.000102,,,2022-01-16 12:20:00
5474453.788027562,0.0,162.0,,0.75,89.0,0.000101,,,2022-01-16 12:25:00
5474454.788113695,0.0,159.0,,0.75,,,,,2022-01-16 12:30:00
5474455.788199828,0.0,158.0,,0.75,,,,,2022-01-16 12:35:00
5474456.78828596,0.0,152.0,,0.75,,,,,2022-01-16 12:40:00
5474457.788372093,0.0,148.0,,0.75,,,,,2022-01-16 12:45:00
5474458.788458225,0.0,149.0,,0.75,107.0,,,,2022-01-16 12:50:00
5474459.788544358,0.0,155.0,,0.75,84.0,7.9e-05,,,2022-01-16 12:55:00
5474460.788630491,0.0,159.0,,0.75,83.0,6.9e-05,,,2022-01-16 13:00:00
5474461.788716624,0.0,159.0,,0.75,85.0,8e-05,,,2022-01-16 13:05:00
5474462.788802756,0.0,162.0,154.0,0.75,85.0,0.000144,,,2022-01-16 13:10:00
5474463.788888888,0.0,166.0,,0.75,94.0,9.8e-05,,,2022-01-16 13:15:00
5474464.788975022,0.0,167.0,,0.75,91.0,0.000125,,,2022-01-16 13:20:00
5474465.789061154,0.0,158.0,,0.75,84.0,8.9e-05,,,2022-01-16 13:25:00
5474466.789147287,0.0,159.0,,0.75,88.0,0.000115,,,2022-01-16 13:30:00
5474467.789233419,0.0,161.0,,0.75,83.0,9.6e-05,,,2022-01-16 13:35:00
5474468.789319552,0.0,162.0,161.0,0.75,92.0,6.7e-05,,6.6,2022-01-16 13:40:00
5474469.789405685,0.0,163.0,,0.75,86.0,6.6e-05,90.0,5.6,2022-01-16 13:45:00
5474470.789491817,0.0,164.0,,0.75,86.0,8e-05,,,2022-01-16 13:50:00
5474471.78957795,0.0,162.0,,0.75,86.0,5.4e-05,,,2022-01-16 13:55:00
5474472.789664082,0.0,162.0,,0.75,83.0,5.2e-05,,,2022-01-16 14:00:00
5474473.789750216,0.0,164.0,,0.75,87.0,5.8e-05,,,2022-01-16 14:05:00
5474474.789836348,0.0,168.0,,0.75,88.0,5.7e-05,,,2022-01-16 14:10:00
5474475.7899224805,0.0,174.0,,0.75,88.0,5.4e-05,,,2022-01-16 14:15:00
5474476.790008613,0.0,177.0,,0.75,87.0,5.5e-05,,,2022-01-16 14:20:00
5474477.790094745,0.0,179.0,,0.75,90.0,5.9e-05,,,2022-01-16 14:25:00
5474478.790180879,0.0,178.0,,0.75,91.0,6.1e-05,,,2022-01-16 14:30:00
5474479.790267011,0.0,176.0,,0.75,90.0,5.8e-05,,,2022-01-16 14:35:00
5474480.790353144,0.0,174.0,,0.75,93.0,6e-05,,,2022-01-16 14:40:00
5474481.790439276,0.0,171.0,,0.75,95.0,5.7e-05,,,2022-01-16 14:45:00
5474482.790525409,0.0,169.0,,0.75,98.0,5.7e-05,,,2022-01-16 14:50:00
5474483.790611542,0.0,164.0,,0.75,90.0,5.6e-05,,,2022-01-16 14:55:00
5474484.790697674,0.0,161.0,,0.75,90.0,6.1e-05,,,2022-01-16 15:00:00
5474485.790783807,0.0,157.0,,0.75,89.0,6e-05,,,2022-01-16 15:05:00
5474486.790869939,0.0,155.0,,0.75,88.0,5.9e-05,,,2022-01-16 15:10:00
5474487.7909560725,0.0,153.0,,0.75,86.0,6.4e-05,,,2022-01-16 15:15:00
5474488.791042205,0.0,151.0,,0.75,86.0,6.6e-05,,,2022-01-16 15:20:00
5474489.791128337,0.0,149.0,,0.75,96.0,5.8e-05,,,2022-01-16 15:25:00
5474490.79121447,0.0,148.0,,0.75,102.0,0.000103,,,2022-01-16 15:30:00
5474491.791300603,0.0,143.0,,0.75,104.0,8.7e-05,,,2022-01-16 15:35:00
5474492.791386736,0.0,136.0,,0.75,97.0,0.000102,,,2022-01-16 15:40:00
5474493.791472868,0.0,130.0,,0.75,90.0,0.001791,,,2022-01-16 15:45:00
5474494.7915590005,0.0,124.0,,0.75,86.0,0.024478,,,2022-01-16 15:50:00
5474495.791645133,0.0,120.0,,0.75,88.0,0.009294,,,2022-01-16 15:55:00
5474496.791731266,0.0,117.0,,0.75,86.0,0.000958,,,2022-01-16 16:00:00
5474497.791817399,0.0,116.0,,0.75,86.0,7.5e-05,,,2022-01-16 16:05:00
5474498.791903531,0.0,117.0,,0.75,86.0,7.5e-05,,,2022-01-16 16:10:00
5474499.791989664,0.0,117.0,,0.75,87.0,5.7e-05,,,2022-01-16 16:15:00
5474500.792075797,0.0,117.0,,0.75,88.0,5.1e-05,,,2022-01-16 16:20:00
5474501.792161929,0.0,117.0,,0.75,84.0,5.2e-05,,,2022-01-16 16:25:00
5474502.792248062,0.0,117.0,,0.75,85.0,5.4e-05,,,2022-01-16 16:30:00
5474503.792334194,0.0,116.0,,0.75,90.0,5.4e-05,,,2022-01-16 16:35:00
5474504.792420327,0.0,117.0,,0.75,100.0,4.9e-05,,,2022-01-16 16:40:00
5474505.79250646,0.0,116.0,,0.75,91.0,5.1e-05,,,2022-01-16 16:45:00
5474506.792592593,0.0,114.0,,0.75,89.0,0.00013,,,2022-01-16 16:50:00
5474507.792678725,0.0,113.0,,0.75,77.0,0.000345,,,2022-01-16 16:55:00
5474508.792764857,0.0,115.0,,0.88,79.0,0.000112,,,2022-01-16 17:00:00
5474509.792850991,0.0,117.0,,0.88,89.0,7.3e-05,,,2022-01-16 17:05:00
5474510.792937123,0.0,117.0,,0.88,94.0,5.5e-05,,,2022-01-16 17:10:00
5474511.793023256,0.0,116.0,,0.88,81.0,8.6e-05,,,2022-01-16 17:15:00
5474512.793109388,0.0,117.0,,0.88,80.0,6.1e-05,,,2022-01-16 17:20:00
5474513.7931955205,0.0,120.0,,0.88,81.0,5.6e-05,,,2022-01-16 17:25:00
5474514.793281654,0.0,123.0,,0.88,78.0,4.9e-05,,,2022-01-16 17:30:00
5474515.793367786,0.0,125.0,,0.88,90.0,5.1e-05,,,2022-01-16 17:35:00
5474516.793453919,0.0,123.0,,0.88,96.0,7.7e-05,,,2022-01-16 17:40:00
5474517.793540051,0.0,120.0,,0.88,85.0,6.4e-05,,,2022-01-16 17:45:00
5474518.793626185,0.0,119.0,,0.88,89.0,5.5e-05,,,2022-01-16 17:50:00
5474519.793712317,0.0,120.0,,0.88,85.0,0.0001,,,2022-01-16 17:55:00
5474520.793798449,0.0,122.0,,0.88,82.0,0.00017,,,2022-01-16 18:00:00
5474521.793884582,0.0,122.0,,0.88,82.0,7.7e-05,,,2022-01-16 18:05:00
5474522.793970714,0.0,123.0,,0.88,82.0,5.6e-05,,,2022-01-16 18:10:00
5474523.794056848,0.0,126.0,,0.88,83.0,7.3e-05,,,2022-01-16 18:15:00
5474524.79414298,0.0,129.0,,0.88,82.0,8.6e-05,,,2022-01-16 18:20:00
5474525.794229113,0.0,134.0,,0.88,78.0,8.1e-05,,,2022-01-16 18:25:00
5474526.794315245,0.0,141.0,,0.88,85.0,0.000181,,,2022-01-16 18:30:00
5474527.794401378,0.0,150.0,,0.88,87.0,0.00013,,,2022-01-16 18:35:00
5474528.794487511,0.0,160.0,,0.88,83.0,0.000267,,,2022-01-16 18:40:00
5474529.794573643,0.0,167.0,166.0,0.88,85.0,0.000279,60.0,3.8,2022-01-16 18:45:00
5474530.794659776,0.0,172.0,,0.88,85.0,0.00021,,,2022-01-16 18:50:00
5474531.794745908,0.0,172.0,,0.88,86.0,0.000371,,,2022-01-16 18:55:00
5474532.7948320415,0.0,174.0,,0.88,90.0,0.00017,,,2022-01-16 19:00:00
5474533.794918174,0.0,174.0,,0.88,92.0,7e-05,,,2022-01-16 19:05:00
5474534.795004306,0.0,172.0,,0.88,87.0,5.7e-05,,,2022-01-16 19:10:00
5474535.795090439,0.0,174.0,,0.88,95.0,7.9e-05,,,2022-01-16 19:15:00
5474536.795176572,0.0,174.0,,0.88,88.0,7.2e-05,,,2022-01-16 19:20:00
5474537.795262705,0.0,173.0,,0.88,90.0,5.1e-05,,,2022-01-16 19:25:00
5474538.795348837,0.0,179.0,,0.88,101.0,5.6e-05,,,2022-01-16 19:30:00
5474539.7954349695,0.0,187.0,,0.88,104.0,0.000138,,,2022-01-16 19:35:00
5474540.795521102,0.0,188.0,,0.88,101.0,0.000373,,,2022-01-16 19:40:00
5474541.795607235,0.0,184.0,,0.88,94.0,0.00062,,,2022-01-16 19:45:00
5474542.795693368,0.0,181.0,,0.88,92.0,0.025937,,,2022-01-16 19:50:00
5474543.7957795,0.0,177.0,,0.88,93.0,0.15262,,,2022-01-16 19:55:00
5474544.795865633,0.0,173.0,,0.88,95.0,0.031192,,,2022-01-16 20:00:00
5474545.795951766,0.0,171.0,,0.88,94.0,0.002102,,,2022-01-16 20:05:00
5474546.796037898,0.0,169.0,169.0,0.88,93.0,0.000445,,6.7,2022-01-16 20:10:00
5474547.796124031,0.0,168.0,,0.88,88.0,0.000131,150.0,15.1,2022-01-16 20:15:00
5474548.796210163,0.0,166.0,,0.88,88.0,0.000206,,,2022-01-16 20:20:00
5474549.796296296,0.0,169.0,,0.88,88.0,0.000186,,,2022-01-16 20:25:00
5474550.796382429,0.0,172.0,,0.88,85.0,0.000147,,,2022-01-16 20:30:00
5474551.7964685615,0.0,172.0,,0.88,90.0,0.000202,,,2022-01-16 20:35:00
5474552.796554694,0.0,173.0,,0.88,94.0,8.3e-05,,,2022-01-16 20:40:00
5474553.796640826,0.0,168.0,,0.88,84.0,6.4e-05,,,2022-01-16 20:45:00
5474554.79672696,0.0,161.0,,0.88,85.0,6.6e-05,,,2022-01-16 20:50:00
5474555.796813092,0.0,153.0,,0.88,84.0,5.2e-05,,,2022-01-16 20:55:00
5474556.796899225,0.0,146.0,,0.88,87.0,5.8e-05,,,2022-01-16 21:00:00
5474557.796985357,0.0,137.0,,0.88,90.0,4.7e-05,,,2022-01-16 21:05:00
5474558.7970714895,0.0,129.0,,0.88,89.0,5.6e-05,,,2022-01-16 21:10:00
5474559.797157623,0.0,122.0,,0.88,89.0,5.4e-05,,,2022-01-16 21:15:00
5474560.797243755,0.0,113.0,,0.88,87.0,5.2e-05,,,2022-01-16 21:20:00
5474561.797329888,0.0,104.0,,0.88,85.0,5.6e-05,,,2022-01-16 21:25:00
5474562.79741602,0.0,97.0,,0.88,85.0,5.7e-05,,,2022-01-16 21:30:00
5474563.797502154,0.0,91.0,,0.88,90.0,5.5e-05,,,2022-01-16 21:35:00
5474564.797588286,0.0,88.0,,0.88,91.0,5.3e-05,,,2022-01-16 21:40:00
5474565.797674418,0.0,85.0,,0.88,91.0,4.7e-05,,,2022-01-16 21:45:00
5474566.797760551,0.0,81.0,,0.88,88.0,5.3e-05,,,2022-01-16 21:50:00
5474567.797846683,0.0,77.0,,0.88,87.0,4.7e-05,,,2022-01-16 21:55:00
5474568.797932817,0.0,75.0,,0.88,88.0,4.7e-05,,,2022-01-16 22:00:00
5474569.798018949,0.0,74.0,,0.88,84.0,5e-05,,,2022-01-16 22:05:00
5474570.798105082,0.0,71.0,,0.88,86.0,5e-05,,,2022-01-16 22:10:00
5474571.798191214,0.0,70.0,,0.88,85.0,5.1e-05,,,2022-01-16 22:15:00
5474572.798277347,0.0,68.0,,0.88,87.0,4.9e-05,,,2022-01-16 22:20:00
5474573.79836348,0.0,68.0,,0.88,83.0,4.9e-05,,,2022-01-16 22:25:00
5474574.798449612,0.0,68.0,,0.88,83.0,4.6e-05,,,2022-01-16 22:30:00
5474575.798535745,0.0,69.0,,0.88,87.0,5e-05,,,2022-01-16 22:35:00
5474576.798621877,0.0,69.0,,0.88,86.0,4.5e-05,,,2022-01-16 22:40:00
5474577.79870801,0.0,69.0,,0.88,88.0,4.6e-05,,,2022-01-16 22:45:00
5474578.798794143,0.0,70.0,,0.88,101.0,4.7e-05,,,2022-01-16 22:50:00
5474579.798880275,0.0,71.0,,0.88,102.0,4.7e-05,,,2022-01-16 22:55:00
5474580.798966408,0.0,73.0,,0.88,103.0,4.7e-05,,,2022-01-16 23:00:00
5474581.799052541,0.0,74.0,,0.88,97.0,4.9e-05,,,2022-01-16 23:05:00
5474582.799138674,0.0,74.0,,0.88,97.0,4.9e-05,,,2022-01-16 23:10:00
5474583.799224806,0.0,76.0,,0.88,87.0,4.8e-05,,,2022-01-16 23:15:00
5474584.799310938,0.0,79.0,,0.88,85.0,4.5e-05,,,2022-01-16 23:20:00
5474585.799397071,0.0,87.0,,0.88,86.0,4.7e-05,,,2022-01-16 23:25:00
5474586.799483204,0.0,95.0,,0.88,84.0,4.7e-05,,,2022-01-16 23:30:00
5474587.799569337,0.0,104.0,,0.88,82.0,4.9e-05,,,2022-01-16 23:35:00
5474588.799655469,0.0,113.0,,0.88,82.0,5.4e-05,,,2022-01-16 23:40:00
5474589.799741602,0.0,118.0,,0.88,82.0,5.6e-05,,,2022-01-16 23:45:00
5474590.799827735,0.0,120.0,,0.88,83.0,5.7e-05,,,2022-01-16 23:50:00
5474591.799913867,0.0,123.0,,0.88,85.0,5.8e-05,,,2022-01-16 23:55:00
5474592.8,0.0,128.0,,0.88,,5.8e-05,,,2022-01-17 00:00:00
