5minute_intervals_timestamp,missing_cbg,cbg,finger,basal,hr,gsr,carbInput,bolus,time
5816007.416666667,0.0,95.0,85.0,,,,,,2025-04-16 11:15:00
5816008.416795542,0.0,86.0,,,,,,,2025-04-16 11:20:00
5816009.416924418,0.0,81.0,,,,,,,2025-04-16 11:25:00
5816010.4170532925,0.0,81.0,85.0,,,,,,2025-04-16 11:30:00
5816011.417182168,0.0,82.0,,,,,,,2025-04-16 11:35:00
5816012.4173110435,0.0,82.0,,,,,,,2025-04-16 11:40:00
5816013.417439919,0.0,84.0,88.0,,,,,,2025-04-16 11:45:00
5816014.4175687935,0.0,88.0,,,,,,,2025-04-16 11:50:00
5816015.417697669,0.0,98.0,,,,,,,2025-04-16 11:55:00
5816016.4178265445,0.0,110.0,,,,,,,2025-04-16 12:00:00
5816017.41795542,0.0,96.0,88.0,,,,,,2025-04-16 12:05:00
5816018.418084295,0.0,97.0,,,,,,,2025-04-16 12:10:00
5816019.41821317,0.0,97.0,,,,,,,2025-04-16 12:15:00
5816020.4183420455,0.0,95.0,,,,,,,2025-04-16 12:20:00
5816021.418470921,0.0,94.0,,,,,,,2025-04-16 12:25:00
5816022.4185997965,0.0,95.0,,,,,,,2025-04-16 12:30:00
5816023.418728671,0.0,98.0,,,,,,,2025-04-16 12:35:00
5816024.4188575465,0.0,99.0,,,,,,,2025-04-16 12:40:00
5816025.418986422,0.0,98.0,,,,,,,2025-04-16 12:45:00
5816026.4191152975,0.0,100.0,,,,,,,2025-04-16 12:50:00
5816027.419244172,0.0,104.0,,,,,,,2025-04-16 12:55:00
5816028.419373048,0.0,106.0,,,,,,,2025-04-16 13:00:00
5816029.419501923,0.0,106.0,,,,,,,2025-04-16 13:05:00
5816030.4196307985,0.0,104.0,,,,,,,2025-04-16 13:10:00
5816031.419759673,0.0,100.0,,,,,,,2025-04-16 13:15:00
5816032.419888549,0.0,94.0,,,,,,,2025-04-16 13:20:00
5816033.420017424,0.0,98.0,,,,,,,2025-04-16 13:25:00
5816034.4201462995,0.0,101.0,,,,,,,2025-04-16 13:30:00
5816035.420275174,0.0,99.0,,,,,,,2025-04-16 13:35:00
5816036.42040405,0.0,100.0,,,,,,,2025-04-16 13:40:00
5816037.420532925,0.0,95.0,,,,,,,2025-04-16 13:45:00
5816038.420661801,0.0,93.0,,,,,,,2025-04-16 13:50:00
5816039.420790676,0.0,96.0,,,,,,,2025-04-16 13:55:00
5816040.420919551,0.0,97.0,,,,,,,2025-04-16 14:00:00
5816041.421048426,0.0,94.0,,,,,,,2025-04-16 14:05:00
5816042.421177302,0.0,90.0,,,,,,,2025-04-16 14:10:00
5816043.421306177,0.0,88.0,,,,,,,2025-04-16 14:15:00
5816044.421435052,0.0,89.0,,,,,,,2025-04-16 14:20:00
5816045.421563927,0.0,87.0,,,,,,,2025-04-16 14:25:00
5816046.421692803,0.0,84.0,,,,,,,2025-04-16 14:30:00
5816047.421821678,0.0,81.0,,,,,,,2025-04-16 14:35:00
5816048.421950553,0.0,80.0,,,,,,,2025-04-16 14:40:00
5816049.422079428,0.0,80.0,,,,,,,2025-04-16 14:45:00
5816050.422208304,0.0,83.0,,,,,,,2025-04-16 14:50:00
5816051.422337179,0.0,87.0,,,,,,,2025-04-16 14:55:00
5816052.422466055,0.0,88.0,,,,,,,2025-04-16 15:00:00
5816053.422594929,0.0,88.0,,,,,,,2025-04-16 15:05:00
5816054.422723805,0.0,87.0,,,,,,,2025-04-16 15:10:00
5816055.42285268,0.0,90.0,,,,,,,2025-04-16 15:15:00
5816056.422981556,0.0,88.0,,,,,,,2025-04-16 15:20:00
5816057.42311043,0.0,82.0,,,,,,,2025-04-16 15:25:00
5816058.423239306,0.0,76.0,,,,,,,2025-04-16 15:30:00
5816059.423368181,0.0,80.0,,,,,,,2025-04-16 15:35:00
5816060.423497057,0.0,84.0,,,,,,,2025-04-16 15:40:00
5816061.423625931,0.0,92.0,,,,,,,2025-04-16 15:45:00
5816062.423754807,0.0,100.0,115.0,,,,,,2025-04-16 15:50:00
5816063.423883682,0.0,108.0,,,,,,,2025-04-16 15:55:00
5816064.424012558,0.0,123.0,,,,,,,2025-04-16 16:00:00
5816065.424141433,0.0,135.0,,,,,,,2025-04-16 16:05:00
5816066.424270308,0.0,127.0,115.0,,,,,,2025-04-16 16:10:00
5816067.424399183,0.0,132.0,,,,,,,2025-04-16 16:15:00
5816068.424528059,0.0,134.0,,,,,,,2025-04-16 16:20:00
5816069.424656934,0.0,139.0,,,,,,,2025-04-16 16:25:00
5816070.424785809,0.0,150.0,,,,,,,2025-04-16 16:30:00
5816071.424914684,0.0,161.0,,,,,,,2025-04-16 16:35:00
5816072.42504356,0.0,168.0,,,,,,2.1,2025-04-16 16:40:00
5816073.425172435,0.0,174.0,,,,,,,2025-04-16 16:45:00
5816074.42530131,0.0,179.0,,,,,,,2025-04-16 16:50:00
5816075.425430185,0.0,182.0,,,,,,,2025-04-16 16:55:00
5816076.425559061,0.0,182.0,,,,,,,2025-04-16 17:00:00
5816077.425687936,0.0,181.0,,,,,,,2025-04-16 17:05:00
5816078.425816812,0.0,184.0,,,,,,,2025-04-16 17:10:00
5816079.425945686,0.0,191.0,,,,,,,2025-04-16 17:15:00
5816080.426074562,0.0,192.0,,,,,,,2025-04-16 17:20:00
5816081.426203437,0.0,193.0,,,,,,,2025-04-16 17:25:00
5816082.426332313,0.0,198.0,,,,,,,2025-04-16 17:30:00
5816083.426461187,0.0,203.0,,,,,,,2025-04-16 17:35:00
5816084.426590063,0.0,203.0,,,,,,1.85,2025-04-16 17:40:00
5816085.426718938,0.0,204.0,,,,,,,2025-04-16 17:45:00
5816086.426847814,0.0,211.0,,,,,,1.5,2025-04-16 17:50:00
5816087.426976688,0.0,220.0,,,,,30.0,,2025-04-16 17:55:00
5816088.427105564,0.0,228.0,,,,,,,2025-04-16 18:00:00
5816089.427234439,0.0,232.0,,,,,,,2025-04-16 18:05:00
5816090.427363315,0.0,234.0,,,,,,,2025-04-16 18:10:00
5816091.427492189,0.0,233.0,,,,,,,2025-04-16 18:15:00
5816092.427621065,0.0,234.0,,,,,,,2025-04-16 18:20:00
5816093.42774994,0.0,233.0,,,,,,,2025-04-16 18:25:00
5816094.427878816,0.0,230.0,,,,,,,2025-04-16 18:30:00
5816095.428007691,0.0,235.0,,,,,,4.2,2025-04-16 18:35:00
5816096.428136566,0.0,242.0,,,,,,,2025-04-16 18:40:00
5816097.428265441,0.0,241.0,,,,,,,2025-04-16 18:45:00
5816098.428394317,0.0,242.0,,,,,,,2025-04-16 18:50:00
5816099.428523192,0.0,250.0,,,,,1.0,,2025-04-16 18:55:00
5816100.428652067,0.0,254.0,,,,,,,2025-04-16 19:00:00
5816101.428780942,0.0,255.0,,,,,,,2025-04-16 19:05:00
5816102.428909818,0.0,251.0,,,,,,,2025-04-16 19:10:00
5816103.429038693,0.0,247.0,,,,,,,2025-04-16 19:15:00
5816104.429167568,0.0,243.0,,,,,,,2025-04-16 19:20:00
5816105.429296443,0.0,237.0,,,,,,,2025-04-16 19:25:00
5816106.429425319,0.0,231.0,,,,,,,2025-04-16 19:30:00
5816107.429554194,0.0,226.0,,,,,,,2025-04-16 19:35:00
5816108.42968307,0.0,217.0,,,,,,,2025-04-16 19:40:00
5816109.429811944,0.0,211.0,,,,,,,2025-04-16 19:45:00
5816110.42994082,0.0,206.0,,,,,,1.7,2025-04-16 19:50:00
5816111.430069695,0.0,202.0,,,,,,,2025-04-16 19:55:00
5816112.430198571,0.0,202.0,,,,,,,2025-04-16 20:00:00
5816113.430327445,0.0,201.0,,,,,,,2025-04-16 20:05:00
5816114.430456321,0.0,198.0,,,,,,,2025-04-16 20:10:00
5816115.430585196,0.0,194.0,,,,,,,2025-04-16 20:15:00
5816116.430714072,0.0,186.0,,,,,,,2025-04-16 20:20:00
5816117.430842946,0.0,180.0,,,,,,,2025-04-16 20:25:00
5816118.430971822,0.0,178.0,,,,,,1.3,2025-04-16 20:30:00
5816119.431100697,0.0,177.0,,,,,,,2025-04-16 20:35:00
5816120.431229573,0.0,176.0,,,,,,,2025-04-16 20:40:00
5816121.431358448,0.0,170.0,,,,,,,2025-04-16 20:45:00
5816122.431487323,0.0,161.0,,,,,,,2025-04-16 20:50:00
5816123.431616198,0.0,146.0,137.0,,,,,,2025-04-16 20:55:00
5816124.431745074,0.0,132.0,,,,,,,2025-04-16 21:00:00
5816125.431873949,0.0,121.0,,,,,,,2025-04-16 21:05:00
5816126.432002824,0.0,113.0,,,,,,,2025-04-16 21:10:00
5816127.432131699,0.0,115.0,137.0,,,,,,2025-04-16 21:15:00
5816128.432260575,0.0,112.0,,,,,,,2025-04-16 21:20:00
5816129.43238945,0.0,109.0,,,,,,,2025-04-16 21:25:00
5816130.432518325,0.0,108.0,,,,,,,2025-04-16 21:30:00
5816131.4326472,0.0,104.0,,,,,,,2025-04-16 21:35:00
5816132.432776076,0.0,99.0,,,,,,,2025-04-16 21:40:00
5816133.432904951,0.0,96.0,,,,,25.0,,2025-04-16 21:45:00
5816134.433033827,0.0,91.0,,,,,,,2025-04-16 21:50:00
5816135.433162701,0.0,88.0,,1.4,,,,,2025-04-16 21:55:00
5816136.433291577,0.0,86.0,,1.4,,,,,2025-04-16 22:00:00
5816137.433420452,0.0,86.0,,1.4,,,,,2025-04-16 22:05:00
5816138.433549328,0.0,83.0,,1.4,,,,2.1,2025-04-16 22:10:00
5816139.433678202,0.0,88.0,,1.4,,,,,2025-04-16 22:15:00
5816140.433807078,0.0,90.0,,1.4,,,,,2025-04-16 22:20:00
5816141.433935953,0.0,94.0,,1.4,,,,,2025-04-16 22:25:00
5816142.434064829,0.0,98.0,,1.4,,,,,2025-04-16 22:30:00
5816143.434193703,0.0,95.0,,1.4,,,,,2025-04-16 22:35:00
5816144.434322579,0.0,87.0,,1.4,,,,,2025-04-16 22:40:00
5816145.434451454,0.0,91.0,,1.4,,,,,2025-04-16 22:45:00
5816146.43458033,0.0,96.0,,1.4,,,,,2025-04-16 22:50:00
5816147.434709204,0.0,100.0,,1.4,,,,,2025-04-16 22:55:00
5816148.43483808,0.0,101.0,,1.4,,,,,2025-04-16 23:00:00
5816149.434966955,0.0,99.0,,1.4,,,,,2025-04-16 23:05:00
5816150.435095831,0.0,94.0,,1.4,,,,,2025-04-16 23:10:00
5816151.435224706,0.0,89.0,,1.4,,,,,2025-04-16 23:15:00
5816152.435353581,0.0,85.0,,1.4,,,,,2025-04-16 23:20:00
5816153.435482456,0.0,81.0,,1.4,,,,,2025-04-16 23:25:00
5816154.435611332,0.0,78.0,,1.4,,,,,2025-04-16 23:30:00
5816155.435740207,0.0,71.0,,1.4,,,,,2025-04-16 23:35:00
5816156.435869082,0.0,76.0,,1.4,,,,,2025-04-16 23:40:00
5816157.435997957,0.0,82.0,,1.4,,,,,2025-04-16 23:45:00
5816158.436126833,0.0,85.0,,1.4,,,,,2025-04-16 23:50:00
5816159.436255708,0.0,83.0,,1.3,,,,,2025-04-16 23:55:00
5816160.436384583,0.0,81.0,,1.3,,,,,2025-04-17 00:00:00
5816161.436513458,0.0,80.0,,1.3,,,,,2025-04-17 00:05:00
5816162.436642334,0.0,80.0,,1.3,,,,,2025-04-17 00:10:00
5816163.436771209,0.0,81.0,,1.3,,,,,2025-04-17 00:15:00
5816164.436900085,0.0,82.0,,1.3,,,,,2025-04-17 00:20:00
5816165.437028959,0.0,83.0,,1.3,,,,,2025-04-17 00:25:00
5816166.437157835,0.0,85.0,,1.3,,,,,2025-04-17 00:30:00
5816167.43728671,0.0,88.0,,1.3,,,,,2025-04-17 00:35:00
5816168.437415586,0.0,87.0,,1.3,,,,,2025-04-17 00:40:00
5816169.43754446,0.0,81.0,,1.3,,,,,2025-04-17 00:45:00
5816170.437673336,0.0,81.0,,1.3,,,,,2025-04-17 00:50:00
5816171.437802211,0.0,81.0,,1.3,,,,,2025-04-17 00:55:00
5816172.437931087,0.0,82.0,,1.3,,,,,2025-04-17 01:00:00
5816173.438059961,0.0,82.0,,1.3,,,,,2025-04-17 01:05:00
5816174.438188837,0.0,83.0,,1.3,,,,,2025-04-17 01:10:00
5816175.438317712,0.0,85.0,,1.3,,,,,2025-04-17 01:15:00
5816176.438446588,0.0,86.0,,1.3,,,,,2025-04-17 01:20:00
5816177.438575463,0.0,89.0,,1.3,,,,,2025-04-17 01:25:00
5816178.438704338,0.0,93.0,,1.3,,,,,2025-04-17 01:30:00
5816179.438833213,0.0,96.0,,1.3,,,,,2025-04-17 01:35:00
5816180.438962089,0.0,96.0,,1.3,,,,,2025-04-17 01:40:00
5816181.439090964,0.0,95.0,,1.3,,,,,2025-04-17 01:45:00
5816182.439219839,0.0,96.0,,1.3,,,,,2025-04-17 01:50:00
5816183.439348714,0.0,96.0,,1.3,,,,,2025-04-17 01:55:00
5816184.43947759,0.0,97.0,,1.3,,,,,2025-04-17 02:00:00
5816185.439606465,0.0,98.0,,1.3,,,,,2025-04-17 02:05:00
5816186.43973534,0.0,99.0,,1.3,,,,,2025-04-17 02:10:00
5816187.439864215,0.0,101.0,,1.3,,,,,2025-04-17 02:15:00
5816188.439993091,0.0,102.0,,1.3,,,,,2025-04-17 02:20:00
5816189.440121966,0.0,104.0,,1.3,,,,,2025-04-17 02:25:00
5816190.440250842,0.0,106.0,,1.3,,,,,2025-04-17 02:30:00
5816191.440379716,0.0,107.0,,1.3,,,,,2025-04-17 02:35:00
5816192.440508592,0.0,110.0,,1.3,,,,,2025-04-17 02:40:00
5816193.440637467,0.0,117.0,,1.3,,,,,2025-04-17 02:45:00
5816194.440766343,0.0,102.0,,1.3,,,,,2025-04-17 02:50:00
5816195.4408952175,0.0,88.0,,1.3,,,,,2025-04-17 02:55:00
5816196.441024093,0.0,93.0,,1.3,,,,,2025-04-17 03:00:00
5816197.441152968,0.0,89.0,,1.3,,,,,2025-04-17 03:05:00
5816198.441281844,0.0,85.0,,1.3,,,,,2025-04-17 03:10:00
5816199.4414107185,0.0,85.0,,1.3,,,,,2025-04-17 03:15:00
5816200.441539594,0.0,85.0,,1.3,,,,,2025-04-17 03:20:00
5816201.441668469,0.0,86.0,,1.3,,,,,2025-04-17 03:25:00
5816202.441797345,0.0,87.0,,1.3,,,,,2025-04-17 03:30:00
5816203.4419262195,0.0,86.0,,1.3,,,,,2025-04-17 03:35:00
5816204.442055095,0.0,89.0,,1.3,,,,,2025-04-17 03:40:00
5816205.4421839705,0.0,99.0,,1.3,,,,,2025-04-17 03:45:00
5816206.442312846,0.0,102.0,,1.3,,,,,2025-04-17 03:50:00
5816207.442441721,0.0,106.0,,1.3,,,,,2025-04-17 03:55:00
5816208.442570596,0.0,107.0,,1.3,,,,,2025-04-17 04:00:00
5816209.4426994715,0.0,108.0,,1.3,,,,,2025-04-17 04:05:00
5816210.442828347,0.0,99.0,,1.3,,,,,2025-04-17 04:10:00
5816211.442957222,0.0,92.0,,1.3,,,,,2025-04-17 04:15:00
5816212.443086097,0.0,100.0,,1.3,,,,,2025-04-17 04:20:00
5816213.4432149725,0.0,104.0,,1.3,,,,,2025-04-17 04:25:00
5816214.443343848,0.0,106.0,,1.3,,,,,2025-04-17 04:30:00
5816215.4434727235,0.0,107.0,,1.3,,,,,2025-04-17 04:35:00
5816216.443601598,0.0,108.0,,1.3,,,,,2025-04-17 04:40:00
5816217.4437304735,0.0,108.0,,1.3,,,,,2025-04-17 04:45:00
5816218.443859349,0.0,109.0,,1.3,,,,,2025-04-17 04:50:00
5816219.4439882245,0.0,109.0,,1.3,,,,,2025-04-17 04:55:00
5816220.4441171,0.0,109.0,,1.3,,,,,2025-04-17 05:00:00
5816221.4442459745,0.0,111.0,,1.3,,,,,2025-04-17 05:05:00
5816222.44437485,0.0,118.0,,1.3,,,,,2025-04-17 05:10:00
5816223.4445037255,0.0,125.0,,1.3,,,,,2025-04-17 05:15:00
5816224.444632601,0.0,129.0,,1.3,,,,,2025-04-17 05:20:00
5816225.444761476,0.0,120.0,,1.3,,,,,2025-04-17 05:25:00
5816226.444890351,0.0,112.0,,1.3,,,,,2025-04-17 05:30:00
5816227.4450192265,0.0,104.0,,1.3,,,,,2025-04-17 05:35:00
5816228.445148102,0.0,102.0,,1.3,,,,,2025-04-17 05:40:00
5816229.445276977,0.0,101.0,,1.3,,,,,2025-04-17 05:45:00
5816230.445405852,0.0,99.0,,1.3,,,,,2025-04-17 05:50:00
5816231.445534728,0.0,101.0,,1.3,,,,,2025-04-17 05:55:00
5816232.445663603,0.0,103.0,,1.3,,,,,2025-04-17 06:00:00
5816233.4457924785,0.0,106.0,,1.3,,,,,2025-04-17 06:05:00
5816234.445921353,0.0,110.0,,1.3,,,,,2025-04-17 06:10:00
5816235.446050229,0.0,113.0,,1.3,,,,,2025-04-17 06:15:00
5816236.446179104,0.0,115.0,,1.3,,,,,2025-04-17 06:20:00
5816237.4463079795,0.0,118.0,,1.3,,,,,2025-04-17 06:25:00
5816238.446436854,0.0,120.0,,1.3,,,,,2025-04-17 06:30:00
5816239.44656573,0.0,116.0,,1.3,,,,,2025-04-17 06:35:00
5816240.446694605,0.0,114.0,,1.3,,,,,2025-04-17 06:40:00
5816241.446823481,0.0,107.0,,1.3,,,,,2025-04-17 06:45:00
5816242.446952355,0.0,108.0,,1.3,,,,,2025-04-17 06:50:00
5816243.447081231,0.0,109.0,,1.3,,,,,2025-04-17 06:55:00
5816244.447210106,0.0,111.0,,1.3,,,,,2025-04-17 07:00:00
5816245.447338982,0.0,111.0,117.0,1.3,,,,,2025-04-17 07:05:00
5816246.447467857,0.0,106.0,,1.3,,,,,2025-04-17 07:10:00
5816247.447596732,0.0,107.0,,1.3,,,,,2025-04-17 07:15:00
5816248.447725607,0.0,102.0,,1.3,,,,,2025-04-17 07:20:00
5816249.447854483,0.0,107.0,117.0,1.3,,,,,2025-04-17 07:25:00
5816250.447983358,0.0,109.0,,1.3,,,75.0,9.8,2025-04-17 07:30:00
5816251.448112233,0.0,112.0,,1.3,,,,,2025-04-17 07:35:00
5816252.448241108,0.0,113.0,,1.3,,,,,2025-04-17 07:40:00
5816253.448369984,0.0,114.0,,1.3,,,,,2025-04-17 07:45:00
5816254.448498859,0.0,118.0,,1.3,,,,,2025-04-17 07:50:00
5816255.448627734,0.0,125.0,,1.3,,,,,2025-04-17 07:55:00
5816256.448756609,0.0,133.0,,1.3,,,,,2025-04-17 08:00:00
5816257.448885485,0.0,143.0,,1.3,,,,,2025-04-17 08:05:00
5816258.44901436,0.0,150.0,,1.3,,,,,2025-04-17 08:10:00
5816259.449143235,0.0,156.0,,1.3,,,,,2025-04-17 08:15:00
5816260.44927211,0.0,168.0,,1.3,,,,,2025-04-17 08:20:00
5816261.449400986,0.0,175.0,,1.3,,,,,2025-04-17 08:25:00
5816262.449529861,0.0,175.0,,1.3,,,,,2025-04-17 08:30:00
5816263.449658737,0.0,180.0,,1.3,,,,,2025-04-17 08:35:00
5816264.449787611,0.0,181.0,,1.3,,,,,2025-04-17 08:40:00
5816265.449916487,0.0,184.0,,1.3,,,,,2025-04-17 08:45:00
5816266.450045362,0.0,188.0,,1.3,,,,,2025-04-17 08:50:00
5816267.450174238,0.0,191.0,,1.3,,,,,2025-04-17 08:55:00
5816268.450303112,0.0,189.0,,1.3,,,,2.1,2025-04-17 09:00:00
5816269.450431988,0.0,189.0,,1.3,,,,,2025-04-17 09:05:00
5816270.450560863,0.0,189.0,,1.3,,,,,2025-04-17 09:10:00
5816271.450689739,0.0,186.0,,1.3,,,,,2025-04-17 09:15:00
5816272.450818613,0.0,184.0,,1.3,,,,,2025-04-17 09:20:00
5816273.450947489,0.0,180.0,,1.3,,,,,2025-04-17 09:25:00
5816274.451076364,0.0,173.0,,1.3,,,,,2025-04-17 09:30:00
5816275.45120524,0.0,167.0,,1.3,,,,,2025-04-17 09:35:00
5816276.451334115,0.0,161.0,,1.3,,,,,2025-04-17 09:40:00
5816277.45146299,0.0,151.0,,1.3,,,,,2025-04-17 09:45:00
5816278.451591865,0.0,144.0,,1.3,,,,1.1,2025-04-17 09:50:00
5816279.451720741,0.0,139.0,,1.3,,,,,2025-04-17 09:55:00
5816280.451849616,0.0,133.0,,1.3,,,26.0,,2025-04-17 10:00:00
5816281.451978491,0.0,131.0,,1.3,,,,,2025-04-17 10:05:00
5816282.452107366,0.0,131.0,,1.3,,,,2.3,2025-04-17 10:10:00
5816283.452236242,0.0,133.0,,1.3,,,,,2025-04-17 10:15:00
5816284.452365117,0.0,135.0,,1.3,,,,,2025-04-17 10:20:00
5816285.452493992,0.0,137.0,,1.3,,,,,2025-04-17 10:25:00
5816286.452622867,0.0,139.0,,1.3,,,,1.0,2025-04-17 10:30:00
5816287.452751743,0.0,138.0,,1.3,,,,,2025-04-17 10:35:00
5816288.452880618,0.0,135.0,,1.3,,,,,2025-04-17 10:40:00
5816289.453009494,0.0,139.0,,1.3,,,,,2025-04-17 10:45:00
5816290.453138368,0.0,141.0,,1.3,,,,,2025-04-17 10:50:00
5816291.453267244,0.0,140.0,,1.3,,,,,2025-04-17 10:55:00
5816292.453396119,0.0,136.0,,1.3,,,,,2025-04-17 11:00:00
5816293.453524995,0.0,129.0,,1.3,,,,,2025-04-17 11:05:00
5816294.453653869,0.0,133.0,,1.3,,,,,2025-04-17 11:10:00
5816295.453782745,0.0,139.0,,1.3,,,,,2025-04-17 11:15:00
5816296.45391162,0.0,146.0,,1.3,,,,,2025-04-17 11:20:00
5816297.454040496,0.0,148.0,,1.3,,,,,2025-04-17 11:25:00
5816298.45416937,0.0,148.0,,1.3,,,,,2025-04-17 11:30:00
5816299.454298246,0.0,147.0,,1.3,,,,,2025-04-17 11:35:00
5816300.454427121,0.0,150.0,,1.3,,,,,2025-04-17 11:40:00
5816301.454555997,0.0,144.0,,1.3,,,,,2025-04-17 11:45:00
5816302.454684872,0.0,147.0,,1.3,,,,,2025-04-17 11:50:00
5816303.454813747,0.0,154.0,,1.3,,,,,2025-04-17 11:55:00
5816304.454942622,0.0,156.0,,1.3,,,,,2025-04-17 12:00:00
5816305.455071498,0.0,154.0,,1.3,,,,,2025-04-17 12:05:00
5816306.455200373,0.0,153.0,,1.3,,,,,2025-04-17 12:10:00
5816307.455329248,0.0,150.0,,1.3,,,,,2025-04-17 12:15:00
5816308.455458123,0.0,146.0,,1.3,,,,,2025-04-17 12:20:00
5816309.455586999,0.0,142.0,,1.3,,,,,2025-04-17 12:25:00
5816310.455715874,0.0,140.0,,1.3,,,,,2025-04-17 12:30:00
5816311.455844749,0.0,134.0,,1.3,,,,,2025-04-17 12:35:00
5816312.455973624,0.0,119.0,,1.3,,,72.0,,2025-04-17 12:40:00
5816313.4561025,0.0,103.0,,1.3,,,,,2025-04-17 12:45:00
5816314.456231375,0.0,113.0,,1.3,,,,,2025-04-17 12:50:00
5816315.45636025,0.0,113.0,,1.3,,,,,2025-04-17 12:55:00
5816316.456489125,0.0,109.0,,1.3,,,,,2025-04-17 13:00:00
5816317.456618001,0.0,104.0,,1.3,,,,,2025-04-17 13:05:00
5816318.456746876,0.0,106.0,,1.3,,,,,2025-04-17 13:10:00
5816319.456875752,0.0,113.0,,1.3,,,,,2025-04-17 13:15:00
5816320.457004626,0.0,121.0,,1.3,,,,9.4,2025-04-17 13:20:00
5816321.457133502,0.0,126.0,,1.3,,,,,2025-04-17 13:25:00
5816322.457262377,0.0,138.0,,1.3,,,,,2025-04-17 13:30:00
5816323.457391253,0.0,152.0,,1.3,,,,,2025-04-17 13:35:00
5816324.457520127,0.0,163.0,,1.3,,,,2.6,2025-04-17 13:40:00
5816325.457649003,0.0,177.0,,1.3,,,,,2025-04-17 13:45:00
5816326.457777878,0.0,188.0,,1.3,,,,,2025-04-17 13:50:00
5816327.457906754,0.0,193.0,,1.3,,,,,2025-04-17 13:55:00
5816328.458035628,0.0,191.0,,1.3,,,,,2025-04-17 14:00:00
5816329.458164504,0.0,192.0,,1.3,,,,,2025-04-17 14:05:00
5816330.458293379,0.0,195.0,,1.3,,,,,2025-04-17 14:10:00
5816331.458422255,0.0,199.0,,1.3,,,,,2025-04-17 14:15:00
5816332.45855113,0.0,201.0,,1.3,,,,,2025-04-17 14:20:00
5816333.458680005,0.0,202.0,,1.3,,,,,2025-04-17 14:25:00
5816334.45880888,0.0,198.0,,1.3,,,,,2025-04-17 14:30:00
5816335.458937756,0.0,196.0,,1.3,,,,,2025-04-17 14:35:00
5816336.459066631,0.0,195.0,,1.3,,,,,2025-04-17 14:40:00
5816337.459195506,0.0,191.0,,1.3,,,,,2025-04-17 14:45:00
5816338.459324381,0.0,188.0,,1.3,,,,,2025-04-17 14:50:00
5816339.459453257,0.0,189.0,,1.3,,,,,2025-04-17 14:55:00
5816340.459582132,0.0,190.0,,1.3,,,,2.2,2025-04-17 15:00:00
5816341.459711007,0.0,193.0,,1.3,,,,,2025-04-17 15:05:00
5816342.459839882,0.0,197.0,,1.3,,,,,2025-04-17 15:10:00
5816343.459968758,0.0,202.0,,1.3,,,,,2025-04-17 15:15:00
5816344.460097633,0.0,210.0,,1.3,,,,,2025-04-17 15:20:00
5816345.460226509,0.0,211.0,,1.3,,,,,2025-04-17 15:25:00
5816346.460355383,0.0,211.0,,1.3,,,,,2025-04-17 15:30:00
5816347.460484259,0.0,214.0,,1.3,,,,,2025-04-17 15:35:00
5816348.460613134,0.0,215.0,,1.3,,,,,2025-04-17 15:40:00
5816349.46074201,0.0,216.0,,1.3,,,,,2025-04-17 15:45:00
5816350.460870884,0.0,211.0,,1.3,,,,,2025-04-17 15:50:00
5816351.46099976,0.0,205.0,,1.3,,,,2.8,2025-04-17 15:55:00
5816352.461128635,0.0,200.0,,1.3,,,,,2025-04-17 16:00:00
5816353.461257511,0.0,188.0,,1.3,,,,,2025-04-17 16:05:00
5816354.461386385,0.0,195.0,,1.3,,,,,2025-04-17 16:10:00
5816355.461515261,0.0,198.0,,1.3,,,,,2025-04-17 16:15:00
5816356.461644136,0.0,200.0,,1.3,,,,,2025-04-17 16:20:00
5816357.461773012,0.0,201.0,,1.3,,,,,2025-04-17 16:25:00
5816358.461901887,0.0,200.0,,1.3,,,,,2025-04-17 16:30:00
5816359.462030762,0.0,198.0,,1.3,,,,,2025-04-17 16:35:00
5816360.462159637,0.0,195.0,,1.3,,,,,2025-04-17 16:40:00
5816361.462288513,0.0,190.0,,1.3,,,,,2025-04-17 16:45:00
5816362.462417388,0.0,181.0,,1.3,,,,,2025-04-17 16:50:00
5816363.462546263,0.0,174.0,,1.3,,,,1.5,2025-04-17 16:55:00
5816364.462675138,0.0,167.0,,1.3,,,,,2025-04-17 17:00:00
5816365.462804014,0.0,163.0,,1.3,,,,,2025-04-17 17:05:00
5816366.462932889,0.0,156.0,,1.3,,,,,2025-04-17 17:10:00
5816367.463061764,0.0,149.0,,1.3,,,72.0,,2025-04-17 17:15:00
5816368.463190639,0.0,142.0,,1.3,,,,,2025-04-17 17:20:00
5816369.463319515,0.0,142.0,,1.3,,,,6.7,2025-04-17 17:25:00
5816370.46344839,0.0,136.0,,1.3,,,,,2025-04-17 17:30:00
5816371.463577265,0.0,138.0,,1.3,,,,,2025-04-17 17:35:00
5816372.46370614,0.0,142.0,,1.3,,,,,2025-04-17 17:40:00
5816373.463835016,0.0,146.0,,1.3,,,,,2025-04-17 17:45:00
5816374.463963891,0.0,149.0,,1.3,,,,,2025-04-17 17:50:00
5816375.464092767,0.0,150.0,,1.3,,,,,2025-04-17 17:55:00
5816376.464221641,0.0,146.0,,1.3,,,,,2025-04-17 18:00:00
5816377.464350517,0.0,149.0,,1.3,,,,,2025-04-17 18:05:00
5816378.464479392,0.0,146.0,,1.3,,,,,2025-04-17 18:10:00
5816379.464608268,0.0,142.0,,1.3,,,,,2025-04-17 18:15:00
5816380.464737142,0.0,135.0,,1.3,,,,,2025-04-17 18:20:00
5816381.464866018,0.0,130.0,,1.3,,,,,2025-04-17 18:25:00
5816382.464994893,0.0,124.0,,1.3,,,,,2025-04-17 18:30:00
5816383.465123769,0.0,125.0,,1.3,,,,,2025-04-17 18:35:00
5816384.465252643,0.0,128.0,,1.3,,,,,2025-04-17 18:40:00
5816385.465381519,0.0,131.0,,1.3,,,,,2025-04-17 18:45:00
5816386.465510394,0.0,138.0,,1.3,,,,8.4,2025-04-17 18:50:00
5816387.46563927,0.0,145.0,,1.3,,,,,2025-04-17 18:55:00
5816388.465768145,0.0,147.0,,1.3,,,,,2025-04-17 19:00:00
5816389.46589702,0.0,144.0,,1.3,,,,,2025-04-17 19:05:00
5816390.466025895,1.0,,,1.3,,,,,2025-04-17 19:10:00
5816391.466154771,1.0,,,1.3,,,68.0,,2025-04-17 19:15:00
5816392.466283646,1.0,,122.0,1.3,,,,,2025-04-17 19:20:00
5816393.466412521,1.0,,,1.3,,,,,2025-04-17 19:25:00
5816394.466541396,1.0,,,1.3,,,,,2025-04-17 19:30:00
5816395.466670272,0.0,123.0,122.0,1.3,,,,,2025-04-17 19:35:00
5816396.466799147,0.0,121.0,,1.3,,,,,2025-04-17 19:40:00
5816397.466928022,0.0,118.0,,1.3,,,,,2025-04-17 19:45:00
5816398.4670568975,0.0,115.0,,1.3,,,,,2025-04-17 19:50:00
5816399.467185773,0.0,114.0,,1.3,,0.014324,,,2025-04-17 19:55:00
5816400.467314648,0.0,114.0,,1.3,,0.023266,,,2025-04-17 20:00:00
5816401.467443524,0.0,115.0,,1.3,,0.031026,,,2025-04-17 20:05:00
5816402.4675723985,0.0,117.0,,1.3,,0.043053,,,2025-04-17 20:10:00
5816403.467701274,0.0,118.0,,1.3,,0.057595,,,2025-04-17 20:15:00
5816404.467830149,0.0,121.0,,1.3,,0.068587,,,2025-04-17 20:20:00
5816405.467959025,0.0,123.0,,1.3,,0.081591,,,2025-04-17 20:25:00
5816406.4680878995,0.0,122.0,,1.3,,0.095667,,,2025-04-17 20:30:00
5816407.468216775,0.0,122.0,,1.3,,0.107289,,,2025-04-17 20:35:00
5816408.4683456505,0.0,123.0,,1.3,,0.118711,,,2025-04-17 20:40:00
5816409.468474526,0.0,125.0,,1.3,,0.130878,,,2025-04-17 20:45:00
5816410.4686034005,0.0,125.0,,1.3,,0.152961,,,2025-04-17 20:50:00
5816411.468732276,0.0,126.0,,1.3,,0.159887,,,2025-04-17 20:55:00
5816412.4688611515,0.0,128.0,,1.3,,0.161506,,,2025-04-17 21:00:00
5816413.468990027,0.0,128.0,,1.3,,0.17287,,,2025-04-17 21:05:00
5816414.469118902,0.0,132.0,,1.3,,0.220153,,,2025-04-17 21:10:00
5816415.469247777,0.0,133.0,,1.3,,0.221176,,,2025-04-17 21:15:00
5816416.4693766525,0.0,132.0,,1.3,,0.229488,,,2025-04-17 21:20:00
5816417.469505528,0.0,133.0,,1.3,,0.242901,,,2025-04-17 21:25:00
5816418.4696344035,0.0,134.0,,1.3,,0.247752,,,2025-04-17 21:30:00
5816419.469763278,0.0,135.0,,1.3,,0.25132,,,2025-04-17 21:35:00
5816420.4698921535,0.0,137.0,,1.3,,0.25905,,,2025-04-17 21:40:00
5816421.470021029,0.0,138.0,,1.3,,0.267965,,,2025-04-17 21:45:00
5816422.4701499045,0.0,139.0,,1.3,,0.276137,,,2025-04-17 21:50:00
5816423.470278779,0.0,141.0,,1.4,,0.285671,,,2025-04-17 21:55:00
5816424.4704076545,0.0,143.0,,1.4,,0.297164,,,2025-04-17 22:00:00
5816425.47053653,0.0,144.0,,1.4,,0.306083,,,2025-04-17 22:05:00
5816426.4706654055,0.0,146.0,,1.4,,0.310238,,,2025-04-17 22:10:00
5816427.47079428,0.0,146.0,,1.4,,0.317998,,,2025-04-17 22:15:00
5816428.470923156,0.0,146.0,,1.4,,0.324039,,,2025-04-17 22:20:00
5816429.471052031,0.0,146.0,,1.4,,0.330249,,,2025-04-17 22:25:00
5816430.4711809065,0.0,146.0,,1.4,,0.333408,,,2025-04-17 22:30:00
5816431.471309782,0.0,146.0,,1.4,,0.34539,,,2025-04-17 22:35:00
5816432.471438657,0.0,146.0,,1.4,,0.348847,,,2025-04-17 22:40:00
5816433.471567532,0.0,147.0,,1.4,,0.361932,,,2025-04-17 22:45:00
5816434.4716964075,0.0,146.0,,1.4,,0.361506,,,2025-04-17 22:50:00
5816435.471825283,0.0,145.0,,1.4,,0.367773,,,2025-04-17 22:55:00
5816436.471954158,0.0,143.0,,1.4,,0.365006,,,2025-04-17 23:00:00
5816437.472083033,0.0,141.0,152.0,1.4,,0.201532,,0.9,2025-04-17 23:05:00
5816438.472211909,0.0,142.0,,1.4,,0.032181,,,2025-04-17 23:10:00
5816439.472340784,0.0,143.0,,1.4,,0.039666,,,2025-04-17 23:15:00
5816440.472469659,0.0,149.0,152.0,1.4,,0.057171,,,2025-04-17 23:20:00
5816441.472598534,0.0,144.0,,1.4,,0.069473,,,2025-04-17 23:25:00
5816442.47272741,0.0,140.0,,1.4,,0.084927,,,2025-04-17 23:30:00
5816443.472856285,0.0,137.0,,1.4,,0.102742,,,2025-04-17 23:35:00
5816444.472985161,0.0,135.0,,1.4,,0.117207,,,2025-04-17 23:40:00
5816445.473114035,0.0,135.0,,1.4,,0.135994,,,2025-04-17 23:45:00
5816446.473242911,0.0,134.0,,1.4,,0.171435,,,2025-04-17 23:50:00
5816447.473371786,0.0,135.0,,1.4,,0.203492,,,2025-04-17 23:55:00
5816448.473500662,0.0,135.0,,1.4,,0.221262,,,2025-04-18 00:00:00
5816449.473629536,0.0,137.0,,1.4,,0.236547,,,2025-04-18 00:05:00
5816450.473758412,0.0,138.0,,1.4,,0.255328,,,2025-04-18 00:10:00
5816451.473887287,0.0,139.0,,1.4,,0.272329,,,2025-04-18 00:15:00
5816452.474016163,0.0,140.0,,1.4,,0.281824,,,2025-04-18 00:20:00
5816453.474145037,0.0,143.0,,1.4,,0.298296,,,2025-04-18 00:25:00
5816454.474273913,0.0,149.0,,1.4,,0.311083,,,2025-04-18 00:30:00
5816455.474402788,0.0,155.0,,1.4,,0.328963,,,2025-04-18 00:35:00
5816456.474531664,0.0,158.0,,1.4,,0.336414,,,2025-04-18 00:40:00
5816457.474660539,0.0,162.0,,1.4,,0.340624,,,2025-04-18 00:45:00
5816458.474789414,0.0,165.0,,1.4,,0.36882,,,2025-04-18 00:50:00
5816459.474918289,0.0,166.0,,1.4,,0.392454,,,2025-04-18 00:55:00
5816460.475047165,0.0,168.0,,1.4,,0.442278,,,2025-04-18 01:00:00
5816461.47517604,0.0,168.0,,1.4,,0.771821,,,2025-04-18 01:05:00
5816462.475304915,0.0,167.0,,1.4,,0.674874,,,2025-04-18 01:10:00
5816463.47543379,0.0,166.0,,1.4,,0.742815,,,2025-04-18 01:15:00
5816464.475562666,0.0,167.0,,1.4,,0.927736,,,2025-04-18 01:20:00
5816465.475691541,0.0,170.0,,1.4,,0.707273,,,2025-04-18 01:25:00
5816466.475820416,0.0,174.0,,1.4,,0.595393,,,2025-04-18 01:30:00
5816467.475949291,0.0,180.0,,1.4,,0.708607,,,2025-04-18 01:35:00
5816468.476078167,0.0,181.0,,1.4,,0.691976,,,2025-04-18 01:40:00
5816469.476207042,0.0,186.0,,1.4,,0.878171,,,2025-04-18 01:45:00
5816470.476335918,0.0,195.0,,1.4,,0.956312,,,2025-04-18 01:50:00
5816471.476464792,0.0,200.0,,1.4,,0.863557,,,2025-04-18 01:55:00
5816472.476593668,0.0,202.0,,1.4,,0.727889,,2.7,2025-04-18 02:00:00
5816473.476722543,0.0,203.0,,1.4,,0.700994,,,2025-04-18 02:05:00
5816474.476851419,0.0,204.0,,1.4,,0.745103,,,2025-04-18 02:10:00
5816475.476980293,0.0,204.0,,1.4,,0.737589,,,2025-04-18 02:15:00
5816476.477109169,0.0,204.0,,1.4,,0.687003,,,2025-04-18 02:20:00
5816477.477238044,0.0,203.0,,1.4,,0.641767,,,2025-04-18 02:25:00
5816478.47736692,0.0,201.0,,1.4,,0.631758,,,2025-04-18 02:30:00
5816479.477495794,0.0,196.0,,1.4,,0.620579,,,2025-04-18 02:35:00
5816480.47762467,0.0,193.0,,1.4,,0.615954,,,2025-04-18 02:40:00
5816481.477753545,0.0,191.0,,1.4,,0.604215,,,2025-04-18 02:45:00
5816482.477882421,0.0,190.0,,1.4,,0.589521,,,2025-04-18 02:50:00
5816483.478011295,0.0,189.0,,1.4,,1.300372,,,2025-04-18 02:55:00
5816484.478140171,0.0,187.0,,1.4,,1.347846,,,2025-04-18 03:00:00
5816485.478269046,0.0,184.0,207.0,1.4,,1.249967,,,2025-04-18 03:05:00
5816486.478397922,0.0,183.0,,1.4,,1.34856,,,2025-04-18 03:10:00
5816487.478526797,0.0,182.0,,1.4,,1.281921,,,2025-04-18 03:15:00
5816488.478655672,0.0,194.0,207.0,1.4,,1.316424,,,2025-04-18 03:20:00
5816489.478784547,0.0,192.0,,1.4,,1.282929,,,2025-04-18 03:25:00
5816490.478913423,0.0,190.0,,1.4,,1.271706,,,2025-04-18 03:30:00
5816491.479042298,0.0,189.0,,1.4,,1.254837,,,2025-04-18 03:35:00
5816492.479171173,0.0,188.0,,1.4,,1.20544,,,2025-04-18 03:40:00
5816493.479300048,0.0,187.0,,1.4,,1.188158,,,2025-04-18 03:45:00
5816494.479428924,0.0,186.0,,1.4,,1.193336,,,2025-04-18 03:50:00
5816495.479557799,0.0,185.0,,1.4,,1.136248,,,2025-04-18 03:55:00
5816496.479686674,0.0,184.0,,1.4,,1.041342,,,2025-04-18 04:00:00
5816497.479815549,0.0,182.0,,1.4,,1.033161,,,2025-04-18 04:05:00
5816498.479944425,0.0,180.0,,1.4,,0.840249,,,2025-04-18 04:10:00
5816499.4800733,0.0,179.0,,1.4,,0.897164,,,2025-04-18 04:15:00
5816500.480202176,0.0,177.0,,1.4,,0.92282,,,2025-04-18 04:20:00
5816501.48033105,0.0,175.0,,1.4,,0.925961,,,2025-04-18 04:25:00
5816502.480459926,0.0,175.0,,1.4,,0.957668,,,2025-04-18 04:30:00
5816503.480588801,0.0,176.0,,1.4,,0.992269,,,2025-04-18 04:35:00
5816504.480717677,0.0,174.0,,1.4,,0.976997,,,2025-04-18 04:40:00
5816505.480846551,0.0,172.0,,1.4,,0.940575,,,2025-04-18 04:45:00
5816506.480975427,0.0,172.0,,1.4,,1.063028,,,2025-04-18 04:50:00
5816507.481104302,0.0,172.0,,1.4,,0.98301,,,2025-04-18 04:55:00
5816508.481233178,0.0,170.0,,1.4,,0.939004,,,2025-04-18 05:00:00
5816509.481362052,0.0,168.0,,1.4,,0.986219,,,2025-04-18 05:05:00
5816510.481490928,0.0,166.0,,1.4,,0.995644,,,2025-04-18 05:10:00
5816511.481619803,0.0,160.0,,1.4,,0.940665,,,2025-04-18 05:15:00
5816512.481748679,0.0,160.0,,1.4,,0.965027,,,2025-04-18 05:20:00
5816513.481877554,0.0,159.0,,1.4,,0.978161,,,2025-04-18 05:25:00
5816514.482006429,0.0,162.0,,1.4,,0.945217,,,2025-04-18 05:30:00
5816515.482135304,0.0,164.0,,1.4,,0.987348,,,2025-04-18 05:35:00
5816516.48226418,0.0,168.0,,1.4,,0.908887,,2.2,2025-04-18 05:40:00
5816517.482393055,0.0,170.0,,1.4,,0.924514,,,2025-04-18 05:45:00
5816518.48252193,0.0,171.0,,1.4,,0.92894,,,2025-04-18 05:50:00
5816519.482650805,0.0,172.0,,1.4,,0.934567,,,2025-04-18 05:55:00
5816520.482779681,0.0,171.0,,1.4,,0.922525,,,2025-04-18 06:00:00
5816521.482908556,0.0,168.0,,1.4,,0.913285,,,2025-04-18 06:05:00
5816522.483037431,0.0,165.0,,1.4,,0.527633,,,2025-04-18 06:10:00
5816523.483166306,0.0,163.0,,1.4,,0.137535,,,2025-04-18 06:15:00
5816524.483295182,0.0,162.0,,1.4,,0.146308,,,2025-04-18 06:20:00
5816525.483424057,0.0,160.0,,1.4,,0.154516,,,2025-04-18 06:25:00
5816526.483552933,0.0,158.0,,1.4,,0.174832,,,2025-04-18 06:30:00
5816527.483681807,0.0,156.0,,1.4,,0.317262,,,2025-04-18 06:35:00
5816528.483810683,0.0,153.0,,1.4,,0.439208,,,2025-04-18 06:40:00
5816529.483939558,0.0,150.0,,1.4,,0.464564,,,2025-04-18 06:45:00
5816530.484068434,0.0,148.0,,1.4,,0.451116,,,2025-04-18 06:50:00
5816531.484197308,0.0,150.0,,1.4,,0.467286,,,2025-04-18 06:55:00
5816532.484326184,0.0,150.0,,1.4,,0.414772,,,2025-04-18 07:00:00
5816533.484455059,0.0,148.0,,1.4,,0.530053,,,2025-04-18 07:05:00
5816534.484583935,0.0,144.0,,1.4,,0.515116,,,2025-04-18 07:10:00
5816535.484712809,0.0,142.0,,1.4,,0.031707,,2.8,2025-04-18 07:15:00
5816536.484841685,0.0,141.0,,1.4,,0.038022,,,2025-04-18 07:20:00
5816537.48497056,0.0,139.0,,1.4,,0.049572,,,2025-04-18 07:25:00
5816538.485099436,0.0,142.0,,1.4,,0.069119,,,2025-04-18 07:30:00
5816539.48522831,0.0,142.0,,1.4,,0.099416,100.0,,2025-04-18 07:35:00
5816540.485357186,0.0,140.0,,1.4,,0.152982,,,2025-04-18 07:40:00
5816541.485486061,0.0,146.0,,1.4,,0.127868,,13.1,2025-04-18 07:45:00
5816542.485614937,0.0,163.0,,1.4,,0.175508,,,2025-04-18 07:50:00
5816543.485743812,0.0,169.0,,1.4,,0.189135,30.0,,2025-04-18 07:55:00
5816544.485872687,0.0,190.0,,1.4,,0.053813,,3.4,2025-04-18 08:00:00
5816545.486001562,0.0,208.0,,1.4,,0.03786,,,2025-04-18 08:05:00
5816546.486130438,0.0,224.0,,1.4,,0.068382,,,2025-04-18 08:10:00
5816547.486259313,0.0,237.0,,1.4,,0.040307,,,2025-04-18 08:15:00
5816548.486388188,0.0,247.0,,1.4,,0.035494,,,2025-04-18 08:20:00
5816549.486517063,0.0,252.0,,1.4,,0.061356,,,2025-04-18 08:25:00
5816550.486645939,0.0,253.0,,1.4,,0.073994,,,2025-04-18 08:30:00
5816551.486774814,0.0,250.0,,1.4,,0.101302,,,2025-04-18 08:35:00
5816552.486903689,0.0,247.0,,1.4,,0.098836,,,2025-04-18 08:40:00
5816553.487032564,0.0,244.0,,1.4,,0.105228,,,2025-04-18 08:45:00
5816554.48716144,0.0,238.0,,1.4,,0.121519,,,2025-04-18 08:50:00
5816555.487290315,0.0,231.0,,1.4,,0.15197,,,2025-04-18 08:55:00
5816556.487419191,0.0,224.0,,1.4,,0.121632,,,2025-04-18 09:00:00
5816557.487548065,0.0,218.0,,1.4,,0.086059,,,2025-04-18 09:05:00
5816558.487676941,0.0,208.0,,1.4,,0.046105,,,2025-04-18 09:10:00
5816559.487805816,0.0,197.0,,1.4,,0.060538,,,2025-04-18 09:15:00
5816560.487934692,0.0,184.0,,1.4,,0.063123,,,2025-04-18 09:20:00
5816561.488063566,0.0,169.0,,1.4,,0.075213,,,2025-04-18 09:25:00
5816562.488192442,0.0,157.0,,1.4,,0.077475,,,2025-04-18 09:30:00
5816563.488321317,0.0,140.0,,1.4,,0.038928,,,2025-04-18 09:35:00
5816564.488450193,0.0,133.0,,1.4,,0.065761,,,2025-04-18 09:40:00
5816565.488579067,0.0,128.0,,1.4,,0.058598,,,2025-04-18 09:45:00
5816566.488707943,0.0,123.0,,1.4,,0.044004,,,2025-04-18 09:50:00
5816567.488836818,0.0,121.0,,1.4,,0.052835,,,2025-04-18 09:55:00
5816568.488965694,0.0,119.0,,1.4,,0.031282,,,2025-04-18 10:00:00
5816569.489094569,0.0,110.0,,1.4,,0.054161,,,2025-04-18 10:05:00
5816570.489223444,0.0,106.0,,1.4,,0.065923,,,2025-04-18 10:10:00
5816571.489352319,0.0,102.0,,1.4,,0.046294,,,2025-04-18 10:15:00
5816572.489481195,0.0,97.0,,1.4,,0.032972,,,2025-04-18 10:20:00
5816573.48961007,0.0,88.0,,1.4,,0.04133,,,2025-04-18 10:25:00
5816574.489738945,0.0,82.0,87.0,1.4,,0.033561,,,2025-04-18 10:30:00
5816575.48986782,0.0,79.0,,1.4,,0.040872,,,2025-04-18 10:35:00
5816576.489996696,0.0,80.0,,1.4,,0.059161,,,2025-04-18 10:40:00
5816577.490125571,0.0,87.0,87.0,1.4,,0.044139,,11.5,2025-04-18 10:45:00
5816578.490254446,0.0,92.0,,1.4,,0.047397,,,2025-04-18 10:50:00
5816579.490383321,0.0,101.0,,1.4,,0.049912,,,2025-04-18 10:55:00
5816580.490512197,0.0,114.0,,1.4,,0.052667,,,2025-04-18 11:00:00
5816581.490641072,0.0,127.0,,1.4,,0.054918,,,2025-04-18 11:05:00
5816582.490769948,0.0,139.0,,1.4,,0.063845,88.0,,2025-04-18 11:10:00
5816583.490898822,0.0,153.0,,1.4,,0.059802,,,2025-04-18 11:15:00
5816584.491027698,0.0,163.0,,1.4,,0.022349,,,2025-04-18 11:20:00
5816585.491156573,0.0,167.0,,1.4,,0.042812,,,2025-04-18 11:25:00
5816586.491285449,0.0,174.0,,1.4,,0.034799,,,2025-04-18 11:30:00
5816587.491414323,0.0,178.0,,1.4,,0.053929,,,2025-04-18 11:35:00
5816588.491543199,0.0,182.0,,1.4,,0.034745,,,2025-04-18 11:40:00
5816589.491672074,0.0,184.0,,1.4,,0.037981,,,2025-04-18 11:45:00
5816590.49180095,0.0,186.0,,1.4,,0.046822,,,2025-04-18 11:50:00
5816591.491929824,0.0,188.0,,1.4,,0.016604,,,2025-04-18 11:55:00
5816592.4920587,0.0,183.0,,1.4,,0.021597,,,2025-04-18 12:00:00
5816593.492187575,0.0,174.0,,1.4,,0.017794,,,2025-04-18 12:05:00
5816594.492316451,0.0,170.0,,1.4,,0.02048,,,2025-04-18 12:10:00
5816595.4924453255,0.0,168.0,,1.4,,0.0,,,2025-04-18 12:15:00
5816596.492574201,0.0,165.0,,1.4,,,,,2025-04-18 12:20:00
5816597.492703076,0.0,163.0,,1.4,,,,,2025-04-18 12:25:00
5816598.492831952,0.0,162.0,,1.4,,,,,2025-04-18 12:30:00
5816599.492960827,0.0,157.0,,1.4,,,,,2025-04-18 12:35:00
5816600.493089702,0.0,153.0,,1.4,,,,,2025-04-18 12:40:00
5816601.4932185775,0.0,152.0,,1.4,,,,,2025-04-18 12:45:00
5816602.493347453,0.0,154.0,,1.4,,,,,2025-04-18 12:50:00
5816603.493476328,0.0,152.0,,1.4,,,,,2025-04-18 12:55:00
5816604.493605203,0.0,145.0,,1.4,,,,,2025-04-18 13:00:00
5816605.4937340785,0.0,137.0,,1.4,,,,,2025-04-18 13:05:00
5816606.493862954,0.0,131.0,,1.4,,,,,2025-04-18 13:10:00
5816607.493991829,0.0,127.0,,1.4,,,,,2025-04-18 13:15:00
5816608.494120704,0.0,124.0,,1.4,,,,,2025-04-18 13:20:00
5816609.4942495795,0.0,120.0,,1.4,,,,1.1,2025-04-18 13:25:00
5816610.494378455,0.0,118.0,,1.4,,,,,2025-04-18 13:30:00
5816611.4945073305,0.0,117.0,,1.4,,,,,2025-04-18 13:35:00
5816612.494636206,0.0,115.0,,1.4,,,,,2025-04-18 13:40:00
5816613.4947650805,0.0,113.0,,1.4,,,,,2025-04-18 13:45:00
5816614.494893956,0.0,113.0,,1.4,,,,,2025-04-18 13:50:00
5816615.4950228315,0.0,115.0,,1.4,,,,,2025-04-18 13:55:00
5816616.495151707,0.0,112.0,,1.4,,,,,2025-04-18 14:00:00
5816617.4952805815,0.0,105.0,,1.4,,,,,2025-04-18 14:05:00
5816618.495409457,0.0,103.0,,1.4,,,,,2025-04-18 14:10:00
5816619.4955383325,0.0,97.0,,1.4,,,,,2025-04-18 14:15:00
5816620.495667208,0.0,92.0,,1.4,,,,,2025-04-18 14:20:00
5816621.495796083,0.0,92.0,,1.4,,,,,2025-04-18 14:25:00
5816622.495924958,0.0,91.0,,1.4,,,,,2025-04-18 14:30:00
5816623.4960538335,0.0,89.0,,1.4,,,,,2025-04-18 14:35:00
5816624.496182709,0.0,86.0,,1.4,,,,,2025-04-18 14:40:00
5816625.4963115845,0.0,82.0,,1.4,,,,,2025-04-18 14:45:00
5816626.496440459,0.0,79.0,,1.4,,,,,2025-04-18 14:50:00
5816627.4965693345,0.0,80.0,,1.4,,,,,2025-04-18 14:55:00
5816628.49669821,0.0,85.0,,1.4,,,,,2025-04-18 15:00:00
5816629.4968270855,0.0,86.0,,1.4,,,,,2025-04-18 15:05:00
5816630.49695596,0.0,85.0,,1.4,,,,,2025-04-18 15:10:00
5816631.497084836,0.0,86.0,,1.4,,,,,2025-04-18 15:15:00
5816632.497213711,0.0,85.0,,1.4,,,,,2025-04-18 15:20:00
5816633.4973425865,0.0,88.0,,1.4,,,,,2025-04-18 15:25:00
5816634.497471461,0.0,97.0,,1.4,,,,,2025-04-18 15:30:00
5816635.497600337,0.0,101.0,,1.4,,,,,2025-04-18 15:35:00
5816636.497729212,0.0,102.0,,1.4,,,,,2025-04-18 15:40:00
5816637.4978580875,0.0,97.0,,1.4,,,,,2025-04-18 15:45:00
5816638.497986963,0.0,96.0,,1.4,,,,,2025-04-18 15:50:00
5816639.498115838,0.0,95.0,,1.4,,,,,2025-04-18 15:55:00
5816640.498244713,0.0,90.0,,1.4,,,,,2025-04-18 16:00:00
5816641.498373589,0.0,88.0,,1.4,,,,,2025-04-18 16:05:00
5816642.498502464,0.0,87.0,,1.4,,,,,2025-04-18 16:10:00
5816643.498631339,0.0,85.0,,1.4,,,,,2025-04-18 16:15:00
5816644.498760214,0.0,81.0,,1.4,,,,,2025-04-18 16:20:00
5816645.49888909,0.0,79.0,,1.4,,,,,2025-04-18 16:25:00
5816646.499017965,0.0,79.0,,1.4,,,,,2025-04-18 16:30:00
5816647.49914684,0.0,74.0,,1.4,,,,,2025-04-18 16:35:00
5816648.499275715,0.0,68.0,,1.4,,,,,2025-04-18 16:40:00
5816649.499404591,0.0,75.0,,1.4,,,,,2025-04-18 16:45:00
5816650.499533466,0.0,81.0,,1.4,,,,,2025-04-18 16:50:00
5816651.499662341,0.0,83.0,,1.4,,,,,2025-04-18 16:55:00
5816652.499791216,0.0,82.0,,1.4,,,,,2025-04-18 17:00:00
5816653.499920092,0.0,80.0,,1.4,,,,,2025-04-18 17:05:00
5816654.500048967,0.0,79.0,,1.4,,,,,2025-04-18 17:10:00
5816655.500177843,0.0,78.0,,1.4,,,,,2025-04-18 17:15:00
5816656.500306717,0.0,70.0,,1.4,,,,,2025-04-18 17:20:00
5816657.500435593,0.0,76.0,,1.4,,0.035249,,,2025-04-18 17:25:00
5816658.500564468,0.0,78.0,,1.4,,0.034529,,,2025-04-18 17:30:00
5816659.500693344,0.0,82.0,,1.4,,0.045456,,,2025-04-18 17:35:00
5816660.500822218,0.0,86.0,,1.4,,0.045801,,,2025-04-18 17:40:00
5816661.500951094,0.0,91.0,,1.4,,0.020932,,,2025-04-18 17:45:00
5816662.501079969,0.0,91.0,,1.4,,0.015715,,,2025-04-18 17:50:00
5816663.501208845,0.0,98.0,,1.4,,0.01289,,,2025-04-18 17:55:00
5816664.501337719,0.0,103.0,,1.4,,0.014595,,,2025-04-18 18:00:00
5816665.501466595,0.0,116.0,,1.4,,0.012335,,,2025-04-18 18:05:00
5816666.50159547,0.0,129.0,,1.4,,0.013818,,,2025-04-18 18:10:00
5816667.501724346,0.0,140.0,,1.4,,0.016073,,,2025-04-18 18:15:00
5816668.501853221,0.0,149.0,,1.4,,0.022619,,2.7,2025-04-18 18:20:00
5816669.501982096,0.0,154.0,,1.4,,0.015948,,,2025-04-18 18:25:00
5816670.502110971,0.0,159.0,,1.4,,0.016613,,,2025-04-18 18:30:00
5816671.502239847,0.0,164.0,,1.4,,0.019997,,,2025-04-18 18:35:00
5816672.502368722,0.0,168.0,,1.4,,0.0,,,2025-04-18 18:40:00
5816673.502497597,0.0,173.0,,1.4,,0.035555,,,2025-04-18 18:45:00
5816674.502626472,0.0,173.0,,1.4,,0.031948,,,2025-04-18 18:50:00
5816675.502755348,0.0,172.0,,1.4,,0.028313,,,2025-04-18 18:55:00
5816676.502884223,0.0,171.0,,1.4,,0.049146,,,2025-04-18 19:00:00
5816677.503013098,0.0,170.0,,1.4,,0.057244,,,2025-04-18 19:05:00
5816678.503141973,0.0,169.0,,1.4,,0.065169,,,2025-04-18 19:10:00
5816679.503270849,0.0,167.0,,1.4,,0.082288,,,2025-04-18 19:15:00
5816680.503399724,0.0,166.0,,1.4,,0.045097,,,2025-04-18 19:20:00
5816681.5035286,0.0,165.0,,1.4,,0.060923,,,2025-04-18 19:25:00
5816682.503657474,0.0,162.0,,1.4,,0.091297,,,2025-04-18 19:30:00
5816683.50378635,0.0,159.0,,1.4,,0.101317,,,2025-04-18 19:35:00
5816684.503915225,0.0,156.0,,1.4,,0.018727,70.0,,2025-04-18 19:40:00
5816685.504044101,0.0,153.0,,1.4,,0.021985,,,2025-04-18 19:45:00
5816686.504172975,0.0,149.0,,1.4,,0.029023,,9.2,2025-04-18 19:50:00
5816687.504301851,0.0,146.0,,1.4,,0.034719,,,2025-04-18 19:55:00
5816688.504430726,0.0,146.0,,1.4,,0.033374,,,2025-04-18 20:00:00
5816689.504559602,0.0,153.0,,1.4,,0.028547,,,2025-04-18 20:05:00
5816690.504688476,0.0,162.0,,1.4,,0.024334,,,2025-04-18 20:10:00
5816691.504817352,0.0,170.0,,1.4,,0.02442,,,2025-04-18 20:15:00
5816692.504946227,0.0,178.0,,1.4,,0.033715,,,2025-04-18 20:20:00
5816693.505075103,0.0,183.0,,1.4,,0.033607,,,2025-04-18 20:25:00
5816694.505203978,0.0,186.0,,1.4,,0.045238,,,2025-04-18 20:30:00
5816695.505332853,0.0,185.0,,1.4,,0.064198,,,2025-04-18 20:35:00
5816696.505461728,0.0,182.0,,1.4,,0.087595,,,2025-04-18 20:40:00
5816697.505590604,0.0,177.0,,1.4,,0.600388,,,2025-04-18 20:45:00
5816698.505719479,0.0,169.0,,1.4,,1.54597,,,2025-04-18 20:50:00
5816699.505848354,0.0,160.0,,1.4,,4.039289,,,2025-04-18 20:55:00
5816700.505977229,0.0,150.0,,1.4,,5.096851,,,2025-04-18 21:00:00
5816701.506106105,0.0,139.0,,1.4,,6.970619,,,2025-04-18 21:05:00
5816702.50623498,0.0,129.0,,1.4,,6.615007,,,2025-04-18 21:10:00
5816703.506363855,0.0,121.0,,1.4,,5.741503,,,2025-04-18 21:15:00
5816704.50649273,0.0,114.0,,1.4,,5.701991,,,2025-04-18 21:20:00
5816705.506621606,0.0,107.0,,1.4,,4.597248,,,2025-04-18 21:25:00
5816706.506750481,0.0,102.0,,1.4,,1.49166,,,2025-04-18 21:30:00
5816707.506879356,0.0,97.0,,1.4,,1.451568,,,2025-04-18 21:35:00
5816708.507008231,0.0,93.0,,1.4,,1.218145,,,2025-04-18 21:40:00
5816709.507137107,0.0,89.0,,1.4,,0.753841,,,2025-04-18 21:45:00
5816710.507265982,0.0,87.0,,1.4,,0.318826,,,2025-04-18 21:50:00
5816711.507394858,0.0,85.0,,1.4,,0.313122,,,2025-04-18 21:55:00
5816712.507523732,0.0,83.0,,1.4,,0.122786,,,2025-04-18 22:00:00
5816713.507652608,0.0,80.0,,1.4,,0.114424,,,2025-04-18 22:05:00
5816714.507781483,0.0,76.0,,1.4,,0.091055,,,2025-04-18 22:10:00
5816715.507910359,0.0,74.0,75.0,1.4,,0.015492,,,2025-04-18 22:15:00
5816716.508039233,0.0,71.0,,1.4,,0.015167,,,2025-04-18 22:20:00
5816717.508168109,0.0,68.0,,1.4,,0.017048,,,2025-04-18 22:25:00
5816718.508296984,0.0,71.0,75.0,1.4,,0.0149,,,2025-04-18 22:30:00
5816719.50842586,0.0,70.0,,1.4,,0.014744,,,2025-04-18 22:35:00
5816720.508554734,0.0,72.0,,1.4,,0.02285,,,2025-04-18 22:40:00
5816721.50868361,0.0,75.0,,1.4,,0.01666,,,2025-04-18 22:45:00
5816722.508812485,0.0,76.0,,1.4,,0.023263,,,2025-04-18 22:50:00
5816723.508941361,0.0,77.0,,1.4,,0.026024,,,2025-04-18 22:55:00
5816724.509070236,0.0,78.0,,1.4,,0.014754,,,2025-04-18 23:00:00
5816725.509199111,0.0,79.0,,1.4,,0.021992,,,2025-04-18 23:05:00
5816726.509327986,0.0,80.0,,1.4,,0.016487,,,2025-04-18 23:10:00
5816727.509456862,0.0,80.0,,1.4,,0.016816,,,2025-04-18 23:15:00
5816728.509585737,0.0,79.0,,1.4,,0.0191,,,2025-04-18 23:20:00
5816729.509714612,0.0,79.0,,1.4,,0.021322,,,2025-04-18 23:25:00
5816730.509843487,0.0,79.0,,1.4,,0.029512,,,2025-04-18 23:30:00
5816731.509972363,0.0,79.0,,1.4,,0.014811,,,2025-04-18 23:35:00
5816732.510101238,0.0,81.0,,1.4,,0.019877,,,2025-04-18 23:40:00
5816733.510230113,0.0,84.0,,1.4,,0.016084,,,2025-04-18 23:45:00
5816734.510358988,0.0,85.0,,1.4,,0.017662,,,2025-04-18 23:50:00
5816735.510487864,0.0,86.0,,1.4,,0.024024,,,2025-04-18 23:55:00
5816736.510616739,0.0,86.0,,1.4,,0.024807,,,2025-04-19 00:00:00
5816737.510745615,0.0,86.0,,1.4,,0.022933,,,2025-04-19 00:05:00
5816738.510874489,0.0,89.0,,1.4,,0.036821,,,2025-04-19 00:10:00
5816739.511003365,0.0,94.0,,1.4,,0.049473,,,2025-04-19 00:15:00
5816740.51113224,0.0,99.0,,1.4,,0.057487,,,2025-04-19 00:20:00
5816741.511261116,0.0,105.0,,1.4,,0.067634,,,2025-04-19 00:25:00
5816742.51138999,0.0,110.0,,1.4,,0.076405,,,2025-04-19 00:30:00
5816743.511518866,0.0,114.0,,1.4,,0.086521,,,2025-04-19 00:35:00
5816744.511647741,0.0,118.0,,1.4,,0.10568,,,2025-04-19 00:40:00
5816745.511776617,0.0,122.0,,1.4,,0.110452,,,2025-04-19 00:45:00
5816746.511905491,0.0,126.0,,1.4,,0.115383,,,2025-04-19 00:50:00
5816747.512034367,0.0,128.0,,1.4,,0.141223,,,2025-04-19 00:55:00
5816748.512163242,0.0,129.0,,1.4,,0.170968,,,2025-04-19 01:00:00
5816749.512292118,0.0,129.0,,1.4,,0.227478,,,2025-04-19 01:05:00
5816750.512420993,0.0,129.0,,1.4,,0.090081,,,2025-04-19 01:10:00
5816751.512549868,0.0,127.0,,1.4,,0.08348,,,2025-04-19 01:15:00
5816752.512678743,0.0,125.0,,1.4,,0.084253,,,2025-04-19 01:20:00
5816753.512807619,0.0,125.0,,1.4,,0.085347,,,2025-04-19 01:25:00
5816754.512936494,0.0,124.0,,1.4,,0.082653,,,2025-04-19 01:30:00
5816755.513065369,0.0,123.0,,1.4,,0.079362,,,2025-04-19 01:35:00
5816756.513194244,0.0,122.0,,1.4,,0.079569,,,2025-04-19 01:40:00
5816757.51332312,0.0,121.0,,1.4,,0.020188,,,2025-04-19 01:45:00
5816758.513451995,0.0,119.0,,1.4,,0.03347,,,2025-04-19 01:50:00
5816759.51358087,0.0,117.0,,1.4,,0.060348,,,2025-04-19 01:55:00
5816760.513709745,0.0,117.0,,1.4,,0.014314,,,2025-04-19 02:00:00
5816761.513838621,0.0,117.0,,1.4,,0.01936,,,2025-04-19 02:05:00
5816762.513967496,0.0,117.0,,1.4,,0.021459,,,2025-04-19 02:10:00
5816763.514096371,0.0,117.0,,1.4,,0.016517,,,2025-04-19 02:15:00
5816764.514225246,0.0,117.0,,1.4,,0.01777,,,2025-04-19 02:20:00
5816765.514354122,0.0,116.0,,1.4,,0.023886,,,2025-04-19 02:25:00
5816766.514482997,0.0,115.0,,1.4,,0.03086,,,2025-04-19 02:30:00
5816767.514611873,0.0,115.0,,1.4,,0.034142,,,2025-04-19 02:35:00
5816768.514740747,0.0,115.0,,1.4,,0.040635,,,2025-04-19 02:40:00
5816769.514869623,0.0,115.0,,1.4,,0.044741,,,2025-04-19 02:45:00
5816770.514998498,0.0,115.0,,1.4,,0.04905,,,2025-04-19 02:50:00
5816771.515127374,0.0,114.0,,1.4,,0.051931,,,2025-04-19 02:55:00
5816772.515256248,0.0,114.0,,1.4,,0.042345,,,2025-04-19 03:00:00
5816773.515385124,0.0,114.0,,1.4,,0.049023,,,2025-04-19 03:05:00
5816774.515513999,0.0,114.0,,1.4,,0.052945,,,2025-04-19 03:10:00
5816775.515642875,0.0,115.0,,1.4,,0.056138,,,2025-04-19 03:15:00
5816776.515771749,0.0,114.0,,1.4,,0.030589,,,2025-04-19 03:20:00
5816777.515900625,0.0,113.0,,1.4,,0.015231,,,2025-04-19 03:25:00
5816778.5160295,0.0,112.0,,1.4,,0.017672,,,2025-04-19 03:30:00
5816779.516158376,0.0,112.0,,1.4,,0.020213,,,2025-04-19 03:35:00
5816780.516287251,0.0,112.0,,1.4,,0.016033,,,2025-04-19 03:40:00
5816781.516416126,0.0,111.0,,1.4,,0.027131,,,2025-04-19 03:45:00
5816782.516545001,0.0,110.0,,1.4,,0.036266,,,2025-04-19 03:50:00
5816783.516673877,0.0,108.0,,1.4,,0.054062,,,2025-04-19 03:55:00
5816784.516802752,0.0,107.0,,1.4,,0.06699,,,2025-04-19 04:00:00
5816785.516931627,0.0,106.0,,1.4,,0.078286,,,2025-04-19 04:05:00
5816786.517060502,0.0,105.0,,1.4,,0.08505,,,2025-04-19 04:10:00
5816787.517189378,0.0,104.0,,1.4,,0.092108,,,2025-04-19 04:15:00
5816788.517318253,0.0,102.0,,1.4,,0.099524,,,2025-04-19 04:20:00
5816789.517447128,0.0,101.0,,1.4,,0.10588,,,2025-04-19 04:25:00
5816790.517576003,0.0,100.0,,1.4,,0.112592,,,2025-04-19 04:30:00
5816791.517704879,0.0,98.0,,1.4,,0.117442,,,2025-04-19 04:35:00
5816792.517833754,0.0,97.0,,1.4,,0.123259,,,2025-04-19 04:40:00
5816793.51796263,0.0,97.0,,1.4,,0.126798,,,2025-04-19 04:45:00
5816794.518091504,0.0,96.0,,1.4,,0.132532,,,2025-04-19 04:50:00
5816795.51822038,0.0,95.0,,1.4,,0.014158,,,2025-04-19 04:55:00
5816796.518349255,0.0,94.0,,1.4,,0.027593,,,2025-04-19 05:00:00
5816797.518478131,0.0,92.0,,1.4,,0.038716,,,2025-04-19 05:05:00
5816798.5186070055,0.0,91.0,,1.4,,0.052721,,,2025-04-19 05:10:00
5816799.518735881,0.0,90.0,,1.4,,0.065815,,,2025-04-19 05:15:00
5816800.518864756,0.0,89.0,,1.4,,0.074424,,,2025-04-19 05:20:00
5816801.518993632,0.0,88.0,,1.4,,0.079519,,,2025-04-19 05:25:00
5816802.5191225065,0.0,88.0,,1.4,,0.02429,,,2025-04-19 05:30:00
5816803.519251382,0.0,87.0,,1.4,,0.040698,,,2025-04-19 05:35:00
5816804.519380257,0.0,87.0,,1.4,,0.077487,,,2025-04-19 05:40:00
5816805.519509133,0.0,87.0,,1.4,,0.087864,,,2025-04-19 05:45:00
5816806.519638008,0.0,86.0,,1.4,,0.099397,,,2025-04-19 05:50:00
5816807.519766883,0.0,86.0,,1.4,,0.109154,,,2025-04-19 05:55:00
5816808.5198957585,0.0,87.0,,1.4,,0.117611,,,2025-04-19 06:00:00
5816809.520024634,0.0,86.0,,1.4,,0.127761,,,2025-04-19 06:05:00
5816810.520153509,0.0,86.0,,1.4,,0.135817,,,2025-04-19 06:10:00
5816811.520282384,0.0,85.0,,1.4,,0.138771,,,2025-04-19 06:15:00
5816812.5204112595,0.0,84.0,,1.4,,0.137653,,,2025-04-19 06:20:00
5816813.520540135,0.0,84.0,,1.4,,0.140834,,,2025-04-19 06:25:00
5816814.5206690105,0.0,85.0,,1.4,,0.146808,,,2025-04-19 06:30:00
5816815.520797885,0.0,85.0,,1.4,,0.154436,,,2025-04-19 06:35:00
5816816.5209267605,0.0,85.0,,1.4,,0.159856,,,2025-04-19 06:40:00
5816817.521055636,0.0,84.0,,1.4,,0.165308,,,2025-04-19 06:45:00
5816818.5211845115,0.0,83.0,,1.4,,0.17138,,,2025-04-19 06:50:00
5816819.521313386,0.0,82.0,,1.4,,0.17597,,,2025-04-19 06:55:00
5816820.5214422615,0.0,81.0,,1.4,,0.182411,,,2025-04-19 07:00:00
5816821.521571137,0.0,80.0,,1.4,,0.184581,,,2025-04-19 07:05:00
5816822.5217000125,0.0,80.0,,1.4,,0.191089,,,2025-04-19 07:10:00
5816823.521828888,0.0,80.0,,1.4,,0.196534,,,2025-04-19 07:15:00
5816824.521957763,0.0,81.0,,1.4,,0.202971,,,2025-04-19 07:20:00
5816825.522086638,0.0,81.0,,1.4,,0.198774,,,2025-04-19 07:25:00
5816826.5222155135,0.0,81.0,,1.4,,0.199683,,,2025-04-19 07:30:00
5816827.522344389,0.0,82.0,,1.4,,0.2004,,,2025-04-19 07:35:00
5816828.522473264,0.0,84.0,,1.4,,0.198626,,,2025-04-19 07:40:00
5816829.522602139,0.0,85.0,,1.4,,0.196911,,,2025-04-19 07:45:00
5816830.5227310145,0.0,86.0,,1.4,,0.198031,,,2025-04-19 07:50:00
5816831.52285989,0.0,87.0,,1.4,,0.200216,,,2025-04-19 07:55:00
5816832.522988765,0.0,87.0,,1.4,,0.203851,,,2025-04-19 08:00:00
5816833.52311764,0.0,89.0,,1.4,,0.208976,,,2025-04-19 08:05:00
5816834.523246516,0.0,90.0,,1.4,,0.219093,,,2025-04-19 08:10:00
5816835.523375391,0.0,91.0,,1.4,,0.22758,,,2025-04-19 08:15:00
5816836.5235042665,0.0,89.0,,1.4,,0.232212,,,2025-04-19 08:20:00
5816837.523633141,0.0,88.0,,1.4,,0.237127,,,2025-04-19 08:25:00
5816838.523762017,0.0,87.0,,1.4,,0.234484,20.0,,2025-04-19 08:30:00
5816839.523890892,0.0,87.0,,1.4,,0.234105,,,2025-04-19 08:35:00
5816840.5240197675,0.0,87.0,,1.4,,0.233928,,,2025-04-19 08:40:00
5816841.524148642,0.0,88.0,,1.4,,0.231412,,,2025-04-19 08:45:00
5816842.524277518,0.0,88.0,,1.4,,0.23339,,,2025-04-19 08:50:00
5816843.524406393,0.0,88.0,,1.4,,0.23735,,,2025-04-19 08:55:00
5816844.524535269,0.0,87.0,,1.4,,0.240234,,,2025-04-19 09:00:00
5816845.524664143,0.0,87.0,,1.4,,0.240233,,,2025-04-19 09:05:00
5816846.524793019,0.0,87.0,,1.4,,0.246553,,,2025-04-19 09:10:00
5816847.524921894,0.0,87.0,,1.4,,0.254612,,,2025-04-19 09:15:00
5816848.52505077,0.0,87.0,,1.4,,0.263506,,,2025-04-19 09:20:00
5816849.525179645,0.0,87.0,,1.4,,0.267042,,,2025-04-19 09:25:00
5816850.52530852,0.0,87.0,,1.4,,0.271764,,,2025-04-19 09:30:00
5816851.525437395,0.0,87.0,,1.4,,0.256938,,,2025-04-19 09:35:00
5816852.525566271,0.0,87.0,,1.4,,0.253123,,,2025-04-19 09:40:00
5816853.525695146,0.0,86.0,,1.4,,0.300862,,,2025-04-19 09:45:00
5816854.525824021,0.0,85.0,,1.4,,0.289946,,,2025-04-19 09:50:00
5816855.525952896,0.0,86.0,,1.4,,0.282091,,,2025-04-19 09:55:00
5816856.526081772,0.0,86.0,,1.4,,0.282782,,,2025-04-19 10:00:00
5816857.526210647,0.0,86.0,,1.4,,0.28538,,,2025-04-19 10:05:00
5816858.526339522,0.0,86.0,,1.4,,0.304569,,,2025-04-19 10:10:00
5816859.526468397,0.0,85.0,,1.4,,0.309769,,,2025-04-19 10:15:00
5816860.526597273,1.0,,75.0,1.4,,0.316026,,,2025-04-19 10:20:00
5816861.526726148,1.0,,,1.4,,0.321498,,,2025-04-19 10:25:00
5816862.526855024,1.0,,,1.4,,0.016045,,,2025-04-19 10:30:00
5816863.526983898,0.0,78.0,75.0,1.4,,0.01399,,,2025-04-19 10:35:00
5816864.527112774,0.0,80.0,,1.4,,0.01607,,,2025-04-19 10:40:00
5816865.527241649,0.0,81.0,,1.4,,0.015635,,,2025-04-19 10:45:00
5816866.527370525,0.0,81.0,,1.4,,0.015723,,,2025-04-19 10:50:00
5816867.527499399,0.0,82.0,,1.4,,0.018595,82.0,,2025-04-19 10:55:00
5816868.527628275,0.0,86.0,,1.4,,0.016845,,,2025-04-19 11:00:00
5816869.52775715,0.0,89.0,,1.4,,0.020989,,,2025-04-19 11:05:00
5816870.527886026,0.0,92.0,,1.4,,0.025156,,,2025-04-19 11:10:00
5816871.5280149,0.0,96.0,,1.4,,0.021035,,,2025-04-19 11:15:00
5816872.528143776,0.0,99.0,,1.4,,0.018514,,,2025-04-19 11:20:00
5816873.528272651,0.0,101.0,,1.4,,0.021462,,11.3,2025-04-19 11:25:00
5816874.528401527,0.0,106.0,,1.4,,0.01293,,,2025-04-19 11:30:00
5816875.528530401,0.0,111.0,,1.4,,0.012249,,,2025-04-19 11:35:00
5816876.528659277,0.0,120.0,,1.4,,0.015713,,,2025-04-19 11:40:00
5816877.528788152,0.0,124.0,,1.4,,0.018321,,,2025-04-19 11:45:00
5816878.528917028,0.0,128.0,,1.4,,0.011216,,,2025-04-19 11:50:00
5816879.529045903,0.0,136.0,,1.4,,0.018685,,,2025-04-19 11:55:00
5816880.529174778,0.0,143.0,,1.4,,0.020336,,,2025-04-19 12:00:00
5816881.529303653,0.0,150.0,,1.4,,0.013919,,,2025-04-19 12:05:00
5816882.529432529,0.0,155.0,,1.4,,0.021297,,,2025-04-19 12:10:00
5816883.529561404,0.0,155.0,,1.4,,0.015964,,,2025-04-19 12:15:00
5816884.529690279,1.0,,,1.4,,0.014874,,,2025-04-19 12:20:00
5816885.529819154,1.0,,,1.4,,0.014304,,,2025-04-19 12:25:00
5816886.52994803,1.0,,,1.4,,0.014917,,,2025-04-19 12:30:00
5816887.530076905,1.0,,,1.4,,0.016103,,,2025-04-19 12:35:00
5816888.53020578,1.0,,,1.4,,0.024184,,,2025-04-19 12:40:00
5816889.530334655,1.0,,,1.4,,0.023882,,,2025-04-19 12:45:00
5816890.530463531,1.0,,,1.4,,0.027223,,,2025-04-19 12:50:00
5816891.530592406,1.0,,,1.4,,0.017347,,,2025-04-19 12:55:00
5816892.530721282,1.0,,,1.4,,0.018886,,,2025-04-19 13:00:00
5816893.530850156,1.0,,,1.4,,0.023267,,,2025-04-19 13:05:00
5816894.530979032,1.0,,,1.4,,0.025391,,,2025-04-19 13:10:00
5816895.531107907,1.0,,,1.4,,0.019351,,,2025-04-19 13:15:00
5816896.531236783,1.0,,,1.4,,0.021642,,,2025-04-19 13:20:00
5816897.531365657,1.0,,,1.4,,0.020911,,,2025-04-19 13:25:00
5816898.531494533,1.0,,,1.4,,0.022718,,,2025-04-19 13:30:00
5816899.531623408,1.0,,,1.4,,0.020768,,,2025-04-19 13:35:00
5816900.531752284,1.0,,,1.4,,0.019692,,,2025-04-19 13:40:00
5816901.531881158,1.0,,,1.4,,0.01772,,,2025-04-19 13:45:00
5816902.532010034,1.0,,,1.4,,0.023542,,,2025-04-19 13:50:00
5816903.532138909,1.0,,,1.4,,0.024287,,,2025-04-19 13:55:00
5816904.532267785,1.0,,,1.4,,0.016757,,,2025-04-19 14:00:00
5816905.53239666,1.0,,,1.4,,0.015378,,,2025-04-19 14:05:00
5816906.532525535,1.0,,,1.4,,0.017231,,,2025-04-19 14:10:00
5816907.53265441,1.0,,,1.4,,0.014242,,,2025-04-19 14:15:00
5816908.532783286,1.0,,,1.4,,0.013389,,,2025-04-19 14:20:00
5816909.532912161,1.0,,163.0,1.4,,0.016379,,1.6,2025-04-19 14:25:00
5816910.533041036,1.0,,,1.4,,0.018407,,,2025-04-19 14:30:00
5816911.533169911,1.0,,,1.4,,0.017623,,,2025-04-19 14:35:00
5816912.533298787,0.0,163.0,163.0,1.4,,0.026702,,,2025-04-19 14:40:00
5816913.533427662,0.0,167.0,,1.4,,0.032652,,0.6,2025-04-19 14:45:00
5816914.533556537,0.0,165.0,,1.4,,0.026349,,,2025-04-19 14:50:00
5816915.533685412,0.0,158.0,,1.4,,0.016201,,,2025-04-19 14:55:00
5816916.533814288,0.0,155.0,,1.4,,0.016728,,,2025-04-19 15:00:00
5816917.533943163,0.0,149.0,,1.4,,0.019858,,,2025-04-19 15:05:00
5816918.534072039,0.0,142.0,,1.4,,0.014641,,,2025-04-19 15:10:00
5816919.534200913,0.0,138.0,,1.4,,0.016981,,,2025-04-19 15:15:00
5816920.534329789,0.0,134.0,,1.4,,0.020854,,,2025-04-19 15:20:00
5816921.534458664,0.0,129.0,,1.4,,0.015219,,,2025-04-19 15:25:00
5816922.53458754,0.0,123.0,,1.4,,0.017334,,,2025-04-19 15:30:00
5816923.534716414,0.0,118.0,,1.4,,0.018904,,,2025-04-19 15:35:00
5816924.53484529,0.0,114.0,,1.4,,0.020089,,,2025-04-19 15:40:00
5816925.534974165,0.0,109.0,,1.4,,0.023165,,,2025-04-19 15:45:00
5816926.535103041,0.0,104.0,,1.4,,0.021425,,,2025-04-19 15:50:00
5816927.535231915,0.0,98.0,,1.4,,0.022482,,,2025-04-19 15:55:00
5816928.535360791,0.0,91.0,,1.4,,0.021463,,,2025-04-19 16:00:00
5816929.535489666,0.0,76.0,,1.4,,0.026625,,,2025-04-19 16:05:00
5816930.535618542,0.0,68.0,,1.4,,0.026587,,,2025-04-19 16:10:00
5816931.535747416,0.0,63.0,,1.4,,0.030427,,,2025-04-19 16:15:00
5816932.535876292,0.0,62.0,,1.4,,0.029309,,,2025-04-19 16:20:00
5816933.536005167,0.0,58.0,,1.4,,0.02848,45.0,,2025-04-19 16:25:00
5816934.536134043,0.0,55.0,,1.4,,0.028503,,,2025-04-19 16:30:00
5816935.536262918,0.0,51.0,,1.4,,0.02158,,,2025-04-19 16:35:00
5816936.536391793,0.0,50.0,,1.4,,0.024977,,,2025-04-19 16:40:00
5816937.536520668,0.0,49.0,,1.4,,0.020855,,,2025-04-19 16:45:00
5816938.536649544,0.0,52.0,,1.4,,0.018425,,,2025-04-19 16:50:00
5816939.536778419,0.0,57.0,,1.4,,0.020833,,,2025-04-19 16:55:00
5816940.536907294,0.0,65.0,,1.4,,0.012921,,,2025-04-19 17:00:00
5816941.537036169,0.0,65.0,,1.4,,0.018341,,,2025-04-19 17:05:00
5816942.537165045,0.0,61.0,121.0,1.4,,0.038905,,5.3,2025-04-19 17:10:00
5816943.53729392,0.0,69.0,,1.4,,0.018534,,,2025-04-19 17:15:00
5816944.537422795,0.0,74.0,,1.4,,0.015047,,,2025-04-19 17:20:00
5816945.53755167,0.0,88.0,121.0,1.4,,0.012387,,,2025-04-19 17:25:00
5816946.537680546,0.0,91.0,,1.4,,0.016607,,,2025-04-19 17:30:00
5816947.537809421,0.0,101.0,,1.4,,0.020227,,,2025-04-19 17:35:00
5816948.537938297,0.0,110.0,,1.4,,0.024834,,,2025-04-19 17:40:00
5816949.538067171,0.0,115.0,,1.4,,0.014948,,,2025-04-19 17:45:00
5816950.538196047,0.0,124.0,,1.4,,0.013675,,,2025-04-19 17:50:00
5816951.538324922,0.0,127.0,,1.4,,0.019585,,,2025-04-19 17:55:00
5816952.538453798,0.0,124.0,,1.4,,0.013128,,3.4,2025-04-19 18:00:00
5816953.538582672,0.0,127.0,,1.4,,0.018841,,,2025-04-19 18:05:00
5816954.538711548,0.0,134.0,,1.4,,0.013703,,,2025-04-19 18:10:00
5816955.538840423,0.0,149.0,,1.4,,0.015428,,,2025-04-19 18:15:00
5816956.538969299,0.0,162.0,,1.4,,0.015201,,,2025-04-19 18:20:00
5816957.539098173,0.0,155.0,,1.4,,0.015953,,,2025-04-19 18:25:00
5816958.539227049,0.0,149.0,,1.4,,0.015626,,,2025-04-19 18:30:00
5816959.539355924,0.0,151.0,,1.4,,0.014552,,,2025-04-19 18:35:00
5816960.5394848,0.0,152.0,,1.4,,0.015386,,,2025-04-19 18:40:00
5816961.539613675,0.0,151.0,,1.4,,0.014543,,,2025-04-19 18:45:00
5816962.53974255,0.0,150.0,,1.4,,0.021925,,,2025-04-19 18:50:00
5816963.539871425,0.0,143.0,,1.4,,0.018956,,,2025-04-19 18:55:00
5816964.540000301,0.0,135.0,,1.4,,0.013893,,,2025-04-19 19:00:00
5816965.540129176,0.0,133.0,,1.4,,0.018038,,,2025-04-19 19:05:00
5816966.540258051,0.0,128.0,,1.4,,0.01538,,,2025-04-19 19:10:00
5816967.540386926,0.0,123.0,,1.4,,0.017518,,,2025-04-19 19:15:00
5816968.540515802,0.0,125.0,,1.4,,0.02606,,,2025-04-19 19:20:00
5816969.540644677,0.0,127.0,,1.4,,0.556715,,,2025-04-19 19:25:00
5816970.540773552,0.0,131.0,,1.4,,2.339412,,,2025-04-19 19:30:00
5816971.540902427,0.0,134.0,,1.4,,3.745046,,,2025-04-19 19:35:00
5816972.541031303,0.0,133.0,,1.4,,2.965389,,,2025-04-19 19:40:00
5816973.541160178,0.0,129.0,,1.4,,3.1669,,,2025-04-19 19:45:00
5816974.541289054,0.0,127.0,,1.4,,2.602912,,,2025-04-19 19:50:00
5816975.541417928,0.0,126.0,,1.4,,1.896402,,,2025-04-19 19:55:00
5816976.541546804,0.0,123.0,,1.4,,1.591851,35.0,,2025-04-19 20:00:00
5816977.541675679,0.0,120.0,,1.4,,1.260123,,,2025-04-19 20:05:00
5816978.541804555,0.0,120.0,,1.4,,1.01085,,,2025-04-19 20:10:00
5816979.541933429,0.0,121.0,,1.4,,1.015886,,,2025-04-19 20:15:00
5816980.542062305,0.0,134.0,,1.4,,0.82799,,,2025-04-19 20:20:00
5816981.54219118,0.0,153.0,,1.4,,0.885432,,,2025-04-19 20:25:00
5816982.542320056,0.0,166.0,,1.4,,0.938613,,,2025-04-19 20:30:00
5816983.54244893,0.0,171.0,,1.4,,0.880055,,2.2,2025-04-19 20:35:00
5816984.542577806,0.0,169.0,,1.4,,0.782294,,,2025-04-19 20:40:00
5816985.542706681,0.0,165.0,,1.4,,0.934851,,,2025-04-19 20:45:00
5816986.542835557,0.0,163.0,,1.4,,0.812344,,,2025-04-19 20:50:00
5816987.542964431,0.0,161.0,,1.4,,0.794932,,,2025-04-19 20:55:00
5816988.543093307,0.0,157.0,,1.4,,0.709675,,,2025-04-19 21:00:00
5816989.543222182,0.0,149.0,,1.4,,0.637014,,,2025-04-19 21:05:00
5816990.543351058,0.0,140.0,,1.4,,0.687482,,,2025-04-19 21:10:00
5816991.543479933,0.0,136.0,,1.4,,0.587615,,,2025-04-19 21:15:00
5816992.543608808,0.0,137.0,,1.4,,0.671859,,,2025-04-19 21:20:00
5816993.543737683,0.0,140.0,,1.4,,0.680883,,,2025-04-19 21:25:00
5816994.543866559,0.0,142.0,,1.4,,0.422582,,,2025-04-19 21:30:00
5816995.543995434,0.0,146.0,,1.4,,0.346726,,,2025-04-19 21:35:00
5816996.544124309,0.0,150.0,,1.4,,0.013051,,,2025-04-19 21:40:00
5816997.544253184,0.0,153.0,,1.4,,0.146178,,,2025-04-19 21:45:00
5816998.54438206,0.0,156.0,,1.4,,0.173359,,,2025-04-19 21:50:00
5816999.544510935,0.0,156.0,,1.4,,0.196544,,,2025-04-19 21:55:00
5817000.54463981,0.0,153.0,,1.4,,0.161681,,,2025-04-19 22:00:00
5817001.5447686855,0.0,150.0,,1.4,,0.149816,,,2025-04-19 22:05:00
5817002.544897561,0.0,148.0,,1.4,,0.13648,,,2025-04-19 22:10:00
5817003.545026436,0.0,149.0,,1.4,,0.14855,,,2025-04-19 22:15:00
5817004.545155312,0.0,151.0,,1.4,,0.263276,,,2025-04-19 22:20:00
5817005.5452841865,0.0,158.0,,1.4,,0.462478,,,2025-04-19 22:25:00
5817006.545413062,0.0,156.0,,1.4,,0.343282,,,2025-04-19 22:30:00
5817007.545541937,0.0,156.0,,1.4,,0.258275,,,2025-04-19 22:35:00
5817008.545670813,0.0,154.0,,1.4,,0.191282,,0.7,2025-04-19 22:40:00
5817009.5457996875,0.0,152.0,,1.4,,0.183025,,,2025-04-19 22:45:00
5817010.545928563,0.0,150.0,,1.4,,0.181482,,,2025-04-19 22:50:00
5817011.5460574385,0.0,156.0,,1.4,,0.176218,,,2025-04-19 22:55:00
5817012.546186314,0.0,165.0,,1.4,,0.142044,,,2025-04-19 23:00:00
5817013.5463151885,0.0,157.0,,1.4,,0.131327,,,2025-04-19 23:05:00
5817014.546444064,0.0,153.0,,1.4,,0.143355,,,2025-04-19 23:10:00
5817015.5465729395,0.0,148.0,,1.4,,0.139044,,,2025-04-19 23:15:00
5817016.546701815,0.0,142.0,,1.4,,0.142384,,,2025-04-19 23:20:00
5817017.5468306905,0.0,138.0,,1.4,,0.032874,,,2025-04-19 23:25:00
5817018.546959565,0.0,135.0,118.0,1.4,,0.070238,,,2025-04-19 23:30:00
5817019.5470884405,0.0,141.0,,1.4,,0.103215,,,2025-04-19 23:35:00
5817020.547217316,0.0,143.0,,1.4,,0.10232,,,2025-04-19 23:40:00
5817021.5473461915,0.0,133.0,,1.4,,0.058739,,,2025-04-19 23:45:00
5817022.547475066,0.0,115.0,118.0,1.4,,0.063148,,,2025-04-19 23:50:00
5817023.5476039415,0.0,106.0,,1.4,,0.106568,,,2025-04-19 23:55:00
5817024.547732817,0.0,100.0,,1.4,,0.075242,,,2025-04-20 00:00:00
5817025.5478616925,0.0,96.0,,1.4,,0.106169,,,2025-04-20 00:05:00
5817026.547990567,0.0,93.0,,1.4,,0.541512,,,2025-04-20 00:10:00
5817027.548119443,0.0,92.0,,1.4,,0.856607,,,2025-04-20 00:15:00
5817028.548248318,0.0,101.0,,1.4,,0.442038,,,2025-04-20 00:20:00
5817029.5483771935,0.0,110.0,,1.4,,0.273563,,,2025-04-20 00:25:00
5817030.548506069,0.0,106.0,,1.4,,0.236082,,,2025-04-20 00:30:00
5817031.548634944,0.0,98.0,,1.4,,0.246172,,,2025-04-20 00:35:00
5817032.548763819,0.0,91.0,,1.4,,0.171798,,,2025-04-20 00:40:00
5817033.5488926945,0.0,84.0,,1.4,,0.172207,,,2025-04-20 00:45:00
5817034.54902157,0.0,79.0,,1.4,,0.167502,,,2025-04-20 00:50:00
5817035.549150445,0.0,77.0,,1.4,,0.152048,,,2025-04-20 00:55:00
5817036.54927932,0.0,78.0,,1.4,,0.156893,,,2025-04-20 01:00:00
5817037.549408196,0.0,82.0,,1.4,,0.15706,,,2025-04-20 01:05:00
5817038.549537071,0.0,87.0,,1.4,,0.155642,,,2025-04-20 01:10:00
5817039.549665946,0.0,92.0,,1.4,,0.151896,,,2025-04-20 01:15:00
5817040.549794821,0.0,103.0,,1.4,,0.152265,,,2025-04-20 01:20:00
5817041.549923697,0.0,109.0,,1.4,,0.150887,,,2025-04-20 01:25:00
5817042.550052572,0.0,114.0,,1.4,,0.142899,,,2025-04-20 01:30:00
5817043.550181447,0.0,118.0,,1.4,,0.14224,,,2025-04-20 01:35:00
5817044.550310322,0.0,122.0,,1.4,,0.144973,,,2025-04-20 01:40:00
5817045.550439198,0.0,126.0,,1.4,,0.140007,,,2025-04-20 01:45:00
5817046.550568073,0.0,127.0,,1.4,,0.219737,,,2025-04-20 01:50:00
5817047.550696949,0.0,129.0,,1.4,,0.140023,,,2025-04-20 01:55:00
5817048.550825823,0.0,131.0,,1.4,,0.131958,,,2025-04-20 02:00:00
5817049.550954699,0.0,132.0,,1.4,,0.130856,,,2025-04-20 02:05:00
5817050.551083574,0.0,133.0,,1.4,,0.128169,,,2025-04-20 02:10:00
5817051.55121245,0.0,134.0,,1.4,,0.126479,,,2025-04-20 02:15:00
5817052.551341324,0.0,135.0,,1.4,,0.125236,,,2025-04-20 02:20:00
5817053.5514702,0.0,135.0,,1.4,,0.135844,,,2025-04-20 02:25:00
5817054.551599075,0.0,136.0,,1.4,,0.132994,,,2025-04-20 02:30:00
5817055.551727951,0.0,137.0,,1.4,,0.132819,,,2025-04-20 02:35:00
5817056.551856825,0.0,138.0,,1.4,,0.127346,,,2025-04-20 02:40:00
5817057.551985701,0.0,139.0,,1.4,,0.126589,,,2025-04-20 02:45:00
5817058.552114576,0.0,139.0,,1.4,,0.132133,,,2025-04-20 02:50:00
5817059.552243452,0.0,139.0,,1.4,,0.129777,,,2025-04-20 02:55:00
5817060.552372327,0.0,138.0,,1.4,,0.128208,,,2025-04-20 03:00:00
5817061.552501202,0.0,138.0,,1.4,,0.128537,,,2025-04-20 03:05:00
5817062.552630077,0.0,137.0,,1.4,,0.127997,,,2025-04-20 03:10:00
5817063.552758953,0.0,137.0,,1.4,,0.126128,,,2025-04-20 03:15:00
5817064.552887828,0.0,137.0,,1.4,,0.124597,,,2025-04-20 03:20:00
5817065.553016703,0.0,136.0,,1.4,,0.122866,,,2025-04-20 03:25:00
5817066.553145578,0.0,136.0,,1.4,,0.165324,,,2025-04-20 03:30:00
5817067.553274454,0.0,135.0,,1.4,,0.12921,,,2025-04-20 03:35:00
5817068.553403329,0.0,133.0,,1.4,,0.122157,,,2025-04-20 03:40:00
5817069.553532204,0.0,133.0,,1.4,,0.122056,,,2025-04-20 03:45:00
5817070.553661079,0.0,134.0,,1.4,,0.11946,,,2025-04-20 03:50:00
5817071.553789955,0.0,133.0,,1.4,,0.120151,,,2025-04-20 03:55:00
5817072.55391883,0.0,134.0,,1.4,,0.118313,,,2025-04-20 04:00:00
5817073.554047706,0.0,135.0,,1.4,,0.116203,,,2025-04-20 04:05:00
5817074.55417658,0.0,136.0,,1.4,,0.11341,,,2025-04-20 04:10:00
5817075.554305456,0.0,135.0,,1.4,,0.136752,,,2025-04-20 04:15:00
5817076.554434331,0.0,127.0,,1.4,,0.126673,,,2025-04-20 04:20:00
5817077.554563207,0.0,113.0,,1.4,,0.125067,,,2025-04-20 04:25:00
5817078.554692081,0.0,120.0,,1.4,,0.131454,,,2025-04-20 04:30:00
5817079.554820957,0.0,122.0,,1.4,,0.133868,,,2025-04-20 04:35:00
5817080.554949832,0.0,123.0,,1.4,,0.114088,,,2025-04-20 04:40:00
5817081.555078708,0.0,124.0,,1.4,,0.116049,,,2025-04-20 04:45:00
5817082.555207582,0.0,125.0,,1.4,,0.123237,,,2025-04-20 04:50:00
5817083.555336458,0.0,125.0,,1.4,,0.129111,,,2025-04-20 04:55:00
5817084.555465333,0.0,125.0,,1.4,,0.127614,,0.3,2025-04-20 05:00:00
5817085.555594209,0.0,126.0,,1.4,,0.11821,,,2025-04-20 05:05:00
5817086.555723084,0.0,129.0,,1.4,,0.118513,,,2025-04-20 05:10:00
5817087.555851959,0.0,129.0,,1.4,,0.11626,,,2025-04-20 05:15:00
5817088.555980834,0.0,125.0,,1.4,,0.117233,,,2025-04-20 05:20:00
5817089.55610971,0.0,122.0,,1.4,,0.115977,,,2025-04-20 05:25:00
5817090.556238585,0.0,121.0,,1.4,,0.116221,,,2025-04-20 05:30:00
5817091.55636746,0.0,120.0,,1.4,,0.0,,,2025-04-20 05:35:00
5817092.556496335,0.0,119.0,,1.4,,,,,2025-04-20 05:40:00
5817093.556625211,0.0,119.0,,1.4,,,,,2025-04-20 05:45:00
5817094.556754086,0.0,118.0,,1.4,,,,,2025-04-20 05:50:00
5817095.556882961,0.0,118.0,,1.4,,,,,2025-04-20 05:55:00
5817096.557011836,0.0,118.0,,1.4,,,,,2025-04-20 06:00:00
5817097.557140712,0.0,117.0,,1.4,,,,,2025-04-20 06:05:00
5817098.557269587,0.0,117.0,,1.4,,,,,2025-04-20 06:10:00
5817099.557398462,0.0,117.0,,1.4,,,,,2025-04-20 06:15:00
5817100.557527337,0.0,116.0,,1.4,,,,,2025-04-20 06:20:00
5817101.557656213,0.0,114.0,,1.4,,,,,2025-04-20 06:25:00
5817102.557785088,0.0,114.0,,1.4,,,,,2025-04-20 06:30:00
5817103.557913964,0.0,114.0,,1.4,,,,,2025-04-20 06:35:00
5817104.558042838,0.0,113.0,,1.4,,,,,2025-04-20 06:40:00
5817105.558171714,0.0,112.0,,1.4,,,,,2025-04-20 06:45:00
5817106.558300589,0.0,109.0,,1.4,,,,,2025-04-20 06:50:00
5817107.558429465,0.0,107.0,,1.4,,,,,2025-04-20 06:55:00
5817108.558558339,0.0,105.0,,1.4,,,,,2025-04-20 07:00:00
5817109.558687215,0.0,103.0,,1.4,,,,,2025-04-20 07:05:00
5817110.55881609,0.0,102.0,,1.4,,,,,2025-04-20 07:10:00
5817111.558944966,0.0,102.0,,1.4,,,,,2025-04-20 07:15:00
5817112.55907384,0.0,102.0,,1.4,,,,,2025-04-20 07:20:00
5817113.559202716,0.0,102.0,,1.4,,,,,2025-04-20 07:25:00
5817114.559331591,0.0,102.0,,1.4,,,,,2025-04-20 07:30:00
5817115.559460467,0.0,101.0,,1.4,,,,,2025-04-20 07:35:00
5817116.559589342,0.0,100.0,,1.4,,,,,2025-04-20 07:40:00
5817117.559718217,0.0,100.0,,1.4,,,,,2025-04-20 07:45:00
5817118.559847092,0.0,100.0,,1.4,,,,,2025-04-20 07:50:00
5817119.559975968,0.0,99.0,,1.4,,,,,2025-04-20 07:55:00
5817120.560104843,0.0,96.0,,1.4,,,,,2025-04-20 08:00:00
5817121.560233718,0.0,92.0,,1.4,,,,,2025-04-20 08:05:00
5817122.560362593,0.0,90.0,,1.4,,,,,2025-04-20 08:10:00
5817123.560491469,0.0,90.0,,1.4,,,,,2025-04-20 08:15:00
5817124.560620344,0.0,89.0,,1.4,,,,,2025-04-20 08:20:00
5817125.560749219,0.0,89.0,,1.4,,,,,2025-04-20 08:25:00
5817126.560878094,0.0,89.0,,1.4,,,,,2025-04-20 08:30:00
5817127.56100697,0.0,89.0,,1.4,,,,,2025-04-20 08:35:00
5817128.561135845,0.0,89.0,,1.4,,,,,2025-04-20 08:40:00
5817129.561264721,0.0,89.0,,1.4,,,,,2025-04-20 08:45:00
5817130.561393595,0.0,89.0,,1.4,,,,,2025-04-20 08:50:00
5817131.561522471,0.0,88.0,,1.4,,,,,2025-04-20 08:55:00
5817132.561651346,0.0,89.0,,1.4,,,,,2025-04-20 09:00:00
5817133.561780222,0.0,85.0,,1.4,,,,,2025-04-20 09:05:00
5817134.561909096,0.0,80.0,,1.4,,,,,2025-04-20 09:10:00
5817135.562037972,0.0,81.0,80.0,1.4,,,,,2025-04-20 09:15:00
5817136.562166847,0.0,81.0,,1.4,,,,,2025-04-20 09:20:00
5817137.562295723,0.0,81.0,,1.4,,,,,2025-04-20 09:25:00
5817138.562424597,0.0,82.0,80.0,1.4,,,,,2025-04-20 09:30:00
5817139.562553473,0.0,82.0,,1.4,,,,,2025-04-20 09:35:00
5817140.562682348,0.0,82.0,,1.4,,,,,2025-04-20 09:40:00
5817141.562811224,0.0,82.0,,1.4,,,,,2025-04-20 09:45:00
5817142.562940099,0.0,83.0,,1.4,,,,,2025-04-20 09:50:00
5817143.563068974,0.0,86.0,,1.4,,,,,2025-04-20 09:55:00
5817144.563197849,0.0,86.0,,1.4,,,,,2025-04-20 10:00:00
5817145.563326725,0.0,85.0,,1.4,,,45.0,,2025-04-20 10:05:00
5817146.5634556,0.0,85.0,,1.4,,,,,2025-04-20 10:10:00
5817147.563584475,0.0,85.0,,1.4,,,,,2025-04-20 10:15:00
5817148.56371335,0.0,88.0,,1.4,,,,,2025-04-20 10:20:00
5817149.563842226,0.0,97.0,,1.4,,,,,2025-04-20 10:25:00
5817150.563971101,0.0,109.0,,1.4,,,,,2025-04-20 10:30:00
5817151.564099976,0.0,118.0,,1.4,,,,,2025-04-20 10:35:00
5817152.564228851,0.0,123.0,,1.4,,,,,2025-04-20 10:40:00
5817153.564357727,0.0,127.0,,1.4,,,,,2025-04-20 10:45:00
5817154.564486602,0.0,140.0,,1.4,,,,7.6,2025-04-20 10:50:00
5817155.564615477,0.0,154.0,,1.4,,,,,2025-04-20 10:55:00
5817156.564744352,0.0,166.0,,1.4,,,,,2025-04-20 11:00:00
5817157.564873228,0.0,177.0,,1.4,,,,,2025-04-20 11:05:00
5817158.565002103,0.0,190.0,,1.4,,,,,2025-04-20 11:10:00
5817159.565130979,0.0,201.0,,1.4,,,,,2025-04-20 11:15:00
5817160.565259853,0.0,211.0,,1.4,,,,,2025-04-20 11:20:00
5817161.565388729,0.0,216.0,,1.4,,,,,2025-04-20 11:25:00
5817162.565517604,0.0,220.0,,1.4,,,,,2025-04-20 11:30:00
5817163.56564648,0.0,220.0,,1.4,,,,,2025-04-20 11:35:00
5817164.565775354,0.0,219.0,,1.4,,,,,2025-04-20 11:40:00
5817165.56590423,0.0,216.0,,1.4,,,,,2025-04-20 11:45:00
5817166.566033105,0.0,215.0,,1.4,,,,,2025-04-20 11:50:00
5817167.566161981,0.0,211.0,,1.4,,,,,2025-04-20 11:55:00
5817168.566290855,0.0,206.0,,1.4,,,,,2025-04-20 12:00:00
5817169.566419731,0.0,204.0,,1.4,,,,2.6,2025-04-20 12:05:00
5817170.566548606,0.0,199.0,,1.4,,,,,2025-04-20 12:10:00
5817171.566677482,0.0,193.0,,1.4,,,,,2025-04-20 12:15:00
5817172.566806357,0.0,191.0,,1.4,,,,,2025-04-20 12:20:00
5817173.566935232,0.0,186.0,,1.4,,,,,2025-04-20 12:25:00
5817174.567064107,0.0,178.0,,1.4,,,,,2025-04-20 12:30:00
5817175.567192983,0.0,172.0,,1.4,,,,,2025-04-20 12:35:00
5817176.567321858,0.0,164.0,,1.4,,,,,2025-04-20 12:40:00
5817177.567450733,0.0,156.0,,1.4,,,,,2025-04-20 12:45:00
5817178.567579608,0.0,148.0,,1.4,,,,,2025-04-20 12:50:00
5817179.567708484,0.0,140.0,,1.4,,,,,2025-04-20 12:55:00
5817180.567837359,0.0,133.0,,1.4,,,,,2025-04-20 13:00:00
5817181.567966234,0.0,127.0,,1.4,,,,,2025-04-20 13:05:00
5817182.568095109,0.0,123.0,,1.4,,,,,2025-04-20 13:10:00
5817183.568223985,0.0,120.0,,1.4,,,,,2025-04-20 13:15:00
5817184.56835286,0.0,115.0,,1.4,,,,,2025-04-20 13:20:00
5817185.568481736,0.0,110.0,,1.4,,,,,2025-04-20 13:25:00
5817186.56861061,0.0,106.0,,1.4,,,,,2025-04-20 13:30:00
5817187.568739486,0.0,101.0,,1.4,,,,,2025-04-20 13:35:00
5817188.568868361,0.0,95.0,,1.4,,,,,2025-04-20 13:40:00
5817189.568997237,0.0,88.0,,1.4,,,,,2025-04-20 13:45:00
5817190.569126111,0.0,83.0,,1.4,,,,,2025-04-20 13:50:00
5817191.569254987,0.0,80.0,,1.4,,,,,2025-04-20 13:55:00
5817192.569383862,0.0,75.0,,1.4,,,,,2025-04-20 14:00:00
5817193.569512738,0.0,73.0,,1.4,,,,,2025-04-20 14:05:00
5817194.5696416125,0.0,72.0,,1.4,,,,,2025-04-20 14:10:00
5817195.569770488,0.0,72.0,,1.4,,,,,2025-04-20 14:15:00
5817196.569899363,0.0,75.0,,1.4,,,,,2025-04-20 14:20:00
5817197.570028239,0.0,78.0,,1.4,,,,,2025-04-20 14:25:00
5817198.570157114,0.0,80.0,,1.4,,,,,2025-04-20 14:30:00
5817199.570285989,0.0,83.0,,1.4,,,,,2025-04-20 14:35:00
5817200.570414864,0.0,89.0,,1.4,,,,,2025-04-20 14:40:00
5817201.57054374,0.0,95.0,,1.4,,,,,2025-04-20 14:45:00
5817202.570672615,0.0,98.0,,1.4,,,,,2025-04-20 14:50:00
5817203.57080149,0.0,102.0,,1.4,,,,,2025-04-20 14:55:00
5817204.5709303655,0.0,108.0,,1.4,,,,,2025-04-20 15:00:00
5817205.571059241,0.0,116.0,,1.4,,,,,2025-04-20 15:05:00
5817206.571188116,0.0,126.0,,1.4,,,,4.2,2025-04-20 15:10:00
5817207.571316991,0.0,136.0,,1.4,,,,,2025-04-20 15:15:00
5817208.5714458665,0.0,146.0,,1.4,,,,,2025-04-20 15:20:00
5817209.571574742,0.0,154.0,,1.4,,,45.0,,2025-04-20 15:25:00
5817210.571703617,0.0,161.0,,1.4,,,,,2025-04-20 15:30:00
5817211.571832492,0.0,166.0,,1.4,,,,,2025-04-20 15:35:00
5817212.5719613675,0.0,171.0,,1.4,,,,,2025-04-20 15:40:00
5817213.572090243,0.0,175.0,,1.4,,,,,2025-04-20 15:45:00
5817214.5722191185,0.0,177.0,,1.4,,,,,2025-04-20 15:50:00
5817215.572347994,0.0,179.0,,1.4,,,,,2025-04-20 15:55:00
5817216.5724768685,0.0,180.0,,1.4,,,,,2025-04-20 16:00:00
5817217.572605744,0.0,179.0,,1.4,,,,,2025-04-20 16:05:00
5817218.5727346195,0.0,180.0,,1.4,,0.017356,,,2025-04-20 16:10:00
5817219.572863495,0.0,182.0,,1.4,,0.022672,,,2025-04-20 16:15:00
5817220.5729923695,0.0,187.0,,1.4,,0.028294,,,2025-04-20 16:20:00
5817221.573121245,0.0,189.0,,1.4,,0.028268,,,2025-04-20 16:25:00
5817222.5732501205,0.0,191.0,,1.4,,0.035374,,,2025-04-20 16:30:00
5817223.573378996,0.0,189.0,,1.4,,0.035706,,,2025-04-20 16:35:00
5817224.573507871,0.0,189.0,,1.4,,0.033568,,2.1,2025-04-20 16:40:00
5817225.573636746,0.0,192.0,,1.4,,0.034801,,,2025-04-20 16:45:00
5817226.5737656215,0.0,197.0,,1.4,,0.036675,,,2025-04-20 16:50:00
5817227.573894497,0.0,200.0,,1.4,,0.03829,,,2025-04-20 16:55:00
5817228.5740233725,0.0,204.0,,1.4,,0.04268,,,2025-04-20 17:00:00
5817229.574152247,0.0,208.0,,1.4,,0.047771,,,2025-04-20 17:05:00
5817230.574281123,0.0,212.0,,1.4,,0.05642,,,2025-04-20 17:10:00
5817231.574409998,0.0,216.0,,1.4,,0.044728,,,2025-04-20 17:15:00
5817232.5745388735,0.0,221.0,,1.4,,0.040594,,,2025-04-20 17:20:00
5817233.574667748,0.0,229.0,,1.4,,0.053932,,,2025-04-20 17:25:00
5817234.574796624,0.0,234.0,,1.4,,0.050007,,,2025-04-20 17:30:00
5817235.574925499,0.0,240.0,,1.4,,0.059748,,,2025-04-20 17:35:00
5817236.5750543745,0.0,246.0,,1.4,,0.069394,,,2025-04-20 17:40:00
5817237.575183249,0.0,251.0,,1.4,,0.081694,,3.8,2025-04-20 17:45:00
5817238.575312125,0.0,259.0,,1.4,,0.077986,,,2025-04-20 17:50:00
5817239.575441,0.0,268.0,,1.4,,0.08405,,,2025-04-20 17:55:00
5817240.575569876,0.0,270.0,,1.4,,0.095677,,,2025-04-20 18:00:00
5817241.575698751,0.0,269.0,,1.4,,0.089159,,,2025-04-20 18:05:00
5817242.575827626,0.0,267.0,,1.4,,0.091642,,,2025-04-20 18:10:00
5817243.575956501,0.0,263.0,,1.4,,0.163437,,,2025-04-20 18:15:00
5817244.576085377,0.0,257.0,,1.4,,0.082098,,,2025-04-20 18:20:00
5817245.576214252,0.0,251.0,,1.4,,0.080093,,,2025-04-20 18:25:00
5817246.576343127,0.0,244.0,,1.4,,0.459113,,,2025-04-20 18:30:00
5817247.576472002,0.0,238.0,,1.4,,0.275228,,,2025-04-20 18:35:00
5817248.576600878,0.0,232.0,,1.4,,0.314634,,,2025-04-20 18:40:00
5817249.576729753,0.0,225.0,,1.4,,0.45291,,,2025-04-20 18:45:00
5817250.576858628,0.0,219.0,,1.4,,0.650662,,,2025-04-20 18:50:00
5817251.576987503,0.0,214.0,,1.4,,0.226148,,1.0,2025-04-20 18:55:00
5817252.577116379,0.0,208.0,,1.4,,0.182143,,,2025-04-20 19:00:00
5817253.577245254,0.0,204.0,,1.4,,0.154463,,,2025-04-20 19:05:00
5817254.57737413,0.0,200.0,,1.4,,0.145538,108.0,,2025-04-20 19:10:00
5817255.577503004,0.0,195.0,,1.4,,0.1375,,,2025-04-20 19:15:00
5817256.57763188,0.0,191.0,,1.4,,0.133516,,,2025-04-20 19:20:00
5817257.577760755,0.0,189.0,,1.4,,0.125077,,8.8,2025-04-20 19:25:00
5817258.577889631,0.0,190.0,,1.4,,0.118885,,,2025-04-20 19:30:00
5817259.578018505,0.0,192.0,,1.4,,0.104689,,,2025-04-20 19:35:00
5817260.578147381,0.0,195.0,,1.4,,0.10351,,2.3,2025-04-20 19:40:00
5817261.578276256,0.0,196.0,,1.4,,0.097108,,6.9,2025-04-20 19:45:00
5817262.578405132,0.0,196.0,,1.4,,0.080996,,,2025-04-20 19:50:00
5817263.578534006,0.0,196.0,,1.4,,0.080737,,,2025-04-20 19:55:00
5817264.578662882,0.0,195.0,,1.4,,0.078109,,,2025-04-20 20:00:00
5817265.578791757,0.0,192.0,,1.4,,0.073838,,,2025-04-20 20:05:00
5817266.578920633,0.0,189.0,,1.4,,0.072267,,,2025-04-20 20:10:00
5817267.579049507,0.0,187.0,,1.4,,0.042799,,,2025-04-20 20:15:00
5817268.579178383,0.0,182.0,,1.4,,0.042785,,,2025-04-20 20:20:00
5817269.579307258,0.0,177.0,,1.4,,0.044479,,,2025-04-20 20:25:00
5817270.579436134,0.0,172.0,,1.4,,0.049676,,,2025-04-20 20:30:00
5817271.579565009,0.0,168.0,,1.4,,0.053827,,,2025-04-20 20:35:00
5817272.579693884,0.0,167.0,,1.4,,0.055327,,,2025-04-20 20:40:00
5817273.579822759,0.0,165.0,,1.4,,0.063042,,,2025-04-20 20:45:00
5817274.579951635,0.0,163.0,,1.4,,0.024646,,,2025-04-20 20:50:00
5817275.58008051,0.0,161.0,,1.4,,0.039884,,,2025-04-20 20:55:00
5817276.580209385,0.0,161.0,,1.4,,0.048826,,,2025-04-20 21:00:00
5817277.58033826,0.0,159.0,,1.4,,0.054296,,,2025-04-20 21:05:00
5817278.580467136,0.0,156.0,,1.4,,0.057973,,,2025-04-20 21:10:00
5817279.580596011,0.0,155.0,,1.4,,0.060629,,,2025-04-20 21:15:00
5817280.580724886,1.0,,,1.4,,0.06367,,,2025-04-20 21:20:00
5817281.580853761,1.0,,,1.4,,0.066922,,,2025-04-20 21:25:00
5817282.580982637,1.0,,,1.4,,0.073872,,,2025-04-20 21:30:00
5817283.581111512,1.0,,148.0,1.4,,0.079629,,,2025-04-20 21:35:00
5817284.581240388,1.0,,,1.4,,0.081059,,,2025-04-20 21:40:00
5817285.581369262,0.0,154.0,148.0,1.4,,0.069714,,,2025-04-20 21:45:00
5817286.581498138,0.0,159.0,,1.4,,0.070185,,1.0,2025-04-20 21:50:00
5817287.581627013,0.0,166.0,,1.4,,0.06974,,,2025-04-20 21:55:00
5817288.581755889,0.0,172.0,,1.4,,0.070387,,2.6,2025-04-20 22:00:00
5817289.581884763,0.0,177.0,,1.4,,0.062455,,,2025-04-20 22:05:00
5817290.582013639,0.0,181.0,,1.4,,0.063468,,,2025-04-20 22:10:00
5817291.582142514,0.0,183.0,,1.4,,0.063627,,,2025-04-20 22:15:00
5817292.58227139,0.0,187.0,,1.4,,0.067675,,,2025-04-20 22:20:00
5817293.582400264,0.0,192.0,,1.4,,0.072718,,,2025-04-20 22:25:00
5817294.58252914,0.0,195.0,,1.4,,0.077116,,,2025-04-20 22:30:00
5817295.582658015,0.0,197.0,,1.4,,0.084355,,,2025-04-20 22:35:00
5817296.582786891,0.0,199.0,,1.4,,0.134494,,,2025-04-20 22:40:00
5817297.582915766,0.0,199.0,,1.4,,0.268596,,,2025-04-20 22:45:00
5817298.583044641,0.0,198.0,,1.4,,0.398618,,,2025-04-20 22:50:00
5817299.583173516,0.0,197.0,,1.4,,0.303128,,,2025-04-20 22:55:00
5817300.583302392,0.0,194.0,,1.4,,0.223461,,,2025-04-20 23:00:00
5817301.583431267,0.0,192.0,,1.4,,0.187774,,,2025-04-20 23:05:00
5817302.583560142,0.0,190.0,,1.4,,0.170005,,1.5,2025-04-20 23:10:00
5817303.583689017,0.0,188.0,,1.4,,0.141304,,,2025-04-20 23:15:00
5817304.583817893,0.0,186.0,,1.4,,0.134941,,,2025-04-20 23:20:00
5817305.583946768,0.0,185.0,,1.4,,0.127568,,,2025-04-20 23:25:00
5817306.584075643,0.0,185.0,,1.4,,0.119746,,,2025-04-20 23:30:00
5817307.584204518,0.0,185.0,,1.4,,0.136319,,,2025-04-20 23:35:00
5817308.584333394,0.0,185.0,,1.4,,0.154886,,,2025-04-20 23:40:00
5817309.584462269,0.0,184.0,,1.4,,0.153148,,,2025-04-20 23:45:00
5817310.584591145,0.0,182.0,,1.4,,0.108812,,,2025-04-20 23:50:00
5817311.584720019,0.0,180.0,,1.4,,0.105645,,,2025-04-20 23:55:00
5817312.584848895,0.0,179.0,,1.4,,0.114623,,,2025-04-21 00:00:00
5817313.58497777,0.0,178.0,,1.4,,0.161381,,,2025-04-21 00:05:00
5817314.585106646,0.0,177.0,,1.4,,0.195576,,,2025-04-21 00:10:00
5817315.58523552,0.0,175.0,,1.4,,0.395849,,,2025-04-21 00:15:00
5817316.585364396,0.0,173.0,,1.4,,0.319117,,1.3,2025-04-21 00:20:00
5817317.585493271,0.0,170.0,,1.4,,0.372445,,,2025-04-21 00:25:00
5817318.585622147,0.0,167.0,,1.4,,0.497731,,,2025-04-21 00:30:00
5817319.585751021,0.0,165.0,,1.4,,0.574139,,,2025-04-21 00:35:00
5817320.585879897,0.0,162.0,,1.4,,0.593635,,,2025-04-21 00:40:00
5817321.586008772,0.0,161.0,,1.4,,0.569151,,,2025-04-21 00:45:00
5817322.586137648,0.0,160.0,,1.4,,0.651471,,,2025-04-21 00:50:00
5817323.586266522,0.0,160.0,,1.4,,0.706396,,,2025-04-21 00:55:00
5817324.586395398,0.0,158.0,,1.4,,0.743685,,,2025-04-21 01:00:00
5817325.586524273,0.0,156.0,,1.4,,0.809993,,,2025-04-21 01:05:00
5817326.586653149,0.0,155.0,,1.4,,0.919105,,,2025-04-21 01:10:00
5817327.586782024,0.0,152.0,,1.4,,0.760265,,,2025-04-21 01:15:00
5817328.586910899,0.0,149.0,,1.4,,0.676596,,,2025-04-21 01:20:00
5817329.587039774,0.0,147.0,,1.4,,0.62616,,,2025-04-21 01:25:00
5817330.58716865,0.0,145.0,,1.4,,0.575857,,,2025-04-21 01:30:00
5817331.587297525,0.0,144.0,,1.4,,0.50346,,,2025-04-21 01:35:00
5817332.5874264,0.0,143.0,,1.4,,0.458853,,,2025-04-21 01:40:00
5817333.587555275,0.0,141.0,,1.4,,0.661918,,,2025-04-21 01:45:00
5817334.587684151,0.0,139.0,,1.4,,0.536569,,,2025-04-21 01:50:00
5817335.587813026,0.0,138.0,,1.4,,0.528472,,,2025-04-21 01:55:00
5817336.587941901,0.0,137.0,,1.4,,0.56377,,,2025-04-21 02:00:00
5817337.588070776,0.0,136.0,,1.4,,0.644108,,,2025-04-21 02:05:00
5817338.588199652,0.0,135.0,,1.4,,0.747753,,,2025-04-21 02:10:00
5817339.588328527,0.0,134.0,,1.4,,0.854604,,,2025-04-21 02:15:00
5817340.588457403,0.0,132.0,,1.4,,0.707394,,,2025-04-21 02:20:00
5817341.588586277,0.0,131.0,,1.4,,0.670974,,,2025-04-21 02:25:00
5817342.588715153,0.0,130.0,,1.4,,0.642285,,,2025-04-21 02:30:00
5817343.588844028,0.0,128.0,,1.4,,0.64281,,,2025-04-21 02:35:00
5817344.588972904,0.0,127.0,,1.4,,0.624307,,,2025-04-21 02:40:00
5817345.589101778,0.0,125.0,,1.4,,0.626001,,,2025-04-21 02:45:00
5817346.589230654,0.0,124.0,,1.4,,0.687227,,,2025-04-21 02:50:00
5817347.589359529,0.0,123.0,,1.4,,0.736967,,,2025-04-21 02:55:00
5817348.589488405,0.0,121.0,,1.4,,0.715931,,,2025-04-21 03:00:00
5817349.589617279,0.0,120.0,,1.4,,0.651191,,,2025-04-21 03:05:00
5817350.589746155,0.0,119.0,,1.4,,0.630104,,,2025-04-21 03:10:00
5817351.58987503,0.0,117.0,,1.4,,0.609008,,,2025-04-21 03:15:00
5817352.590003906,0.0,116.0,,1.4,,0.593783,,,2025-04-21 03:20:00
5817353.590132781,0.0,114.0,,1.4,,0.500027,,,2025-04-21 03:25:00
5817354.590261656,0.0,112.0,,1.4,,0.454194,,,2025-04-21 03:30:00
5817355.590390531,0.0,110.0,,1.4,,0.45331,,,2025-04-21 03:35:00
5817356.590519407,0.0,107.0,,1.4,,0.500971,,,2025-04-21 03:40:00
5817357.590648282,0.0,106.0,,1.4,,0.649958,,,2025-04-21 03:45:00
5817358.590777157,0.0,108.0,,1.4,,0.680891,,,2025-04-21 03:50:00
5817359.590906032,0.0,109.0,,1.4,,0.710531,,,2025-04-21 03:55:00
5817360.591034908,0.0,110.0,,1.4,,0.725186,,,2025-04-21 04:00:00
5817361.591163783,0.0,111.0,,1.4,,0.667335,,,2025-04-21 04:05:00
5817362.591292658,0.0,112.0,,1.4,,0.679808,,,2025-04-21 04:10:00
5817363.591421533,0.0,113.0,,1.4,,0.617424,,,2025-04-21 04:15:00
5817364.591550409,0.0,112.0,,1.4,,0.622634,,,2025-04-21 04:20:00
5817365.591679284,0.0,110.0,,1.4,,0.612894,,,2025-04-21 04:25:00
5817366.59180816,0.0,110.0,,1.4,,0.564933,,,2025-04-21 04:30:00
5817367.591937034,0.0,109.0,,1.4,,0.53385,,,2025-04-21 04:35:00
5817368.59206591,0.0,110.0,,1.4,,0.528867,,,2025-04-21 04:40:00
5817369.592194785,0.0,110.0,,1.4,,0.568972,,,2025-04-21 04:45:00
5817370.592323661,0.0,110.0,,1.4,,0.572506,,,2025-04-21 04:50:00
5817371.592452535,0.0,110.0,,1.4,,0.566368,,,2025-04-21 04:55:00
5817372.592581411,0.0,110.0,,1.4,,0.555731,,,2025-04-21 05:00:00
5817373.592710286,0.0,110.0,,1.4,,0.546769,,,2025-04-21 05:05:00
5817374.592839162,0.0,109.0,,1.4,,0.543542,,,2025-04-21 05:10:00
5817375.592968036,0.0,110.0,,1.4,,0.537294,,,2025-04-21 05:15:00
5817376.593096912,0.0,111.0,,1.4,,0.579109,,,2025-04-21 05:20:00
5817377.593225787,0.0,110.0,,1.4,,0.58795,,,2025-04-21 05:25:00
5817378.593354663,0.0,110.0,,1.4,,0.55803,,,2025-04-21 05:30:00
5817379.593483537,0.0,111.0,,1.4,,0.50122,,,2025-04-21 05:35:00
5817380.593612413,0.0,111.0,,1.4,,0.501608,,,2025-04-21 05:40:00
5817381.593741288,0.0,112.0,,1.4,,0.252624,,,2025-04-21 05:45:00
5817382.593870164,0.0,111.0,,1.4,,0.408252,,,2025-04-21 05:50:00
5817383.593999039,0.0,110.0,,1.4,,0.347682,,,2025-04-21 05:55:00
5817384.594127914,0.0,111.0,,1.4,,0.30988,,,2025-04-21 06:00:00
5817385.594256789,0.0,112.0,,1.4,,0.286547,,,2025-04-21 06:05:00
5817386.594385665,0.0,111.0,,1.4,,0.288808,,,2025-04-21 06:10:00
5817387.59451454,0.0,111.0,,1.4,,0.306318,,,2025-04-21 06:15:00
5817388.594643415,0.0,112.0,,1.4,,0.314047,,,2025-04-21 06:20:00
5817389.59477229,0.0,113.0,,1.4,,0.320404,,,2025-04-21 06:25:00
5817390.594901166,0.0,113.0,,1.4,,0.353654,,,2025-04-21 06:30:00
5817391.595030041,0.0,115.0,,1.4,,0.376971,,,2025-04-21 06:35:00
5817392.595158916,0.0,117.0,,1.4,,0.369631,,,2025-04-21 06:40:00
5817393.595287791,0.0,119.0,,1.4,,0.35852,,,2025-04-21 06:45:00
5817394.595416667,0.0,120.0,,1.4,,0.344454,,,2025-04-21 06:50:00
5817395.595545542,0.0,120.0,,1.4,,0.361144,,,2025-04-21 06:55:00
5817396.595674418,0.0,121.0,,1.4,,0.343892,,,2025-04-21 07:00:00
5817397.5958032925,0.0,122.0,,1.4,,0.338918,,,2025-04-21 07:05:00
5817398.595932168,0.0,124.0,,1.4,,0.352876,,,2025-04-21 07:10:00
5817399.596061043,0.0,127.0,,1.4,,0.358942,114.0,15.0,2025-04-21 07:15:00
5817400.596189919,0.0,134.0,,1.4,,0.355745,,,2025-04-21 07:20:00
5817401.5963187935,0.0,143.0,,1.4,,0.360493,,,2025-04-21 07:25:00
5817402.596447669,0.0,153.0,,1.4,,0.347507,,,2025-04-21 07:30:00
5817403.596576544,0.0,165.0,,1.4,,0.353632,,,2025-04-21 07:35:00
5817404.59670542,0.0,181.0,,1.4,,0.357983,,,2025-04-21 07:40:00
5817405.5968342945,0.0,194.0,,1.4,,0.360199,,,2025-04-21 07:45:00
5817406.59696317,0.0,204.0,,1.4,,0.360851,,,2025-04-21 07:50:00
5817407.5970920455,0.0,212.0,,1.4,,0.362314,,,2025-04-21 07:55:00
5817408.597220921,0.0,215.0,,1.4,,0.351516,,,2025-04-21 08:00:00
5817409.597349796,0.0,218.0,,1.4,,0.366987,,,2025-04-21 08:05:00
5817410.597478671,0.0,218.0,,1.4,,0.361606,,,2025-04-21 08:10:00
5817411.5976075465,0.0,216.0,,1.4,,0.366093,,,2025-04-21 08:15:00
5817412.597736422,0.0,216.0,,1.4,,0.36048,,,2025-04-21 08:20:00
5817413.597865297,0.0,217.0,,1.4,,0.384604,,,2025-04-21 08:25:00
5817414.597994172,0.0,217.0,,1.4,,0.392008,,,2025-04-21 08:30:00
5817415.5981230475,0.0,216.0,,1.4,,0.39929,,,2025-04-21 08:35:00
5817416.598251923,0.0,212.0,,1.4,,0.399951,,,2025-04-21 08:40:00
5817417.5983807985,0.0,210.0,204.0,1.4,,0.378636,,,2025-04-21 08:45:00
5817418.598509673,0.0,206.0,,1.4,,0.386311,,,2025-04-21 08:50:00
5817419.5986385485,0.0,201.0,,1.4,,0.396389,,,2025-04-21 08:55:00
5817420.598767424,0.0,199.0,204.0,1.4,,0.407551,,,2025-04-21 09:00:00
5817421.5988962995,0.0,195.0,,1.4,,0.412506,,,2025-04-21 09:05:00
5817422.599025174,0.0,191.0,,1.4,,0.398318,,,2025-04-21 09:10:00
5817423.5991540495,0.0,187.0,,1.4,,0.407949,,,2025-04-21 09:15:00
5817424.599282925,0.0,184.0,,1.4,,0.405971,,,2025-04-21 09:20:00
5817425.5994118005,0.0,179.0,,1.4,,0.394364,,,2025-04-21 09:25:00
5817426.599540676,0.0,175.0,,1.4,,0.402487,,,2025-04-21 09:30:00
5817427.599669551,0.0,171.0,,1.4,,0.412717,,,2025-04-21 09:35:00
5817428.599798426,0.0,168.0,,1.4,,0.412239,,,2025-04-21 09:40:00
5817429.5999273015,0.0,163.0,,1.4,,0.397874,,,2025-04-21 09:45:00
5817430.600056177,0.0,160.0,,1.4,,0.398046,,,2025-04-21 09:50:00
5817431.600185052,0.0,157.0,,1.4,,0.389448,,,2025-04-21 09:55:00
5817432.600313927,0.0,155.0,,1.4,,0.34352,,,2025-04-21 10:00:00
5817433.6004428025,0.0,153.0,,1.4,,0.35058,,,2025-04-21 10:05:00
5817434.600571678,0.0,154.0,,1.4,,0.333372,,5.2,2025-04-21 10:10:00
5817435.600700553,0.0,158.0,,1.4,,0.352104,,,2025-04-21 10:15:00
5817436.600829428,0.0,164.0,,1.4,,0.34446,,,2025-04-21 10:20:00
5817437.600958304,0.0,169.0,,1.4,,0.354045,,,2025-04-21 10:25:00
5817438.601087179,0.0,173.0,,1.4,,0.324738,,,2025-04-21 10:30:00
5817439.6012160545,0.0,178.0,,1.4,,0.331107,,,2025-04-21 10:35:00
5817440.601344929,0.0,184.0,,1.4,,0.329882,,,2025-04-21 10:40:00
5817441.601473805,0.0,189.0,,1.4,,0.327585,,,2025-04-21 10:45:00
5817442.60160268,0.0,192.0,,1.4,,0.321773,,,2025-04-21 10:50:00
5817443.601731556,0.0,195.0,,1.4,,0.328329,,,2025-04-21 10:55:00
5817444.60186043,0.0,197.0,,1.4,,0.340593,,,2025-04-21 11:00:00
5817445.601989306,0.0,198.0,,1.4,,0.349433,,,2025-04-21 11:05:00
5817446.602118181,0.0,197.0,,1.4,,0.355936,,,2025-04-21 11:10:00
5817447.602247057,0.0,198.0,,1.4,,0.359199,,,2025-04-21 11:15:00
5817448.602375931,0.0,196.0,,1.4,,0.375871,,,2025-04-21 11:20:00
5817449.602504807,0.0,192.0,,1.4,,0.362169,,,2025-04-21 11:25:00
5817450.602633682,0.0,188.0,,1.4,,0.376085,,1.9,2025-04-21 11:30:00
5817451.602762558,0.0,183.0,,1.4,,0.358117,,,2025-04-21 11:35:00
5817452.602891433,0.0,178.0,,1.4,,0.396438,,,2025-04-21 11:40:00
5817453.603020308,0.0,173.0,,1.4,,0.298673,,,2025-04-21 11:45:00
5817454.603149183,0.0,167.0,,1.4,,0.306134,,,2025-04-21 11:50:00
5817455.603278059,0.0,159.0,,1.4,,0.293611,100.0,,2025-04-21 11:55:00
5817456.603406934,0.0,151.0,,1.4,,0.29862,,,2025-04-21 12:00:00
5817457.603535809,0.0,143.0,,1.4,,0.269999,,,2025-04-21 12:05:00
5817458.603664684,0.0,134.0,,1.4,,0.261344,,,2025-04-21 12:10:00
5817459.60379356,0.0,125.0,,1.4,,0.253126,,,2025-04-21 12:15:00
5817460.603922435,0.0,116.0,,1.4,,0.244776,,,2025-04-21 12:20:00
5817461.60405131,0.0,108.0,,1.4,,0.240158,,,2025-04-21 12:25:00
5817462.604180185,0.0,105.0,,1.4,,0.236612,,,2025-04-21 12:30:00
5817463.604309061,0.0,105.0,,1.4,,0.282022,,,2025-04-21 12:35:00
5817464.604437936,0.0,105.0,,1.4,,0.288668,,,2025-04-21 12:40:00
5817465.604566812,0.0,106.0,,1.4,,0.256839,,,2025-04-21 12:45:00
5817466.604695686,0.0,108.0,,1.4,,0.843847,,9.4,2025-04-21 12:50:00
5817467.604824562,0.0,109.0,,1.4,,1.55948,,,2025-04-21 12:55:00
5817468.604953437,0.0,111.0,,1.4,,1.484701,,,2025-04-21 13:00:00
5817469.605082313,0.0,114.0,,1.4,,1.553653,,,2025-04-21 13:05:00
5817470.605211187,0.0,120.0,,1.4,,1.753631,,,2025-04-21 13:10:00
5817471.605340063,0.0,126.0,,1.4,,1.406039,,,2025-04-21 13:15:00
5817472.605468938,0.0,131.0,,1.4,,1.246896,,,2025-04-21 13:20:00
5817473.605597814,0.0,136.0,,1.4,,1.249067,,,2025-04-21 13:25:00
5817474.605726688,0.0,141.0,,1.4,,1.281855,,,2025-04-21 13:30:00
5817475.605855564,0.0,146.0,,1.4,,1.329382,,,2025-04-21 13:35:00
5817476.605984439,0.0,148.0,,1.4,,1.191556,,,2025-04-21 13:40:00
5817477.606113315,0.0,150.0,,1.4,,1.172424,,,2025-04-21 13:45:00
5817478.606242189,0.0,153.0,,1.4,,1.192873,,,2025-04-21 13:50:00
5817479.606371065,0.0,155.0,,1.4,,1.251292,,,2025-04-21 13:55:00
5817480.60649994,0.0,156.0,,1.4,,1.130739,,,2025-04-21 14:00:00
5817481.606628816,0.0,155.0,,1.4,,1.079689,,,2025-04-21 14:05:00
5817482.606757691,0.0,152.0,,1.4,,1.104824,,,2025-04-21 14:10:00
5817483.606886566,0.0,149.0,,1.4,,1.261299,,,2025-04-21 14:15:00
5817484.607015441,0.0,145.0,,1.4,,1.248833,,,2025-04-21 14:20:00
5817485.607144317,0.0,143.0,,1.4,,1.385802,,,2025-04-21 14:25:00
5817486.607273192,0.0,144.0,,1.4,,1.434302,,,2025-04-21 14:30:00
5817487.607402067,0.0,144.0,,1.4,,1.790772,,,2025-04-21 14:35:00
5817488.607530942,0.0,144.0,,1.4,,2.174548,,,2025-04-21 14:40:00
5817489.607659818,0.0,146.0,,1.4,,1.903059,,,2025-04-21 14:45:00
5817490.607788693,0.0,149.0,,1.4,,1.733148,,,2025-04-21 14:50:00
5817491.607917568,0.0,154.0,,1.4,,1.801746,,,2025-04-21 14:55:00
5817492.608046443,0.0,157.0,,1.4,,1.915706,,,2025-04-21 15:00:00
5817493.608175319,0.0,160.0,,1.4,,1.846203,,,2025-04-21 15:05:00
5817494.608304194,0.0,162.0,,1.4,,1.820475,,,2025-04-21 15:10:00
5817495.60843307,0.0,164.0,,1.4,,1.705736,,,2025-04-21 15:15:00
5817496.608561944,0.0,165.0,,1.4,,1.605062,,3.1,2025-04-21 15:20:00
5817497.60869082,0.0,165.0,,1.4,,1.65853,,,2025-04-21 15:25:00
5817498.608819695,0.0,165.0,,1.4,,1.82109,,,2025-04-21 15:30:00
5817499.608948571,0.0,163.0,,1.4,,1.706288,,,2025-04-21 15:35:00
5817500.609077445,0.0,162.0,,1.4,,1.452683,,,2025-04-21 15:40:00
5817501.609206321,0.0,160.0,,1.4,,1.439353,,,2025-04-21 15:45:00
5817502.609335196,0.0,157.0,,1.4,,1.441509,,,2025-04-21 15:50:00
5817503.609464072,0.0,154.0,,1.4,,1.404478,,,2025-04-21 15:55:00
5817504.609592946,0.0,151.0,,1.4,,1.424268,,,2025-04-21 16:00:00
5817505.609721822,0.0,147.0,,1.4,,1.401264,,,2025-04-21 16:05:00
5817506.609850697,0.0,143.0,,1.4,,1.397859,,,2025-04-21 16:10:00
5817507.609979573,0.0,139.0,,1.4,,1.366954,,,2025-04-21 16:15:00
5817508.610108448,0.0,135.0,,1.4,,1.481685,,,2025-04-21 16:20:00
5817509.610237323,0.0,131.0,,1.4,,1.449577,,,2025-04-21 16:25:00
5817510.610366198,0.0,126.0,,1.4,,1.444929,,,2025-04-21 16:30:00
5817511.610495074,0.0,121.0,,1.4,,1.454175,,,2025-04-21 16:35:00
5817512.610623949,0.0,116.0,,1.4,,1.595288,,,2025-04-21 16:40:00
5817513.610752824,0.0,110.0,,1.4,,1.58599,,,2025-04-21 16:45:00
5817514.610881699,0.0,104.0,,1.4,,0.039449,,,2025-04-21 16:50:00
5817515.611010575,0.0,99.0,,1.4,,0.056434,65.0,,2025-04-21 16:55:00
5817516.61113945,0.0,94.0,,1.4,,0.066641,,,2025-04-21 17:00:00
5817517.611268325,0.0,89.0,,1.4,,0.086283,,,2025-04-21 17:05:00
5817518.6113972,0.0,85.0,,1.4,,0.117956,,,2025-04-21 17:10:00
5817519.611526076,0.0,81.0,,1.4,,0.149267,,,2025-04-21 17:15:00
5817520.611654951,0.0,80.0,,1.4,,0.185517,,,2025-04-21 17:20:00
5817521.611783827,0.0,80.0,,1.4,,0.229109,,,2025-04-21 17:25:00
5817522.611912701,0.0,82.0,,1.4,,0.274026,,6.3,2025-04-21 17:30:00
5817523.612041577,0.0,83.0,,1.4,,0.307905,,,2025-04-21 17:35:00
5817524.612170452,0.0,86.0,,1.4,,0.332339,,,2025-04-21 17:40:00
5817525.612299328,0.0,91.0,,1.4,,0.358952,,,2025-04-21 17:45:00
5817526.612428202,0.0,95.0,,1.4,,0.37771,,,2025-04-21 17:50:00
5817527.612557078,0.0,97.0,,1.4,,0.395543,,,2025-04-21 17:55:00
5817528.612685953,0.0,99.0,,1.4,,0.39685,,,2025-04-21 18:00:00
5817529.612814829,0.0,100.0,,1.4,,0.395446,,,2025-04-21 18:05:00
5817530.612943703,0.0,102.0,,1.4,,0.40176,,,2025-04-21 18:10:00
5817531.613072579,0.0,104.0,,1.4,,0.416475,,,2025-04-21 18:15:00
5817532.613201454,0.0,105.0,,1.4,,0.411515,,,2025-04-21 18:20:00
5817533.61333033,0.0,105.0,,1.4,,0.429289,,,2025-04-21 18:25:00
5817534.613459204,0.0,103.0,,1.4,,0.443394,,,2025-04-21 18:30:00
5817535.61358808,0.0,100.0,,1.4,,0.442831,,,2025-04-21 18:35:00
5817536.613716955,0.0,98.0,,1.4,,0.471245,,,2025-04-21 18:40:00
5817537.613845831,0.0,95.0,,1.4,,0.482139,,,2025-04-21 18:45:00
5817538.613974706,0.0,91.0,,1.4,,0.489279,,,2025-04-21 18:50:00
5817539.614103581,0.0,87.0,,1.4,,0.484944,,,2025-04-21 18:55:00
5817540.614232456,0.0,83.0,,1.4,,0.51796,,,2025-04-21 19:00:00
5817541.614361332,0.0,79.0,,1.4,,0.519113,,,2025-04-21 19:05:00
5817542.614490207,0.0,74.0,,1.4,,0.535141,,,2025-04-21 19:10:00
5817543.614619082,0.0,71.0,,1.4,,0.542241,,,2025-04-21 19:15:00
5817544.614747957,0.0,68.0,,1.4,,0.55636,,,2025-04-21 19:20:00
5817545.614876833,0.0,66.0,,1.4,,0.556325,,,2025-04-21 19:25:00
5817546.615005708,0.0,65.0,,1.4,,0.551733,,,2025-04-21 19:30:00
5817547.615134583,0.0,67.0,,1.4,,0.567425,,,2025-04-21 19:35:00
5817548.615263458,0.0,67.0,,1.4,,0.567571,,,2025-04-21 19:40:00
5817549.615392334,0.0,66.0,,1.4,,0.527821,,,2025-04-21 19:45:00
5817550.615521209,0.0,67.0,,1.4,,0.597206,,,2025-04-21 19:50:00
5817551.615650085,0.0,70.0,,1.4,,0.575493,,,2025-04-21 19:55:00
5817552.615778959,0.0,73.0,,1.4,,0.560582,,,2025-04-21 20:00:00
5817553.615907835,0.0,76.0,,1.4,,0.549244,,,2025-04-21 20:05:00
5817554.61603671,0.0,79.0,,1.4,,0.552672,,,2025-04-21 20:10:00
5817555.616165586,0.0,81.0,,1.4,,0.394986,,,2025-04-21 20:15:00
5817556.61629446,0.0,84.0,,1.4,,0.408894,,,2025-04-21 20:20:00
5817557.616423336,0.0,88.0,,1.4,,0.417934,,,2025-04-21 20:25:00
5817558.616552211,0.0,92.0,,1.4,,0.418532,,,2025-04-21 20:30:00
5817559.616681087,0.0,96.0,,1.4,,0.439449,,,2025-04-21 20:35:00
5817560.616809961,0.0,98.0,,1.4,,0.405279,,,2025-04-21 20:40:00
5817561.616938837,0.0,101.0,,1.4,,0.433817,,,2025-04-21 20:45:00
5817562.617067712,1.0,,,1.4,,0.46036,,,2025-04-21 20:50:00
5817563.617196588,1.0,,,1.4,,0.460734,,,2025-04-21 20:55:00
5817564.617325463,1.0,,,1.4,,0.449802,,,2025-04-21 21:00:00
5817565.617454338,1.0,,,1.4,,0.487198,,,2025-04-21 21:05:00
5817566.617583213,1.0,,,1.4,,0.503636,,,2025-04-21 21:10:00
5817567.617712089,1.0,,,1.4,,0.515599,,,2025-04-21 21:15:00
5817568.617840964,1.0,,,1.4,,0.514176,,,2025-04-21 21:20:00
5817569.617969839,1.0,,,1.4,,0.522321,,,2025-04-21 21:25:00
5817570.618098714,1.0,,,1.4,,0.54564,,,2025-04-21 21:30:00
5817571.61822759,1.0,,,1.4,,0.514111,,,2025-04-21 21:35:00
5817572.618356465,1.0,,,1.4,,0.544186,,,2025-04-21 21:40:00
5817573.61848534,1.0,,,1.4,,0.569177,,,2025-04-21 21:45:00
5817574.618614215,1.0,,,1.4,,0.590321,,,2025-04-21 21:50:00
5817575.618743091,1.0,,,1.4,,0.576681,,,2025-04-21 21:55:00
5817576.618871966,1.0,,,1.4,,0.586102,,,2025-04-21 22:00:00
5817577.619000842,1.0,,,1.4,,0.601769,,,2025-04-21 22:05:00
5817578.619129716,1.0,,,1.4,,0.61709,,,2025-04-21 22:10:00
5817579.619258592,1.0,,,1.4,,0.614817,,,2025-04-21 22:15:00
5817580.619387467,1.0,,,1.4,,0.626268,,,2025-04-21 22:20:00
5817581.619516343,1.0,,,1.4,,0.623252,,,2025-04-21 22:25:00
5817582.619645217,1.0,,,1.4,,0.623979,,,2025-04-21 22:30:00
5817583.619774093,1.0,,,1.4,,0.658407,,1.0,2025-04-21 22:35:00
5817584.619902968,1.0,,,1.4,,0.679829,,,2025-04-21 22:40:00
5817585.620031844,1.0,,,1.4,,0.674844,,,2025-04-21 22:45:00
5817586.620160718,1.0,,,1.4,,0.697963,,,2025-04-21 22:50:00
5817587.620289594,1.0,,155.0,1.4,,0.724904,,,2025-04-21 22:55:00
5817588.620418469,1.0,,,1.4,,0.725343,,,2025-04-21 23:00:00
5817589.620547345,1.0,,,1.4,,0.732961,,,2025-04-21 23:05:00
5817590.620676219,0.0,157.0,155.0,1.4,,0.685352,,,2025-04-21 23:10:00
5817591.620805095,0.0,155.0,,1.4,,0.53417,,,2025-04-21 23:15:00
5817592.62093397,0.0,153.0,,1.4,,0.541944,,,2025-04-21 23:20:00
5817593.621062846,0.0,149.0,,1.4,,0.544584,,,2025-04-21 23:25:00
5817594.621191721,0.0,146.0,,1.4,,0.547736,,,2025-04-21 23:30:00
5817595.621320596,0.0,144.0,,1.4,,0.562369,,,2025-04-21 23:35:00
5817596.621449471,0.0,141.0,,1.4,,0.561073,,,2025-04-21 23:40:00
5817597.621578347,0.0,140.0,,1.4,,0.564046,,,2025-04-21 23:45:00
5817598.621707222,0.0,138.0,,1.4,,0.566007,,,2025-04-21 23:50:00
5817599.621836097,0.0,137.0,,1.4,,0.566055,,,2025-04-21 23:55:00
5817600.6219649725,0.0,136.0,,1.4,,0.572241,,,2025-04-22 00:00:00
5817601.622093848,0.0,135.0,,1.4,,0.58115,,,2025-04-22 00:05:00
5817602.622222723,0.0,134.0,,1.4,,0.581975,,,2025-04-22 00:10:00
5817603.622351598,0.0,132.0,,1.4,,0.60331,,,2025-04-22 00:15:00
5817604.6224804735,0.0,131.0,,1.4,,0.595609,,,2025-04-22 00:20:00
5817605.622609349,0.0,130.0,,1.4,,0.64128,,,2025-04-22 00:25:00
5817606.622738224,0.0,129.0,,1.4,,0.67819,,,2025-04-22 00:30:00
5817607.6228671,0.0,127.0,,1.4,,0.701079,,,2025-04-22 00:35:00
5817608.6229959745,0.0,125.0,,1.4,,0.739477,,,2025-04-22 00:40:00
5817609.62312485,0.0,124.0,,1.4,,0.747394,,,2025-04-22 00:45:00
5817610.6232537255,0.0,122.0,,1.4,,0.767727,,,2025-04-22 00:50:00
5817611.623382601,0.0,121.0,,1.4,,0.772126,,,2025-04-22 00:55:00
5817612.6235114755,0.0,121.0,,1.4,,0.775999,,,2025-04-22 01:00:00
5817613.623640351,0.0,122.0,,1.4,,0.788817,,,2025-04-22 01:05:00
5817614.6237692265,0.0,122.0,,1.4,,0.801724,,,2025-04-22 01:10:00
5817615.623898102,0.0,122.0,,1.4,,0.829937,,,2025-04-22 01:15:00
5817616.6240269765,0.0,122.0,,1.4,,0.877478,,,2025-04-22 01:20:00
5817617.624155852,0.0,122.0,,1.4,,0.941666,,,2025-04-22 01:25:00
5817618.6242847275,0.0,121.0,,1.4,,0.969893,,,2025-04-22 01:30:00
5817619.624413603,0.0,120.0,,1.4,,0.985064,,,2025-04-22 01:35:00
5817620.6245424785,0.0,119.0,,1.4,,0.979398,,,2025-04-22 01:40:00
5817621.624671353,0.0,118.0,,1.4,,0.952311,,,2025-04-22 01:45:00
5817622.6248002285,0.0,117.0,,1.4,,0.935221,,,2025-04-22 01:50:00
5817623.624929104,0.0,116.0,,1.4,,0.946204,,,2025-04-22 01:55:00
5817624.6250579795,0.0,115.0,,1.4,,0.944084,,,2025-04-22 02:00:00
5817625.625186854,0.0,113.0,,1.4,,0.946644,,,2025-04-22 02:05:00
5817626.6253157295,0.0,112.0,,1.4,,0.952405,,,2025-04-22 02:10:00
5817627.625444605,0.0,111.0,,1.4,,0.955251,,,2025-04-22 02:15:00
5817628.6255734805,0.0,110.0,,1.4,,0.967206,,,2025-04-22 02:20:00
5817629.625702355,0.0,108.0,,1.4,,1.014102,,,2025-04-22 02:25:00
5817630.625831231,0.0,106.0,,1.4,,1.052394,,,2025-04-22 02:30:00
5817631.625960106,0.0,105.0,,1.4,,1.024864,,,2025-04-22 02:35:00
5817632.6260889815,0.0,104.0,,1.4,,1.010843,,,2025-04-22 02:40:00
5817633.626217857,0.0,103.0,,1.4,,1.014605,,,2025-04-22 02:45:00
5817634.626346732,0.0,102.0,,1.4,,1.023484,,,2025-04-22 02:50:00
5817635.626475607,0.0,100.0,,1.4,,1.030286,,,2025-04-22 02:55:00
5817636.6266044825,0.0,99.0,,1.4,,1.036261,,,2025-04-22 03:00:00
5817637.626733358,0.0,98.0,,1.4,,1.051671,,,2025-04-22 03:05:00
5817638.626862233,0.0,97.0,,1.4,,1.072972,,,2025-04-22 03:10:00
5817639.626991108,0.0,97.0,,1.4,,1.082384,,,2025-04-22 03:15:00
5817640.627119984,0.0,96.0,,1.4,,1.09468,,,2025-04-22 03:20:00
5817641.627248859,0.0,96.0,,1.4,,1.131157,,,2025-04-22 03:25:00
5817642.627377734,0.0,95.0,,1.4,,1.142832,,,2025-04-22 03:30:00
5817643.627506609,0.0,95.0,,1.4,,0.0,,,2025-04-22 03:35:00
5817644.627635485,0.0,94.0,,1.4,,,,,2025-04-22 03:40:00
5817645.62776436,0.0,94.0,,1.4,,,,,2025-04-22 03:45:00
5817646.627893235,0.0,94.0,,1.4,,,,,2025-04-22 03:50:00
5817647.62802211,0.0,95.0,,1.4,,,,,2025-04-22 03:55:00
5817648.628150986,0.0,95.0,,1.4,,,,,2025-04-22 04:00:00
5817649.628279861,0.0,94.0,,1.4,,,,,2025-04-22 04:05:00
5817650.628408737,0.0,93.0,,1.4,,,,,2025-04-22 04:10:00
5817651.628537611,0.0,92.0,,1.4,,,,,2025-04-22 04:15:00
5817652.628666487,0.0,92.0,,1.4,,,,,2025-04-22 04:20:00
5817653.628795362,0.0,91.0,,1.4,,,,,2025-04-22 04:25:00
5817654.628924238,0.0,90.0,,1.4,,,,,2025-04-22 04:30:00
5817655.629053112,0.0,89.0,,1.4,,,,,2025-04-22 04:35:00
5817656.629181988,0.0,87.0,,1.4,,,,,2025-04-22 04:40:00
5817657.629310863,0.0,86.0,,1.4,,,,,2025-04-22 04:45:00
5817658.629439739,0.0,85.0,,1.4,,,,,2025-04-22 04:50:00
5817659.629568613,0.0,85.0,,1.4,,,,,2025-04-22 04:55:00
5817660.629697489,0.0,84.0,,1.4,,,,,2025-04-22 05:00:00
5817661.629826364,0.0,84.0,,1.4,,,,,2025-04-22 05:05:00
5817662.62995524,0.0,84.0,,1.4,,,,,2025-04-22 05:10:00
5817663.630084115,0.0,85.0,,1.4,,,,,2025-04-22 05:15:00
5817664.63021299,0.0,86.0,,1.4,,,,,2025-04-22 05:20:00
5817665.630341865,0.0,86.0,,1.4,,,,,2025-04-22 05:25:00
5817666.630470741,0.0,86.0,,1.4,,,,,2025-04-22 05:30:00
5817667.630599616,0.0,86.0,,1.4,,,,,2025-04-22 05:35:00
5817668.630728491,0.0,85.0,,1.4,,,,,2025-04-22 05:40:00
5817669.630857366,0.0,85.0,,1.4,,,,,2025-04-22 05:45:00
5817670.630986242,0.0,84.0,,1.4,,,,,2025-04-22 05:50:00
5817671.631115117,0.0,83.0,,1.4,,,,,2025-04-22 05:55:00
5817672.631243992,0.0,82.0,,1.4,,,,,2025-04-22 06:00:00
5817673.631372867,0.0,81.0,,1.4,,,,,2025-04-22 06:05:00
5817674.631501743,0.0,80.0,,1.4,,,,,2025-04-22 06:10:00
5817675.631630618,0.0,80.0,,1.4,,,,,2025-04-22 06:15:00
5817676.631759494,0.0,79.0,,1.4,,,,,2025-04-22 06:20:00
5817677.631888368,0.0,79.0,,1.4,,,,,2025-04-22 06:25:00
5817678.632017244,0.0,78.0,,1.4,,,,,2025-04-22 06:30:00
5817679.632146119,0.0,78.0,,1.4,,,,,2025-04-22 06:35:00
5817680.632274995,0.0,77.0,,1.4,,,,,2025-04-22 06:40:00
5817681.632403869,0.0,76.0,,1.4,,,,,2025-04-22 06:45:00
5817682.632532745,0.0,76.0,,1.4,,,,,2025-04-22 06:50:00
5817683.63266162,0.0,75.0,,1.4,,,,,2025-04-22 06:55:00
5817684.632790496,0.0,75.0,,1.4,,,,,2025-04-22 07:00:00
5817685.63291937,0.0,75.0,,1.4,,,,,2025-04-22 07:05:00
5817686.633048246,0.0,74.0,,1.4,,,,,2025-04-22 07:10:00
5817687.633177121,0.0,74.0,,1.4,,,,,2025-04-22 07:15:00
5817688.633305997,0.0,75.0,,1.4,,,,,2025-04-22 07:20:00
5817689.633434872,0.0,77.0,,1.4,,,,,2025-04-22 07:25:00
5817690.633563747,0.0,78.0,,1.4,,,,,2025-04-22 07:30:00
5817691.633692622,0.0,78.0,,1.4,,,,,2025-04-22 07:35:00
5817692.633821498,0.0,77.0,,1.4,,,,,2025-04-22 07:40:00
5817693.633950373,0.0,77.0,,1.4,,,,,2025-04-22 07:45:00
5817694.634079248,0.0,76.0,,1.4,,,,,2025-04-22 07:50:00
5817695.634208123,0.0,75.0,,1.4,,,,,2025-04-22 07:55:00
5817696.634336999,0.0,74.0,,1.4,,,,,2025-04-22 08:00:00
5817697.634465874,0.0,74.0,,1.4,,,,,2025-04-22 08:05:00
5817698.634594749,0.0,75.0,,1.4,,,,,2025-04-22 08:10:00
5817699.634723624,0.0,75.0,,1.4,,,,,2025-04-22 08:15:00
5817700.6348525,0.0,75.0,,1.4,,,,,2025-04-22 08:20:00
5817701.634981375,0.0,77.0,,1.4,,,120.0,,2025-04-22 08:25:00
5817702.63511025,0.0,78.0,,1.4,,,,15.7,2025-04-22 08:30:00
5817703.635239125,0.0,83.0,,1.4,,0.013467,,,2025-04-22 08:35:00
5817704.635368001,0.0,90.0,,1.4,,0.019789,,,2025-04-22 08:40:00
5817705.635496876,0.0,101.0,,1.4,,0.027474,,,2025-04-22 08:45:00
5817706.635625752,0.0,115.0,,1.4,,0.037687,,,2025-04-22 08:50:00
5817707.635754626,0.0,131.0,,1.4,,0.048218,,,2025-04-22 08:55:00
5817708.635883502,0.0,145.0,,1.4,,0.05491,,,2025-04-22 09:00:00
5817709.636012377,0.0,142.0,,1.4,,0.061197,,,2025-04-22 09:05:00
5817710.636141253,0.0,150.0,,1.4,,0.067831,,,2025-04-22 09:10:00
5817711.636270127,0.0,156.0,,1.4,,0.072569,,,2025-04-22 09:15:00
5817712.636399003,0.0,160.0,,1.4,,0.07929,,,2025-04-22 09:20:00
5817713.636527878,0.0,161.0,,1.4,,0.083301,,,2025-04-22 09:25:00
5817714.636656754,0.0,161.0,,1.4,,0.089455,,,2025-04-22 09:30:00
5817715.636785628,0.0,160.0,,1.4,,0.095703,,,2025-04-22 09:35:00
5817716.636914504,0.0,158.0,,1.4,,0.100486,,,2025-04-22 09:40:00
5817717.637043379,0.0,156.0,,1.4,,0.105766,,,2025-04-22 09:45:00
5817718.637172255,0.0,154.0,,1.4,,0.111696,,,2025-04-22 09:50:00
5817719.63730113,0.0,151.0,,1.4,,0.129877,,,2025-04-22 09:55:00
5817720.637430005,0.0,143.0,,1.4,,0.111065,,,2025-04-22 10:00:00
5817721.63755888,0.0,140.0,,1.4,,0.114212,,,2025-04-22 10:05:00
5817722.637687756,0.0,133.0,,1.4,,0.124622,,,2025-04-22 10:10:00
5817723.637816631,0.0,120.0,,1.4,,0.126402,,,2025-04-22 10:15:00
5817724.637945506,0.0,111.0,,1.4,,0.133165,,,2025-04-22 10:20:00
5817725.638074381,0.0,101.0,123.0,1.4,,0.136884,,,2025-04-22 10:25:00
5817726.638203257,0.0,107.0,,1.4,,0.140171,,,2025-04-22 10:30:00
5817727.638332132,0.0,118.0,123.0,1.4,,0.141466,,,2025-04-22 10:35:00
5817728.638461007,0.0,114.0,,1.4,,0.140245,,,2025-04-22 10:40:00
5817729.638589882,0.0,109.0,,1.4,,0.147573,,,2025-04-22 10:45:00
5817730.638718758,0.0,106.0,,1.4,,0.146673,,9.4,2025-04-22 10:50:00
5817731.638847633,0.0,105.0,,1.4,,0.150428,,6.5,2025-04-22 10:55:00
5817732.638976509,0.0,107.0,,1.4,,0.15511,,,2025-04-22 11:00:00
5817733.639105383,0.0,108.0,,1.4,,0.161447,,,2025-04-22 11:05:00
5817734.639234259,0.0,105.0,,1.4,,0.148725,,,2025-04-22 11:10:00
5817735.639363134,0.0,104.0,,1.4,,0.156089,,,2025-04-22 11:15:00
5817736.63949201,0.0,106.0,,1.4,,0.086169,,,2025-04-22 11:20:00
5817737.639620884,0.0,108.0,,1.4,,0.047959,,,2025-04-22 11:25:00
5817738.63974976,0.0,111.0,,1.4,,0.05862,,,2025-04-22 11:30:00
5817739.639878635,0.0,117.0,,1.4,,0.066871,,,2025-04-22 11:35:00
5817740.640007511,0.0,120.0,,1.4,,0.073899,,,2025-04-22 11:40:00
5817741.640136385,0.0,124.0,,1.4,,0.110508,,,2025-04-22 11:45:00
5817742.640265261,0.0,126.0,,1.4,,0.083246,,,2025-04-22 11:50:00
5817743.640394136,0.0,125.0,,1.4,,0.08279,,,2025-04-22 11:55:00
5817744.640523012,0.0,124.0,,1.4,,0.097179,,,2025-04-22 12:00:00
5817745.640651887,0.0,124.0,,1.4,,0.097469,,,2025-04-22 12:05:00
5817746.640780762,0.0,123.0,,1.4,,0.094794,12.0,,2025-04-22 12:10:00
5817747.640909637,0.0,124.0,,1.4,,0.096793,,,2025-04-22 12:15:00
5817748.641038513,0.0,128.0,,1.4,,0.103442,,,2025-04-22 12:20:00
5817749.641167388,0.0,133.0,,1.4,,0.095259,,,2025-04-22 12:25:00
5817750.641296263,0.0,134.0,,1.4,,0.088595,,,2025-04-22 12:30:00
5817751.641425138,0.0,135.0,,1.4,,0.104352,,,2025-04-22 12:35:00
5817752.641554014,0.0,134.0,,1.4,,0.091099,,,2025-04-22 12:40:00
5817753.641682889,0.0,130.0,,1.4,,0.096704,,,2025-04-22 12:45:00
5817754.641811764,0.0,126.0,,1.4,,0.097902,,,2025-04-22 12:50:00
5817755.641940639,0.0,122.0,,1.4,,0.087546,,,2025-04-22 12:55:00
5817756.642069515,0.0,117.0,,1.4,,0.102084,,,2025-04-22 13:00:00
5817757.64219839,0.0,112.0,,1.4,,0.107988,,,2025-04-22 13:05:00
5817758.642327265,0.0,107.0,,1.4,,0.118031,,,2025-04-22 13:10:00
5817759.64245614,0.0,104.0,,1.4,,0.11618,,,2025-04-22 13:15:00
5817760.642585016,0.0,100.0,,1.4,,0.142509,,,2025-04-22 13:20:00
5817761.642713891,0.0,96.0,,1.4,,0.122958,,,2025-04-22 13:25:00
5817762.642842767,0.0,91.0,,1.4,,0.130932,,,2025-04-22 13:30:00
5817763.642971641,0.0,86.0,,1.4,,0.114014,,,2025-04-22 13:35:00
5817764.643100517,0.0,81.0,,1.4,,0.113389,,,2025-04-22 13:40:00
5817765.643229392,0.0,76.0,,1.4,,0.133665,,,2025-04-22 13:45:00
5817766.643358268,0.0,72.0,,1.4,,0.127708,,,2025-04-22 13:50:00
5817767.643487142,0.0,69.0,,1.4,,0.143582,,,2025-04-22 13:55:00
5817768.643616018,0.0,66.0,,1.4,,0.168509,,,2025-04-22 14:00:00
5817769.643744893,0.0,63.0,,1.4,,0.160369,,,2025-04-22 14:05:00
5817770.643873769,0.0,60.0,,1.4,,0.177674,,,2025-04-22 14:10:00
5817771.644002643,0.0,57.0,,1.4,,0.194648,,,2025-04-22 14:15:00
5817772.644131519,0.0,55.0,,1.4,,0.193419,,,2025-04-22 14:20:00
5817773.644260394,0.0,55.0,,1.4,,0.20334,,,2025-04-22 14:25:00
5817774.64438927,0.0,58.0,,1.4,,0.222835,,,2025-04-22 14:30:00
5817775.644518145,0.0,68.0,,1.4,,0.228567,,,2025-04-22 14:35:00
5817776.64464702,0.0,82.0,,1.4,,0.235284,,3.5,2025-04-22 14:40:00
5817777.644775895,0.0,94.0,,1.4,,0.243308,,,2025-04-22 14:45:00
5817778.644904771,0.0,110.0,,1.4,,0.246875,,,2025-04-22 14:50:00
5817779.645033646,0.0,128.0,,1.4,,0.231995,,,2025-04-22 14:55:00
5817780.645162521,0.0,143.0,,1.4,,0.261087,,,2025-04-22 15:00:00
5817781.645291396,0.0,155.0,,1.4,,0.263035,,,2025-04-22 15:05:00
5817782.645420272,0.0,167.0,,1.4,,0.0,,3.9,2025-04-22 15:10:00
5817783.645549147,0.0,178.0,,1.4,,,,,2025-04-22 15:15:00
5817784.645678022,0.0,187.0,,1.4,,,,,2025-04-22 15:20:00
5817785.645806897,0.0,195.0,,1.4,,,,,2025-04-22 15:25:00
5817786.645935773,0.0,203.0,,1.4,,,,,2025-04-22 15:30:00
5817787.646064648,0.0,209.0,,1.4,,,,,2025-04-22 15:35:00
5817788.646193524,0.0,212.0,,1.4,,,,,2025-04-22 15:40:00
5817789.646322398,0.0,212.0,,1.4,,,,3.2,2025-04-22 15:45:00
5817790.646451274,0.0,210.0,,1.4,,,,,2025-04-22 15:50:00
5817791.646580149,0.0,206.0,,1.4,,,,1.9,2025-04-22 15:55:00
5817792.646709025,0.0,202.0,,1.4,,,,,2025-04-22 16:00:00
5817793.646837899,0.0,200.0,,1.4,,,,,2025-04-22 16:05:00
5817794.646966775,0.0,201.0,,1.4,,,,,2025-04-22 16:10:00
5817795.64709565,0.0,205.0,,1.4,,0.014677,,,2025-04-22 16:15:00
5817796.647224526,0.0,213.0,,1.4,,0.016407,,,2025-04-22 16:20:00
5817797.6473534005,0.0,211.0,,1.4,,0.022666,,,2025-04-22 16:25:00
5817798.647482276,0.0,210.0,,1.4,,0.029137,,,2025-04-22 16:30:00
5817799.647611151,0.0,207.0,,1.4,,0.037267,,,2025-04-22 16:35:00
5817800.647740027,0.0,200.0,,1.4,,0.04259,,,2025-04-22 16:40:00
5817801.647868902,0.0,195.0,,1.4,,0.046794,,,2025-04-22 16:45:00
5817802.647997777,0.0,191.0,,1.4,,0.052383,,,2025-04-22 16:50:00
5817803.648126652,0.0,182.0,,1.4,,0.050642,,,2025-04-22 16:55:00
5817804.648255528,0.0,176.0,,1.4,,0.05384,,,2025-04-22 17:00:00
5817805.648384403,0.0,173.0,,1.4,,0.05959,,,2025-04-22 17:05:00
5817806.648513278,0.0,180.0,,1.4,,0.059497,,,2025-04-22 17:10:00
5817807.6486421535,0.0,189.0,,1.4,,0.055561,,,2025-04-22 17:15:00
5817808.648771029,0.0,192.0,,1.4,,0.047786,,2.1,2025-04-22 17:20:00
5817809.648899904,0.0,190.0,,1.4,,0.049538,,,2025-04-22 17:25:00
5817810.649028779,0.0,187.0,,1.4,,0.053253,,,2025-04-22 17:30:00
5817811.6491576545,0.0,188.0,,1.4,,0.069703,,,2025-04-22 17:35:00
5817812.64928653,0.0,193.0,,1.4,,0.074314,,,2025-04-22 17:40:00
5817813.6494154055,0.0,194.0,,1.4,,0.06483,,,2025-04-22 17:45:00
5817814.64954428,0.0,194.0,,1.4,,0.071096,,,2025-04-22 17:50:00
5817815.6496731555,0.0,192.0,,1.4,,0.070285,,,2025-04-22 17:55:00
5817816.649802031,0.0,189.0,,1.4,,0.06812,,,2025-04-22 18:00:00
5817817.6499309065,0.0,185.0,,1.4,,0.076487,60.0,,2025-04-22 18:05:00
5817818.650059782,0.0,179.0,,1.4,,0.083712,,,2025-04-22 18:10:00
5817819.6501886565,0.0,171.0,,1.4,,0.082291,,,2025-04-22 18:15:00
5817820.650317532,0.0,162.0,,1.4,,0.092546,,,2025-04-22 18:20:00
5817821.6504464075,0.0,156.0,,1.4,,0.092761,,,2025-04-22 18:25:00
5817822.650575283,0.0,151.0,,1.4,,0.081588,,,2025-04-22 18:30:00
5817823.650704158,0.0,143.0,,1.4,,0.070192,,7.1,2025-04-22 18:35:00
5817824.650833033,0.0,146.0,,1.4,,0.081274,,,2025-04-22 18:40:00
5817825.6509619085,0.0,150.0,,1.4,,0.085397,,,2025-04-22 18:45:00
5817826.651090784,0.0,148.0,,1.4,,0.088345,,,2025-04-22 18:50:00
5817827.651219659,0.0,142.0,,1.4,,0.088593,,,2025-04-22 18:55:00
5817828.651348534,0.0,139.0,,1.4,,0.094255,,,2025-04-22 19:00:00
5817829.6514774095,0.0,136.0,,1.4,,0.095307,,,2025-04-22 19:05:00
5817830.651606285,0.0,135.0,,1.4,,0.096395,,,2025-04-22 19:10:00
5817831.6517351605,0.0,138.0,,1.4,,0.107885,,,2025-04-22 19:15:00
5817832.651864035,0.0,137.0,,1.4,,0.092996,,,2025-04-22 19:20:00
5817833.651992911,0.0,131.0,,1.4,,0.094867,,,2025-04-22 19:25:00
5817834.652121786,0.0,124.0,,1.4,,0.093668,,,2025-04-22 19:30:00
5817835.6522506615,0.0,117.0,,1.4,,0.089843,,,2025-04-22 19:35:00
5817836.652379536,0.0,115.0,,1.4,,0.092448,,,2025-04-22 19:40:00
5817837.652508412,0.0,121.0,,1.4,,0.088528,,,2025-04-22 19:45:00
5817838.652637287,0.0,125.0,,1.4,,0.090828,,,2025-04-22 19:50:00
5817839.6527661625,0.0,130.0,,1.4,,0.089997,,,2025-04-22 19:55:00
5817840.652895037,0.0,137.0,,1.4,,0.074702,,,2025-04-22 20:00:00
5817841.653023913,0.0,135.0,,1.4,,0.082558,,,2025-04-22 20:05:00
5817842.653152788,0.0,132.0,,1.4,,0.085141,,,2025-04-22 20:10:00
5817843.653281664,0.0,132.0,,1.4,,0.074251,,,2025-04-22 20:15:00
5817844.653410539,0.0,132.0,,1.4,,0.082503,,,2025-04-22 20:20:00
5817845.653539414,0.0,132.0,,1.4,,0.081732,,,2025-04-22 20:25:00
5817846.653668289,0.0,134.0,,1.4,,0.081569,,,2025-04-22 20:30:00
5817847.653797165,0.0,143.0,,1.4,,0.090795,,,2025-04-22 20:35:00
5817848.65392604,0.0,152.0,,1.4,,0.082823,,,2025-04-22 20:40:00
5817849.654054915,0.0,150.0,,1.4,,0.08793,,,2025-04-22 20:45:00
5817850.65418379,0.0,150.0,,1.4,,0.097053,,,2025-04-22 20:50:00
5817851.654312666,0.0,155.0,,1.4,,0.056835,,,2025-04-22 20:55:00
5817852.654441541,0.0,158.0,,0.0,,0.087451,,,2025-04-22 21:00:00
5817853.654570416,0.0,161.0,,1.4,,0.099182,,,2025-04-22 21:05:00
5817854.654699291,0.0,167.0,,1.4,,0.107444,,,2025-04-22 21:10:00
5817855.654828167,0.0,171.0,,1.4,,0.11212,,2.7,2025-04-22 21:15:00
5817856.654957042,0.0,172.0,,1.4,,0.122599,,,2025-04-22 21:20:00
5817857.655085918,0.0,169.0,,1.4,,0.124818,,,2025-04-22 21:25:00
5817858.655214792,0.0,163.0,,1.4,,0.136289,,,2025-04-22 21:30:00
5817859.655343668,0.0,156.0,,1.4,,0.132941,,,2025-04-22 21:35:00
5817860.655472543,0.0,146.0,,1.4,,0.13772,,,2025-04-22 21:40:00
5817861.655601419,0.0,141.0,,1.4,,0.145863,,,2025-04-22 21:45:00
5817862.655730293,0.0,142.0,,1.4,,0.149913,,,2025-04-22 21:50:00
5817863.655859169,0.0,144.0,,1.4,,0.148499,,,2025-04-22 21:55:00
5817864.655988044,0.0,144.0,,1.4,,0.145324,,,2025-04-22 22:00:00
5817865.65611692,0.0,148.0,,1.4,,0.144783,,,2025-04-22 22:05:00
5817866.656245794,0.0,157.0,,1.4,,0.120127,,,2025-04-22 22:10:00
5817867.65637467,0.0,172.0,170.0,1.4,,0.135855,,,2025-04-22 22:15:00
5817868.656503545,0.0,185.0,,1.4,,0.145327,,,2025-04-22 22:20:00
5817869.656632421,1.0,,,1.4,,0.148324,,,2025-04-22 22:25:00
5817870.656761295,0.0,174.0,170.0,1.4,,0.160073,,,2025-04-22 22:30:00
5817871.656890171,0.0,181.0,,1.4,,0.16454,,,2025-04-22 22:35:00
5817872.657019046,0.0,186.0,,1.4,,0.178673,,3.4,2025-04-22 22:40:00
5817873.657147922,0.0,188.0,,1.4,,0.188649,,,2025-04-22 22:45:00
5817874.657276797,0.0,186.0,,1.4,,0.198737,,,2025-04-22 22:50:00
5817875.657405672,0.0,184.0,,1.4,,0.202401,,,2025-04-22 22:55:00
5817876.657534547,0.0,185.0,,1.4,,0.210272,,,2025-04-22 23:00:00
5817877.657663423,0.0,190.0,,1.4,,0.218516,,,2025-04-22 23:05:00
5817878.657792298,0.0,194.0,,1.4,,0.180382,,,2025-04-22 23:10:00
5817879.657921173,0.0,197.0,,1.4,,0.205328,,,2025-04-22 23:15:00
5817880.658050048,0.0,198.0,,1.4,,0.229272,,,2025-04-22 23:20:00
5817881.658178924,0.0,197.0,,1.4,,0.236263,,,2025-04-22 23:25:00
5817882.658307799,0.0,194.0,,1.4,,0.24535,,0.9,2025-04-22 23:30:00
5817883.658436674,0.0,189.0,,1.4,,0.255478,,,2025-04-22 23:35:00
5817884.658565549,0.0,181.0,,1.4,,0.265444,,,2025-04-22 23:40:00
5817885.658694425,0.0,172.0,,1.4,,0.273621,,,2025-04-22 23:45:00
5817886.6588233,0.0,164.0,,1.4,,0.282439,,,2025-04-22 23:50:00
5817887.658952176,0.0,158.0,,1.4,,0.294395,,,2025-04-22 23:55:00
5817888.65908105,0.0,148.0,,1.4,,0.301917,,,2025-04-23 00:00:00
5817889.659209926,0.0,145.0,,1.4,,0.312408,,,2025-04-23 00:05:00
5817890.659338801,0.0,142.0,,1.4,,0.318691,,,2025-04-23 00:10:00
5817891.659467677,0.0,140.0,,1.4,,0.326125,,,2025-04-23 00:15:00
5817892.659596551,0.0,137.0,,1.4,,0.336178,,,2025-04-23 00:20:00
5817893.659725427,0.0,134.0,,1.4,,0.377032,,,2025-04-23 00:25:00
5817894.659854302,0.0,130.0,,1.4,,0.386383,,,2025-04-23 00:30:00
5817895.659983178,0.0,127.0,,1.4,,0.398152,,,2025-04-23 00:35:00
5817896.660112052,0.0,123.0,,1.4,,0.407273,,,2025-04-23 00:40:00
5817897.660240928,0.0,121.0,,1.4,,0.416428,,,2025-04-23 00:45:00
5817898.660369803,0.0,119.0,,1.4,,0.427735,,,2025-04-23 00:50:00
5817899.660498679,0.0,116.0,,1.4,,0.432819,,,2025-04-23 00:55:00
5817900.660627554,0.0,113.0,,1.4,,0.435346,,,2025-04-23 01:00:00
5817901.660756429,0.0,111.0,,1.4,,0.430362,,,2025-04-23 01:05:00
5817902.660885304,0.0,108.0,,1.4,,0.443291,,,2025-04-23 01:10:00
5817903.66101418,0.0,106.0,,1.4,,0.48113,,,2025-04-23 01:15:00
5817904.661143055,0.0,103.0,,1.4,,0.451478,,,2025-04-23 01:20:00
5817905.66127193,0.0,101.0,,1.4,,0.466843,,,2025-04-23 01:25:00
5817906.661400805,0.0,99.0,,1.4,,0.510456,,,2025-04-23 01:30:00
5817907.661529681,0.0,97.0,,1.4,,0.531803,,,2025-04-23 01:35:00
5817908.661658556,0.0,96.0,,1.4,,0.547202,,,2025-04-23 01:40:00
5817909.661787431,0.0,94.0,,1.4,,0.567034,,,2025-04-23 01:45:00
5817910.661916306,0.0,92.0,,1.4,,0.579356,,,2025-04-23 01:50:00
5817911.662045182,0.0,90.0,,1.4,,0.590876,,,2025-04-23 01:55:00
5817912.662174057,0.0,89.0,,1.4,,0.58763,,,2025-04-23 02:00:00
5817913.662302933,0.0,87.0,,1.4,,0.59001,,,2025-04-23 02:05:00
5817914.662431807,0.0,85.0,,1.4,,0.595919,,,2025-04-23 02:10:00
5817915.662560683,0.0,84.0,,1.4,,0.464017,,,2025-04-23 02:15:00
5817916.662689558,0.0,82.0,,1.4,,0.490459,,,2025-04-23 02:20:00
5817917.662818434,0.0,80.0,,1.4,,0.494505,,,2025-04-23 02:25:00
5817918.662947308,0.0,79.0,,1.4,,0.549997,,,2025-04-23 02:30:00
5817919.663076184,0.0,78.0,,1.4,,0.566443,,,2025-04-23 02:35:00
5817920.663205059,0.0,76.0,,1.4,,0.578032,,,2025-04-23 02:40:00
5817921.663333935,0.0,75.0,,1.4,,0.590449,,,2025-04-23 02:45:00
5817922.663462809,0.0,75.0,,1.4,,0.582882,,,2025-04-23 02:50:00
5817923.663591685,0.0,74.0,,1.4,,0.577915,,,2025-04-23 02:55:00
5817924.66372056,0.0,73.0,,1.4,,0.582918,,,2025-04-23 03:00:00
5817925.663849436,0.0,73.0,,1.4,,0.5854,,,2025-04-23 03:05:00
5817926.66397831,0.0,72.0,,1.4,,0.591329,,,2025-04-23 03:10:00
5817927.664107186,0.0,72.0,,1.4,,0.597217,,,2025-04-23 03:15:00
5817928.664236061,0.0,71.0,,1.4,,0.603952,,,2025-04-23 03:20:00
5817929.664364937,0.0,70.0,,1.4,,0.65917,,,2025-04-23 03:25:00
5817930.664493812,0.0,70.0,,1.4,,0.691951,,,2025-04-23 03:30:00
5817931.664622687,0.0,69.0,,1.4,,0.71033,,,2025-04-23 03:35:00
5817932.664751562,0.0,68.0,,1.4,,0.711236,,,2025-04-23 03:40:00
5817933.664880438,0.0,67.0,,1.4,,0.713027,,,2025-04-23 03:45:00
5817934.665009313,0.0,66.0,,1.4,,0.643908,,,2025-04-23 03:50:00
5817935.665138188,0.0,65.0,,1.4,,0.774043,,,2025-04-23 03:55:00
5817936.665267063,0.0,64.0,,0.0,,0.81675,,,2025-04-23 04:00:00
5817937.665395939,0.0,63.0,,0.0,,0.805138,,,2025-04-23 04:05:00
5817938.665524814,0.0,63.0,,0.0,,0.821246,,,2025-04-23 04:10:00
5817939.665653689,0.0,65.0,,0.0,,0.814413,,,2025-04-23 04:15:00
5817940.665782564,0.0,69.0,,0.0,,0.812483,,,2025-04-23 04:20:00
5817941.66591144,0.0,75.0,,0.0,,0.813986,,,2025-04-23 04:25:00
5817942.666040315,0.0,80.0,,0.0,,0.842288,,,2025-04-23 04:30:00
5817943.666169191,0.0,84.0,,0.0,,0.861416,,,2025-04-23 04:35:00
5817944.666298065,0.0,85.0,,0.0,,0.873599,,,2025-04-23 04:40:00
5817945.666426941,0.0,86.0,,0.0,,0.884451,,,2025-04-23 04:45:00
5817946.666555816,0.0,86.0,,0.0,,0.89655,,,2025-04-23 04:50:00
5817947.666684692,0.0,87.0,,0.0,,0.907456,,,2025-04-23 04:55:00
5817948.666813566,0.0,89.0,,0.0,,0.91812,,,2025-04-23 05:00:00
5817949.666942442,0.0,92.0,,0.0,,0.942787,,,2025-04-23 05:05:00
5817950.667071317,0.0,95.0,,0.0,,0.930324,,,2025-04-23 05:10:00
5817951.667200193,0.0,97.0,,0.0,,0.922533,12.0,,2025-04-23 05:15:00
5817952.667329067,0.0,99.0,,0.0,,1.00735,,,2025-04-23 05:20:00
5817953.667457943,0.0,102.0,,0.0,,0.995895,,,2025-04-23 05:25:00
5817954.667586818,0.0,105.0,,1.4,,0.812961,,,2025-04-23 05:30:00
5817955.667715694,0.0,108.0,,1.4,,0.87745,,,2025-04-23 05:35:00
5817956.667844569,0.0,111.0,,1.4,,0.891424,,,2025-04-23 05:40:00
5817957.667973444,0.0,115.0,,1.4,,0.937433,,,2025-04-23 05:45:00
5817958.668102319,0.0,119.0,,1.4,,0.944055,,,2025-04-23 05:50:00
5817959.668231195,0.0,123.0,,1.4,,0.948752,,,2025-04-23 05:55:00
5817960.66836007,0.0,127.0,,1.4,,1.030125,,,2025-04-23 06:00:00
5817961.668488945,0.0,131.0,,1.4,,0.170528,,,2025-04-23 06:05:00
5817962.66861782,0.0,136.0,,1.4,,0.191631,,,2025-04-23 06:10:00
5817963.668746696,0.0,141.0,,1.4,,0.326163,,,2025-04-23 06:15:00
5817964.668875571,0.0,145.0,,1.4,,0.382951,,,2025-04-23 06:20:00
5817965.669004446,0.0,151.0,,1.4,,0.408965,,,2025-04-23 06:25:00
5817966.669133321,0.0,157.0,,1.4,,0.430376,,,2025-04-23 06:30:00
5817967.669262197,0.0,161.0,,1.4,,0.450365,,1.4,2025-04-23 06:35:00
5817968.669391072,0.0,161.0,,1.4,,0.464955,,,2025-04-23 06:40:00
5817969.669519948,0.0,161.0,,1.4,,0.485515,,,2025-04-23 06:45:00
5817970.669648822,0.0,155.0,,1.4,,0.503584,,,2025-04-23 06:50:00
5817971.669777698,0.0,150.0,,1.4,,0.516735,,,2025-04-23 06:55:00
5817972.669906573,0.0,147.0,,1.4,,0.541413,,,2025-04-23 07:00:00
5817973.670035449,0.0,150.0,,1.4,,0.570328,,,2025-04-23 07:05:00
5817974.670164323,0.0,150.0,,1.4,,0.59088,,,2025-04-23 07:10:00
5817975.670293199,0.0,149.0,,1.4,,0.628444,110.0,,2025-04-23 07:15:00
5817976.670422074,0.0,146.0,,1.4,,0.667229,,,2025-04-23 07:20:00
5817977.67055095,0.0,139.0,,1.4,,0.690393,,,2025-04-23 07:25:00
5817978.670679824,0.0,131.0,,1.4,,0.704858,,,2025-04-23 07:30:00
5817979.6708087,0.0,129.0,,1.4,,0.728864,,10.6,2025-04-23 07:35:00
5817980.670937575,0.0,131.0,,1.4,,0.37023,,,2025-04-23 07:40:00
5817981.671066451,0.0,135.0,,1.4,,0.0,,,2025-04-23 07:45:00
5817982.671195325,0.0,139.0,,1.4,,,,,2025-04-23 07:50:00
5817983.671324201,0.0,140.0,,1.4,,,,,2025-04-23 07:55:00
5817984.671453076,0.0,144.0,,1.4,,,,,2025-04-23 08:00:00
5817985.671581952,0.0,151.0,,1.4,,,,,2025-04-23 08:05:00
5817986.671710827,0.0,154.0,,1.4,,,,3.9,2025-04-23 08:10:00
5817987.671839702,0.0,159.0,,1.4,,,,,2025-04-23 08:15:00
5817988.671968577,0.0,166.0,,1.4,,,,,2025-04-23 08:20:00
5817989.672097453,0.0,166.0,,1.4,,,,,2025-04-23 08:25:00
5817990.672226328,0.0,160.0,,1.4,,,,,2025-04-23 08:30:00
5817991.672355203,0.0,156.0,,1.4,,,,,2025-04-23 08:35:00
5817992.672484078,0.0,154.0,,1.4,,,,,2025-04-23 08:40:00
5817993.672612954,0.0,153.0,,1.4,,,,,2025-04-23 08:45:00
5817994.672741829,0.0,150.0,,1.4,,,,,2025-04-23 08:50:00
5817995.672870704,0.0,144.0,,1.4,,,,,2025-04-23 08:55:00
5817996.672999579,0.0,138.0,,1.4,,,,,2025-04-23 09:00:00
5817997.673128455,0.0,133.0,,1.4,,,,,2025-04-23 09:05:00
5817998.67325733,0.0,129.0,,1.4,,0.007884,,,2025-04-23 09:10:00
5817999.673386206,0.0,124.0,,1.4,,0.019357,,,2025-04-23 09:15:00
5818000.6735150805,0.0,121.0,,1.4,,0.029003,,,2025-04-23 09:20:00
5818001.673643956,0.0,120.0,,1.4,,0.035699,,,2025-04-23 09:25:00
5818002.673772831,0.0,119.0,,1.4,,0.011351,,,2025-04-23 09:30:00
5818003.673901707,0.0,116.0,,1.4,,0.020914,,,2025-04-23 09:35:00
5818004.6740305815,0.0,114.0,,1.4,,0.028848,,,2025-04-23 09:40:00
5818005.674159457,0.0,116.0,,1.4,,0.038407,,,2025-04-23 09:45:00
5818006.674288332,0.0,120.0,166.0,1.4,,0.04473,,,2025-04-23 09:50:00
5818007.674417208,0.0,124.0,,1.4,,0.052622,,,2025-04-23 09:55:00
5818008.6745460825,0.0,131.0,,1.4,,0.021888,,,2025-04-23 10:00:00
5818009.674674958,0.0,157.0,166.0,1.4,,0.034267,,,2025-04-23 10:05:00
5818010.6748038335,0.0,156.0,,1.4,,0.03654,,,2025-04-23 10:10:00
5818011.674932709,0.0,161.0,,1.4,,0.041573,,,2025-04-23 10:15:00
5818012.675061584,0.0,164.0,,1.4,,0.045751,,,2025-04-23 10:20:00
5818013.675190459,0.0,166.0,,1.4,,0.053262,,1.9,2025-04-23 10:25:00
5818014.6753193345,0.0,167.0,,1.4,,0.05662,,,2025-04-23 10:30:00
5818015.67544821,0.0,168.0,,1.4,,0.066194,,,2025-04-23 10:35:00
5818016.675577085,0.0,167.0,,1.4,,0.062811,,,2025-04-23 10:40:00
5818017.67570596,0.0,164.0,,1.4,,0.064498,,,2025-04-23 10:45:00
5818018.6758348355,0.0,161.0,,1.4,,0.059422,,,2025-04-23 10:50:00
5818019.675963711,0.0,158.0,,1.4,,0.063169,,,2025-04-23 10:55:00
5818020.6760925865,0.0,154.0,,1.4,,0.061587,,,2025-04-23 11:00:00
5818021.676221461,0.0,144.0,,1.4,,0.06684,,,2025-04-23 11:05:00
5818022.6763503365,0.0,135.0,,1.4,,0.070632,,,2025-04-23 11:10:00
5818023.676479212,0.0,130.0,,1.4,,0.075045,,,2025-04-23 11:15:00
5818024.6766080875,0.0,125.0,,1.4,,0.077508,,,2025-04-23 11:20:00
5818025.676736963,0.0,121.0,,1.4,,0.079975,,,2025-04-23 11:25:00
5818026.676865838,0.0,119.0,,1.4,,0.084246,,,2025-04-23 11:30:00
5818027.676994713,0.0,118.0,,1.4,,0.086995,,,2025-04-23 11:35:00
5818028.6771235885,0.0,118.0,,1.4,,0.088623,,,2025-04-23 11:40:00
5818029.677252464,0.0,119.0,,1.4,,0.047751,,,2025-04-23 11:45:00
5818030.677381339,0.0,119.0,,1.4,,0.043215,,,2025-04-23 11:50:00
5818031.677510214,0.0,116.0,,1.4,,0.02537,,,2025-04-23 11:55:00
5818032.6776390895,0.0,112.0,,1.4,,0.028151,,,2025-04-23 12:00:00
5818033.677767965,0.0,108.0,,1.4,,0.02926,,,2025-04-23 12:05:00
5818034.67789684,0.0,102.0,,1.4,,0.036503,,,2025-04-23 12:10:00
5818035.678025715,0.0,96.0,,1.4,,0.062066,,,2025-04-23 12:15:00
5818036.678154591,0.0,92.0,,1.4,,0.062815,,,2025-04-23 12:20:00
5818037.678283466,0.0,87.0,,1.4,,0.030534,,,2025-04-23 12:25:00
5818038.678412341,0.0,81.0,,1.4,,0.038753,,,2025-04-23 12:30:00
5818039.678541216,0.0,78.0,,1.4,,0.041008,,,2025-04-23 12:35:00
5818040.678670092,0.0,76.0,,1.4,,0.03574,,,2025-04-23 12:40:00
5818041.678798967,0.0,73.0,,1.4,,0.034938,,,2025-04-23 12:45:00
5818042.6789278425,0.0,69.0,,1.4,,0.043993,,,2025-04-23 12:50:00
5818043.679056717,0.0,66.0,,1.4,,0.046844,15.0,,2025-04-23 12:55:00
5818044.679185593,0.0,63.0,,1.4,,0.052652,,,2025-04-23 13:00:00
5818045.679314468,0.0,61.0,,0.0,,0.071023,,,2025-04-23 13:05:00
5818046.679443344,0.0,60.0,,0.0,,0.076141,,,2025-04-23 13:10:00
5818047.679572218,0.0,59.0,,0.0,,0.080717,,,2025-04-23 13:15:00
5818048.679701094,0.0,59.0,,0.0,,0.08871,,,2025-04-23 13:20:00
5818049.679829969,0.0,58.0,,0.0,,0.095607,,,2025-04-23 13:25:00
5818050.679958845,0.0,59.0,,0.0,,0.103041,,,2025-04-23 13:30:00
5818051.680087719,0.0,59.0,,0.0,,0.103805,,,2025-04-23 13:35:00
5818052.680216595,0.0,60.0,,0.0,,0.109625,,,2025-04-23 13:40:00
5818053.68034547,0.0,60.0,,0.0,,0.10894,,,2025-04-23 13:45:00
5818054.680474346,0.0,60.0,,0.0,,0.068047,,,2025-04-23 13:50:00
5818055.680603221,0.0,61.0,,0.0,,0.052213,,,2025-04-23 13:55:00
5818056.680732096,0.0,61.0,,0.0,,0.058504,,,2025-04-23 14:00:00
5818057.680860971,0.0,64.0,,0.0,,0.066592,,,2025-04-23 14:05:00
5818058.680989847,0.0,67.0,,0.0,,0.07267,,,2025-04-23 14:10:00
5818059.681118722,0.0,70.0,,0.0,,0.075387,,,2025-04-23 14:15:00
5818060.681247597,0.0,73.0,,1.4,,0.076027,,,2025-04-23 14:20:00
5818061.681376472,0.0,76.0,,1.4,,0.086953,60.0,,2025-04-23 14:25:00
5818062.681505348,0.0,88.0,,1.4,,0.091559,,,2025-04-23 14:30:00
5818063.681634223,0.0,111.0,,1.4,,0.091367,,,2025-04-23 14:35:00
5818064.681763098,0.0,130.0,,1.4,,0.091351,,,2025-04-23 14:40:00
5818065.681891973,0.0,153.0,,1.4,,0.091593,,,2025-04-23 14:45:00
5818066.682020849,0.0,158.0,,1.4,,0.096148,,9.3,2025-04-23 14:50:00
5818067.682149724,0.0,183.0,,1.4,,0.09539,,,2025-04-23 14:55:00
5818068.6822786,0.0,207.0,,1.4,,0.103158,,,2025-04-23 15:00:00
5818069.682407474,0.0,227.0,,1.4,,0.101932,,,2025-04-23 15:05:00
5818070.68253635,0.0,245.0,,1.4,,0.10807,,,2025-04-23 15:10:00
5818071.682665225,0.0,262.0,,1.4,,0.031185,,,2025-04-23 15:15:00
5818072.682794101,0.0,272.0,,1.4,,0.044315,,,2025-04-23 15:20:00
5818073.682922975,0.0,276.0,,1.4,,0.04458,,,2025-04-23 15:25:00
5818074.683051851,0.0,278.0,,1.4,,0.051139,,,2025-04-23 15:30:00
5818075.683180726,0.0,281.0,,1.4,,0.056292,,,2025-04-23 15:35:00
5818076.683309602,0.0,283.0,,1.4,,0.05452,,3.9,2025-04-23 15:40:00
5818077.683438476,0.0,286.0,,1.4,,0.060526,,,2025-04-23 15:45:00
5818078.683567352,0.0,284.0,,1.4,,0.065726,,,2025-04-23 15:50:00
5818079.683696227,0.0,287.0,,1.4,,0.070201,,,2025-04-23 15:55:00
5818080.683825103,0.0,293.0,,1.4,,0.041347,,,2025-04-23 16:00:00
5818081.683953978,0.0,293.0,,1.4,,0.045154,,,2025-04-23 16:05:00
5818082.684082853,0.0,295.0,,1.4,,0.048778,,,2025-04-23 16:10:00
5818083.684211728,0.0,299.0,,1.4,,0.027323,,,2025-04-23 16:15:00
5818084.684340604,0.0,286.0,,1.4,,0.032031,,,2025-04-23 16:20:00
5818085.684469479,0.0,259.0,,1.4,,0.028514,,,2025-04-23 16:25:00
5818086.684598354,0.0,237.0,,1.4,,0.023004,,,2025-04-23 16:30:00
5818087.684727229,0.0,225.0,,1.4,,0.037053,,,2025-04-23 16:35:00
5818088.684856105,0.0,220.0,,1.4,,0.034092,,,2025-04-23 16:40:00
5818089.68498498,0.0,218.0,,1.4,,0.039575,,,2025-04-23 16:45:00
5818090.685113855,0.0,214.0,,1.4,,0.04334,,,2025-04-23 16:50:00
5818091.68524273,0.0,226.0,,1.4,,0.050313,,,2025-04-23 16:55:00
5818092.685371606,0.0,245.0,,1.4,,0.031281,,,2025-04-23 17:00:00
5818093.685500481,0.0,253.0,,1.4,,0.040615,,3.1,2025-04-23 17:05:00
5818094.685629356,0.0,251.0,,1.4,,0.023349,,,2025-04-23 17:10:00
5818095.685758231,0.0,260.0,,1.4,,0.03663,,,2025-04-23 17:15:00
5818096.685887107,0.0,269.0,,1.4,,0.038942,,,2025-04-23 17:20:00
5818097.686015982,0.0,267.0,,1.4,,0.047433,,,2025-04-23 17:25:00
5818098.686144858,0.0,262.0,,1.4,,0.049294,,,2025-04-23 17:30:00
5818099.686273732,0.0,251.0,,1.4,,0.031989,,,2025-04-23 17:35:00
5818100.686402608,0.0,249.0,,1.4,,0.026208,,,2025-04-23 17:40:00
5818101.686531483,0.0,247.0,,1.4,,0.027505,,,2025-04-23 17:45:00
5818102.686660359,0.0,244.0,,1.4,,0.023685,,,2025-04-23 17:50:00
5818103.686789233,0.0,248.0,,1.4,,0.035892,,,2025-04-23 17:55:00
5818104.686918109,0.0,247.0,,1.4,,0.029225,,,2025-04-23 18:00:00
5818105.687046984,0.0,241.0,,1.4,,0.026814,,,2025-04-23 18:05:00
5818106.68717586,0.0,231.0,,1.4,,0.02803,,2.8,2025-04-23 18:10:00
5818107.687304734,0.0,220.0,,1.4,,0.034209,,,2025-04-23 18:15:00
5818108.68743361,0.0,209.0,,1.4,,0.030246,,,2025-04-23 18:20:00
5818109.687562485,0.0,192.0,,1.4,,0.028411,,,2025-04-23 18:25:00
5818110.687691361,0.0,181.0,,1.4,,0.028317,,,2025-04-23 18:30:00
5818111.687820236,0.0,175.0,,1.4,,0.025014,,,2025-04-23 18:35:00
5818112.687949111,0.0,167.0,,1.4,,0.030918,,,2025-04-23 18:40:00
5818113.688077986,0.0,157.0,,1.4,,0.044069,,,2025-04-23 18:45:00
5818114.688206862,0.0,145.0,,1.4,,0.03567,,,2025-04-23 18:50:00
5818115.688335737,0.0,132.0,,0.0,,0.052038,,,2025-04-23 18:55:00
5818116.688464612,0.0,122.0,,0.0,,0.027644,,,2025-04-23 19:00:00
5818117.688593487,0.0,114.0,,0.0,,0.219134,,,2025-04-23 19:05:00
5818118.688722363,0.0,104.0,,0.0,,2.974049,,,2025-04-23 19:10:00
5818119.688851238,0.0,93.0,,0.0,,6.369802,,,2025-04-23 19:15:00
5818120.688980113,0.0,84.0,,0.0,,7.829545,,,2025-04-23 19:20:00
5818121.689108988,0.0,76.0,,0.0,,7.917468,,,2025-04-23 19:25:00
5818122.689237864,0.0,70.0,,0.0,,4.873238,,,2025-04-23 19:30:00
5818123.689366739,0.0,65.0,,0.0,,3.088106,,,2025-04-23 19:35:00
5818124.689495615,0.0,61.0,,0.0,,2.423198,,,2025-04-23 19:40:00
5818125.689624489,0.0,59.0,,0.0,,2.016608,,,2025-04-23 19:45:00
5818126.689753365,0.0,57.0,,0.0,,1.572885,,,2025-04-23 19:50:00
5818127.68988224,0.0,58.0,,0.0,,0.615182,,,2025-04-23 19:55:00
5818128.690011116,0.0,61.0,,0.0,,0.082252,,,2025-04-23 20:00:00
5818129.69013999,0.0,67.0,,0.0,,0.023404,,,2025-04-23 20:05:00
5818130.690268866,0.0,78.0,,0.0,,0.042838,,,2025-04-23 20:10:00
5818131.690397741,0.0,81.0,,0.0,,0.063589,,,2025-04-23 20:15:00
5818132.690526617,0.0,85.0,,0.0,,0.088163,,,2025-04-23 20:20:00
5818133.690655491,0.0,93.0,,0.0,,0.15652,,,2025-04-23 20:25:00
5818134.690784367,0.0,96.0,,0.0,,0.622031,,,2025-04-23 20:30:00
5818135.690913242,0.0,106.0,,0.0,,1.088871,,,2025-04-23 20:35:00
5818136.691042118,0.0,118.0,,0.0,,1.430878,,,2025-04-23 20:40:00
5818137.691170993,0.0,128.0,,0.0,,1.73909,,,2025-04-23 20:45:00
5818138.691299868,0.0,136.0,,0.0,,2.088504,,,2025-04-23 20:50:00
5818139.691428743,0.0,139.0,,1.4,,1.843726,,,2025-04-23 20:55:00
5818140.691557619,0.0,156.0,,1.4,,1.616206,,,2025-04-23 21:00:00
5818141.691686494,0.0,176.0,,1.4,,1.668576,,,2025-04-23 21:05:00
5818142.691815369,0.0,188.0,,1.4,,1.433516,,6.8,2025-04-23 21:10:00
5818143.691944244,0.0,205.0,,1.4,,1.345917,,,2025-04-23 21:15:00
5818144.69207312,0.0,218.0,,1.4,,1.247102,,,2025-04-23 21:20:00
5818145.692201995,0.0,221.0,,1.4,,1.058744,,,2025-04-23 21:25:00
5818146.69233087,0.0,221.0,,1.4,,1.040448,,,2025-04-23 21:30:00
5818147.692459745,0.0,218.0,,1.4,,1.094498,,,2025-04-23 21:35:00
5818148.692588621,0.0,221.0,,1.4,,0.926791,,,2025-04-23 21:40:00
5818149.692717496,0.0,219.0,,1.4,,0.716669,,,2025-04-23 21:45:00
5818150.692846371,0.0,212.0,,1.4,,0.545232,,,2025-04-23 21:50:00
5818151.692975246,1.0,,,1.4,,0.078387,,,2025-04-23 21:55:00
5818152.693104122,1.0,,,1.4,,0.101506,,,2025-04-23 22:00:00
5818153.693232997,1.0,,,1.4,,0.113313,,,2025-04-23 22:05:00
5818154.693361873,1.0,,,1.4,,0.120537,,,2025-04-23 22:10:00
5818155.693490747,1.0,,,1.4,,0.150496,,,2025-04-23 22:15:00
5818156.693619623,1.0,,,1.4,,0.162884,,,2025-04-23 22:20:00
5818157.693748498,1.0,,,1.4,,0.016679,,,2025-04-23 22:25:00
5818158.693877374,1.0,,,1.4,,0.033223,,,2025-04-23 22:30:00
5818159.694006248,1.0,,,1.4,,0.015654,,,2025-04-23 22:35:00
5818160.694135124,1.0,,,1.4,,0.051956,,,2025-04-23 22:40:00
5818161.694263999,1.0,,139.0,1.4,,0.071823,,,2025-04-23 22:45:00
5818162.694392875,1.0,,,1.4,,0.080643,,,2025-04-23 22:50:00
5818163.694521749,0.0,139.0,139.0,1.4,,0.088537,,,2025-04-23 22:55:00
5818164.694650625,0.0,145.0,,1.4,,0.088002,,,2025-04-23 23:00:00
5818165.6947795,0.0,149.0,,1.4,,0.014596,,,2025-04-23 23:05:00
5818166.694908376,0.0,153.0,,1.4,,0.028089,,,2025-04-23 23:10:00
5818167.695037251,0.0,158.0,,1.4,,0.015443,,,2025-04-23 23:15:00
5818168.695166126,0.0,161.0,,1.4,,0.0163,,,2025-04-23 23:20:00
5818169.695295001,0.0,166.0,,1.4,,0.013371,,1.0,2025-04-23 23:25:00
5818170.695423877,0.0,171.0,,1.4,,0.016908,,,2025-04-23 23:30:00
5818171.695552752,0.0,175.0,,1.4,,0.016027,,,2025-04-23 23:35:00
5818172.695681627,0.0,180.0,,1.4,,0.012517,,,2025-04-23 23:40:00
5818173.695810502,0.0,182.0,,1.4,,0.014601,,,2025-04-23 23:45:00
5818174.695939378,0.0,183.0,,1.4,,0.018822,,,2025-04-23 23:50:00
5818175.696068253,0.0,179.0,,1.4,,0.022553,,,2025-04-23 23:55:00
5818176.696197128,0.0,175.0,,1.4,,0.0251,,,2025-04-24 00:00:00
5818177.696326003,0.0,172.0,,1.4,,0.029349,,,2025-04-24 00:05:00
5818178.696454879,0.0,171.0,,1.4,,0.033653,,,2025-04-24 00:10:00
5818179.696583754,0.0,170.0,,1.4,,0.036404,,,2025-04-24 00:15:00
5818180.69671263,0.0,169.0,,1.4,,0.03862,,,2025-04-24 00:20:00
5818181.696841504,0.0,166.0,,1.4,,0.040121,,,2025-04-24 00:25:00
5818182.69697038,0.0,164.0,,1.4,,0.043741,,,2025-04-24 00:30:00
5818183.697099255,0.0,163.0,,1.4,,0.045378,,,2025-04-24 00:35:00
5818184.697228131,0.0,161.0,,1.4,,0.047426,,,2025-04-24 00:40:00
5818185.697357005,0.0,160.0,,1.4,,0.047985,,,2025-04-24 00:45:00
5818186.697485881,0.0,158.0,,1.4,,0.052254,,,2025-04-24 00:50:00
5818187.697614756,0.0,156.0,,1.4,,0.053139,,,2025-04-24 00:55:00
5818188.697743632,0.0,154.0,,1.4,,0.054345,,,2025-04-24 01:00:00
5818189.697872506,0.0,154.0,,1.4,,0.033357,,,2025-04-24 01:05:00
5818190.698001382,0.0,153.0,,1.4,,0.037501,,,2025-04-24 01:10:00
5818191.698130257,0.0,151.0,,1.4,,0.041099,,,2025-04-24 01:15:00
5818192.698259133,0.0,149.0,,1.4,,0.044098,,,2025-04-24 01:20:00
5818193.698388008,0.0,147.0,,1.4,,0.047587,,,2025-04-24 01:25:00
5818194.698516883,0.0,146.0,,1.4,,0.045638,,,2025-04-24 01:30:00
5818195.698645758,0.0,145.0,,1.4,,0.047945,,,2025-04-24 01:35:00
5818196.698774634,0.0,145.0,,1.4,,0.04962,,,2025-04-24 01:40:00
5818197.698903509,0.0,145.0,,1.4,,0.051264,,,2025-04-24 01:45:00
5818198.699032384,0.0,145.0,,1.4,,0.052428,,,2025-04-24 01:50:00
5818199.699161259,0.0,145.0,,1.4,,0.051664,,,2025-04-24 01:55:00
5818200.699290135,0.0,144.0,,1.4,,0.058156,,,2025-04-24 02:00:00
5818201.69941901,0.0,143.0,,1.4,,0.072165,,,2025-04-24 02:05:00
5818202.699547885,0.0,144.0,,1.4,,0.076979,,,2025-04-24 02:10:00
5818203.6996767605,0.0,144.0,,1.4,,0.076288,,,2025-04-24 02:15:00
5818204.699805636,0.0,144.0,,1.4,,0.077038,,,2025-04-24 02:20:00
5818205.699934511,0.0,145.0,,1.4,,0.081024,,,2025-04-24 02:25:00
5818206.700063386,0.0,146.0,,1.4,,0.086305,,,2025-04-24 02:30:00
5818207.7001922615,0.0,147.0,,1.4,,0.08485,,,2025-04-24 02:35:00
5818208.700321137,0.0,146.0,,1.4,,0.085101,,,2025-04-24 02:40:00
5818209.700450012,0.0,145.0,,1.4,,0.094242,,,2025-04-24 02:45:00
5818210.700578888,0.0,144.0,,1.4,,0.070037,,0.9,2025-04-24 02:50:00
5818211.7007077625,0.0,143.0,,1.4,,0.07154,,,2025-04-24 02:55:00
5818212.700836638,0.0,143.0,,1.4,,0.072325,,,2025-04-24 03:00:00
5818213.7009655135,0.0,143.0,,1.4,,0.07258,,,2025-04-24 03:05:00
5818214.701094389,0.0,138.0,,1.4,,0.072407,,,2025-04-24 03:10:00
5818215.7012232635,0.0,133.0,,1.4,,0.076053,,,2025-04-24 03:15:00
5818216.701352139,0.0,129.0,,1.4,,0.085725,,,2025-04-24 03:20:00
5818217.7014810145,0.0,127.0,,1.4,,0.085196,,,2025-04-24 03:25:00
5818218.70160989,0.0,125.0,,1.4,,0.08739,,,2025-04-24 03:30:00
5818219.7017387645,0.0,123.0,,1.4,,0.088888,,,2025-04-24 03:35:00
5818220.70186764,0.0,122.0,,1.4,,0.091094,,,2025-04-24 03:40:00
5818221.7019965155,0.0,121.0,,1.4,,0.092353,,,2025-04-24 03:45:00
5818222.702125391,0.0,119.0,,1.4,,0.095389,,,2025-04-24 03:50:00
5818223.7022542665,0.0,118.0,,1.4,,0.097797,,,2025-04-24 03:55:00
5818224.702383141,0.0,118.0,,1.4,,0.079824,,,2025-04-24 04:00:00
5818225.7025120165,0.0,116.0,,1.4,,0.096299,,,2025-04-24 04:05:00
5818226.702640892,0.0,112.0,,1.4,,0.105418,,,2025-04-24 04:10:00
5818227.7027697675,0.0,110.0,,1.4,,0.048462,,,2025-04-24 04:15:00
5818228.702898642,0.0,110.0,,1.4,,0.060897,,,2025-04-24 04:20:00
5818229.703027518,0.0,110.0,,1.4,,0.071169,,,2025-04-24 04:25:00
5818230.703156393,0.0,108.0,,1.4,,0.081319,,,2025-04-24 04:30:00
5818231.7032852685,0.0,106.0,,1.4,,0.087893,,,2025-04-24 04:35:00
5818232.703414143,0.0,104.0,,1.4,,0.094756,,,2025-04-24 04:40:00
5818233.703543019,0.0,103.0,,1.4,,0.065156,,,2025-04-24 04:45:00
5818234.703671894,0.0,102.0,,1.4,,0.068928,,,2025-04-24 04:50:00
5818235.7038007695,0.0,101.0,,1.4,,0.106542,,,2025-04-24 04:55:00
5818236.703929645,0.0,99.0,,1.4,,0.106144,,,2025-04-24 05:00:00
5818237.70405852,0.0,100.0,,1.4,,0.110564,,,2025-04-24 05:05:00
5818238.704187395,0.0,101.0,,1.4,,0.117064,,,2025-04-24 05:10:00
5818239.704316271,0.0,101.0,,1.4,,0.120778,,,2025-04-24 05:15:00
5818240.704445146,0.0,100.0,,1.4,,0.126157,,,2025-04-24 05:20:00
5818241.704574021,0.0,100.0,,1.4,,0.129665,,,2025-04-24 05:25:00
5818242.704702896,0.0,100.0,,1.4,,0.151052,,,2025-04-24 05:30:00
5818243.704831772,0.0,100.0,,1.4,,0.026056,,,2025-04-24 05:35:00
5818244.704960647,0.0,98.0,,1.4,,0.041084,,,2025-04-24 05:40:00
5818245.705089522,0.0,98.0,,1.4,,0.03021,,,2025-04-24 05:45:00
5818246.705218397,0.0,98.0,,1.4,,0.041468,,,2025-04-24 05:50:00
5818247.705347273,0.0,100.0,,1.4,,0.655882,,,2025-04-24 05:55:00
5818248.705476148,0.0,100.0,,1.4,,1.337329,,,2025-04-24 06:00:00
5818249.705605024,0.0,102.0,,1.4,,1.811121,,,2025-04-24 06:05:00
5818250.705733898,0.0,101.0,,1.4,,2.036829,,,2025-04-24 06:10:00
5818251.705862774,0.0,106.0,,1.4,,1.170078,,,2025-04-24 06:15:00
5818252.705991649,0.0,107.0,,1.4,,0.662866,,,2025-04-24 06:20:00
5818253.706120525,0.0,105.0,,1.4,,0.395942,,,2025-04-24 06:25:00
5818254.706249399,0.0,106.0,,1.4,,0.323829,,,2025-04-24 06:30:00
5818255.706378275,0.0,107.0,,1.4,,0.290248,,,2025-04-24 06:35:00
5818256.70650715,0.0,105.0,,1.4,,0.252901,,,2025-04-24 06:40:00
5818257.706636026,0.0,105.0,,1.4,,0.0,,,2025-04-24 06:45:00
5818258.7067649,0.0,99.0,,1.4,,,,,2025-04-24 06:50:00
5818259.706893776,0.0,101.0,,1.4,,,45.0,,2025-04-24 06:55:00
5818260.707022651,0.0,103.0,,1.4,,,,,2025-04-24 07:00:00
5818261.707151527,0.0,103.0,,1.4,,,,,2025-04-24 07:05:00
5818262.707280401,0.0,102.0,,1.4,,,,,2025-04-24 07:10:00
5818263.707409277,0.0,105.0,,1.4,,,,,2025-04-24 07:15:00
5818264.707538152,0.0,107.0,,1.4,,,,,2025-04-24 07:20:00
5818265.707667028,0.0,113.0,,1.4,,,,,2025-04-24 07:25:00
5818266.707795903,0.0,126.0,,1.4,,,,5.9,2025-04-24 07:30:00
5818267.707924778,0.0,144.0,,1.4,,,,,2025-04-24 07:35:00
5818268.708053653,0.0,161.0,,1.4,,,,,2025-04-24 07:40:00
5818269.708182529,0.0,175.0,,1.4,,,,,2025-04-24 07:45:00
5818270.708311404,0.0,187.0,,1.4,,,,,2025-04-24 07:50:00
5818271.708440279,0.0,200.0,,1.4,,,,,2025-04-24 07:55:00
5818272.708569154,0.0,199.0,,1.4,,,,,2025-04-24 08:00:00
5818273.70869803,0.0,193.0,,1.4,,,,,2025-04-24 08:05:00
5818274.708826905,0.0,189.0,,1.4,,,,,2025-04-24 08:10:00
5818275.70895578,0.0,186.0,,1.4,,,,,2025-04-24 08:15:00
5818276.709084655,0.0,167.0,,1.4,,,,,2025-04-24 08:20:00
5818277.709213531,0.0,156.0,,1.4,,,,,2025-04-24 08:25:00
5818278.709342406,0.0,147.0,,1.4,,,,,2025-04-24 08:30:00
5818279.709471282,0.0,139.0,,1.4,,0.004224,,,2025-04-24 08:35:00
5818280.709600156,0.0,131.0,,1.4,,0.009693,,,2025-04-24 08:40:00
5818281.709729032,0.0,120.0,,1.4,,0.012372,,,2025-04-24 08:45:00
5818282.709857907,0.0,113.0,,1.4,,0.020651,,,2025-04-24 08:50:00
5818283.709986783,0.0,105.0,,1.4,,0.024943,,,2025-04-24 08:55:00
5818284.710115657,0.0,97.0,,1.4,,0.026887,,,2025-04-24 09:00:00
5818285.710244533,0.0,92.0,,1.4,,0.025364,,,2025-04-24 09:05:00
5818286.710373408,0.0,85.0,,1.4,,0.02563,,,2025-04-24 09:10:00
5818287.710502284,0.0,83.0,,1.4,,0.032001,,,2025-04-24 09:15:00
5818288.710631158,0.0,82.0,,1.4,,0.0342,,,2025-04-24 09:20:00
5818289.710760034,0.0,83.0,,1.4,,0.020061,,,2025-04-24 09:25:00
5818290.710888909,0.0,81.0,,1.4,,0.027802,,,2025-04-24 09:30:00
5818291.711017785,0.0,79.0,,1.4,,0.031152,,,2025-04-24 09:35:00
5818292.71114666,0.0,80.0,,1.4,,0.038938,,,2025-04-24 09:40:00
5818293.711275535,0.0,80.0,,1.4,,0.047193,,,2025-04-24 09:45:00
5818294.71140441,0.0,80.0,,1.4,,0.040428,,,2025-04-24 09:50:00
5818295.711533286,0.0,78.0,,1.4,,0.031827,,,2025-04-24 09:55:00
5818296.711662161,0.0,73.0,,1.4,,0.038351,,,2025-04-24 10:00:00
5818297.711791036,0.0,66.0,,1.4,,0.046548,,,2025-04-24 10:05:00
5818298.711919911,0.0,69.0,,1.4,,0.029169,,,2025-04-24 10:10:00
5818299.712048787,0.0,69.0,,1.4,,0.033935,,,2025-04-24 10:15:00
5818300.712177662,0.0,68.0,,1.4,,0.040242,,,2025-04-24 10:20:00
5818301.712306537,0.0,68.0,,1.4,,0.048153,,,2025-04-24 10:25:00
5818302.712435412,0.0,65.0,,1.4,,0.054428,,,2025-04-24 10:30:00
5818303.712564288,0.0,63.0,,1.4,,0.05332,,,2025-04-24 10:35:00
5818304.712693163,0.0,67.0,,1.4,,0.051762,,,2025-04-24 10:40:00
5818305.712822039,1.0,,,1.4,,0.056235,,,2025-04-24 10:45:00
5818306.712950913,1.0,,,1.4,,0.026808,,,2025-04-24 10:50:00
5818307.713079789,1.0,,,1.4,,0.019515,,,2025-04-24 10:55:00
5818308.713208664,1.0,,,1.4,,0.015501,,,2025-04-24 11:00:00
5818309.71333754,1.0,,,1.4,,0.043145,,,2025-04-24 11:05:00
5818310.713466414,1.0,,,1.4,,0.143946,,,2025-04-24 11:10:00
5818311.71359529,1.0,,,1.4,,0.040194,,,2025-04-24 11:15:00
5818312.713724165,1.0,,,1.4,,0.033447,,,2025-04-24 11:20:00
5818313.713853041,1.0,,,1.4,,0.027492,,,2025-04-24 11:25:00
5818314.713981915,1.0,,,1.4,,0.024545,,,2025-04-24 11:30:00
5818315.714110791,1.0,,,1.4,,0.03571,,,2025-04-24 11:35:00
5818316.714239666,1.0,,,1.4,,0.205453,,,2025-04-24 11:40:00
5818317.714368542,1.0,,,1.4,,0.430066,,,2025-04-24 11:45:00
5818318.714497416,1.0,,,1.4,,0.055398,,,2025-04-24 11:50:00
5818319.714626292,1.0,,,1.4,,0.067927,,,2025-04-24 11:55:00
5818320.714755167,1.0,,,1.4,,0.116301,,,2025-04-24 12:00:00
5818321.714884043,1.0,,,1.4,,0.062453,,,2025-04-24 12:05:00
5818322.715012918,1.0,,,1.4,,0.071056,,,2025-04-24 12:10:00
5818323.715141793,1.0,,,1.4,,0.125906,,,2025-04-24 12:15:00
5818324.715270668,1.0,,,1.4,,0.297972,,,2025-04-24 12:20:00
5818325.715399544,1.0,,,1.4,,0.168843,,8.1,2025-04-24 12:25:00
5818326.715528419,1.0,,,1.4,,0.213992,,,2025-04-24 12:30:00
5818327.715657294,1.0,,,1.4,,0.555126,,,2025-04-24 12:35:00
5818328.715786169,1.0,,,1.4,,0.648666,,,2025-04-24 12:40:00
5818329.715915045,1.0,,,1.4,,0.648905,,,2025-04-24 12:45:00
5818330.71604392,1.0,,,1.4,,0.498398,,,2025-04-24 12:50:00
5818331.716172795,1.0,,,1.4,,0.365355,,,2025-04-24 12:55:00
5818332.71630167,1.0,,,1.4,,0.223962,,,2025-04-24 13:00:00
5818333.716430546,1.0,,,1.4,,0.170582,,,2025-04-24 13:05:00
5818334.716559421,1.0,,,1.4,,0.039495,,,2025-04-24 13:10:00
5818335.716688297,1.0,,,1.4,,0.037577,,,2025-04-24 13:15:00
5818336.716817171,1.0,,,1.4,,0.054124,,,2025-04-24 13:20:00
5818337.716946047,1.0,,,1.4,,0.024138,,,2025-04-24 13:25:00
5818338.717074922,1.0,,,1.4,,0.020529,,,2025-04-24 13:30:00
5818339.717203798,1.0,,,1.4,,0.028296,,,2025-04-24 13:35:00
5818340.717332672,1.0,,,1.4,,0.026482,,,2025-04-24 13:40:00
5818341.717461548,1.0,,,1.4,,0.02999,,,2025-04-24 13:45:00
5818342.717590423,1.0,,,1.4,,0.034174,,,2025-04-24 13:50:00
5818343.717719299,1.0,,,1.4,,0.041478,,,2025-04-24 13:55:00
5818344.717848173,1.0,,,1.4,,0.047659,,,2025-04-24 14:00:00
5818345.717977049,1.0,,,1.4,,0.054149,,,2025-04-24 14:05:00
5818346.718105924,1.0,,,1.4,,0.057161,,,2025-04-24 14:10:00
5818347.7182348,1.0,,,1.4,,0.058893,,,2025-04-24 14:15:00
5818348.718363675,1.0,,,1.4,,0.065754,,,2025-04-24 14:20:00
5818349.71849255,1.0,,,1.4,,0.063477,,,2025-04-24 14:25:00
5818350.718621425,1.0,,,1.4,,0.081686,,,2025-04-24 14:30:00
5818351.718750301,1.0,,,1.4,,0.037754,,,2025-04-24 14:35:00
5818352.718879176,1.0,,,1.4,,0.038096,,,2025-04-24 14:40:00
5818353.719008051,1.0,,,1.4,,0.0336,,,2025-04-24 14:45:00
5818354.719136926,1.0,,,1.4,,0.028646,,,2025-04-24 14:50:00
5818355.719265802,1.0,,,1.4,,0.019081,,,2025-04-24 14:55:00
5818356.719394677,1.0,,,1.4,,0.015468,,,2025-04-24 15:00:00
5818357.719523552,1.0,,,1.4,,0.020716,,,2025-04-24 15:05:00
5818358.719652427,1.0,,,1.4,,0.024115,,,2025-04-24 15:10:00
5818359.719781303,1.0,,,1.4,,0.032408,,,2025-04-24 15:15:00
5818360.719910178,1.0,,,1.4,,0.018689,,,2025-04-24 15:20:00
5818361.720039054,1.0,,,1.4,,0.032341,,,2025-04-24 15:25:00
5818362.720167928,1.0,,,1.4,,0.025678,,,2025-04-24 15:30:00
5818363.720296804,1.0,,,1.4,,0.028342,,,2025-04-24 15:35:00
5818364.720425679,1.0,,,1.4,,0.034578,,,2025-04-24 15:40:00
5818365.720554555,1.0,,,1.4,,0.027904,,,2025-04-24 15:45:00
5818366.720683429,1.0,,,1.4,,0.025842,,,2025-04-24 15:50:00
5818367.720812305,1.0,,,1.4,,0.026334,,,2025-04-24 15:55:00
5818368.72094118,1.0,,,1.4,,0.024572,,,2025-04-24 16:00:00
5818369.721070056,1.0,,,1.4,,3.632315,,,2025-04-24 16:05:00
5818370.72119893,1.0,,,1.4,,8.121174,,,2025-04-24 16:10:00
5818371.721327806,1.0,,,1.4,,8.933368,,,2025-04-24 16:15:00
5818372.721456681,1.0,,,1.4,,6.468955,,,2025-04-24 16:20:00
5818373.721585557,1.0,,,1.4,,3.788065,,,2025-04-24 16:25:00
5818374.721714431,1.0,,,1.4,,2.770016,,,2025-04-24 16:30:00
5818375.721843307,1.0,,,1.4,,1.784772,,,2025-04-24 16:35:00
5818376.721972182,1.0,,,1.4,,0.163501,,,2025-04-24 16:40:00
5818377.722101058,1.0,,,1.4,,0.036357,,,2025-04-24 16:45:00
5818378.722229933,1.0,,,1.4,,0.05076,,,2025-04-24 16:50:00
5818379.722358808,1.0,,,1.4,,0.051743,,,2025-04-24 16:55:00
5818380.722487683,1.0,,,1.4,,0.047858,,,2025-04-24 17:00:00
5818381.722616559,1.0,,224.0,1.4,,0.025328,,3.6,2025-04-24 17:05:00
5818382.722745434,1.0,,,1.4,,0.02567,,,2025-04-24 17:10:00
5818383.722874309,0.0,199.0,224.0,1.4,,0.029834,,,2025-04-24 17:15:00
5818384.723003184,0.0,184.0,,1.4,,0.030679,,,2025-04-24 17:20:00
5818385.72313206,0.0,173.0,,1.4,,0.032955,,,2025-04-24 17:25:00
5818386.723260935,0.0,165.0,,1.4,,0.033942,,,2025-04-24 17:30:00
5818387.72338981,0.0,153.0,,1.4,,0.031232,,,2025-04-24 17:35:00
5818388.723518685,0.0,142.0,,1.4,,0.016792,,,2025-04-24 17:40:00
5818389.723647561,0.0,132.0,,1.4,,0.016171,,,2025-04-24 17:45:00
5818390.723776436,0.0,118.0,,1.4,,0.015541,,,2025-04-24 17:50:00
5818391.723905312,0.0,108.0,,1.4,,0.027511,,,2025-04-24 17:55:00
5818392.724034186,0.0,102.0,,1.4,,0.029811,,,2025-04-24 18:00:00
5818393.724163062,0.0,91.0,,1.4,,0.034425,,,2025-04-24 18:05:00
5818394.724291937,0.0,79.0,,1.4,,0.025387,,,2025-04-24 18:10:00
5818395.724420813,0.0,67.0,,1.4,,0.030861,,,2025-04-24 18:15:00
5818396.7245496875,0.0,59.0,,1.4,,0.02522,,,2025-04-24 18:20:00
5818397.724678563,0.0,57.0,,1.4,,0.021936,,,2025-04-24 18:25:00
5818398.724807438,0.0,54.0,,1.4,,0.027779,,,2025-04-24 18:30:00
5818399.724936314,0.0,53.0,,1.4,,0.032146,,,2025-04-24 18:35:00
5818400.7250651885,0.0,50.0,,1.4,,0.038105,,,2025-04-24 18:40:00
5818401.725194064,0.0,45.0,,1.4,,0.03669,,,2025-04-24 18:45:00
5818402.725322939,0.0,47.0,,1.4,,0.039621,,,2025-04-24 18:50:00
5818403.725451815,0.0,50.0,,1.4,,0.033971,,,2025-04-24 18:55:00
5818404.72558069,0.0,52.0,,1.4,,0.029864,,,2025-04-24 19:00:00
5818405.725709565,0.0,56.0,,1.4,,0.033573,,,2025-04-24 19:05:00
5818406.7258384405,0.0,64.0,,1.4,,0.034782,,,2025-04-24 19:10:00
5818407.725967316,0.0,74.0,,1.4,,0.043827,,,2025-04-24 19:15:00
5818408.726096191,0.0,83.0,,1.4,,0.045134,,,2025-04-24 19:20:00
5818409.726225066,0.0,92.0,,1.4,,0.046989,,,2025-04-24 19:25:00
5818410.7263539415,0.0,103.0,,1.4,,0.043614,,,2025-04-24 19:30:00
5818411.726482817,0.0,110.0,,1.4,,0.056262,,,2025-04-24 19:35:00
5818412.726611692,0.0,119.0,,1.4,,0.195748,,,2025-04-24 19:40:00
5818413.726740567,0.0,128.0,,1.4,,0.424922,,,2025-04-24 19:45:00
5818414.7268694425,0.0,139.0,,1.4,,0.066207,,,2025-04-24 19:50:00
5818415.726998318,0.0,136.0,,1.4,,0.083476,,,2025-04-24 19:55:00
5818416.7271271935,0.0,129.0,,1.4,,0.040747,,,2025-04-24 20:00:00
5818417.727256069,0.0,143.0,,1.4,,0.030466,,,2025-04-24 20:05:00
5818418.7273849435,0.0,160.0,,1.4,,0.026973,,,2025-04-24 20:10:00
5818419.727513819,0.0,168.0,,1.4,,0.025475,,2.1,2025-04-24 20:15:00
5818420.7276426945,0.0,168.0,,1.4,,0.020606,,,2025-04-24 20:20:00
5818421.72777157,0.0,180.0,,1.4,,0.02754,,,2025-04-24 20:25:00
5818422.7279004445,0.0,189.0,,1.4,,0.032596,,,2025-04-24 20:30:00
5818423.72802932,0.0,197.0,,1.4,,0.020577,,,2025-04-24 20:35:00
5818424.7281581955,0.0,199.0,,1.4,,0.025372,,,2025-04-24 20:40:00
5818425.728287071,0.0,205.0,,1.4,,0.029841,,,2025-04-24 20:45:00
5818426.728415946,0.0,214.0,,1.4,,0.04374,,,2025-04-24 20:50:00
5818427.728544821,0.0,219.0,,1.4,,0.050741,,,2025-04-24 20:55:00
5818428.7286736965,0.0,219.0,,1.4,,0.021148,,,2025-04-24 21:00:00
5818429.728802572,0.0,219.0,,1.4,,0.025287,,,2025-04-24 21:05:00
5818430.728931447,0.0,218.0,,1.4,,0.028216,,,2025-04-24 21:10:00
5818431.729060322,0.0,215.0,,1.4,,0.032017,,,2025-04-24 21:15:00
5818432.7291891975,0.0,207.0,,1.4,,0.034917,,2.6,2025-04-24 21:20:00
5818433.729318073,0.0,196.0,,1.4,,0.030379,,,2025-04-24 21:25:00
5818434.7294469485,0.0,198.0,,1.4,,0.030166,,,2025-04-24 21:30:00
5818435.729575823,0.0,212.0,,1.4,,0.055875,,,2025-04-24 21:35:00
5818436.729704699,0.0,220.0,,1.4,,0.032299,,,2025-04-24 21:40:00
5818437.729833574,0.0,227.0,,1.4,,0.032666,,,2025-04-24 21:45:00
5818438.7299624495,0.0,230.0,,1.4,,0.035115,,,2025-04-24 21:50:00
5818439.730091324,0.0,227.0,,1.4,,0.046123,,,2025-04-24 21:55:00
5818440.7302202,0.0,223.0,,1.4,,0.040664,,,2025-04-24 22:00:00
5818441.730349075,0.0,221.0,,1.4,,0.046844,,,2025-04-24 22:05:00
5818442.730477951,0.0,220.0,,1.4,,0.049598,,,2025-04-24 22:10:00
5818443.730606825,0.0,218.0,,1.4,,0.049188,,,2025-04-24 22:15:00
5818444.730735701,0.0,211.0,,1.4,,0.038565,,,2025-04-24 22:20:00
5818445.730864576,0.0,204.0,,1.4,,0.027869,,2.1,2025-04-24 22:25:00
5818446.730993452,0.0,200.0,,1.4,,0.02045,,,2025-04-24 22:30:00
5818447.731122327,0.0,198.0,,1.4,,0.023447,,,2025-04-24 22:35:00
5818448.731251202,0.0,192.0,,1.4,,0.022812,,,2025-04-24 22:40:00
5818449.731380077,0.0,180.0,,1.4,,0.024728,,,2025-04-24 22:45:00
5818450.731508953,0.0,154.0,,1.4,,0.018835,,,2025-04-24 22:50:00
5818451.731637828,0.0,162.0,,1.4,,0.017112,,,2025-04-24 22:55:00
5818452.731766703,0.0,156.0,,1.4,,0.022109,,,2025-04-24 23:00:00
5818453.731895578,0.0,158.0,,1.4,,0.021092,,,2025-04-24 23:05:00
5818454.732024454,0.0,164.0,,1.4,,0.021673,,,2025-04-24 23:10:00
5818455.732153329,0.0,163.0,,1.4,,0.02625,,,2025-04-24 23:15:00
5818456.732282204,0.0,160.0,,1.4,,0.021288,,,2025-04-24 23:20:00
5818457.732411079,0.0,156.0,,1.4,,0.016662,,,2025-04-24 23:25:00
5818458.732539955,0.0,149.0,,1.4,,0.017344,,,2025-04-24 23:30:00
5818459.73266883,0.0,144.0,,1.4,,0.022993,,,2025-04-24 23:35:00
5818460.732797706,0.0,139.0,,1.4,,0.032998,,,2025-04-24 23:40:00
5818461.73292658,0.0,133.0,,1.4,,0.054138,,,2025-04-24 23:45:00
5818462.733055456,0.0,127.0,,1.4,,0.064813,,2.8,2025-04-24 23:50:00
5818463.733184331,0.0,119.0,,1.3,,0.058758,,,2025-04-24 23:55:00
5818464.733313207,0.0,120.0,,1.3,,0.048827,,,2025-04-25 00:00:00
5818465.733442081,0.0,118.0,,1.3,,0.057544,,,2025-04-25 00:05:00
5818466.733570957,0.0,117.0,,1.3,,0.065107,,,2025-04-25 00:10:00
5818467.733699832,0.0,121.0,,1.3,,0.075245,,,2025-04-25 00:15:00
5818468.733828708,0.0,127.0,,1.3,,0.085359,,,2025-04-25 00:20:00
5818469.733957582,0.0,132.0,,1.3,,0.096109,,,2025-04-25 00:25:00
5818470.734086458,0.0,136.0,,1.3,,0.132325,,,2025-04-25 00:30:00
5818471.734215333,0.0,139.0,,1.3,,0.061703,,,2025-04-25 00:35:00
5818472.734344209,0.0,137.0,,1.3,,0.048028,,,2025-04-25 00:40:00
5818473.734473084,0.0,137.0,,1.3,,0.064266,,,2025-04-25 00:45:00
5818474.734601959,0.0,131.0,,1.3,,0.083621,,,2025-04-25 00:50:00
5818475.734730834,0.0,122.0,,1.3,,0.100627,,,2025-04-25 00:55:00
5818476.73485971,0.0,116.0,,1.3,,0.122786,,,2025-04-25 01:00:00
5818477.734988585,0.0,112.0,,1.3,,0.138594,,,2025-04-25 01:05:00
5818478.73511746,0.0,110.0,,1.3,,0.15742,,,2025-04-25 01:10:00
5818479.735246335,0.0,107.0,,1.3,,0.173483,,,2025-04-25 01:15:00
5818480.735375211,0.0,105.0,,1.3,,0.189412,,,2025-04-25 01:20:00
5818481.735504086,0.0,102.0,,1.3,,0.20476,20.0,,2025-04-25 01:25:00
5818482.735632961,0.0,99.0,,1.3,,0.220096,,,2025-04-25 01:30:00
5818483.735761836,0.0,95.0,,1.3,,0.233919,,,2025-04-25 01:35:00
5818484.735890712,0.0,92.0,,1.3,,0.243485,,,2025-04-25 01:40:00
5818485.736019587,0.0,89.0,,1.3,,0.255124,,,2025-04-25 01:45:00
5818486.736148462,0.0,87.0,,1.3,,0.266898,,,2025-04-25 01:50:00
5818487.736277337,0.0,83.0,,1.3,,0.277506,,,2025-04-25 01:55:00
5818488.736406213,0.0,79.0,,1.3,,0.307737,,,2025-04-25 02:00:00
5818489.736535088,0.0,76.0,,1.3,,0.316181,,,2025-04-25 02:05:00
5818490.736663964,0.0,80.0,,1.3,,0.329576,,,2025-04-25 02:10:00
5818491.736792838,0.0,83.0,,1.3,,0.334287,,,2025-04-25 02:15:00
5818492.736921714,0.0,81.0,,1.3,,0.355963,,,2025-04-25 02:20:00
5818493.737050589,0.0,77.0,,1.3,,0.380514,,,2025-04-25 02:25:00
5818494.737179465,0.0,74.0,,1.3,,0.390194,,,2025-04-25 02:30:00
5818495.737308339,0.0,73.0,,1.3,,0.355458,,,2025-04-25 02:35:00
5818496.737437215,0.0,73.0,,1.3,,0.357142,,,2025-04-25 02:40:00
5818497.73756609,0.0,72.0,,1.3,,0.368557,,,2025-04-25 02:45:00
5818498.737694966,0.0,71.0,,1.3,,0.373407,,,2025-04-25 02:50:00
5818499.73782384,0.0,69.0,,1.3,,0.386109,,,2025-04-25 02:55:00
5818500.737952716,0.0,67.0,,1.3,,0.391442,,,2025-04-25 03:00:00
5818501.738081591,0.0,65.0,,1.3,,0.371966,,,2025-04-25 03:05:00
5818502.738210467,0.0,64.0,,1.3,,0.372345,,,2025-04-25 03:10:00
5818503.738339342,0.0,64.0,,1.3,,0.391642,,,2025-04-25 03:15:00
5818504.738468217,0.0,66.0,,1.3,,0.380595,,,2025-04-25 03:20:00
5818505.738597092,0.0,70.0,,1.3,,0.377817,,,2025-04-25 03:25:00
5818506.738725968,0.0,70.0,,1.3,,0.381606,,,2025-04-25 03:30:00
5818507.738854843,0.0,67.0,,1.3,,0.383078,,,2025-04-25 03:35:00
5818508.738983718,0.0,64.0,,1.3,,0.388206,,,2025-04-25 03:40:00
5818509.739112593,0.0,61.0,,0.0,,0.378608,,,2025-04-25 03:45:00
5818510.739241469,0.0,59.0,,0.0,,0.376901,,,2025-04-25 03:50:00
5818511.739370344,0.0,56.0,,0.0,,0.374265,,,2025-04-25 03:55:00
5818512.739499219,0.0,54.0,,0.0,,0.373683,,,2025-04-25 04:00:00
5818513.739628094,0.0,52.0,,0.0,,0.378791,,,2025-04-25 04:05:00
5818514.73975697,0.0,50.0,,0.0,,0.360205,,,2025-04-25 04:10:00
5818515.739885845,0.0,49.0,,0.0,,0.355878,,,2025-04-25 04:15:00
5818516.740014721,0.0,49.0,,0.0,,0.357591,,,2025-04-25 04:20:00
5818517.740143595,0.0,50.0,,0.0,,0.376529,,,2025-04-25 04:25:00
5818518.740272471,0.0,51.0,,0.0,,0.3806,,,2025-04-25 04:30:00
5818519.740401346,0.0,52.0,,0.0,,0.381679,,,2025-04-25 04:35:00
5818520.740530222,0.0,54.0,,0.0,,0.361633,,,2025-04-25 04:40:00
5818521.740659096,0.0,58.0,,0.0,,0.358585,,,2025-04-25 04:45:00
5818522.740787972,0.0,60.0,,0.0,,0.356948,,,2025-04-25 04:50:00
5818523.740916847,0.0,60.0,,0.0,,0.328637,,,2025-04-25 04:55:00
5818524.741045723,0.0,61.0,,0.0,,0.316758,,,2025-04-25 05:00:00
5818525.741174597,1.0,,63.0,0.0,,0.305443,,,2025-04-25 05:05:00
5818526.741303473,1.0,,,0.0,,0.303243,,,2025-04-25 05:10:00
5818527.741432348,1.0,,,0.0,,0.304108,,,2025-04-25 05:15:00
5818528.741561224,0.0,72.0,63.0,0.0,,0.305585,,,2025-04-25 05:20:00
5818529.741690099,0.0,85.0,,0.0,,0.321109,,,2025-04-25 05:25:00
5818530.741818974,0.0,97.0,,0.0,,0.330906,,,2025-04-25 05:30:00
5818531.741947849,0.0,105.0,,0.0,,0.32483,,,2025-04-25 05:35:00
5818532.742076725,0.0,110.0,,0.0,,0.273741,,,2025-04-25 05:40:00
5818533.7422056,0.0,111.0,,0.0,,0.273847,,,2025-04-25 05:45:00
5818534.742334475,0.0,111.0,,0.0,,0.280949,,,2025-04-25 05:50:00
5818535.74246335,0.0,112.0,,0.0,,0.293555,,,2025-04-25 05:55:00
5818536.742592226,0.0,114.0,,0.0,,0.302795,,,2025-04-25 06:00:00
5818537.742721101,0.0,116.0,,0.0,,0.285463,,,2025-04-25 06:05:00
5818538.742849976,0.0,120.0,,1.3,,0.258797,,,2025-04-25 06:10:00
5818539.742978851,0.0,124.0,,1.3,,0.252101,,,2025-04-25 06:15:00
5818540.743107727,0.0,128.0,,1.3,,0.280936,,,2025-04-25 06:20:00
5818541.743236602,0.0,132.0,,1.3,,0.300514,,,2025-04-25 06:25:00
5818542.743365477,0.0,139.0,,1.3,,0.294639,,,2025-04-25 06:30:00
5818543.743494352,0.0,145.0,,1.3,,0.29766,,,2025-04-25 06:35:00
5818544.743623228,0.0,149.0,,1.3,,0.302271,,,2025-04-25 06:40:00
5818545.743752103,0.0,153.0,,1.3,,0.306726,,,2025-04-25 06:45:00
5818546.743880979,0.0,158.0,,1.3,,0.307069,,,2025-04-25 06:50:00
5818547.744009853,0.0,160.0,,1.3,,0.307038,,,2025-04-25 06:55:00
5818548.744138729,0.0,162.0,,1.3,,0.307166,,,2025-04-25 07:00:00
5818549.744267604,0.0,165.0,,1.3,,0.308021,,,2025-04-25 07:05:00
5818550.74439648,0.0,168.0,,1.3,,0.364788,,,2025-04-25 07:10:00
5818551.744525354,0.0,169.0,,1.3,,0.291609,,1.0,2025-04-25 07:15:00
5818552.74465423,0.0,174.0,,1.3,,0.286821,,,2025-04-25 07:20:00
5818553.744783105,0.0,177.0,,1.3,,0.291162,,,2025-04-25 07:25:00
5818554.744911981,0.0,173.0,,1.3,,0.321154,,,2025-04-25 07:30:00
5818555.745040855,0.0,168.0,,1.3,,0.312229,,,2025-04-25 07:35:00
5818556.745169731,0.0,162.0,,1.3,,0.291337,,,2025-04-25 07:40:00
5818557.745298606,0.0,158.0,,1.3,,0.290944,,,2025-04-25 07:45:00
5818558.745427482,0.0,155.0,,1.3,,0.304329,,,2025-04-25 07:50:00
5818559.745556357,0.0,152.0,,1.3,,0.318285,,,2025-04-25 07:55:00
5818560.745685232,0.0,147.0,,1.3,,0.338491,,,2025-04-25 08:00:00
5818561.745814107,0.0,144.0,,1.3,,0.345537,,,2025-04-25 08:05:00
5818562.745942983,0.0,141.0,,1.3,,0.349438,,,2025-04-25 08:10:00
5818563.746071858,0.0,137.0,,1.3,,0.349612,,,2025-04-25 08:15:00
5818564.746200733,0.0,135.0,,1.3,,0.318712,,,2025-04-25 08:20:00
5818565.746329608,0.0,133.0,,1.3,,0.283903,,,2025-04-25 08:25:00
5818566.746458484,0.0,128.0,,1.3,,0.270349,,,2025-04-25 08:30:00
5818567.746587359,0.0,124.0,,1.3,,0.257323,,,2025-04-25 08:35:00
5818568.746716234,0.0,122.0,,1.3,,0.248101,,,2025-04-25 08:40:00
5818569.746845109,0.0,120.0,,1.3,,0.24416,,,2025-04-25 08:45:00
5818570.746973985,0.0,119.0,,1.3,,0.25341,,,2025-04-25 08:50:00
5818571.74710286,0.0,117.0,,1.3,,0.251773,,,2025-04-25 08:55:00
5818572.747231736,0.0,115.0,,1.3,,0.257952,,,2025-04-25 09:00:00
5818573.74736061,0.0,115.0,,1.3,,0.262287,,,2025-04-25 09:05:00
5818574.747489486,0.0,114.0,,1.3,,0.256309,,,2025-04-25 09:10:00
5818575.747618361,0.0,112.0,,1.3,,0.252419,,,2025-04-25 09:15:00
5818576.747747237,0.0,110.0,,1.3,,0.215429,,,2025-04-25 09:20:00
5818577.747876111,0.0,110.0,,1.3,,0.064796,,,2025-04-25 09:25:00
5818578.748004987,0.0,114.0,,1.3,,0.032745,,,2025-04-25 09:30:00
5818579.748133862,0.0,114.0,,1.3,,0.040759,,,2025-04-25 09:35:00
5818580.748262738,0.0,113.0,,1.3,,0.053155,,,2025-04-25 09:40:00
5818581.748391612,0.0,111.0,,1.3,,0.072601,,,2025-04-25 09:45:00
5818582.748520488,0.0,111.0,,1.3,,0.044138,,,2025-04-25 09:50:00
5818583.748649363,0.0,110.0,,1.3,,0.040373,68.0,,2025-04-25 09:55:00
5818584.748778239,0.0,107.0,,1.3,,0.019076,,,2025-04-25 10:00:00
5818585.748907114,0.0,104.0,,1.3,,0.020659,,,2025-04-25 10:05:00
5818586.749035989,0.0,102.0,,1.3,,0.029405,,,2025-04-25 10:10:00
5818587.749164864,0.0,101.0,131.0,1.3,,0.037434,,,2025-04-25 10:15:00
5818588.74929374,0.0,98.0,,1.3,,0.053127,,,2025-04-25 10:20:00
5818589.749422615,0.0,114.0,131.0,1.3,,0.056153,,,2025-04-25 10:25:00
5818590.74955149,0.0,113.0,,1.3,,0.066663,,,2025-04-25 10:30:00
5818591.749680365,0.0,111.0,,1.3,,0.080294,,,2025-04-25 10:35:00
5818592.749809241,0.0,106.0,,1.3,,0.088131,,,2025-04-25 10:40:00
5818593.749938116,0.0,101.0,,1.3,,0.094506,,,2025-04-25 10:45:00
5818594.750066991,0.0,109.0,,1.3,,0.09306,,,2025-04-25 10:50:00
5818595.750195866,0.0,118.0,,1.3,,0.066211,,,2025-04-25 10:55:00
5818596.750324742,0.0,125.0,,1.3,,0.034691,,,2025-04-25 11:00:00
5818597.750453617,0.0,156.0,,1.3,,0.035097,,,2025-04-25 11:05:00
5818598.750582492,0.0,147.0,,1.3,,0.016375,,,2025-04-25 11:10:00
5818599.750711367,0.0,166.0,,1.3,,0.030174,,6.8,2025-04-25 11:15:00
5818600.750840243,0.0,176.0,,1.3,,0.038879,,,2025-04-25 11:20:00
5818601.750969118,0.0,172.0,,1.3,,0.044916,,,2025-04-25 11:25:00
5818602.751097994,0.0,173.0,,1.3,,0.037732,,,2025-04-25 11:30:00
5818603.7512268685,0.0,175.0,,1.3,,0.0538,,,2025-04-25 11:35:00
5818604.751355744,0.0,181.0,,1.3,,0.058307,,,2025-04-25 11:40:00
5818605.751484619,0.0,188.0,,1.3,,0.057361,,,2025-04-25 11:45:00
5818606.751613495,0.0,193.0,,1.3,,0.064991,,,2025-04-25 11:50:00
5818607.7517423695,0.0,197.0,,1.3,,0.045827,,,2025-04-25 11:55:00
5818608.751871245,0.0,199.0,,1.3,,0.060975,,,2025-04-25 12:00:00
5818609.7520001205,0.0,209.0,,1.3,,0.066171,,,2025-04-25 12:05:00
5818610.752128996,0.0,206.0,,1.3,,0.070111,,,2025-04-25 12:10:00
5818611.7522578705,0.0,194.0,,1.3,,0.074253,,,2025-04-25 12:15:00
5818612.752386746,0.0,183.0,,1.3,,0.079031,,,2025-04-25 12:20:00
5818613.7525156215,0.0,176.0,,1.3,,0.078506,,,2025-04-25 12:25:00
5818614.752644497,0.0,169.0,,1.3,,0.081436,,,2025-04-25 12:30:00
5818615.752773372,0.0,168.0,,1.3,,0.080948,,,2025-04-25 12:35:00
5818616.752902247,0.0,168.0,,1.3,,0.083837,,,2025-04-25 12:40:00
5818617.7530311225,0.0,162.0,,1.3,,0.07776,,,2025-04-25 12:45:00
5818618.753159998,0.0,153.0,,1.3,,0.081651,,,2025-04-25 12:50:00
5818619.7532888735,0.0,151.0,,1.3,,0.087001,,,2025-04-25 12:55:00
5818620.753417748,0.0,147.0,,1.3,,0.086335,,,2025-04-25 13:00:00
5818621.7535466235,0.0,144.0,,1.3,,0.02058,,,2025-04-25 13:05:00
5818622.753675499,0.0,136.0,,1.3,,0.018249,,,2025-04-25 13:10:00
5818623.7538043745,0.0,127.0,,1.3,,0.020873,,,2025-04-25 13:15:00
5818624.753933249,0.0,132.0,,1.3,,0.028107,,,2025-04-25 13:20:00
5818625.7540621245,0.0,132.0,,1.3,,0.033043,,,2025-04-25 13:25:00
5818626.754191,0.0,128.0,,1.3,,0.038028,,,2025-04-25 13:30:00
5818627.7543198755,0.0,119.0,,1.3,,0.046297,,,2025-04-25 13:35:00
5818628.754448751,0.0,115.0,,1.3,,0.030663,,,2025-04-25 13:40:00
5818629.754577626,0.0,112.0,,1.3,,0.02096,,,2025-04-25 13:45:00
5818630.754706501,0.0,115.0,,1.3,,0.024532,,,2025-04-25 13:50:00
5818631.7548353765,0.0,129.0,,1.3,,0.040093,,,2025-04-25 13:55:00
5818632.754964252,0.0,143.0,,1.3,,0.045369,,6.4,2025-04-25 14:00:00
5818633.755093127,0.0,151.0,,1.3,,0.052135,,,2025-04-25 14:05:00
5818634.755222002,0.0,147.0,,1.3,,0.056263,,,2025-04-25 14:10:00
5818635.7553508775,1.0,,,1.3,,0.05897,,,2025-04-25 14:15:00
5818636.755479753,1.0,,,1.3,,0.038887,,,2025-04-25 14:20:00
5818637.755608628,1.0,,,1.3,,0.028898,,,2025-04-25 14:25:00
5818638.755737503,1.0,,,1.3,,0.016347,,,2025-04-25 14:30:00
5818639.755866379,1.0,,,1.3,,0.020031,,,2025-04-25 14:35:00
5818640.755995254,1.0,,,1.3,,0.014627,,,2025-04-25 14:40:00
5818641.7561241295,1.0,,,1.3,,0.016261,,,2025-04-25 14:45:00
5818642.756253004,1.0,,,1.3,,0.022745,,,2025-04-25 14:50:00
5818643.75638188,1.0,,,1.3,,0.029425,,,2025-04-25 14:55:00
5818644.756510755,1.0,,,1.3,,0.031646,,,2025-04-25 15:00:00
5818645.7566396305,1.0,,,1.3,,0.032155,,,2025-04-25 15:05:00
5818646.756768505,1.0,,,1.3,,0.036535,,,2025-04-25 15:10:00
5818647.756897381,1.0,,,1.3,,0.046306,,,2025-04-25 15:15:00
5818648.757026256,1.0,,,1.3,,0.051966,,,2025-04-25 15:20:00
5818649.757155132,1.0,,,1.3,,0.058524,,,2025-04-25 15:25:00
5818650.757284006,1.0,,,1.3,,0.065527,,,2025-04-25 15:30:00
5818651.757412882,1.0,,,1.3,,0.07537,,,2025-04-25 15:35:00
5818652.757541757,1.0,,,1.3,,0.081721,,,2025-04-25 15:40:00
5818653.757670633,1.0,,,1.3,,0.088458,,,2025-04-25 15:45:00
5818654.757799507,1.0,,,1.3,,0.097145,,,2025-04-25 15:50:00
5818655.757928383,1.0,,,1.3,,0.107197,,,2025-04-25 15:55:00
5818656.758057258,1.0,,,1.3,,0.118029,,,2025-04-25 16:00:00
5818657.758186134,1.0,,,1.3,,0.128297,,,2025-04-25 16:05:00
5818658.758315009,1.0,,,1.3,,0.138149,,,2025-04-25 16:10:00
5818659.758443884,1.0,,,1.3,,0.103364,,,2025-04-25 16:15:00
5818660.758572759,1.0,,,1.3,,0.099006,,,2025-04-25 16:20:00
5818661.758701635,1.0,,,1.3,,0.055287,,,2025-04-25 16:25:00
5818662.75883051,1.0,,,1.3,,0.060548,,,2025-04-25 16:30:00
5818663.758959385,1.0,,,1.3,,0.048694,,,2025-04-25 16:35:00
5818664.75908826,1.0,,,1.3,,0.041918,,,2025-04-25 16:40:00
5818665.759217136,1.0,,,1.3,,0.021076,,,2025-04-25 16:45:00
5818666.759346011,1.0,,,1.3,,0.025985,,,2025-04-25 16:50:00
5818667.759474886,1.0,,,1.3,,0.040719,,,2025-04-25 16:55:00
5818668.759603761,1.0,,,1.3,,1.568908,,,2025-04-25 17:00:00
5818669.759732637,1.0,,,1.3,,1.507271,,,2025-04-25 17:05:00
5818670.759861512,1.0,,,1.3,,0.019195,,,2025-04-25 17:10:00
5818671.759990388,1.0,,,1.3,,0.02123,,,2025-04-25 17:15:00
5818672.760119262,1.0,,,1.3,,0.045254,,,2025-04-25 17:20:00
5818673.760248138,1.0,,,1.3,,0.070033,,,2025-04-25 17:25:00
5818674.760377013,1.0,,,1.3,,0.018596,,,2025-04-25 17:30:00
5818675.760505889,1.0,,,1.3,,0.018246,,,2025-04-25 17:35:00
5818676.760634763,1.0,,,1.3,,0.019794,,,2025-04-25 17:40:00
5818677.760763639,1.0,,,1.3,,0.01733,,,2025-04-25 17:45:00
5818678.760892514,1.0,,,1.3,,0.021508,,,2025-04-25 17:50:00
5818679.76102139,1.0,,,1.3,,0.025635,,,2025-04-25 17:55:00
5818680.761150264,1.0,,,1.3,,0.026786,,,2025-04-25 18:00:00
5818681.76127914,1.0,,,1.3,,0.024787,,,2025-04-25 18:05:00
5818682.761408015,1.0,,,1.3,,0.023701,,,2025-04-25 18:10:00
5818683.761536891,1.0,,,1.3,,0.023111,,,2025-04-25 18:15:00
5818684.761665766,1.0,,,1.3,,0.029596,,,2025-04-25 18:20:00
5818685.761794641,1.0,,,1.3,,0.022899,,,2025-04-25 18:25:00
5818686.761923516,1.0,,,1.3,,0.023323,,,2025-04-25 18:30:00
5818687.762052392,1.0,,,1.3,,0.0,,,2025-04-25 18:35:00
5818688.762181267,1.0,,,1.3,,,,,2025-04-25 18:40:00
5818689.762310142,1.0,,,1.3,,,,8.9,2025-04-25 18:45:00
5818690.762439017,1.0,,,1.3,,,,,2025-04-25 18:50:00
5818691.762567893,1.0,,,1.3,,,,,2025-04-25 18:55:00
5818692.762696768,1.0,,,1.3,,,,,2025-04-25 19:00:00
5818693.762825643,1.0,,,1.3,,,,,2025-04-25 19:05:00
5818694.762954518,1.0,,,1.3,,,,,2025-04-25 19:10:00
5818695.763083394,1.0,,,1.3,,,,,2025-04-25 19:15:00
5818696.763212269,1.0,,,1.3,,,,,2025-04-25 19:20:00
5818697.763341145,1.0,,,1.3,,,,,2025-04-25 19:25:00
5818698.763470019,1.0,,,1.3,,,,,2025-04-25 19:30:00
5818699.763598895,1.0,,,1.3,,,,,2025-04-25 19:35:00
5818700.76372777,1.0,,,1.3,,,,,2025-04-25 19:40:00
5818701.763856646,1.0,,,1.3,,,,,2025-04-25 19:45:00
5818702.76398552,1.0,,,1.3,,,,,2025-04-25 19:50:00
5818703.764114396,1.0,,,1.3,,,,,2025-04-25 19:55:00
5818704.764243271,1.0,,223.0,1.3,,,,,2025-04-25 20:00:00
5818705.764372147,1.0,,223.0,1.3,,,,1.8,2025-04-25 20:05:00
5818706.764501021,0.0,223.0,223.0,1.3,,,,,2025-04-25 20:10:00
5818707.764629897,0.0,212.0,,1.3,,,,,2025-04-25 20:15:00
5818708.764758772,0.0,208.0,,1.3,,,,,2025-04-25 20:20:00
5818709.764887648,0.0,211.0,,1.3,,,,,2025-04-25 20:25:00
5818710.765016522,0.0,214.0,,1.3,,,,,2025-04-25 20:30:00
5818711.765145398,0.0,215.0,,1.3,,,,,2025-04-25 20:35:00
5818712.765274273,0.0,219.0,,1.3,,,,,2025-04-25 20:40:00
5818713.765403149,0.0,217.0,,1.3,,,,,2025-04-25 20:45:00
5818714.765532024,0.0,204.0,,1.3,,,,2.1,2025-04-25 20:50:00
5818715.765660899,0.0,191.0,,1.3,,,,,2025-04-25 20:55:00
5818716.765789774,0.0,183.0,,1.3,,,,,2025-04-25 21:00:00
5818717.76591865,0.0,193.0,,1.3,,,,,2025-04-25 21:05:00
5818718.766047525,0.0,221.0,,1.3,,,,,2025-04-25 21:10:00
5818719.7661764,0.0,220.0,,1.3,,,,2.1,2025-04-25 21:15:00
5818720.766305275,0.0,209.0,,1.3,,,,,2025-04-25 21:20:00
5818721.766434151,0.0,197.0,,1.3,,,,,2025-04-25 21:25:00
5818722.766563026,0.0,187.0,,1.3,,,,3.0,2025-04-25 21:30:00
5818723.766691901,0.0,190.0,,1.3,,,,,2025-04-25 21:35:00
5818724.766820776,0.0,212.0,,1.3,,,,,2025-04-25 21:40:00
5818725.766949652,0.0,215.0,,1.3,,,,,2025-04-25 21:45:00
5818726.767078527,0.0,208.0,,1.3,,,,,2025-04-25 21:50:00
5818727.767207403,0.0,200.0,,1.4,,,,,2025-04-25 21:55:00
5818728.767336277,0.0,197.0,,1.4,,,,,2025-04-25 22:00:00
5818729.767465153,0.0,197.0,,1.4,,,,,2025-04-25 22:05:00
5818730.767594028,0.0,197.0,,1.4,,,,,2025-04-25 22:10:00
5818731.767722904,0.0,198.0,,1.4,,,,,2025-04-25 22:15:00
5818732.767851778,0.0,200.0,,1.4,,,,,2025-04-25 22:20:00
5818733.767980654,0.0,201.0,,1.4,,,,,2025-04-25 22:25:00
5818734.768109529,0.0,201.0,,1.4,,,,,2025-04-25 22:30:00
5818735.768238405,0.0,202.0,,1.4,,,,,2025-04-25 22:35:00
5818736.768367279,0.0,228.0,,1.4,,,,,2025-04-25 22:40:00
5818737.768496155,0.0,260.0,,1.4,,,,,2025-04-25 22:45:00
5818738.76862503,0.0,268.0,,1.4,,,,,2025-04-25 22:50:00
5818739.768753906,0.0,273.0,,1.4,,,,,2025-04-25 22:55:00
5818740.768882781,0.0,266.0,,1.4,,,,,2025-04-25 23:00:00
5818741.769011656,0.0,265.0,,1.4,,,,,2025-04-25 23:05:00
5818742.769140531,0.0,273.0,,1.4,,,,,2025-04-25 23:10:00
5818743.769269407,0.0,269.0,,1.4,,,,3.1,2025-04-25 23:15:00
5818744.769398282,0.0,257.0,,1.4,,,,,2025-04-25 23:20:00
5818745.769527157,0.0,258.0,,1.4,,,,,2025-04-25 23:25:00
5818746.769656032,0.0,244.0,,1.4,,,,,2025-04-25 23:30:00
5818747.769784908,0.0,236.0,,1.4,,,,,2025-04-25 23:35:00
5818748.769913783,0.0,257.0,,1.4,,,,,2025-04-25 23:40:00
5818749.770042658,0.0,271.0,,1.4,,,,1.3,2025-04-25 23:45:00
5818750.770171533,0.0,270.0,,1.4,,,,,2025-04-25 23:50:00
5818751.770300409,0.0,257.0,,1.3,,,,,2025-04-25 23:55:00
5818752.770429284,0.0,231.0,,1.3,,,,,2025-04-26 00:00:00
5818753.77055816,0.0,201.0,,1.3,,,,,2025-04-26 00:05:00
5818754.770687034,0.0,175.0,,1.3,,,,,2025-04-26 00:10:00
5818755.77081591,0.0,158.0,,1.3,,,,,2025-04-26 00:15:00
5818756.770944785,0.0,150.0,,1.3,,,,,2025-04-26 00:20:00
5818757.771073661,0.0,147.0,,1.3,,,,,2025-04-26 00:25:00
5818758.771202535,0.0,148.0,,1.3,,,,,2025-04-26 00:30:00
5818759.771331411,0.0,151.0,,1.3,,,,,2025-04-26 00:35:00
5818760.771460286,0.0,156.0,,1.3,,,,,2025-04-26 00:40:00
5818761.771589162,0.0,161.0,,1.3,,,,,2025-04-26 00:45:00
5818762.771718036,0.0,164.0,,1.3,,,,,2025-04-26 00:50:00
5818763.771846912,0.0,166.0,,1.3,,,,,2025-04-26 00:55:00
5818764.771975787,0.0,169.0,,1.3,,,,,2025-04-26 01:00:00
5818765.772104663,0.0,173.0,,1.3,,,,,2025-04-26 01:05:00
5818766.772233537,0.0,174.0,,1.3,,,,,2025-04-26 01:10:00
5818767.772362413,0.0,176.0,,1.3,,,,,2025-04-26 01:15:00
5818768.772491288,0.0,174.0,,1.3,,,,,2025-04-26 01:20:00
5818769.772620164,0.0,172.0,,1.3,,,,,2025-04-26 01:25:00
5818770.772749039,0.0,173.0,,1.3,,,,,2025-04-26 01:30:00
5818771.772877914,0.0,177.0,,1.3,,,,,2025-04-26 01:35:00
5818772.773006789,0.0,177.0,,1.3,,,,,2025-04-26 01:40:00
5818773.773135665,0.0,175.0,,1.3,,,,,2025-04-26 01:45:00
5818774.77326454,0.0,175.0,,1.3,,,,,2025-04-26 01:50:00
5818775.773393415,0.0,176.0,,1.3,,,,,2025-04-26 01:55:00
5818776.77352229,1.0,,,1.3,,,,,2025-04-26 02:00:00
5818777.773651166,1.0,,,1.3,,,,,2025-04-26 02:05:00
5818778.773780041,1.0,,,1.3,,,,,2025-04-26 02:10:00
5818779.773908916,1.0,,,1.3,,,,,2025-04-26 02:15:00
5818780.774037791,1.0,,127.0,1.3,,,,,2025-04-26 02:20:00
5818781.774166667,1.0,,,1.3,,,,,2025-04-26 02:25:00
5818782.774295542,0.0,139.0,127.0,1.3,,,,,2025-04-26 02:30:00
5818783.774424418,0.0,139.0,,1.3,,,,,2025-04-26 02:35:00
5818784.774553292,0.0,138.0,,1.3,,,,,2025-04-26 02:40:00
5818785.774682168,0.0,138.0,,1.3,,,,,2025-04-26 02:45:00
5818786.774811043,0.0,139.0,,1.3,,,,,2025-04-26 02:50:00
5818787.774939919,0.0,140.0,,1.3,,,,,2025-04-26 02:55:00
5818788.775068793,0.0,141.0,,1.3,,,,,2025-04-26 03:00:00
5818789.775197669,0.0,142.0,,1.3,,,,,2025-04-26 03:05:00
5818790.775326544,0.0,143.0,,1.3,,,,,2025-04-26 03:10:00
5818791.77545542,0.0,143.0,,1.3,,,,,2025-04-26 03:15:00
5818792.775584294,0.0,142.0,,1.3,,,,,2025-04-26 03:20:00
5818793.77571317,0.0,139.0,,1.3,,,,,2025-04-26 03:25:00
5818794.775842045,0.0,137.0,,1.3,,,,,2025-04-26 03:30:00
5818795.775970921,0.0,138.0,,1.3,,,,,2025-04-26 03:35:00
5818796.776099796,0.0,139.0,,1.3,,,,,2025-04-26 03:40:00
5818797.776228671,0.0,141.0,,1.3,,,,,2025-04-26 03:45:00
5818798.776357546,0.0,136.0,,1.3,,,,,2025-04-26 03:50:00
5818799.776486422,0.0,132.0,,1.3,,,,,2025-04-26 03:55:00
5818800.776615297,0.0,137.0,,1.3,,,,,2025-04-26 04:00:00
5818801.776744172,0.0,140.0,,1.3,,,,,2025-04-26 04:05:00
5818802.776873047,0.0,138.0,,1.3,,,,,2025-04-26 04:10:00
5818803.777001923,0.0,137.0,,1.3,,,,,2025-04-26 04:15:00
5818804.777130798,0.0,139.0,,1.3,,,,,2025-04-26 04:20:00
5818805.777259673,0.0,142.0,,1.3,,,,,2025-04-26 04:25:00
5818806.7773885485,0.0,143.0,,1.3,,,,,2025-04-26 04:30:00
5818807.777517424,0.0,139.0,,1.3,,,,,2025-04-26 04:35:00
5818808.777646299,0.0,133.0,,1.3,,,,,2025-04-26 04:40:00
5818809.777775174,0.0,134.0,,1.3,,,,,2025-04-26 04:45:00
5818810.7779040495,0.0,138.0,,1.3,,,,,2025-04-26 04:50:00
5818811.778032925,0.0,140.0,,1.3,,,,,2025-04-26 04:55:00
5818812.7781618005,0.0,142.0,,1.3,,,,,2025-04-26 05:00:00
5818813.778290676,0.0,143.0,,1.3,,,,,2025-04-26 05:05:00
5818814.7784195505,0.0,144.0,,1.3,,,,,2025-04-26 05:10:00
5818815.778548426,0.0,143.0,,1.3,,,,,2025-04-26 05:15:00
5818816.7786773015,0.0,138.0,,1.3,,,,,2025-04-26 05:20:00
5818817.778806177,0.0,135.0,,1.3,,,,,2025-04-26 05:25:00
5818818.7789350515,0.0,135.0,,1.3,,,,,2025-04-26 05:30:00
5818819.779063927,0.0,137.0,,1.3,,,,,2025-04-26 05:35:00
5818820.7791928025,0.0,141.0,,1.3,,,,,2025-04-26 05:40:00
5818821.779321678,0.0,145.0,,1.3,,,,,2025-04-26 05:45:00
5818822.779450553,0.0,148.0,,1.3,,,,,2025-04-26 05:50:00
5818823.779579428,0.0,149.0,,1.3,,,,,2025-04-26 05:55:00
5818824.7797083035,0.0,148.0,,1.3,,,,,2025-04-26 06:00:00
5818825.779837179,0.0,145.0,,1.3,,,,,2025-04-26 06:05:00
5818826.7799660545,0.0,142.0,,1.3,,,,,2025-04-26 06:10:00
5818827.780094929,0.0,141.0,,1.3,,,,,2025-04-26 06:15:00
5818828.7802238045,0.0,142.0,,1.3,,,,,2025-04-26 06:20:00
5818829.78035268,0.0,144.0,,1.3,,,,,2025-04-26 06:25:00
5818830.7804815555,0.0,145.0,,1.3,,,,,2025-04-26 06:30:00
5818831.78061043,0.0,144.0,176.0,1.3,,,,1.2,2025-04-26 06:35:00
5818832.780739306,0.0,140.0,,1.3,,,,,2025-04-26 06:40:00
5818833.780868181,0.0,154.0,176.0,1.3,,,,,2025-04-26 06:45:00
5818834.7809970565,0.0,154.0,,1.3,,,,,2025-04-26 06:50:00
5818835.781125931,0.0,152.0,,1.3,,,,,2025-04-26 06:55:00
5818836.781254807,0.0,149.0,,1.3,,,,,2025-04-26 07:00:00
5818837.781383682,0.0,145.0,,1.3,,,,,2025-04-26 07:05:00
5818838.7815125575,0.0,141.0,,1.3,,,,,2025-04-26 07:10:00
5818839.781641433,0.0,137.0,,1.3,,,,,2025-04-26 07:15:00
5818840.781770308,0.0,132.0,,1.3,,,,,2025-04-26 07:20:00
5818841.781899183,0.0,125.0,,1.3,,,,,2025-04-26 07:25:00
5818842.782028059,0.0,120.0,,1.3,,,,,2025-04-26 07:30:00
5818843.782156934,0.0,118.0,,1.3,,,,,2025-04-26 07:35:00
5818844.782285809,0.0,117.0,,1.3,,,,,2025-04-26 07:40:00
5818845.782414684,0.0,114.0,,1.3,,,,,2025-04-26 07:45:00
5818846.78254356,0.0,112.0,,1.3,,,,,2025-04-26 07:50:00
5818847.782672435,0.0,109.0,,1.3,,,,,2025-04-26 07:55:00
5818848.78280131,0.0,107.0,,1.3,,,,,2025-04-26 08:00:00
5818849.782930185,0.0,105.0,,1.3,,,,,2025-04-26 08:05:00
5818850.783059061,0.0,100.0,,1.3,,,,,2025-04-26 08:10:00
5818851.783187936,0.0,94.0,,1.3,,,,,2025-04-26 08:15:00
5818852.783316812,0.0,94.0,,1.3,,,,,2025-04-26 08:20:00
5818853.783445686,0.0,93.0,,1.3,,,,,2025-04-26 08:25:00
5818854.783574562,0.0,92.0,,1.3,,,,,2025-04-26 08:30:00
5818855.783703437,0.0,89.0,,1.3,,,,,2025-04-26 08:35:00
5818856.783832313,0.0,84.0,,1.3,,,,,2025-04-26 08:40:00
5818857.783961187,0.0,81.0,,1.3,,,,,2025-04-26 08:45:00
5818858.784090063,0.0,79.0,,1.3,,,,,2025-04-26 08:50:00
5818859.784218938,0.0,79.0,,1.3,,,,,2025-04-26 08:55:00
5818860.784347814,0.0,80.0,,1.3,,,,,2025-04-26 09:00:00
5818861.784476688,0.0,80.0,,1.3,,,,,2025-04-26 09:05:00
5818862.784605564,0.0,79.0,,1.3,,,,,2025-04-26 09:10:00
5818863.784734439,0.0,81.0,,1.3,,,,,2025-04-26 09:15:00
5818864.784863315,0.0,81.0,,1.3,,,,,2025-04-26 09:20:00
5818865.784992189,0.0,75.0,,1.3,,,,,2025-04-26 09:25:00
5818866.785121065,0.0,72.0,,1.3,,,,,2025-04-26 09:30:00
5818867.78524994,0.0,73.0,,1.3,,,,,2025-04-26 09:35:00
5818868.785378816,0.0,73.0,,1.3,,,,,2025-04-26 09:40:00
5818869.785507691,0.0,73.0,,1.3,,,65.0,,2025-04-26 09:45:00
5818870.785636566,0.0,76.0,,1.3,,,,,2025-04-26 09:50:00
5818871.785765441,0.0,78.0,,1.3,,,,,2025-04-26 09:55:00
5818872.785894317,0.0,82.0,,1.3,,,,,2025-04-26 10:00:00
5818873.786023192,0.0,83.0,,1.3,,,,,2025-04-26 10:05:00
5818874.786152067,0.0,89.0,,1.3,,,,,2025-04-26 10:10:00
5818875.786280942,0.0,100.0,,1.3,,,,,2025-04-26 10:15:00
5818876.786409818,0.0,114.0,,1.3,,,,,2025-04-26 10:20:00
5818877.786538693,0.0,122.0,,1.3,,,,,2025-04-26 10:25:00
5818878.786667568,0.0,136.0,,1.3,,,,,2025-04-26 10:30:00
5818879.786796443,0.0,140.0,,1.3,,,,,2025-04-26 10:35:00
5818880.786925319,0.0,158.0,,1.3,,,,,2025-04-26 10:40:00
5818881.787054194,0.0,178.0,,1.3,,,,6.0,2025-04-26 10:45:00
5818882.78718307,0.0,196.0,,1.3,,,,,2025-04-26 10:50:00
5818883.787311944,0.0,212.0,,1.3,,,,,2025-04-26 10:55:00
5818884.78744082,0.0,227.0,,1.3,,,,,2025-04-26 11:00:00
5818885.787569695,0.0,237.0,,1.3,,,,,2025-04-26 11:05:00
5818886.787698571,0.0,242.0,,1.3,,,,,2025-04-26 11:10:00
5818887.787827445,0.0,243.0,,1.3,,,,,2025-04-26 11:15:00
5818888.787956321,0.0,238.0,,1.3,,,,,2025-04-26 11:20:00
5818889.788085196,0.0,227.0,,1.3,,,,,2025-04-26 11:25:00
5818890.788214072,0.0,212.0,,1.3,,,,,2025-04-26 11:30:00
5818891.788342946,0.0,200.0,,1.3,,,,,2025-04-26 11:35:00
5818892.788471822,0.0,190.0,,1.3,,,,,2025-04-26 11:40:00
5818893.788600697,0.0,183.0,,1.3,,,,,2025-04-26 11:45:00
5818894.788729573,0.0,176.0,,1.3,,,,1.3,2025-04-26 11:50:00
5818895.788858448,0.0,167.0,,1.3,,,,,2025-04-26 11:55:00
5818896.788987323,0.0,159.0,,1.3,,,,,2025-04-26 12:00:00
5818897.789116198,0.0,153.0,,1.3,,,,,2025-04-26 12:05:00
5818898.789245074,0.0,148.0,,1.3,,,,,2025-04-26 12:10:00
5818899.789373949,0.0,142.0,,1.3,,,,,2025-04-26 12:15:00
5818900.789502824,0.0,136.0,,1.3,,,,,2025-04-26 12:20:00
5818901.789631699,0.0,122.0,,1.3,,,,,2025-04-26 12:25:00
5818902.789760575,0.0,123.0,,1.3,,,,,2025-04-26 12:30:00
5818903.78988945,0.0,126.0,,1.3,,,,,2025-04-26 12:35:00
5818904.790018325,0.0,124.0,,1.3,,,,,2025-04-26 12:40:00
5818905.7901472,0.0,124.0,,1.3,,,,,2025-04-26 12:45:00
5818906.790276076,0.0,118.0,,1.3,,,,,2025-04-26 12:50:00
5818907.790404951,0.0,113.0,,1.3,,,,,2025-04-26 12:55:00
5818908.790533827,0.0,109.0,,1.3,,,,,2025-04-26 13:00:00
5818909.790662701,0.0,105.0,,1.3,,,,,2025-04-26 13:05:00
5818910.790791577,0.0,103.0,,1.3,,,,,2025-04-26 13:10:00
5818911.790920452,0.0,100.0,,1.3,,,,,2025-04-26 13:15:00
5818912.791049328,0.0,99.0,,1.3,,,,,2025-04-26 13:20:00
5818913.791178202,0.0,100.0,,1.3,,,140.0,,2025-04-26 13:25:00
5818914.791307078,0.0,104.0,,1.3,,,,8.5,2025-04-26 13:30:00
5818915.791435953,0.0,107.0,,1.3,,,,,2025-04-26 13:35:00
5818916.791564829,0.0,114.0,,1.3,,,,,2025-04-26 13:40:00
5818917.791693703,0.0,128.0,,1.3,,,,,2025-04-26 13:45:00
5818918.791822579,0.0,132.0,,1.3,,,,,2025-04-26 13:50:00
5818919.791951454,0.0,139.0,,1.3,,,,,2025-04-26 13:55:00
5818920.79208033,0.0,138.0,,1.3,,,,,2025-04-26 14:00:00
5818921.792209204,0.0,135.0,,1.3,,,,,2025-04-26 14:05:00
5818922.79233808,0.0,132.0,,1.3,,,,,2025-04-26 14:10:00
5818923.792466955,0.0,128.0,,1.3,,,,,2025-04-26 14:15:00
5818924.792595831,0.0,120.0,,1.3,,,,,2025-04-26 14:20:00
5818925.792724706,0.0,113.0,,1.3,,,,,2025-04-26 14:25:00
5818926.792853581,0.0,105.0,,1.3,,,,,2025-04-26 14:30:00
5818927.792982456,0.0,100.0,,1.3,,,,,2025-04-26 14:35:00
5818928.793111332,0.0,96.0,,1.3,,,,,2025-04-26 14:40:00
5818929.793240207,0.0,94.0,,1.3,,,,,2025-04-26 14:45:00
5818930.793369082,0.0,93.0,,1.3,,,,,2025-04-26 14:50:00
5818931.793497957,0.0,97.0,,1.3,,,,,2025-04-26 14:55:00
5818932.793626833,0.0,102.0,,1.3,,,,,2025-04-26 15:00:00
5818933.793755708,0.0,102.0,,1.3,,,,,2025-04-26 15:05:00
5818934.793884583,0.0,102.0,,1.3,,,,,2025-04-26 15:10:00
5818935.794013458,0.0,105.0,,1.3,,,,,2025-04-26 15:15:00
5818936.794142334,0.0,109.0,,1.3,,,,,2025-04-26 15:20:00
5818937.794271209,0.0,110.0,,1.3,,,,,2025-04-26 15:25:00
5818938.794400085,0.0,112.0,,1.3,,,,,2025-04-26 15:30:00
5818939.794528959,0.0,115.0,,1.3,,,,,2025-04-26 15:35:00
5818940.794657835,0.0,117.0,,1.3,,,,,2025-04-26 15:40:00
5818941.79478671,0.0,118.0,,1.3,,,,,2025-04-26 15:45:00
5818942.794915586,0.0,120.0,,1.3,,,,,2025-04-26 15:50:00
5818943.79504446,0.0,124.0,,1.3,,,,,2025-04-26 15:55:00
5818944.795173336,0.0,127.0,,1.3,,,,,2025-04-26 16:00:00
5818945.795302211,0.0,129.0,,1.3,,,,,2025-04-26 16:05:00
5818946.795431087,0.0,130.0,,1.3,,,,,2025-04-26 16:10:00
5818947.795559961,0.0,131.0,,1.3,,,,,2025-04-26 16:15:00
5818948.795688837,0.0,131.0,,1.3,,,,,2025-04-26 16:20:00
5818949.795817712,0.0,131.0,,1.3,,,,,2025-04-26 16:25:00
5818950.795946588,0.0,135.0,,1.3,,,,,2025-04-26 16:30:00
5818951.796075463,0.0,136.0,,1.3,,,,,2025-04-26 16:35:00
5818952.796204338,0.0,133.0,,1.3,,,,,2025-04-26 16:40:00
5818953.796333213,0.0,130.0,,1.3,,,,,2025-04-26 16:45:00
5818954.796462089,0.0,129.0,,1.3,,,,,2025-04-26 16:50:00
5818955.796590964,0.0,130.0,,1.3,,,,,2025-04-26 16:55:00
5818956.796719839,0.0,137.0,,1.3,,,,,2025-04-26 17:00:00
5818957.796848714,0.0,148.0,,1.3,,,,12.1,2025-04-26 17:05:00
5818958.79697759,0.0,162.0,,1.3,,,,,2025-04-26 17:10:00
5818959.797106465,0.0,178.0,,1.3,,,,,2025-04-26 17:15:00
5818960.79723534,0.0,193.0,,1.3,,,,,2025-04-26 17:20:00
5818961.797364215,0.0,188.0,,1.3,,,,,2025-04-26 17:25:00
5818962.797493091,0.0,190.0,,1.3,,,,,2025-04-26 17:30:00
5818963.797621966,0.0,185.0,,1.3,,,,,2025-04-26 17:35:00
5818964.797750842,0.0,175.0,,1.3,,,,,2025-04-26 17:40:00
5818965.797879716,0.0,166.0,,1.3,,,,,2025-04-26 17:45:00
5818966.798008592,0.0,157.0,,1.3,,,,,2025-04-26 17:50:00
5818967.798137467,0.0,150.0,,1.3,,,,,2025-04-26 17:55:00
5818968.798266343,0.0,144.0,,1.3,,,,,2025-04-26 18:00:00
5818969.798395217,0.0,139.0,,1.3,,,,,2025-04-26 18:05:00
5818970.798524093,0.0,137.0,,1.3,,,,,2025-04-26 18:10:00
5818971.798652968,0.0,135.0,,1.3,,,,,2025-04-26 18:15:00
5818972.798781844,0.0,135.0,,1.3,,,,,2025-04-26 18:20:00
5818973.798910718,0.0,138.0,,1.3,,,,,2025-04-26 18:25:00
5818974.799039594,0.0,143.0,,1.3,,,,,2025-04-26 18:30:00
5818975.799168469,1.0,,,1.3,,,,,2025-04-26 18:35:00
5818976.799297345,1.0,,,1.3,,,,,2025-04-26 18:40:00
5818977.799426219,1.0,,,1.3,,,,,2025-04-26 18:45:00
5818978.799555095,1.0,,,1.3,,,,,2025-04-26 18:50:00
5818979.79968397,1.0,,,1.3,,,,,2025-04-26 18:55:00
5818980.799812846,1.0,,,1.3,,,,,2025-04-26 19:00:00
5818981.799941721,1.0,,,1.3,,,,,2025-04-26 19:05:00
5818982.800070596,1.0,,,1.3,,,,,2025-04-26 19:10:00
5818983.800199471,1.0,,,1.3,,,,,2025-04-26 19:15:00
5818984.800328347,1.0,,,1.3,,,,,2025-04-26 19:20:00
5818985.800457222,1.0,,,1.3,,,,,2025-04-26 19:25:00
5818986.800586097,1.0,,,1.3,,,,,2025-04-26 19:30:00
5818987.800714972,1.0,,208.0,1.3,,,,,2025-04-26 19:35:00
5818988.800843848,1.0,,,1.3,,,,,2025-04-26 19:40:00
5818989.800972723,1.0,,,1.3,,,,,2025-04-26 19:45:00
5818990.801101598,0.0,212.0,208.0,1.3,,,,,2025-04-26 19:50:00
5818991.801230473,0.0,218.0,,1.3,,,40.0,,2025-04-26 19:55:00
5818992.801359349,0.0,221.0,,1.3,,,,2.8,2025-04-26 20:00:00
5818993.801488224,0.0,222.0,,1.3,,,,,2025-04-26 20:05:00
5818994.8016171,0.0,221.0,,1.3,,,,,2025-04-26 20:10:00
5818995.801745974,0.0,220.0,,1.3,,,,,2025-04-26 20:15:00
5818996.80187485,0.0,221.0,,1.3,,,,,2025-04-26 20:20:00
5818997.802003725,0.0,221.0,,1.3,,,,,2025-04-26 20:25:00
5818998.802132601,0.0,221.0,,1.3,,,,,2025-04-26 20:30:00
5818999.8022614755,0.0,220.0,,1.3,,,,,2025-04-26 20:35:00
5819000.802390351,0.0,219.0,,1.3,,,,,2025-04-26 20:40:00
5819001.802519226,0.0,219.0,,1.3,,,,,2025-04-26 20:45:00
5819002.802648102,0.0,223.0,,1.3,,,,,2025-04-26 20:50:00
5819003.8027769765,0.0,225.0,,1.3,,,,5.2,2025-04-26 20:55:00
5819004.802905852,0.0,223.0,,1.3,,,,,2025-04-26 21:00:00
5819005.803034727,0.0,222.0,,1.3,,,,,2025-04-26 21:05:00
5819006.803163603,0.0,222.0,,1.3,,,,,2025-04-26 21:10:00
5819007.803292478,0.0,223.0,,1.3,,,,,2025-04-26 21:15:00
5819008.803421353,0.0,223.0,,1.3,,,,,2025-04-26 21:20:00
5819009.8035502285,0.0,216.0,,1.3,,,,,2025-04-26 21:25:00
5819010.803679104,0.0,211.0,,1.3,,,,,2025-04-26 21:30:00
5819011.803807979,0.0,201.0,,1.3,,,,,2025-04-26 21:35:00
5819012.803936854,0.0,179.0,,1.3,,,,,2025-04-26 21:40:00
5819013.8040657295,0.0,167.0,,1.3,,,,,2025-04-26 21:45:00
5819014.804194605,0.0,156.0,,1.3,,,,,2025-04-26 21:50:00
5819015.80432348,0.0,152.0,,1.4,,,,,2025-04-26 21:55:00
5819016.804452355,0.0,150.0,,1.4,,,,,2025-04-26 22:00:00
5819017.8045812305,0.0,148.0,,1.4,,,,,2025-04-26 22:05:00
5819018.804710106,0.0,146.0,,1.4,,,,,2025-04-26 22:10:00
5819019.8048389815,0.0,144.0,,1.4,,,,,2025-04-26 22:15:00
5819020.804967857,0.0,143.0,,1.4,,,,,2025-04-26 22:20:00
5819021.8050967315,0.0,144.0,,1.4,,,,,2025-04-26 22:25:00
5819022.805225607,0.0,143.0,,1.4,,,,,2025-04-26 22:30:00
5819023.8053544825,0.0,143.0,,1.4,,,,,2025-04-26 22:35:00
5819024.805483358,0.0,144.0,,1.4,,,,,2025-04-26 22:40:00
5819025.805612233,0.0,144.0,,1.4,,,,,2025-04-26 22:45:00
5819026.805741108,0.0,142.0,,1.4,,,,,2025-04-26 22:50:00
5819027.8058699835,0.0,143.0,,1.4,,,,,2025-04-26 22:55:00
5819028.805998859,0.0,146.0,,1.4,,,,,2025-04-26 23:00:00
5819029.806127734,0.0,150.0,,1.4,,,,,2025-04-26 23:05:00
5819030.806256609,0.0,152.0,,1.4,,,,,2025-04-26 23:10:00
5819031.8063854845,0.0,155.0,,1.4,,,,,2025-04-26 23:15:00
5819032.80651436,0.0,159.0,,1.4,,,,,2025-04-26 23:20:00
5819033.806643235,0.0,161.0,,1.4,,,,,2025-04-26 23:25:00
5819034.80677211,0.0,164.0,,1.4,,,,,2025-04-26 23:30:00
5819035.806900986,0.0,167.0,,1.4,,,,,2025-04-26 23:35:00
5819036.807029861,0.0,168.0,,1.4,,,,1.0,2025-04-26 23:40:00
5819037.8071587365,0.0,168.0,,1.4,,,,,2025-04-26 23:45:00
5819038.807287611,0.0,169.0,,1.4,,,,,2025-04-26 23:50:00
5819039.807416487,0.0,170.0,,1.4,,,,,2025-04-26 23:55:00
5819040.807545362,0.0,169.0,,1.4,,,,,2025-04-27 00:00:00
5819041.8076742375,0.0,167.0,,1.4,,,,,2025-04-27 00:05:00
5819042.807803112,0.0,166.0,,1.4,,,,,2025-04-27 00:10:00
5819043.807931988,0.0,166.0,,1.4,,,,,2025-04-27 00:15:00
5819044.808060863,0.0,166.0,,1.4,,,,,2025-04-27 00:20:00
5819045.808189739,0.0,166.0,,1.4,,,,,2025-04-27 00:25:00
5819046.808318613,0.0,167.0,,1.4,,,,,2025-04-27 00:30:00
5819047.808447489,0.0,167.0,,1.4,,,,,2025-04-27 00:35:00
5819048.808576364,0.0,167.0,,1.4,,,,,2025-04-27 00:40:00
5819049.80870524,0.0,166.0,,1.4,,,,,2025-04-27 00:45:00
5819050.808834115,0.0,165.0,,1.4,,,,,2025-04-27 00:50:00
5819051.80896299,0.0,166.0,,1.4,,,,,2025-04-27 00:55:00
5819052.809091865,0.0,168.0,,1.4,,,,,2025-04-27 01:00:00
5819053.809220741,0.0,169.0,,1.4,,,,,2025-04-27 01:05:00
5819054.809349616,0.0,169.0,,1.4,,,,,2025-04-27 01:10:00
5819055.809478491,0.0,168.0,,1.4,,,,,2025-04-27 01:15:00
5819056.809607366,0.0,169.0,,1.4,,,,,2025-04-27 01:20:00
5819057.809736242,0.0,170.0,,1.4,,,,,2025-04-27 01:25:00
5819058.809865117,0.0,170.0,,1.4,,,,,2025-04-27 01:30:00
5819059.809993992,0.0,170.0,,1.4,,,,,2025-04-27 01:35:00
5819060.810122867,0.0,171.0,,1.4,,,,,2025-04-27 01:40:00
5819061.810251743,0.0,172.0,,1.4,,,,,2025-04-27 01:45:00
5819062.810380618,0.0,174.0,,1.4,,,,,2025-04-27 01:50:00
5819063.810509494,0.0,175.0,,1.4,,,,,2025-04-27 01:55:00
5819064.810638368,0.0,176.0,,1.4,,,,,2025-04-27 02:00:00
5819065.810767244,0.0,179.0,,1.4,,,,,2025-04-27 02:05:00
5819066.810896119,0.0,181.0,,1.4,,,,,2025-04-27 02:10:00
5819067.811024995,0.0,184.0,,1.4,,,,,2025-04-27 02:15:00
5819068.811153869,0.0,186.0,,1.4,,,,,2025-04-27 02:20:00
5819069.811282745,0.0,187.0,,1.4,,,,,2025-04-27 02:25:00
5819070.81141162,0.0,189.0,,1.4,,,,,2025-04-27 02:30:00
5819071.811540496,0.0,189.0,,1.4,,,,,2025-04-27 02:35:00
5819072.81166937,0.0,188.0,,1.4,,,,,2025-04-27 02:40:00
5819073.811798246,0.0,187.0,,1.4,,,,,2025-04-27 02:45:00
5819074.811927121,0.0,187.0,,1.4,,,,,2025-04-27 02:50:00
5819075.812055997,0.0,189.0,,1.4,,,,,2025-04-27 02:55:00
5819076.812184872,0.0,193.0,,1.4,,,,1.0,2025-04-27 03:00:00
5819077.812313747,0.0,194.0,,1.4,,,,,2025-04-27 03:05:00
5819078.812442622,0.0,195.0,,1.4,,,,,2025-04-27 03:10:00
5819079.812571498,0.0,192.0,,1.4,,,,,2025-04-27 03:15:00
5819080.812700373,0.0,193.0,,1.4,,,,,2025-04-27 03:20:00
5819081.812829248,0.0,194.0,,1.4,,,,,2025-04-27 03:25:00
5819082.812958123,0.0,194.0,,1.4,,,,,2025-04-27 03:30:00
5819083.813086999,0.0,194.0,,1.4,,,,,2025-04-27 03:35:00
5819084.813215874,0.0,195.0,,1.4,,,,,2025-04-27 03:40:00
5819085.813344749,0.0,194.0,,1.4,,,,,2025-04-27 03:45:00
5819086.813473624,0.0,193.0,,1.4,,,,,2025-04-27 03:50:00
5819087.8136025,0.0,192.0,,1.4,,,,,2025-04-27 03:55:00
5819088.813731375,0.0,193.0,,1.4,,,,1.1,2025-04-27 04:00:00
5819089.81386025,0.0,194.0,,1.4,,,,,2025-04-27 04:05:00
5819090.813989125,0.0,193.0,,1.4,,,,,2025-04-27 04:10:00
5819091.814118001,0.0,192.0,,1.4,,,,,2025-04-27 04:15:00
5819092.814246876,0.0,191.0,,1.4,,,,,2025-04-27 04:20:00
5819093.814375752,0.0,189.0,,1.4,,,,,2025-04-27 04:25:00
5819094.814504626,0.0,187.0,,1.4,,,,,2025-04-27 04:30:00
5819095.814633502,0.0,186.0,,1.4,,,,,2025-04-27 04:35:00
5819096.814762377,0.0,184.0,,1.4,,,,,2025-04-27 04:40:00
5819097.814891253,0.0,181.0,,1.4,,,,,2025-04-27 04:45:00
5819098.815020127,0.0,178.0,,1.4,,,,,2025-04-27 04:50:00
5819099.815149003,0.0,174.0,,1.4,,,,,2025-04-27 04:55:00
5819100.815277878,0.0,172.0,,1.4,,,,,2025-04-27 05:00:00
5819101.815406754,0.0,169.0,,1.4,,,,,2025-04-27 05:05:00
5819102.815535628,0.0,166.0,,1.4,,,,,2025-04-27 05:10:00
5819103.815664504,0.0,163.0,,1.4,,,,,2025-04-27 05:15:00
5819104.815793379,0.0,160.0,,1.4,,,,,2025-04-27 05:20:00
5819105.815922255,0.0,159.0,,1.4,,,,,2025-04-27 05:25:00
5819106.81605113,0.0,157.0,,1.4,,,,,2025-04-27 05:30:00
5819107.816180005,0.0,155.0,,1.4,,,,,2025-04-27 05:35:00
5819108.81630888,0.0,152.0,,1.4,,,,,2025-04-27 05:40:00
5819109.816437756,0.0,149.0,,1.4,,,,,2025-04-27 05:45:00
5819110.816566631,0.0,147.0,,1.4,,,,,2025-04-27 05:50:00
5819111.816695506,0.0,145.0,,1.4,,,,,2025-04-27 05:55:00
5819112.816824381,0.0,143.0,,1.4,,,,,2025-04-27 06:00:00
5819113.816953257,0.0,142.0,,1.4,,,,,2025-04-27 06:05:00
5819114.817082132,0.0,140.0,,1.4,,,,,2025-04-27 06:10:00
5819115.817211007,0.0,139.0,,1.4,,,,,2025-04-27 06:15:00
5819116.817339882,0.0,138.0,,1.4,,,,,2025-04-27 06:20:00
5819117.817468758,0.0,138.0,,1.4,,,,,2025-04-27 06:25:00
5819118.817597633,0.0,137.0,,1.4,,,,,2025-04-27 06:30:00
5819119.817726509,0.0,136.0,,1.4,,,,,2025-04-27 06:35:00
5819120.817855383,0.0,134.0,,1.4,,,,,2025-04-27 06:40:00
5819121.817984259,0.0,133.0,,1.4,,,,,2025-04-27 06:45:00
5819122.818113134,0.0,132.0,,1.4,,,,,2025-04-27 06:50:00
5819123.81824201,0.0,130.0,,1.4,,,,,2025-04-27 06:55:00
5819124.818370884,0.0,129.0,,1.4,,,,,2025-04-27 07:00:00
5819125.81849976,0.0,128.0,,1.4,,,,,2025-04-27 07:05:00
5819126.818628635,0.0,127.0,,1.4,,,,,2025-04-27 07:10:00
5819127.818757511,0.0,126.0,,1.4,,,,,2025-04-27 07:15:00
5819128.818886385,0.0,125.0,,1.4,,,,,2025-04-27 07:20:00
5819129.819015261,0.0,123.0,,1.4,,,,,2025-04-27 07:25:00
5819130.819144136,0.0,122.0,,1.4,,,,,2025-04-27 07:30:00
5819131.819273012,0.0,119.0,124.0,1.4,,,,,2025-04-27 07:35:00
5819132.819401887,1.0,,,1.4,,,,,2025-04-27 07:40:00
5819133.819530762,0.0,120.0,124.0,1.4,,,,,2025-04-27 07:45:00
5819134.819659637,0.0,117.0,,1.4,,,,,2025-04-27 07:50:00
5819135.819788513,0.0,117.0,,1.4,,,,,2025-04-27 07:55:00
5819136.819917388,0.0,118.0,,1.4,,,,,2025-04-27 08:00:00
5819137.820046263,0.0,118.0,,1.4,,,,,2025-04-27 08:05:00
5819138.820175138,0.0,118.0,,1.4,,,,,2025-04-27 08:10:00
5819139.820304014,0.0,117.0,,1.4,,,,,2025-04-27 08:15:00
5819140.820432889,0.0,117.0,,1.4,,,,,2025-04-27 08:20:00
5819141.820561764,0.0,116.0,,1.4,,,,,2025-04-27 08:25:00
5819142.820690639,0.0,116.0,,1.4,,,,,2025-04-27 08:30:00
5819143.820819515,0.0,116.0,,1.4,,,,,2025-04-27 08:35:00
5819144.82094839,0.0,116.0,,1.4,,,,,2025-04-27 08:40:00
5819145.821077265,0.0,115.0,,1.4,,,,,2025-04-27 08:45:00
5819146.82120614,0.0,115.0,,1.4,,,,,2025-04-27 08:50:00
5819147.821335016,0.0,114.0,,1.4,,,,,2025-04-27 08:55:00
5819148.821463891,0.0,112.0,,1.4,,,,,2025-04-27 09:00:00
5819149.821592767,0.0,111.0,,1.4,,,,,2025-04-27 09:05:00
5819150.821721641,0.0,108.0,,1.4,,,,,2025-04-27 09:10:00
5819151.821850517,0.0,106.0,,1.4,,,,,2025-04-27 09:15:00
5819152.821979392,0.0,105.0,,1.4,,,,,2025-04-27 09:20:00
5819153.822108268,0.0,104.0,,1.4,,,,,2025-04-27 09:25:00
5819154.822237142,0.0,104.0,,1.4,,,,,2025-04-27 09:30:00
5819155.822366018,0.0,107.0,,1.4,,,,,2025-04-27 09:35:00
5819156.822494893,0.0,107.0,,1.4,,,,,2025-04-27 09:40:00
5819157.822623769,0.0,108.0,,1.4,,,,,2025-04-27 09:45:00
5819158.822752643,0.0,110.0,,1.4,,,,,2025-04-27 09:50:00
5819159.822881519,0.0,113.0,,1.4,,,40.0,,2025-04-27 09:55:00
5819160.823010394,0.0,114.0,,1.4,,,,,2025-04-27 10:00:00
5819161.82313927,0.0,116.0,,1.4,,,,,2025-04-27 10:05:00
5819162.823268145,0.0,116.0,,1.4,,,,,2025-04-27 10:10:00
5819163.82339702,0.0,117.0,,1.4,,,,,2025-04-27 10:15:00
5819164.823525895,0.0,119.0,,1.4,,,,,2025-04-27 10:20:00
5819165.823654771,0.0,123.0,,1.4,,,,,2025-04-27 10:25:00
5819166.823783646,0.0,127.0,,1.4,,,,,2025-04-27 10:30:00
5819167.823912521,0.0,134.0,,1.4,,,,,2025-04-27 10:35:00
5819168.824041396,0.0,143.0,,1.4,,,,,2025-04-27 10:40:00
5819169.824170272,0.0,150.0,,1.4,,,,,2025-04-27 10:45:00
5819170.824299147,0.0,159.0,,1.4,,,,,2025-04-27 10:50:00
5819171.824428022,0.0,168.0,,1.4,,,,4.7,2025-04-27 10:55:00
5819172.824556897,0.0,178.0,,1.4,,,,,2025-04-27 11:00:00
5819173.824685773,0.0,189.0,,1.4,,,,,2025-04-27 11:05:00
5819174.824814648,0.0,207.0,,1.4,,,,,2025-04-27 11:10:00
5819175.824943524,0.0,227.0,,1.4,,,,,2025-04-27 11:15:00
5819176.825072398,0.0,243.0,,1.4,,,,,2025-04-27 11:20:00
5819177.825201274,0.0,239.0,,1.4,,,,,2025-04-27 11:25:00
5819178.825330149,0.0,247.0,,1.4,,,,,2025-04-27 11:30:00
5819179.825459025,0.0,252.0,,1.4,,,,,2025-04-27 11:35:00
5819180.825587899,0.0,255.0,,1.4,,,,,2025-04-27 11:40:00
5819181.825716775,0.0,255.0,,1.4,,,,,2025-04-27 11:45:00
5819182.82584565,0.0,253.0,,1.4,,,,,2025-04-27 11:50:00
5819183.825974526,0.0,249.0,,1.4,,,,,2025-04-27 11:55:00
5819184.8261034,0.0,243.0,,1.4,,,,2.6,2025-04-27 12:00:00
5819185.826232276,0.0,237.0,,1.4,,,,,2025-04-27 12:05:00
5819186.826361151,0.0,232.0,,1.4,,,,,2025-04-27 12:10:00
5819187.826490027,0.0,221.0,,1.4,,,,,2025-04-27 12:15:00
5819188.826618902,0.0,214.0,,1.4,,,,,2025-04-27 12:20:00
5819189.826747777,0.0,207.0,,1.4,,,,,2025-04-27 12:25:00
5819190.826876652,0.0,199.0,,1.4,,,,,2025-04-27 12:30:00
5819191.827005528,0.0,188.0,,1.4,,,,,2025-04-27 12:35:00
5819192.827134403,0.0,178.0,,1.4,,,,,2025-04-27 12:40:00
5819193.827263278,0.0,170.0,,1.4,,,,,2025-04-27 12:45:00
5819194.827392153,0.0,160.0,,1.4,,,,,2025-04-27 12:50:00
5819195.827521029,0.0,152.0,,1.4,,,,,2025-04-27 12:55:00
5819196.827649904,0.0,144.0,,1.4,,,,,2025-04-27 13:00:00
5819197.827778779,0.0,136.0,,1.4,,,,,2025-04-27 13:05:00
5819198.827907654,0.0,129.0,,1.4,,,,,2025-04-27 13:10:00
5819199.82803653,0.0,123.0,,1.4,,,,,2025-04-27 13:15:00
5819200.828165405,0.0,116.0,,1.4,,,,,2025-04-27 13:20:00
5819201.82829428,0.0,111.0,,1.4,,,,,2025-04-27 13:25:00
5819202.8284231555,0.0,108.0,,1.4,,,,,2025-04-27 13:30:00
5819203.828552031,0.0,106.0,,1.4,,,,,2025-04-27 13:35:00
5819204.828680906,0.0,101.0,,1.4,,,,,2025-04-27 13:40:00
5819205.828809782,0.0,97.0,,1.4,,,,,2025-04-27 13:45:00
5819206.8289386565,0.0,93.0,,1.4,,,,,2025-04-27 13:50:00
5819207.829067532,0.0,91.0,,1.4,,,,,2025-04-27 13:55:00
5819208.829196407,0.0,90.0,,1.4,,,,,2025-04-27 14:00:00
5819209.829325283,0.0,89.0,,1.4,,,,,2025-04-27 14:05:00
5819210.8294541575,0.0,86.0,,1.4,,,,,2025-04-27 14:10:00
5819211.829583033,0.0,84.0,,1.4,,,,,2025-04-27 14:15:00
5819212.8297119085,0.0,83.0,,1.4,,,,,2025-04-27 14:20:00
5819213.829840784,0.0,81.0,,1.4,,,,,2025-04-27 14:25:00
5819214.8299696585,0.0,81.0,,1.4,,,,,2025-04-27 14:30:00
5819215.830098534,0.0,81.0,,1.4,,,,,2025-04-27 14:35:00
5819216.8302274095,0.0,82.0,,1.4,,,,,2025-04-27 14:40:00
5819217.830356285,0.0,89.0,,1.4,,,,,2025-04-27 14:45:00
5819218.83048516,0.0,96.0,,1.4,,,,,2025-04-27 14:50:00
5819219.830614035,0.0,103.0,,1.4,,,,,2025-04-27 14:55:00
5819220.8307429105,0.0,106.0,,1.4,,,,,2025-04-27 15:00:00
5819221.830871786,0.0,108.0,,1.4,,,,,2025-04-27 15:05:00
5819222.8310006615,0.0,109.0,,1.4,,,,,2025-04-27 15:10:00
5819223.831129536,0.0,108.0,,1.4,,,,,2025-04-27 15:15:00
5819224.8312584115,0.0,106.0,,1.4,,,,,2025-04-27 15:20:00
5819225.831387287,0.0,103.0,85.0,1.4,,,,,2025-04-27 15:25:00
5819226.8315161625,0.0,101.0,,1.4,,,,,2025-04-27 15:30:00
5819227.831645037,0.0,87.0,85.0,1.4,,,,,2025-04-27 15:35:00
5819228.8317739125,0.0,87.0,,1.4,,,,,2025-04-27 15:40:00
5819229.831902788,0.0,88.0,,1.4,,,,,2025-04-27 15:45:00
5819230.8320316635,0.0,88.0,,1.4,,,,,2025-04-27 15:50:00
5819231.832160539,0.0,87.0,,1.4,,,,,2025-04-27 15:55:00
5819232.832289414,0.0,87.0,,1.4,,,,,2025-04-27 16:00:00
5819233.832418289,0.0,86.0,,1.4,,,,,2025-04-27 16:05:00
5819234.8325471645,0.0,85.0,,1.4,,,,,2025-04-27 16:10:00
5819235.83267604,0.0,84.0,,1.4,,,,,2025-04-27 16:15:00
5819236.832804915,0.0,84.0,,1.4,,,,,2025-04-27 16:20:00
5819237.83293379,0.0,83.0,,1.4,,,,,2025-04-27 16:25:00
5819238.833062666,0.0,83.0,,1.4,,,,,2025-04-27 16:30:00
5819239.833191541,0.0,82.0,,1.4,,,,,2025-04-27 16:35:00
5819240.833320416,0.0,81.0,,1.4,,,,,2025-04-27 16:40:00
5819241.833449291,0.0,80.0,,1.4,,,,,2025-04-27 16:45:00
5819242.833578167,0.0,80.0,,1.4,,,,,2025-04-27 16:50:00
5819243.833707042,0.0,81.0,,1.4,,,,,2025-04-27 16:55:00
5819244.8338359175,0.0,81.0,,1.4,,,,,2025-04-27 17:00:00
5819245.833964792,0.0,81.0,,1.4,,,,,2025-04-27 17:05:00
5819246.834093668,0.0,82.0,,1.4,,,,,2025-04-27 17:10:00
5819247.834222543,0.0,81.0,,1.4,,,,,2025-04-27 17:15:00
5819248.834351419,0.0,80.0,,1.4,,,,,2025-04-27 17:20:00
5819249.834480293,0.0,79.0,,1.4,,,,,2025-04-27 17:25:00
5819250.834609169,0.0,79.0,,1.4,,,,,2025-04-27 17:30:00
5819251.834738044,0.0,79.0,,1.4,,,,,2025-04-27 17:35:00
5819252.83486692,0.0,79.0,,1.4,,,,,2025-04-27 17:40:00
5819253.834995794,0.0,80.0,,1.4,,,,,2025-04-27 17:45:00
5819254.83512467,0.0,84.0,,1.4,,,,,2025-04-27 17:50:00
5819255.835253545,0.0,91.0,,1.4,,,,,2025-04-27 17:55:00
5819256.835382421,0.0,97.0,,1.4,,,,,2025-04-27 18:00:00
5819257.835511295,0.0,104.0,,1.4,,,,,2025-04-27 18:05:00
5819258.835640171,0.0,113.0,,1.4,,,,,2025-04-27 18:10:00
5819259.835769046,0.0,119.0,,1.4,,,,,2025-04-27 18:15:00
5819260.835897922,0.0,126.0,,1.4,,,,,2025-04-27 18:20:00
5819261.836026797,0.0,134.0,,1.4,,,,,2025-04-27 18:25:00
5819262.836155672,0.0,140.0,,1.4,,,,5.0,2025-04-27 18:30:00
5819263.836284547,0.0,147.0,,1.4,,,,,2025-04-27 18:35:00
5819264.836413423,0.0,154.0,,1.4,,,,,2025-04-27 18:40:00
5819265.836542298,0.0,161.0,,1.4,,,,,2025-04-27 18:45:00
5819266.836671173,0.0,166.0,,1.4,,,,,2025-04-27 18:50:00
5819267.836800048,0.0,170.0,,1.4,,,,,2025-04-27 18:55:00
5819268.836928924,0.0,175.0,,1.4,,,,,2025-04-27 19:00:00
5819269.837057799,0.0,177.0,,1.4,,,,,2025-04-27 19:05:00
5819270.837186674,0.0,179.0,,1.4,,,,,2025-04-27 19:10:00
5819271.837315549,0.0,183.0,,1.4,,,,,2025-04-27 19:15:00
5819272.837444425,0.0,189.0,,1.4,,,,,2025-04-27 19:20:00
5819273.8375733,0.0,195.0,,1.4,,,,,2025-04-27 19:25:00
5819274.837702176,0.0,199.0,,1.4,,,,,2025-04-27 19:30:00
5819275.83783105,0.0,204.0,,1.4,,,,,2025-04-27 19:35:00
5819276.837959926,0.0,209.0,,1.4,,,,,2025-04-27 19:40:00
5819277.838088801,0.0,212.0,,1.4,,,,,2025-04-27 19:45:00
5819278.838217677,0.0,218.0,,1.4,,,,,2025-04-27 19:50:00
5819279.838346551,0.0,224.0,,1.4,,,,3.1,2025-04-27 19:55:00
5819280.838475427,0.0,229.0,,1.4,,,,,2025-04-27 20:00:00
5819281.838604302,0.0,237.0,,1.4,,,,,2025-04-27 20:05:00
5819282.838733178,0.0,246.0,,1.4,,,,,2025-04-27 20:10:00
5819283.838862052,0.0,251.0,,1.4,,,,,2025-04-27 20:15:00
5819284.838990928,0.0,255.0,,1.4,,,,,2025-04-27 20:20:00
5819285.839119803,0.0,260.0,,1.4,,,,,2025-04-27 20:25:00
5819286.839248679,0.0,267.0,,1.4,,,,,2025-04-27 20:30:00
5819287.839377554,0.0,273.0,,1.4,,,,,2025-04-27 20:35:00
5819288.839506429,0.0,279.0,,1.4,,,,,2025-04-27 20:40:00
5819289.839635304,0.0,285.0,,1.4,,,,,2025-04-27 20:45:00
5819290.83976418,0.0,289.0,,1.4,,,,,2025-04-27 20:50:00
5819291.839893055,0.0,291.0,,1.4,,,,,2025-04-27 20:55:00
5819292.84002193,0.0,289.0,,1.4,,,,4.0,2025-04-27 21:00:00
5819293.840150805,0.0,283.0,,1.4,,,,,2025-04-27 21:05:00
5819294.840279681,0.0,283.0,,1.4,,,,,2025-04-27 21:10:00
5819295.840408556,0.0,286.0,,1.4,,,,,2025-04-27 21:15:00
5819296.840537431,0.0,287.0,,1.4,,,,,2025-04-27 21:20:00
5819297.840666306,0.0,285.0,,1.4,,,,,2025-04-27 21:25:00
5819298.840795182,0.0,282.0,,1.4,,,,,2025-04-27 21:30:00
5819299.840924057,0.0,275.0,,1.4,,,,,2025-04-27 21:35:00
5819300.841052933,0.0,266.0,,1.4,,,,,2025-04-27 21:40:00
5819301.841181807,0.0,259.0,,1.4,,,,,2025-04-27 21:45:00
5819302.841310683,0.0,253.0,,1.4,,,,,2025-04-27 21:50:00
5819303.841439558,0.0,251.0,,1.4,,,,,2025-04-27 21:55:00
5819304.841568434,0.0,249.0,,1.4,,,,,2025-04-27 22:00:00
5819305.841697308,0.0,246.0,,1.4,,,,3.9,2025-04-27 22:05:00
5819306.841826184,0.0,243.0,,1.4,,,,,2025-04-27 22:10:00
5819307.841955059,0.0,241.0,,1.4,,,,,2025-04-27 22:15:00
5819308.842083935,0.0,239.0,,1.4,,,,,2025-04-27 22:20:00
5819309.842212809,0.0,237.0,,1.4,,,,,2025-04-27 22:25:00
5819310.842341685,0.0,232.0,,1.4,,,,,2025-04-27 22:30:00
5819311.84247056,0.0,225.0,,1.4,,,,,2025-04-27 22:35:00
5819312.842599436,0.0,219.0,,1.4,,,,,2025-04-27 22:40:00
5819313.84272831,0.0,212.0,,1.4,,,,,2025-04-27 22:45:00
5819314.842857186,0.0,201.0,,1.4,,,,,2025-04-27 22:50:00
5819315.842986061,0.0,191.0,,1.4,,,,,2025-04-27 22:55:00
5819316.843114937,0.0,184.0,,1.4,,,,,2025-04-27 23:00:00
5819317.843243812,0.0,179.0,,1.4,,,,,2025-04-27 23:05:00
5819318.843372687,0.0,175.0,,1.4,,,,1.0,2025-04-27 23:10:00
5819319.843501562,0.0,171.0,,1.4,,,,,2025-04-27 23:15:00
5819320.843630438,0.0,164.0,,1.4,,,,,2025-04-27 23:20:00
5819321.843759313,0.0,157.0,,1.4,,,,,2025-04-27 23:25:00
5819322.843888188,0.0,152.0,,1.4,,,,,2025-04-27 23:30:00
5819323.844017063,0.0,149.0,,1.4,,,,,2025-04-27 23:35:00
5819324.844145939,0.0,148.0,,1.4,,,,,2025-04-27 23:40:00
5819325.844274814,0.0,146.0,,1.4,,,,,2025-04-27 23:45:00
5819326.844403689,0.0,144.0,,1.4,,,,,2025-04-27 23:50:00
5819327.844532564,0.0,140.0,,1.4,,,,,2025-04-27 23:55:00
5819328.84466144,0.0,137.0,,1.4,,0.014378,,,2025-04-28 00:00:00
5819329.844790315,0.0,135.0,,1.4,,0.013252,,,2025-04-28 00:05:00
5819330.844919191,0.0,132.0,,1.4,,0.020221,,,2025-04-28 00:10:00
5819331.845048065,0.0,129.0,,1.4,,0.028575,,,2025-04-28 00:15:00
5819332.845176941,0.0,127.0,,1.4,,0.033281,,,2025-04-28 00:20:00
5819333.845305816,0.0,123.0,,1.4,,0.037026,,,2025-04-28 00:25:00
5819334.845434692,0.0,121.0,,1.4,,0.041789,,,2025-04-28 00:30:00
5819335.845563566,0.0,120.0,,1.4,,0.071025,,,2025-04-28 00:35:00
5819336.845692442,0.0,119.0,,1.4,,0.034288,,,2025-04-28 00:40:00
5819337.845821317,0.0,118.0,,1.4,,0.039995,,,2025-04-28 00:45:00
5819338.845950193,0.0,117.0,,1.4,,0.051796,,,2025-04-28 00:50:00
5819339.846079067,0.0,116.0,,1.4,,0.063952,,,2025-04-28 00:55:00
5819340.846207943,0.0,115.0,,1.4,,0.076098,,,2025-04-28 01:00:00
5819341.846336818,0.0,115.0,,1.4,,0.086045,,,2025-04-28 01:05:00
5819342.846465694,0.0,115.0,,1.4,,0.091271,,,2025-04-28 01:10:00
5819343.846594569,0.0,114.0,,1.4,,0.091406,,,2025-04-28 01:15:00
5819344.846723444,0.0,113.0,,1.4,,0.095908,,,2025-04-28 01:20:00
5819345.846852319,0.0,113.0,,1.4,,0.101939,,,2025-04-28 01:25:00
5819346.846981195,0.0,112.0,,1.4,,0.106738,,,2025-04-28 01:30:00
5819347.84711007,0.0,112.0,,1.4,,0.112388,,,2025-04-28 01:35:00
5819348.847238945,0.0,111.0,,1.4,,0.116261,,,2025-04-28 01:40:00
5819349.84736782,0.0,111.0,,1.4,,0.122235,,,2025-04-28 01:45:00
5819350.847496696,0.0,110.0,,1.4,,0.098888,,,2025-04-28 01:50:00
5819351.847625571,0.0,110.0,,1.4,,0.090353,,,2025-04-28 01:55:00
5819352.847754446,0.0,110.0,,1.4,,0.118863,,,2025-04-28 02:00:00
5819353.847883321,0.0,110.0,,1.4,,0.105722,,,2025-04-28 02:05:00
5819354.848012197,0.0,110.0,,1.4,,0.102769,,,2025-04-28 02:10:00
5819355.848141072,0.0,109.0,,1.4,,0.096086,,,2025-04-28 02:15:00
5819356.848269948,0.0,109.0,,1.4,,0.105517,,,2025-04-28 02:20:00
5819357.848398822,0.0,109.0,,1.4,,0.114272,,,2025-04-28 02:25:00
5819358.848527698,0.0,109.0,,1.4,,0.111571,,,2025-04-28 02:30:00
5819359.848656573,0.0,108.0,,1.4,,0.096091,,,2025-04-28 02:35:00
5819360.848785449,0.0,107.0,,1.4,,0.10211,,,2025-04-28 02:40:00
5819361.848914323,0.0,107.0,,1.4,,0.107104,,,2025-04-28 02:45:00
5819362.849043199,0.0,106.0,,1.4,,0.122583,,,2025-04-28 02:50:00
5819363.849172074,0.0,104.0,,1.4,,0.120677,,,2025-04-28 02:55:00
5819364.84930095,0.0,103.0,,1.4,,0.122463,,,2025-04-28 03:00:00
5819365.849429824,0.0,103.0,,1.4,,0.122893,,,2025-04-28 03:05:00
5819366.8495587,0.0,103.0,,1.4,,0.108271,,,2025-04-28 03:10:00
5819367.849687575,0.0,103.0,,1.4,,0.033483,,,2025-04-28 03:15:00
5819368.849816451,0.0,103.0,,1.4,,0.039945,,,2025-04-28 03:20:00
5819369.849945325,1.0,,107.0,1.4,,0.057005,,,2025-04-28 03:25:00
5819370.850074201,1.0,,,1.4,,0.062076,,,2025-04-28 03:30:00
5819371.850203076,1.0,,,1.4,,0.073478,,,2025-04-28 03:35:00
5819372.850331952,0.0,107.0,107.0,1.4,,0.069336,,,2025-04-28 03:40:00
5819373.850460827,0.0,107.0,,1.4,,0.064821,,,2025-04-28 03:45:00
5819374.850589702,0.0,107.0,,1.4,,0.064525,,,2025-04-28 03:50:00
5819375.850718577,0.0,107.0,,1.4,,0.064676,,,2025-04-28 03:55:00
5819376.850847453,0.0,107.0,,1.4,,0.064443,,,2025-04-28 04:00:00
5819377.850976328,0.0,107.0,,1.4,,0.072546,,,2025-04-28 04:05:00
5819378.851105203,0.0,106.0,,1.4,,0.080977,,,2025-04-28 04:10:00
5819379.851234078,0.0,106.0,,1.4,,0.093884,,,2025-04-28 04:15:00
5819380.851362954,0.0,106.0,,1.4,,0.106069,,,2025-04-28 04:20:00
5819381.851491829,0.0,106.0,,1.4,,0.125385,,,2025-04-28 04:25:00
5819382.851620704,0.0,106.0,,1.4,,0.140742,,,2025-04-28 04:30:00
5819383.851749579,0.0,106.0,,1.4,,0.137698,,,2025-04-28 04:35:00
5819384.851878455,0.0,105.0,,1.4,,0.145541,,,2025-04-28 04:40:00
5819385.85200733,0.0,104.0,,1.4,,0.109532,,,2025-04-28 04:45:00
5819386.852136206,0.0,104.0,,1.4,,0.036449,,,2025-04-28 04:50:00
5819387.85226508,0.0,104.0,,1.4,,0.051054,,,2025-04-28 04:55:00
5819388.852393956,0.0,103.0,,1.4,,0.070518,,,2025-04-28 05:00:00
5819389.852522831,0.0,103.0,,1.4,,0.092483,,,2025-04-28 05:05:00
5819390.852651707,0.0,102.0,,1.4,,0.106777,,,2025-04-28 05:10:00
5819391.852780581,0.0,100.0,,1.4,,0.11622,,,2025-04-28 05:15:00
5819392.852909457,0.0,98.0,,1.4,,0.12965,,,2025-04-28 05:20:00
5819393.853038332,0.0,97.0,,1.4,,0.140402,,,2025-04-28 05:25:00
5819394.853167208,0.0,96.0,,1.4,,0.151685,,,2025-04-28 05:30:00
5819395.8532960825,0.0,96.0,,1.4,,0.133002,,,2025-04-28 05:35:00
5819396.853424958,0.0,95.0,,1.4,,0.116707,,,2025-04-28 05:40:00
5819397.853553833,0.0,97.0,,1.4,,0.125871,,,2025-04-28 05:45:00
5819398.853682709,0.0,98.0,,1.4,,0.133215,,,2025-04-28 05:50:00
5819399.853811584,0.0,99.0,,1.4,,0.14033,,,2025-04-28 05:55:00
5819400.853940459,0.0,98.0,,1.4,,0.163848,,,2025-04-28 06:00:00
5819401.854069334,0.0,98.0,,1.4,,0.061278,,,2025-04-28 06:05:00
5819402.85419821,0.0,97.0,,1.4,,0.059731,,,2025-04-28 06:10:00
5819403.854327085,0.0,96.0,,1.4,,0.061283,,,2025-04-28 06:15:00
5819404.85445596,0.0,96.0,,1.4,,0.064953,,,2025-04-28 06:20:00
5819405.8545848355,0.0,96.0,,1.4,,0.067325,,,2025-04-28 06:25:00
5819406.854713711,0.0,95.0,,1.4,,0.077561,,,2025-04-28 06:30:00
5819407.854842586,0.0,94.0,,1.4,,0.087544,,,2025-04-28 06:35:00
5819408.854971461,0.0,93.0,,1.4,,0.097847,,,2025-04-28 06:40:00
5819409.8551003365,0.0,93.0,,1.4,,0.105629,,,2025-04-28 06:45:00
5819410.855229212,0.0,94.0,,1.4,,0.113568,,,2025-04-28 06:50:00
5819411.855358087,0.0,94.0,,1.4,,0.121584,,,2025-04-28 06:55:00
5819412.855486963,0.0,94.0,,1.4,,0.130207,,,2025-04-28 07:00:00
5819413.8556158375,0.0,95.0,,1.4,,0.047395,,,2025-04-28 07:05:00
5819414.855744713,0.0,95.0,,1.4,,0.084327,,,2025-04-28 07:10:00
5819415.8558735885,0.0,94.0,,1.4,,0.116083,,,2025-04-28 07:15:00
5819416.856002464,0.0,94.0,,1.4,,0.147537,,,2025-04-28 07:20:00
5819417.8561313385,0.0,94.0,,1.4,,0.104058,,,2025-04-28 07:25:00
5819418.856260214,0.0,93.0,,1.4,,0.120581,,,2025-04-28 07:30:00
5819419.8563890895,0.0,92.0,,1.4,,0.136017,,,2025-04-28 07:35:00
5819420.856517965,0.0,93.0,,1.4,,0.154945,,,2025-04-28 07:40:00
5819421.8566468395,0.0,93.0,,1.4,,0.137139,,,2025-04-28 07:45:00
5819422.856775715,0.0,92.0,,1.4,,0.032562,,,2025-04-28 07:50:00
5819423.8569045905,0.0,91.0,,1.4,,0.053438,,,2025-04-28 07:55:00
5819424.857033466,0.0,90.0,,1.4,,0.049288,,,2025-04-28 08:00:00
5819425.857162341,0.0,88.0,,1.4,,0.053729,,,2025-04-28 08:05:00
5819426.857291216,0.0,88.0,,1.4,,0.064942,,,2025-04-28 08:10:00
5819427.8574200915,0.0,88.0,,1.4,,0.061482,,,2025-04-28 08:15:00
5819428.857548967,0.0,87.0,,1.4,,0.043077,,,2025-04-28 08:20:00
5819429.8576778425,0.0,86.0,,1.4,,0.050367,,,2025-04-28 08:25:00
5819430.857806717,0.0,87.0,,1.4,,0.056214,,,2025-04-28 08:30:00
5819431.8579355925,0.0,87.0,,1.4,,0.061715,,,2025-04-28 08:35:00
5819432.858064468,0.0,87.0,,1.4,,0.066455,,,2025-04-28 08:40:00
5819433.8581933435,0.0,87.0,,1.4,,0.070503,,,2025-04-28 08:45:00
5819434.858322218,0.0,87.0,,1.4,,0.07948,,,2025-04-28 08:50:00
5819435.858451094,0.0,87.0,,1.4,,0.056616,,,2025-04-28 08:55:00
5819436.858579969,0.0,86.0,,1.4,,0.085455,,,2025-04-28 09:00:00
5819437.8587088445,0.0,85.0,,1.4,,0.095992,,,2025-04-28 09:05:00
5819438.858837719,0.0,84.0,,1.4,,0.114904,,,2025-04-28 09:10:00
5819439.858966595,0.0,84.0,,1.4,,0.035102,,,2025-04-28 09:15:00
5819440.85909547,0.0,83.0,,1.4,,0.024559,,,2025-04-28 09:20:00
5819441.859224346,0.0,82.0,,1.4,,0.037296,,,2025-04-28 09:25:00
5819442.859353221,0.0,82.0,,1.4,,0.038419,,,2025-04-28 09:30:00
5819443.859482096,0.0,83.0,,1.4,,0.042584,,,2025-04-28 09:35:00
5819444.859610971,0.0,85.0,,1.4,,0.037786,,,2025-04-28 09:40:00
5819445.859739847,0.0,87.0,,1.4,,0.057054,,,2025-04-28 09:45:00
5819446.859868722,0.0,88.0,,1.4,,0.064272,,,2025-04-28 09:50:00
5819447.859997597,0.0,88.0,,1.4,,0.071375,,,2025-04-28 09:55:00
5819448.860126472,0.0,89.0,,1.4,,0.080294,,,2025-04-28 10:00:00
5819449.860255348,0.0,90.0,,1.4,,0.081714,,,2025-04-28 10:05:00
5819450.860384223,0.0,91.0,,1.4,,0.062421,,,2025-04-28 10:10:00
5819451.860513098,0.0,92.0,,1.4,,0.057306,,,2025-04-28 10:15:00
5819452.860641973,0.0,92.0,,1.4,,0.045545,,,2025-04-28 10:20:00
5819453.860770849,0.0,92.0,,1.4,,0.021493,,,2025-04-28 10:25:00
5819454.860899724,0.0,92.0,,1.4,,0.016552,,,2025-04-28 10:30:00
5819455.8610286,0.0,96.0,,1.4,,0.02766,,,2025-04-28 10:35:00
5819456.861157474,0.0,107.0,,1.4,,0.042166,,,2025-04-28 10:40:00
5819457.86128635,0.0,123.0,,1.4,,0.055473,,14.0,2025-04-28 10:45:00
5819458.861415225,0.0,126.0,,1.4,,0.031506,,,2025-04-28 10:50:00
5819459.861544101,0.0,145.0,,1.4,,0.049337,,,2025-04-28 10:55:00
5819460.861672975,0.0,165.0,,1.4,,0.05584,,,2025-04-28 11:00:00
5819461.861801851,0.0,183.0,,1.4,,0.062831,,,2025-04-28 11:05:00
5819462.861930726,0.0,197.0,,1.4,,0.050019,,,2025-04-28 11:10:00
5819463.862059602,0.0,204.0,,1.4,,0.043454,,,2025-04-28 11:15:00
5819464.862188476,0.0,201.0,,1.4,,0.044415,,,2025-04-28 11:20:00
5819465.862317352,0.0,192.0,,1.4,,0.125426,,,2025-04-28 11:25:00
5819466.862446227,0.0,180.0,,1.4,,0.151729,,,2025-04-28 11:30:00
5819467.862575103,0.0,167.0,,1.4,,0.121261,,,2025-04-28 11:35:00
5819468.862703978,0.0,155.0,,1.4,,0.134714,,,2025-04-28 11:40:00
5819469.862832853,0.0,145.0,,1.4,,0.108515,,,2025-04-28 11:45:00
5819470.862961728,0.0,137.0,,1.4,,0.112629,,,2025-04-28 11:50:00
5819471.863090604,0.0,131.0,,1.4,,0.125092,,,2025-04-28 11:55:00
5819472.863219479,0.0,125.0,,1.4,,0.114196,,,2025-04-28 12:00:00
5819473.863348354,0.0,120.0,,1.4,,0.031428,,,2025-04-28 12:05:00
5819474.863477229,0.0,117.0,,1.4,,0.0395,,,2025-04-28 12:10:00
5819475.863606105,0.0,117.0,,1.4,,0.048032,,,2025-04-28 12:15:00
5819476.86373498,0.0,116.0,,1.4,,0.068184,,,2025-04-28 12:20:00
5819477.863863855,0.0,113.0,,1.4,,0.048188,,,2025-04-28 12:25:00
5819478.86399273,0.0,109.0,,1.4,,0.0,,,2025-04-28 12:30:00
5819479.864121606,0.0,104.0,,1.4,,,,,2025-04-28 12:35:00
5819480.864250481,0.0,103.0,,1.4,,,,,2025-04-28 12:40:00
5819481.864379356,0.0,102.0,,1.4,,,,,2025-04-28 12:45:00
5819482.864508231,0.0,103.0,,1.4,,,,,2025-04-28 12:50:00
5819483.864637107,0.0,105.0,,1.4,,,,,2025-04-28 12:55:00
5819484.864765982,0.0,105.0,,1.4,,,,,2025-04-28 13:00:00
5819485.864894858,0.0,106.0,,1.4,,,,,2025-04-28 13:05:00
5819486.865023732,0.0,108.0,,1.4,,,,,2025-04-28 13:10:00
5819487.865152608,0.0,111.0,,1.4,,,,,2025-04-28 13:15:00
5819488.865281483,0.0,114.0,,1.4,,,,,2025-04-28 13:20:00
5819489.865410359,0.0,118.0,,1.4,,,,,2025-04-28 13:25:00
5819490.865539233,0.0,123.0,,1.4,,,,,2025-04-28 13:30:00
5819491.865668109,0.0,127.0,,1.4,,,,,2025-04-28 13:35:00
5819492.865796984,0.0,135.0,,1.4,,,,4.6,2025-04-28 13:40:00
5819493.86592586,0.0,144.0,,1.4,,,,,2025-04-28 13:45:00
5819494.866054734,0.0,150.0,,1.4,,,,,2025-04-28 13:50:00
5819495.86618361,0.0,155.0,,1.4,,,,,2025-04-28 13:55:00
5819496.866312485,0.0,160.0,,1.4,,,,,2025-04-28 14:00:00
5819497.866441361,0.0,164.0,,1.4,,,,,2025-04-28 14:05:00
5819498.866570236,0.0,168.0,,1.4,,,,,2025-04-28 14:10:00
5819499.866699111,0.0,168.0,,1.4,,,,,2025-04-28 14:15:00
5819500.866827986,0.0,164.0,,1.4,,,,,2025-04-28 14:20:00
5819501.866956862,0.0,161.0,,1.4,,,,,2025-04-28 14:25:00
5819502.867085737,0.0,155.0,,1.4,,,,,2025-04-28 14:30:00
5819503.867214612,0.0,150.0,,1.4,,,,,2025-04-28 14:35:00
5819504.867343487,0.0,147.0,,1.4,,,,,2025-04-28 14:40:00
5819505.867472363,0.0,146.0,,1.4,,,,,2025-04-28 14:45:00
5819506.867601238,0.0,143.0,,1.4,,,,,2025-04-28 14:50:00
5819507.867730113,0.0,137.0,,1.4,,,,,2025-04-28 14:55:00
5819508.867858988,0.0,132.0,,1.4,,,,,2025-04-28 15:00:00
5819509.867987864,0.0,132.0,,1.4,,,,4.2,2025-04-28 15:05:00
5819510.868116739,0.0,135.0,,1.4,,,,,2025-04-28 15:10:00
5819511.868245615,0.0,141.0,,1.4,,,,,2025-04-28 15:15:00
5819512.868374489,0.0,149.0,,1.4,,,,,2025-04-28 15:20:00
5819513.868503365,0.0,157.0,,1.4,,,,,2025-04-28 15:25:00
5819514.86863224,1.0,,,1.4,,,,,2025-04-28 15:30:00
5819515.868761116,1.0,,,1.4,,,,,2025-04-28 15:35:00
5819516.86888999,1.0,,,1.4,,,,,2025-04-28 15:40:00
5819517.869018866,1.0,,,1.4,,,,,2025-04-28 15:45:00
5819518.869147741,1.0,,,1.4,,,,,2025-04-28 15:50:00
5819519.869276617,1.0,,,1.4,,,,,2025-04-28 15:55:00
5819520.869405491,1.0,,,1.4,,,,,2025-04-28 16:00:00
5819521.869534367,1.0,,,1.4,,,,,2025-04-28 16:05:00
5819522.869663242,1.0,,,1.4,,,,,2025-04-28 16:10:00
5819523.869792118,1.0,,,1.4,,,,,2025-04-28 16:15:00
5819524.869920993,1.0,,,1.4,,,,,2025-04-28 16:20:00
5819525.870049868,1.0,,,1.4,,,,,2025-04-28 16:25:00
5819526.870178743,1.0,,,1.4,,,,,2025-04-28 16:30:00
5819527.870307619,1.0,,,1.4,,,,,2025-04-28 16:35:00
5819528.870436494,1.0,,,1.4,,,,,2025-04-28 16:40:00
5819529.870565369,1.0,,,1.4,,,,,2025-04-28 16:45:00
5819530.870694244,1.0,,,1.4,,,,,2025-04-28 16:50:00
5819531.87082312,1.0,,,1.4,,,,,2025-04-28 16:55:00
5819532.870951995,1.0,,,1.4,,,,,2025-04-28 17:00:00
5819533.87108087,1.0,,,1.4,,,,,2025-04-28 17:05:00
5819534.871209745,1.0,,,1.4,,,,,2025-04-28 17:10:00
5819535.871338621,1.0,,,1.4,,,,,2025-04-28 17:15:00
5819536.871467496,1.0,,,1.4,,,,,2025-04-28 17:20:00
5819537.871596371,1.0,,,1.4,,,,,2025-04-28 17:25:00
5819538.871725246,1.0,,,1.4,,,,,2025-04-28 17:30:00
5819539.871854122,1.0,,,1.4,,,,,2025-04-28 17:35:00
5819540.871982997,1.0,,145.0,1.4,,,,,2025-04-28 17:40:00
5819541.872111873,1.0,,,1.4,,,,,2025-04-28 17:45:00
5819542.872240747,1.0,,,1.4,,,,,2025-04-28 17:50:00
5819543.872369623,0.0,144.0,145.0,1.4,,,30.0,,2025-04-28 17:55:00
5819544.872498498,0.0,141.0,,1.4,,,,,2025-04-28 18:00:00
5819545.872627374,0.0,138.0,,1.4,,,,,2025-04-28 18:05:00
5819546.872756248,0.0,135.0,,1.4,,,,,2025-04-28 18:10:00
5819547.872885124,0.0,135.0,,1.4,,,,,2025-04-28 18:15:00
5819548.873013999,0.0,138.0,,1.4,,,,,2025-04-28 18:20:00
5819549.873142875,0.0,139.0,,1.4,,,,,2025-04-28 18:25:00
5819550.873271749,0.0,146.0,,1.4,,,,,2025-04-28 18:30:00
5819551.873400625,0.0,158.0,,1.4,,,,,2025-04-28 18:35:00
5819552.8735295,0.0,170.0,,1.4,,,,3.1,2025-04-28 18:40:00
5819553.873658376,0.0,175.0,,1.4,,,,,2025-04-28 18:45:00
5819554.873787251,0.0,172.0,,1.4,,,,,2025-04-28 18:50:00
5819555.873916126,0.0,175.0,,1.4,,,,,2025-04-28 18:55:00
5819556.874045001,0.0,176.0,,1.4,,,,,2025-04-28 19:00:00
5819557.874173877,0.0,176.0,,1.4,,,,,2025-04-28 19:05:00
5819558.874302752,0.0,172.0,,1.4,,,,,2025-04-28 19:10:00
5819559.874431627,0.0,164.0,,1.4,,,,,2025-04-28 19:15:00
5819560.874560502,0.0,156.0,,1.4,,,,1.1,2025-04-28 19:20:00
5819561.874689378,0.0,147.0,,1.4,,,,,2025-04-28 19:25:00
5819562.874818253,0.0,140.0,,1.4,,,,,2025-04-28 19:30:00
5819563.874947128,0.0,128.0,,1.4,,,,,2025-04-28 19:35:00
5819564.875076003,0.0,124.0,,1.4,,,,,2025-04-28 19:40:00
5819565.875204879,0.0,121.0,,1.4,,,,,2025-04-28 19:45:00
5819566.875333754,0.0,122.0,,1.4,,,,2.8,2025-04-28 19:50:00
5819567.87546263,0.0,123.0,,1.4,,,,,2025-04-28 19:55:00
5819568.875591504,0.0,122.0,,1.4,,,,,2025-04-28 20:00:00
5819569.87572038,0.0,120.0,,1.4,,,,,2025-04-28 20:05:00
5819570.875849255,0.0,117.0,,1.4,,,,,2025-04-28 20:10:00
5819571.875978131,0.0,113.0,,1.4,,,,,2025-04-28 20:15:00
5819572.876107005,0.0,110.0,,1.4,,,,,2025-04-28 20:20:00
5819573.876235881,0.0,108.0,,1.4,,,,,2025-04-28 20:25:00
5819574.876364756,0.0,111.0,,1.4,,,,,2025-04-28 20:30:00
5819575.876493632,0.0,117.0,,1.4,,0.013316,,,2025-04-28 20:35:00
5819576.876622506,0.0,122.0,,1.4,,0.011883,,,2025-04-28 20:40:00
5819577.876751382,0.0,126.0,,1.4,,0.023401,,10.2,2025-04-28 20:45:00
5819578.876880257,0.0,130.0,,1.4,,0.015976,,,2025-04-28 20:50:00
5819579.877009133,0.0,137.0,,1.4,,0.027077,,,2025-04-28 20:55:00
5819580.877138008,0.0,144.0,,1.4,,0.021474,,,2025-04-28 21:00:00
5819581.877266883,0.0,149.0,,1.4,,0.032297,,,2025-04-28 21:05:00
5819582.877395758,0.0,148.0,,1.4,,0.015416,,,2025-04-28 21:10:00
5819583.877524634,0.0,147.0,,1.4,,0.033843,,,2025-04-28 21:15:00
5819584.877653509,0.0,141.0,,1.4,,0.046086,,,2025-04-28 21:20:00
5819585.877782384,0.0,137.0,,1.4,,0.057907,,,2025-04-28 21:25:00
5819586.877911259,0.0,133.0,,1.4,,0.078407,,,2025-04-28 21:30:00
5819587.878040135,0.0,130.0,,1.4,,0.092429,,,2025-04-28 21:35:00
5819588.87816901,0.0,126.0,,1.4,,0.024554,,,2025-04-28 21:40:00
5819589.878297885,0.0,125.0,,1.4,,0.035496,,,2025-04-28 21:45:00
5819590.87842676,0.0,125.0,,1.4,,0.047021,,,2025-04-28 21:50:00
5819591.878555636,0.0,123.0,,1.4,,0.060157,,,2025-04-28 21:55:00
5819592.878684511,0.0,119.0,,1.4,,0.07155,,,2025-04-28 22:00:00
5819593.878813386,0.0,117.0,,1.4,,0.058275,,,2025-04-28 22:05:00
5819594.878942261,0.0,119.0,,1.4,,0.077475,,,2025-04-28 22:10:00
5819595.879071137,0.0,122.0,,1.4,,0.098407,,,2025-04-28 22:15:00
5819596.879200012,0.0,123.0,,1.4,,0.123983,,,2025-04-28 22:20:00
5819597.879328888,0.0,122.0,,1.4,,0.146666,,,2025-04-28 22:25:00
5819598.879457762,0.0,122.0,,1.4,,0.164568,,,2025-04-28 22:30:00
5819599.879586638,0.0,122.0,,1.4,,0.028986,,,2025-04-28 22:35:00
5819600.879715513,0.0,122.0,,1.4,,0.043002,,,2025-04-28 22:40:00
5819601.879844389,0.0,122.0,,1.4,,0.058317,,,2025-04-28 22:45:00
5819602.8799732635,0.0,124.0,,1.4,,0.057584,,,2025-04-28 22:50:00
5819603.880102139,0.0,125.0,,1.4,,0.07127,,,2025-04-28 22:55:00
5819604.880231014,0.0,128.0,,1.4,,0.07773,,,2025-04-28 23:00:00
5819605.88035989,0.0,130.0,,1.4,,0.038173,,,2025-04-28 23:05:00
5819606.8804887645,0.0,128.0,,1.4,,0.071977,,,2025-04-28 23:10:00
5819607.88061764,0.0,128.0,,1.4,,0.067058,,,2025-04-28 23:15:00
5819608.8807465155,0.0,125.0,,1.4,,0.055613,,,2025-04-28 23:20:00
5819609.880875391,0.0,128.0,,1.4,,0.067843,,,2025-04-28 23:25:00
5819610.881004266,0.0,131.0,,1.4,,0.074036,,,2025-04-28 23:30:00
5819611.881133141,0.0,134.0,,1.4,,0.082443,,,2025-04-28 23:35:00
5819612.8812620165,0.0,137.0,,1.4,,0.041566,,,2025-04-28 23:40:00
5819613.881390892,0.0,139.0,,1.4,,0.030185,,,2025-04-28 23:45:00
5819614.881519767,0.0,144.0,,1.4,,0.041045,,,2025-04-28 23:50:00
5819615.881648642,0.0,149.0,,1.4,,0.050437,,,2025-04-28 23:55:00
5819616.8817775175,0.0,154.0,,1.4,,0.02304,,,2025-04-29 00:00:00
5819617.881906393,0.0,158.0,,1.4,,0.030068,,,2025-04-29 00:05:00
5819618.8820352685,0.0,162.0,,1.4,,0.034395,,,2025-04-29 00:10:00
5819619.882164143,0.0,168.0,,1.4,,0.033515,,,2025-04-29 00:15:00
5819620.8822930185,0.0,173.0,,1.4,,0.040851,,,2025-04-29 00:20:00
5819621.882421894,0.0,178.0,,1.4,,0.035118,,1.7,2025-04-29 00:25:00
5819622.8825507695,0.0,184.0,,1.4,,0.04814,,,2025-04-29 00:30:00
5819623.882679645,0.0,189.0,,1.4,,0.052317,,,2025-04-29 00:35:00
5819624.8828085195,0.0,189.0,,1.4,,0.05807,,,2025-04-29 00:40:00
5819625.882937395,0.0,185.0,,1.4,,0.063835,,,2025-04-29 00:45:00
5819626.8830662705,0.0,183.0,,1.4,,0.069818,,,2025-04-29 00:50:00
5819627.883195146,0.0,183.0,,1.4,,0.07213,,,2025-04-29 00:55:00
5819628.883324021,0.0,184.0,,1.4,,0.076761,,,2025-04-29 01:00:00
5819629.883452896,0.0,184.0,,1.4,,0.07718,,,2025-04-29 01:05:00
5819630.8835817715,0.0,184.0,,1.4,,0.034837,,,2025-04-29 01:10:00
5819631.883710647,0.0,183.0,,1.4,,0.050707,,,2025-04-29 01:15:00
5819632.883839522,0.0,182.0,,1.4,,0.063983,,,2025-04-29 01:20:00
5819633.883968397,0.0,181.0,,1.4,,0.079802,,,2025-04-29 01:25:00
5819634.8840972725,0.0,179.0,,1.4,,0.027199,,,2025-04-29 01:30:00
5819635.884226148,0.0,177.0,,1.4,,0.041707,,,2025-04-29 01:35:00
5819636.8843550235,0.0,174.0,,1.4,,0.047841,,,2025-04-29 01:40:00
5819637.884483898,0.0,171.0,,1.4,,0.049114,,,2025-04-29 01:45:00
5819638.884612774,0.0,169.0,,1.4,,0.063893,,,2025-04-29 01:50:00
5819639.884741649,0.0,170.0,,1.4,,0.075708,,,2025-04-29 01:55:00
5819640.8848705245,0.0,172.0,,1.4,,0.085412,,,2025-04-29 02:00:00
5819641.884999399,0.0,173.0,,1.4,,0.101491,,,2025-04-29 02:05:00
5819642.885128275,0.0,175.0,,1.4,,0.115033,,,2025-04-29 02:10:00
5819643.88525715,0.0,176.0,,1.4,,0.130711,,,2025-04-29 02:15:00
5819644.8853860255,0.0,178.0,,1.4,,0.141621,,,2025-04-29 02:20:00
5819645.8855149,0.0,180.0,,1.4,,0.144509,,,2025-04-29 02:25:00
5819646.885643776,0.0,180.0,41.0,1.4,,0.139315,,,2025-04-29 02:30:00
5819647.885772651,0.0,182.0,,1.4,,0.135975,,,2025-04-29 02:35:00
5819648.885901527,0.0,184.0,,1.4,,0.137559,,,2025-04-29 02:40:00
5819649.886030401,0.0,186.0,,1.4,,0.137227,,,2025-04-29 02:45:00
5819650.886159277,0.0,187.0,,1.4,,0.142751,,1.8,2025-04-29 02:50:00
5819651.886288152,0.0,188.0,,1.4,,0.151505,,,2025-04-29 02:55:00
5819652.886417028,0.0,189.0,,1.4,,0.026937,,,2025-04-29 03:00:00
5819653.886545903,0.0,189.0,,1.4,,0.067421,,,2025-04-29 03:05:00
5819654.886674778,0.0,188.0,,1.4,,0.074957,,,2025-04-29 03:10:00
5819655.886803653,0.0,185.0,,1.4,,0.099729,,,2025-04-29 03:15:00
5819656.886932529,0.0,182.0,,1.4,,0.118634,,,2025-04-29 03:20:00
5819657.887061404,0.0,180.0,,1.4,,0.15019,,,2025-04-29 03:25:00
5819658.887190279,0.0,177.0,,1.4,,0.175741,,,2025-04-29 03:30:00
5819659.887319154,0.0,173.0,,1.4,,0.21436,,,2025-04-29 03:35:00
5819660.88744803,0.0,171.0,,1.4,,0.240446,,,2025-04-29 03:40:00
5819661.887576905,0.0,167.0,,1.4,,0.283159,,,2025-04-29 03:45:00
5819662.88770578,0.0,166.0,,1.4,,0.327666,,,2025-04-29 03:50:00
5819663.887834655,0.0,166.0,,1.4,,0.364483,,,2025-04-29 03:55:00
5819664.887963531,0.0,165.0,,1.4,,0.353561,,,2025-04-29 04:00:00
5819665.888092406,0.0,163.0,,1.4,,0.348606,,,2025-04-29 04:05:00
5819666.888221282,0.0,162.0,,1.4,,0.355564,,,2025-04-29 04:10:00
5819667.888350156,0.0,160.0,,1.4,,0.363775,,,2025-04-29 04:15:00
5819668.888479032,0.0,159.0,,1.4,,0.374793,,,2025-04-29 04:20:00
5819669.888607907,0.0,158.0,,1.4,,0.383258,,,2025-04-29 04:25:00
5819670.888736783,0.0,157.0,,1.4,,0.396498,,,2025-04-29 04:30:00
5819671.888865657,0.0,155.0,,1.4,,0.439706,,,2025-04-29 04:35:00
5819672.888994533,0.0,153.0,,1.4,,0.44156,,,2025-04-29 04:40:00
5819673.889123408,0.0,150.0,,1.4,,0.450211,,,2025-04-29 04:45:00
5819674.889252284,0.0,149.0,,1.4,,0.469484,,,2025-04-29 04:50:00
5819675.889381158,0.0,148.0,,1.4,,0.491074,,,2025-04-29 04:55:00
5819676.889510034,0.0,148.0,,1.4,,0.507314,,,2025-04-29 05:00:00
5819677.889638909,0.0,147.0,,1.4,,0.51048,,,2025-04-29 05:05:00
5819678.889767785,0.0,147.0,,1.4,,0.526273,,,2025-04-29 05:10:00
5819679.88989666,0.0,147.0,,1.4,,0.535332,,,2025-04-29 05:15:00
5819680.890025535,0.0,147.0,,1.4,,0.540657,,,2025-04-29 05:20:00
5819681.89015441,0.0,146.0,,1.4,,0.5378,,,2025-04-29 05:25:00
5819682.890283286,0.0,145.0,,1.4,,0.542856,,,2025-04-29 05:30:00
5819683.890412161,0.0,144.0,,1.4,,0.548025,,,2025-04-29 05:35:00
5819684.890541036,0.0,143.0,,1.4,,0.548301,,,2025-04-29 05:40:00
5819685.890669911,1.0,,,1.4,,0.555641,,,2025-04-29 05:45:00
5819686.890798787,1.0,,,1.4,,0.569617,,,2025-04-29 05:50:00
5819687.890927662,1.0,,,1.4,,0.55707,,,2025-04-29 05:55:00
5819688.891056537,1.0,,,1.4,,0.548654,,,2025-04-29 06:00:00
5819689.891185412,1.0,,,1.4,,0.579827,,,2025-04-29 06:05:00
5819690.891314288,1.0,,,1.4,,0.596755,,,2025-04-29 06:10:00
5819691.891443163,1.0,,,1.4,,0.60586,,,2025-04-29 06:15:00
5819692.891572039,1.0,,,1.4,,0.621385,,,2025-04-29 06:20:00
5819693.891700913,1.0,,,1.4,,0.530231,,,2025-04-29 06:25:00
5819694.891829789,1.0,,,1.4,,0.542088,,,2025-04-29 06:30:00
5819695.891958664,1.0,,,1.4,,0.545145,,,2025-04-29 06:35:00
5819696.89208754,1.0,,,1.4,,0.550556,,,2025-04-29 06:40:00
5819697.892216414,1.0,,,1.4,,0.552674,,,2025-04-29 06:45:00
5819698.89234529,1.0,,,1.4,,0.397564,,,2025-04-29 06:50:00
5819699.892474165,1.0,,,1.4,,0.370565,,,2025-04-29 06:55:00
5819700.892603041,1.0,,,1.4,,0.347827,,,2025-04-29 07:00:00
5819701.892731915,1.0,,,1.4,,0.024779,,,2025-04-29 07:05:00
5819702.892860791,1.0,,,1.4,,0.033041,,,2025-04-29 07:10:00
5819703.892989666,1.0,,,1.4,,0.052126,,,2025-04-29 07:15:00
5819704.893118542,1.0,,,1.4,,0.065694,,,2025-04-29 07:20:00
5819705.893247416,1.0,,,1.4,,0.083783,,,2025-04-29 07:25:00
5819706.893376292,1.0,,,1.4,,0.083286,,,2025-04-29 07:30:00
5819707.893505167,1.0,,104.0,1.4,,0.039532,,,2025-04-29 07:35:00
5819708.893634043,1.0,,,1.4,,0.034102,,,2025-04-29 07:40:00
5819709.893762918,1.0,,,1.4,,0.029282,,,2025-04-29 07:45:00
5819710.893891793,0.0,107.0,104.0,1.4,,0.041189,,,2025-04-29 07:50:00
5819711.894020668,0.0,108.0,,1.4,,0.05641,118.0,,2025-04-29 07:55:00
5819712.894149544,0.0,108.0,,1.4,,0.061715,,,2025-04-29 08:00:00
5819713.894278419,0.0,108.0,,1.4,,0.072131,,,2025-04-29 08:05:00
5819714.894407294,0.0,110.0,,1.4,,0.050664,,15.5,2025-04-29 08:10:00
5819715.894536169,0.0,117.0,,1.4,,0.032132,,,2025-04-29 08:15:00
5819716.894665045,0.0,128.0,,1.4,,0.035936,,,2025-04-29 08:20:00
5819717.89479392,0.0,140.0,,1.4,,0.104274,,,2025-04-29 08:25:00
5819718.894922795,0.0,150.0,,1.4,,0.029868,,,2025-04-29 08:30:00
5819719.89505167,0.0,158.0,,1.4,,0.044907,,,2025-04-29 08:35:00
5819720.895180546,0.0,163.0,,1.4,,0.069516,,,2025-04-29 08:40:00
5819721.895309421,0.0,160.0,,1.4,,0.058459,,,2025-04-29 08:45:00
5819722.895438297,0.0,158.0,,1.4,,0.072964,,,2025-04-29 08:50:00
5819723.895567171,0.0,154.0,,1.4,,0.087559,,,2025-04-29 08:55:00
5819724.895696047,0.0,147.0,,1.4,,0.101414,,,2025-04-29 09:00:00
5819725.895824922,0.0,140.0,,1.4,,0.118558,,,2025-04-29 09:05:00
5819726.895953798,0.0,135.0,,1.4,,0.124912,,,2025-04-29 09:10:00
5819727.896082672,0.0,130.0,,1.4,,0.137531,,,2025-04-29 09:15:00
5819728.896211548,0.0,126.0,,1.4,,0.142709,,,2025-04-29 09:20:00
5819729.896340423,0.0,123.0,,1.4,,0.102913,,,2025-04-29 09:25:00
5819730.896469299,0.0,121.0,,1.4,,0.109479,,,2025-04-29 09:30:00
5819731.896598173,0.0,117.0,,1.4,,0.124327,,,2025-04-29 09:35:00
5819732.896727049,0.0,116.0,,1.4,,0.137754,,,2025-04-29 09:40:00
5819733.896855924,0.0,115.0,,1.4,,0.157191,,,2025-04-29 09:45:00
5819734.8969848,0.0,116.0,,1.4,,0.167389,,,2025-04-29 09:50:00
5819735.897113675,0.0,117.0,,1.4,,0.144175,,,2025-04-29 09:55:00
5819736.89724255,0.0,120.0,,1.4,,0.1622,,,2025-04-29 10:00:00
5819737.897371425,0.0,120.0,,1.4,,0.024465,,,2025-04-29 10:05:00
5819738.897500301,0.0,121.0,,1.4,,0.040955,,,2025-04-29 10:10:00
5819739.897629176,0.0,123.0,,1.4,,0.053959,,,2025-04-29 10:15:00
5819740.897758051,0.0,127.0,,1.4,,0.069179,,,2025-04-29 10:20:00
5819741.897886926,0.0,132.0,,1.4,,0.048526,,,2025-04-29 10:25:00
5819742.898015802,0.0,138.0,,1.4,,0.052927,,,2025-04-29 10:30:00
5819743.898144677,0.0,145.0,,1.4,,0.060469,,,2025-04-29 10:35:00
5819744.898273552,0.0,149.0,,1.4,,0.054828,,,2025-04-29 10:40:00
5819745.898402427,0.0,151.0,,1.4,,0.051243,,,2025-04-29 10:45:00
5819746.898531303,0.0,156.0,,1.4,,0.041621,,,2025-04-29 10:50:00
5819747.898660178,0.0,159.0,,1.4,,0.049484,,,2025-04-29 10:55:00
5819748.898789054,0.0,161.0,,1.4,,0.020659,,,2025-04-29 11:00:00
5819749.898917928,0.0,162.0,,1.4,,0.025426,,,2025-04-29 11:05:00
5819750.899046804,0.0,165.0,,1.4,,0.029929,,,2025-04-29 11:10:00
5819751.899175679,0.0,168.0,,1.4,,0.038052,,,2025-04-29 11:15:00
5819752.899304555,0.0,169.0,,1.4,,0.033189,,,2025-04-29 11:20:00
5819753.899433429,0.0,171.0,,1.4,,0.039121,,,2025-04-29 11:25:00
5819754.899562305,0.0,173.0,,1.4,,0.039294,,,2025-04-29 11:30:00
5819755.89969118,0.0,174.0,,1.4,,0.039732,,2.8,2025-04-29 11:35:00
5819756.899820056,0.0,174.0,,1.4,,0.04828,,,2025-04-29 11:40:00
5819757.89994893,0.0,175.0,,1.4,,0.050781,,,2025-04-29 11:45:00
5819758.900077806,0.0,176.0,,1.4,,0.066091,,,2025-04-29 11:50:00
5819759.900206681,0.0,179.0,,1.4,,0.088393,,,2025-04-29 11:55:00
5819760.900335557,0.0,178.0,,1.4,,0.107852,,,2025-04-29 12:00:00
5819761.900464431,0.0,171.0,,1.4,,0.128878,,,2025-04-29 12:05:00
5819762.900593307,0.0,166.0,,1.4,,0.136278,,,2025-04-29 12:10:00
5819763.900722182,0.0,163.0,,1.4,,0.122647,,,2025-04-29 12:15:00
5819764.900851058,0.0,160.0,,1.4,,0.128815,,,2025-04-29 12:20:00
5819765.900979933,0.0,155.0,,1.4,,0.138495,,,2025-04-29 12:25:00
5819766.901108808,0.0,149.0,,1.4,,0.138392,106.0,,2025-04-29 12:30:00
5819767.901237683,0.0,145.0,,1.4,,0.117036,,,2025-04-29 12:35:00
5819768.901366559,0.0,142.0,,1.4,,0.020771,,,2025-04-29 12:40:00
5819769.901495434,0.0,139.0,,1.4,,0.02863,,,2025-04-29 12:45:00
5819770.901624309,0.0,138.0,,1.4,,0.035492,,,2025-04-29 12:50:00
5819771.901753184,0.0,145.0,212.0,1.4,,0.033645,,14.8,2025-04-29 12:55:00
5819772.90188206,0.0,148.0,,1.4,,0.048147,,,2025-04-29 13:00:00
5819773.902010935,0.0,157.0,,1.4,,0.039184,,,2025-04-29 13:05:00
5819774.90213981,0.0,190.0,212.0,1.4,,0.034738,,,2025-04-29 13:10:00
5819775.902268685,0.0,202.0,,1.4,,0.032406,,,2025-04-29 13:15:00
5819776.902397561,0.0,209.0,,1.4,,0.058255,,,2025-04-29 13:20:00
5819777.902526436,0.0,207.0,,1.4,,0.026469,,,2025-04-29 13:25:00
5819778.902655312,0.0,197.0,,1.4,,0.040951,,,2025-04-29 13:30:00
5819779.902784186,0.0,185.0,,1.4,,0.057432,,,2025-04-29 13:35:00
5819780.902913062,0.0,173.0,,1.4,,0.091247,,,2025-04-29 13:40:00
5819781.903041937,0.0,162.0,,1.4,,0.151626,,,2025-04-29 13:45:00
5819782.903170813,0.0,154.0,,1.4,,0.197737,,,2025-04-29 13:50:00
5819783.903299687,0.0,145.0,,1.4,,0.230263,,,2025-04-29 13:55:00
5819784.903428563,0.0,137.0,,1.4,,0.284558,,,2025-04-29 14:00:00
5819785.903557438,0.0,129.0,,1.4,,0.259189,,,2025-04-29 14:05:00
5819786.903686314,0.0,120.0,,1.4,,0.261592,,,2025-04-29 14:10:00
5819787.903815188,0.0,108.0,,1.4,,0.261101,,,2025-04-29 14:15:00
5819788.903944064,0.0,105.0,,1.4,,0.257525,,,2025-04-29 14:20:00
5819789.904072939,0.0,105.0,,1.4,,0.260584,,,2025-04-29 14:25:00
5819790.904201815,0.0,107.0,,1.4,,0.260851,,,2025-04-29 14:30:00
5819791.90433069,0.0,110.0,,1.4,,0.255675,,,2025-04-29 14:35:00
5819792.904459565,0.0,109.0,,1.4,,0.251767,,,2025-04-29 14:40:00
5819793.90458844,0.0,108.0,,1.4,,0.249497,,,2025-04-29 14:45:00
5819794.904717316,0.0,109.0,,1.4,,0.205088,,,2025-04-29 14:50:00
5819795.904846191,0.0,113.0,,1.4,,0.172082,,,2025-04-29 14:55:00
5819796.904975066,0.0,116.0,,1.4,,0.209181,,,2025-04-29 15:00:00
5819797.905103941,0.0,119.0,,1.4,,0.206912,,,2025-04-29 15:05:00
5819798.905232817,0.0,122.0,,1.4,,0.223476,,,2025-04-29 15:10:00
5819799.905361692,0.0,126.0,,1.4,,0.212033,,,2025-04-29 15:15:00
5819800.905490567,0.0,129.0,,1.4,,0.241348,,,2025-04-29 15:20:00
5819801.905619442,0.0,129.0,,1.4,,0.237546,,,2025-04-29 15:25:00
5819802.905748318,0.0,130.0,,1.4,,0.245166,,,2025-04-29 15:30:00
5819803.905877193,0.0,133.0,,1.4,,0.233904,,,2025-04-29 15:35:00
5819804.906006069,0.0,136.0,,1.4,,0.243332,,,2025-04-29 15:40:00
5819805.9061349435,0.0,141.0,,1.4,,0.25484,,,2025-04-29 15:45:00
5819806.906263819,0.0,147.0,,1.4,,0.254557,,,2025-04-29 15:50:00
5819807.906392694,0.0,154.0,,1.4,,0.255313,,,2025-04-29 15:55:00
5819808.90652157,0.0,161.0,,1.4,,0.292128,,,2025-04-29 16:00:00
5819809.9066504445,0.0,164.0,,1.4,,0.302696,,,2025-04-29 16:05:00
5819810.90677932,0.0,169.0,,1.4,,0.298593,,,2025-04-29 16:10:00
5819811.9069081955,0.0,174.0,,1.4,,0.273384,,2.1,2025-04-29 16:15:00
5819812.907037071,0.0,179.0,,1.4,,0.23455,,,2025-04-29 16:20:00
5819813.9071659455,0.0,184.0,,1.4,,0.27105,,,2025-04-29 16:25:00
5819814.907294821,0.0,190.0,,1.4,,0.25139,,,2025-04-29 16:30:00
5819815.9074236965,0.0,190.0,,1.4,,0.234072,,,2025-04-29 16:35:00
5819816.907552572,0.0,188.0,,1.4,,0.252189,,,2025-04-29 16:40:00
5819817.9076814465,0.0,185.0,,1.4,,0.271997,,,2025-04-29 16:45:00
5819818.907810322,0.0,184.0,,1.4,,0.24247,,,2025-04-29 16:50:00
5819819.9079391975,0.0,182.0,,1.4,,0.245399,,,2025-04-29 16:55:00
5819820.908068073,0.0,180.0,,1.4,,0.260394,,,2025-04-29 17:00:00
5819821.9081969485,0.0,179.0,,1.4,,0.30133,,,2025-04-29 17:05:00
5819822.908325823,0.0,178.0,,1.4,,0.251197,,,2025-04-29 17:10:00
5819823.9084546985,0.0,175.0,,1.4,,0.2656,,,2025-04-29 17:15:00
5819824.908583574,0.0,172.0,,1.4,,0.265935,,1.9,2025-04-29 17:20:00
5819825.9087124495,0.0,168.0,,1.4,,0.281495,,,2025-04-29 17:25:00
5819826.908841324,0.0,163.0,,1.4,,0.285927,,,2025-04-29 17:30:00
5819827.9089701995,0.0,159.0,,1.4,,0.290328,,,2025-04-29 17:35:00
5819828.909099075,0.0,157.0,,1.4,,0.293763,,,2025-04-29 17:40:00
5819829.9092279505,0.0,154.0,,1.4,,0.26653,,,2025-04-29 17:45:00
5819830.909356825,0.0,151.0,,1.4,,0.247642,,,2025-04-29 17:50:00
5819831.909485701,0.0,148.0,,1.4,,0.238261,,,2025-04-29 17:55:00
5819832.909614576,0.0,143.0,,1.4,,0.270407,,,2025-04-29 18:00:00
5819833.9097434515,0.0,136.0,,1.4,,0.265945,,,2025-04-29 18:05:00
5819834.909872327,0.0,129.0,,1.4,,0.256472,,,2025-04-29 18:10:00
5819835.910001202,0.0,126.0,,1.4,,0.260747,,,2025-04-29 18:15:00
5819836.910130077,0.0,126.0,,1.4,,0.262533,75.0,,2025-04-29 18:20:00
5819837.9102589525,0.0,121.0,,1.4,,0.265006,,,2025-04-29 18:25:00
5819838.910387828,0.0,117.0,,1.4,,0.26483,,,2025-04-29 18:30:00
5819839.910516703,0.0,115.0,,1.4,,0.265694,,,2025-04-29 18:35:00
5819840.910645578,0.0,111.0,,1.4,,0.265001,,,2025-04-29 18:40:00
5819841.910774454,0.0,109.0,,1.4,,0.269267,,,2025-04-29 18:45:00
5819842.910903329,0.0,109.0,,1.4,,0.281071,,,2025-04-29 18:50:00
5819843.911032204,0.0,110.0,,1.4,,0.279095,,,2025-04-29 18:55:00
5819844.911161079,0.0,115.0,,1.4,,0.273683,,,2025-04-29 19:00:00
5819845.911289955,0.0,120.0,,1.4,,0.257735,,,2025-04-29 19:05:00
5819846.91141883,0.0,126.0,,1.4,,0.213799,,,2025-04-29 19:10:00
5819847.9115477055,0.0,132.0,,1.4,,0.21961,,,2025-04-29 19:15:00
5819848.91167658,0.0,142.0,,1.4,,0.194165,,,2025-04-29 19:20:00
5819849.911805456,0.0,151.0,,1.4,,0.214501,,,2025-04-29 19:25:00
5819850.911934331,0.0,155.0,,1.4,,0.190502,,,2025-04-29 19:30:00
5819851.912063207,0.0,159.0,,1.4,,0.289376,,,2025-04-29 19:35:00
5819852.912192081,0.0,163.0,,1.4,,0.188628,,,2025-04-29 19:40:00
5819853.912320957,0.0,169.0,,1.4,,0.192826,,,2025-04-29 19:45:00
5819854.912449832,0.0,174.0,,1.4,,0.202539,,,2025-04-29 19:50:00
5819855.912578708,0.0,177.0,,1.4,,0.203551,,,2025-04-29 19:55:00
5819856.912707582,0.0,182.0,,1.4,,0.207182,,,2025-04-29 20:00:00
5819857.912836458,0.0,186.0,,1.4,,0.151753,,,2025-04-29 20:05:00
5819858.912965333,0.0,188.0,,1.4,,0.171429,,3.0,2025-04-29 20:10:00
5819859.913094209,0.0,193.0,,1.4,,0.196385,,,2025-04-29 20:15:00
5819860.913223084,0.0,199.0,,1.4,,0.170271,,,2025-04-29 20:20:00
5819861.913351959,0.0,205.0,,1.4,,0.215565,,,2025-04-29 20:25:00
5819862.913480834,0.0,209.0,,1.4,,0.246224,,,2025-04-29 20:30:00
5819863.91360971,0.0,211.0,,1.4,,0.225699,,,2025-04-29 20:35:00
5819864.913738585,0.0,212.0,,1.4,,0.371976,,,2025-04-29 20:40:00
5819865.91386746,0.0,211.0,,1.4,,0.293519,,,2025-04-29 20:45:00
5819866.913996335,0.0,209.0,,1.4,,0.310707,,,2025-04-29 20:50:00
5819867.914125211,0.0,207.0,,1.4,,0.336449,,,2025-04-29 20:55:00
5819868.914254086,0.0,206.0,,1.4,,0.35423,,2.1,2025-04-29 21:00:00
5819869.914382961,0.0,206.0,,1.4,,0.058611,,,2025-04-29 21:05:00
5819870.914511836,0.0,204.0,,1.4,,0.137241,,,2025-04-29 21:10:00
5819871.914640712,0.0,205.0,,1.4,,0.185433,,,2025-04-29 21:15:00
5819872.914769587,0.0,204.0,,1.4,,0.194668,,,2025-04-29 21:20:00
5819873.914898462,0.0,202.0,,1.4,,0.215138,,,2025-04-29 21:25:00
5819874.915027337,0.0,200.0,,1.4,,0.241226,,,2025-04-29 21:30:00
5819875.915156213,0.0,199.0,,1.4,,0.099948,,,2025-04-29 21:35:00
5819876.915285088,0.0,200.0,,1.4,,0.143314,,,2025-04-29 21:40:00
5819877.915413964,0.0,202.0,,1.4,,0.184808,,,2025-04-29 21:45:00
5819878.915542838,0.0,199.0,,1.4,,0.22069,,,2025-04-29 21:50:00
5819879.915671714,0.0,197.0,,1.4,,0.227769,,,2025-04-29 21:55:00
5819880.915800589,0.0,197.0,,1.4,,0.261622,,2.6,2025-04-29 22:00:00
5819881.915929465,0.0,197.0,,1.4,,0.29369,,,2025-04-29 22:05:00
5819882.916058339,0.0,194.0,,1.4,,0.253916,,,2025-04-29 22:10:00
5819883.916187215,0.0,191.0,,1.4,,0.294926,,,2025-04-29 22:15:00
5819884.91631609,0.0,191.0,,1.4,,0.111002,,,2025-04-29 22:20:00
5819885.916444966,0.0,193.0,,1.4,,0.023464,,,2025-04-29 22:25:00
5819886.91657384,0.0,194.0,,1.4,,0.035333,,,2025-04-29 22:30:00
5819887.916702716,0.0,190.0,,1.4,,0.04952,,,2025-04-29 22:35:00
5819888.916831591,0.0,183.0,,1.4,,0.059753,,,2025-04-29 22:40:00
5819889.916960467,0.0,177.0,,1.4,,0.069765,,,2025-04-29 22:45:00
5819890.917089342,0.0,173.0,,1.4,,0.076666,,,2025-04-29 22:50:00
5819891.917218217,0.0,170.0,,1.4,,0.08441,,,2025-04-29 22:55:00
5819892.917347092,0.0,165.0,,1.4,,0.089611,,,2025-04-29 23:00:00
5819893.917475968,0.0,163.0,,1.4,,0.094312,,,2025-04-29 23:05:00
5819894.917604843,0.0,162.0,,1.4,,0.100747,,,2025-04-29 23:10:00
5819895.917733718,0.0,161.0,,1.4,,0.106751,,,2025-04-29 23:15:00
5819896.917862593,0.0,159.0,,1.4,,0.081111,,,2025-04-29 23:20:00
5819897.917991469,0.0,157.0,,1.4,,0.077799,,,2025-04-29 23:25:00
5819898.918120344,0.0,156.0,,1.4,,0.080254,,,2025-04-29 23:30:00
5819899.918249219,0.0,153.0,,1.4,,0.081274,,,2025-04-29 23:35:00
5819900.918378094,0.0,150.0,,1.4,,0.085164,,,2025-04-29 23:40:00
5819901.91850697,0.0,148.0,,1.4,,0.087673,,,2025-04-29 23:45:00
5819902.918635845,0.0,147.0,,1.4,,0.092477,,,2025-04-29 23:50:00
5819903.918764721,0.0,144.0,,1.4,,0.100202,,,2025-04-29 23:55:00
5819904.918893595,0.0,143.0,,1.4,,0.118464,,,2025-04-30 00:00:00
5819905.919022471,0.0,142.0,,1.4,,0.12299,,,2025-04-30 00:05:00
5819906.919151346,0.0,136.0,,1.4,,0.134765,,,2025-04-30 00:10:00
5819907.919280222,0.0,133.0,,1.4,,0.145561,,,2025-04-30 00:15:00
5819908.919409096,0.0,129.0,,1.4,,0.157238,,,2025-04-30 00:20:00
5819909.919537972,0.0,125.0,,1.4,,0.159016,,,2025-04-30 00:25:00
5819910.919666847,0.0,122.0,,1.4,,0.162419,,,2025-04-30 00:30:00
5819911.919795723,0.0,120.0,,1.4,,0.176148,,,2025-04-30 00:35:00
5819912.919924597,0.0,119.0,,1.4,,0.207091,,,2025-04-30 00:40:00
5819913.920053473,0.0,118.0,,1.4,,0.292567,,,2025-04-30 00:45:00
5819914.920182348,0.0,118.0,,1.4,,0.355436,,,2025-04-30 00:50:00
5819915.920311224,1.0,,,1.4,,0.412146,,,2025-04-30 00:55:00
5819916.920440099,1.0,,,1.4,,0.315901,,,2025-04-30 01:00:00
5819917.920568974,1.0,,141.0,1.4,,0.275504,,,2025-04-30 01:05:00
5819918.920697849,1.0,,,1.4,,0.275742,,,2025-04-30 01:10:00
5819919.920826725,0.0,136.0,141.0,1.4,,0.059207,,,2025-04-30 01:15:00
5819920.9209556,0.0,134.0,,1.4,,0.076083,,,2025-04-30 01:20:00
5819921.921084475,0.0,132.0,,1.4,,0.119519,,,2025-04-30 01:25:00
5819922.92121335,0.0,130.0,,1.4,,0.106986,,,2025-04-30 01:30:00
5819923.921342226,0.0,131.0,,1.4,,0.131614,,,2025-04-30 01:35:00
5819924.921471101,0.0,133.0,,1.4,,0.148829,,,2025-04-30 01:40:00
5819925.921599976,0.0,134.0,,1.4,,0.164947,,,2025-04-30 01:45:00
5819926.921728851,0.0,134.0,,1.4,,0.201468,,,2025-04-30 01:50:00
5819927.921857727,0.0,134.0,,1.4,,0.276218,,,2025-04-30 01:55:00
5819928.921986602,0.0,135.0,,1.4,,0.364393,,,2025-04-30 02:00:00
5819929.922115477,0.0,136.0,,1.4,,0.454786,,,2025-04-30 02:05:00
5819930.922244352,0.0,136.0,,1.4,,0.250873,,,2025-04-30 02:10:00
5819931.922373228,0.0,136.0,,1.4,,0.149929,,,2025-04-30 02:15:00
5819932.922502103,0.0,136.0,,1.4,,0.124674,,,2025-04-30 02:20:00
5819933.922630979,0.0,136.0,,1.4,,0.11486,,,2025-04-30 02:25:00
5819934.922759853,0.0,136.0,,1.4,,0.11354,,,2025-04-30 02:30:00
5819935.922888729,0.0,135.0,,1.4,,0.095734,,,2025-04-30 02:35:00
5819936.923017604,0.0,134.0,,1.4,,0.060717,,,2025-04-30 02:40:00
5819937.92314648,0.0,134.0,,1.4,,0.069718,,,2025-04-30 02:45:00
5819938.923275354,0.0,135.0,,1.4,,0.077852,,,2025-04-30 02:50:00
5819939.92340423,0.0,135.0,,1.4,,0.09971,,,2025-04-30 02:55:00
5819940.923533105,0.0,134.0,,1.4,,0.118747,,,2025-04-30 03:00:00
5819941.923661981,0.0,136.0,,1.4,,0.136384,,,2025-04-30 03:05:00
5819942.923790855,0.0,136.0,,1.4,,0.157765,,,2025-04-30 03:10:00
5819943.923919731,0.0,134.0,,1.4,,0.173637,,,2025-04-30 03:15:00
5819944.924048606,0.0,132.0,,1.4,,0.188996,,,2025-04-30 03:20:00
5819945.924177482,0.0,131.0,,1.4,,0.202131,,,2025-04-30 03:25:00
5819946.924306357,0.0,126.0,,1.4,,0.12803,,,2025-04-30 03:30:00
5819947.924435232,0.0,123.0,,1.4,,0.123576,,,2025-04-30 03:35:00
5819948.924564107,0.0,123.0,,1.4,,0.112928,,,2025-04-30 03:40:00
5819949.924692983,0.0,121.0,,1.4,,0.115154,,,2025-04-30 03:45:00
5819950.924821858,0.0,119.0,,1.4,,0.208977,,,2025-04-30 03:50:00
5819951.924950733,0.0,119.0,,1.4,,0.179088,,,2025-04-30 03:55:00
5819952.925079608,0.0,118.0,,1.4,,0.1721,,,2025-04-30 04:00:00
5819953.925208484,0.0,117.0,,1.4,,0.19457,,,2025-04-30 04:05:00
5819954.925337359,0.0,116.0,,1.4,,0.210901,,,2025-04-30 04:10:00
5819955.925466234,0.0,115.0,,1.4,,0.127194,,,2025-04-30 04:15:00
5819956.925595109,0.0,115.0,,1.4,,0.131524,,,2025-04-30 04:20:00
5819957.925723985,0.0,114.0,,1.4,,0.142203,,,2025-04-30 04:25:00
5819958.92585286,0.0,113.0,,1.4,,0.164046,,,2025-04-30 04:30:00
5819959.925981736,0.0,111.0,,1.4,,0.167363,,,2025-04-30 04:35:00
5819960.92611061,0.0,110.0,,1.4,,0.158078,,,2025-04-30 04:40:00
5819961.926239486,0.0,108.0,,1.4,,0.158911,,,2025-04-30 04:45:00
5819962.926368361,0.0,106.0,,1.4,,0.060887,,,2025-04-30 04:50:00
5819963.926497237,0.0,105.0,,1.4,,0.078799,,,2025-04-30 04:55:00
5819964.926626111,0.0,105.0,,1.4,,0.087602,,,2025-04-30 05:00:00
5819965.926754987,0.0,102.0,,1.4,,0.10729,,,2025-04-30 05:05:00
5819966.926883862,0.0,100.0,,1.4,,0.137253,,,2025-04-30 05:10:00
5819967.927012738,0.0,99.0,,1.4,,0.181252,,,2025-04-30 05:15:00
5819968.927141612,0.0,98.0,,1.4,,0.216183,,,2025-04-30 05:20:00
5819969.927270488,0.0,96.0,,1.4,,0.213883,,,2025-04-30 05:25:00
5819970.927399363,0.0,97.0,,1.4,,0.048879,,,2025-04-30 05:30:00
5819971.927528239,0.0,98.0,,1.4,,0.056152,,,2025-04-30 05:35:00
5819972.927657114,0.0,97.0,,1.4,,0.050875,,,2025-04-30 05:40:00
5819973.927785989,0.0,95.0,,1.4,,0.053393,,,2025-04-30 05:45:00
5819974.927914864,0.0,95.0,,1.4,,0.057562,,,2025-04-30 05:50:00
5819975.92804374,0.0,96.0,161.0,1.4,,0.069639,,1.5,2025-04-30 05:55:00
5819976.928172615,0.0,96.0,,1.4,,0.081182,,,2025-04-30 06:00:00
5819977.92830149,0.0,95.0,,1.4,,0.089603,,,2025-04-30 06:05:00
5819978.928430365,0.0,121.0,161.0,1.4,,0.106865,,,2025-04-30 06:10:00
5819979.928559241,0.0,119.0,,1.4,,0.121069,,,2025-04-30 06:15:00
5819980.928688116,0.0,119.0,,1.4,,0.104734,,,2025-04-30 06:20:00
5819981.928816991,0.0,120.0,,1.4,,0.0,,,2025-04-30 06:25:00
5819982.928945866,0.0,122.0,,1.4,,,,,2025-04-30 06:30:00
5819983.929074742,0.0,120.0,,1.4,,,,,2025-04-30 06:35:00
5819984.929203617,0.0,114.0,,1.4,,,,,2025-04-30 06:40:00
5819985.929332492,0.0,106.0,,1.4,,,,,2025-04-30 06:45:00
5819986.929461367,0.0,101.0,,1.4,,,130.0,16.0,2025-04-30 06:50:00
5819987.929590243,0.0,101.0,,1.4,,,,,2025-04-30 06:55:00
5819988.929719118,0.0,108.0,,1.4,,,,,2025-04-30 07:00:00
5819989.929847994,0.0,111.0,,1.4,,,,,2025-04-30 07:05:00
5819990.929976868,0.0,122.0,,1.4,,,,,2025-04-30 07:10:00
5819991.930105744,0.0,134.0,,1.4,,,,,2025-04-30 07:15:00
5819992.930234619,0.0,146.0,,1.4,,,,,2025-04-30 07:20:00
5819993.930363495,0.0,152.0,,1.4,,,,,2025-04-30 07:25:00
5819994.930492369,0.0,150.0,,1.4,,,,,2025-04-30 07:30:00
5819995.930621245,0.0,145.0,,1.4,,,,,2025-04-30 07:35:00
5819996.93075012,0.0,138.0,,1.4,,,,,2025-04-30 07:40:00
5819997.930878996,0.0,131.0,,1.4,,,,,2025-04-30 07:45:00
5819998.9310078705,0.0,126.0,,1.4,,,,,2025-04-30 07:50:00
5819999.931136746,0.0,123.0,,1.4,,,,,2025-04-30 07:55:00
5820000.931265621,0.0,121.0,,1.4,,,,,2025-04-30 08:00:00
5820001.931394497,0.0,119.0,,1.4,,,,,2025-04-30 08:05:00
5820002.931523372,0.0,115.0,,1.4,,,,,2025-04-30 08:10:00
5820003.931652247,0.0,104.0,,1.4,,,,,2025-04-30 08:15:00
5820004.931781122,0.0,103.0,,1.4,,,,,2025-04-30 08:20:00
5820005.931909998,0.0,102.0,,1.4,,,,,2025-04-30 08:25:00
5820006.932038873,0.0,104.0,,1.4,,0.006083,,,2025-04-30 08:30:00
5820007.932167748,0.0,105.0,127.0,1.4,,0.014532,,,2025-04-30 08:35:00
5820008.9322966235,0.0,104.0,,1.4,,0.011881,,,2025-04-30 08:40:00
5820009.932425499,0.0,115.0,127.0,1.4,,0.023436,,,2025-04-30 08:45:00
5820010.932554374,0.0,117.0,,1.4,,0.028526,,1.3,2025-04-30 08:50:00
5820011.932683249,0.0,120.0,,1.4,,0.004644,,,2025-04-30 08:55:00
5820012.9328121245,0.0,120.0,,1.4,,0.012793,,,2025-04-30 09:00:00
5820013.932941,0.0,121.0,,1.4,,0.010077,,,2025-04-30 09:05:00
5820014.933069875,0.0,120.0,,1.4,,0.01865,,,2025-04-30 09:10:00
5820015.933198751,0.0,117.0,,1.4,,0.025583,,,2025-04-30 09:15:00
5820016.9333276255,0.0,117.0,,1.4,,0.025703,,,2025-04-30 09:20:00
5820017.933456501,0.0,118.0,,1.4,,0.031402,,,2025-04-30 09:25:00
5820018.9335853765,0.0,118.0,,1.4,,0.035597,,,2025-04-30 09:30:00
5820019.933714252,0.0,121.0,,1.4,,0.028658,,,2025-04-30 09:35:00
5820020.9338431265,0.0,123.0,,1.4,,0.021359,,,2025-04-30 09:40:00
5820021.933972002,0.0,125.0,,1.4,,0.014294,,,2025-04-30 09:45:00
5820022.9341008775,0.0,124.0,,1.4,,0.006167,,,2025-04-30 09:50:00
5820023.934229753,0.0,121.0,,1.4,,0.009746,,,2025-04-30 09:55:00
5820024.934358628,0.0,121.0,,1.4,,0.011194,,,2025-04-30 10:00:00
5820025.934487503,0.0,123.0,,1.4,,0.010686,,,2025-04-30 10:05:00
5820026.9346163785,0.0,125.0,,1.4,,0.009346,,,2025-04-30 10:10:00
5820027.934745254,0.0,127.0,,1.4,,0.009894,,,2025-04-30 10:15:00
5820028.9348741295,0.0,123.0,,1.4,,0.013888,,,2025-04-30 10:20:00
5820029.935003004,0.0,118.0,,1.4,,0.008804,,,2025-04-30 10:25:00
5820030.9351318795,0.0,116.0,,1.4,,0.007814,,,2025-04-30 10:30:00
5820031.935260755,0.0,115.0,,1.4,,0.008729,,,2025-04-30 10:35:00
5820032.9353896305,0.0,114.0,,1.4,,0.017044,,,2025-04-30 10:40:00
5820033.935518505,0.0,112.0,,1.4,,0.00507,,,2025-04-30 10:45:00
5820034.935647381,0.0,112.0,,1.4,,0.023693,,,2025-04-30 10:50:00
5820035.935776256,0.0,113.0,,1.4,,0.037903,,,2025-04-30 10:55:00
5820036.9359051315,0.0,112.0,,1.4,,0.046851,,,2025-04-30 11:00:00
5820037.936034006,0.0,111.0,,1.4,,0.055449,,,2025-04-30 11:05:00
5820038.936162882,0.0,109.0,,1.4,,0.061398,,,2025-04-30 11:10:00
5820039.936291757,0.0,108.0,,1.4,,0.055336,,,2025-04-30 11:15:00
5820040.9364206325,0.0,109.0,,1.4,,0.068132,,,2025-04-30 11:20:00
5820041.936549507,0.0,107.0,,1.4,,0.079126,,,2025-04-30 11:25:00
5820042.936678383,0.0,107.0,,1.4,,0.086444,,,2025-04-30 11:30:00
5820043.936807258,0.0,105.0,,1.4,,0.085671,,,2025-04-30 11:35:00
5820044.936936134,0.0,104.0,,1.4,,0.084965,,,2025-04-30 11:40:00
5820045.937065009,0.0,104.0,,1.4,,0.012635,,,2025-04-30 11:45:00
5820046.937193884,0.0,102.0,,1.4,,0.033441,,,2025-04-30 11:50:00
5820047.937322759,0.0,102.0,,1.4,,0.021409,,,2025-04-30 11:55:00
5820048.937451635,0.0,101.0,,1.4,,0.020828,,,2025-04-30 12:00:00
5820049.93758051,0.0,97.0,,1.4,,0.040349,,,2025-04-30 12:05:00
5820050.937709385,0.0,96.0,,1.4,,0.0473,,,2025-04-30 12:10:00
5820051.93783826,0.0,97.0,,1.4,,0.039141,,,2025-04-30 12:15:00
5820052.937967136,0.0,95.0,,1.4,,0.005161,,,2025-04-30 12:20:00
5820053.938096011,0.0,95.0,,1.4,,0.010019,,,2025-04-30 12:25:00
5820054.938224886,0.0,97.0,,1.4,,0.015529,,,2025-04-30 12:30:00
5820055.938353761,0.0,109.0,,1.4,,0.022219,,,2025-04-30 12:35:00
5820056.938482637,0.0,124.0,,1.4,,0.021635,,,2025-04-30 12:40:00
5820057.938611512,0.0,132.0,,1.4,,0.026138,,,2025-04-30 12:45:00
5820058.938740388,0.0,147.0,,1.4,,0.019347,,,2025-04-30 12:50:00
5820059.938869262,0.0,166.0,,1.4,,0.017971,,,2025-04-30 12:55:00
5820060.938998138,0.0,181.0,,1.4,,0.020037,,14.4,2025-04-30 13:00:00
5820061.939127013,0.0,200.0,,1.4,,0.025095,,,2025-04-30 13:05:00
5820062.939255889,0.0,216.0,,1.4,,0.038164,,,2025-04-30 13:10:00
5820063.939384763,0.0,226.0,,1.4,,0.00665,,,2025-04-30 13:15:00
5820064.939513639,0.0,233.0,,1.4,,0.038672,,,2025-04-30 13:20:00
5820065.939642514,0.0,238.0,,1.4,,0.047828,,,2025-04-30 13:25:00
5820066.93977139,0.0,232.0,,1.4,,0.010099,,,2025-04-30 13:30:00
5820067.939900264,0.0,230.0,,1.4,,0.007893,,,2025-04-30 13:35:00
5820068.94002914,0.0,225.0,,1.4,,0.006128,,,2025-04-30 13:40:00
5820069.940158015,0.0,212.0,,1.4,,0.014999,,,2025-04-30 13:45:00
5820070.940286891,0.0,208.0,,1.4,,0.014833,,,2025-04-30 13:50:00
5820071.940415766,0.0,204.0,,1.4,,0.023102,,,2025-04-30 13:55:00
5820072.940544641,0.0,195.0,,1.4,,0.031349,,,2025-04-30 14:00:00
5820073.940673516,0.0,189.0,,1.4,,0.034359,,,2025-04-30 14:05:00
5820074.940802392,0.0,184.0,,1.4,,0.037797,,,2025-04-30 14:10:00
5820075.940931267,0.0,181.0,,1.4,,0.011277,,,2025-04-30 14:15:00
5820076.941060142,0.0,176.0,,1.4,,0.00926,,,2025-04-30 14:20:00
5820077.941189017,0.0,169.0,,1.4,,0.011696,,,2025-04-30 14:25:00
5820078.941317893,0.0,159.0,,1.4,,0.025184,,,2025-04-30 14:30:00
5820079.941446768,0.0,153.0,,1.4,,0.031281,,,2025-04-30 14:35:00
5820080.941575643,0.0,150.0,,1.4,,0.005445,,,2025-04-30 14:40:00
5820081.941704518,0.0,149.0,,1.4,,0.037532,,,2025-04-30 14:45:00
5820082.941833394,0.0,151.0,,1.4,,0.046906,,,2025-04-30 14:50:00
5820083.941962269,0.0,153.0,,1.4,,0.049418,,,2025-04-30 14:55:00
5820084.942091145,0.0,156.0,,1.4,,0.013858,,,2025-04-30 15:00:00
5820085.942220019,0.0,159.0,,1.4,,0.017604,,,2025-04-30 15:05:00
5820086.942348895,0.0,164.0,,1.4,,0.024135,,,2025-04-30 15:10:00
5820087.94247777,0.0,170.0,,1.4,,0.005037,,2.3,2025-04-30 15:15:00
5820088.942606646,0.0,175.0,,1.4,,0.010797,,,2025-04-30 15:20:00
5820089.94273552,0.0,180.0,,1.4,,0.014685,,,2025-04-30 15:25:00
5820090.942864396,0.0,185.0,,1.4,,0.014983,,,2025-04-30 15:30:00
5820091.942993271,0.0,192.0,,1.4,,0.018868,,,2025-04-30 15:35:00
5820092.943122147,0.0,196.0,,1.4,,0.011429,,,2025-04-30 15:40:00
5820093.943251021,0.0,198.0,,1.4,,0.01267,,,2025-04-30 15:45:00
5820094.943379897,0.0,202.0,,1.4,,0.009794,,,2025-04-30 15:50:00
5820095.943508772,0.0,204.0,,1.4,,0.018821,,,2025-04-30 15:55:00
5820096.943637648,0.0,202.0,,1.4,,0.009388,,,2025-04-30 16:00:00
5820097.943766522,0.0,205.0,,1.4,,0.025087,,,2025-04-30 16:05:00
5820098.943895398,0.0,206.0,,1.4,,0.029444,,,2025-04-30 16:10:00
5820099.944024273,0.0,202.0,,1.4,,0.040425,,,2025-04-30 16:15:00
5820100.944153149,0.0,202.0,,1.4,,0.045253,,,2025-04-30 16:20:00
5820101.944282024,0.0,201.0,,1.4,,0.054643,,,2025-04-30 16:25:00
5820102.944410899,0.0,201.0,,1.4,,0.058941,,,2025-04-30 16:30:00
5820103.944539774,0.0,205.0,,1.4,,0.061523,,,2025-04-30 16:35:00
5820104.94466865,0.0,205.0,,1.4,,0.068045,,,2025-04-30 16:40:00
5820105.944797525,0.0,205.0,,1.4,,0.087332,,,2025-04-30 16:45:00
5820106.9449264,0.0,206.0,,1.4,,0.099371,,,2025-04-30 16:50:00
5820107.945055275,0.0,207.0,,1.4,,0.104183,,,2025-04-30 16:55:00
5820108.945184151,0.0,206.0,,1.4,,0.107269,,,2025-04-30 17:00:00
5820109.945313026,0.0,205.0,,1.4,,0.143368,,,2025-04-30 17:05:00
5820110.945441901,0.0,204.0,,1.4,,0.148671,,,2025-04-30 17:10:00
5820111.945570776,0.0,204.0,,1.4,,0.101227,,,2025-04-30 17:15:00
5820112.945699652,0.0,206.0,,1.4,,0.023429,,2.5,2025-04-30 17:20:00
5820113.945828527,0.0,210.0,,1.4,,0.033415,,,2025-04-30 17:25:00
5820114.945957403,0.0,209.0,,1.4,,0.019414,,,2025-04-30 17:30:00
5820115.946086277,0.0,207.0,,1.4,,0.027242,,,2025-04-30 17:35:00
5820116.946215153,0.0,204.0,,1.4,,0.0252,,,2025-04-30 17:40:00
5820117.946344028,0.0,201.0,,1.4,,0.03037,,,2025-04-30 17:45:00
5820118.946472904,0.0,199.0,,1.4,,0.034754,,,2025-04-30 17:50:00
5820119.946601778,0.0,197.0,,1.4,,0.044069,,,2025-04-30 17:55:00
5820120.946730654,0.0,196.0,,1.4,,0.043204,12.0,,2025-04-30 18:00:00
5820121.946859529,0.0,191.0,,1.4,,0.060505,,,2025-04-30 18:05:00
5820122.946988405,0.0,187.0,,1.4,,0.077707,,,2025-04-30 18:10:00
5820123.947117279,0.0,181.0,,1.4,,0.072628,,,2025-04-30 18:15:00
5820124.947246155,0.0,180.0,,1.4,,0.085852,,,2025-04-30 18:20:00
5820125.94737503,0.0,175.0,,1.4,,0.060781,,,2025-04-30 18:25:00
5820126.947503906,0.0,169.0,,1.4,,0.043941,,,2025-04-30 18:30:00
5820127.947632781,0.0,167.0,,1.4,,0.064174,,,2025-04-30 18:35:00
5820128.947761656,0.0,163.0,,1.4,,0.054896,,,2025-04-30 18:40:00
5820129.947890531,0.0,161.0,,1.4,,0.044774,,,2025-04-30 18:45:00
5820130.948019407,0.0,161.0,,1.4,,0.044533,,,2025-04-30 18:50:00
5820131.948148282,0.0,162.0,,1.4,,0.048831,,,2025-04-30 18:55:00
5820132.948277157,0.0,162.0,,1.4,,0.029439,,,2025-04-30 19:00:00
5820133.948406032,0.0,160.0,,1.4,,0.019513,,,2025-04-30 19:05:00
5820134.948534908,0.0,159.0,,1.4,,0.159704,,,2025-04-30 19:10:00
5820135.948663783,0.0,159.0,,1.4,,0.354392,,,2025-04-30 19:15:00
5820136.948792658,0.0,159.0,,1.4,,2.902967,,,2025-04-30 19:20:00
5820137.948921533,0.0,157.0,,1.4,,2.684867,,,2025-04-30 19:25:00
5820138.949050409,0.0,157.0,,1.4,,0.698522,,,2025-04-30 19:30:00
5820139.949179284,0.0,157.0,,1.4,,0.50629,,,2025-04-30 19:35:00
5820140.949308159,0.0,159.0,,1.4,,0.211505,,,2025-04-30 19:40:00
5820141.949437034,0.0,163.0,,1.4,,0.276437,,,2025-04-30 19:45:00
5820142.94956591,0.0,165.0,,1.4,,5.690547,,1.7,2025-04-30 19:50:00
5820143.949694785,0.0,168.0,,1.4,,3.072862,,,2025-04-30 19:55:00
5820144.949823661,0.0,170.0,,1.4,,1.486813,,,2025-04-30 20:00:00
5820145.949952535,0.0,168.0,,1.4,,1.175352,,,2025-04-30 20:05:00
5820146.950081411,0.0,165.0,,1.4,,1.088083,,,2025-04-30 20:10:00
5820147.950210286,0.0,161.0,,1.4,,1.01141,,,2025-04-30 20:15:00
5820148.950339162,0.0,157.0,,1.4,,0.71668,,,2025-04-30 20:20:00
5820149.950468036,0.0,155.0,,1.4,,0.572983,,,2025-04-30 20:25:00
5820150.950596912,0.0,155.0,,1.4,,0.483941,,,2025-04-30 20:30:00
5820151.950725787,1.0,,,1.4,,0.499698,,,2025-04-30 20:35:00
5820152.950854663,1.0,,,1.4,,0.40307,,,2025-04-30 20:40:00
5820153.950983537,1.0,,,1.4,,0.376004,,,2025-04-30 20:45:00
5820154.951112413,1.0,,,1.4,,0.013119,,,2025-04-30 20:50:00
5820155.951241288,1.0,,,1.4,,0.014534,,,2025-04-30 20:55:00
5820156.951370164,1.0,,,1.4,,0.014551,,,2025-04-30 21:00:00
5820157.951499039,1.0,,,1.4,,0.014802,,,2025-04-30 21:05:00
5820158.951627914,1.0,,,1.4,,0.015049,,3.9,2025-04-30 21:10:00
5820159.951756789,1.0,,,1.4,,0.01533,,,2025-04-30 21:15:00
5820160.951885665,1.0,,,1.4,,0.013681,,,2025-04-30 21:20:00
5820161.95201454,1.0,,,1.4,,0.015217,,,2025-04-30 21:25:00
5820162.952143415,1.0,,,1.4,,0.015762,,,2025-04-30 21:30:00
5820163.95227229,1.0,,,1.4,,0.015706,,,2025-04-30 21:35:00
5820164.952401166,1.0,,,1.4,,0.015584,,,2025-04-30 21:40:00
5820165.952530041,1.0,,,1.4,,0.014127,,,2025-04-30 21:45:00
5820166.952658916,1.0,,,1.4,,0.015835,,,2025-04-30 21:50:00
5820167.952787791,1.0,,,1.4,,0.014967,,,2025-04-30 21:55:00
5820168.952916667,1.0,,,1.4,,0.014685,,,2025-04-30 22:00:00
5820169.953045542,1.0,,,1.4,,0.01619,,,2025-04-30 22:05:00
5820170.953174418,1.0,,,1.4,,0.016067,,,2025-04-30 22:10:00
5820171.953303292,1.0,,,1.4,,0.015998,,,2025-04-30 22:15:00
5820172.953432168,1.0,,,1.4,,0.016091,,,2025-04-30 22:20:00
5820173.953561043,1.0,,,1.4,,0.016664,,,2025-04-30 22:25:00
5820174.953689919,1.0,,,1.4,,0.014843,,,2025-04-30 22:30:00
5820175.953818793,1.0,,,1.4,,0.015511,,,2025-04-30 22:35:00
5820176.953947669,1.0,,,1.4,,0.016472,,,2025-04-30 22:40:00
5820177.954076544,1.0,,,1.4,,0.016876,,,2025-04-30 22:45:00
5820178.95420542,1.0,,,1.4,,0.016408,,,2025-04-30 22:50:00
5820179.954334294,1.0,,,1.4,,0.014406,,,2025-04-30 22:55:00
5820180.95446317,1.0,,,1.4,,0.015675,,,2025-04-30 23:00:00
5820181.954592045,1.0,,,1.4,,0.014707,,,2025-04-30 23:05:00
5820182.954720921,1.0,,268.0,1.4,,0.015341,,3.2,2025-04-30 23:10:00
5820183.954849796,1.0,,,1.4,,0.016082,,,2025-04-30 23:15:00
5820184.954978671,1.0,,,1.4,,0.015004,,,2025-04-30 23:20:00
5820185.955107546,1.0,,,1.4,,0.016256,,,2025-04-30 23:25:00
5820186.955236422,1.0,,,1.4,,0.014141,,,2025-04-30 23:30:00
5820187.955365297,1.0,,,1.4,,0.014773,,,2025-04-30 23:35:00
5820188.955494172,1.0,,,1.4,,0.014689,,,2025-04-30 23:40:00
5820189.955623047,1.0,,,1.4,,0.014142,,,2025-04-30 23:45:00
5820190.955751923,1.0,,,1.4,,0.013543,,,2025-04-30 23:50:00
5820191.955880798,1.0,,,1.4,,0.015364,,,2025-04-30 23:55:00
5820192.956009673,1.0,,,1.4,,0.014451,,,2025-05-01 00:00:00
5820193.956138548,1.0,,,1.4,,0.014832,,,2025-05-01 00:05:00
5820194.956267424,1.0,,,1.4,,0.015762,,,2025-05-01 00:10:00
5820195.956396299,1.0,,,1.4,,0.016097,,,2025-05-01 00:15:00
5820196.956525174,1.0,,,1.4,,0.015085,,,2025-05-01 00:20:00
5820197.956654049,1.0,,,1.4,,0.014736,,,2025-05-01 00:25:00
5820198.956782925,1.0,,,1.4,,0.013258,,,2025-05-01 00:30:00
5820199.9569118,1.0,,,1.4,,0.014434,,,2025-05-01 00:35:00
5820200.957040676,1.0,,,1.4,,0.01486,,,2025-05-01 00:40:00
5820201.9571695505,1.0,,,1.4,,0.013686,,,2025-05-01 00:45:00
5820202.957298426,1.0,,,1.4,,0.014233,,,2025-05-01 00:50:00
5820203.957427301,1.0,,,1.4,,0.015043,,,2025-05-01 00:55:00
5820204.957556177,1.0,,,1.4,,0.014288,,,2025-05-01 01:00:00
5820205.9576850515,1.0,,,1.4,,0.013473,,,2025-05-01 01:05:00
5820206.957813927,1.0,,,1.4,,0.01437,,,2025-05-01 01:10:00
5820207.957942802,1.0,,,1.4,,0.015474,,,2025-05-01 01:15:00
5820208.958071678,1.0,,,1.4,,0.013411,,,2025-05-01 01:20:00
5820209.9582005525,1.0,,,1.4,,0.013887,,,2025-05-01 01:25:00
5820210.958329428,1.0,,,1.4,,0.014408,,,2025-05-01 01:30:00
5820211.9584583035,1.0,,,1.4,,0.012527,,,2025-05-01 01:35:00
5820212.958587179,1.0,,,1.4,,0.013479,,,2025-05-01 01:40:00
5820213.958716054,1.0,,,1.4,,0.01418,,,2025-05-01 01:45:00
5820214.958844929,1.0,,,1.4,,0.014103,,,2025-05-01 01:50:00
5820215.9589738045,1.0,,,1.4,,0.014549,,,2025-05-01 01:55:00
5820216.95910268,1.0,,,1.4,,0.014115,,,2025-05-01 02:00:00
5820217.959231555,1.0,,,1.4,,0.015483,,,2025-05-01 02:05:00
5820218.95936043,1.0,,,1.4,,0.014161,,,2025-05-01 02:10:00
5820219.9594893055,1.0,,,1.4,,0.015331,,,2025-05-01 02:15:00
5820220.959618181,1.0,,,1.4,,0.015601,,,2025-05-01 02:20:00
5820221.9597470565,1.0,,,1.4,,0.014366,,,2025-05-01 02:25:00
5820222.959875931,1.0,,,1.4,,0.013507,,,2025-05-01 02:30:00
5820223.9600048065,1.0,,,1.4,,0.014813,,,2025-05-01 02:35:00
5820224.960133682,1.0,,,1.4,,0.015424,,,2025-05-01 02:40:00
5820225.9602625575,1.0,,,1.4,,0.01374,,,2025-05-01 02:45:00
5820226.960391433,1.0,,,1.4,,0.015386,,,2025-05-01 02:50:00
5820227.9605203075,1.0,,,1.4,,0.015212,,,2025-05-01 02:55:00
5820228.960649183,1.0,,,1.4,,0.015663,,,2025-05-01 03:00:00
5820229.9607780585,1.0,,,1.4,,0.015083,,,2025-05-01 03:05:00
5820230.960906934,1.0,,,1.4,,0.016166,,,2025-05-01 03:10:00
5820231.961035809,1.0,,,1.4,,0.014453,,,2025-05-01 03:15:00
5820232.961164684,1.0,,,1.4,,0.016899,,,2025-05-01 03:20:00
5820233.9612935595,1.0,,,1.4,,0.015755,,,2025-05-01 03:25:00
5820234.961422435,1.0,,,1.4,,0.015713,,,2025-05-01 03:30:00
5820235.96155131,1.0,,,1.4,,0.015887,,,2025-05-01 03:35:00
5820236.961680185,1.0,,,1.4,,0.016158,,,2025-05-01 03:40:00
5820237.961809061,1.0,,,1.4,,0.015354,,,2025-05-01 03:45:00
5820238.961937936,1.0,,,1.4,,0.014785,,,2025-05-01 03:50:00
5820239.9620668115,1.0,,,1.4,,0.014918,,,2025-05-01 03:55:00
5820240.962195686,1.0,,,1.4,,0.014371,,,2025-05-01 04:00:00
5820241.962324562,1.0,,,1.4,,0.01346,,,2025-05-01 04:05:00
5820242.962453437,1.0,,,1.4,,0.013982,,,2025-05-01 04:10:00
5820243.9625823125,1.0,,,1.4,,0.014747,,,2025-05-01 04:15:00
5820244.962711187,1.0,,,1.4,,0.016301,,,2025-05-01 04:20:00
5820245.962840063,1.0,,,1.4,,0.014096,,,2025-05-01 04:25:00
5820246.962968938,1.0,,,1.4,,0.014863,,,2025-05-01 04:30:00
5820247.963097814,1.0,,,1.4,,0.014542,,,2025-05-01 04:35:00
5820248.963226688,1.0,,,1.4,,0.01376,,,2025-05-01 04:40:00
5820249.963355564,1.0,,,1.4,,0.013774,,,2025-05-01 04:45:00
5820250.963484439,1.0,,,1.4,,0.01479,,,2025-05-01 04:50:00
5820251.963613315,1.0,,,1.4,,0.01506,,,2025-05-01 04:55:00
5820252.963742189,1.0,,,1.4,,0.014572,,,2025-05-01 05:00:00
5820253.963871065,1.0,,,1.4,,0.013696,,,2025-05-01 05:05:00
5820254.96399994,1.0,,,1.4,,0.014596,,,2025-05-01 05:10:00
5820255.964128816,1.0,,,1.4,,0.014862,,,2025-05-01 05:15:00
5820256.964257691,1.0,,,1.4,,0.014684,,,2025-05-01 05:20:00
5820257.964386566,1.0,,,1.4,,0.014357,,,2025-05-01 05:25:00
5820258.964515441,1.0,,,1.4,,0.016014,,,2025-05-01 05:30:00
5820259.964644317,1.0,,,1.4,,0.015464,,5.0,2025-05-01 05:35:00
5820260.964773192,1.0,,,1.4,,0.016625,,,2025-05-01 05:40:00
5820261.964902067,1.0,,,1.4,,0.022591,,,2025-05-01 05:45:00
5820262.965030942,1.0,,,1.4,,0.028706,,,2025-05-01 05:50:00
5820263.965159818,1.0,,,1.4,,0.029105,,,2025-05-01 05:55:00
5820264.965288693,1.0,,,1.4,,0.01589,,,2025-05-01 06:00:00
5820265.965417568,1.0,,,1.4,,0.020886,,,2025-05-01 06:05:00
5820266.965546443,1.0,,,1.4,,0.024065,,,2025-05-01 06:10:00
5820267.965675319,1.0,,,1.4,,0.016064,,,2025-05-01 06:15:00
5820268.965804194,1.0,,,1.4,,0.02276,,,2025-05-01 06:20:00
5820269.96593307,1.0,,,1.4,,0.033323,,,2025-05-01 06:25:00
5820270.966061944,1.0,,,1.4,,0.015583,,,2025-05-01 06:30:00
5820271.96619082,1.0,,,1.4,,0.016618,,3.2,2025-05-01 06:35:00
5820272.966319695,1.0,,,1.4,,0.026301,,,2025-05-01 06:40:00
5820273.966448571,1.0,,,1.4,,0.03505,,,2025-05-01 06:45:00
5820274.966577445,1.0,,,1.4,,0.039912,,,2025-05-01 06:50:00
5820275.966706321,1.0,,,1.4,,0.020233,,,2025-05-01 06:55:00
5820276.966835196,1.0,,,1.4,,0.013909,,,2025-05-01 07:00:00
5820277.966964072,1.0,,,1.4,,0.01586,,,2025-05-01 07:05:00
5820278.967092946,1.0,,,1.4,,0.016388,,,2025-05-01 07:10:00
5820279.967221822,1.0,,,1.4,,0.020924,,,2025-05-01 07:15:00
5820280.967350697,1.0,,,1.4,,0.024577,,1.7,2025-05-01 07:20:00
5820281.967479573,1.0,,,1.4,,0.016034,,,2025-05-01 07:25:00
5820282.967608448,1.0,,,1.4,,0.029415,,10.1,2025-05-01 07:30:00
5820283.967737323,1.0,,,1.4,,0.015928,,,2025-05-01 07:35:00
5820284.967866198,1.0,,,1.4,,0.022248,,,2025-05-01 07:40:00
5820285.967995074,1.0,,,1.4,,0.018296,,,2025-05-01 07:45:00
5820286.968123949,1.0,,,1.4,,0.026733,,,2025-05-01 07:50:00
5820287.968252824,1.0,,,1.4,,0.033937,,,2025-05-01 07:55:00
5820288.968381699,1.0,,,1.4,,0.030681,,,2025-05-01 08:00:00
5820289.968510575,1.0,,,1.4,,0.04059,,,2025-05-01 08:05:00
5820290.96863945,1.0,,,1.4,,0.018614,,,2025-05-01 08:10:00
5820291.968768325,1.0,,,1.4,,0.03699,,,2025-05-01 08:15:00
5820292.9688972,1.0,,,1.4,,0.040112,,,2025-05-01 08:20:00
5820293.969026076,1.0,,,1.4,,0.04759,,,2025-05-01 08:25:00
5820294.969154951,1.0,,,1.4,,0.016186,,,2025-05-01 08:30:00
5820295.969283827,1.0,,,1.4,,0.037138,,,2025-05-01 08:35:00
5820296.969412701,1.0,,,1.4,,0.055839,,,2025-05-01 08:40:00
5820297.969541577,1.0,,,1.4,,0.071572,,,2025-05-01 08:45:00
5820298.969670452,1.0,,,1.4,,0.082744,,,2025-05-01 08:50:00
5820299.969799328,1.0,,,1.4,,0.075821,,,2025-05-01 08:55:00
5820300.969928202,1.0,,,1.4,,0.0,,,2025-05-01 09:00:00
5820301.970057078,1.0,,,1.4,,,,,2025-05-01 09:05:00
5820302.970185953,1.0,,,1.4,,,,,2025-05-01 09:10:00
5820303.970314829,1.0,,,1.4,,,,,2025-05-01 09:15:00
5820304.970443703,1.0,,,1.4,,,,,2025-05-01 09:20:00
5820305.970572579,1.0,,,1.4,,,,,2025-05-01 09:25:00
5820306.970701454,1.0,,,1.4,,,,,2025-05-01 09:30:00
5820307.97083033,1.0,,,1.4,,,,,2025-05-01 09:35:00
5820308.970959204,1.0,,,1.4,,,,,2025-05-01 09:40:00
5820309.97108808,1.0,,,1.4,,,,,2025-05-01 09:45:00
5820310.971216955,1.0,,,1.4,,,,,2025-05-01 09:50:00
5820311.971345831,1.0,,,1.4,,0.005054,,,2025-05-01 09:55:00
5820312.971474706,1.0,,,1.4,,0.00701,,,2025-05-01 10:00:00
5820313.971603581,1.0,,,1.4,,0.019127,,,2025-05-01 10:05:00
5820314.971732456,1.0,,,1.4,,0.027652,,,2025-05-01 10:10:00
5820315.971861332,1.0,,,1.4,,0.027674,,,2025-05-01 10:15:00
5820316.971990207,1.0,,,1.4,,0.03402,,,2025-05-01 10:20:00
5820317.972119082,1.0,,,1.4,,0.035285,,,2025-05-01 10:25:00
5820318.972247957,1.0,,,1.4,,0.047049,,,2025-05-01 10:30:00
5820319.972376833,1.0,,,1.4,,0.043382,,,2025-05-01 10:35:00
5820320.972505708,1.0,,,1.4,,0.048516,,,2025-05-01 10:40:00
5820321.972634583,1.0,,,1.4,,0.057653,,,2025-05-01 10:45:00
5820322.972763458,1.0,,,1.4,,0.067874,,,2025-05-01 10:50:00
5820323.972892334,1.0,,,1.4,,0.074142,,,2025-05-01 10:55:00
5820324.973021209,1.0,,,1.4,,0.084183,,,2025-05-01 11:00:00
5820325.973150085,1.0,,,1.4,,0.101935,,,2025-05-01 11:05:00
5820326.973278959,1.0,,,1.4,,0.108008,,,2025-05-01 11:10:00
5820327.973407835,1.0,,,1.4,,0.112733,,,2025-05-01 11:15:00
5820328.97353671,1.0,,,1.4,,0.124694,,,2025-05-01 11:20:00
5820329.973665586,1.0,,,1.4,,0.123293,,,2025-05-01 11:25:00
5820330.97379446,1.0,,,1.4,,0.129383,,,2025-05-01 11:30:00
5820331.973923336,1.0,,,1.4,,0.134649,,,2025-05-01 11:35:00
5820332.974052211,1.0,,,1.4,,0.10289,,,2025-05-01 11:40:00
5820333.974181087,1.0,,,1.4,,0.061661,,,2025-05-01 11:45:00
5820334.974309961,1.0,,,1.4,,0.055229,,,2025-05-01 11:50:00
5820335.974438837,1.0,,,1.4,,0.049192,,,2025-05-01 11:55:00
5820336.974567712,1.0,,,1.4,,0.036228,,,2025-05-01 12:00:00
5820337.974696588,1.0,,,1.4,,0.038464,,,2025-05-01 12:05:00
5820338.974825463,1.0,,,1.4,,0.052522,,,2025-05-01 12:10:00
5820339.974954338,1.0,,,1.4,,0.02,,,2025-05-01 12:15:00
5820340.975083213,1.0,,,1.4,,0.47896,,,2025-05-01 12:20:00
5820341.975212089,1.0,,,1.4,,1.675708,,,2025-05-01 12:25:00
5820342.975340964,1.0,,,1.4,,0.09883,,,2025-05-01 12:30:00
5820343.975469839,1.0,,,1.4,,0.072,,,2025-05-01 12:35:00
5820344.975598714,1.0,,,1.4,,0.064062,,,2025-05-01 12:40:00
5820345.97572759,1.0,,,1.4,,0.058483,,,2025-05-01 12:45:00
5820346.975856465,1.0,,,1.4,,0.54971,,,2025-05-01 12:50:00
5820347.97598534,1.0,,,1.4,,0.688746,,,2025-05-01 12:55:00
5820348.976114215,1.0,,,1.4,,0.152947,,,2025-05-01 13:00:00
5820349.976243091,1.0,,,1.4,,0.117568,,,2025-05-01 13:05:00
5820350.976371966,1.0,,,1.4,,0.197173,,,2025-05-01 13:10:00
5820351.976500842,1.0,,,1.4,,0.17319,,,2025-05-01 13:15:00
5820352.976629716,1.0,,,1.4,,0.193066,,,2025-05-01 13:20:00
5820353.976758592,1.0,,,1.4,,0.178875,,,2025-05-01 13:25:00
5820354.976887467,1.0,,,1.4,,0.356729,,,2025-05-01 13:30:00
5820355.977016343,1.0,,,1.4,,0.068353,,,2025-05-01 13:35:00
5820356.977145217,1.0,,,1.4,,0.08758,,,2025-05-01 13:40:00
5820357.977274093,1.0,,,1.4,,0.104411,,,2025-05-01 13:45:00
5820358.977402968,1.0,,,1.4,,0.127691,,,2025-05-01 13:50:00
5820359.977531844,1.0,,,1.4,,0.107308,,,2025-05-01 13:55:00
5820360.977660718,1.0,,,1.4,,0.026122,,,2025-05-01 14:00:00
5820361.977789594,1.0,,,1.4,,0.041498,,,2025-05-01 14:05:00
5820362.977918469,1.0,,,1.4,,0.046062,,,2025-05-01 14:10:00
5820363.978047345,1.0,,,1.4,,0.064822,,,2025-05-01 14:15:00
5820364.978176219,1.0,,,1.4,,0.052695,,,2025-05-01 14:20:00
5820365.978305095,1.0,,,1.4,,0.056841,,,2025-05-01 14:25:00
5820366.97843397,1.0,,,1.4,,0.04457,,,2025-05-01 14:30:00
5820367.978562846,1.0,,,1.4,,0.068768,,,2025-05-01 14:35:00
5820368.978691721,1.0,,,1.4,,0.081284,,,2025-05-01 14:40:00
5820369.978820596,1.0,,,1.4,,0.08792,,,2025-05-01 14:45:00
5820370.978949471,1.0,,,1.4,,0.072195,,,2025-05-01 14:50:00
5820371.979078347,1.0,,,1.4,,0.07833,,,2025-05-01 14:55:00
5820372.979207222,1.0,,,1.4,,0.031879,,,2025-05-01 15:00:00
5820373.979336097,1.0,,,1.4,,0.035169,,,2025-05-01 15:05:00
5820374.979464972,1.0,,,1.4,,0.066801,,,2025-05-01 15:10:00
5820375.979593848,1.0,,,1.4,,0.051555,,,2025-05-01 15:15:00
5820376.979722723,1.0,,,1.4,,0.055534,,,2025-05-01 15:20:00
5820377.979851598,1.0,,,1.4,,0.078453,,,2025-05-01 15:25:00
5820378.979980473,1.0,,,1.4,,0.071953,,,2025-05-01 15:30:00
5820379.980109349,1.0,,,1.4,,0.019126,,,2025-05-01 15:35:00
5820380.980238224,1.0,,,1.4,,0.027181,,,2025-05-01 15:40:00
5820381.9803671,1.0,,,1.4,,0.193622,,,2025-05-01 15:45:00
5820382.980495974,1.0,,,1.4,,0.440548,,,2025-05-01 15:50:00
5820383.98062485,1.0,,,1.4,,0.191961,,,2025-05-01 15:55:00
5820384.980753725,1.0,,,1.4,,0.574197,,,2025-05-01 16:00:00
5820385.980882601,1.0,,,1.4,,0.642278,,,2025-05-01 16:05:00
5820386.981011475,1.0,,,1.4,,1.424196,,,2025-05-01 16:10:00
5820387.981140351,1.0,,,1.4,,2.355698,,,2025-05-01 16:15:00
5820388.981269226,1.0,,,1.4,,2.762868,,,2025-05-01 16:20:00
5820389.981398102,1.0,,,1.4,,2.447789,,,2025-05-01 16:25:00
5820390.981526976,1.0,,,1.4,,1.456384,,,2025-05-01 16:30:00
5820391.981655852,1.0,,,1.4,,1.125063,,,2025-05-01 16:35:00
5820392.981784727,1.0,,,1.4,,0.495234,,,2025-05-01 16:40:00
5820393.981913603,1.0,,,1.4,,0.507442,,,2025-05-01 16:45:00
5820394.982042478,1.0,,,1.4,,0.312204,,,2025-05-01 16:50:00
5820395.982171353,1.0,,,1.4,,0.049301,,,2025-05-01 16:55:00
5820396.982300228,1.0,,,1.4,,0.050683,,,2025-05-01 17:00:00
5820397.982429104,1.0,,,1.4,,0.062676,,,2025-05-01 17:05:00
5820398.982557979,1.0,,,1.4,,0.045997,,,2025-05-01 17:10:00
5820399.982686854,1.0,,,1.4,,0.032294,,,2025-05-01 17:15:00
5820400.982815729,1.0,,,1.4,,0.04764,,,2025-05-01 17:20:00
5820401.982944605,1.0,,,1.4,,0.043238,,,2025-05-01 17:25:00
5820402.98307348,1.0,,,1.4,,0.026103,,,2025-05-01 17:30:00
5820403.983202355,1.0,,,1.4,,0.019951,,,2025-05-01 17:35:00
5820404.9833312305,1.0,,,1.4,,0.030778,,,2025-05-01 17:40:00
5820405.983460106,1.0,,,1.4,,0.020869,,,2025-05-01 17:45:00
5820406.983588981,1.0,,,1.4,,0.031462,,,2025-05-01 17:50:00
5820407.983717857,1.0,,86.0,1.4,,0.027493,,,2025-05-01 17:55:00
5820408.9838467315,1.0,,,1.4,,0.026136,,,2025-05-01 18:00:00
5820409.983975607,0.0,89.0,86.0,1.4,,0.033024,,,2025-05-01 18:05:00
5820410.984104482,0.0,91.0,,1.4,,0.045977,,,2025-05-01 18:10:00
5820411.984233358,0.0,93.0,,1.4,,0.058581,,,2025-05-01 18:15:00
5820412.9843622325,0.0,95.0,,1.4,,0.061168,,,2025-05-01 18:20:00
5820413.984491108,0.0,94.0,,1.4,,0.051947,,,2025-05-01 18:25:00
5820414.9846199835,0.0,101.0,,1.4,,0.017569,,,2025-05-01 18:30:00
5820415.984748859,0.0,108.0,,1.4,,0.023249,,,2025-05-01 18:35:00
5820416.9848777335,0.0,108.0,,1.4,,0.035662,,,2025-05-01 18:40:00
5820417.985006609,0.0,109.0,,1.4,,0.048505,,,2025-05-01 18:45:00
5820418.9851354845,0.0,112.0,,1.4,,0.036508,,,2025-05-01 18:50:00
5820419.98526436,0.0,109.0,,1.4,,0.025686,,,2025-05-01 18:55:00
5820420.9853932345,0.0,105.0,,1.4,,0.028343,,,2025-05-01 19:00:00
5820421.98552211,0.0,105.0,,1.4,,0.049436,,,2025-05-01 19:05:00
5820422.9856509855,0.0,105.0,,1.4,,0.051364,,,2025-05-01 19:10:00
5820423.985779861,0.0,107.0,,1.4,,0.052934,,9.2,2025-05-01 19:15:00
5820424.9859087365,0.0,111.0,,1.4,,0.069874,,,2025-05-01 19:20:00
5820425.986037611,0.0,118.0,,1.4,,0.079107,,,2025-05-01 19:25:00
5820426.9861664865,0.0,121.0,,1.4,,0.090188,,,2025-05-01 19:30:00
5820427.986295362,0.0,126.0,,1.4,,0.082201,,,2025-05-01 19:35:00
5820428.9864242375,0.0,131.0,,1.4,,0.084827,,,2025-05-01 19:40:00
5820429.986553112,0.0,137.0,,1.4,,0.086193,,,2025-05-01 19:45:00
5820430.9866819875,0.0,134.0,,1.4,,0.097138,,,2025-05-01 19:50:00
5820431.986810863,0.0,132.0,,1.4,,0.093473,,,2025-05-01 19:55:00
5820432.9869397385,0.0,131.0,,1.4,,0.101552,,,2025-05-01 20:00:00
5820433.987068613,0.0,124.0,,1.4,,0.093386,,,2025-05-01 20:05:00
5820434.987197489,0.0,120.0,,1.4,,0.102531,,,2025-05-01 20:10:00
5820435.987326364,0.0,115.0,,1.4,,0.068144,,,2025-05-01 20:15:00
5820436.9874552395,0.0,108.0,,1.4,,0.075805,,,2025-05-01 20:20:00
5820437.987584115,0.0,102.0,,1.4,,0.059143,,,2025-05-01 20:25:00
5820438.98771299,0.0,101.0,,1.4,,0.081218,,,2025-05-01 20:30:00
5820439.987841865,0.0,105.0,,1.4,,0.10017,,,2025-05-01 20:35:00
5820440.987970741,0.0,108.0,,1.4,,0.103969,,,2025-05-01 20:40:00
5820441.988099616,0.0,99.0,,1.4,,0.109272,,,2025-05-01 20:45:00
5820442.988228491,0.0,93.0,,1.4,,0.12386,,,2025-05-01 20:50:00
5820443.988357366,0.0,89.0,,1.4,,0.135807,,,2025-05-01 20:55:00
5820444.988486242,0.0,87.0,,1.4,,0.139405,,,2025-05-01 21:00:00
5820445.988615117,0.0,83.0,,1.4,,0.094014,,,2025-05-01 21:05:00
5820446.988743992,0.0,81.0,,1.4,,0.042147,,,2025-05-01 21:10:00
5820447.988872867,0.0,81.0,,1.4,,0.053956,,,2025-05-01 21:15:00
5820448.989001743,0.0,84.0,,1.4,,0.061001,,,2025-05-01 21:20:00
5820449.989130618,0.0,83.0,,1.4,,0.064732,,,2025-05-01 21:25:00
5820450.989259494,0.0,83.0,,1.4,,0.040115,,,2025-05-01 21:30:00
5820451.989388368,0.0,81.0,,1.4,,0.057217,,,2025-05-01 21:35:00
5820452.989517244,0.0,81.0,,1.4,,0.061681,,,2025-05-01 21:40:00
5820453.989646119,0.0,86.0,,1.4,,0.06485,,,2025-05-01 21:45:00
5820454.989774995,0.0,93.0,,1.4,,0.051973,,,2025-05-01 21:50:00
5820455.989903869,0.0,100.0,,1.4,,0.06642,,,2025-05-01 21:55:00
5820456.990032745,0.0,106.0,,1.4,,0.068273,,,2025-05-01 22:00:00
5820457.99016162,0.0,108.0,,1.4,,0.068431,,,2025-05-01 22:05:00
5820458.990290496,0.0,112.0,,1.4,,0.081875,,,2025-05-01 22:10:00
5820459.99041937,0.0,118.0,,1.4,,0.076437,,,2025-05-01 22:15:00
5820460.990548246,0.0,119.0,,1.4,,0.08593,,,2025-05-01 22:20:00
5820461.990677121,0.0,123.0,,1.4,,0.09162,,,2025-05-01 22:25:00
5820462.990805997,0.0,128.0,,1.4,,0.094102,,,2025-05-01 22:30:00
5820463.990934872,0.0,132.0,,1.4,,0.102286,,,2025-05-01 22:35:00
5820464.991063747,0.0,137.0,,1.4,,0.096628,,,2025-05-01 22:40:00
5820465.991192622,0.0,146.0,,1.4,,0.098247,,,2025-05-01 22:45:00
5820466.991321498,0.0,157.0,,1.4,,0.098032,,,2025-05-01 22:50:00
5820467.991450373,0.0,153.0,,1.4,,0.104348,,,2025-05-01 22:55:00
5820468.991579248,0.0,150.0,,1.4,,0.101764,,,2025-05-01 23:00:00
5820469.991708123,0.0,149.0,,1.4,,0.090938,,,2025-05-01 23:05:00
5820470.991836999,0.0,152.0,,1.4,,0.110012,,,2025-05-01 23:10:00
5820471.991965874,0.0,150.0,,1.4,,0.120956,,,2025-05-01 23:15:00
5820472.992094749,0.0,147.0,,1.4,,0.111999,,,2025-05-01 23:20:00
5820473.992223624,0.0,150.0,,1.4,,0.046032,,,2025-05-01 23:25:00
5820474.9923525,0.0,153.0,,1.4,,0.05722,,,2025-05-01 23:30:00
5820475.992481375,0.0,154.0,,1.4,,0.056262,,,2025-05-01 23:35:00
5820476.99261025,0.0,155.0,,1.4,,0.057997,,,2025-05-01 23:40:00
5820477.992739125,0.0,155.0,,1.4,,0.058756,,,2025-05-01 23:45:00
5820478.992868001,0.0,154.0,,1.4,,0.061189,,,2025-05-01 23:50:00
5820479.992996876,1.0,,109.0,1.4,,0.062517,,,2025-05-01 23:55:00
5820480.993125752,1.0,,,1.4,,0.059143,,,2025-05-02 00:00:00
5820481.993254626,1.0,,,1.4,,0.070032,,,2025-05-02 00:05:00
5820482.993383502,0.0,111.0,109.0,1.4,,0.087282,,,2025-05-02 00:10:00
5820483.993512377,0.0,109.0,,1.4,,0.100665,,,2025-05-02 00:15:00
5820484.993641253,0.0,107.0,,1.4,,0.112097,,,2025-05-02 00:20:00
5820485.993770127,0.0,104.0,,1.4,,0.123107,,,2025-05-02 00:25:00
5820486.993899003,0.0,102.0,,1.4,,0.131595,,,2025-05-02 00:30:00
5820487.994027878,0.0,102.0,,1.4,,0.144237,,,2025-05-02 00:35:00
5820488.994156754,0.0,102.0,,1.4,,0.156092,,,2025-05-02 00:40:00
5820489.994285628,0.0,101.0,,1.4,,0.169277,,,2025-05-02 00:45:00
5820490.994414504,0.0,100.0,,1.4,,0.177073,,,2025-05-02 00:50:00
5820491.994543379,0.0,100.0,,1.4,,0.189889,,,2025-05-02 00:55:00
5820492.994672255,0.0,98.0,,1.4,,0.197159,,,2025-05-02 01:00:00
5820493.99480113,0.0,102.0,,1.4,,0.194581,,,2025-05-02 01:05:00
5820494.994930005,0.0,110.0,,1.4,,0.214369,,,2025-05-02 01:10:00
5820495.99505888,0.0,106.0,,1.4,,0.105937,,,2025-05-02 01:15:00
5820496.995187756,0.0,106.0,,1.4,,0.113291,,,2025-05-02 01:20:00
5820497.995316631,0.0,103.0,,1.4,,0.116114,,,2025-05-02 01:25:00
5820498.995445506,0.0,101.0,,1.4,,0.118871,,,2025-05-02 01:30:00
5820499.995574381,0.0,106.0,,1.4,,0.126749,,,2025-05-02 01:35:00
5820500.995703257,0.0,111.0,,1.4,,0.120164,,,2025-05-02 01:40:00
5820501.995832132,0.0,116.0,,1.4,,0.114318,,,2025-05-02 01:45:00
5820502.995961007,0.0,120.0,,1.4,,0.117901,,,2025-05-02 01:50:00
5820503.996089882,0.0,125.0,,1.4,,0.117276,,,2025-05-02 01:55:00
5820504.996218758,0.0,126.0,,1.4,,0.119524,,,2025-05-02 02:00:00
5820505.996347633,0.0,125.0,,1.4,,0.117617,,,2025-05-02 02:05:00
5820506.996476509,0.0,125.0,,1.4,,0.122545,,,2025-05-02 02:10:00
5820507.996605383,0.0,124.0,,1.4,,0.128485,,,2025-05-02 02:15:00
5820508.996734259,0.0,121.0,,1.4,,0.13167,,,2025-05-02 02:20:00
5820509.996863134,0.0,119.0,,1.4,,0.140547,,,2025-05-02 02:25:00
5820510.99699201,0.0,118.0,,1.4,,0.143246,,,2025-05-02 02:30:00
5820511.997120884,0.0,114.0,,1.4,,0.146298,,,2025-05-02 02:35:00
5820512.99724976,0.0,109.0,,1.4,,0.162862,,,2025-05-02 02:40:00
5820513.997378635,0.0,107.0,,1.4,,0.151992,,,2025-05-02 02:45:00
5820514.997507511,0.0,106.0,,1.4,,0.154579,,,2025-05-02 02:50:00
5820515.997636385,0.0,112.0,,1.4,,0.167022,,,2025-05-02 02:55:00
5820516.997765261,0.0,111.0,,1.4,,0.185116,,,2025-05-02 03:00:00
5820517.997894136,0.0,109.0,,1.4,,0.191442,,,2025-05-02 03:05:00
5820518.998023012,0.0,106.0,,1.4,,0.190097,,,2025-05-02 03:10:00
5820519.998151887,0.0,110.0,,1.4,,0.200063,,,2025-05-02 03:15:00
5820520.998280762,0.0,111.0,,1.4,,0.215463,,,2025-05-02 03:20:00
5820521.998409637,0.0,104.0,,1.4,,0.150117,,,2025-05-02 03:25:00
5820522.998538513,0.0,105.0,,1.4,,0.161996,,,2025-05-02 03:30:00
5820523.998667388,0.0,106.0,,1.4,,0.175078,,,2025-05-02 03:35:00
5820524.998796263,0.0,103.0,,1.4,,0.266582,,,2025-05-02 03:40:00
5820525.998925138,0.0,100.0,,1.4,,0.288661,,,2025-05-02 03:45:00
5820526.999054014,0.0,99.0,,1.4,,0.210932,,,2025-05-02 03:50:00
5820527.999182889,0.0,94.0,,1.4,,0.202668,,,2025-05-02 03:55:00
5820528.999311764,0.0,94.0,,1.4,,0.224784,,,2025-05-02 04:00:00
5820529.999440639,0.0,89.0,,1.4,,0.241116,,,2025-05-02 04:05:00
5820530.999569515,0.0,85.0,,1.4,,0.257853,,,2025-05-02 04:10:00
5820531.99969839,0.0,82.0,,1.4,,0.272711,,,2025-05-02 04:15:00
5820532.999827265,0.0,80.0,,1.4,,0.212871,,,2025-05-02 04:20:00
5820533.99995614,0.0,82.0,,1.4,,0.27054,,,2025-05-02 04:25:00
5820535.000085016,0.0,91.0,,1.4,,0.238005,,,2025-05-02 04:35:00
5820536.000213891,0.0,84.0,,1.4,,0.236572,,,2025-05-02 04:40:00
5820537.000342767,0.0,81.0,,1.4,,0.234679,,,2025-05-02 04:45:00
5820538.000471641,0.0,81.0,,1.4,,0.22941,,,2025-05-02 04:50:00
5820539.000600517,0.0,80.0,,1.4,,0.227502,,,2025-05-02 04:55:00
5820540.000729392,0.0,76.0,,1.4,,0.228021,,,2025-05-02 05:00:00
5820541.000858268,0.0,72.0,,1.4,,0.231895,,,2025-05-02 05:05:00
5820542.000987142,0.0,73.0,,1.4,,0.281368,,,2025-05-02 05:10:00
5820543.001116018,0.0,72.0,,1.4,,0.297312,,,2025-05-02 05:15:00
5820544.001244893,0.0,67.0,,1.4,,0.221313,,,2025-05-02 05:20:00
5820545.001373769,0.0,63.0,,1.4,,0.184758,,,2025-05-02 05:25:00
5820546.001502643,0.0,62.0,,0.0,,0.174472,,,2025-05-02 05:30:00
5820547.001631519,0.0,64.0,,0.0,,0.151173,,,2025-05-02 05:35:00
5820548.001760394,0.0,62.0,,0.0,,0.173031,,,2025-05-02 05:40:00
5820549.00188927,0.0,61.0,,0.0,,0.193215,,,2025-05-02 05:45:00
5820550.002018145,0.0,60.0,,0.0,,0.199091,,,2025-05-02 05:50:00
5820551.00214702,0.0,59.0,,0.0,,0.193109,,,2025-05-02 05:55:00
5820552.002275895,0.0,64.0,,0.0,,0.205221,,,2025-05-02 06:00:00
5820553.002404771,0.0,64.0,,0.0,,0.261148,,,2025-05-02 06:05:00
5820554.002533646,0.0,67.0,,1.4,,0.239884,,,2025-05-02 06:10:00
5820555.002662521,0.0,75.0,,1.4,,0.213782,,,2025-05-02 06:15:00
5820556.002791396,0.0,81.0,,1.4,,0.193303,,,2025-05-02 06:20:00
5820557.002920272,0.0,92.0,,1.4,,0.199025,,,2025-05-02 06:25:00
5820558.003049147,0.0,100.0,,1.4,,0.202887,,,2025-05-02 06:30:00
5820559.003178022,0.0,105.0,,1.4,,0.209431,,,2025-05-02 06:35:00
5820560.003306897,0.0,112.0,,1.4,,0.215069,,,2025-05-02 06:40:00
5820561.003435773,0.0,116.0,,1.4,,0.22406,,,2025-05-02 06:45:00
5820562.003564648,0.0,144.0,,1.4,,0.230842,,,2025-05-02 06:50:00
5820563.003693524,0.0,158.0,,1.4,,0.235812,,,2025-05-02 06:55:00
5820564.003822398,0.0,170.0,,1.4,,0.250618,,1.8,2025-05-02 07:00:00
5820565.003951274,0.0,180.0,,1.4,,0.247915,,,2025-05-02 07:05:00
5820566.004080149,0.0,185.0,,1.4,,0.250524,,,2025-05-02 07:10:00
5820567.004209025,0.0,187.0,,1.4,,0.255813,,,2025-05-02 07:15:00
5820568.004337899,0.0,190.0,,1.4,,0.260258,,,2025-05-02 07:20:00
5820569.004466775,0.0,190.0,,1.4,,0.268156,,,2025-05-02 07:25:00
5820570.00459565,0.0,189.0,,1.4,,0.26193,,,2025-05-02 07:30:00
5820571.004724526,0.0,187.0,,1.4,,0.271133,,,2025-05-02 07:35:00
5820572.0048534,0.0,191.0,,1.4,,0.268816,,,2025-05-02 07:40:00
5820573.004982276,0.0,185.0,,1.4,,0.282644,,,2025-05-02 07:45:00
5820574.005111151,0.0,185.0,,1.4,,0.286972,,,2025-05-02 07:50:00
5820575.005240027,0.0,183.0,,1.4,,0.288508,,,2025-05-02 07:55:00
5820576.005368902,0.0,173.0,,1.4,,0.307922,,,2025-05-02 08:00:00
5820577.005497777,0.0,167.0,,1.4,,0.319232,,,2025-05-02 08:05:00
5820578.005626652,0.0,166.0,,1.4,,0.350762,,,2025-05-02 08:10:00
5820579.005755528,0.0,159.0,,1.4,,0.541902,,,2025-05-02 08:15:00
5820580.005884403,0.0,156.0,,1.4,,0.531842,,,2025-05-02 08:20:00
5820581.006013278,0.0,150.0,,1.4,,0.583842,,,2025-05-02 08:25:00
5820582.006142153,0.0,144.0,,1.4,,0.491957,,,2025-05-02 08:30:00
5820583.006271029,0.0,146.0,,1.4,,0.4368,,,2025-05-02 08:35:00
5820584.006399904,0.0,150.0,,1.4,,0.376746,,,2025-05-02 08:40:00
5820585.006528779,0.0,149.0,,1.4,,0.359578,,,2025-05-02 08:45:00
5820586.006657654,0.0,147.0,,1.4,,0.367252,,,2025-05-02 08:50:00
5820587.00678653,0.0,141.0,,1.4,,0.376414,,,2025-05-02 08:55:00
5820588.006915405,0.0,135.0,,1.4,,0.375136,,,2025-05-02 09:00:00
5820589.00704428,0.0,130.0,,1.4,,0.378433,,,2025-05-02 09:05:00
5820590.007173155,0.0,126.0,,1.4,,0.379666,,,2025-05-02 09:10:00
5820591.007302031,0.0,122.0,,1.4,,0.381051,,,2025-05-02 09:15:00
5820592.007430906,0.0,119.0,,1.4,,0.39451,,,2025-05-02 09:20:00
5820593.007559782,0.0,117.0,,1.4,,0.405905,,,2025-05-02 09:25:00
5820594.007688656,0.0,109.0,,1.4,,0.414471,,,2025-05-02 09:30:00
5820595.007817532,0.0,106.0,,1.4,,0.421514,,,2025-05-02 09:35:00
5820596.007946407,0.0,104.0,,1.4,,0.428113,,,2025-05-02 09:40:00
5820597.008075283,0.0,101.0,,1.4,,0.434478,,,2025-05-02 09:45:00
5820598.008204157,0.0,98.0,,1.4,,0.442249,,,2025-05-02 09:50:00
5820599.008333033,0.0,96.0,,1.4,,0.472499,,,2025-05-02 09:55:00
5820600.008461908,0.0,94.0,,1.4,,0.473407,,,2025-05-02 10:00:00
5820601.008590784,0.0,91.0,,1.4,,0.480573,,,2025-05-02 10:05:00
5820602.0087196585,0.0,86.0,,1.4,,0.486499,,,2025-05-02 10:10:00
5820603.008848534,0.0,83.0,,1.4,,0.496767,,,2025-05-02 10:15:00
5820604.008977409,0.0,81.0,,1.4,,0.487358,,,2025-05-02 10:20:00
5820605.009106285,0.0,81.0,,1.4,,0.491439,,,2025-05-02 10:25:00
5820606.00923516,0.0,80.0,,1.4,,0.465222,,,2025-05-02 10:30:00
5820607.009364035,0.0,80.0,,1.4,,0.462342,,,2025-05-02 10:35:00
5820608.0094929105,0.0,82.0,,1.4,,0.456828,,,2025-05-02 10:40:00
5820609.009621786,0.0,83.0,,1.4,,0.459028,,,2025-05-02 10:45:00
5820610.009750661,0.0,80.0,,1.4,,0.449225,,,2025-05-02 10:50:00
5820611.009879536,0.0,77.0,,1.4,,0.446786,,,2025-05-02 10:55:00
5820612.0100084115,0.0,77.0,,1.4,,0.44856,,,2025-05-02 11:00:00
5820613.010137287,0.0,77.0,,1.4,,0.432431,,,2025-05-02 11:05:00
5820614.010266162,0.0,78.0,,1.4,,0.388398,,,2025-05-02 11:10:00
5820615.010395037,0.0,80.0,,1.4,,0.338502,,,2025-05-02 11:15:00
5820616.0105239125,0.0,79.0,,1.4,,0.317872,,,2025-05-02 11:20:00
5820617.010652788,0.0,78.0,,1.4,,0.32109,,,2025-05-02 11:25:00
5820618.0107816635,0.0,77.0,,1.4,,0.32702,,,2025-05-02 11:30:00
5820619.010910539,0.0,77.0,,1.4,,0.315911,,,2025-05-02 11:35:00
5820620.0110394135,0.0,78.0,,1.4,,0.31464,,,2025-05-02 11:40:00
5820621.011168289,0.0,78.0,,1.4,,0.268854,,,2025-05-02 11:45:00
5820622.0112971645,0.0,82.0,,1.4,,0.245629,,,2025-05-02 11:50:00
5820623.01142604,0.0,82.0,,1.4,,0.243037,,,2025-05-02 11:55:00
5820624.0115549145,0.0,83.0,,1.4,,0.257218,,,2025-05-02 12:00:00
5820625.01168379,1.0,,,1.4,,0.261254,,,2025-05-02 12:05:00
5820626.0118126655,1.0,,,1.4,,0.2503,,,2025-05-02 12:10:00
5820627.011941541,1.0,,,1.4,,0.262003,,,2025-05-02 12:15:00
5820628.012070416,1.0,,,1.4,,0.252541,75.0,,2025-05-02 12:20:00
5820629.012199291,1.0,,,1.4,,0.237468,,,2025-05-02 12:25:00
5820630.0123281665,1.0,,,1.4,,0.19911,,,2025-05-02 12:30:00
5820631.012457042,1.0,,,1.4,,0.205461,,,2025-05-02 12:35:00
5820632.0125859175,1.0,,,1.4,,0.214445,,,2025-05-02 12:40:00
5820633.012714792,1.0,,,1.4,,0.216208,,,2025-05-02 12:45:00
5820634.0128436675,1.0,,,1.4,,0.215383,,,2025-05-02 12:50:00
5820635.012972543,1.0,,,1.4,,0.2044,,,2025-05-02 12:55:00
5820636.0131014185,1.0,,,1.4,,0.193935,,,2025-05-02 13:00:00
5820637.013230293,1.0,,,1.4,,0.193277,,,2025-05-02 13:05:00
5820638.013359169,1.0,,,1.4,,0.0,,,2025-05-02 13:10:00
5820639.013488044,1.0,,54.0,1.4,,,,,2025-05-02 13:15:00
5820640.0136169195,1.0,,,1.4,,,,,2025-05-02 13:20:00
5820641.013745794,0.0,56.0,54.0,1.4,,,,,2025-05-02 13:25:00
5820642.01387467,0.0,56.0,,1.4,,,,,2025-05-02 13:30:00
5820643.014003545,0.0,59.0,,1.4,,,,,2025-05-02 13:35:00
5820644.0141324205,0.0,58.0,,1.4,,,,,2025-05-02 13:40:00
5820645.014261295,0.0,59.0,,1.4,,,,,2025-05-02 13:45:00
5820646.014390171,0.0,60.0,,1.4,,,,,2025-05-02 13:50:00
5820647.014519046,0.0,57.0,,1.4,,,,,2025-05-02 13:55:00
5820648.014647922,0.0,57.0,,1.4,,,,,2025-05-02 14:00:00
5820649.014776797,0.0,63.0,,1.4,,,,,2025-05-02 14:05:00
5820650.014905672,0.0,77.0,,1.4,,,,,2025-05-02 14:10:00
5820651.015034547,0.0,81.0,,1.4,,,,,2025-05-02 14:15:00
5820652.015163423,0.0,95.0,,1.4,,,,,2025-05-02 14:20:00
5820653.015292298,0.0,107.0,,1.4,,,,,2025-05-02 14:25:00
5820654.015421173,0.0,121.0,,1.4,,,,7.1,2025-05-02 14:30:00
5820655.015550048,0.0,136.0,,1.4,,,,,2025-05-02 14:35:00
5820656.015678924,0.0,151.0,,1.4,,,,,2025-05-02 14:40:00
5820657.015807799,0.0,164.0,,1.4,,,,,2025-05-02 14:45:00
5820658.015936674,0.0,176.0,,1.4,,,,,2025-05-02 14:50:00
5820659.016065549,0.0,190.0,,1.4,,,,,2025-05-02 14:55:00
5820660.016194425,0.0,201.0,,1.4,,,,,2025-05-02 15:00:00
5820661.0163233,0.0,209.0,,1.4,,,,,2025-05-02 15:05:00
5820662.016452176,0.0,215.0,,1.4,,,,,2025-05-02 15:10:00
5820663.01658105,0.0,220.0,,1.4,,,,,2025-05-02 15:15:00
5820664.016709926,0.0,223.0,,1.4,,,,,2025-05-02 15:20:00
5820665.016838801,0.0,224.0,,1.4,,,,,2025-05-02 15:25:00
5820666.016967677,0.0,228.0,,1.4,,,,,2025-05-02 15:30:00
5820667.017096551,0.0,233.0,,1.4,,,,,2025-05-02 15:35:00
5820668.017225427,0.0,239.0,,1.4,,,,,2025-05-02 15:40:00
5820669.017354302,0.0,245.0,,1.4,,,,,2025-05-02 15:45:00
5820670.017483178,0.0,249.0,,1.4,,,,,2025-05-02 15:50:00
5820671.017612052,0.0,250.0,,1.4,,,,3.3,2025-05-02 15:55:00
5820672.017740928,0.0,251.0,,1.4,,,,,2025-05-02 16:00:00
5820673.017869803,0.0,252.0,,1.4,,,,,2025-05-02 16:05:00
5820674.017998679,0.0,253.0,,1.4,,,,,2025-05-02 16:10:00
5820675.018127554,0.0,255.0,,1.4,,,,,2025-05-02 16:15:00
5820676.018256429,0.0,256.0,,1.4,,,,,2025-05-02 16:20:00
5820677.018385304,0.0,258.0,,1.4,,,,,2025-05-02 16:25:00
5820678.01851418,0.0,252.0,,1.4,,,,,2025-05-02 16:30:00
5820679.018643055,0.0,249.0,,1.4,,,,,2025-05-02 16:35:00
5820680.01877193,0.0,250.0,,1.4,,,,,2025-05-02 16:40:00
5820681.018900805,0.0,252.0,,1.4,,,,,2025-05-02 16:45:00
5820682.019029681,0.0,253.0,,1.4,,,,,2025-05-02 16:50:00
5820683.019158556,0.0,254.0,,1.4,,,,,2025-05-02 16:55:00
5820684.019287431,0.0,256.0,,1.4,,,,4.0,2025-05-02 17:00:00
5820685.019416306,0.0,250.0,,1.4,,,,,2025-05-02 17:05:00
5820686.019545182,0.0,242.0,,1.4,,,,,2025-05-02 17:10:00
5820687.019674057,0.0,236.0,,1.4,,,,,2025-05-02 17:15:00
5820688.019802933,0.0,230.0,,1.4,,,,,2025-05-02 17:20:00
5820689.019931807,0.0,223.0,,1.4,,,,,2025-05-02 17:25:00
5820690.020060683,0.0,220.0,,1.4,,,,,2025-05-02 17:30:00
5820691.020189558,0.0,214.0,,1.4,,,,,2025-05-02 17:35:00
5820692.020318434,0.0,210.0,,1.4,,,,,2025-05-02 17:40:00
5820693.020447308,0.0,207.0,,1.4,,,,,2025-05-02 17:45:00
5820694.020576184,0.0,204.0,,1.4,,,,,2025-05-02 17:50:00
5820695.020705059,0.0,200.0,,1.4,,,,,2025-05-02 17:55:00
5820696.020833935,0.0,197.0,,1.4,,,,,2025-05-02 18:00:00
5820697.020962809,0.0,192.0,,1.4,,,,2.2,2025-05-02 18:05:00
5820698.021091685,0.0,187.0,,1.4,,,,,2025-05-02 18:10:00
5820699.02122056,0.0,179.0,,1.4,,,,,2025-05-02 18:15:00
5820700.021349436,0.0,172.0,,1.4,,,45.0,,2025-05-02 18:20:00
5820701.02147831,0.0,167.0,,1.4,,,,,2025-05-02 18:25:00
5820702.021607186,0.0,161.0,,1.4,,,,,2025-05-02 18:30:00
5820703.021736061,0.0,154.0,,1.4,,,,,2025-05-02 18:35:00
5820704.021864937,0.0,148.0,,1.4,,,,,2025-05-02 18:40:00
5820705.021993812,0.0,143.0,,1.4,,,,,2025-05-02 18:45:00
5820706.022122687,0.0,142.0,,1.4,,,,,2025-05-02 18:50:00
5820707.022251562,0.0,141.0,,1.4,,,,5.2,2025-05-02 18:55:00
5820708.022380438,0.0,138.0,,1.4,,,,,2025-05-02 19:00:00
5820709.022509313,0.0,133.0,,1.4,,,,,2025-05-02 19:05:00
5820710.022638188,0.0,129.0,,1.4,,,,,2025-05-02 19:10:00
5820711.022767063,0.0,125.0,,1.4,,,,,2025-05-02 19:15:00
5820712.022895939,0.0,120.0,,1.4,,,,,2025-05-02 19:20:00
5820713.023024814,0.0,112.0,,1.4,,,,,2025-05-02 19:25:00
5820714.023153689,0.0,104.0,,1.4,,,,,2025-05-02 19:30:00
5820715.023282564,0.0,97.0,,1.4,,,,,2025-05-02 19:35:00
5820716.02341144,0.0,92.0,,1.4,,,,,2025-05-02 19:40:00
5820717.023540315,0.0,88.0,,1.4,,,,,2025-05-02 19:45:00
5820718.023669191,0.0,80.0,,1.4,,,,,2025-05-02 19:50:00
5820719.023798065,0.0,71.0,,1.4,,,,,2025-05-02 19:55:00
5820720.023926941,0.0,66.0,,1.4,,,,,2025-05-02 20:00:00
5820721.024055816,0.0,61.0,,1.4,,,,,2025-05-02 20:05:00
5820722.024184692,0.0,55.0,,1.4,,,,,2025-05-02 20:10:00
5820723.024313566,0.0,51.0,,1.4,,,,,2025-05-02 20:15:00
5820724.024442442,0.0,50.0,,1.4,,,,,2025-05-02 20:20:00
5820725.024571317,0.0,51.0,,1.4,,,,,2025-05-02 20:25:00
5820726.024700193,0.0,54.0,,1.4,,,,,2025-05-02 20:30:00
5820727.024829067,0.0,58.0,,1.4,,,,,2025-05-02 20:35:00
5820728.024957943,0.0,65.0,,1.4,,,,,2025-05-02 20:40:00
5820729.025086818,0.0,74.0,,1.4,,,,,2025-05-02 20:45:00
5820730.025215694,0.0,80.0,,1.4,,,,,2025-05-02 20:50:00
5820731.025344569,0.0,82.0,,1.4,,,,,2025-05-02 20:55:00
5820732.025473444,0.0,86.0,,1.4,,,,,2025-05-02 21:00:00
5820733.025602319,0.0,89.0,,1.4,,,,,2025-05-02 21:05:00
5820734.025731195,0.0,92.0,,1.4,,,,2.3,2025-05-02 21:10:00
5820735.02586007,0.0,95.0,,1.4,,,,,2025-05-02 21:15:00
5820736.025988945,0.0,100.0,,1.4,,,,,2025-05-02 21:20:00
5820737.02611782,0.0,101.0,,1.4,,,,,2025-05-02 21:25:00
5820738.026246696,0.0,101.0,,1.4,,,,,2025-05-02 21:30:00
5820739.026375571,0.0,102.0,,1.4,,,,,2025-05-02 21:35:00
5820740.026504446,0.0,104.0,,1.4,,,,2.5,2025-05-02 21:40:00
5820741.026633321,0.0,106.0,,1.4,,,,,2025-05-02 21:45:00
5820742.026762197,0.0,110.0,,1.4,,,,,2025-05-02 21:50:00
5820743.026891072,0.0,116.0,,1.4,,,,,2025-05-02 21:55:00
5820744.027019948,0.0,122.0,,1.4,,,,,2025-05-02 22:00:00
5820745.027148822,0.0,126.0,,1.4,,,,,2025-05-02 22:05:00
5820746.027277698,0.0,130.0,,1.4,,,,,2025-05-02 22:10:00
5820747.027406573,0.0,128.0,,1.4,,,,,2025-05-02 22:15:00
5820748.027535449,0.0,123.0,,1.4,,,,,2025-05-02 22:20:00
5820749.027664323,0.0,121.0,,1.4,,,,,2025-05-02 22:25:00
5820750.027793199,0.0,121.0,,1.4,,,,,2025-05-02 22:30:00
5820751.027922074,0.0,122.0,,1.4,,,,,2025-05-02 22:35:00
5820752.02805095,0.0,123.0,,1.4,,,,,2025-05-02 22:40:00
5820753.028179824,0.0,126.0,,1.4,,,,,2025-05-02 22:45:00
5820754.0283087,0.0,129.0,,1.4,,,,,2025-05-02 22:50:00
5820755.028437575,0.0,132.0,,1.4,,,,,2025-05-02 22:55:00
5820756.028566451,0.0,132.0,,1.4,,,,,2025-05-02 23:00:00
5820757.028695325,0.0,130.0,,1.4,,,,,2025-05-02 23:05:00
5820758.028824201,0.0,130.0,,1.4,,,,,2025-05-02 23:10:00
5820759.028953076,0.0,128.0,,1.4,,,,,2025-05-02 23:15:00
5820760.029081952,0.0,127.0,,1.4,,,,,2025-05-02 23:20:00
5820761.029210827,0.0,126.0,,1.4,,,,,2025-05-02 23:25:00
5820762.029339702,0.0,125.0,,1.4,,,,,2025-05-02 23:30:00
5820763.029468577,0.0,127.0,,1.4,,,,,2025-05-02 23:35:00
5820764.029597453,0.0,129.0,,1.4,,,,,2025-05-02 23:40:00
5820765.029726328,0.0,131.0,,1.4,,,,,2025-05-02 23:45:00
5820766.029855203,0.0,133.0,,1.4,,,,,2025-05-02 23:50:00
5820767.029984078,0.0,134.0,,1.4,,,,,2025-05-02 23:55:00
5820768.030112954,0.0,137.0,,1.4,,,,,2025-05-03 00:00:00
5820769.030241829,0.0,140.0,,1.4,,,,,2025-05-03 00:05:00
5820770.030370704,0.0,144.0,,1.4,,,,,2025-05-03 00:10:00
5820771.030499579,0.0,146.0,,1.4,,,,,2025-05-03 00:15:00
5820772.030628455,0.0,148.0,,1.4,,,,,2025-05-03 00:20:00
5820773.03075733,0.0,151.0,,1.4,,,,,2025-05-03 00:25:00
5820774.030886206,0.0,152.0,,1.4,,,,,2025-05-03 00:30:00
5820775.03101508,0.0,153.0,,1.4,,,,,2025-05-03 00:35:00
5820776.031143956,0.0,154.0,,1.4,,,,,2025-05-03 00:40:00
5820777.031272831,0.0,156.0,,1.4,,,,,2025-05-03 00:45:00
5820778.031401707,0.0,166.0,261.0,1.4,,,,2.6,2025-05-03 00:50:00
5820779.031530581,0.0,174.0,,1.4,,,,,2025-05-03 00:55:00
5820780.031659457,0.0,176.0,,1.4,,,,,2025-05-03 01:00:00
5820781.031788332,0.0,241.0,261.0,1.4,,,,,2025-05-03 01:05:00
5820782.031917208,0.0,238.0,,1.4,,,,,2025-05-03 01:10:00
5820783.032046082,0.0,232.0,,1.4,,,,,2025-05-03 01:15:00
5820784.032174958,0.0,231.0,,1.4,,,,,2025-05-03 01:20:00
5820785.032303833,0.0,230.0,,1.4,,,,,2025-05-03 01:25:00
5820786.032432709,0.0,230.0,,1.4,,,,,2025-05-03 01:30:00
5820787.032561584,0.0,229.0,,1.4,,,,,2025-05-03 01:35:00
5820788.032690459,0.0,228.0,,1.4,,,,,2025-05-03 01:40:00
5820789.032819334,0.0,227.0,,1.4,,,,,2025-05-03 01:45:00
5820790.03294821,0.0,225.0,,1.4,,,,,2025-05-03 01:50:00
5820791.033077085,0.0,224.0,,1.4,,,,,2025-05-03 01:55:00
5820792.03320596,0.0,223.0,,1.4,,,,0.7,2025-05-03 02:00:00
5820793.033334835,0.0,222.0,,1.4,,,,,2025-05-03 02:05:00
5820794.033463711,0.0,220.0,,1.4,,,,,2025-05-03 02:10:00
5820795.033592586,0.0,218.0,,1.4,,,,,2025-05-03 02:15:00
5820796.033721461,0.0,215.0,,1.4,,,,,2025-05-03 02:20:00
5820797.033850336,0.0,213.0,,1.4,,,,,2025-05-03 02:25:00
5820798.033979212,0.0,210.0,,1.4,,,,,2025-05-03 02:30:00
5820799.034108087,0.0,207.0,,1.4,,,,,2025-05-03 02:35:00
5820800.034236963,0.0,204.0,,1.4,,,,,2025-05-03 02:40:00
5820801.034365837,0.0,196.0,,1.4,,,,,2025-05-03 02:45:00
5820802.034494713,0.0,191.0,,1.4,,,,,2025-05-03 02:50:00
5820803.034623588,0.0,187.0,,1.4,,,,,2025-05-03 02:55:00
5820804.034752464,0.0,183.0,,1.4,,,,,2025-05-03 03:00:00
5820805.0348813385,0.0,189.0,,1.4,,,,,2025-05-03 03:05:00
5820806.035010214,0.0,201.0,,1.4,,,,,2025-05-03 03:10:00
5820807.035139089,0.0,198.0,,1.4,,,,,2025-05-03 03:15:00
5820808.035267965,0.0,195.0,,1.4,,,,,2025-05-03 03:20:00
5820809.0353968395,0.0,187.0,,1.4,,,,,2025-05-03 03:25:00
5820810.035525715,0.0,183.0,,1.4,,,,,2025-05-03 03:30:00
5820811.03565459,0.0,176.0,,1.4,,,,,2025-05-03 03:35:00
5820812.035783466,0.0,178.0,,1.4,,,,,2025-05-03 03:40:00
5820813.0359123405,0.0,188.0,,1.4,,,,,2025-05-03 03:45:00
5820814.036041216,0.0,193.0,,1.4,,,,,2025-05-03 03:50:00
5820815.0361700915,0.0,190.0,,1.4,,,,,2025-05-03 03:55:00
5820816.036298967,0.0,183.0,,1.4,,,,,2025-05-03 04:00:00
5820817.036427842,0.0,178.0,,1.4,,,,1.7,2025-05-03 04:05:00
5820818.036556717,0.0,176.0,,1.4,,,,,2025-05-03 04:10:00
5820819.0366855925,0.0,177.0,,1.4,,,,,2025-05-03 04:15:00
5820820.036814468,0.0,177.0,,1.4,,,,,2025-05-03 04:20:00
5820821.0369433435,0.0,178.0,,1.4,,,,,2025-05-03 04:25:00
5820822.037072218,0.0,178.0,,1.4,,,,,2025-05-03 04:30:00
5820823.0372010935,0.0,178.0,,1.4,,,,,2025-05-03 04:35:00
5820824.037329969,0.0,177.0,,1.4,,,,,2025-05-03 04:40:00
5820825.0374588445,0.0,176.0,,1.4,,,,,2025-05-03 04:45:00
5820826.037587719,0.0,175.0,,1.4,,,,,2025-05-03 04:50:00
5820827.0377165945,0.0,174.0,,1.4,,,,,2025-05-03 04:55:00
5820828.03784547,0.0,180.0,,1.4,,,,,2025-05-03 05:00:00
5820829.0379743455,0.0,188.0,,1.4,,,,,2025-05-03 05:05:00
5820830.038103221,0.0,182.0,,1.4,,,,2.3,2025-05-03 05:10:00
5820831.038232096,0.0,176.0,,1.4,,,,,2025-05-03 05:15:00
5820832.038360971,0.0,167.0,,1.4,,,,,2025-05-03 05:20:00
5820833.0384898465,0.0,160.0,,1.4,,,,,2025-05-03 05:25:00
5820834.038618722,0.0,153.0,,1.4,,,,,2025-05-03 05:30:00
5820835.038747597,0.0,147.0,,1.4,,,,,2025-05-03 05:35:00
5820836.038876472,0.0,144.0,,1.4,,,,,2025-05-03 05:40:00
5820837.0390053475,0.0,145.0,,1.4,,,,,2025-05-03 05:45:00
5820838.039134223,0.0,146.0,,1.4,,,,,2025-05-03 05:50:00
5820839.039263098,0.0,144.0,,1.4,,,,,2025-05-03 05:55:00
5820840.039391973,0.0,141.0,,1.4,,,,,2025-05-03 06:00:00
5820841.039520849,0.0,134.0,,1.4,,,,,2025-05-03 06:05:00
5820842.039649724,0.0,128.0,,1.4,,,,,2025-05-03 06:10:00
5820843.0397785995,0.0,118.0,,1.4,,,,,2025-05-03 06:15:00
5820844.039907474,0.0,108.0,,1.4,,,,,2025-05-03 06:20:00
5820845.04003635,0.0,102.0,,1.4,,,,,2025-05-03 06:25:00
5820846.040165225,0.0,95.0,,1.4,,,,,2025-05-03 06:30:00
5820847.0402941005,0.0,89.0,,1.4,,,,,2025-05-03 06:35:00
5820848.040422975,0.0,88.0,,1.4,,,,,2025-05-03 06:40:00
5820849.040551851,0.0,87.0,,1.4,,,,,2025-05-03 06:45:00
5820850.040680726,0.0,86.0,,1.4,,,,,2025-05-03 06:50:00
5820851.040809602,0.0,77.0,,1.4,,,,,2025-05-03 06:55:00
5820852.040938476,0.0,76.0,,1.4,,,,,2025-05-03 07:00:00
5820853.041067352,0.0,72.0,,1.4,,,20.0,,2025-05-03 07:05:00
5820854.041196227,0.0,69.0,,1.4,,,,,2025-05-03 07:10:00
5820855.041325103,0.0,68.0,,1.4,,,,,2025-05-03 07:15:00
5820856.041453978,0.0,66.0,,0.0,,,,,2025-05-03 07:20:00
5820857.041582853,0.0,68.0,,0.0,,,,,2025-05-03 07:25:00
5820858.041711728,0.0,73.0,,0.0,,,,,2025-05-03 07:30:00
5820859.041840604,0.0,78.0,,0.0,,,,,2025-05-03 07:35:00
5820860.041969479,0.0,81.0,,0.0,,,,,2025-05-03 07:40:00
5820861.042098354,0.0,85.0,,0.0,,,,,2025-05-03 07:45:00
5820862.042227229,0.0,93.0,,1.4,,,,,2025-05-03 07:50:00
5820863.042356105,0.0,99.0,,1.4,,,,,2025-05-03 07:55:00
5820864.04248498,0.0,102.0,,1.4,,,,,2025-05-03 08:00:00
5820865.042613855,0.0,99.0,,1.4,,,,,2025-05-03 08:05:00
5820866.04274273,0.0,94.0,,1.4,,,,,2025-05-03 08:10:00
5820867.042871606,0.0,92.0,,1.4,,,,,2025-05-03 08:15:00
5820868.043000481,0.0,90.0,,1.4,,,,,2025-05-03 08:20:00
5820869.043129356,0.0,88.0,,1.4,,,,,2025-05-03 08:25:00
5820870.043258231,0.0,86.0,,1.4,,,,,2025-05-03 08:30:00
5820871.043387107,0.0,86.0,,1.4,,,,,2025-05-03 08:35:00
5820872.043515982,0.0,85.0,,1.4,,,,,2025-05-03 08:40:00
5820873.043644858,0.0,83.0,,1.4,,,,,2025-05-03 08:45:00
5820874.043773732,0.0,83.0,,1.4,,,,,2025-05-03 08:50:00
5820875.043902608,0.0,83.0,,1.4,,,,,2025-05-03 08:55:00
5820876.044031483,0.0,83.0,,1.4,,,,,2025-05-03 09:00:00
5820877.044160359,0.0,85.0,,1.4,,,,,2025-05-03 09:05:00
5820878.044289233,0.0,87.0,,1.4,,,,,2025-05-03 09:10:00
5820879.044418109,0.0,88.0,,1.4,,,,,2025-05-03 09:15:00
5820880.044546984,0.0,89.0,,1.4,,,,,2025-05-03 09:20:00
5820881.04467586,0.0,91.0,,1.4,,,,,2025-05-03 09:25:00
5820882.044804734,0.0,92.0,,1.4,,,,,2025-05-03 09:30:00
5820883.04493361,0.0,92.0,,1.4,,,,,2025-05-03 09:35:00
5820884.045062485,0.0,98.0,,1.4,,,,,2025-05-03 09:40:00
5820885.045191361,0.0,103.0,,1.4,,,,,2025-05-03 09:45:00
5820886.045320236,0.0,100.0,,1.4,,,,,2025-05-03 09:50:00
5820887.045449111,0.0,99.0,,1.4,,,,,2025-05-03 09:55:00
5820888.045577986,0.0,98.0,,1.4,,,,,2025-05-03 10:00:00
5820889.045706862,0.0,95.0,,1.4,,,,,2025-05-03 10:05:00
5820890.045835737,0.0,95.0,,1.4,,,65.0,,2025-05-03 10:10:00
5820891.045964612,0.0,94.0,,1.4,,,,,2025-05-03 10:15:00
5820892.046093487,0.0,95.0,,1.4,,,,,2025-05-03 10:20:00
5820893.046222363,0.0,94.0,,1.4,,,,,2025-05-03 10:25:00
5820894.046351238,0.0,94.0,,1.4,,,,,2025-05-03 10:30:00
5820895.046480113,0.0,94.0,,1.4,,,,,2025-05-03 10:35:00
5820896.046608988,0.0,97.0,,1.4,,,,,2025-05-03 10:40:00
5820897.046737864,0.0,101.0,,1.4,,,,,2025-05-03 10:45:00
5820898.046866739,0.0,110.0,,1.4,,,,,2025-05-03 10:50:00
5820899.046995615,0.0,117.0,,1.4,,,,,2025-05-03 10:55:00
5820900.047124489,0.0,123.0,,1.4,,,,,2025-05-03 11:00:00
5820901.047253365,0.0,132.0,,1.4,,,,,2025-05-03 11:05:00
5820902.04738224,0.0,137.0,,1.4,,,,,2025-05-03 11:10:00
5820903.047511116,0.0,140.0,,1.4,,,,,2025-05-03 11:15:00
5820904.04763999,0.0,144.0,,1.4,,,,,2025-05-03 11:20:00
5820905.047768866,0.0,146.0,,1.4,,,,,2025-05-03 11:25:00
5820906.047897741,0.0,149.0,,1.4,,,,,2025-05-03 11:30:00
5820907.048026617,0.0,153.0,,1.4,,,,,2025-05-03 11:35:00
5820908.048155491,0.0,154.0,,1.4,,,,,2025-05-03 11:40:00
5820909.048284367,0.0,156.0,,1.4,,,,,2025-05-03 11:45:00
5820910.048413242,0.0,155.0,,1.4,,,,,2025-05-03 11:50:00
5820911.048542118,0.0,158.0,,1.4,,,,,2025-05-03 11:55:00
5820912.048670993,0.0,166.0,,1.4,,,,7.8,2025-05-03 12:00:00
5820913.048799868,0.0,174.0,,1.4,,,,,2025-05-03 12:05:00
5820914.048928743,0.0,177.0,,1.4,,,,,2025-05-03 12:10:00
5820915.049057619,0.0,188.0,,1.4,,,,,2025-05-03 12:15:00
5820916.049186494,0.0,196.0,,1.4,,,,,2025-05-03 12:20:00
5820917.049315369,0.0,199.0,,1.4,,,,,2025-05-03 12:25:00
5820918.049444244,0.0,208.0,,1.4,,,,,2025-05-03 12:30:00
5820919.04957312,0.0,216.0,,1.4,,,,,2025-05-03 12:35:00
5820920.049701995,0.0,226.0,,1.4,,,,,2025-05-03 12:40:00
5820921.04983087,0.0,235.0,,1.4,,,,,2025-05-03 12:45:00
5820922.049959745,1.0,,,1.4,,,,,2025-05-03 12:50:00
5820923.050088621,1.0,,,1.4,,,,,2025-05-03 12:55:00
5820924.050217496,1.0,,,1.4,,,,,2025-05-03 13:00:00
5820925.050346371,1.0,,,1.4,,,,,2025-05-03 13:05:00
5820926.050475246,1.0,,,1.4,,,,,2025-05-03 13:10:00
5820927.050604122,1.0,,,1.4,,,,,2025-05-03 13:15:00
5820928.050732997,1.0,,,1.4,,,,,2025-05-03 13:20:00
5820929.050861873,1.0,,,1.4,,,,,2025-05-03 13:25:00
5820930.050990747,1.0,,,1.4,,,,,2025-05-03 13:30:00
5820931.051119623,1.0,,,1.4,,,,,2025-05-03 13:35:00
5820932.051248498,1.0,,,1.4,,,,,2025-05-03 13:40:00
5820933.051377374,1.0,,,1.4,,,,,2025-05-03 13:45:00
5820934.051506248,1.0,,,1.4,,,,,2025-05-03 13:50:00
5820935.051635124,1.0,,,1.4,,,,,2025-05-03 13:55:00
5820936.051763999,1.0,,,1.4,,,,,2025-05-03 14:00:00
5820937.051892875,1.0,,,1.4,,,,,2025-05-03 14:05:00
5820938.052021749,1.0,,143.0,1.4,,,,0.6,2025-05-03 14:10:00
5820939.052150625,1.0,,,1.4,,,,,2025-05-03 14:15:00
5820940.0522795,0.0,136.0,143.0,1.4,,,,,2025-05-03 14:20:00
5820941.052408376,0.0,125.0,,1.4,,,,,2025-05-03 14:25:00
5820942.052537251,0.0,116.0,,1.4,,,,,2025-05-03 14:30:00
5820943.052666126,0.0,111.0,,1.4,,,,,2025-05-03 14:35:00
5820944.052795001,0.0,108.0,,1.4,,,,,2025-05-03 14:40:00
5820945.052923877,0.0,106.0,,1.4,,,,,2025-05-03 14:45:00
5820946.053052752,0.0,104.0,,1.4,,,,,2025-05-03 14:50:00
5820947.053181627,0.0,101.0,,1.4,,,,,2025-05-03 14:55:00
5820948.053310502,0.0,97.0,,1.4,,,,,2025-05-03 15:00:00
5820949.053439378,0.0,93.0,,1.4,,,,,2025-05-03 15:05:00
5820950.053568253,0.0,90.0,,1.4,,,40.0,,2025-05-03 15:10:00
5820951.053697128,0.0,86.0,,1.4,,,,,2025-05-03 15:15:00
5820952.053826003,0.0,84.0,,1.4,,,,,2025-05-03 15:20:00
5820953.053954879,0.0,80.0,,1.4,,,,,2025-05-03 15:25:00
5820954.054083754,0.0,81.0,,1.4,,,,,2025-05-03 15:30:00
5820955.05421263,0.0,82.0,,1.4,,,,,2025-05-03 15:35:00
5820956.054341504,0.0,82.0,,1.4,,,,,2025-05-03 15:40:00
5820957.05447038,0.0,81.0,,1.4,,,,,2025-05-03 15:45:00
5820958.054599255,0.0,81.0,,1.4,,,,,2025-05-03 15:50:00
5820959.054728131,0.0,85.0,,1.4,,,,,2025-05-03 15:55:00
5820960.054857005,0.0,92.0,,1.4,,,,,2025-05-03 16:00:00
5820961.054985881,0.0,99.0,,1.4,,,,,2025-05-03 16:05:00
5820962.055114756,0.0,109.0,,1.4,,,,,2025-05-03 16:10:00
5820963.055243632,0.0,118.0,,1.4,,,,,2025-05-03 16:15:00
5820964.055372506,0.0,128.0,,1.4,,,,,2025-05-03 16:20:00
5820965.055501382,0.0,143.0,,1.4,,,,,2025-05-03 16:25:00
5820966.055630257,0.0,153.0,,1.4,,,,,2025-05-03 16:30:00
5820967.055759133,0.0,163.0,,1.4,,,,,2025-05-03 16:35:00
5820968.055888008,0.0,174.0,,1.4,,,,,2025-05-03 16:40:00
5820969.056016883,0.0,183.0,,1.4,,,,,2025-05-03 16:45:00
5820970.056145758,0.0,187.0,,1.4,,,,,2025-05-03 16:50:00
5820971.056274634,0.0,187.0,,1.4,,,,,2025-05-03 16:55:00
5820972.056403509,0.0,185.0,,1.4,,,,1.9,2025-05-03 17:00:00
5820973.056532384,0.0,187.0,,1.4,,,,,2025-05-03 17:05:00
5820974.056661259,0.0,189.0,,1.4,,,,,2025-05-03 17:10:00
5820975.056790135,0.0,191.0,,1.4,,,,,2025-05-03 17:15:00
5820976.05691901,0.0,194.0,,1.4,,,,,2025-05-03 17:20:00
5820977.057047885,0.0,198.0,,1.4,,,,,2025-05-03 17:25:00
5820978.05717676,0.0,204.0,,1.4,,,,,2025-05-03 17:30:00
5820979.057305636,0.0,202.0,,1.4,,,,,2025-05-03 17:35:00
5820980.057434511,0.0,204.0,,1.4,,,,,2025-05-03 17:40:00
5820981.057563386,0.0,212.0,,1.4,,,,,2025-05-03 17:45:00
5820982.057692261,0.0,213.0,,1.4,,,,,2025-05-03 17:50:00
5820983.057821137,0.0,212.0,,1.4,,,,,2025-05-03 17:55:00
5820984.057950012,0.0,212.0,,1.4,,,,,2025-05-03 18:00:00
5820985.058078888,0.0,212.0,,1.4,,,,,2025-05-03 18:05:00
5820986.058207762,0.0,211.0,,1.4,,,,,2025-05-03 18:10:00
5820987.058336638,0.0,206.0,,1.4,,,,,2025-05-03 18:15:00
5820988.058465513,0.0,202.0,,1.4,,,,,2025-05-03 18:20:00
5820989.058594389,0.0,200.0,,1.4,,,,,2025-05-03 18:25:00
5820990.058723263,0.0,192.0,,1.4,,,,,2025-05-03 18:30:00
5820991.058852139,0.0,188.0,,1.4,,,,,2025-05-03 18:35:00
5820992.058981014,0.0,192.0,,1.4,,,,,2025-05-03 18:40:00
5820993.05910989,0.0,195.0,,1.4,,,80.0,,2025-05-03 18:45:00
5820994.059238764,0.0,209.0,,1.4,,,,10.5,2025-05-03 18:50:00
5820995.05936764,0.0,214.0,,1.4,,,,,2025-05-03 18:55:00
5820996.059496515,0.0,231.0,,1.4,,,,,2025-05-03 19:00:00
5820997.059625391,0.0,244.0,,1.4,,,,,2025-05-03 19:05:00
5820998.059754266,0.0,255.0,,1.4,,,,,2025-05-03 19:10:00
5820999.059883141,0.0,259.0,,1.4,,,,,2025-05-03 19:15:00
5821000.060012016,0.0,261.0,,1.4,,,,,2025-05-03 19:20:00
5821001.060140892,0.0,263.0,,1.4,,,,,2025-05-03 19:25:00
5821002.060269767,0.0,265.0,,1.4,,,,,2025-05-03 19:30:00
5821003.060398642,0.0,268.0,,1.4,,,,,2025-05-03 19:35:00
5821004.060527517,0.0,270.0,,1.4,,,,,2025-05-03 19:40:00
5821005.060656393,0.0,269.0,,1.4,,,,,2025-05-03 19:45:00
5821006.060785268,0.0,264.0,,1.4,,,,,2025-05-03 19:50:00
5821007.060914143,0.0,262.0,,1.4,,,,,2025-05-03 19:55:00
5821008.0610430185,0.0,258.0,,1.4,,,,,2025-05-03 20:00:00
5821009.061171894,0.0,255.0,,1.4,,,,,2025-05-03 20:05:00
5821010.061300769,0.0,239.0,,1.4,,,,,2025-05-03 20:10:00
5821011.061429645,0.0,226.0,,1.4,,,,,2025-05-03 20:15:00
5821012.0615585195,0.0,219.0,,1.4,,,,,2025-05-03 20:20:00
5821013.061687395,0.0,214.0,,1.4,,,,,2025-05-03 20:25:00
5821014.06181627,0.0,209.0,,1.4,,,,,2025-05-03 20:30:00
5821015.061945146,0.0,215.0,,1.4,,,,,2025-05-03 20:35:00
5821016.0620740205,0.0,217.0,,1.4,,,8.0,2.5,2025-05-03 20:40:00
5821017.062202896,0.0,213.0,,1.4,,,,,2025-05-03 20:45:00
5821018.0623317715,0.0,207.0,,1.4,,,,,2025-05-03 20:50:00
5821019.062460647,0.0,200.0,,1.4,,,,,2025-05-03 20:55:00
5821020.0625895215,0.0,196.0,,1.4,,,,,2025-05-03 21:00:00
5821021.062718397,0.0,193.0,,1.4,,,,,2025-05-03 21:05:00
5821022.0628472725,0.0,189.0,,1.4,,,,,2025-05-03 21:10:00
5821023.062976148,0.0,185.0,,1.4,,,,,2025-05-03 21:15:00
5821024.0631050235,0.0,183.0,,1.4,,,,,2025-05-03 21:20:00
5821025.063233898,0.0,180.0,,1.4,,,,,2025-05-03 21:25:00
5821026.0633627735,0.0,177.0,,1.4,,,,,2025-05-03 21:30:00
5821027.063491649,0.0,166.0,,1.4,,,,,2025-05-03 21:35:00
5821028.0636205245,0.0,158.0,,1.4,,,,,2025-05-03 21:40:00
5821029.063749399,0.0,157.0,,1.4,,,,,2025-05-03 21:45:00
5821030.0638782745,0.0,147.0,,1.4,,,,,2025-05-03 21:50:00
5821031.06400715,0.0,139.0,,1.4,,,,,2025-05-03 21:55:00
5821032.0641360255,0.0,139.0,,1.4,,,,,2025-05-03 22:00:00
5821033.0642649,0.0,135.0,,1.4,,,,,2025-05-03 22:05:00
5821034.064393776,0.0,131.0,,1.4,,,,,2025-05-03 22:10:00
5821035.064522651,0.0,128.0,,1.4,,,,,2025-05-03 22:15:00
5821036.0646515265,0.0,122.0,,1.4,,,,,2025-05-03 22:20:00
5821037.064780401,0.0,118.0,,1.4,,,,,2025-05-03 22:25:00
5821038.064909277,0.0,112.0,,1.4,,,,,2025-05-03 22:30:00
5821039.065038152,0.0,107.0,,1.4,,,,,2025-05-03 22:35:00
5821040.0651670275,0.0,104.0,,1.4,,,,,2025-05-03 22:40:00
5821041.065295903,0.0,100.0,,1.4,,,,,2025-05-03 22:45:00
5821042.065424778,0.0,95.0,,1.4,,,,,2025-05-03 22:50:00
5821043.065553653,0.0,93.0,,1.4,,,,,2025-05-03 22:55:00
5821044.065682529,0.0,94.0,,1.4,,,,,2025-05-03 23:00:00
5821045.065811404,0.0,93.0,,1.4,,,,,2025-05-03 23:05:00
5821046.065940279,0.0,93.0,,1.4,,,,,2025-05-03 23:10:00
5821047.066069154,0.0,93.0,,1.4,,,,,2025-05-03 23:15:00
5821048.06619803,0.0,95.0,,1.4,,,,,2025-05-03 23:20:00
5821049.066326905,0.0,96.0,,1.4,,,,,2025-05-03 23:25:00
5821050.06645578,0.0,100.0,,1.4,,,,,2025-05-03 23:30:00
5821051.066584655,0.0,106.0,,1.4,,,,,2025-05-03 23:35:00
5821052.066713531,0.0,112.0,,1.4,,,,,2025-05-03 23:40:00
5821053.066842406,0.0,114.0,,1.4,,,,,2025-05-03 23:45:00
5821054.066971282,0.0,117.0,,1.4,,,,,2025-05-03 23:50:00
5821055.067100156,0.0,121.0,,1.4,,,,,2025-05-03 23:55:00
5821056.067229032,0.0,123.0,,1.3,,,,,2025-05-04 00:00:00
5821057.067357907,0.0,123.0,,1.3,,,,,2025-05-04 00:05:00
5821058.067486783,0.0,124.0,,1.3,,,,,2025-05-04 00:10:00
5821059.067615657,0.0,128.0,,1.3,,,,,2025-05-04 00:15:00
5821060.067744533,0.0,140.0,,1.3,,,,,2025-05-04 00:20:00
5821061.067873408,0.0,142.0,,1.3,,,,,2025-05-04 00:25:00
5821062.068002284,0.0,141.0,,1.3,,,,,2025-05-04 00:30:00
5821063.068131158,0.0,135.0,,1.3,,,,,2025-05-04 00:35:00
5821064.068260034,0.0,131.0,,1.3,,,,,2025-05-04 00:40:00
5821065.068388909,0.0,129.0,,1.3,,,,,2025-05-04 00:45:00
5821066.068517785,0.0,129.0,,1.3,,,,,2025-05-04 00:50:00
5821067.06864666,0.0,129.0,,1.3,,,,,2025-05-04 00:55:00
5821068.068775535,0.0,127.0,,1.3,,,,,2025-05-04 01:00:00
5821069.06890441,0.0,124.0,,1.3,,,,,2025-05-04 01:05:00
5821070.069033286,0.0,124.0,,1.3,,,,,2025-05-04 01:10:00
5821071.069162161,0.0,126.0,,1.3,,,,,2025-05-04 01:15:00
5821072.069291036,0.0,126.0,,1.3,,,,,2025-05-04 01:20:00
5821073.069419911,0.0,127.0,,1.3,,,,,2025-05-04 01:25:00
5821074.069548787,0.0,126.0,,1.3,,,,,2025-05-04 01:30:00
5821075.069677662,0.0,126.0,,1.3,,,,,2025-05-04 01:35:00
5821076.069806537,0.0,127.0,,1.3,,,,,2025-05-04 01:40:00
5821077.069935412,0.0,128.0,,1.3,,,,,2025-05-04 01:45:00
5821078.070064288,0.0,125.0,,1.3,,,,,2025-05-04 01:50:00
5821079.070193163,0.0,122.0,,1.3,,,,,2025-05-04 01:55:00
5821080.070322039,0.0,121.0,,1.3,,,,,2025-05-04 02:00:00
5821081.070450913,0.0,123.0,,1.3,,,,,2025-05-04 02:05:00
5821082.070579789,1.0,,79.0,1.3,,,,,2025-05-04 02:10:00
5821083.070708664,1.0,,,1.3,,,,,2025-05-04 02:15:00
5821084.07083754,1.0,,,1.3,,,,,2025-05-04 02:20:00
5821085.070966414,0.0,81.0,79.0,1.3,,,,,2025-05-04 02:25:00
5821086.07109529,0.0,79.0,,1.3,,,,,2025-05-04 02:30:00
5821087.071224165,0.0,78.0,,1.3,,,,,2025-05-04 02:35:00
5821088.071353041,0.0,77.0,,1.3,,,,,2025-05-04 02:40:00
5821089.071481915,0.0,80.0,,1.3,,,,,2025-05-04 02:45:00
5821090.071610791,0.0,81.0,,1.3,,,,,2025-05-04 02:50:00
5821091.071739666,0.0,82.0,,1.3,,,,,2025-05-04 02:55:00
5821092.071868542,0.0,83.0,,1.3,,,,,2025-05-04 03:00:00
5821093.071997416,0.0,83.0,,1.3,,,,,2025-05-04 03:05:00
5821094.072126292,0.0,84.0,,1.3,,,,,2025-05-04 03:10:00
5821095.072255167,0.0,85.0,,1.3,,,,,2025-05-04 03:15:00
5821096.072384043,0.0,86.0,,1.3,,,,,2025-05-04 03:20:00
5821097.072512918,0.0,88.0,,1.3,,,,,2025-05-04 03:25:00
5821098.072641793,0.0,90.0,,1.3,,,,,2025-05-04 03:30:00
5821099.072770668,0.0,91.0,,1.3,,,,,2025-05-04 03:35:00
5821100.072899544,0.0,91.0,,1.3,,,,,2025-05-04 03:40:00
5821101.073028419,0.0,92.0,,1.3,,,,,2025-05-04 03:45:00
5821102.073157294,0.0,91.0,,1.3,,,,,2025-05-04 03:50:00
5821103.073286169,0.0,91.0,,1.3,,,,,2025-05-04 03:55:00
5821104.073415045,0.0,93.0,,1.3,,,,,2025-05-04 04:00:00
5821105.07354392,0.0,95.0,,1.3,,,,,2025-05-04 04:05:00
5821106.073672795,0.0,93.0,,1.3,,,,,2025-05-04 04:10:00
5821107.07380167,0.0,91.0,,1.3,,,,,2025-05-04 04:15:00
5821108.073930546,0.0,90.0,,1.3,,,,,2025-05-04 04:20:00
5821109.074059421,0.0,90.0,,1.3,,,,,2025-05-04 04:25:00
5821110.074188297,0.0,89.0,,1.3,,,,,2025-05-04 04:30:00
5821111.074317171,0.0,89.0,,1.3,,,,,2025-05-04 04:35:00
5821112.074446047,0.0,90.0,,1.3,,,,,2025-05-04 04:40:00
5821113.074574922,0.0,90.0,,1.3,,,,,2025-05-04 04:45:00
5821114.074703798,0.0,92.0,,1.3,,,,,2025-05-04 04:50:00
5821115.074832672,0.0,94.0,,1.3,,,,,2025-05-04 04:55:00
5821116.074961548,0.0,96.0,,1.3,,,,,2025-05-04 05:00:00
5821117.075090423,0.0,96.0,,1.3,,,,,2025-05-04 05:05:00
5821118.075219299,0.0,93.0,,1.3,,,,,2025-05-04 05:10:00
5821119.075348173,0.0,96.0,,1.3,,,,,2025-05-04 05:15:00
5821120.075477049,0.0,98.0,,1.3,,,,,2025-05-04 05:20:00
5821121.075605924,0.0,97.0,,1.3,,,,,2025-05-04 05:25:00
5821122.0757348,0.0,97.0,,1.3,,,,,2025-05-04 05:30:00
5821123.075863675,0.0,95.0,,1.3,,,,,2025-05-04 05:35:00
5821124.07599255,0.0,91.0,,1.3,,,,,2025-05-04 05:40:00
5821125.076121425,0.0,92.0,,1.3,,,,,2025-05-04 05:45:00
5821126.076250301,0.0,95.0,,1.3,,,,,2025-05-04 05:50:00
5821127.076379176,0.0,94.0,,1.3,,,,,2025-05-04 05:55:00
5821128.076508051,0.0,93.0,,1.3,,,,,2025-05-04 06:00:00
5821129.076636926,0.0,94.0,,1.3,,,,,2025-05-04 06:05:00
5821130.076765802,0.0,92.0,,1.3,,,,,2025-05-04 06:10:00
5821131.076894677,0.0,91.0,,1.3,,,,,2025-05-04 06:15:00
5821132.077023552,0.0,90.0,,1.3,,,,,2025-05-04 06:20:00
5821133.077152427,0.0,90.0,,1.3,,,,,2025-05-04 06:25:00
5821134.077281303,0.0,90.0,,1.3,,,,,2025-05-04 06:30:00
5821135.077410178,0.0,90.0,,1.3,,,,,2025-05-04 06:35:00
5821136.077539054,0.0,93.0,,1.3,,,,,2025-05-04 06:40:00
5821137.077667928,0.0,94.0,,1.3,,,,,2025-05-04 06:45:00
5821138.077796804,0.0,94.0,,1.3,,,,,2025-05-04 06:50:00
5821139.077925679,0.0,94.0,,1.3,,,,,2025-05-04 06:55:00
5821140.078054555,0.0,94.0,,1.3,,,,,2025-05-04 07:00:00
5821141.078183429,0.0,93.0,,1.3,,,,,2025-05-04 07:05:00
5821142.078312305,0.0,91.0,,1.3,,,,,2025-05-04 07:10:00
5821143.07844118,0.0,90.0,,1.3,,,,,2025-05-04 07:15:00
5821144.078570056,0.0,88.0,,1.3,,,,,2025-05-04 07:20:00
5821145.07869893,0.0,86.0,,1.3,,,,,2025-05-04 07:25:00
5821146.078827806,0.0,85.0,,1.3,,,,,2025-05-04 07:30:00
5821147.078956681,0.0,85.0,,1.3,,,,,2025-05-04 07:35:00
5821148.079085557,0.0,86.0,,1.3,,,,,2025-05-04 07:40:00
5821149.079214431,0.0,85.0,,1.3,,,,,2025-05-04 07:45:00
5821150.079343307,0.0,84.0,,1.3,,,,,2025-05-04 07:50:00
5821151.079472182,0.0,84.0,,1.3,,,,,2025-05-04 07:55:00
5821152.079601058,0.0,84.0,,1.3,,,,,2025-05-04 08:00:00
5821153.079729933,0.0,83.0,,1.3,,,,,2025-05-04 08:05:00
5821154.079858808,0.0,82.0,,1.3,,,,,2025-05-04 08:10:00
5821155.079987683,0.0,81.0,,1.3,,,,,2025-05-04 08:15:00
5821156.080116559,0.0,82.0,,1.3,,,,,2025-05-04 08:20:00
5821157.080245434,0.0,84.0,,1.3,,,,,2025-05-04 08:25:00
5821158.080374309,0.0,85.0,,1.3,,,,,2025-05-04 08:30:00
5821159.080503184,0.0,83.0,,1.3,,,,,2025-05-04 08:35:00
5821160.08063206,0.0,83.0,,1.3,,,,,2025-05-04 08:40:00
5821161.080760935,0.0,82.0,,1.3,,,,,2025-05-04 08:45:00
5821162.08088981,0.0,84.0,,1.3,,,,,2025-05-04 08:50:00
5821163.081018685,0.0,84.0,,1.3,,,,,2025-05-04 08:55:00
5821164.081147561,0.0,80.0,,1.3,,,,,2025-05-04 09:00:00
5821165.081276436,0.0,79.0,,1.3,,,,,2025-05-04 09:05:00
5821166.081405312,0.0,78.0,,1.3,,,,,2025-05-04 09:10:00
5821167.081534186,0.0,77.0,,1.3,,,,,2025-05-04 09:15:00
5821168.081663062,0.0,76.0,,1.3,,,,,2025-05-04 09:20:00
5821169.081791937,0.0,74.0,,1.3,,,,,2025-05-04 09:25:00
5821170.081920813,0.0,73.0,,1.3,,,,,2025-05-04 09:30:00
5821171.082049687,0.0,72.0,,1.3,,,,,2025-05-04 09:35:00
5821172.082178563,0.0,70.0,,1.3,,,,,2025-05-04 09:40:00
5821173.082307438,0.0,69.0,,1.3,,,,,2025-05-04 09:45:00
5821174.082436314,0.0,69.0,,1.3,,,,,2025-05-04 09:50:00
5821175.082565188,0.0,68.0,,1.3,,,,,2025-05-04 09:55:00
5821176.082694064,0.0,68.0,,1.3,,,,,2025-05-04 10:00:00
5821177.082822939,0.0,68.0,,1.3,,,,,2025-05-04 10:05:00
5821178.082951815,0.0,67.0,,1.3,,,,,2025-05-04 10:10:00
5821179.08308069,0.0,67.0,,1.3,,,,,2025-05-04 10:15:00
5821180.083209565,0.0,67.0,,1.3,,,,,2025-05-04 10:20:00
5821181.08333844,0.0,66.0,,1.3,,,,,2025-05-04 10:25:00
5821182.083467316,0.0,65.0,,1.3,,,,,2025-05-04 10:30:00
5821183.083596191,0.0,63.0,,1.3,,,,,2025-05-04 10:35:00
5821184.083725066,0.0,62.0,,1.3,,,,,2025-05-04 10:40:00
5821185.083853941,0.0,61.0,,1.3,,,,,2025-05-04 10:45:00
5821186.083982817,0.0,61.0,,1.3,,,,,2025-05-04 10:50:00
5821187.084111692,0.0,60.0,,1.3,,,,,2025-05-04 10:55:00
5821188.084240567,0.0,59.0,,1.3,,,,,2025-05-04 11:00:00
5821189.084369442,0.0,61.0,,1.3,,,,,2025-05-04 11:05:00
5821190.084498318,0.0,62.0,,1.3,,,,,2025-05-04 11:10:00
5821191.084627193,0.0,61.0,,1.3,,,,,2025-05-04 11:15:00
5821192.084756069,0.0,62.0,,1.3,,,,,2025-05-04 11:20:00
5821193.084884943,0.0,63.0,,1.3,,,,,2025-05-04 11:25:00
5821194.085013819,0.0,61.0,,1.3,,,,,2025-05-04 11:30:00
5821195.085142694,0.0,59.0,,1.3,,,,,2025-05-04 11:35:00
5821196.08527157,0.0,58.0,,1.3,,,,,2025-05-04 11:40:00
5821197.085400444,0.0,59.0,,1.3,,,,,2025-05-04 11:45:00
5821198.08552932,0.0,60.0,,1.3,,,,,2025-05-04 11:50:00
5821199.085658195,0.0,60.0,,1.3,,,,,2025-05-04 11:55:00
5821200.085787071,0.0,60.0,,1.3,,,,,2025-05-04 12:00:00
5821201.0859159455,0.0,62.0,,1.3,,,,,2025-05-04 12:05:00
5821202.086044821,0.0,66.0,,1.3,,,,,2025-05-04 12:10:00
5821203.086173696,0.0,76.0,,1.3,,,,,2025-05-04 12:15:00
5821204.086302572,0.0,85.0,,1.3,,,,,2025-05-04 12:20:00
5821205.0864314465,0.0,97.0,,1.3,,,,,2025-05-04 12:25:00
5821206.086560322,0.0,107.0,,1.3,,,,,2025-05-04 12:30:00
5821207.086689197,0.0,113.0,,1.3,,,,,2025-05-04 12:35:00
5821208.086818073,0.0,123.0,,1.3,,,,,2025-05-04 12:40:00
5821209.086946948,0.0,134.0,,1.3,,,,,2025-05-04 12:45:00
5821210.087075823,0.0,148.0,,1.3,,,,,2025-05-04 12:50:00
5821211.0872046985,0.0,159.0,,1.3,,,,5.7,2025-05-04 12:55:00
5821212.087333574,0.0,168.0,,1.3,,,,,2025-05-04 13:00:00
5821213.087462449,0.0,182.0,,1.3,,,,,2025-05-04 13:05:00
5821214.087591324,0.0,193.0,,1.3,,,,,2025-05-04 13:10:00
5821215.0877201995,0.0,202.0,,1.3,,,,,2025-05-04 13:15:00
5821216.087849075,0.0,211.0,,1.3,,,,,2025-05-04 13:20:00
5821217.08797795,0.0,223.0,,1.3,,,,,2025-05-04 13:25:00
5821218.088106825,0.0,225.0,,1.3,,,,,2025-05-04 13:30:00
5821219.0882357005,0.0,227.0,,1.3,,,,,2025-05-04 13:35:00
5821220.088364576,0.0,232.0,,1.3,,,,,2025-05-04 13:40:00
5821221.0884934515,0.0,237.0,,1.3,,,,,2025-05-04 13:45:00
5821222.088622327,0.0,241.0,,1.3,,0.150179,,,2025-05-04 13:50:00
5821223.0887512015,0.0,244.0,,1.3,,0.151799,,,2025-05-04 13:55:00
5821224.088880077,0.0,250.0,,1.3,,0.16417,,,2025-05-04 14:00:00
5821225.0890089525,0.0,253.0,,1.3,,0.173587,,,2025-05-04 14:05:00
5821226.089137828,0.0,252.0,,1.3,,0.166855,,,2025-05-04 14:10:00
5821227.0892667025,1.0,,,1.3,,0.162553,,,2025-05-04 14:15:00
5821228.089395578,1.0,,,1.3,,0.183819,,,2025-05-04 14:20:00
5821229.0895244535,1.0,,,1.3,,0.184306,,5.6,2025-05-04 14:25:00
5821230.089653329,1.0,,,1.3,,0.182736,,,2025-05-04 14:30:00
5821231.089782204,1.0,,,1.3,,0.179083,,,2025-05-04 14:35:00
5821232.089911079,1.0,,,1.3,,0.188933,,,2025-05-04 14:40:00
5821233.0900399545,1.0,,,1.3,,0.196521,,,2025-05-04 14:45:00
5821234.09016883,1.0,,,1.3,,0.203452,,,2025-05-04 14:50:00
5821235.0902977055,1.0,,,1.3,,0.196912,,,2025-05-04 14:55:00
5821236.09042658,1.0,,,1.3,,0.201216,,,2025-05-04 15:00:00
5821237.090555456,1.0,,,1.3,,0.221315,,,2025-05-04 15:05:00
5821238.090684331,1.0,,,1.3,,0.234836,,,2025-05-04 15:10:00
5821239.0908132065,1.0,,,1.3,,0.227231,,,2025-05-04 15:15:00
5821240.090942081,1.0,,,1.3,,0.231546,,,2025-05-04 15:20:00
5821241.091070957,1.0,,,1.3,,0.223651,,,2025-05-04 15:25:00
5821242.091199832,1.0,,,1.3,,0.229013,,,2025-05-04 15:30:00
5821243.0913287075,1.0,,,1.3,,0.228498,,,2025-05-04 15:35:00
5821244.091457582,1.0,,,1.3,,0.206168,,,2025-05-04 15:40:00
5821245.091586458,1.0,,,1.3,,0.173923,,,2025-05-04 15:45:00
5821246.091715333,1.0,,,1.3,,0.163346,,,2025-05-04 15:50:00
5821247.091844209,1.0,,,1.3,,0.14448,,,2025-05-04 15:55:00
5821248.091973084,1.0,,,1.3,,0.142527,,,2025-05-04 16:00:00
5821249.092101959,1.0,,,1.3,,0.130172,,,2025-05-04 16:05:00
5821250.092230834,1.0,,,1.3,,0.111641,,,2025-05-04 16:10:00
5821251.09235971,1.0,,,1.3,,0.102793,,,2025-05-04 16:15:00
5821252.092488585,1.0,,,1.3,,0.087728,,,2025-05-04 16:20:00
5821253.09261746,1.0,,,1.3,,0.100049,,,2025-05-04 16:25:00
5821254.092746335,1.0,,,1.3,,0.099379,,,2025-05-04 16:30:00
5821255.092875211,1.0,,,1.3,,0.063828,,,2025-05-04 16:35:00
5821256.093004086,1.0,,,1.3,,0.091924,,,2025-05-04 16:40:00
5821257.093132961,1.0,,,1.3,,0.082498,,,2025-05-04 16:45:00
5821258.093261836,1.0,,,1.3,,0.089605,,,2025-05-04 16:50:00
5821259.093390712,1.0,,,1.3,,0.097456,,,2025-05-04 16:55:00
5821260.093519587,1.0,,,1.3,,0.094379,,,2025-05-04 17:00:00
5821261.093648462,1.0,,,1.3,,0.098321,,,2025-05-04 17:05:00
5821262.093777337,1.0,,,1.3,,0.100725,,,2025-05-04 17:10:00
5821263.093906213,1.0,,,1.3,,0.099988,,,2025-05-04 17:15:00
5821264.094035088,1.0,,,1.3,,0.088057,,,2025-05-04 17:20:00
5821265.094163964,1.0,,,1.3,,0.083013,,,2025-05-04 17:25:00
5821266.094292838,1.0,,,1.3,,0.088355,,,2025-05-04 17:30:00
5821267.094421714,1.0,,,1.3,,0.056408,,,2025-05-04 17:35:00
5821268.094550589,1.0,,,1.3,,0.075603,,,2025-05-04 17:40:00
5821269.094679465,1.0,,,1.3,,0.076785,,,2025-05-04 17:45:00
5821270.094808339,1.0,,,1.3,,0.093689,,,2025-05-04 17:50:00
5821271.094937215,1.0,,,1.3,,0.092863,,,2025-05-04 17:55:00
5821272.09506609,1.0,,,1.3,,0.103248,,,2025-05-04 18:00:00
5821273.095194966,1.0,,,1.3,,0.104882,,,2025-05-04 18:05:00
5821274.09532384,1.0,,,1.3,,0.119307,,,2025-05-04 18:10:00
5821275.095452716,1.0,,,1.3,,0.091425,,,2025-05-04 18:15:00
5821276.095581591,1.0,,,1.3,,0.065354,,,2025-05-04 18:20:00
5821277.095710467,1.0,,,1.3,,0.088656,,,2025-05-04 18:25:00
5821278.095839342,1.0,,111.0,1.3,,0.086373,,,2025-05-04 18:30:00
5821279.095968217,1.0,,,1.3,,0.086434,,,2025-05-04 18:35:00
5821280.096097092,0.0,95.0,111.0,1.3,,0.102053,,,2025-05-04 18:40:00
5821281.096225968,0.0,93.0,,1.3,,0.153472,,,2025-05-04 18:45:00
5821282.096354843,0.0,93.0,,1.3,,0.720224,,,2025-05-04 18:50:00
5821283.096483718,0.0,90.0,,1.3,,0.374636,,,2025-05-04 18:55:00
5821284.096612593,0.0,85.0,,1.3,,0.332482,,,2025-05-04 19:00:00
5821285.096741469,0.0,84.0,,1.3,,0.119393,,,2025-05-04 19:05:00
5821286.096870344,0.0,82.0,,1.3,,0.143834,,,2025-05-04 19:10:00
5821287.096999219,0.0,82.0,,1.3,,0.158748,,,2025-05-04 19:15:00
5821288.097128094,0.0,83.0,,1.3,,0.161431,,,2025-05-04 19:20:00
5821289.09725697,0.0,82.0,,1.3,,0.16467,,,2025-05-04 19:25:00
5821290.097385845,0.0,79.0,,1.3,,0.159729,,,2025-05-04 19:30:00
5821291.097514721,0.0,77.0,,1.3,,0.154146,,,2025-05-04 19:35:00
5821292.097643595,0.0,79.0,,1.3,,0.141399,,,2025-05-04 19:40:00
5821293.097772471,0.0,79.0,,1.3,,0.130413,,,2025-05-04 19:45:00
5821294.097901346,0.0,80.0,,1.3,,0.132627,,,2025-05-04 19:50:00
5821295.098030222,0.0,79.0,,1.3,,0.140945,,,2025-05-04 19:55:00
5821296.098159096,0.0,81.0,,1.3,,0.128673,,,2025-05-04 20:00:00
5821297.098287972,0.0,87.0,,1.3,,0.153967,,,2025-05-04 20:05:00
5821298.098416847,0.0,92.0,,1.3,,0.143204,,,2025-05-04 20:10:00
5821299.098545723,0.0,100.0,,1.3,,0.149574,,,2025-05-04 20:15:00
5821300.098674597,0.0,103.0,,1.3,,0.152738,,,2025-05-04 20:20:00
5821301.098803473,0.0,101.0,,1.3,,0.103294,,,2025-05-04 20:25:00
5821302.098932348,0.0,106.0,,1.3,,0.067829,,,2025-05-04 20:30:00
5821303.099061224,0.0,116.0,,1.3,,0.093007,,,2025-05-04 20:35:00
5821304.099190099,0.0,119.0,,1.3,,0.10768,,,2025-05-04 20:40:00
5821305.099318974,0.0,120.0,,1.3,,0.115642,,,2025-05-04 20:45:00
5821306.099447849,0.0,120.0,,1.3,,0.133836,,,2025-05-04 20:50:00
5821307.099576725,0.0,122.0,,1.3,,0.148339,,,2025-05-04 20:55:00
5821308.0997056,0.0,128.0,,1.3,,0.080431,,,2025-05-04 21:00:00
5821309.099834475,0.0,136.0,,1.3,,0.106215,,,2025-05-04 21:05:00
5821310.09996335,0.0,143.0,,1.3,,0.114999,,,2025-05-04 21:10:00
5821311.100092226,0.0,155.0,,1.3,,0.132126,,7.2,2025-05-04 21:15:00
5821312.100221101,0.0,179.0,,1.3,,0.141514,,,2025-05-04 21:20:00
5821313.100349976,0.0,184.0,,1.3,,0.156342,,,2025-05-04 21:25:00
5821314.100478851,0.0,211.0,,1.3,,0.168896,,,2025-05-04 21:30:00
5821315.100607727,0.0,234.0,,1.3,,0.182063,,,2025-05-04 21:35:00
5821316.100736602,0.0,249.0,,1.3,,0.193886,,,2025-05-04 21:40:00
5821317.100865477,0.0,257.0,,1.3,,0.207441,,,2025-05-04 21:45:00
5821318.100994352,0.0,262.0,,1.3,,0.221009,,,2025-05-04 21:50:00
5821319.101123228,0.0,264.0,,1.3,,0.239596,,,2025-05-04 21:55:00
5821320.101252103,0.0,263.0,,1.4,,0.251126,,,2025-05-04 22:00:00
5821321.101380979,0.0,260.0,,1.4,,0.27073,,,2025-05-04 22:05:00
5821322.101509853,0.0,256.0,,1.4,,0.278118,,,2025-05-04 22:10:00
5821323.101638729,0.0,251.0,,1.4,,0.321814,,,2025-05-04 22:15:00
5821324.101767604,0.0,241.0,,1.4,,0.325013,,,2025-05-04 22:20:00
5821325.10189648,0.0,236.0,,1.4,,0.326111,,,2025-05-04 22:25:00
5821326.102025354,0.0,229.0,,1.4,,0.345514,,,2025-05-04 22:30:00
5821327.10215423,0.0,222.0,,1.4,,0.354746,,,2025-05-04 22:35:00
5821328.102283105,0.0,220.0,,1.4,,0.364264,,,2025-05-04 22:40:00
5821329.102411981,0.0,223.0,,1.4,,0.373909,,,2025-05-04 22:45:00
5821330.102540855,0.0,227.0,,1.4,,0.380788,,,2025-05-04 22:50:00
5821331.102669731,0.0,231.0,,1.4,,0.392347,,,2025-05-04 22:55:00
5821332.102798606,0.0,233.0,,1.4,,0.403284,,,2025-05-04 23:00:00
5821333.102927482,0.0,233.0,,1.4,,0.417932,,,2025-05-04 23:05:00
5821334.103056357,0.0,233.0,,1.4,,0.428577,,,2025-05-04 23:10:00
5821335.103185232,0.0,232.0,,1.4,,0.457802,,,2025-05-04 23:15:00
5821336.103314107,0.0,234.0,,1.4,,0.412508,,,2025-05-04 23:20:00
5821337.103442983,0.0,233.0,,1.4,,0.430609,,,2025-05-04 23:25:00
5821338.103571858,0.0,248.0,,1.4,,0.443136,,,2025-05-04 23:30:00
5821339.103700733,0.0,241.0,,1.4,,0.459646,,,2025-05-04 23:35:00
5821340.103829608,0.0,237.0,,1.4,,0.513963,,,2025-05-04 23:40:00
5821341.103958484,0.0,241.0,,1.4,,0.525628,,,2025-05-04 23:45:00
5821342.104087359,0.0,236.0,,1.4,,0.535999,,,2025-05-04 23:50:00
5821343.104216234,0.0,227.0,,1.4,,0.537644,,,2025-05-04 23:55:00
5821344.104345109,0.0,218.0,,1.3,,0.545592,,,2025-05-05 00:00:00
5821345.104473985,0.0,213.0,,1.3,,0.553731,,,2025-05-05 00:05:00
5821346.10460286,0.0,217.0,,1.3,,0.554927,,,2025-05-05 00:10:00
5821347.104731736,0.0,224.0,,1.3,,0.551164,,,2025-05-05 00:15:00
5821348.10486061,0.0,229.0,,1.3,,0.552722,,,2025-05-05 00:20:00
5821349.104989486,0.0,230.0,,1.3,,0.559161,,,2025-05-05 00:25:00
5821350.105118361,0.0,228.0,,1.3,,0.586422,,,2025-05-05 00:30:00
5821351.105247237,0.0,228.0,,1.3,,0.595596,,,2025-05-05 00:35:00
5821352.105376111,0.0,231.0,,1.3,,0.600171,,,2025-05-05 00:40:00
5821353.105504987,0.0,234.0,,1.3,,0.615578,,,2025-05-05 00:45:00
5821354.105633862,0.0,235.0,,1.3,,0.624958,,,2025-05-05 00:50:00
5821355.105762738,0.0,234.0,,1.3,,0.613877,,,2025-05-05 00:55:00
5821356.105891612,0.0,235.0,,1.3,,0.610621,,,2025-05-05 01:00:00
5821357.106020488,0.0,237.0,,1.3,,0.609087,,,2025-05-05 01:05:00
5821358.106149363,0.0,242.0,,1.3,,0.067297,,,2025-05-05 01:10:00
5821359.106278239,0.0,243.0,,1.3,,0.103881,,,2025-05-05 01:15:00
5821360.106407114,0.0,244.0,,1.3,,0.144818,,,2025-05-05 01:20:00
5821361.106535989,0.0,248.0,,1.3,,0.175264,,,2025-05-05 01:25:00
5821362.106664864,0.0,248.0,,1.3,,0.201416,,,2025-05-05 01:30:00
5821363.10679374,0.0,246.0,,1.3,,0.231195,,,2025-05-05 01:35:00
5821364.106922615,0.0,246.0,,1.3,,0.244501,,,2025-05-05 01:40:00
5821365.10705149,0.0,256.0,,1.3,,0.262392,,,2025-05-05 01:45:00
5821366.107180365,0.0,257.0,,1.3,,0.282601,,,2025-05-05 01:50:00
5821367.107309241,0.0,256.0,,1.3,,0.298022,,,2025-05-05 01:55:00
5821368.107438116,0.0,254.0,,1.3,,0.332318,,,2025-05-05 02:00:00
5821369.107566991,0.0,248.0,,1.3,,0.33462,,,2025-05-05 02:05:00
5821370.107695866,0.0,247.0,,1.3,,0.340544,,,2025-05-05 02:10:00
5821371.107824742,0.0,246.0,,1.3,,0.367821,,,2025-05-05 02:15:00
5821372.107953617,0.0,247.0,,1.3,,0.37426,,,2025-05-05 02:20:00
5821373.108082492,0.0,248.0,,1.3,,0.384282,,,2025-05-05 02:25:00
5821374.108211367,0.0,244.0,,1.3,,0.397861,,,2025-05-05 02:30:00
5821375.108340243,0.0,243.0,,1.3,,0.414831,,,2025-05-05 02:35:00
5821376.108469118,0.0,244.0,,1.3,,0.43102,,,2025-05-05 02:40:00
5821377.108597994,0.0,245.0,,1.3,,0.453861,,,2025-05-05 02:45:00
5821378.108726868,0.0,243.0,,1.3,,0.443805,,,2025-05-05 02:50:00
5821379.108855744,0.0,246.0,,1.3,,0.451291,,,2025-05-05 02:55:00
5821380.108984619,0.0,244.0,,1.3,,0.465297,,,2025-05-05 03:00:00
5821381.109113495,0.0,242.0,,1.3,,0.480106,,,2025-05-05 03:05:00
5821382.109242369,0.0,243.0,,1.3,,0.491237,,,2025-05-05 03:10:00
5821383.109371245,0.0,241.0,,1.3,,0.498466,,,2025-05-05 03:15:00
5821384.10950012,0.0,238.0,,1.3,,0.526491,,,2025-05-05 03:20:00
5821385.109628996,0.0,237.0,,1.3,,0.549087,,,2025-05-05 03:25:00
5821386.10975787,0.0,233.0,,1.3,,0.603021,,,2025-05-05 03:30:00
5821387.109886746,0.0,227.0,,1.3,,0.611482,,,2025-05-05 03:35:00
5821388.110015621,0.0,225.0,,1.3,,0.600655,,,2025-05-05 03:40:00
5821389.110144497,0.0,232.0,,1.3,,0.0,,,2025-05-05 03:45:00
5821390.110273372,0.0,236.0,,1.3,,,,,2025-05-05 03:50:00
5821391.110402247,0.0,235.0,,1.3,,,,,2025-05-05 03:55:00
5821392.110531122,0.0,237.0,,1.3,,,,,2025-05-05 04:00:00
5821393.110659998,0.0,239.0,,1.3,,,,,2025-05-05 04:05:00
5821394.110788873,0.0,238.0,,1.3,,,,,2025-05-05 04:10:00
5821395.110917748,0.0,237.0,,1.3,,,,,2025-05-05 04:15:00
5821396.111046623,0.0,239.0,,1.3,,,,,2025-05-05 04:20:00
5821397.111175499,0.0,238.0,,1.3,,,,,2025-05-05 04:25:00
5821398.111304374,0.0,234.0,,1.3,,,,,2025-05-05 04:30:00
5821399.111433249,0.0,232.0,,1.3,,,,,2025-05-05 04:35:00
5821400.111562124,0.0,230.0,,1.3,,,,,2025-05-05 04:40:00
5821401.111691,0.0,229.0,,1.3,,,,,2025-05-05 04:45:00
5821402.111819875,0.0,229.0,,1.3,,,,,2025-05-05 04:50:00
5821403.111948751,0.0,229.0,,1.3,,,,,2025-05-05 04:55:00
5821404.1120776255,0.0,229.0,,1.3,,,,,2025-05-05 05:00:00
5821405.112206501,0.0,228.0,,1.3,,,,,2025-05-05 05:05:00
5821406.112335376,0.0,228.0,,1.3,,,,,2025-05-05 05:10:00
5821407.112464252,0.0,227.0,,1.3,,,,,2025-05-05 05:15:00
5821408.1125931265,0.0,226.0,,1.3,,,,,2025-05-05 05:20:00
5821409.112722002,0.0,226.0,,1.3,,,,,2025-05-05 05:25:00
5821410.112850877,0.0,227.0,,1.3,,,,,2025-05-05 05:30:00
5821411.112979753,0.0,225.0,,1.3,,,,,2025-05-05 05:35:00
5821412.1131086275,0.0,224.0,,1.3,,,,,2025-05-05 05:40:00
5821413.113237503,0.0,223.0,,1.3,,,,,2025-05-05 05:45:00
5821414.1133663785,0.0,222.0,,1.3,,,,,2025-05-05 05:50:00
5821415.113495254,0.0,221.0,,1.3,,,,,2025-05-05 05:55:00
5821416.113624129,0.0,223.0,,1.3,,,,,2025-05-05 06:00:00
5821417.113753004,0.0,225.0,,1.3,,,,,2025-05-05 06:05:00
5821418.1138818795,0.0,229.0,,1.3,,,,,2025-05-05 06:10:00
5821419.114010755,0.0,227.0,,1.3,,,,,2025-05-05 06:15:00
5821420.11413963,0.0,224.0,,1.3,,,,,2025-05-05 06:20:00
5821421.114268505,0.0,224.0,,1.3,,,,,2025-05-05 06:25:00
5821422.1143973805,1.0,,,1.3,,,,3.8,2025-05-05 06:30:00
5821423.114526256,1.0,,,1.3,,,,,2025-05-05 06:35:00
5821424.1146551315,1.0,,171.0,1.3,,,,,2025-05-05 06:40:00
5821425.114784006,1.0,,,1.3,,,,,2025-05-05 06:45:00
5821426.1149128815,0.0,172.0,171.0,1.3,,,,,2025-05-05 06:50:00
5821427.115041757,0.0,170.0,,1.3,,,,,2025-05-05 06:55:00
5821428.1151706325,0.0,163.0,,1.3,,,,,2025-05-05 07:00:00
5821429.115299507,0.0,158.0,,1.3,,,,,2025-05-05 07:05:00
5821430.1154283825,0.0,156.0,,1.3,,,,,2025-05-05 07:10:00
5821431.115557258,0.0,154.0,,1.3,,,,,2025-05-05 07:15:00
5821432.1156861335,0.0,155.0,,1.3,,,,,2025-05-05 07:20:00
5821433.115815009,0.0,161.0,,1.3,,,,,2025-05-05 07:25:00
5821434.115943884,0.0,162.0,,1.3,,,,,2025-05-05 07:30:00
5821435.116072759,0.0,163.0,,1.3,,,,,2025-05-05 07:35:00
5821436.1162016345,0.0,167.0,,1.3,,,,,2025-05-05 07:40:00
5821437.11633051,0.0,166.0,,1.3,,,,,2025-05-05 07:45:00
5821438.116459385,0.0,160.0,,1.3,,,,,2025-05-05 07:50:00
5821439.11658826,0.0,161.0,,1.3,,,,,2025-05-05 07:55:00
5821440.1167171355,0.0,157.0,,1.3,,,,,2025-05-05 08:00:00
5821441.116846011,0.0,153.0,,1.3,,,,,2025-05-05 08:05:00
5821442.116974886,0.0,153.0,,1.3,,,,10.0,2025-05-05 08:10:00
5821443.117103761,0.0,155.0,,1.3,,,,,2025-05-05 08:15:00
5821444.117232637,0.0,153.0,,1.3,,,,,2025-05-05 08:20:00
5821445.117361512,0.0,153.0,,1.3,,,,,2025-05-05 08:25:00
5821446.1174903875,0.0,154.0,,1.3,,,,,2025-05-05 08:30:00
5821447.117619262,0.0,160.0,,1.3,,,,,2025-05-05 08:35:00
5821448.117748138,0.0,164.0,,1.3,,,,,2025-05-05 08:40:00
5821449.117877013,0.0,163.0,,1.3,,,,,2025-05-05 08:45:00
5821450.118005889,0.0,166.0,,1.3,,,,,2025-05-05 08:50:00
5821451.118134763,0.0,169.0,,1.3,,,,,2025-05-05 08:55:00
5821452.118263639,0.0,164.0,,1.3,,,,,2025-05-05 09:00:00
5821453.118392514,0.0,160.0,134.0,1.3,,,,,2025-05-05 09:05:00
5821454.11852139,0.0,156.0,,1.3,,,,,2025-05-05 09:10:00
5821455.118650264,0.0,139.0,134.0,1.3,,,,,2025-05-05 09:15:00
5821456.11877914,0.0,131.0,,1.3,,,,,2025-05-05 09:20:00
5821457.118908015,0.0,121.0,,1.3,,,,,2025-05-05 09:25:00
5821458.119036891,0.0,110.0,,1.3,,,,,2025-05-05 09:30:00
5821459.119165766,0.0,103.0,,1.3,,,,,2025-05-05 09:35:00
5821460.119294641,0.0,102.0,,1.3,,,,,2025-05-05 09:40:00
5821461.119423516,0.0,99.0,,1.3,,,,,2025-05-05 09:45:00
5821462.119552392,0.0,95.0,,1.3,,,,,2025-05-05 09:50:00
5821463.119681267,0.0,89.0,,1.3,,,,,2025-05-05 09:55:00
5821464.119810142,0.0,84.0,,1.3,,,,,2025-05-05 10:00:00
5821465.119939017,0.0,80.0,,1.3,,,,,2025-05-05 10:05:00
5821466.120067893,0.0,74.0,,1.3,,,,,2025-05-05 10:10:00
5821467.120196768,0.0,73.0,,1.3,,,,,2025-05-05 10:15:00
5821468.120325643,0.0,71.0,,1.3,,,,,2025-05-05 10:20:00
5821469.120454518,0.0,66.0,,1.3,,,,,2025-05-05 10:25:00
5821470.120583394,0.0,64.0,,1.3,,,,,2025-05-05 10:30:00
5821471.120712269,0.0,63.0,,1.3,,,,,2025-05-05 10:35:00
5821472.120841145,0.0,66.0,,1.3,,,,,2025-05-05 10:40:00
5821473.120970019,0.0,69.0,,1.3,,,,,2025-05-05 10:45:00
5821474.121098895,0.0,73.0,,1.3,,,,,2025-05-05 10:50:00
5821475.12122777,0.0,75.0,,1.3,,,,,2025-05-05 10:55:00
5821476.121356646,0.0,75.0,,1.3,,,,,2025-05-05 11:00:00
5821477.12148552,0.0,74.0,,1.3,,,,,2025-05-05 11:05:00
5821478.121614396,0.0,74.0,,1.3,,,,,2025-05-05 11:10:00
5821479.121743271,0.0,76.0,,1.3,,,,,2025-05-05 11:15:00
5821480.121872147,0.0,79.0,,1.3,,,,,2025-05-05 11:20:00
5821481.122001021,0.0,80.0,,1.3,,,,,2025-05-05 11:25:00
5821482.122129897,0.0,84.0,,1.3,,,,,2025-05-05 11:30:00
5821483.122258772,0.0,88.0,,1.3,,,,,2025-05-05 11:35:00
5821484.122387648,0.0,90.0,,1.3,,,,,2025-05-05 11:40:00
5821485.122516522,0.0,95.0,,1.3,,,,,2025-05-05 11:45:00
5821486.122645398,0.0,98.0,,1.3,,,,,2025-05-05 11:50:00
5821487.122774273,0.0,101.0,,1.3,,,,,2025-05-05 11:55:00
5821488.122903149,0.0,100.0,,1.3,,,,,2025-05-05 12:00:00
5821489.123032024,0.0,98.0,,1.3,,,,,2025-05-05 12:05:00
5821490.123160899,0.0,95.0,,1.3,,,,,2025-05-05 12:10:00
5821491.123289774,0.0,93.0,,1.3,,,,,2025-05-05 12:15:00
5821492.12341865,0.0,93.0,,1.3,,,,,2025-05-05 12:20:00
5821493.123547525,0.0,94.0,,1.3,,,,,2025-05-05 12:25:00
5821494.1236764,0.0,91.0,,1.3,,,,,2025-05-05 12:30:00
5821495.123805275,0.0,90.0,,1.3,,,,,2025-05-05 12:35:00
5821496.123934151,0.0,89.0,,1.3,,,,,2025-05-05 12:40:00
5821497.124063026,0.0,88.0,,1.3,,,,,2025-05-05 12:45:00
5821498.124191901,0.0,88.0,,1.3,,,,,2025-05-05 12:50:00
5821499.124320776,0.0,87.0,,1.3,,,,,2025-05-05 12:55:00
5821500.124449652,0.0,84.0,,1.3,,,,,2025-05-05 13:00:00
5821501.124578527,0.0,81.0,,1.3,,,,,2025-05-05 13:05:00
5821502.124707403,0.0,80.0,,1.3,,,,,2025-05-05 13:10:00
5821503.124836277,0.0,80.0,,1.3,,,,,2025-05-05 13:15:00
5821504.124965153,0.0,78.0,,1.3,,,,,2025-05-05 13:20:00
5821505.125094028,0.0,76.0,,1.3,,,,,2025-05-05 13:25:00
5821506.125222904,0.0,76.0,,1.3,,,,,2025-05-05 13:30:00
5821507.125351778,0.0,74.0,,1.3,,,,,2025-05-05 13:35:00
5821508.125480654,0.0,74.0,,1.3,,,,,2025-05-05 13:40:00
5821509.125609529,0.0,75.0,,1.3,,,,,2025-05-05 13:45:00
5821510.125738405,0.0,75.0,,1.3,,,,,2025-05-05 13:50:00
5821511.125867279,0.0,76.0,,1.3,,,,,2025-05-05 13:55:00
5821512.125996155,0.0,76.0,,1.3,,,,,2025-05-05 14:00:00
5821513.12612503,0.0,74.0,,1.3,,,,,2025-05-05 14:05:00
5821514.126253906,0.0,73.0,,1.3,,,,,2025-05-05 14:10:00
5821515.126382781,0.0,73.0,,1.3,,,,,2025-05-05 14:15:00
5821516.126511656,0.0,74.0,,1.3,,,,,2025-05-05 14:20:00
5821517.126640531,0.0,72.0,,1.3,,,,,2025-05-05 14:25:00
5821518.126769407,0.0,72.0,,1.3,,,,,2025-05-05 14:30:00
5821519.126898282,0.0,72.0,,1.3,,,,,2025-05-05 14:35:00
5821520.127027157,0.0,71.0,,1.3,,,,,2025-05-05 14:40:00
5821521.127156032,0.0,70.0,,1.3,,,,,2025-05-05 14:45:00
5821522.127284908,0.0,75.0,,1.3,,,,,2025-05-05 14:50:00
5821523.127413783,0.0,82.0,,1.3,,,,,2025-05-05 14:55:00
5821524.127542658,0.0,89.0,,1.3,,,,,2025-05-05 15:00:00
5821525.127671533,0.0,97.0,,1.3,,,,,2025-05-05 15:05:00
5821526.127800409,0.0,102.0,,1.3,,,,,2025-05-05 15:10:00
5821527.127929284,0.0,110.0,,1.3,,,,3.0,2025-05-05 15:15:00
5821528.12805816,0.0,115.0,,1.3,,,,,2025-05-05 15:20:00
5821529.128187034,0.0,131.0,,1.3,,,,,2025-05-05 15:25:00
5821530.12831591,0.0,140.0,,1.3,,,,,2025-05-05 15:30:00
5821531.128444785,0.0,136.0,,1.3,,,,3.6,2025-05-05 15:35:00
5821532.128573661,0.0,139.0,,1.3,,,,,2025-05-05 15:40:00
5821533.128702535,0.0,143.0,,1.3,,,,,2025-05-05 15:45:00
5821534.128831411,0.0,147.0,,1.3,,,,,2025-05-05 15:50:00
5821535.128960286,0.0,155.0,,1.3,,,,,2025-05-05 15:55:00
5821536.129089162,0.0,160.0,,1.3,,,,,2025-05-05 16:00:00
5821537.129218036,0.0,163.0,,1.3,,,,,2025-05-05 16:05:00
5821538.129346912,0.0,166.0,,1.3,,,,,2025-05-05 16:10:00
5821539.129475787,0.0,170.0,,1.3,,,,,2025-05-05 16:15:00
5821540.129604663,0.0,175.0,,1.3,,,,,2025-05-05 16:20:00
5821541.129733537,0.0,182.0,,1.3,,,,,2025-05-05 16:25:00
5821542.129862413,0.0,189.0,,1.3,,,,,2025-05-05 16:30:00
5821543.129991288,0.0,192.0,,1.3,,,,,2025-05-05 16:35:00
5821544.130120164,0.0,196.0,,1.3,,,,,2025-05-05 16:40:00
5821545.130249039,0.0,207.0,,1.3,,,,,2025-05-05 16:45:00
5821546.130377914,0.0,210.0,,1.3,,,,,2025-05-05 16:50:00
5821547.130506789,0.0,211.0,,1.3,,,,,2025-05-05 16:55:00
5821548.130635665,0.0,208.0,,1.3,,,,,2025-05-05 17:00:00
5821549.13076454,0.0,205.0,,1.3,,,,,2025-05-05 17:05:00
5821550.130893415,0.0,203.0,,1.3,,,,,2025-05-05 17:10:00
5821551.13102229,0.0,206.0,,1.3,,,,,2025-05-05 17:15:00
5821552.131151166,0.0,202.0,,1.3,,,,,2025-05-05 17:20:00
5821553.131280041,0.0,196.0,,1.3,,,,,2025-05-05 17:25:00
5821554.131408916,0.0,189.0,,1.3,,,,,2025-05-05 17:30:00
5821555.131537791,0.0,180.0,,1.3,,,,,2025-05-05 17:35:00
5821556.131666667,0.0,173.0,,1.3,,,,,2025-05-05 17:40:00
5821557.131795542,0.0,166.0,,1.3,,,,,2025-05-05 17:45:00
5821558.131924418,0.0,160.0,,1.3,,,,,2025-05-05 17:50:00
5821559.132053292,0.0,149.0,,1.3,,,,,2025-05-05 17:55:00
5821560.132182168,0.0,145.0,,1.3,,,,,2025-05-05 18:00:00
5821561.132311043,0.0,140.0,,1.3,,,,,2025-05-05 18:05:00
5821562.132439919,0.0,135.0,,1.3,,,,,2025-05-05 18:10:00
5821563.132568793,0.0,132.0,,1.3,,,,,2025-05-05 18:15:00
5821564.132697669,0.0,127.0,,1.3,,,,,2025-05-05 18:20:00
5821565.132826544,0.0,122.0,,1.3,,,,,2025-05-05 18:25:00
5821566.13295542,0.0,118.0,,1.3,,,,,2025-05-05 18:30:00
5821567.133084294,0.0,111.0,,1.3,,,,,2025-05-05 18:35:00
5821568.13321317,0.0,110.0,,1.3,,,,,2025-05-05 18:40:00
5821569.133342045,0.0,111.0,,1.3,,,,,2025-05-05 18:45:00
5821570.133470921,0.0,110.0,,1.3,,,45.0,,2025-05-05 18:50:00
5821571.133599796,0.0,107.0,,1.3,,,,,2025-05-05 18:55:00
5821572.133728671,0.0,103.0,,1.3,,,,,2025-05-05 19:00:00
5821573.133857546,0.0,101.0,,1.3,,,,,2025-05-05 19:05:00
5821574.133986422,0.0,98.0,,1.3,,,,,2025-05-05 19:10:00
5821575.134115297,0.0,94.0,,1.3,,,,,2025-05-05 19:15:00
5821576.134244172,0.0,92.0,,1.3,,,,,2025-05-05 19:20:00
5821577.134373047,0.0,92.0,,1.3,,,,,2025-05-05 19:25:00
5821578.134501923,0.0,97.0,,1.3,,,,,2025-05-05 19:30:00
5821579.134630798,0.0,104.0,,1.3,,,,,2025-05-05 19:35:00
5821580.134759673,0.0,107.0,,1.3,,,,,2025-05-05 19:40:00
5821581.134888548,0.0,109.0,,1.3,,,,,2025-05-05 19:45:00
5821582.135017424,0.0,111.0,,1.3,,,,,2025-05-05 19:50:00
5821583.135146299,0.0,115.0,,1.3,,,,6.4,2025-05-05 19:55:00
5821584.135275174,0.0,119.0,,1.3,,,,,2025-05-05 20:00:00
5821585.135404049,0.0,122.0,,1.3,,,,,2025-05-05 20:05:00
5821586.135532925,0.0,124.0,,1.3,,,,,2025-05-05 20:10:00
5821587.1356618,0.0,125.0,,1.3,,,,,2025-05-05 20:15:00
5821588.135790676,0.0,126.0,,1.3,,,,,2025-05-05 20:20:00
5821589.13591955,0.0,122.0,,1.3,,,,,2025-05-05 20:25:00
5821590.136048426,0.0,116.0,,1.3,,,,,2025-05-05 20:30:00
5821591.136177301,0.0,109.0,,1.3,,,,,2025-05-05 20:35:00
5821592.136306177,0.0,103.0,114.0,1.3,,,,,2025-05-05 20:40:00
5821593.136435051,0.0,97.0,,1.3,,,,,2025-05-05 20:45:00
5821594.136563927,0.0,90.0,,1.3,,,,,2025-05-05 20:50:00
5821595.136692802,0.0,90.0,114.0,1.3,,,,,2025-05-05 20:55:00
5821596.136821678,0.0,80.0,,1.3,,,,,2025-05-05 21:00:00
5821597.136950552,0.0,73.0,,1.3,,,,,2025-05-05 21:05:00
5821598.137079428,0.0,69.0,,1.3,,,,,2025-05-05 21:10:00
5821599.137208303,0.0,69.0,,1.3,,,,,2025-05-05 21:15:00
5821600.137337179,0.0,69.0,,1.3,,,,,2025-05-05 21:20:00
5821601.137466054,0.0,67.0,,1.3,,,,,2025-05-05 21:25:00
5821602.137594929,0.0,68.0,,1.3,,,,,2025-05-05 21:30:00
5821603.137723804,0.0,65.0,,1.3,,,,,2025-05-05 21:35:00
5821604.13785268,0.0,63.0,,1.3,,,,,2025-05-05 21:40:00
5821605.137981555,0.0,64.0,,1.3,,,,,2025-05-05 21:45:00
5821606.13811043,0.0,66.0,,1.3,,,,,2025-05-05 21:50:00
5821607.1382393055,0.0,72.0,,1.3,,,,,2025-05-05 21:55:00
5821608.138368181,0.0,77.0,,1.4,,,,,2025-05-05 22:00:00
5821609.138497056,0.0,80.0,,1.4,,,,,2025-05-05 22:05:00
5821610.138625931,0.0,93.0,,1.4,,,,,2025-05-05 22:10:00
5821611.1387548065,0.0,108.0,,1.4,,,,,2025-05-05 22:15:00
5821612.138883682,0.0,121.0,,1.4,,,,,2025-05-05 22:20:00
5821613.139012557,0.0,129.0,,1.4,,,,,2025-05-05 22:25:00
5821614.139141433,0.0,130.0,,1.4,,,,,2025-05-05 22:30:00
5821615.1392703075,0.0,130.0,,1.4,,,,,2025-05-05 22:35:00
5821616.139399183,0.0,132.0,,1.4,,,,1.5,2025-05-05 22:40:00
5821617.1395280585,0.0,140.0,,1.4,,,,,2025-05-05 22:45:00
5821618.139656934,0.0,152.0,,1.4,,,,,2025-05-05 22:50:00
5821619.1397858085,0.0,157.0,,1.4,,,,,2025-05-05 22:55:00
5821620.139914684,0.0,160.0,,1.4,,,,,2025-05-05 23:00:00
5821621.1400435595,0.0,160.0,,1.4,,,,,2025-05-05 23:05:00
5821622.140172435,0.0,158.0,,1.4,,,,,2025-05-05 23:10:00
5821623.1403013095,0.0,156.0,,1.4,,,,,2025-05-05 23:15:00
5821624.140430185,0.0,154.0,,1.4,,,,,2025-05-05 23:20:00
5821625.1405590605,0.0,150.0,,1.4,,,,,2025-05-05 23:25:00
5821626.140687936,0.0,148.0,,1.4,,,,,2025-05-05 23:30:00
5821627.1408168115,0.0,148.0,,1.4,,,,,2025-05-05 23:35:00
5821628.140945686,0.0,148.0,,1.4,,,,,2025-05-05 23:40:00
5821629.1410745615,0.0,149.0,,1.4,,,,,2025-05-05 23:45:00
5821630.141203437,0.0,148.0,,1.4,,,,,2025-05-05 23:50:00
5821631.1413323125,0.0,146.0,,1.4,,,,,2025-05-05 23:55:00
5821632.141461187,0.0,145.0,,1.4,,,,,2025-05-06 00:00:00
5821633.1415900625,0.0,147.0,,1.4,,,,,2025-05-06 00:05:00
5821634.141718938,0.0,147.0,,1.4,,,,,2025-05-06 00:10:00
5821635.1418478135,0.0,145.0,,1.4,,,,,2025-05-06 00:15:00
5821636.141976688,0.0,144.0,,1.4,,,,,2025-05-06 00:20:00
5821637.142105564,0.0,146.0,,1.4,,,,,2025-05-06 00:25:00
5821638.142234439,0.0,147.0,,1.4,,,,,2025-05-06 00:30:00
5821639.1423633145,0.0,152.0,,1.4,,,,,2025-05-06 00:35:00
5821640.142492189,0.0,148.0,,1.4,,,,,2025-05-06 00:40:00
5821641.142621065,0.0,142.0,,1.4,,,,,2025-05-06 00:45:00
5821642.14274994,0.0,130.0,,1.4,,,,,2025-05-06 00:50:00
5821643.1428788155,0.0,134.0,,1.4,,,,,2025-05-06 00:55:00
5821644.143007691,0.0,133.0,,1.4,,,,,2025-05-06 01:00:00
5821645.143136566,0.0,133.0,,1.4,,,,,2025-05-06 01:05:00
5821646.143265441,0.0,132.0,,1.4,,,,,2025-05-06 01:10:00
5821647.143394317,0.0,130.0,,1.4,,,,,2025-05-06 01:15:00
5821648.143523192,0.0,128.0,,1.4,,,,,2025-05-06 01:20:00
5821649.143652067,0.0,126.0,,1.4,,,,,2025-05-06 01:25:00
5821650.143780942,0.0,120.0,,1.4,,,,,2025-05-06 01:30:00
5821651.143909818,0.0,118.0,,1.4,,,,,2025-05-06 01:35:00
5821652.144038693,0.0,117.0,,1.4,,,,,2025-05-06 01:40:00
5821653.144167568,0.0,115.0,,1.4,,,,,2025-05-06 01:45:00
5821654.144296443,0.0,115.0,,1.4,,,,,2025-05-06 01:50:00
5821655.144425319,0.0,116.0,,1.4,,,,,2025-05-06 01:55:00
5821656.144554194,0.0,115.0,,1.4,,,,,2025-05-06 02:00:00
5821657.14468307,0.0,114.0,,1.4,,,,,2025-05-06 02:05:00
5821658.144811944,0.0,113.0,,1.4,,,,,2025-05-06 02:10:00
5821659.14494082,0.0,112.0,,1.4,,,,,2025-05-06 02:15:00
5821660.145069695,0.0,112.0,,1.4,,,,,2025-05-06 02:20:00
5821661.145198571,0.0,111.0,,1.4,,,,,2025-05-06 02:25:00
5821662.145327445,0.0,110.0,,1.4,,,,,2025-05-06 02:30:00
5821663.145456321,0.0,109.0,,1.4,,,,,2025-05-06 02:35:00
5821664.145585196,0.0,110.0,,1.4,,,,,2025-05-06 02:40:00
5821665.145714072,0.0,110.0,,1.4,,,,,2025-05-06 02:45:00
5821666.145842946,0.0,109.0,,1.4,,,,,2025-05-06 02:50:00
5821667.145971822,0.0,110.0,,1.4,,,,,2025-05-06 02:55:00
5821668.146100697,0.0,109.0,,1.4,,,,,2025-05-06 03:00:00
5821669.146229573,0.0,108.0,,1.4,,,,,2025-05-06 03:05:00
5821670.146358448,0.0,107.0,,1.4,,,,,2025-05-06 03:10:00
5821671.146487323,0.0,107.0,,1.4,,,,,2025-05-06 03:15:00
5821672.146616198,0.0,108.0,,1.4,,,,,2025-05-06 03:20:00
5821673.146745074,0.0,109.0,,1.4,,,,,2025-05-06 03:25:00
5821674.146873949,0.0,113.0,,1.4,,,,,2025-05-06 03:30:00
5821675.147002824,0.0,115.0,,1.4,,,,,2025-05-06 03:35:00
5821676.147131699,0.0,115.0,,1.4,,,,,2025-05-06 03:40:00
5821677.147260575,0.0,114.0,,1.4,,,,,2025-05-06 03:45:00
5821678.14738945,0.0,113.0,,1.4,,,,,2025-05-06 03:50:00
5821679.147518325,0.0,112.0,,1.4,,,,,2025-05-06 03:55:00
5821680.1476472,0.0,112.0,,1.4,,,,,2025-05-06 04:00:00
5821681.147776076,0.0,112.0,,1.4,,,,,2025-05-06 04:05:00
5821682.147904951,0.0,111.0,,1.4,,,,,2025-05-06 04:10:00
5821683.148033827,0.0,111.0,,1.4,,,,,2025-05-06 04:15:00
5821684.148162701,0.0,111.0,,1.4,,,,,2025-05-06 04:20:00
5821685.148291577,0.0,108.0,,1.4,,,,,2025-05-06 04:25:00
5821686.148420452,0.0,106.0,,1.4,,,,,2025-05-06 04:30:00
5821687.148549328,0.0,106.0,,1.4,,,,,2025-05-06 04:35:00
5821688.148678202,0.0,106.0,,1.4,,,,,2025-05-06 04:40:00
5821689.148807078,0.0,106.0,,1.4,,,,,2025-05-06 04:45:00
5821690.148935953,0.0,106.0,,1.4,,,,,2025-05-06 04:50:00
5821691.149064829,0.0,107.0,,1.4,,,,,2025-05-06 04:55:00
5821692.149193703,0.0,107.0,,1.4,,,,,2025-05-06 05:00:00
5821693.149322579,0.0,107.0,,1.4,,,,,2025-05-06 05:05:00
5821694.149451454,0.0,108.0,,1.4,,,,,2025-05-06 05:10:00
5821695.14958033,0.0,108.0,,1.4,,,,,2025-05-06 05:15:00
5821696.149709204,0.0,108.0,,1.4,,,,,2025-05-06 05:20:00
5821697.14983808,0.0,108.0,,1.4,,,,,2025-05-06 05:25:00
5821698.149966955,0.0,107.0,,1.4,,,,,2025-05-06 05:30:00
5821699.150095831,0.0,107.0,,1.4,,,,,2025-05-06 05:35:00
5821700.150224706,0.0,109.0,,1.4,,,,,2025-05-06 05:40:00
5821701.150353581,0.0,110.0,,1.4,,,,,2025-05-06 05:45:00
5821702.150482456,0.0,110.0,,1.4,,,,,2025-05-06 05:50:00
5821703.150611332,0.0,109.0,,1.4,,,,,2025-05-06 05:55:00
5821704.150740207,0.0,109.0,,1.4,,,,,2025-05-06 06:00:00
5821705.150869082,0.0,110.0,,1.4,,,,,2025-05-06 06:05:00
5821706.150997957,0.0,110.0,,1.4,,,,,2025-05-06 06:10:00
5821707.151126833,0.0,106.0,,1.4,,,,,2025-05-06 06:15:00
5821708.151255708,0.0,104.0,,1.4,,,,,2025-05-06 06:20:00
5821709.151384583,0.0,104.0,,1.4,,,,,2025-05-06 06:25:00
5821710.151513458,0.0,103.0,,1.4,,,,,2025-05-06 06:30:00
5821711.151642334,0.0,101.0,,1.4,,,,,2025-05-06 06:35:00
5821712.151771209,0.0,100.0,,1.4,,,,,2025-05-06 06:40:00
5821713.151900085,0.0,102.0,,1.4,,,,,2025-05-06 06:45:00
5821714.152028959,0.0,105.0,,1.4,,,,,2025-05-06 06:50:00
5821715.152157835,0.0,110.0,,1.4,,,,,2025-05-06 06:55:00
5821716.15228671,0.0,115.0,,1.4,,,,,2025-05-06 07:00:00
5821717.152415586,0.0,118.0,,1.4,,,,,2025-05-06 07:05:00
5821718.15254446,0.0,124.0,,1.4,,,,,2025-05-06 07:10:00
5821719.152673336,0.0,124.0,,1.4,,,,,2025-05-06 07:15:00
5821720.152802211,0.0,126.0,,1.4,,,,,2025-05-06 07:20:00
5821721.152931087,0.0,129.0,,1.4,,,,,2025-05-06 07:25:00
5821722.153059961,0.0,132.0,,1.4,,,,,2025-05-06 07:30:00
5821723.153188837,0.0,139.0,,1.4,,,,5.2,2025-05-06 07:35:00
5821724.153317712,0.0,147.0,,1.4,,,,,2025-05-06 07:40:00
5821725.153446588,0.0,156.0,,1.4,,,,,2025-05-06 07:45:00
5821726.153575463,0.0,168.0,,1.4,,,,,2025-05-06 07:50:00
5821727.153704338,0.0,184.0,137.0,1.4,,,45.0,,2025-05-06 07:55:00
5821728.153833213,0.0,191.0,,1.4,,,,,2025-05-06 08:00:00
5821729.153962089,0.0,196.0,,1.4,,,,,2025-05-06 08:05:00
5821730.154090964,0.0,202.0,,1.4,,,,,2025-05-06 08:10:00
5821731.154219839,0.0,139.0,137.0,1.4,,,,,2025-05-06 08:15:00
5821732.154348714,0.0,139.0,,1.4,,,,,2025-05-06 08:20:00
5821733.15447759,0.0,141.0,,1.4,,,,,2025-05-06 08:25:00
5821734.154606465,0.0,141.0,,1.4,,,,,2025-05-06 08:30:00
5821735.15473534,0.0,141.0,,1.4,,,,,2025-05-06 08:35:00
5821736.154864215,0.0,143.0,,1.4,,,,,2025-05-06 08:40:00
5821737.154993091,0.0,143.0,,1.4,,,,,2025-05-06 08:45:00
5821738.155121966,0.0,143.0,,1.4,,,,,2025-05-06 08:50:00
5821739.155250842,0.0,140.0,,1.4,,,,,2025-05-06 08:55:00
5821740.155379716,0.0,132.0,,1.4,,,,,2025-05-06 09:00:00
5821741.155508592,0.0,125.0,,1.4,,,,,2025-05-06 09:05:00
5821742.155637467,0.0,120.0,,1.4,,,,,2025-05-06 09:10:00
5821743.155766343,0.0,114.0,,1.4,,,,,2025-05-06 09:15:00
5821744.155895217,0.0,109.0,,1.4,,,,,2025-05-06 09:20:00
5821745.156024093,0.0,105.0,,1.4,,,,,2025-05-06 09:25:00
5821746.156152968,0.0,100.0,,1.4,,,,,2025-05-06 09:30:00
5821747.156281844,0.0,95.0,,1.4,,,,,2025-05-06 09:35:00
5821748.156410718,0.0,92.0,,1.4,,,,,2025-05-06 09:40:00
5821749.156539594,0.0,88.0,,1.4,,,,,2025-05-06 09:45:00
5821750.156668469,0.0,84.0,,1.4,,,,,2025-05-06 09:50:00
5821751.156797345,0.0,80.0,,1.4,,,,,2025-05-06 09:55:00
5821752.156926219,0.0,78.0,,1.4,,,,,2025-05-06 10:00:00
5821753.157055095,0.0,75.0,,1.4,,,,,2025-05-06 10:05:00
5821754.15718397,0.0,75.0,,1.4,,,,,2025-05-06 10:10:00
5821755.157312846,0.0,73.0,,1.4,,,,,2025-05-06 10:15:00
5821756.157441721,0.0,71.0,,1.4,,,,,2025-05-06 10:20:00
5821757.157570596,0.0,70.0,,1.4,,,,,2025-05-06 10:25:00
5821758.157699471,0.0,67.0,,1.4,,,,,2025-05-06 10:30:00
5821759.157828347,0.0,65.0,,1.4,,,,,2025-05-06 10:35:00
5821760.157957222,0.0,64.0,,1.4,,,,,2025-05-06 10:40:00
5821761.158086097,0.0,65.0,,1.4,,,,,2025-05-06 10:45:00
5821762.158214972,0.0,72.0,,1.4,,,,,2025-05-06 10:50:00
5821763.158343848,0.0,86.0,,1.4,,,,,2025-05-06 10:55:00
5821764.158472723,0.0,89.0,,1.4,,,,,2025-05-06 11:00:00
5821765.158601598,0.0,103.0,,1.4,,,,,2025-05-06 11:05:00
5821766.158730473,0.0,119.0,,1.4,,,,,2025-05-06 11:10:00
5821767.158859349,0.0,136.0,,1.4,,,,,2025-05-06 11:15:00
5821768.158988224,0.0,148.0,,1.4,,,,,2025-05-06 11:20:00
5821769.1591171,0.0,153.0,,1.4,,,,,2025-05-06 11:25:00
5821770.159245974,0.0,156.0,,1.4,,,,,2025-05-06 11:30:00
5821771.15937485,0.0,156.0,,1.4,,,,,2025-05-06 11:35:00
5821772.159503725,0.0,153.0,,1.4,,,65.0,,2025-05-06 11:40:00
5821773.159632601,0.0,149.0,,1.4,,,,,2025-05-06 11:45:00
5821774.159761475,0.0,145.0,,1.4,,,,,2025-05-06 11:50:00
5821775.159890351,0.0,144.0,,1.4,,,,,2025-05-06 11:55:00
5821776.160019226,0.0,145.0,,1.4,,,,,2025-05-06 12:00:00
5821777.160148102,0.0,146.0,,1.4,,,,,2025-05-06 12:05:00
5821778.160276976,0.0,146.0,,1.4,,,,6.5,2025-05-06 12:10:00
5821779.160405852,0.0,150.0,,1.4,,,,,2025-05-06 12:15:00
5821780.160534727,0.0,156.0,,1.4,,,,,2025-05-06 12:20:00
5821781.160663603,0.0,161.0,,1.4,,,,,2025-05-06 12:25:00
5821782.160792478,0.0,166.0,,1.4,,,,,2025-05-06 12:30:00
5821783.160921353,0.0,170.0,,1.4,,,,,2025-05-06 12:35:00
5821784.161050228,0.0,176.0,,1.4,,,,,2025-05-06 12:40:00
5821785.161179104,0.0,180.0,,1.4,,,,,2025-05-06 12:45:00
5821786.161307979,0.0,181.0,,1.4,,,,,2025-05-06 12:50:00
5821787.161436854,0.0,180.0,,1.4,,,,,2025-05-06 12:55:00
5821788.161565729,0.0,180.0,,1.4,,,,,2025-05-06 13:00:00
5821789.161694605,0.0,174.0,,1.4,,,,,2025-05-06 13:05:00
5821790.16182348,0.0,167.0,,1.4,,,,,2025-05-06 13:10:00
5821791.161952355,0.0,159.0,,1.4,,,,,2025-05-06 13:15:00
5821792.16208123,0.0,157.0,,1.4,,,,,2025-05-06 13:20:00
5821793.162210106,0.0,156.0,,1.4,,,,,2025-05-06 13:25:00
5821794.162338981,0.0,157.0,,1.4,,,,,2025-05-06 13:30:00
5821795.162467857,0.0,156.0,,1.4,,,,,2025-05-06 13:35:00
5821796.162596731,0.0,160.0,,1.4,,,,,2025-05-06 13:40:00
5821797.162725607,0.0,167.0,,1.4,,,,,2025-05-06 13:45:00
5821798.162854482,0.0,170.0,,1.4,,,,,2025-05-06 13:50:00
5821799.162983358,0.0,171.0,,1.4,,,,,2025-05-06 13:55:00
5821800.163112232,0.0,174.0,,1.4,,,,,2025-05-06 14:00:00
5821801.163241108,0.0,175.0,,1.4,,,,,2025-05-06 14:05:00
5821802.163369983,0.0,179.0,,1.4,,,,,2025-05-06 14:10:00
5821803.163498859,0.0,181.0,,1.4,,,,,2025-05-06 14:15:00
5821804.1636277335,0.0,183.0,,1.4,,,,1.5,2025-05-06 14:20:00
5821805.163756609,0.0,183.0,,1.4,,,,,2025-05-06 14:25:00
5821806.163885484,0.0,184.0,,1.4,,,,,2025-05-06 14:30:00
5821807.16401436,0.0,186.0,,1.4,,,,,2025-05-06 14:35:00
5821808.1641432345,0.0,186.0,,1.4,,,,,2025-05-06 14:40:00
5821809.16427211,0.0,184.0,,1.4,,,,,2025-05-06 14:45:00
5821810.164400985,0.0,183.0,,1.4,,,,,2025-05-06 14:50:00
5821811.164529861,0.0,180.0,,1.4,,,,,2025-05-06 14:55:00
5821812.164658736,0.0,178.0,,1.4,,,,,2025-05-06 15:00:00
5821813.164787611,0.0,174.0,,1.4,,,,,2025-05-06 15:05:00
5821814.1649164865,0.0,173.0,,1.4,,,,,2025-05-06 15:10:00
5821815.165045362,0.0,173.0,,1.4,,,,,2025-05-06 15:15:00
5821816.165174237,0.0,170.0,,1.4,,,,,2025-05-06 15:20:00
5821817.165303112,0.0,169.0,,1.4,,,,,2025-05-06 15:25:00
5821818.1654319875,0.0,163.0,,1.4,,,,,2025-05-06 15:30:00
5821819.165560863,0.0,160.0,,1.4,,,,,2025-05-06 15:35:00
5821820.1656897385,0.0,162.0,,1.4,,,,,2025-05-06 15:40:00
5821821.165818613,0.0,162.0,,1.4,,,,,2025-05-06 15:45:00
5821822.1659474885,0.0,162.0,,1.4,,,,,2025-05-06 15:50:00
5821823.166076364,0.0,161.0,,1.4,,,,,2025-05-06 15:55:00
5821824.1662052395,0.0,161.0,,1.4,,,,,2025-05-06 16:00:00
5821825.166334115,0.0,161.0,,1.4,,,,,2025-05-06 16:05:00
5821826.1664629895,0.0,161.0,,1.4,,,,,2025-05-06 16:10:00
5821827.166591865,0.0,161.0,,1.4,,,,,2025-05-06 16:15:00
5821828.1667207405,0.0,161.0,,1.4,,,,,2025-05-06 16:20:00
5821829.166849616,0.0,159.0,,1.4,,,,,2025-05-06 16:25:00
5821830.166978491,0.0,159.0,,1.4,,,,,2025-05-06 16:30:00
5821831.167107366,0.0,159.0,,1.4,,,,,2025-05-06 16:35:00
5821832.1672362415,0.0,159.0,,1.4,,,,,2025-05-06 16:40:00
5821833.167365117,0.0,157.0,,1.4,,,,,2025-05-06 16:45:00
5821834.167493992,0.0,154.0,,1.4,,,,,2025-05-06 16:50:00
5821835.167622867,0.0,154.0,,1.4,,,,,2025-05-06 16:55:00
5821836.1677517425,0.0,156.0,,1.4,,,,,2025-05-06 17:00:00
5821837.167880618,0.0,156.0,,1.4,,,,,2025-05-06 17:05:00
5821838.1680094935,0.0,155.0,,1.4,,,,,2025-05-06 17:10:00
5821839.168138368,0.0,152.0,,1.4,,,,,2025-05-06 17:15:00
5821840.168267244,0.0,153.0,,1.4,,,,,2025-05-06 17:20:00
5821841.168396119,0.0,153.0,,1.4,,,,,2025-05-06 17:25:00
5821842.1685249945,0.0,152.0,,1.4,,,,,2025-05-06 17:30:00
5821843.168653869,0.0,149.0,,1.4,,,,,2025-05-06 17:35:00
5821844.168782745,0.0,149.0,,1.4,,,,,2025-05-06 17:40:00
5821845.16891162,0.0,151.0,,1.4,,,,,2025-05-06 17:45:00
5821846.1690404955,0.0,155.0,,1.4,,,,,2025-05-06 17:50:00
5821847.16916937,0.0,161.0,,1.4,,,,,2025-05-06 17:55:00
5821848.169298246,0.0,169.0,,1.4,,,,,2025-05-06 18:00:00
5821849.169427121,0.0,181.0,,1.4,,,,,2025-05-06 18:05:00
5821850.169555997,0.0,191.0,,1.4,,,,,2025-05-06 18:10:00
5821851.169684872,0.0,197.0,,1.4,,,,,2025-05-06 18:15:00
5821852.169813747,0.0,202.0,,1.4,,,,,2025-05-06 18:20:00
5821853.169942622,0.0,208.0,,1.4,,,,,2025-05-06 18:25:00
5821854.170071498,0.0,215.0,,1.4,,,,,2025-05-06 18:30:00
5821855.170200373,0.0,223.0,,1.4,,,,,2025-05-06 18:35:00
5821856.170329248,0.0,234.0,,1.4,,,,,2025-05-06 18:40:00
5821857.170458123,0.0,244.0,,1.4,,,,,2025-05-06 18:45:00
5821858.170586999,0.0,253.0,,1.4,,,,,2025-05-06 18:50:00
5821859.170715874,0.0,255.0,,1.4,,,,,2025-05-06 18:55:00
5821860.170844749,0.0,255.0,,1.4,,,,,2025-05-06 19:00:00
5821861.170973624,0.0,259.0,,1.4,,,,,2025-05-06 19:05:00
5821862.1711025,0.0,262.0,,1.4,,,,3.6,2025-05-06 19:10:00
5821863.171231375,0.0,265.0,,1.4,,,,,2025-05-06 19:15:00
5821864.17136025,0.0,272.0,,1.4,,,,,2025-05-06 19:20:00
5821865.171489125,0.0,276.0,,1.4,,,,,2025-05-06 19:25:00
5821866.171618001,0.0,280.0,,1.4,,,,,2025-05-06 19:30:00
5821867.171746876,0.0,285.0,,1.4,,,,,2025-05-06 19:35:00
5821868.171875752,0.0,288.0,,1.4,,,,,2025-05-06 19:40:00
5821869.172004626,0.0,289.0,,1.4,,,,,2025-05-06 19:45:00
5821870.172133502,0.0,288.0,,1.4,,,,,2025-05-06 19:50:00
5821871.172262377,0.0,286.0,,1.4,,,,1.9,2025-05-06 19:55:00
5821872.172391253,1.0,,,1.4,,,,,2025-05-06 20:00:00
5821873.172520127,1.0,,,1.4,,,,,2025-05-06 20:05:00
5821874.172649003,1.0,,361.0,1.4,,,,,2025-05-06 20:10:00
5821875.172777878,1.0,,,1.4,,,,,2025-05-06 20:15:00
5821876.172906754,0.0,345.0,361.0,1.4,,,,,2025-05-06 20:20:00
5821877.173035628,0.0,339.0,,1.4,,,,,2025-05-06 20:25:00
5821878.173164504,0.0,331.0,,1.4,,,,1.6,2025-05-06 20:30:00
5821879.173293379,0.0,324.0,,1.4,,,,3.9,2025-05-06 20:35:00
5821880.173422255,0.0,313.0,,1.4,,,,,2025-05-06 20:40:00
5821881.17355113,0.0,305.0,,1.4,,,,,2025-05-06 20:45:00
5821882.173680005,0.0,300.0,,1.4,,,,,2025-05-06 20:50:00
5821883.17380888,0.0,294.0,,1.4,,,,,2025-05-06 20:55:00
5821884.173937756,0.0,286.0,,1.4,,,,,2025-05-06 21:00:00
5821885.174066631,0.0,281.0,,1.4,,,,,2025-05-06 21:05:00
5821886.174195506,0.0,280.0,,1.4,,,,,2025-05-06 21:10:00
5821887.174324381,0.0,282.0,,1.4,,,,,2025-05-06 21:15:00
5821888.174453257,0.0,287.0,,1.4,,,,,2025-05-06 21:20:00
5821889.174582132,0.0,287.0,,1.4,,,,,2025-05-06 21:25:00
5821890.174711007,0.0,289.0,,1.4,,,,,2025-05-06 21:30:00
5821891.174839882,0.0,293.0,,1.4,,,,,2025-05-06 21:35:00
5821892.174968758,0.0,287.0,,1.4,,,,2.1,2025-05-06 21:40:00
5821893.175097633,0.0,279.0,,1.4,,,,,2025-05-06 21:45:00
5821894.175226509,0.0,275.0,,1.4,,,,,2025-05-06 21:50:00
5821895.175355383,0.0,282.0,,1.4,,,,,2025-05-06 21:55:00
5821896.175484259,0.0,291.0,,1.4,,,,,2025-05-06 22:00:00
5821897.175613134,0.0,292.0,,1.4,,,,,2025-05-06 22:05:00
5821898.17574201,0.0,289.0,325.0,1.4,,,,2.5,2025-05-06 22:10:00
5821899.175870884,0.0,284.0,,1.4,,,,,2025-05-06 22:15:00
5821900.17599976,0.0,279.0,,1.4,,,,,2025-05-06 22:20:00
5821901.176128635,0.0,289.0,325.0,1.4,,,,,2025-05-06 22:25:00
5821902.176257511,0.0,282.0,,1.4,,,,,2025-05-06 22:30:00
5821903.176386385,0.0,275.0,,1.4,,,,,2025-05-06 22:35:00
5821904.176515261,0.0,269.0,,1.4,,,,,2025-05-06 22:40:00
5821905.176644136,0.0,258.0,,1.4,,,,,2025-05-06 22:45:00
5821906.176773012,0.0,255.0,,1.4,,,,,2025-05-06 22:50:00
5821907.176901887,0.0,251.0,,1.4,,,,,2025-05-06 22:55:00
5821908.177030762,0.0,247.0,,1.4,,,,,2025-05-06 23:00:00
5821909.177159637,0.0,243.0,,1.4,,,,1.1,2025-05-06 23:05:00
5821910.177288513,0.0,237.0,,1.4,,,,,2025-05-06 23:10:00
5821911.177417388,0.0,230.0,,1.4,,,,,2025-05-06 23:15:00
5821912.177546263,0.0,220.0,,1.4,,,,,2025-05-06 23:20:00
5821913.177675138,0.0,211.0,,1.4,,,,,2025-05-06 23:25:00
5821914.177804014,0.0,207.0,,1.4,,,,,2025-05-06 23:30:00
5821915.177932889,0.0,201.0,,1.4,,,,,2025-05-06 23:35:00
5821916.178061764,0.0,194.0,,1.4,,,,,2025-05-06 23:40:00
5821917.178190639,0.0,189.0,,1.4,,,,,2025-05-06 23:45:00
5821918.178319515,0.0,184.0,,1.4,,,,,2025-05-06 23:50:00
5821919.17844839,0.0,178.0,,1.4,,,,,2025-05-06 23:55:00
5821920.178577265,0.0,173.0,,1.4,,,,,2025-05-07 00:00:00
5821921.17870614,0.0,169.0,,1.4,,,,,2025-05-07 00:05:00
5821922.178835016,0.0,167.0,,1.4,,,,,2025-05-07 00:10:00
5821923.178963891,0.0,166.0,,1.4,,,,,2025-05-07 00:15:00
5821924.179092767,0.0,166.0,,1.4,,,,,2025-05-07 00:20:00
5821925.179221641,0.0,160.0,,1.4,,,,,2025-05-07 00:25:00
5821926.179350517,0.0,153.0,,1.4,,,,,2025-05-07 00:30:00
5821927.179479392,0.0,149.0,,1.4,,,,,2025-05-07 00:35:00
5821928.179608268,0.0,145.0,,1.4,,,,,2025-05-07 00:40:00
5821929.179737142,0.0,142.0,,1.4,,,,,2025-05-07 00:45:00
5821930.179866018,0.0,139.0,,1.4,,,,,2025-05-07 00:50:00
5821931.179994893,0.0,137.0,,1.4,,,,,2025-05-07 00:55:00
5821932.180123769,0.0,135.0,,1.4,,,,,2025-05-07 01:00:00
5821933.180252643,0.0,132.0,,1.4,,,,,2025-05-07 01:05:00
5821934.180381519,0.0,132.0,,1.4,,,,,2025-05-07 01:10:00
5821935.180510394,0.0,133.0,,1.4,,,,,2025-05-07 01:15:00
5821936.18063927,0.0,130.0,,1.4,,,,,2025-05-07 01:20:00
5821937.180768145,0.0,128.0,,1.4,,,,,2025-05-07 01:25:00
5821938.18089702,0.0,128.0,,1.4,,,,,2025-05-07 01:30:00
5821939.181025895,0.0,128.0,,1.4,,,,,2025-05-07 01:35:00
5821940.181154771,0.0,126.0,,1.4,,,,,2025-05-07 01:40:00
5821941.181283646,0.0,125.0,,1.4,,,,,2025-05-07 01:45:00
5821942.181412521,0.0,123.0,,1.4,,,,,2025-05-07 01:50:00
5821943.181541396,0.0,121.0,,1.4,,,,,2025-05-07 01:55:00
5821944.181670272,0.0,119.0,,1.4,,,,,2025-05-07 02:00:00
5821945.181799147,0.0,117.0,,1.4,,,,,2025-05-07 02:05:00
5821946.181928022,0.0,114.0,,1.4,,,,,2025-05-07 02:10:00
5821947.182056897,0.0,112.0,,1.4,,,,,2025-05-07 02:15:00
5821948.182185773,0.0,111.0,,1.4,,,,,2025-05-07 02:20:00
5821949.182314648,0.0,109.0,,1.4,,,,,2025-05-07 02:25:00
5821950.182443524,0.0,108.0,,1.4,,,,,2025-05-07 02:30:00
5821951.182572398,0.0,109.0,,1.4,,,,,2025-05-07 02:35:00
5821952.182701274,0.0,108.0,,1.4,,,,,2025-05-07 02:40:00
5821953.182830149,0.0,106.0,,1.4,,,,,2025-05-07 02:45:00
5821954.182959025,0.0,105.0,,1.4,,,,,2025-05-07 02:50:00
5821955.183087899,0.0,103.0,,1.4,,,,,2025-05-07 02:55:00
5821956.183216775,0.0,98.0,,1.4,,,,,2025-05-07 03:00:00
5821957.18334565,0.0,93.0,,1.4,,,,,2025-05-07 03:05:00
5821958.183474526,0.0,93.0,,1.4,,,,,2025-05-07 03:10:00
5821959.1836034,0.0,98.0,,1.4,,,,,2025-05-07 03:15:00
5821960.183732276,0.0,98.0,,1.4,,,,,2025-05-07 03:20:00
5821961.183861151,0.0,96.0,,1.4,,,,,2025-05-07 03:25:00
5821962.183990027,0.0,93.0,,1.4,,,,,2025-05-07 03:30:00
5821963.184118902,0.0,90.0,,1.4,,,,,2025-05-07 03:35:00
5821964.184247777,0.0,89.0,,1.4,,,,,2025-05-07 03:40:00
5821965.184376652,0.0,87.0,,1.4,,,,,2025-05-07 03:45:00
5821966.184505528,0.0,85.0,,1.4,,,,,2025-05-07 03:50:00
5821967.184634403,0.0,84.0,,1.4,,,,,2025-05-07 03:55:00
5821968.184763278,0.0,82.0,,1.4,,,,,2025-05-07 04:00:00
5821969.184892153,0.0,81.0,,1.4,,,,,2025-05-07 04:05:00
5821970.185021029,0.0,80.0,,1.4,,,,,2025-05-07 04:10:00
5821971.185149904,0.0,79.0,,1.4,,,,,2025-05-07 04:15:00
5821972.185278779,0.0,79.0,,1.4,,,,,2025-05-07 04:20:00
5821973.185407654,0.0,78.0,,1.4,,,,,2025-05-07 04:25:00
5821974.18553653,0.0,78.0,,1.4,,,,,2025-05-07 04:30:00
5821975.185665405,0.0,78.0,,1.4,,,,,2025-05-07 04:35:00
5821976.18579428,0.0,78.0,,1.4,,,,,2025-05-07 04:40:00
5821977.185923155,0.0,78.0,,1.4,,,,,2025-05-07 04:45:00
5821978.186052031,0.0,77.0,,1.4,,,,,2025-05-07 04:50:00
5821979.186180906,0.0,76.0,,1.4,,,,,2025-05-07 04:55:00
5821980.186309782,0.0,75.0,,1.4,,,,,2025-05-07 05:00:00
5821981.186438656,0.0,74.0,,1.4,,,,,2025-05-07 05:05:00
5821982.186567532,0.0,74.0,,1.4,,,,,2025-05-07 05:10:00
5821983.186696407,0.0,74.0,,1.4,,,,,2025-05-07 05:15:00
5821984.186825283,0.0,72.0,,1.4,,,,,2025-05-07 05:20:00
5821985.186954157,0.0,71.0,,1.4,,,,,2025-05-07 05:25:00
5821986.187083033,0.0,70.0,,1.4,,,,,2025-05-07 05:30:00
5821987.187211908,0.0,68.0,,1.4,,,,,2025-05-07 05:35:00
5821988.187340784,0.0,67.0,,1.4,,,,,2025-05-07 05:40:00
5821989.187469658,0.0,67.0,,1.4,,,,,2025-05-07 05:45:00
5821990.187598534,0.0,66.0,,1.4,,,,,2025-05-07 05:50:00
5821991.187727409,0.0,66.0,,1.4,,,,,2025-05-07 05:55:00
5821992.187856285,0.0,66.0,,1.4,,,,,2025-05-07 06:00:00
5821993.18798516,0.0,66.0,,1.4,,,,,2025-05-07 06:05:00
5821994.188114035,0.0,65.0,,1.4,,,,,2025-05-07 06:10:00
5821995.18824291,0.0,65.0,,1.4,,,,,2025-05-07 06:15:00
5821996.188371786,0.0,64.0,,1.4,,,,,2025-05-07 06:20:00
5821997.188500661,0.0,65.0,,1.4,,,,,2025-05-07 06:25:00
5821998.188629536,0.0,69.0,,1.4,,,,,2025-05-07 06:30:00
5821999.188758411,0.0,78.0,,1.4,,,,,2025-05-07 06:35:00
5822000.188887287,0.0,90.0,,1.4,,,,,2025-05-07 06:40:00
5822001.189016162,0.0,105.0,,1.4,,,,,2025-05-07 06:45:00
5822002.189145037,0.0,117.0,,1.4,,,,,2025-05-07 06:50:00
5822003.189273912,0.0,125.0,,1.4,,,,,2025-05-07 06:55:00
5822004.189402788,0.0,128.0,,1.4,,,,,2025-05-07 07:00:00
5822005.189531663,0.0,132.0,,1.4,,,,,2025-05-07 07:05:00
5822006.189660539,0.0,132.0,,1.4,,,,,2025-05-07 07:10:00
5822007.1897894135,0.0,128.0,,1.4,,0.014997,,,2025-05-07 07:15:00
5822008.189918289,0.0,127.0,,1.4,,0.015001,,,2025-05-07 07:20:00
5822009.190047164,0.0,129.0,,1.4,,0.020375,,,2025-05-07 07:25:00
5822010.19017604,0.0,132.0,,1.4,,0.027279,,,2025-05-07 07:30:00
5822011.1903049145,0.0,139.0,,1.4,,0.027157,,,2025-05-07 07:35:00
5822012.19043379,0.0,140.0,,1.4,,0.039371,,,2025-05-07 07:40:00
5822013.190562665,0.0,141.0,,1.4,,0.031906,,,2025-05-07 07:45:00
5822014.190691541,0.0,138.0,,1.4,,0.038163,,,2025-05-07 07:50:00
5822015.1908204155,0.0,134.0,,1.4,,0.038374,,,2025-05-07 07:55:00
5822016.190949291,0.0,130.0,,1.4,,0.029664,,,2025-05-07 08:00:00
5822017.1910781665,0.0,129.0,,1.4,,0.042944,,5.5,2025-05-07 08:05:00
5822018.191207042,0.0,134.0,,1.4,,0.045803,,,2025-05-07 08:10:00
5822019.191335917,0.0,145.0,,1.4,,0.053044,,,2025-05-07 08:15:00
5822020.191464792,0.0,156.0,,1.4,,0.058975,,,2025-05-07 08:20:00
5822021.1915936675,0.0,168.0,,1.4,,0.068885,,,2025-05-07 08:25:00
5822022.191722543,0.0,178.0,,1.4,,0.055099,,,2025-05-07 08:30:00
5822023.191851418,0.0,185.0,,1.4,,0.0654,,,2025-05-07 08:35:00
5822024.191980293,0.0,193.0,,1.4,,0.0704,,,2025-05-07 08:40:00
5822025.1921091685,0.0,202.0,,1.4,,0.019945,,,2025-05-07 08:45:00
5822026.192238044,0.0,210.0,,1.4,,0.035385,,,2025-05-07 08:50:00
5822027.1923669195,0.0,217.0,,1.4,,0.046702,,,2025-05-07 08:55:00
5822028.192495794,0.0,228.0,,1.4,,0.057952,,,2025-05-07 09:00:00
5822029.1926246695,0.0,251.0,,1.4,,0.072104,,,2025-05-07 09:05:00
5822030.192753545,0.0,245.0,,1.4,,0.04733,,,2025-05-07 09:10:00
5822031.1928824205,0.0,249.0,227.0,1.4,,0.059292,,2.0,2025-05-07 09:15:00
5822032.193011295,0.0,253.0,,1.4,,0.078034,,,2025-05-07 09:20:00
5822033.193140171,0.0,235.0,227.0,1.4,,0.083853,,,2025-05-07 09:25:00
5822034.193269046,0.0,234.0,,1.4,,0.094113,,,2025-05-07 09:30:00
5822035.1933979215,0.0,230.0,,1.4,,0.101056,,,2025-05-07 09:35:00
5822036.193526797,0.0,227.0,,1.4,,0.111397,,,2025-05-07 09:40:00
5822037.193655672,0.0,222.0,,1.4,,0.116771,,,2025-05-07 09:45:00
5822038.193784547,0.0,216.0,,1.4,,0.104346,,,2025-05-07 09:50:00
5822039.1939134225,0.0,210.0,,1.4,,0.118377,,,2025-05-07 09:55:00
5822040.194042298,0.0,199.0,,1.4,,0.118416,,,2025-05-07 10:00:00
5822041.194171173,0.0,190.0,,1.4,,0.118229,,,2025-05-07 10:05:00
5822042.194300048,0.0,178.0,,1.4,,0.094109,,,2025-05-07 10:10:00
5822043.194428924,0.0,168.0,,1.4,,0.05087,,,2025-05-07 10:15:00
5822044.194557799,0.0,160.0,,1.4,,0.079313,,,2025-05-07 10:20:00
5822045.194686674,0.0,156.0,,1.4,,0.076333,,,2025-05-07 10:25:00
5822046.194815549,0.0,152.0,,1.4,,0.087202,,,2025-05-07 10:30:00
5822047.194944425,0.0,148.0,,1.4,,0.08454,,,2025-05-07 10:35:00
5822048.1950733,0.0,145.0,,1.4,,0.086724,,,2025-05-07 10:40:00
5822049.1952021755,0.0,140.0,,1.4,,0.083962,,,2025-05-07 10:45:00
5822050.19533105,0.0,134.0,,1.4,,0.088316,,,2025-05-07 10:50:00
5822051.195459926,0.0,130.0,,1.4,,0.091116,,,2025-05-07 10:55:00
5822052.195588801,0.0,126.0,,1.4,,0.071115,,,2025-05-07 11:00:00
5822053.195717677,0.0,121.0,,1.4,,0.075517,,,2025-05-07 11:05:00
5822054.195846551,0.0,114.0,,1.4,,0.066536,,,2025-05-07 11:10:00
5822055.195975427,0.0,108.0,,1.4,,0.072813,,,2025-05-07 11:15:00
5822056.196104302,0.0,101.0,,1.4,,0.078517,,,2025-05-07 11:20:00
5822057.196233178,0.0,96.0,,1.4,,0.079485,,,2025-05-07 11:25:00
5822058.196362052,0.0,90.0,,1.4,,0.082956,,,2025-05-07 11:30:00
5822059.196490928,0.0,85.0,,1.4,,0.088642,,,2025-05-07 11:35:00
5822060.196619803,0.0,79.0,,1.4,,0.092806,,,2025-05-07 11:40:00
5822061.196748679,0.0,75.0,,1.4,,0.097864,,,2025-05-07 11:45:00
5822062.196877554,0.0,73.0,,1.4,,0.101919,,,2025-05-07 11:50:00
5822063.197006429,0.0,71.0,,1.4,,0.103926,,,2025-05-07 11:55:00
5822064.197135304,0.0,69.0,,1.4,,0.106183,,,2025-05-07 12:00:00
5822065.19726418,0.0,66.0,,1.4,,0.1041,,,2025-05-07 12:05:00
5822066.197393055,0.0,64.0,,1.4,,0.110835,,,2025-05-07 12:10:00
5822067.19752193,0.0,62.0,,1.4,,0.114216,,,2025-05-07 12:15:00
5822068.197650805,0.0,59.0,,1.4,,0.117591,,,2025-05-07 12:20:00
5822069.197779681,0.0,57.0,,1.4,,0.061523,45.0,,2025-05-07 12:25:00
5822070.197908556,0.0,55.0,,1.4,,0.069115,,,2025-05-07 12:30:00
5822071.198037431,0.0,53.0,,1.4,,0.068449,,,2025-05-07 12:35:00
5822072.198166306,0.0,51.0,,1.4,,0.062637,,,2025-05-07 12:40:00
5822073.198295182,0.0,50.0,,1.4,,0.070584,,,2025-05-07 12:45:00
5822074.198424057,0.0,50.0,,1.4,,0.058577,,,2025-05-07 12:50:00
5822075.198552933,0.0,52.0,,1.4,,0.021762,,,2025-05-07 12:55:00
5822076.198681807,0.0,54.0,,1.4,,0.029667,,,2025-05-07 13:00:00
5822077.198810683,0.0,60.0,,1.4,,0.029384,,,2025-05-07 13:05:00
5822078.198939558,0.0,68.0,,1.4,,0.033263,,,2025-05-07 13:10:00
5822079.199068434,0.0,77.0,,1.4,,0.038995,,,2025-05-07 13:15:00
5822080.199197308,0.0,84.0,,1.4,,0.043422,,,2025-05-07 13:20:00
5822081.199326184,0.0,91.0,,1.4,,0.045351,,3.2,2025-05-07 13:25:00
5822082.199455059,0.0,96.0,,1.4,,0.053493,,,2025-05-07 13:30:00
5822083.199583935,0.0,102.0,,1.4,,0.05173,,,2025-05-07 13:35:00
5822084.199712809,0.0,111.0,,1.4,,0.060114,,,2025-05-07 13:40:00
5822085.199841685,0.0,119.0,,1.4,,0.065466,,,2025-05-07 13:45:00
5822086.19997056,0.0,119.0,,1.4,,0.063162,,,2025-05-07 13:50:00
5822087.200099436,0.0,115.0,,1.4,,0.068164,,,2025-05-07 13:55:00
5822088.20022831,0.0,114.0,,1.4,,0.070422,,,2025-05-07 14:00:00
5822089.200357186,0.0,117.0,,1.4,,0.05195,,,2025-05-07 14:05:00
5822090.200486061,0.0,118.0,,1.4,,0.048897,,,2025-05-07 14:10:00
5822091.200614937,0.0,115.0,,1.4,,0.045978,,,2025-05-07 14:15:00
5822092.200743812,0.0,114.0,,1.4,,0.052706,,,2025-05-07 14:20:00
5822093.200872687,0.0,115.0,,1.4,,0.059373,,1.8,2025-05-07 14:25:00
5822094.201001562,0.0,117.0,,1.4,,0.051559,,,2025-05-07 14:30:00
5822095.201130438,0.0,121.0,,1.4,,0.039656,,,2025-05-07 14:35:00
5822096.201259313,0.0,127.0,,1.4,,0.04688,,,2025-05-07 14:40:00
5822097.201388188,0.0,131.0,,1.4,,0.048751,,,2025-05-07 14:45:00
5822098.201517063,0.0,137.0,,1.4,,0.054507,,,2025-05-07 14:50:00
5822099.201645939,0.0,142.0,,1.4,,0.054766,,,2025-05-07 14:55:00
5822100.201774814,0.0,145.0,,1.4,,0.0573,,,2025-05-07 15:00:00
5822101.201903689,0.0,151.0,,1.4,,0.045858,,,2025-05-07 15:05:00
5822102.202032564,0.0,157.0,,1.4,,0.037379,,,2025-05-07 15:10:00
5822103.20216144,0.0,163.0,,1.4,,0.042782,,,2025-05-07 15:15:00
5822104.202290315,0.0,166.0,,1.4,,0.046208,,,2025-05-07 15:20:00
5822105.202419191,0.0,175.0,,1.4,,0.048878,,,2025-05-07 15:25:00
5822106.202548065,0.0,188.0,,1.4,,0.05643,,,2025-05-07 15:30:00
5822107.202676941,0.0,195.0,,1.4,,0.058297,,,2025-05-07 15:35:00
5822108.202805816,0.0,201.0,,1.4,,0.058631,,,2025-05-07 15:40:00
5822109.202934692,0.0,208.0,,1.4,,0.05784,,,2025-05-07 15:45:00
5822110.203063566,0.0,213.0,,1.4,,0.055687,,,2025-05-07 15:50:00
5822111.203192442,0.0,214.0,,1.4,,0.045775,,,2025-05-07 15:55:00
5822112.203321317,0.0,220.0,,1.4,,0.047132,,,2025-05-07 16:00:00
5822113.203450193,0.0,226.0,,1.4,,0.048585,,,2025-05-07 16:05:00
5822114.203579067,0.0,231.0,,1.4,,0.050836,,,2025-05-07 16:10:00
5822115.203707943,0.0,235.0,,1.4,,0.055196,,,2025-05-07 16:15:00
5822116.203836818,0.0,239.0,,1.4,,0.053257,,,2025-05-07 16:20:00
5822117.203965694,0.0,250.0,,1.4,,0.059439,,,2025-05-07 16:25:00
5822118.204094569,0.0,259.0,,1.4,,0.059819,,,2025-05-07 16:30:00
5822119.204223444,0.0,261.0,,1.4,,0.055793,,,2025-05-07 16:35:00
5822120.204352319,0.0,266.0,,1.4,,0.054906,,,2025-05-07 16:40:00
5822121.204481195,0.0,269.0,,1.4,,0.056958,,,2025-05-07 16:45:00
5822122.20461007,0.0,273.0,,1.4,,0.05843,,,2025-05-07 16:50:00
5822123.204738945,0.0,278.0,,1.4,,0.07099,,,2025-05-07 16:55:00
5822124.20486782,0.0,283.0,,1.4,,0.037396,,,2025-05-07 17:00:00
5822125.204996696,0.0,290.0,,1.4,,0.025545,,,2025-05-07 17:05:00
5822126.205125571,0.0,295.0,,1.4,,0.035431,,,2025-05-07 17:10:00
5822127.205254446,0.0,297.0,,1.4,,0.029433,,,2025-05-07 17:15:00
5822128.205383321,0.0,301.0,,1.4,,0.032495,,,2025-05-07 17:20:00
5822129.205512197,0.0,310.0,,1.4,,0.040202,,,2025-05-07 17:25:00
5822130.205641072,0.0,310.0,,1.4,,0.042363,,,2025-05-07 17:30:00
5822131.205769948,0.0,310.0,,1.4,,0.044062,,,2025-05-07 17:35:00
5822132.205898822,0.0,310.0,,1.4,,0.039763,,,2025-05-07 17:40:00
5822133.206027698,0.0,312.0,,1.4,,0.04161,,,2025-05-07 17:45:00
5822134.206156573,0.0,314.0,,1.4,,0.045736,,,2025-05-07 17:50:00
5822135.206285449,1.0,,,1.4,,0.040218,,,2025-05-07 17:55:00
5822136.206414323,1.0,,,1.4,,0.035009,,5.5,2025-05-07 18:00:00
5822137.206543199,1.0,,,1.4,,0.038684,,,2025-05-07 18:05:00
5822138.206672074,1.0,,,1.4,,0.043731,,,2025-05-07 18:10:00
5822139.20680095,1.0,,,1.4,,0.047453,,,2025-05-07 18:15:00
5822140.206929824,1.0,,,1.4,,0.054481,,,2025-05-07 18:20:00
5822141.2070587,1.0,,,1.4,,0.053057,,,2025-05-07 18:25:00
5822142.207187575,1.0,,,1.4,,0.060707,10.0,,2025-05-07 18:30:00
5822143.207316451,1.0,,,1.4,,0.063592,,,2025-05-07 18:35:00
5822144.207445325,1.0,,,1.4,,0.066482,,,2025-05-07 18:40:00
5822145.207574201,1.0,,,1.4,,0.077487,,,2025-05-07 18:45:00
5822146.207703076,1.0,,,1.4,,0.068881,,,2025-05-07 18:50:00
5822147.207831952,1.0,,,1.4,,0.084148,,,2025-05-07 18:55:00
5822148.207960827,1.0,,,1.4,,0.111665,,,2025-05-07 19:00:00
5822149.208089702,1.0,,,1.4,,0.128136,,,2025-05-07 19:05:00
5822150.208218577,1.0,,,1.4,,0.133751,,,2025-05-07 19:10:00
5822151.208347453,1.0,,,1.4,,0.143109,,,2025-05-07 19:15:00
5822152.208476328,1.0,,,1.4,,0.124689,,,2025-05-07 19:20:00
5822153.208605203,1.0,,,1.4,,0.078329,,,2025-05-07 19:25:00
5822154.208734078,1.0,,,1.4,,0.07198,,,2025-05-07 19:30:00
5822155.208862954,1.0,,,1.4,,0.080075,,,2025-05-07 19:35:00
5822156.208991829,1.0,,,1.4,,0.084693,,,2025-05-07 19:40:00
5822157.209120704,1.0,,,1.4,,0.082686,,,2025-05-07 19:45:00
5822158.209249579,1.0,,,1.4,,0.081727,,5.0,2025-05-07 19:50:00
5822159.209378455,1.0,,,1.4,,0.083345,,,2025-05-07 19:55:00
5822160.20950733,1.0,,,1.4,,0.080714,,,2025-05-07 20:00:00
5822161.209636206,1.0,,,1.4,,0.056564,,,2025-05-07 20:05:00
5822162.20976508,1.0,,,1.4,,0.053109,,,2025-05-07 20:10:00
5822163.209893956,1.0,,,1.4,,0.05381,65.0,7.6,2025-05-07 20:15:00
5822164.210022831,1.0,,,1.4,,0.061944,,,2025-05-07 20:20:00
5822165.210151707,1.0,,,1.4,,0.072796,,,2025-05-07 20:25:00
5822166.210280581,1.0,,,1.4,,0.079374,,,2025-05-07 20:30:00
5822167.210409457,1.0,,,1.4,,0.084481,,,2025-05-07 20:35:00
5822168.210538332,1.0,,,1.4,,0.084715,,,2025-05-07 20:40:00
5822169.210667208,1.0,,,1.4,,0.091184,,,2025-05-07 20:45:00
5822170.210796082,1.0,,,1.4,,0.051121,,,2025-05-07 20:50:00
5822171.210924958,1.0,,,1.4,,0.058591,,,2025-05-07 20:55:00
5822172.211053833,1.0,,,1.4,,0.067619,,,2025-05-07 21:00:00
5822173.211182709,1.0,,,1.4,,0.071111,,,2025-05-07 21:05:00
5822174.211311584,1.0,,,1.4,,0.058932,,,2025-05-07 21:10:00
5822175.211440459,1.0,,,1.4,,0.019926,,,2025-05-07 21:15:00
5822176.211569334,1.0,,,1.4,,0.0,,,2025-05-07 21:20:00
5822177.21169821,1.0,,,1.4,,,,,2025-05-07 21:25:00
5822178.211827085,1.0,,,1.4,,,,,2025-05-07 21:30:00
5822179.21195596,1.0,,,1.4,,,,,2025-05-07 21:35:00
5822180.212084835,1.0,,,1.4,,,,,2025-05-07 21:40:00
5822181.212213711,1.0,,,1.4,,,,,2025-05-07 21:45:00
5822182.212342586,1.0,,,1.4,,,,,2025-05-07 21:50:00
5822183.212471461,1.0,,196.0,1.4,,,,0.4,2025-05-07 21:55:00
5822184.212600336,1.0,,,1.4,,,,,2025-05-07 22:00:00
5822185.212729212,1.0,,,1.4,,,,,2025-05-07 22:05:00
5822186.212858087,1.0,,,1.4,,,,,2025-05-07 22:10:00
5822187.212986963,1.0,,,1.4,,,,,2025-05-07 22:15:00
5822188.213115837,1.0,,,1.4,,,,,2025-05-07 22:20:00
5822189.213244713,1.0,,,1.4,,,,,2025-05-07 22:25:00
5822190.213373588,1.0,,,1.4,,,,,2025-05-07 22:30:00
5822191.213502464,1.0,,,1.4,,,,,2025-05-07 22:35:00
5822192.213631338,1.0,,,1.4,,,,,2025-05-07 22:40:00
5822193.213760214,1.0,,,1.4,,,,,2025-05-07 22:45:00
5822194.213889089,1.0,,,1.4,,,,,2025-05-07 22:50:00
5822195.214017965,1.0,,,1.4,,,,,2025-05-07 22:55:00
5822196.214146839,1.0,,,1.4,,,,,2025-05-07 23:00:00
5822197.214275715,1.0,,,1.4,,,,,2025-05-07 23:05:00
5822198.21440459,1.0,,,1.4,,,,,2025-05-07 23:10:00
5822199.214533466,1.0,,,1.4,,,,,2025-05-07 23:15:00
5822200.2146623405,1.0,,,1.4,,,,,2025-05-07 23:20:00
5822201.214791216,1.0,,,1.4,,,,,2025-05-07 23:25:00
5822202.214920091,1.0,,,1.4,,,,,2025-05-07 23:30:00
5822203.215048967,1.0,,,1.4,,,,,2025-05-07 23:35:00
5822204.215177842,1.0,,,1.4,,,,,2025-05-07 23:40:00
5822205.215306717,1.0,,,1.4,,,,,2025-05-07 23:45:00
5822206.215435592,1.0,,,1.4,,,,,2025-05-07 23:50:00
5822207.215564468,1.0,,,1.4,,,,,2025-05-07 23:55:00
5822208.215693343,1.0,,,1.4,,,,,2025-05-08 00:00:00
5822209.215822218,1.0,,,1.4,,,,,2025-05-08 00:05:00
5822210.2159510935,1.0,,,1.4,,,,,2025-05-08 00:10:00
5822211.216079969,1.0,,,1.4,,,,,2025-05-08 00:15:00
5822212.216208844,1.0,,,1.4,,,,,2025-05-08 00:20:00
5822213.216337719,1.0,,,1.4,,,,,2025-05-08 00:25:00
5822214.2164665945,1.0,,,1.4,,,,,2025-05-08 00:30:00
5822215.21659547,1.0,,,1.4,,,,,2025-05-08 00:35:00
5822216.216724345,1.0,,,1.4,,,,,2025-05-08 00:40:00
5822217.216853221,1.0,,,1.4,,,,,2025-05-08 00:45:00
5822218.2169820955,1.0,,,1.4,,,,,2025-05-08 00:50:00
5822219.217110971,1.0,,,1.4,,,,,2025-05-08 00:55:00
5822220.2172398465,1.0,,,1.4,,,,,2025-05-08 01:00:00
5822221.217368722,1.0,,,1.4,,,,,2025-05-08 01:05:00
5822222.2174975965,1.0,,,1.4,,,,,2025-05-08 01:10:00
5822223.217626472,1.0,,,1.4,,,,,2025-05-08 01:15:00
5822224.2177553475,1.0,,,1.4,,,,,2025-05-08 01:20:00
5822225.217884223,1.0,,,1.4,,,,,2025-05-08 01:25:00
5822226.2180130975,1.0,,,1.4,,,,,2025-05-08 01:30:00
5822227.218141973,1.0,,,1.4,,,,3.25,2025-05-08 01:35:00
5822228.2182708485,1.0,,,1.4,,,,,2025-05-08 01:40:00
5822229.218399724,1.0,,,1.4,,,,,2025-05-08 01:45:00
5822230.2185285995,1.0,,,1.4,,,,,2025-05-08 01:50:00
5822231.218657474,1.0,,,1.4,,,,,2025-05-08 01:55:00
5822232.2187863495,1.0,,,1.4,,,,,2025-05-08 02:00:00
5822233.218915225,1.0,,,1.4,,,,,2025-05-08 02:05:00
5822234.2190441005,1.0,,,1.4,,,,,2025-05-08 02:10:00
5822235.219172975,1.0,,,1.4,,,,,2025-05-08 02:15:00
5822236.219301851,1.0,,,1.4,,,,,2025-05-08 02:20:00
5822237.219430726,1.0,,,1.4,,,,,2025-05-08 02:25:00
5822238.2195596015,1.0,,,1.4,,,,,2025-05-08 02:30:00
5822239.219688476,1.0,,,1.4,,,,5.0,2025-05-08 02:35:00
5822240.219817352,1.0,,,1.4,,,,,2025-05-08 02:40:00
5822241.219946227,1.0,,,1.4,,,,,2025-05-08 02:45:00
5822242.2200751025,1.0,,,1.4,,,,,2025-05-08 02:50:00
5822243.220203978,1.0,,,1.4,,,,,2025-05-08 02:55:00
5822244.220332853,1.0,,,1.4,,,,,2025-05-08 03:00:00
5822245.220461728,1.0,,,1.4,,,,,2025-05-08 03:05:00
5822246.220590604,1.0,,,1.4,,,,,2025-05-08 03:10:00
5822247.220719479,1.0,,,1.4,,,,,2025-05-08 03:15:00
5822248.220848354,1.0,,,1.4,,,,,2025-05-08 03:20:00
5822249.220977229,1.0,,,1.4,,,,,2025-05-08 03:25:00
5822250.221106105,1.0,,,1.4,,,,,2025-05-08 03:30:00
5822251.22123498,1.0,,,1.4,,,,,2025-05-08 03:35:00
5822252.221363855,1.0,,,1.4,,,,,2025-05-08 03:40:00
5822253.22149273,1.0,,,1.4,,,,,2025-05-08 03:45:00
5822254.221621606,1.0,,,1.4,,,,,2025-05-08 03:50:00
5822255.221750481,1.0,,,1.4,,,,,2025-05-08 03:55:00
5822256.221879356,1.0,,,1.4,,,,,2025-05-08 04:00:00
5822257.222008231,1.0,,,1.4,,,,,2025-05-08 04:05:00
5822258.222137107,1.0,,,1.4,,,,,2025-05-08 04:10:00
5822259.222265982,1.0,,,1.4,,,,,2025-05-08 04:15:00
5822260.222394858,1.0,,,1.4,,,,,2025-05-08 04:20:00
5822261.222523732,1.0,,,1.4,,,,,2025-05-08 04:25:00
5822262.222652608,1.0,,,1.4,,,,,2025-05-08 04:30:00
5822263.222781483,1.0,,,1.4,,,,,2025-05-08 04:35:00
5822264.222910359,1.0,,,1.4,,,,,2025-05-08 04:40:00
5822265.223039233,1.0,,,1.4,,,,,2025-05-08 04:45:00
5822266.223168109,1.0,,,1.4,,,,,2025-05-08 04:50:00
5822267.223296984,1.0,,,1.4,,,,,2025-05-08 04:55:00
5822268.22342586,1.0,,,1.4,,,,,2025-05-08 05:00:00
5822269.223554734,1.0,,,1.4,,,,,2025-05-08 05:05:00
5822270.22368361,1.0,,,1.4,,,,,2025-05-08 05:10:00
5822271.223812485,1.0,,,1.4,,,,,2025-05-08 05:15:00
5822272.223941361,1.0,,,1.4,,,,,2025-05-08 05:20:00
5822273.224070236,1.0,,,1.4,,,,,2025-05-08 05:25:00
5822274.224199111,1.0,,,1.4,,,,,2025-05-08 05:30:00
5822275.224327986,1.0,,,1.4,,,,,2025-05-08 05:35:00
5822276.224456862,1.0,,,1.4,,,,,2025-05-08 05:40:00
5822277.224585737,1.0,,,1.4,,,,,2025-05-08 05:45:00
5822278.224714612,1.0,,,1.4,,,,,2025-05-08 05:50:00
5822279.224843487,1.0,,,1.4,,,,,2025-05-08 05:55:00
5822280.224972363,1.0,,,1.4,,,,,2025-05-08 06:00:00
5822281.225101238,1.0,,,1.4,,,,,2025-05-08 06:05:00
5822282.225230113,1.0,,,1.4,,,,,2025-05-08 06:10:00
5822283.225358988,1.0,,,1.4,,,,,2025-05-08 06:15:00
5822284.225487864,1.0,,,1.4,,,,,2025-05-08 06:20:00
5822285.225616739,1.0,,,1.4,,,,,2025-05-08 06:25:00
5822286.225745615,1.0,,,1.4,,,,,2025-05-08 06:30:00
5822287.225874489,1.0,,,1.4,,,,,2025-05-08 06:35:00
5822288.226003365,1.0,,,1.4,,,,,2025-05-08 06:40:00
5822289.22613224,1.0,,,1.4,,,,,2025-05-08 06:45:00
5822290.226261116,1.0,,,1.4,,,,,2025-05-08 06:50:00
5822291.22638999,1.0,,,1.4,,,,,2025-05-08 06:55:00
5822292.226518866,1.0,,,1.4,,,,,2025-05-08 07:00:00
5822293.226647741,1.0,,,1.4,,,,,2025-05-08 07:05:00
5822294.226776617,1.0,,,1.4,,,,,2025-05-08 07:10:00
5822295.226905491,1.0,,,1.4,,,,,2025-05-08 07:15:00
5822296.227034367,1.0,,,1.4,,,,,2025-05-08 07:20:00
5822297.227163242,1.0,,,1.4,,,,,2025-05-08 07:25:00
5822298.227292118,1.0,,,1.4,,,,,2025-05-08 07:30:00
5822299.227420993,1.0,,,1.4,,,,,2025-05-08 07:35:00
5822300.227549868,1.0,,,1.4,,,,,2025-05-08 07:40:00
5822301.227678743,1.0,,,1.4,,,,,2025-05-08 07:45:00
5822302.227807619,1.0,,,1.4,,,,,2025-05-08 07:50:00
5822303.227936494,1.0,,,1.4,,,,,2025-05-08 07:55:00
5822304.228065369,1.0,,,1.4,,,,,2025-05-08 08:00:00
5822305.228194244,1.0,,,1.4,,,,,2025-05-08 08:05:00
5822306.22832312,1.0,,,1.4,,,,,2025-05-08 08:10:00
5822307.228451995,1.0,,,1.4,,,,,2025-05-08 08:15:00
5822308.22858087,1.0,,,1.4,,,,,2025-05-08 08:20:00
5822309.228709745,1.0,,,1.4,,,,7.3,2025-05-08 08:25:00
5822310.228838621,1.0,,,1.4,,,,,2025-05-08 08:30:00
5822311.228967496,1.0,,,1.4,,,,,2025-05-08 08:35:00
5822312.229096371,1.0,,,1.4,,,,,2025-05-08 08:40:00
5822313.229225246,1.0,,,1.4,,,,,2025-05-08 08:45:00
5822314.229354122,1.0,,,1.4,,,,,2025-05-08 08:50:00
5822315.229482997,1.0,,,1.4,,,,,2025-05-08 08:55:00
5822316.229611873,1.0,,,1.4,,,,,2025-05-08 09:00:00
5822317.229740747,1.0,,,1.4,,,,,2025-05-08 09:05:00
5822318.229869623,1.0,,,1.4,,,,,2025-05-08 09:10:00
5822319.229998498,1.0,,,1.4,,,,,2025-05-08 09:15:00
5822320.230127374,1.0,,,1.4,,,,,2025-05-08 09:20:00
5822321.230256248,1.0,,,1.4,,,,,2025-05-08 09:25:00
5822322.230385124,1.0,,,1.4,,,,,2025-05-08 09:30:00
5822323.230513999,1.0,,,1.4,,,,,2025-05-08 09:35:00
5822324.230642875,1.0,,,1.4,,,,,2025-05-08 09:40:00
5822325.230771749,1.0,,,1.4,,,,,2025-05-08 09:45:00
5822326.230900625,1.0,,,1.4,,,,,2025-05-08 09:50:00
5822327.2310295,1.0,,,1.4,,0.009461,,,2025-05-08 09:55:00
5822328.231158376,1.0,,,1.4,,0.01498,,,2025-05-08 10:00:00
5822329.231287251,1.0,,,1.4,,0.026156,,,2025-05-08 10:05:00
5822330.231416126,1.0,,,1.4,,0.031587,,,2025-05-08 10:10:00
5822331.231545001,1.0,,,1.4,,0.043675,,,2025-05-08 10:15:00
5822332.231673877,1.0,,,1.4,,0.061124,,,2025-05-08 10:20:00
5822333.231802752,1.0,,,1.4,,0.067971,,,2025-05-08 10:25:00
5822334.231931627,1.0,,,1.4,,0.051332,,,2025-05-08 10:30:00
5822335.232060502,1.0,,,1.4,,0.035394,,,2025-05-08 10:35:00
5822336.232189378,1.0,,,1.4,,0.049506,,,2025-05-08 10:40:00
5822337.232318253,1.0,,,1.4,,0.02676,,,2025-05-08 10:45:00
5822338.232447128,1.0,,,1.4,,0.039609,,,2025-05-08 10:50:00
5822339.232576003,1.0,,,1.4,,0.039799,,,2025-05-08 10:55:00
5822340.232704879,1.0,,,1.4,,0.051372,,,2025-05-08 11:00:00
5822341.232833754,1.0,,,1.4,,0.058773,,,2025-05-08 11:05:00
5822342.23296263,1.0,,,1.4,,0.058147,,,2025-05-08 11:10:00
5822343.233091504,1.0,,,1.4,,0.066488,,,2025-05-08 11:15:00
5822344.23322038,1.0,,,1.4,,0.082654,,,2025-05-08 11:20:00
5822345.233349255,1.0,,,1.4,,0.090685,,,2025-05-08 11:25:00
5822346.233478131,1.0,,,1.4,,0.092108,,,2025-05-08 11:30:00
5822347.233607005,1.0,,,1.4,,0.10565,,,2025-05-08 11:35:00
5822348.233735881,1.0,,,1.4,,0.103787,,,2025-05-08 11:40:00
5822349.233864756,1.0,,,1.4,,0.108907,,,2025-05-08 11:45:00
5822350.233993632,1.0,,,1.4,,0.11977,,,2025-05-08 11:50:00
5822351.234122506,1.0,,,1.4,,0.110682,,,2025-05-08 11:55:00
5822352.234251382,1.0,,,1.4,,0.107447,,,2025-05-08 12:00:00
5822353.234380257,1.0,,,1.4,,0.077485,,,2025-05-08 12:05:00
5822354.234509133,1.0,,,1.4,,0.079746,,,2025-05-08 12:10:00
5822355.234638008,1.0,,,1.4,,0.060103,,,2025-05-08 12:15:00
5822356.234766883,1.0,,,1.4,,0.068958,,,2025-05-08 12:20:00
5822357.234895758,1.0,,,1.4,,0.036792,,,2025-05-08 12:25:00
5822358.235024634,1.0,,,1.4,,0.026518,100.0,,2025-05-08 12:30:00
5822359.235153509,1.0,,,1.4,,0.022887,,,2025-05-08 12:35:00
5822360.235282384,1.0,,,1.4,,0.031919,,,2025-05-08 12:40:00
5822361.235411259,1.0,,,1.4,,0.021057,,,2025-05-08 12:45:00
5822362.235540135,1.0,,,1.4,,0.029259,,,2025-05-08 12:50:00
5822363.23566901,1.0,,,1.4,,0.033472,,,2025-05-08 12:55:00
5822364.235797885,1.0,,,1.4,,0.040915,,,2025-05-08 13:00:00
5822365.23592676,1.0,,,1.4,,0.045967,,,2025-05-08 13:05:00
5822366.236055636,1.0,,,1.4,,0.021693,,,2025-05-08 13:10:00
5822367.236184511,1.0,,,1.4,,0.026047,,,2025-05-08 13:15:00
5822368.236313386,1.0,,,1.4,,0.030716,,,2025-05-08 13:20:00
5822369.236442261,1.0,,,1.4,,0.025858,,,2025-05-08 13:25:00
5822370.236571137,1.0,,,1.4,,0.033871,,,2025-05-08 13:30:00
5822371.236700012,1.0,,,1.4,,0.033007,,,2025-05-08 13:35:00
5822372.236828888,1.0,,,1.4,,0.020022,,,2025-05-08 13:40:00
5822373.236957762,1.0,,,1.4,,0.01963,,,2025-05-08 13:45:00
5822374.237086638,1.0,,,1.4,,0.023017,,,2025-05-08 13:50:00
5822375.237215513,1.0,,,1.4,,0.018131,,,2025-05-08 13:55:00
5822376.237344389,1.0,,,1.4,,0.023901,,10.0,2025-05-08 14:00:00
5822377.237473263,1.0,,,1.4,,0.034963,,,2025-05-08 14:05:00
5822378.237602139,1.0,,,1.4,,0.039483,,,2025-05-08 14:10:00
5822379.237731014,1.0,,,1.4,,0.041169,,,2025-05-08 14:15:00
5822380.23785989,1.0,,,1.4,,0.03871,,,2025-05-08 14:20:00
5822381.237988764,1.0,,,1.4,,0.034433,,,2025-05-08 14:25:00
5822382.23811764,1.0,,,1.4,,0.025836,,,2025-05-08 14:30:00
5822383.238246515,1.0,,,1.4,,0.031988,,,2025-05-08 14:35:00
5822384.238375391,1.0,,,1.4,,0.041645,,,2025-05-08 14:40:00
5822385.238504266,1.0,,,1.4,,0.025907,,,2025-05-08 14:45:00
5822386.238633141,1.0,,,1.4,,0.023254,,,2025-05-08 14:50:00
5822387.238762016,1.0,,,1.4,,0.024266,,,2025-05-08 14:55:00
5822388.238890892,1.0,,,1.4,,0.030176,,,2025-05-08 15:00:00
5822389.239019767,1.0,,,1.4,,0.030111,,,2025-05-08 15:05:00
5822390.239148642,1.0,,,1.4,,0.04328,,,2025-05-08 15:10:00
5822391.239277517,1.0,,,1.4,,0.052821,,,2025-05-08 15:15:00
5822392.239406393,1.0,,,1.4,,0.043734,,,2025-05-08 15:20:00
5822393.239535268,1.0,,,1.4,,0.019802,,,2025-05-08 15:25:00
5822394.239664143,1.0,,,1.4,,0.034964,,,2025-05-08 15:30:00
5822395.239793018,1.0,,,1.4,,0.052167,,,2025-05-08 15:35:00
5822396.239921894,1.0,,,1.4,,0.065414,,,2025-05-08 15:40:00
5822397.240050769,1.0,,,1.4,,0.057017,,,2025-05-08 15:45:00
5822398.240179645,1.0,,,1.4,,0.061275,,,2025-05-08 15:50:00
5822399.240308519,1.0,,,1.4,,0.040922,,,2025-05-08 15:55:00
5822400.240437395,1.0,,,1.4,,0.065442,,,2025-05-08 16:00:00
5822401.24056627,1.0,,,1.4,,0.060871,,,2025-05-08 16:05:00
5822402.240695146,1.0,,,1.4,,0.083449,,,2025-05-08 16:10:00
5822403.2408240205,1.0,,,1.4,,0.04313,,,2025-05-08 16:15:00
5822404.240952896,1.0,,,1.4,,0.037449,,,2025-05-08 16:20:00
5822405.241081771,1.0,,,1.4,,0.0323,,,2025-05-08 16:25:00
5822406.241210647,1.0,,,1.4,,0.037972,,,2025-05-08 16:30:00
5822407.2413395215,1.0,,,1.4,,0.040879,,,2025-05-08 16:35:00
5822408.241468397,1.0,,,1.4,,0.048937,,,2025-05-08 16:40:00
5822409.241597272,1.0,,,1.4,,0.05548,,,2025-05-08 16:45:00
5822410.241726148,1.0,,,1.4,,0.052227,,5.7,2025-05-08 16:50:00
5822411.241855023,1.0,,,1.4,,0.055438,,,2025-05-08 16:55:00
5822412.241983898,1.0,,,1.4,,0.070357,,,2025-05-08 17:00:00
5822413.2421127735,1.0,,,1.4,,0.078161,,,2025-05-08 17:05:00
5822414.242241649,1.0,,,1.4,,0.074627,,,2025-05-08 17:10:00
5822415.242370524,1.0,,,1.4,,0.088275,,,2025-05-08 17:15:00
5822416.242499399,1.0,,,1.4,,0.095843,,,2025-05-08 17:20:00
5822417.2426282745,1.0,,,1.4,,0.092175,,,2025-05-08 17:25:00
5822418.24275715,1.0,,,1.4,,0.075863,,,2025-05-08 17:30:00
5822419.242886025,1.0,,,1.4,,0.088425,,,2025-05-08 17:35:00
5822420.2430149,1.0,,,1.4,,0.093733,,,2025-05-08 17:40:00
5822421.2431437755,1.0,,,1.4,,0.094902,,,2025-05-08 17:45:00
5822422.243272651,1.0,,,1.4,,0.089671,,,2025-05-08 17:50:00
5822423.2434015265,1.0,,,1.4,,0.097593,,,2025-05-08 17:55:00
5822424.243530401,1.0,,,1.4,,0.091196,,,2025-05-08 18:00:00
5822425.2436592765,1.0,,,1.4,,0.092762,,,2025-05-08 18:05:00
5822426.243788152,1.0,,,1.4,,0.082818,,,2025-05-08 18:10:00
5822427.2439170275,1.0,,,1.4,,0.039388,,,2025-05-08 18:15:00
5822428.244045903,1.0,,,1.4,,0.047314,,,2025-05-08 18:20:00
5822429.2441747775,1.0,,,1.4,,0.052902,,,2025-05-08 18:25:00
5822430.244303653,1.0,,,1.4,,0.049963,,,2025-05-08 18:30:00
5822431.2444325285,1.0,,,1.4,,0.056135,,,2025-05-08 18:35:00
5822432.244561404,1.0,,,1.4,,0.048944,,,2025-05-08 18:40:00
5822433.244690279,1.0,,,1.4,,0.0455,,,2025-05-08 18:45:00
5822434.244819154,1.0,,,1.4,,0.015764,,,2025-05-08 18:50:00
5822435.2449480295,1.0,,,1.4,,0.019073,,,2025-05-08 18:55:00
5822436.245076905,1.0,,,1.4,,0.018858,,,2025-05-08 19:00:00
5822437.24520578,1.0,,,1.4,,0.019035,,,2025-05-08 19:05:00
5822438.245334655,1.0,,,1.4,,0.023122,,,2025-05-08 19:10:00
5822439.2454635305,1.0,,,1.4,,0.017139,,,2025-05-08 19:15:00
5822440.245592406,1.0,,,1.4,,0.019739,,,2025-05-08 19:20:00
5822441.2457212815,1.0,,,1.4,,0.015367,,,2025-05-08 19:25:00
5822442.245850156,1.0,,,1.4,,0.013571,12.0,,2025-05-08 19:30:00
5822443.245979032,1.0,,,1.4,,0.020931,,,2025-05-08 19:35:00
5822444.246107907,1.0,,,1.4,,0.018733,,,2025-05-08 19:40:00
5822445.2462367825,1.0,,,1.4,,0.018385,,,2025-05-08 19:45:00
5822446.246365657,1.0,,,1.4,,0.018678,,,2025-05-08 19:50:00
5822447.246494533,1.0,,,1.4,,0.023892,,,2025-05-08 19:55:00
5822448.246623408,1.0,,,1.4,,0.028723,,,2025-05-08 20:00:00
5822449.246752284,1.0,,,1.4,,0.037526,,,2025-05-08 20:05:00
5822450.246881158,1.0,,,1.4,,0.031061,,,2025-05-08 20:10:00
5822451.247010034,1.0,,,1.4,,0.031532,,,2025-05-08 20:15:00
5822452.247138909,1.0,,,1.4,,0.038178,,,2025-05-08 20:20:00
5822453.247267785,1.0,,,1.4,,0.048487,,,2025-05-08 20:25:00
5822454.24739666,1.0,,,1.4,,0.047891,,,2025-05-08 20:30:00
5822455.247525535,1.0,,,1.4,,0.019877,,,2025-05-08 20:35:00
5822456.24765441,1.0,,,1.4,,0.029314,,,2025-05-08 20:40:00
5822457.247783286,1.0,,,1.4,,0.039018,,,2025-05-08 20:45:00
5822458.247912161,1.0,,,1.4,,0.05715,,,2025-05-08 20:50:00
5822459.248041036,1.0,,,1.4,,0.067487,,,2025-05-08 20:55:00
5822460.248169911,1.0,,,1.4,,0.084107,,3.5,2025-05-08 21:00:00
5822461.248298787,1.0,,,1.4,,0.103312,,,2025-05-08 21:05:00
5822462.248427662,1.0,,,1.4,,0.122112,,,2025-05-08 21:10:00
5822463.248556537,1.0,,,1.4,,0.13398,,,2025-05-08 21:15:00
5822464.248685412,1.0,,,1.4,,0.148852,,,2025-05-08 21:20:00
5822465.248814288,1.0,,,1.4,,0.151635,,,2025-05-08 21:25:00
5822466.248943163,1.0,,,1.4,,0.18064,,,2025-05-08 21:30:00
5822467.249072039,1.0,,,1.4,,0.201543,,,2025-05-08 21:35:00
5822468.249200913,1.0,,,1.4,,0.200117,,,2025-05-08 21:40:00
5822469.249329789,1.0,,,1.4,,0.06258,,,2025-05-08 21:45:00
5822470.249458664,1.0,,,1.4,,0.083002,,,2025-05-08 21:50:00
5822471.24958754,1.0,,,1.4,,0.081946,,,2025-05-08 21:55:00
5822472.249716414,1.0,,,1.4,,0.092138,,,2025-05-08 22:00:00
5822473.24984529,1.0,,,1.4,,0.069407,,1.7,2025-05-08 22:05:00
5822474.249974165,1.0,,,1.4,,0.027893,,,2025-05-08 22:10:00
5822475.250103041,1.0,,,1.4,,0.025613,,,2025-05-08 22:15:00
5822476.250231915,1.0,,,1.4,,0.041184,,,2025-05-08 22:20:00
5822477.250360791,1.0,,,1.4,,0.056641,,,2025-05-08 22:25:00
5822478.250489666,1.0,,,1.4,,0.074478,,,2025-05-08 22:30:00
5822479.250618542,1.0,,,1.4,,0.092734,,,2025-05-08 22:35:00
5822480.250747416,1.0,,,1.4,,0.107557,,,2025-05-08 22:40:00
5822481.250876292,1.0,,,1.4,,0.122396,,,2025-05-08 22:45:00
5822482.251005167,1.0,,,1.4,,0.139168,,,2025-05-08 22:50:00
5822483.251134043,1.0,,,1.4,,0.155417,,,2025-05-08 22:55:00
5822484.251262918,1.0,,,1.4,,0.171091,,,2025-05-08 23:00:00
5822485.251391793,1.0,,,1.4,,0.197922,,,2025-05-08 23:05:00
5822486.251520668,1.0,,,1.4,,0.214622,,,2025-05-08 23:10:00
5822487.251649544,1.0,,,1.4,,0.228401,,,2025-05-08 23:15:00
5822488.251778419,1.0,,,1.4,,0.243121,,,2025-05-08 23:20:00
5822489.251907294,1.0,,,1.4,,0.253155,,,2025-05-08 23:25:00
5822490.252036169,1.0,,,1.4,,0.267119,,,2025-05-08 23:30:00
5822491.252165045,1.0,,,1.4,,0.282474,,,2025-05-08 23:35:00
5822492.25229392,1.0,,,1.4,,0.30393,,,2025-05-08 23:40:00
5822493.252422795,1.0,,,1.4,,0.320081,,,2025-05-08 23:45:00
5822494.25255167,1.0,,,1.4,,0.331322,,,2025-05-08 23:50:00
5822495.252680546,1.0,,,1.4,,0.341603,,,2025-05-08 23:55:00
5822496.252809421,1.0,,,1.3,,0.365041,,,2025-05-09 00:00:00
5822497.252938297,1.0,,,1.3,,0.375655,,,2025-05-09 00:05:00
5822498.253067171,1.0,,,1.3,,0.386879,,,2025-05-09 00:10:00
5822499.253196047,1.0,,,1.3,,0.378327,,,2025-05-09 00:15:00
5822500.253324922,1.0,,,1.3,,0.401711,,,2025-05-09 00:20:00
5822501.253453798,1.0,,,1.3,,0.41943,,,2025-05-09 00:25:00
5822502.253582672,1.0,,,1.3,,0.428441,,,2025-05-09 00:30:00
5822503.253711548,1.0,,,1.3,,0.465253,,,2025-05-09 00:35:00
5822504.253840423,1.0,,,1.3,,0.493067,,,2025-05-09 00:40:00
5822505.253969299,1.0,,,1.3,,0.491259,,,2025-05-09 00:45:00
5822506.254098173,1.0,,,1.3,,0.499071,,,2025-05-09 00:50:00
5822507.254227049,1.0,,,1.3,,0.513818,,,2025-05-09 00:55:00
5822508.254355924,1.0,,,1.3,,0.512382,,,2025-05-09 01:00:00
5822509.2544848,1.0,,,1.3,,0.521728,,,2025-05-09 01:05:00
5822510.254613675,1.0,,,1.3,,0.532076,,,2025-05-09 01:10:00
5822511.25474255,1.0,,,1.3,,0.5249,,,2025-05-09 01:15:00
5822512.254871425,1.0,,,1.3,,0.549055,,,2025-05-09 01:20:00
5822513.255000301,1.0,,,1.3,,0.518523,,,2025-05-09 01:25:00
5822514.255129176,1.0,,,1.3,,0.375399,,,2025-05-09 01:30:00
5822515.255258051,1.0,,,1.3,,0.389809,,2.1,2025-05-09 01:35:00
5822516.255386926,1.0,,,1.3,,0.406101,,,2025-05-09 01:40:00
5822517.255515802,1.0,,,1.3,,0.418311,,,2025-05-09 01:45:00
5822518.255644677,1.0,,,1.3,,0.403672,,,2025-05-09 01:50:00
5822519.255773552,1.0,,,1.3,,0.404338,,,2025-05-09 01:55:00
5822520.255902427,1.0,,,1.3,,0.410589,,,2025-05-09 02:00:00
5822521.256031303,1.0,,,1.3,,0.419279,,,2025-05-09 02:05:00
5822522.256160178,1.0,,,1.3,,0.416047,,,2025-05-09 02:10:00
5822523.256289054,1.0,,,1.3,,0.416267,,,2025-05-09 02:15:00
5822524.256417928,1.0,,,1.3,,0.48191,,,2025-05-09 02:20:00
5822525.256546804,1.0,,,1.3,,0.446328,,,2025-05-09 02:25:00
5822526.256675679,1.0,,,1.3,,0.439142,,,2025-05-09 02:30:00
5822527.256804555,1.0,,,1.3,,0.464624,,,2025-05-09 02:35:00
5822528.256933429,1.0,,,1.3,,0.48878,,,2025-05-09 02:40:00
5822529.257062305,1.0,,,1.3,,0.556672,,,2025-05-09 02:45:00
5822530.25719118,1.0,,,1.3,,0.528706,,,2025-05-09 02:50:00
5822531.257320056,1.0,,,1.3,,0.530754,,,2025-05-09 02:55:00
5822532.25744893,1.0,,,1.3,,0.531191,,,2025-05-09 03:00:00
5822533.257577806,1.0,,,1.3,,0.523833,,,2025-05-09 03:05:00
5822534.257706681,1.0,,,1.3,,0.52152,,,2025-05-09 03:10:00
5822535.257835557,1.0,,,1.3,,0.585849,,,2025-05-09 03:15:00
5822536.257964431,1.0,,,1.3,,0.54953,,,2025-05-09 03:20:00
5822537.258093307,1.0,,,1.3,,0.545337,,,2025-05-09 03:25:00
5822538.258222182,1.0,,,1.3,,0.530415,,,2025-05-09 03:30:00
5822539.258351058,1.0,,,1.3,,0.538208,,,2025-05-09 03:35:00
5822540.258479933,1.0,,,1.3,,0.543711,,,2025-05-09 03:40:00
5822541.258608808,1.0,,,1.3,,0.544365,,,2025-05-09 03:45:00
5822542.258737683,1.0,,,1.3,,0.550125,,,2025-05-09 03:50:00
5822543.258866559,1.0,,,1.3,,0.546942,,,2025-05-09 03:55:00
5822544.258995434,1.0,,,1.3,,0.543405,,,2025-05-09 04:00:00
5822545.259124309,1.0,,,1.3,,0.547496,,,2025-05-09 04:05:00
5822546.259253184,1.0,,,1.3,,0.549548,,,2025-05-09 04:10:00
5822547.25938206,1.0,,,1.3,,0.545674,,,2025-05-09 04:15:00
5822548.259510935,1.0,,,1.3,,0.539382,,,2025-05-09 04:20:00
5822549.25963981,1.0,,,1.3,,0.546833,,,2025-05-09 04:25:00
5822550.259768685,1.0,,,1.3,,0.528548,,,2025-05-09 04:30:00
5822551.259897561,1.0,,,1.3,,0.522736,,,2025-05-09 04:35:00
5822552.260026436,1.0,,,1.3,,0.524827,,,2025-05-09 04:40:00
5822553.260155312,1.0,,,1.3,,0.545566,,,2025-05-09 04:45:00
5822554.260284186,1.0,,,1.3,,0.583423,,,2025-05-09 04:50:00
5822555.260413062,1.0,,,1.3,,0.539189,,,2025-05-09 04:55:00
5822556.260541937,1.0,,,1.3,,0.545975,,,2025-05-09 05:00:00
5822557.260670813,1.0,,,1.3,,0.554049,,,2025-05-09 05:05:00
5822558.260799687,1.0,,,1.3,,0.560405,,,2025-05-09 05:10:00
5822559.260928563,1.0,,,1.3,,0.581253,,,2025-05-09 05:15:00
5822560.261057438,1.0,,,1.3,,0.587981,,,2025-05-09 05:20:00
5822561.261186314,1.0,,,1.3,,0.598799,,,2025-05-09 05:25:00
5822562.261315188,1.0,,,1.3,,0.579007,,,2025-05-09 05:30:00
5822563.261444064,1.0,,,1.3,,0.576884,,,2025-05-09 05:35:00
5822564.261572939,1.0,,,1.3,,0.540675,,,2025-05-09 05:40:00
5822565.261701815,1.0,,,1.3,,0.54746,,,2025-05-09 05:45:00
5822566.26183069,1.0,,,1.3,,0.555233,,,2025-05-09 05:50:00
5822567.261959565,1.0,,,1.3,,0.62891,,,2025-05-09 05:55:00
5822568.26208844,1.0,,,1.3,,0.568866,,,2025-05-09 06:00:00
5822569.262217316,1.0,,,1.3,,0.570976,,,2025-05-09 06:05:00
5822570.262346191,1.0,,,1.3,,0.552588,,,2025-05-09 06:10:00
5822571.262475066,1.0,,,1.3,,0.558115,,,2025-05-09 06:15:00
5822572.262603941,1.0,,,1.3,,0.579061,,,2025-05-09 06:20:00
5822573.262732817,1.0,,,1.3,,0.594225,,,2025-05-09 06:25:00
5822574.262861692,1.0,,,1.3,,0.610467,,,2025-05-09 06:30:00
5822575.262990567,1.0,,,1.3,,0.628038,,,2025-05-09 06:35:00
5822576.263119442,1.0,,,1.3,,0.642492,,,2025-05-09 06:40:00
5822577.263248318,1.0,,,1.3,,0.024085,,,2025-05-09 06:45:00
5822578.263377193,1.0,,,1.3,,0.091636,,,2025-05-09 06:50:00
5822579.263506069,1.0,,,1.3,,0.089253,,,2025-05-09 06:55:00
5822580.263634943,1.0,,,1.3,,0.075037,,,2025-05-09 07:00:00
5822581.263763819,1.0,,,1.3,,0.064383,,,2025-05-09 07:05:00
5822582.263892694,1.0,,,1.3,,0.019827,,,2025-05-09 07:10:00
5822583.26402157,1.0,,,1.3,,0.031504,,,2025-05-09 07:15:00
5822584.264150444,1.0,,,1.3,,0.036985,,,2025-05-09 07:20:00
5822585.26427932,1.0,,,1.3,,0.0,,,2025-05-09 07:25:00
5822586.264408195,1.0,,,1.3,,,,,2025-05-09 07:30:00
5822587.264537071,1.0,,,1.3,,,,,2025-05-09 07:35:00
5822588.264665945,1.0,,,1.3,,,,,2025-05-09 07:40:00
5822589.264794821,1.0,,,1.3,,,,,2025-05-09 07:45:00
5822590.264923696,1.0,,,1.3,,,,,2025-05-09 07:50:00
5822591.265052572,1.0,,,1.3,,,,,2025-05-09 07:55:00
5822592.265181446,1.0,,,1.3,,,,,2025-05-09 08:00:00
5822593.265310322,1.0,,,1.3,,,,,2025-05-09 08:05:00
5822594.265439197,1.0,,,1.3,,,,,2025-05-09 08:10:00
5822595.265568073,1.0,,,1.3,,,,,2025-05-09 08:15:00
5822596.265696948,1.0,,,1.3,,,,,2025-05-09 08:20:00
5822597.265825823,1.0,,,1.3,,,75.0,,2025-05-09 08:25:00
5822598.265954698,1.0,,,1.3,,,,9.8,2025-05-09 08:30:00
5822599.266083574,1.0,,,1.3,,,,,2025-05-09 08:35:00
5822600.266212449,1.0,,,1.3,,,,,2025-05-09 08:40:00
5822601.266341324,1.0,,,1.3,,,,,2025-05-09 08:45:00
5822602.266470199,1.0,,,1.3,,,,,2025-05-09 08:50:00
5822603.266599075,1.0,,,1.3,,,,,2025-05-09 08:55:00
5822604.26672795,1.0,,,1.3,,,,,2025-05-09 09:00:00
5822605.266856825,1.0,,,1.3,,,,,2025-05-09 09:05:00
5822606.2669857005,1.0,,,1.3,,,,,2025-05-09 09:10:00
5822607.267114576,1.0,,,1.3,,,,,2025-05-09 09:15:00
5822608.267243451,1.0,,,1.3,,,,,2025-05-09 09:20:00
5822609.267372327,1.0,,,1.3,,,,,2025-05-09 09:25:00
5822610.2675012015,1.0,,,1.3,,0.01039,,,2025-05-09 09:30:00
5822611.267630077,1.0,,,1.3,,0.017258,,,2025-05-09 09:35:00
5822612.267758952,1.0,,,1.3,,0.019066,,,2025-05-09 09:40:00
5822613.267887828,1.0,,,1.3,,0.013718,,,2025-05-09 09:45:00
5822614.2680167025,1.0,,,1.3,,0.022719,,,2025-05-09 09:50:00
5822615.268145578,1.0,,,1.3,,0.026079,,,2025-05-09 09:55:00
5822616.2682744535,1.0,,,1.3,,0.007038,,,2025-05-09 10:00:00
5822617.268403329,1.0,,,1.3,,0.016749,,,2025-05-09 10:05:00
5822618.2685322035,1.0,,,1.3,,0.023742,,,2025-05-09 10:10:00
5822619.268661079,1.0,,,1.3,,0.021131,,,2025-05-09 10:15:00
5822620.2687899545,1.0,,,1.3,,0.027838,,,2025-05-09 10:20:00
5822621.26891883,1.0,,,1.3,,0.022281,,,2025-05-09 10:25:00
5822622.269047705,1.0,,,1.3,,0.012146,,,2025-05-09 10:30:00
5822623.26917658,1.0,,,1.3,,0.008452,,,2025-05-09 10:35:00
5822624.2693054555,1.0,,,1.3,,0.01219,,,2025-05-09 10:40:00
5822625.269434331,1.0,,,1.3,,0.020117,,1.9,2025-05-09 10:45:00
5822626.2695632065,1.0,,,1.3,,0.021078,,,2025-05-09 10:50:00
5822627.269692081,1.0,,,1.3,,0.011054,,,2025-05-09 10:55:00
5822628.2698209565,1.0,,,1.3,,0.005575,,,2025-05-09 11:00:00
5822629.269949832,1.0,,,1.3,,0.014581,,,2025-05-09 11:05:00
5822630.2700787075,1.0,,,1.3,,0.021716,,,2025-05-09 11:10:00
5822631.270207582,1.0,,,1.3,,0.011209,,,2025-05-09 11:15:00
5822632.2703364575,1.0,,,1.3,,0.016452,,,2025-05-09 11:20:00
5822633.270465333,1.0,,,1.3,,0.003453,,,2025-05-09 11:25:00
5822634.2705942085,1.0,,,1.3,,0.012247,,,2025-05-09 11:30:00
5822635.270723084,1.0,,,1.3,,0.02297,,,2025-05-09 11:35:00
5822636.270851959,1.0,,,1.3,,0.020774,,,2025-05-09 11:40:00
5822637.270980834,1.0,,,1.3,,0.01433,,,2025-05-09 11:45:00
5822638.2711097095,1.0,,,1.3,,0.015285,,,2025-05-09 11:50:00
5822639.271238585,1.0,,,1.3,,0.010261,,,2025-05-09 11:55:00
5822640.27136746,1.0,,,1.3,,0.015419,,,2025-05-09 12:00:00
5822641.271496335,1.0,,,1.3,,0.025371,,,2025-05-09 12:05:00
5822642.2716252105,1.0,,,1.3,,0.048618,,,2025-05-09 12:10:00
5822643.271754086,1.0,,,1.3,,0.056538,,,2025-05-09 12:15:00
5822644.271882961,1.0,,,1.3,,0.086379,,,2025-05-09 12:20:00
5822645.272011836,1.0,,,1.3,,0.107038,,,2025-05-09 12:25:00
5822646.272140712,1.0,,,1.3,,0.12158,,,2025-05-09 12:30:00
5822647.272269587,1.0,,,1.3,,0.026702,,,2025-05-09 12:35:00
5822648.272398462,1.0,,,1.3,,0.036974,,,2025-05-09 12:40:00
5822649.272527337,1.0,,,1.3,,0.045738,,,2025-05-09 12:45:00
5822650.272656213,1.0,,,1.3,,0.04027,,,2025-05-09 12:50:00
5822651.272785088,1.0,,,1.3,,0.03837,,,2025-05-09 12:55:00
5822652.2729139635,1.0,,,1.3,,0.019031,,,2025-05-09 13:00:00
5822653.273042838,1.0,,,1.3,,0.020935,,,2025-05-09 13:05:00
5822654.273171714,1.0,,139.0,1.3,,0.029871,,1.0,2025-05-09 13:10:00
5822655.273300589,1.0,,,1.3,,0.043507,,,2025-05-09 13:15:00
5822656.273429465,0.0,137.0,139.0,1.3,,0.060433,,,2025-05-09 13:20:00
5822657.273558339,0.0,139.0,,1.3,,0.080599,,,2025-05-09 13:25:00
5822658.273687215,0.0,140.0,,1.4,,0.067753,,,2025-05-09 13:30:00
5822659.27381609,0.0,142.0,,1.4,,0.09308,,,2025-05-09 13:35:00
5822660.273944966,0.0,148.0,,1.4,,0.17448,,,2025-05-09 13:40:00
5822661.27407384,0.0,151.0,,1.4,,0.182337,,1.5,2025-05-09 13:45:00
5822662.274202716,0.0,154.0,,1.4,,0.21122,,,2025-05-09 13:50:00
5822663.274331591,0.0,147.0,,1.4,,0.231737,,,2025-05-09 13:55:00
5822664.274460467,0.0,142.0,,1.4,,0.249334,,,2025-05-09 14:00:00
5822665.274589342,0.0,142.0,,1.4,,0.269115,,,2025-05-09 14:05:00
5822666.274718217,0.0,142.0,,1.4,,0.085198,,,2025-05-09 14:10:00
5822667.274847092,0.0,139.0,,1.4,,0.029609,,,2025-05-09 14:15:00
5822668.274975968,0.0,143.0,,1.4,,0.04167,60.0,7.8,2025-05-09 14:20:00
5822669.275104843,0.0,140.0,,1.4,,0.055852,,,2025-05-09 14:25:00
5822670.275233718,0.0,134.0,,1.4,,0.051993,,,2025-05-09 14:30:00
5822671.275362593,0.0,133.0,,1.4,,0.076205,,,2025-05-09 14:35:00
5822672.275491469,0.0,133.0,,1.4,,0.084117,,,2025-05-09 14:40:00
5822673.275620344,0.0,129.0,,1.4,,0.063028,,,2025-05-09 14:45:00
5822674.275749219,0.0,132.0,,1.4,,0.031568,,,2025-05-09 14:50:00
5822675.275878094,0.0,138.0,,1.4,,0.082459,,,2025-05-09 14:55:00
5822676.27600697,0.0,143.0,,1.4,,0.150099,,,2025-05-09 15:00:00
5822677.276135845,0.0,141.0,,1.4,,0.02054,,,2025-05-09 15:05:00
5822678.276264721,0.0,138.0,,1.4,,0.024189,,,2025-05-09 15:10:00
5822679.276393595,0.0,134.0,,1.4,,0.030399,,,2025-05-09 15:15:00
5822680.276522471,0.0,128.0,,1.4,,0.021956,,,2025-05-09 15:20:00
5822681.276651346,0.0,122.0,,1.4,,0.033178,,,2025-05-09 15:25:00
5822682.276780222,0.0,120.0,,1.4,,0.04383,,,2025-05-09 15:30:00
5822683.276909096,0.0,118.0,,1.4,,0.053273,,,2025-05-09 15:35:00
5822684.277037972,0.0,116.0,,1.4,,0.061195,,13.1,2025-05-09 15:40:00
5822685.277166847,0.0,113.0,,1.4,,0.075943,,,2025-05-09 15:45:00
5822686.277295723,0.0,111.0,,1.4,,0.085841,,,2025-05-09 15:50:00
5822687.277424597,0.0,112.0,,1.4,,0.094363,,,2025-05-09 15:55:00
5822688.277553473,0.0,116.0,,1.4,,0.104034,,,2025-05-09 16:00:00
5822689.277682348,0.0,120.0,,1.4,,0.112423,,,2025-05-09 16:05:00
5822690.277811224,0.0,125.0,,1.4,,0.122854,,,2025-05-09 16:10:00
5822691.277940099,0.0,131.0,,1.4,,0.128781,,,2025-05-09 16:15:00
5822692.278068974,0.0,129.0,,1.4,,0.142553,,,2025-05-09 16:20:00
5822693.278197849,0.0,127.0,,1.4,,0.0799,,,2025-05-09 16:25:00
5822694.278326725,0.0,127.0,,1.4,,0.082808,,,2025-05-09 16:30:00
5822695.2784556,0.0,128.0,,1.4,,0.095449,,,2025-05-09 16:35:00
5822696.278584475,0.0,126.0,,1.4,,0.069163,,,2025-05-09 16:40:00
5822697.27871335,0.0,119.0,,1.4,,0.098236,,,2025-05-09 16:45:00
5822698.278842226,0.0,110.0,,1.4,,0.111667,,,2025-05-09 16:50:00
5822699.278971101,0.0,104.0,,1.4,,0.123954,,,2025-05-09 16:55:00
5822700.279099976,0.0,99.0,,1.4,,0.141366,,,2025-05-09 17:00:00
5822701.279228851,0.0,95.0,,1.4,,0.154343,,,2025-05-09 17:05:00
5822702.279357727,0.0,93.0,,1.4,,0.172116,,,2025-05-09 17:10:00
5822703.279486602,0.0,93.0,,1.4,,0.165481,,,2025-05-09 17:15:00
5822704.279615477,0.0,91.0,,1.4,,0.177663,,,2025-05-09 17:20:00
5822705.279744352,0.0,89.0,,1.4,,0.194758,,,2025-05-09 17:25:00
5822706.279873228,0.0,92.0,,1.4,,0.203439,,,2025-05-09 17:30:00
5822707.280002103,0.0,85.0,,1.4,,0.215196,,,2025-05-09 17:35:00
5822708.280130979,0.0,80.0,,1.4,,0.224058,,,2025-05-09 17:40:00
5822709.280259853,0.0,80.0,,1.4,,0.230427,,,2025-05-09 17:45:00
5822710.280388729,0.0,79.0,,1.4,,0.240893,,,2025-05-09 17:50:00
5822711.280517604,0.0,81.0,,1.4,,0.246086,,,2025-05-09 17:55:00
5822712.28064648,0.0,83.0,,1.2,,0.106316,,,2025-05-09 18:00:00
5822713.280775354,0.0,81.0,,1.2,,0.165506,,,2025-05-09 18:05:00
5822714.28090423,0.0,80.0,,1.2,,0.124219,,,2025-05-09 18:10:00
5822715.281033105,0.0,80.0,,1.2,,0.174838,,,2025-05-09 18:15:00
5822716.281161981,0.0,78.0,,1.2,,0.168268,,,2025-05-09 18:20:00
5822717.281290855,0.0,77.0,,1.2,,0.155587,,,2025-05-09 18:25:00
5822718.281419731,0.0,79.0,,0.0,,0.133309,,,2025-05-09 18:30:00
5822719.281548606,0.0,87.0,,0.0,,0.135343,,,2025-05-09 18:35:00
5822720.281677482,0.0,85.0,,0.0,,0.150315,,,2025-05-09 18:40:00
5822721.281806357,0.0,77.0,,0.0,,0.176442,,,2025-05-09 18:45:00
5822722.281935232,0.0,72.0,,0.0,,0.175769,,,2025-05-09 18:50:00
5822723.282064107,0.0,70.0,,0.0,,0.129349,,,2025-05-09 18:55:00
5822724.282192983,0.0,69.0,,0.0,,0.150901,,,2025-05-09 19:00:00
5822725.282321858,0.0,67.0,,0.0,,0.1416,,,2025-05-09 19:05:00
5822726.282450733,1.0,,,0.0,,0.153744,,,2025-05-09 19:10:00
5822727.282579608,1.0,,,0.0,,0.174502,,,2025-05-09 19:15:00
5822728.282708484,1.0,,,0.0,,0.120513,,,2025-05-09 19:20:00
5822729.282837359,1.0,,,0.0,,0.063484,,,2025-05-09 19:25:00
5822730.282966234,1.0,,,0.0,,0.029791,,,2025-05-09 19:30:00
5822731.283095109,1.0,,,0.0,,0.027285,,,2025-05-09 19:35:00
5822732.283223985,1.0,,,0.0,,0.025751,,,2025-05-09 19:40:00
5822733.28335286,1.0,,,0.0,,0.035267,,,2025-05-09 19:45:00
5822734.283481736,1.0,,,0.0,,0.033692,,,2025-05-09 19:50:00
5822735.28361061,1.0,,,1.2,,0.034577,,,2025-05-09 19:55:00
5822736.283739486,1.0,,,1.2,,0.023645,,,2025-05-09 20:00:00
5822737.283868361,1.0,,,1.2,,0.027107,,,2025-05-09 20:05:00
5822738.283997237,1.0,,,1.2,,0.023749,,,2025-05-09 20:10:00
5822739.284126111,1.0,,,1.2,,0.034918,,,2025-05-09 20:15:00
5822740.284254987,1.0,,,1.2,,0.037308,,,2025-05-09 20:20:00
5822741.284383862,1.0,,,1.2,,0.046273,,,2025-05-09 20:25:00
5822742.284512738,1.0,,,1.2,,0.052166,,,2025-05-09 20:30:00
5822743.284641612,1.0,,,1.2,,0.032482,,,2025-05-09 20:35:00
5822744.284770488,1.0,,,1.2,,0.042951,,,2025-05-09 20:40:00
5822745.284899363,1.0,,,1.2,,0.05158,,,2025-05-09 20:45:00
5822746.285028239,1.0,,,1.2,,0.050934,,,2025-05-09 20:50:00
5822747.285157114,1.0,,,1.2,,0.066411,,,2025-05-09 20:55:00
5822748.285285989,1.0,,,1.1,,0.037443,,5.2,2025-05-09 21:00:00
5822749.285414864,1.0,,,1.1,,0.02187,,,2025-05-09 21:05:00
5822750.28554374,1.0,,,1.1,,0.02826,,,2025-05-09 21:10:00
5822751.285672615,1.0,,,1.1,,0.036638,,,2025-05-09 21:15:00
5822752.28580149,1.0,,,1.1,,0.018477,,,2025-05-09 21:20:00
5822753.285930365,1.0,,,1.1,,0.029972,,,2025-05-09 21:25:00
5822754.286059241,1.0,,,1.1,,0.033476,,,2025-05-09 21:30:00
5822755.286188116,1.0,,,1.1,,0.027177,,,2025-05-09 21:35:00
5822756.286316991,1.0,,,1.1,,0.028218,,,2025-05-09 21:40:00
5822757.286445866,1.0,,,1.1,,0.034113,,,2025-05-09 21:45:00
5822758.286574742,1.0,,,1.1,,0.028426,,,2025-05-09 21:50:00
5822759.286703617,1.0,,138.0,1.1,,0.039693,,,2025-05-09 21:55:00
5822760.286832492,1.0,,,1.1,,0.036521,,,2025-05-09 22:00:00
5822761.286961367,0.0,119.0,138.0,1.1,,0.0417,,,2025-05-09 22:05:00
5822762.287090243,0.0,123.0,,1.1,,0.039953,,,2025-05-09 22:10:00
5822763.287219118,0.0,118.0,,1.1,,0.034014,,,2025-05-09 22:15:00
5822764.287347994,0.0,114.0,,1.1,,0.038765,,,2025-05-09 22:20:00
5822765.287476868,0.0,114.0,,1.1,,0.040101,,,2025-05-09 22:25:00
5822766.287605744,0.0,110.0,,1.1,,0.047847,,,2025-05-09 22:30:00
5822767.287734619,0.0,103.0,,1.1,,0.021124,,,2025-05-09 22:35:00
5822768.287863495,0.0,101.0,,1.1,,0.028782,,,2025-05-09 22:40:00
5822769.287992369,0.0,96.0,,1.1,,0.038656,,,2025-05-09 22:45:00
5822770.288121245,0.0,88.0,,1.1,,0.043239,,,2025-05-09 22:50:00
5822771.28825012,0.0,79.0,103.0,1.1,,0.054985,,,2025-05-09 22:55:00
5822772.288378996,0.0,90.0,,1.1,,0.025352,,,2025-05-09 23:00:00
5822773.28850787,0.0,99.0,,1.1,,0.04209,,,2025-05-09 23:05:00
5822774.288636746,0.0,104.0,103.0,1.1,,0.056087,,,2025-05-09 23:10:00
5822775.288765621,0.0,116.0,,1.1,,0.051507,,,2025-05-09 23:15:00
5822776.288894497,0.0,129.0,,1.1,,0.068777,,3.0,2025-05-09 23:20:00
5822777.289023372,0.0,134.0,,1.1,,0.082063,,,2025-05-09 23:25:00
5822778.289152247,0.0,146.0,,1.1,,0.087144,,,2025-05-09 23:30:00
5822779.289281122,0.0,155.0,,1.1,,0.093793,,,2025-05-09 23:35:00
5822780.289409998,0.0,161.0,,1.1,,0.099316,,,2025-05-09 23:40:00
5822781.289538873,0.0,167.0,,1.1,,0.108545,,,2025-05-09 23:45:00
5822782.289667748,0.0,173.0,,1.1,,0.117272,,,2025-05-09 23:50:00
5822783.289796623,0.0,176.0,,1.1,,0.122975,,,2025-05-09 23:55:00
5822784.289925499,0.0,179.0,,1.1,,0.130495,,,2025-05-10 00:00:00
5822785.290054374,0.0,181.0,,1.1,,0.136173,,,2025-05-10 00:05:00
5822786.290183249,0.0,182.0,,1.1,,0.14966,,,2025-05-10 00:10:00
5822787.290312124,0.0,184.0,,1.1,,0.16036,,,2025-05-10 00:15:00
5822788.290441,0.0,185.0,,1.1,,0.168227,,,2025-05-10 00:20:00
5822789.290569875,0.0,185.0,,1.1,,0.173905,,,2025-05-10 00:25:00
5822790.290698751,0.0,184.0,,1.1,,0.180991,,,2025-05-10 00:30:00
5822791.290827625,0.0,182.0,,1.1,,0.190241,,,2025-05-10 00:35:00
5822792.290956501,0.0,182.0,,1.1,,0.194559,,,2025-05-10 00:40:00
5822793.291085376,0.0,195.0,,1.1,,0.209853,,,2025-05-10 00:45:00
5822794.291214252,0.0,199.0,,1.1,,0.227286,,,2025-05-10 00:50:00
5822795.291343126,0.0,197.0,,1.1,,0.242561,,,2025-05-10 00:55:00
5822796.291472002,0.0,190.0,,1.1,,0.24988,,,2025-05-10 01:00:00
5822797.291600877,0.0,187.0,,1.1,,0.25865,,,2025-05-10 01:05:00
5822798.291729753,0.0,186.0,,1.1,,0.256181,,,2025-05-10 01:10:00
5822799.291858627,0.0,185.0,,1.1,,0.259647,,,2025-05-10 01:15:00
5822800.291987503,0.0,178.0,,1.1,,0.263155,,,2025-05-10 01:20:00
5822801.292116378,0.0,173.0,,1.1,,0.265464,,,2025-05-10 01:25:00
5822802.292245254,0.0,171.0,,1.1,,0.279934,,,2025-05-10 01:30:00
5822803.292374129,0.0,165.0,,1.1,,0.301524,,,2025-05-10 01:35:00
5822804.292503004,0.0,160.0,,1.1,,0.334828,,,2025-05-10 01:40:00
5822805.292631879,0.0,160.0,,1.1,,0.321925,,,2025-05-10 01:45:00
5822806.292760755,0.0,180.0,,1.1,,0.37095,,,2025-05-10 01:50:00
5822807.29288963,0.0,190.0,,1.1,,0.42082,,,2025-05-10 01:55:00
5822808.293018505,0.0,185.0,,1.1,,0.447055,,,2025-05-10 02:00:00
5822809.29314738,0.0,186.0,,1.1,,0.423002,,,2025-05-10 02:05:00
5822810.293276256,0.0,182.0,,1.1,,0.444805,,,2025-05-10 02:10:00
5822811.293405131,0.0,180.0,,1.1,,0.415022,,,2025-05-10 02:15:00
5822812.293534006,0.0,179.0,,1.1,,0.396181,,,2025-05-10 02:20:00
5822813.2936628815,0.0,181.0,,1.1,,0.392786,,,2025-05-10 02:25:00
5822814.293791757,0.0,181.0,,1.1,,0.375195,,,2025-05-10 02:30:00
5822815.293920632,0.0,178.0,,1.1,,0.378906,,,2025-05-10 02:35:00
5822816.294049507,0.0,175.0,,1.1,,0.382053,,,2025-05-10 02:40:00
5822817.2941783825,0.0,171.0,,1.1,,0.032066,,,2025-05-10 02:45:00
5822818.294307258,0.0,163.0,,1.1,,0.051431,,,2025-05-10 02:50:00
5822819.2944361335,0.0,156.0,,1.1,,0.093524,,,2025-05-10 02:55:00
5822820.294565009,0.0,149.0,,1.1,,0.126757,,,2025-05-10 03:00:00
5822821.2946938835,0.0,152.0,,1.1,,0.160015,,,2025-05-10 03:05:00
5822822.294822759,0.0,155.0,,1.1,,0.188454,,,2025-05-10 03:10:00
5822823.2949516345,0.0,156.0,,1.1,,0.221927,,,2025-05-10 03:15:00
5822824.29508051,0.0,157.0,,1.1,,0.258276,,,2025-05-10 03:20:00
5822825.2952093845,0.0,157.0,,1.1,,0.305195,,,2025-05-10 03:25:00
5822826.29533826,0.0,157.0,,1.1,,0.31961,,,2025-05-10 03:30:00
5822827.2954671355,0.0,158.0,,1.1,,0.309607,,,2025-05-10 03:35:00
5822828.295596011,0.0,162.0,,1.1,,0.345228,,,2025-05-10 03:40:00
5822829.295724886,0.0,166.0,,1.1,,0.362787,,,2025-05-10 03:45:00
5822830.295853761,0.0,164.0,,1.1,,0.380791,,,2025-05-10 03:50:00
5822831.2959826365,0.0,160.0,,1.1,,0.39388,,,2025-05-10 03:55:00
5822832.296111512,0.0,161.0,,1.1,,0.406014,,,2025-05-10 04:00:00
5822833.2962403875,0.0,162.0,,1.1,,0.406486,,,2025-05-10 04:05:00
5822834.296369262,0.0,173.0,,1.1,,0.410025,,,2025-05-10 04:10:00
5822835.2964981375,0.0,175.0,,1.1,,0.424282,,,2025-05-10 04:15:00
5822836.296627013,0.0,173.0,,1.1,,0.447642,,,2025-05-10 04:20:00
5822837.2967558885,0.0,172.0,,1.1,,0.443686,,,2025-05-10 04:25:00
5822838.296884763,0.0,173.0,,1.1,,0.446648,,,2025-05-10 04:30:00
5822839.297013639,0.0,171.0,,1.1,,0.452585,,,2025-05-10 04:35:00
5822840.297142514,0.0,165.0,,1.1,,0.461825,,,2025-05-10 04:40:00
5822841.2972713895,0.0,157.0,,1.1,,0.469876,,,2025-05-10 04:45:00
5822842.297400264,0.0,150.0,,1.1,,0.476156,,,2025-05-10 04:50:00
5822843.29752914,0.0,146.0,,1.1,,0.479152,,,2025-05-10 04:55:00
5822844.297658015,0.0,144.0,,1.1,,0.47938,,,2025-05-10 05:00:00
5822845.2977868905,0.0,154.0,,1.1,,0.31248,,,2025-05-10 05:05:00
5822846.297915766,0.0,164.0,,1.1,,0.301136,,,2025-05-10 05:10:00
5822847.298044641,0.0,176.0,,1.1,,0.306817,,,2025-05-10 05:15:00
5822848.298173516,0.0,182.0,,1.1,,0.344228,,,2025-05-10 05:20:00
5822849.298302392,0.0,184.0,,1.1,,0.35677,,1.5,2025-05-10 05:25:00
5822850.298431267,0.0,184.0,,1.1,,0.359175,,,2025-05-10 05:30:00
5822851.298560142,0.0,183.0,,1.1,,0.344828,,,2025-05-10 05:35:00
5822852.298689017,0.0,181.0,,1.1,,0.333242,,,2025-05-10 05:40:00
5822853.298817893,0.0,177.0,,1.1,,0.331126,,,2025-05-10 05:45:00
5822854.298946768,0.0,173.0,,1.1,,0.327365,,,2025-05-10 05:50:00
5822855.299075643,0.0,170.0,,1.1,,0.333019,,,2025-05-10 05:55:00
5822856.299204518,0.0,166.0,,1.1,,0.30695,,,2025-05-10 06:00:00
5822857.299333394,0.0,165.0,,1.1,,0.306353,,,2025-05-10 06:05:00
5822858.299462269,0.0,166.0,,1.1,,0.328572,,,2025-05-10 06:10:00
5822859.299591145,0.0,165.0,,1.1,,0.325999,,,2025-05-10 06:15:00
5822860.299720019,0.0,160.0,,1.1,,0.322814,,,2025-05-10 06:20:00
5822861.299848895,0.0,157.0,,1.1,,0.341844,,,2025-05-10 06:25:00
5822862.29997777,0.0,155.0,,1.1,,0.344721,,,2025-05-10 06:30:00
5822863.300106646,0.0,153.0,,1.1,,0.348599,,,2025-05-10 06:35:00
5822864.30023552,0.0,149.0,,1.1,,0.351124,,,2025-05-10 06:40:00
5822865.300364396,0.0,148.0,,1.1,,0.354285,,,2025-05-10 06:45:00
5822866.300493271,0.0,149.0,,1.1,,0.351145,,,2025-05-10 06:50:00
5822867.300622147,0.0,145.0,,1.1,,0.355031,,,2025-05-10 06:55:00
5822868.300751021,0.0,142.0,,1.35,,0.356155,,,2025-05-10 07:00:00
5822869.300879897,0.0,147.0,,1.35,,0.358038,,,2025-05-10 07:05:00
5822870.301008772,0.0,148.0,,1.35,,0.361042,,,2025-05-10 07:10:00
5822871.301137648,0.0,145.0,,1.35,,0.366692,,,2025-05-10 07:15:00
5822872.301266522,0.0,144.0,,1.35,,0.373735,,,2025-05-10 07:20:00
5822873.301395398,0.0,144.0,,1.35,,0.380005,,,2025-05-10 07:25:00
5822874.301524273,0.0,142.0,,1.35,,0.393401,,,2025-05-10 07:30:00
5822875.301653149,0.0,140.0,,1.35,,0.427926,,,2025-05-10 07:35:00
5822876.301782024,0.0,139.0,,1.35,,0.431989,,,2025-05-10 07:40:00
5822877.301910899,0.0,137.0,,1.35,,0.447087,,,2025-05-10 07:45:00
5822878.302039774,0.0,138.0,,1.35,,0.453947,,,2025-05-10 07:50:00
5822879.30216865,0.0,136.0,,1.35,,0.459633,,,2025-05-10 07:55:00
5822880.302297525,0.0,133.0,,1.35,,0.469354,,,2025-05-10 08:00:00
5822881.3024264,0.0,131.0,,1.35,,0.480571,,,2025-05-10 08:05:00
5822882.302555275,0.0,128.0,,1.35,,0.486362,,,2025-05-10 08:10:00
5822883.302684151,0.0,125.0,,1.35,,0.488441,,,2025-05-10 08:15:00
5822884.302813026,0.0,123.0,,1.35,,0.492899,,,2025-05-10 08:20:00
5822885.302941901,0.0,121.0,,1.35,,0.499491,,,2025-05-10 08:25:00
5822886.303070776,0.0,118.0,,1.35,,0.519987,,,2025-05-10 08:30:00
5822887.303199652,0.0,117.0,,1.35,,0.53335,,,2025-05-10 08:35:00
5822888.303328527,0.0,120.0,,1.35,,0.548831,,,2025-05-10 08:40:00
5822889.303457403,0.0,123.0,,1.35,,0.544725,,,2025-05-10 08:45:00
5822890.303586277,0.0,126.0,,1.35,,0.553236,,,2025-05-10 08:50:00
5822891.303715153,0.0,127.0,,1.35,,0.560391,,,2025-05-10 08:55:00
5822892.303844028,0.0,123.0,,1.35,,0.569059,,,2025-05-10 09:00:00
5822893.303972904,0.0,120.0,,1.35,,0.607194,,,2025-05-10 09:05:00
5822894.304101778,0.0,120.0,,1.35,,0.606499,,,2025-05-10 09:10:00
5822895.304230654,0.0,123.0,,1.35,,0.602673,,,2025-05-10 09:15:00
5822896.304359529,0.0,120.0,,1.35,,0.645855,,,2025-05-10 09:20:00
5822897.304488405,0.0,120.0,,1.35,,0.670177,,,2025-05-10 09:25:00
5822898.304617279,0.0,118.0,,1.35,,0.753016,,,2025-05-10 09:30:00
5822899.304746155,0.0,116.0,,1.35,,0.499768,,,2025-05-10 09:35:00
5822900.30487503,0.0,115.0,,1.35,,0.034961,,,2025-05-10 09:40:00
5822901.305003906,0.0,112.0,,1.35,,0.047144,,,2025-05-10 09:45:00
5822902.305132781,0.0,115.0,,1.35,,0.058796,,,2025-05-10 09:50:00
5822903.305261656,0.0,119.0,,1.35,,0.064593,,,2025-05-10 09:55:00
5822904.305390531,0.0,121.0,,1.35,,0.061411,,,2025-05-10 10:00:00
5822905.305519407,0.0,120.0,,1.35,,0.073311,,,2025-05-10 10:05:00
5822906.305648282,0.0,122.0,,1.35,,0.083075,,,2025-05-10 10:10:00
5822907.305777157,0.0,126.0,,1.35,,0.089641,,,2025-05-10 10:15:00
5822908.305906032,0.0,130.0,,1.35,,0.101218,,,2025-05-10 10:20:00
5822909.306034908,0.0,134.0,,1.35,,0.107603,,,2025-05-10 10:25:00
5822910.306163783,0.0,133.0,,1.35,,0.106552,,,2025-05-10 10:30:00
5822911.306292658,0.0,137.0,,1.35,,0.076324,,,2025-05-10 10:35:00
5822912.306421533,0.0,139.0,,1.35,,0.053784,,,2025-05-10 10:40:00
5822913.306550409,0.0,148.0,,1.35,,0.061599,,,2025-05-10 10:45:00
5822914.306679284,0.0,157.0,,1.35,,0.077429,,,2025-05-10 10:50:00
5822915.306808159,0.0,169.0,,1.35,,0.081219,,3.9,2025-05-10 10:55:00
5822916.306937034,1.0,,,1.35,,0.068443,,,2025-05-10 11:00:00
5822917.30706591,1.0,,203.0,1.35,,0.076047,,,2025-05-10 11:05:00
5822918.307194785,1.0,,,1.35,,0.080661,,,2025-05-10 11:10:00
5822919.307323661,0.0,210.0,203.0,1.35,,0.090788,,,2025-05-10 11:15:00
5822920.307452535,0.0,213.0,,1.35,,0.099846,,,2025-05-10 11:20:00
5822921.307581411,0.0,217.0,,1.35,,0.085445,,,2025-05-10 11:25:00
5822922.307710286,0.0,220.0,,1.35,,0.091483,,,2025-05-10 11:30:00
5822923.307839162,0.0,217.0,,1.35,,0.098207,,,2025-05-10 11:35:00
5822924.307968036,0.0,214.0,,1.35,,0.091185,,,2025-05-10 11:40:00
5822925.308096912,0.0,212.0,,1.35,,0.030251,,,2025-05-10 11:45:00
5822926.308225787,0.0,211.0,,1.35,,0.043448,,,2025-05-10 11:50:00
5822927.308354663,0.0,208.0,,1.35,,0.051462,,,2025-05-10 11:55:00
5822928.308483537,0.0,203.0,,1.4,,0.064834,,,2025-05-10 12:00:00
5822929.308612413,0.0,210.0,,1.4,,0.077536,,2.5,2025-05-10 12:05:00
5822930.308741288,0.0,205.0,,1.4,,0.085742,,,2025-05-10 12:10:00
5822931.308870164,0.0,189.0,,1.4,,0.089689,,,2025-05-10 12:15:00
5822932.308999039,0.0,182.0,,1.4,,0.094875,,,2025-05-10 12:20:00
5822933.309127914,0.0,176.0,,1.4,,0.100926,,,2025-05-10 12:25:00
5822934.309256789,0.0,173.0,,1.4,,0.114383,,,2025-05-10 12:30:00
5822935.309385665,0.0,174.0,,1.4,,0.118049,,,2025-05-10 12:35:00
5822936.30951454,0.0,166.0,,1.4,,0.118747,,,2025-05-10 12:40:00
5822937.309643415,0.0,159.0,,1.4,,0.102201,,,2025-05-10 12:45:00
5822938.30977229,0.0,160.0,,1.4,,0.066802,,,2025-05-10 12:50:00
5822939.309901166,0.0,154.0,,1.4,,0.060519,,,2025-05-10 12:55:00
5822940.310030041,0.0,148.0,,1.4,,0.031287,,,2025-05-10 13:00:00
5822941.310158916,0.0,144.0,,1.4,,0.039719,,,2025-05-10 13:05:00
5822942.310287791,0.0,137.0,,1.4,,0.044031,,,2025-05-10 13:10:00
5822943.310416667,0.0,133.0,,1.4,,0.049437,,,2025-05-10 13:15:00
5822944.310545542,0.0,141.0,,1.4,,0.051369,,,2025-05-10 13:20:00
5822945.310674418,0.0,146.0,,1.4,,0.045023,,,2025-05-10 13:25:00
5822946.310803292,0.0,147.0,,1.4,,0.050085,,,2025-05-10 13:30:00
5822947.310932168,0.0,146.0,,1.4,,0.053847,,,2025-05-10 13:35:00
5822948.311061043,0.0,151.0,,1.4,,0.055175,,,2025-05-10 13:40:00
5822949.311189919,0.0,158.0,,1.4,,0.058732,,,2025-05-10 13:45:00
5822950.311318793,0.0,154.0,,1.4,,0.044839,,1.7,2025-05-10 13:50:00
5822951.311447669,0.0,159.0,,1.4,,0.044767,,,2025-05-10 13:55:00
5822952.311576544,0.0,165.0,,1.4,,0.03819,,,2025-05-10 14:00:00
5822953.31170542,0.0,173.0,,1.4,,0.045931,,,2025-05-10 14:05:00
5822954.311834294,0.0,178.0,,1.4,,0.047571,,,2025-05-10 14:10:00
5822955.31196317,0.0,183.0,,1.4,,0.043931,,,2025-05-10 14:15:00
5822956.312092045,0.0,187.0,,1.4,,0.043171,,,2025-05-10 14:20:00
5822957.312220921,0.0,185.0,,1.4,,0.049318,,,2025-05-10 14:25:00
5822958.312349796,0.0,178.0,,1.4,,0.051264,,,2025-05-10 14:30:00
5822959.312478671,0.0,175.0,,1.4,,0.04654,,,2025-05-10 14:35:00
5822960.312607546,0.0,172.0,,1.4,,0.048975,,,2025-05-10 14:40:00
5822961.312736422,0.0,170.0,,1.4,,0.041226,,,2025-05-10 14:45:00
5822962.312865297,0.0,165.0,,1.4,,0.048658,,,2025-05-10 14:50:00
5822963.312994172,0.0,156.0,,1.4,,0.046734,,,2025-05-10 14:55:00
5822964.313123047,0.0,151.0,,1.4,,0.04196,,,2025-05-10 15:00:00
5822965.313251923,0.0,148.0,,1.4,,0.054075,,,2025-05-10 15:05:00
5822966.313380798,0.0,151.0,,1.4,,0.042281,,6.5,2025-05-10 15:10:00
5822967.313509673,0.0,164.0,,1.4,,0.035693,,,2025-05-10 15:15:00
5822968.313638548,0.0,178.0,,1.4,,0.038248,,,2025-05-10 15:20:00
5822969.313767424,0.0,189.0,,1.4,,0.056274,,,2025-05-10 15:25:00
5822970.313896299,0.0,196.0,,1.4,,0.067186,,,2025-05-10 15:30:00
5822971.314025174,0.0,205.0,,1.4,,0.065402,,,2025-05-10 15:35:00
5822972.314154049,0.0,211.0,,1.4,,0.05693,,,2025-05-10 15:40:00
5822973.314282925,0.0,211.0,,1.4,,0.072201,,,2025-05-10 15:45:00
5822974.3144118,0.0,209.0,,1.4,,0.051731,,,2025-05-10 15:50:00
5822975.314540676,0.0,205.0,,1.4,,0.058332,,,2025-05-10 15:55:00
5822976.31466955,0.0,197.0,,1.4,,0.053916,,,2025-05-10 16:00:00
5822977.314798426,0.0,187.0,,1.4,,0.06149,,,2025-05-10 16:05:00
5822978.314927301,0.0,165.0,,1.4,,0.067944,,,2025-05-10 16:10:00
5822979.315056177,0.0,155.0,,1.4,,0.08007,,,2025-05-10 16:15:00
5822980.315185051,0.0,147.0,,1.4,,0.085907,,,2025-05-10 16:20:00
5822981.315313927,0.0,139.0,,1.4,,0.088215,,,2025-05-10 16:25:00
5822982.315442802,0.0,130.0,,1.4,,0.091282,,,2025-05-10 16:30:00
5822983.315571678,0.0,126.0,,1.4,,0.043247,,,2025-05-10 16:35:00
5822984.315700552,0.0,128.0,,1.4,,0.057503,,,2025-05-10 16:40:00
5822985.315829428,0.0,127.0,,1.4,,0.062229,,,2025-05-10 16:45:00
5822986.315958303,0.0,127.0,,1.4,,0.051874,,,2025-05-10 16:50:00
5822987.316087179,0.0,129.0,,1.4,,0.055251,,,2025-05-10 16:55:00
5822988.316216054,0.0,129.0,,1.4,,0.044337,,,2025-05-10 17:00:00
5822989.316344929,0.0,128.0,,1.4,,0.055662,,,2025-05-10 17:05:00
5822990.316473804,0.0,126.0,,1.4,,0.045137,,,2025-05-10 17:10:00
5822991.31660268,0.0,124.0,,1.4,,0.045678,,,2025-05-10 17:15:00
5822992.316731555,0.0,130.0,,1.4,,0.074894,,,2025-05-10 17:20:00
5822993.31686043,0.0,138.0,,1.4,,0.065958,,,2025-05-10 17:25:00
5822994.316989305,0.0,141.0,,1.4,,0.060551,,,2025-05-10 17:30:00
5822995.317118181,0.0,138.0,,1.4,,0.03716,,,2025-05-10 17:35:00
5822996.317247056,0.0,139.0,,1.4,,0.030923,,,2025-05-10 17:40:00
5822997.317375931,0.0,147.0,,1.4,,0.037713,,,2025-05-10 17:45:00
5822998.317504806,0.0,149.0,,1.4,,0.042375,,,2025-05-10 17:50:00
5822999.317633682,0.0,153.0,,1.4,,0.047199,,,2025-05-10 17:55:00
5823000.317762557,0.0,161.0,,1.2,,0.054229,,,2025-05-10 18:00:00
5823001.317891433,0.0,155.0,,1.2,,0.060005,,,2025-05-10 18:05:00
5823002.318020307,0.0,154.0,,1.2,,0.058674,,,2025-05-10 18:10:00
5823003.318149183,0.0,156.0,,1.2,,0.059329,,,2025-05-10 18:15:00
5823004.318278058,0.0,160.0,,1.2,,0.063675,,,2025-05-10 18:20:00
5823005.318406934,0.0,162.0,,1.2,,0.066701,,,2025-05-10 18:25:00
5823006.3185358085,0.0,167.0,,1.2,,0.07086,,,2025-05-10 18:30:00
5823007.318664684,0.0,181.0,,1.2,,0.074714,,,2025-05-10 18:35:00
5823008.318793559,0.0,191.0,,1.2,,0.076821,,,2025-05-10 18:40:00
5823009.318922435,0.0,194.0,,1.2,,0.077652,,,2025-05-10 18:45:00
5823010.3190513095,0.0,190.0,,1.2,,0.067848,,,2025-05-10 18:50:00
5823011.319180185,0.0,185.0,,1.2,,0.067461,,,2025-05-10 18:55:00
5823012.31930906,0.0,182.0,,1.2,,0.035621,30.0,,2025-05-10 19:00:00
5823013.319437936,0.0,184.0,,1.2,,0.046304,,,2025-05-10 19:05:00
5823014.319566811,0.0,190.0,,1.2,,0.063414,,,2025-05-10 19:10:00
5823015.319695686,0.0,202.0,,1.2,,0.066432,,,2025-05-10 19:15:00
5823016.3198245615,0.0,216.0,,1.2,,0.063824,,,2025-05-10 19:20:00
5823017.319953437,0.0,229.0,,1.2,,0.063576,,,2025-05-10 19:25:00
5823018.320082312,0.0,237.0,,1.2,,0.049061,,,2025-05-10 19:30:00
5823019.320211187,0.0,239.0,,1.2,,0.054149,,,2025-05-10 19:35:00
5823020.3203400625,0.0,245.0,,1.2,,0.057963,,,2025-05-10 19:40:00
5823021.320468938,0.0,250.0,,1.2,,0.067335,,,2025-05-10 19:45:00
5823022.320597813,0.0,253.0,,1.2,,0.081436,,,2025-05-10 19:50:00
5823023.320726688,0.0,261.0,,1.2,,0.078758,,,2025-05-10 19:55:00
5823024.3208555635,0.0,264.0,,1.2,,0.087817,,,2025-05-10 20:00:00
5823025.320984439,0.0,265.0,,1.2,,0.088551,,,2025-05-10 20:05:00
5823026.3211133145,0.0,269.0,,1.2,,0.076471,,,2025-05-10 20:10:00
5823027.321242189,0.0,272.0,,1.2,,0.084387,,,2025-05-10 20:15:00
5823028.3213710645,0.0,273.0,,1.2,,0.083145,,,2025-05-10 20:20:00
5823029.32149994,0.0,270.0,,1.2,,0.09044,,,2025-05-10 20:25:00
5823030.3216288155,0.0,268.0,,1.2,,0.090143,,,2025-05-10 20:30:00
5823031.321757691,0.0,275.0,,1.2,,0.055122,,,2025-05-10 20:35:00
5823032.321886566,0.0,288.0,,1.2,,0.060638,,,2025-05-10 20:40:00
5823033.322015441,0.0,301.0,,1.2,,0.032014,,,2025-05-10 20:45:00
5823034.3221443165,0.0,313.0,,1.2,,0.040717,,,2025-05-10 20:50:00
5823035.322273192,0.0,320.0,,1.2,,0.0,,,2025-05-10 20:55:00
5823036.322402067,0.0,326.0,,1.1,,,,,2025-05-10 21:00:00
5823037.322530942,0.0,331.0,,1.1,,,,,2025-05-10 21:05:00
5823038.3226598175,0.0,333.0,,1.1,,,,6.4,2025-05-10 21:10:00
5823039.322788693,0.0,333.0,,1.1,,,,,2025-05-10 21:15:00
5823040.322917568,0.0,330.0,,1.1,,,,,2025-05-10 21:20:00
5823041.323046443,0.0,329.0,,1.1,,,,1.8,2025-05-10 21:25:00
5823042.323175319,0.0,338.0,,1.1,,,,,2025-05-10 21:30:00
5823043.323304194,0.0,333.0,,1.1,,,,,2025-05-10 21:35:00
5823044.3234330695,0.0,330.0,,1.1,,,,,2025-05-10 21:40:00
5823045.323561944,0.0,330.0,,1.1,,,,,2025-05-10 21:45:00
5823046.32369082,0.0,327.0,,1.1,,,,,2025-05-10 21:50:00
5823047.323819695,0.0,323.0,,1.1,,,,,2025-05-10 21:55:00
5823048.3239485705,0.0,317.0,,1.1,,,,,2025-05-10 22:00:00
5823049.324077445,0.0,308.0,,1.1,,,,,2025-05-10 22:05:00
5823050.324206321,0.0,298.0,,1.1,,,,,2025-05-10 22:10:00
5823051.324335196,0.0,288.0,,1.1,,,,,2025-05-10 22:15:00
5823052.324464072,0.0,274.0,,1.1,,,,,2025-05-10 22:20:00
5823053.324592946,0.0,264.0,,1.1,,,,,2025-05-10 22:25:00
5823054.324721822,0.0,257.0,294.0,1.1,,,,,2025-05-10 22:30:00
5823055.324850697,0.0,249.0,,1.1,,,,,2025-05-10 22:35:00
5823056.324979573,0.0,230.0,,1.1,,,,,2025-05-10 22:40:00
5823057.325108448,0.0,258.0,294.0,1.1,,,,,2025-05-10 22:45:00
5823058.325237323,0.0,251.0,,1.1,,,,,2025-05-10 22:50:00
5823059.325366198,0.0,246.0,,1.1,,,,,2025-05-10 22:55:00
5823060.325495074,0.0,242.0,,1.1,,,,,2025-05-10 23:00:00
5823061.325623949,0.0,245.0,,1.1,,,,,2025-05-10 23:05:00
5823062.325752824,0.0,241.0,,1.1,,,,,2025-05-10 23:10:00
5823063.325881699,0.0,238.0,,1.1,,,,3.0,2025-05-10 23:15:00
5823064.326010575,0.0,238.0,,1.1,,,,,2025-05-10 23:20:00
5823065.32613945,0.0,242.0,,1.1,,,,,2025-05-10 23:25:00
5823066.326268325,0.0,243.0,,1.1,,,,,2025-05-10 23:30:00
5823067.3263972,0.0,246.0,,1.1,,,,,2025-05-10 23:35:00
5823068.326526076,0.0,238.0,,1.1,,,,,2025-05-10 23:40:00
5823069.326654951,0.0,233.0,,1.1,,,,,2025-05-10 23:45:00
5823070.326783827,0.0,236.0,,1.1,,,,,2025-05-10 23:50:00
5823071.326912701,0.0,232.0,,1.1,,,,,2025-05-10 23:55:00
5823072.327041577,0.0,225.0,,1.1,,,,,2025-05-11 00:00:00
5823073.327170452,0.0,219.0,,1.1,,,,,2025-05-11 00:05:00
5823074.327299328,0.0,215.0,,1.1,,,,,2025-05-11 00:10:00
5823075.327428202,0.0,211.0,,1.1,,,,,2025-05-11 00:15:00
5823076.327557078,0.0,208.0,,1.1,,,,,2025-05-11 00:20:00
5823077.327685953,0.0,204.0,,1.1,,,,,2025-05-11 00:25:00
5823078.327814829,0.0,200.0,,1.1,,,,,2025-05-11 00:30:00
5823079.327943703,0.0,196.0,,1.1,,,,,2025-05-11 00:35:00
5823080.328072579,0.0,193.0,,1.1,,,,,2025-05-11 00:40:00
5823081.328201454,0.0,194.0,,1.1,,,,1.7,2025-05-11 00:45:00
5823082.32833033,0.0,193.0,,1.1,,,,,2025-05-11 00:50:00
5823083.328459204,0.0,186.0,,1.1,,,,,2025-05-11 00:55:00
5823084.32858808,0.0,182.0,,1.1,,,,,2025-05-11 01:00:00
5823085.328716955,0.0,178.0,,1.1,,,,,2025-05-11 01:05:00
5823086.328845831,0.0,173.0,,1.1,,,,,2025-05-11 01:10:00
5823087.328974706,0.0,169.0,,1.1,,,,,2025-05-11 01:15:00
5823088.329103581,0.0,165.0,,1.1,,,,,2025-05-11 01:20:00
5823089.329232456,0.0,161.0,,1.1,,,,,2025-05-11 01:25:00
5823090.329361332,0.0,157.0,,1.1,,,,,2025-05-11 01:30:00
5823091.329490207,0.0,155.0,,1.1,,,,,2025-05-11 01:35:00
5823092.329619082,0.0,154.0,,1.1,,,,,2025-05-11 01:40:00
5823093.329747957,0.0,150.0,,1.1,,,,,2025-05-11 01:45:00
5823094.329876833,0.0,147.0,,1.1,,,,,2025-05-11 01:50:00
5823095.330005708,0.0,142.0,,1.1,,,,,2025-05-11 01:55:00
5823096.330134583,0.0,140.0,,1.1,,,,,2025-05-11 02:00:00
5823097.330263458,0.0,141.0,,1.1,,,,,2025-05-11 02:05:00
5823098.330392334,0.0,138.0,,1.1,,,,,2025-05-11 02:10:00
5823099.330521209,0.0,135.0,,1.1,,,,,2025-05-11 02:15:00
5823100.330650085,0.0,133.0,,1.1,,,,,2025-05-11 02:20:00
5823101.330778959,0.0,132.0,,1.1,,,,,2025-05-11 02:25:00
5823102.330907835,0.0,134.0,,1.1,,,,,2025-05-11 02:30:00
5823103.33103671,0.0,135.0,,1.1,,,,,2025-05-11 02:35:00
5823104.331165586,0.0,135.0,,1.1,,,,,2025-05-11 02:40:00
5823105.33129446,0.0,134.0,,1.1,,,,,2025-05-11 02:45:00
5823106.331423336,0.0,132.0,,1.1,,,,,2025-05-11 02:50:00
5823107.331552211,0.0,129.0,,1.1,,,,,2025-05-11 02:55:00
5823108.331681087,0.0,127.0,,1.1,,,,,2025-05-11 03:00:00
5823109.331809961,0.0,124.0,,1.1,,,,,2025-05-11 03:05:00
5823110.331938837,0.0,125.0,,1.1,,,,,2025-05-11 03:10:00
5823111.332067712,0.0,129.0,,1.1,,,,,2025-05-11 03:15:00
5823112.332196588,0.0,125.0,,1.1,,,,,2025-05-11 03:20:00
5823113.332325463,0.0,122.0,,1.1,,,,,2025-05-11 03:25:00
5823114.332454338,0.0,120.0,,1.1,,,,,2025-05-11 03:30:00
5823115.332583213,0.0,118.0,,1.1,,,,,2025-05-11 03:35:00
5823116.332712089,0.0,117.0,,1.1,,,,,2025-05-11 03:40:00
5823117.332840964,0.0,119.0,,1.1,,,,,2025-05-11 03:45:00
5823118.332969839,0.0,119.0,,1.1,,,,,2025-05-11 03:50:00
5823119.333098714,0.0,122.0,,1.1,,,,,2025-05-11 03:55:00
5823120.33322759,0.0,123.0,,1.1,,,,,2025-05-11 04:00:00
5823121.333356465,0.0,128.0,,1.1,,,,,2025-05-11 04:05:00
5823122.33348534,0.0,132.0,,1.1,,,,,2025-05-11 04:10:00
5823123.333614215,0.0,135.0,,1.1,,,,,2025-05-11 04:15:00
5823124.333743091,0.0,132.0,,1.1,,,,,2025-05-11 04:20:00
5823125.333871966,0.0,129.0,,1.1,,,,,2025-05-11 04:25:00
5823126.334000842,0.0,126.0,,1.1,,,,,2025-05-11 04:30:00
5823127.334129716,0.0,126.0,,1.1,,,,,2025-05-11 04:35:00
5823128.334258592,0.0,126.0,,1.1,,,,,2025-05-11 04:40:00
5823129.334387467,0.0,125.0,,1.1,,,,,2025-05-11 04:45:00
5823130.334516343,0.0,124.0,,1.1,,,,,2025-05-11 04:50:00
5823131.334645217,0.0,124.0,,1.1,,,,,2025-05-11 04:55:00
5823132.334774093,0.0,124.0,,1.1,,,,,2025-05-11 05:00:00
5823133.334902968,0.0,124.0,,1.1,,,,,2025-05-11 05:05:00
5823134.335031844,0.0,123.0,,1.1,,,,,2025-05-11 05:10:00
5823135.335160718,0.0,124.0,,1.1,,,,,2025-05-11 05:15:00
5823136.335289594,0.0,124.0,,1.1,,,,,2025-05-11 05:20:00
5823137.335418469,0.0,124.0,,1.1,,,,,2025-05-11 05:25:00
5823138.335547345,0.0,124.0,,1.1,,,,,2025-05-11 05:30:00
5823139.335676219,0.0,123.0,,1.1,,,,,2025-05-11 05:35:00
5823140.335805095,0.0,122.0,,1.1,,,,,2025-05-11 05:40:00
5823141.33593397,0.0,123.0,,1.1,,,,,2025-05-11 05:45:00
5823142.336062846,0.0,120.0,,1.1,,,,,2025-05-11 05:50:00
5823143.336191721,0.0,120.0,,1.1,,,,,2025-05-11 05:55:00
5823144.336320596,0.0,124.0,,1.1,,,,,2025-05-11 06:00:00
5823145.336449471,0.0,125.0,,1.1,,,,,2025-05-11 06:05:00
5823146.336578347,0.0,127.0,,1.1,,,,,2025-05-11 06:10:00
5823147.336707222,0.0,127.0,,1.1,,,,,2025-05-11 06:15:00
5823148.336836097,0.0,127.0,,1.1,,,,,2025-05-11 06:20:00
5823149.336964972,0.0,127.0,,1.1,,,,,2025-05-11 06:25:00
5823150.337093848,0.0,130.0,,1.1,,,,,2025-05-11 06:30:00
5823151.337222723,0.0,130.0,,1.1,,,,,2025-05-11 06:35:00
5823152.337351598,0.0,130.0,,1.1,,,,,2025-05-11 06:40:00
5823153.337480473,0.0,130.0,,1.1,,,,,2025-05-11 06:45:00
5823154.337609349,0.0,130.0,,1.1,,,,,2025-05-11 06:50:00
5823155.337738224,0.0,132.0,,1.1,,,,,2025-05-11 06:55:00
5823156.3378671,0.0,132.0,,1.1,,,,,2025-05-11 07:00:00
5823157.337995974,0.0,134.0,,1.1,,,,,2025-05-11 07:05:00
5823158.33812485,0.0,135.0,,1.1,,,,,2025-05-11 07:10:00
5823159.338253725,0.0,139.0,,1.1,,,,,2025-05-11 07:15:00
5823160.338382601,0.0,141.0,,1.1,,,,,2025-05-11 07:20:00
5823161.338511475,0.0,140.0,,1.1,,,,,2025-05-11 07:25:00
5823162.338640351,0.0,142.0,,1.1,,,,,2025-05-11 07:30:00
5823163.338769226,0.0,142.0,,1.1,,,,,2025-05-11 07:35:00
5823164.338898102,0.0,141.0,,1.1,,,,,2025-05-11 07:40:00
5823165.339026976,0.0,140.0,,1.1,,,,,2025-05-11 07:45:00
5823166.339155852,0.0,141.0,,1.1,,,,,2025-05-11 07:50:00
5823167.339284727,0.0,139.0,,1.1,,,,,2025-05-11 07:55:00
5823168.339413603,0.0,135.0,,1.1,,,,,2025-05-11 08:00:00
5823169.339542478,0.0,133.0,,1.1,,,,,2025-05-11 08:05:00
5823170.339671353,0.0,133.0,,1.1,,,,,2025-05-11 08:10:00
5823171.339800228,0.0,134.0,,1.1,,,,,2025-05-11 08:15:00
5823172.339929104,0.0,135.0,,1.1,,,,,2025-05-11 08:20:00
5823173.340057979,0.0,134.0,,1.1,,,,,2025-05-11 08:25:00
5823174.340186854,0.0,130.0,,1.1,,,,,2025-05-11 08:30:00
5823175.340315729,0.0,126.0,,1.1,,,,,2025-05-11 08:35:00
5823176.340444605,0.0,124.0,,1.1,,,,,2025-05-11 08:40:00
5823177.34057348,0.0,123.0,,1.1,,,,,2025-05-11 08:45:00
5823178.340702355,0.0,124.0,,1.1,,,,,2025-05-11 08:50:00
5823179.34083123,0.0,124.0,,1.1,,,,,2025-05-11 08:55:00
5823180.340960106,0.0,126.0,,1.1,,,,,2025-05-11 09:00:00
5823181.341088981,0.0,131.0,,1.1,,,,,2025-05-11 09:05:00
5823182.341217857,0.0,132.0,,1.1,,,,,2025-05-11 09:10:00
5823183.341346731,0.0,129.0,,1.1,,,,,2025-05-11 09:15:00
5823184.341475607,0.0,128.0,,1.1,,,,,2025-05-11 09:20:00
5823185.341604482,0.0,128.0,,1.1,,,,,2025-05-11 09:25:00
5823186.341733358,0.0,129.0,,1.1,,,,,2025-05-11 09:30:00
5823187.341862232,0.0,127.0,,1.1,,,,,2025-05-11 09:35:00
5823188.341991108,0.0,125.0,,1.1,,,,,2025-05-11 09:40:00
5823189.342119983,0.0,124.0,,1.1,,,,,2025-05-11 09:45:00
5823190.342248859,0.0,123.0,,1.1,,,,,2025-05-11 09:50:00
5823191.342377733,0.0,121.0,,1.1,,,,,2025-05-11 09:55:00
5823192.342506609,0.0,119.0,,1.1,,,,,2025-05-11 10:00:00
5823193.342635484,0.0,118.0,,1.1,,,,,2025-05-11 10:05:00
5823194.34276436,0.0,114.0,,1.1,,,,,2025-05-11 10:10:00
5823195.342893234,0.0,108.0,,1.1,,,,,2025-05-11 10:15:00
5823196.34302211,0.0,114.0,,1.1,,,,,2025-05-11 10:20:00
5823197.343150985,0.0,116.0,,1.1,,,,,2025-05-11 10:25:00
5823198.343279861,1.0,,,1.1,,,,,2025-05-11 10:30:00
5823199.343408736,1.0,,,1.1,,,,,2025-05-11 10:35:00
5823200.343537611,1.0,,,1.1,,,,,2025-05-11 10:40:00
5823201.343666486,1.0,,,1.1,,,,,2025-05-11 10:45:00
5823202.343795362,1.0,,,1.1,,,,,2025-05-11 10:50:00
5823203.343924237,1.0,,,1.1,,,,,2025-05-11 10:55:00
5823204.344053112,1.0,,,1.1,,,,,2025-05-11 11:00:00
5823205.344181987,1.0,,,1.1,,,,,2025-05-11 11:05:00
5823206.344310863,1.0,,,1.1,,,,,2025-05-11 11:10:00
5823207.344439738,1.0,,,1.1,,,,,2025-05-11 11:15:00
5823208.344568613,1.0,,,1.1,,,,,2025-05-11 11:20:00
5823209.3446974885,1.0,,,1.1,,,,,2025-05-11 11:25:00
5823210.344826364,1.0,,,1.1,,,,,2025-05-11 11:30:00
5823211.344955239,1.0,,,1.1,,,,,2025-05-11 11:35:00
5823212.345084115,1.0,,,1.1,,,,,2025-05-11 11:40:00
5823213.3452129895,1.0,,,1.1,,,,,2025-05-11 11:45:00
5823214.345341865,1.0,,,1.1,,,,,2025-05-11 11:50:00
5823215.34547074,1.0,,,1.1,,,,,2025-05-11 11:55:00
5823216.345599616,1.0,,,1.1,,,,,2025-05-11 12:00:00
5823217.3457284905,1.0,,,1.1,,,74.0,9.2,2025-05-11 12:05:00
5823218.345857366,1.0,,,1.1,,,,,2025-05-11 12:10:00
5823219.3459862415,1.0,,,1.1,,,,,2025-05-11 12:15:00
5823220.346115117,1.0,,87.0,1.1,,,,,2025-05-11 12:20:00
5823221.3462439915,1.0,,,1.1,,,,,2025-05-11 12:25:00
5823222.346372867,1.0,,,1.1,,,,,2025-05-11 12:30:00
5823223.3465017425,1.0,,94.0,1.1,,,,,2025-05-11 12:35:00
5823224.346630618,1.0,,,1.1,,,,,2025-05-11 12:40:00
5823225.346759493,1.0,,,1.1,,,,,2025-05-11 12:45:00
5823226.346888368,0.0,105.0,94.0,1.1,,,,,2025-05-11 12:50:00
5823227.3470172435,0.0,110.0,,1.1,,,,,2025-05-11 12:55:00
5823228.347146119,0.0,111.0,,1.1,,,,,2025-05-11 13:00:00
5823229.3472749945,0.0,110.0,,1.1,,,,,2025-05-11 13:05:00
5823230.347403869,0.0,109.0,,1.1,,,,,2025-05-11 13:10:00
5823231.3475327445,0.0,109.0,,1.1,,,,,2025-05-11 13:15:00
5823232.34766162,0.0,110.0,,1.1,,,,,2025-05-11 13:20:00
5823233.3477904955,0.0,106.0,,1.1,,,,,2025-05-11 13:25:00
5823234.34791937,0.0,102.0,,1.1,,,,,2025-05-11 13:30:00
5823235.3480482455,0.0,101.0,,1.1,,,,,2025-05-11 13:35:00
5823236.348177121,0.0,100.0,,1.1,,,,,2025-05-11 13:40:00
5823237.3483059965,0.0,95.0,,1.1,,,,,2025-05-11 13:45:00
5823238.348434872,0.0,95.0,,1.1,,,,,2025-05-11 13:50:00
5823239.348563747,0.0,94.0,,1.1,,,,,2025-05-11 13:55:00
5823240.348692622,0.0,93.0,,1.1,,,,,2025-05-11 14:00:00
5823241.3488214975,0.0,93.0,,1.1,,,,,2025-05-11 14:05:00
5823242.348950373,0.0,93.0,,1.1,,,,3.2,2025-05-11 14:10:00
5823243.349079248,0.0,92.0,,1.1,,,,,2025-05-11 14:15:00
5823244.349208123,0.0,94.0,,1.1,,,,,2025-05-11 14:20:00
5823245.349336999,0.0,98.0,,1.1,,,,,2025-05-11 14:25:00
5823246.349465874,0.0,103.0,,1.1,,,,,2025-05-11 14:30:00
5823247.349594749,0.0,107.0,,1.1,,,,,2025-05-11 14:35:00
5823248.349723624,0.0,112.0,,1.1,,,,,2025-05-11 14:40:00
5823249.3498525,0.0,115.0,,1.1,,,,,2025-05-11 14:45:00
5823250.349981375,0.0,116.0,,1.1,,,15.0,,2025-05-11 14:50:00
5823251.35011025,0.0,117.0,,1.1,,,,,2025-05-11 14:55:00
5823252.350239125,0.0,118.0,,1.1,,,,,2025-05-11 15:00:00
5823253.350368001,0.0,120.0,,1.1,,,,,2025-05-11 15:05:00
5823254.350496876,0.0,117.0,,1.1,,,,,2025-05-11 15:10:00
5823255.350625752,0.0,114.0,,1.1,,,,,2025-05-11 15:15:00
5823256.350754626,0.0,109.0,,1.1,,,,,2025-05-11 15:20:00
5823257.350883502,0.0,107.0,,1.1,,,,,2025-05-11 15:25:00
5823258.351012377,0.0,104.0,,1.1,,,,,2025-05-11 15:30:00
5823259.351141253,0.0,92.0,,1.1,,,,,2025-05-11 15:35:00
5823260.351270127,0.0,86.0,,1.1,,,,,2025-05-11 15:40:00
5823261.351399003,0.0,86.0,,1.1,,,,,2025-05-11 15:45:00
5823262.351527878,0.0,88.0,,1.1,,,,,2025-05-11 15:50:00
5823263.351656754,0.0,87.0,,1.1,,,,,2025-05-11 15:55:00
5823264.351785628,0.0,86.0,,1.1,,,,,2025-05-11 16:00:00
5823265.351914504,0.0,85.0,,1.1,,,,,2025-05-11 16:05:00
5823266.352043379,0.0,83.0,,1.1,,,,,2025-05-11 16:10:00
5823267.352172255,0.0,83.0,,1.1,,,,,2025-05-11 16:15:00
5823268.35230113,0.0,80.0,,1.1,,,,,2025-05-11 16:20:00
5823269.352430005,0.0,81.0,,1.1,,,,,2025-05-11 16:25:00
5823270.35255888,0.0,78.0,,1.1,,,,,2025-05-11 16:30:00
5823271.352687756,0.0,74.0,,1.1,,,,,2025-05-11 16:35:00
5823272.352816631,0.0,73.0,,1.1,,,,,2025-05-11 16:40:00
5823273.352945506,0.0,76.0,,1.1,,,,,2025-05-11 16:45:00
5823274.353074381,0.0,76.0,,1.1,,,,,2025-05-11 16:50:00
5823275.353203257,0.0,72.0,,1.1,,,,,2025-05-11 16:55:00
5823276.353332132,0.0,69.0,,1.1,,,,,2025-05-11 17:00:00
5823277.353461007,0.0,70.0,,1.1,,,,,2025-05-11 17:05:00
5823278.353589882,0.0,68.0,,1.1,,,,,2025-05-11 17:10:00
5823279.353718758,0.0,66.0,,1.1,,,,,2025-05-11 17:15:00
5823280.353847633,0.0,62.0,,1.1,,,,,2025-05-11 17:20:00
5823281.353976509,0.0,59.0,,1.1,,,,,2025-05-11 17:25:00
5823282.354105383,0.0,59.0,,1.1,,,,,2025-05-11 17:30:00
5823283.354234259,0.0,61.0,,1.1,,,,,2025-05-11 17:35:00
5823284.354363134,0.0,62.0,,1.1,,,75.0,,2025-05-11 17:40:00
5823285.35449201,0.0,61.0,,1.1,,,,,2025-05-11 17:45:00
5823286.354620884,0.0,63.0,,1.1,,,,,2025-05-11 17:50:00
5823287.35474976,0.0,64.0,,1.1,,,,,2025-05-11 17:55:00
5823288.354878635,0.0,65.0,,1.1,,,,,2025-05-11 18:00:00
5823289.355007511,0.0,70.0,,1.1,,,,,2025-05-11 18:05:00
5823290.355136385,0.0,74.0,,1.1,,,,,2025-05-11 18:10:00
5823291.355265261,0.0,77.0,,1.1,,,,,2025-05-11 18:15:00
5823292.355394136,0.0,81.0,,1.1,,,,,2025-05-11 18:20:00
5823293.355523012,0.0,83.0,,1.1,,,,,2025-05-11 18:25:00
5823294.355651887,0.0,82.0,,1.1,,,,,2025-05-11 18:30:00
5823295.355780762,0.0,84.0,,1.1,,,,,2025-05-11 18:35:00
5823296.355909637,0.0,91.0,128.0,1.1,,,,,2025-05-11 18:40:00
5823297.356038513,0.0,96.0,,1.1,,,,,2025-05-11 18:45:00
5823298.356167388,0.0,99.0,,1.1,,,,,2025-05-11 18:50:00
5823299.356296263,0.0,115.0,128.0,1.1,,,,,2025-05-11 18:55:00
5823300.356425138,0.0,117.0,,1.1,,,,,2025-05-11 19:00:00
5823301.356554014,0.0,119.0,,1.1,,,,,2025-05-11 19:05:00
5823302.356682889,0.0,122.0,,1.1,,,,,2025-05-11 19:10:00
5823303.356811764,0.0,125.0,,1.1,,,,,2025-05-11 19:15:00
5823304.356940639,0.0,127.0,,1.1,,,,,2025-05-11 19:20:00
5823305.357069515,0.0,135.0,,1.1,,,,,2025-05-11 19:25:00
5823306.35719839,0.0,139.0,,1.1,,,,,2025-05-11 19:30:00
5823307.357327265,0.0,138.0,,1.1,,,,,2025-05-11 19:35:00
5823308.35745614,0.0,145.0,,1.1,,,,,2025-05-11 19:40:00
5823309.357585016,0.0,149.0,,1.1,,,,,2025-05-11 19:45:00
5823310.357713891,0.0,152.0,,1.1,,,,,2025-05-11 19:50:00
5823311.357842767,0.0,153.0,,1.1,,,,,2025-05-11 19:55:00
5823312.357971641,0.0,154.0,,1.1,,,,,2025-05-11 20:00:00
5823313.358100517,0.0,156.0,,1.1,,,,,2025-05-11 20:05:00
5823314.358229392,0.0,162.0,,1.1,,,,,2025-05-11 20:10:00
5823315.358358268,0.0,166.0,,1.1,,,,,2025-05-11 20:15:00
5823316.358487142,0.0,164.0,,1.1,,,,,2025-05-11 20:20:00
5823317.358616018,0.0,165.0,,1.1,,,,,2025-05-11 20:25:00
5823318.358744893,0.0,168.0,,1.1,,,,,2025-05-11 20:30:00
5823319.358873769,0.0,164.0,,1.1,,,,,2025-05-11 20:35:00
5823320.359002643,0.0,168.0,,1.1,,,,7.6,2025-05-11 20:40:00
5823321.359131519,0.0,172.0,,1.1,,,,,2025-05-11 20:45:00
5823322.359260394,0.0,172.0,,1.1,,,,,2025-05-11 20:50:00
5823323.35938927,0.0,165.0,,1.1,,,,,2025-05-11 20:55:00
5823324.359518145,0.0,161.0,,1.1,,,,,2025-05-11 21:00:00
5823325.35964702,0.0,165.0,,1.1,,,,,2025-05-11 21:05:00
5823326.359775895,0.0,164.0,,1.1,,,,,2025-05-11 21:10:00
5823327.359904771,0.0,160.0,,1.1,,,,,2025-05-11 21:15:00
5823328.360033646,0.0,156.0,,1.1,,,,,2025-05-11 21:20:00
5823329.360162521,0.0,159.0,,1.1,,,,,2025-05-11 21:25:00
5823330.360291396,0.0,165.0,,1.1,,,,,2025-05-11 21:30:00
5823331.360420272,0.0,168.0,,1.1,,,,,2025-05-11 21:35:00
5823332.360549147,0.0,167.0,,1.1,,,,,2025-05-11 21:40:00
5823333.360678022,0.0,166.0,,1.1,,,,,2025-05-11 21:45:00
5823334.360806897,0.0,165.0,,1.1,,,,,2025-05-11 21:50:00
5823335.360935773,0.0,163.0,,1.1,,,,,2025-05-11 21:55:00
5823336.361064648,0.0,162.0,,1.1,,,,,2025-05-11 22:00:00
5823337.361193524,0.0,160.0,,1.1,,,,,2025-05-11 22:05:00
5823338.361322398,0.0,158.0,,1.1,,,,,2025-05-11 22:10:00
5823339.361451274,0.0,158.0,,1.1,,,,,2025-05-11 22:15:00
5823340.361580149,0.0,158.0,,1.1,,,,,2025-05-11 22:20:00
5823341.361709025,0.0,158.0,,1.1,,,,,2025-05-11 22:25:00
5823342.361837899,0.0,159.0,,1.1,,,,,2025-05-11 22:30:00
5823343.361966775,0.0,158.0,,1.1,,,,,2025-05-11 22:35:00
5823344.36209565,0.0,159.0,,1.1,,,,,2025-05-11 22:40:00
5823345.362224526,0.0,163.0,,1.1,,,,,2025-05-11 22:45:00
5823346.3623534,0.0,169.0,,1.1,,,,,2025-05-11 22:50:00
5823347.362482276,0.0,175.0,,1.1,,,,,2025-05-11 22:55:00
5823348.362611151,0.0,174.0,,1.1,,,,,2025-05-11 23:00:00
5823349.362740027,0.0,175.0,,1.1,,,,,2025-05-11 23:05:00
5823350.362868902,0.0,175.0,,1.1,,,,,2025-05-11 23:10:00
5823351.362997777,0.0,173.0,,1.1,,,,,2025-05-11 23:15:00
5823352.363126652,0.0,169.0,,1.1,,,,,2025-05-11 23:20:00
5823353.363255528,0.0,169.0,,1.1,,,,,2025-05-11 23:25:00
5823354.363384403,0.0,174.0,,1.1,,,,,2025-05-11 23:30:00
5823355.363513278,0.0,177.0,,1.1,,,,,2025-05-11 23:35:00
5823356.363642153,0.0,179.0,,1.1,,,,,2025-05-11 23:40:00
5823357.363771029,0.0,180.0,,1.1,,,,,2025-05-11 23:45:00
5823358.363899904,0.0,182.0,,1.1,,,,,2025-05-11 23:50:00
5823359.364028779,0.0,184.0,,1.1,,,,,2025-05-11 23:55:00
5823360.364157654,0.0,178.0,,1.1,,,,,2025-05-12 00:00:00
5823361.36428653,0.0,182.0,,1.1,,,,1.2,2025-05-12 00:05:00
5823362.364415405,0.0,183.0,,1.1,,,,,2025-05-12 00:10:00
5823363.36454428,0.0,184.0,,1.1,,,,,2025-05-12 00:15:00
5823364.364673155,0.0,180.0,,1.1,,,,,2025-05-12 00:20:00
5823365.364802031,0.0,175.0,,1.1,,,,,2025-05-12 00:25:00
5823366.364930906,0.0,176.0,,1.1,,,,,2025-05-12 00:30:00
5823367.365059782,0.0,180.0,,1.1,,,,,2025-05-12 00:35:00
5823368.365188656,0.0,183.0,,1.1,,,,,2025-05-12 00:40:00
5823369.365317532,0.0,183.0,,1.1,,,,,2025-05-12 00:45:00
5823370.365446407,0.0,183.0,,1.1,,,,,2025-05-12 00:50:00
5823371.365575283,0.0,181.0,,1.1,,,,,2025-05-12 00:55:00
5823372.365704157,0.0,179.0,,1.1,,,,,2025-05-12 01:00:00
5823373.365833033,0.0,177.0,,1.1,,,,,2025-05-12 01:05:00
5823374.365961908,0.0,174.0,,1.1,,,,,2025-05-12 01:10:00
5823375.366090784,0.0,173.0,,1.1,,,,,2025-05-12 01:15:00
5823376.366219658,0.0,172.0,,1.1,,,,,2025-05-12 01:20:00
5823377.366348534,0.0,170.0,,1.1,,,,,2025-05-12 01:25:00
5823378.366477409,0.0,169.0,,1.1,,,,,2025-05-12 01:30:00
5823379.366606285,0.0,170.0,,1.1,,,,,2025-05-12 01:35:00
5823380.36673516,0.0,168.0,,1.1,,,,,2025-05-12 01:40:00
5823381.366864035,0.0,167.0,,1.1,,,,,2025-05-12 01:45:00
5823382.36699291,0.0,168.0,,1.1,,,,,2025-05-12 01:50:00
5823383.367121786,0.0,169.0,,1.1,,,,,2025-05-12 01:55:00
5823384.367250661,0.0,171.0,,1.1,,,,,2025-05-12 02:00:00
5823385.367379536,0.0,170.0,,1.1,,,,,2025-05-12 02:05:00
5823386.367508411,0.0,169.0,,1.1,,,,,2025-05-12 02:10:00
5823387.367637287,0.0,168.0,,1.1,,,,,2025-05-12 02:15:00
5823388.367766162,0.0,167.0,,1.1,,,,,2025-05-12 02:20:00
5823389.367895037,0.0,164.0,,1.1,,,,,2025-05-12 02:25:00
5823390.368023912,0.0,161.0,,1.1,,,,,2025-05-12 02:30:00
5823391.368152788,0.0,163.0,,1.1,,,,,2025-05-12 02:35:00
5823392.368281663,0.0,164.0,,1.1,,,,,2025-05-12 02:40:00
5823393.368410539,0.0,159.0,,1.1,,,,,2025-05-12 02:45:00
5823394.368539413,0.0,158.0,,1.1,,,,,2025-05-12 02:50:00
5823395.368668289,0.0,158.0,,1.1,,,,,2025-05-12 02:55:00
5823396.368797164,0.0,157.0,,1.1,,,,,2025-05-12 03:00:00
5823397.36892604,0.0,157.0,,1.1,,,,,2025-05-12 03:05:00
5823398.369054914,0.0,158.0,,1.1,,,,,2025-05-12 03:10:00
5823399.36918379,0.0,160.0,,1.1,,,,,2025-05-12 03:15:00
5823400.369312665,0.0,164.0,,1.1,,,,,2025-05-12 03:20:00
5823401.369441541,0.0,161.0,,1.1,,,,,2025-05-12 03:25:00
5823402.3695704155,0.0,158.0,,1.1,,,,,2025-05-12 03:30:00
5823403.369699291,0.0,157.0,,1.1,,,,,2025-05-12 03:35:00
5823404.369828166,0.0,158.0,,1.1,,,,,2025-05-12 03:40:00
5823405.369957042,0.0,158.0,,1.1,,,,,2025-05-12 03:45:00
5823406.370085917,0.0,158.0,,1.1,,,,,2025-05-12 03:50:00
5823407.370214792,0.0,158.0,,1.1,,,,,2025-05-12 03:55:00
5823408.370343667,0.0,159.0,,1.1,,,,,2025-05-12 04:00:00
5823409.370472543,0.0,158.0,,1.1,,,,,2025-05-12 04:05:00
5823410.370601418,0.0,160.0,,1.1,,,,,2025-05-12 04:10:00
5823411.370730293,0.0,161.0,,1.1,,,,,2025-05-12 04:15:00
5823412.3708591685,0.0,161.0,,1.1,,,,,2025-05-12 04:20:00
5823413.370988044,0.0,159.0,,1.1,,,,,2025-05-12 04:25:00
5823414.371116919,0.0,159.0,,1.1,,,,,2025-05-12 04:30:00
5823415.371245794,0.0,161.0,,1.1,,,,,2025-05-12 04:35:00
5823416.3713746695,0.0,160.0,,1.1,,,,,2025-05-12 04:40:00
5823417.371503545,0.0,158.0,,1.1,,,,,2025-05-12 04:45:00
5823418.37163242,0.0,155.0,,1.1,,,,,2025-05-12 04:50:00
5823419.371761295,0.0,147.0,,1.1,,,,,2025-05-12 04:55:00
5823420.3718901705,0.0,145.0,,1.1,,,,,2025-05-12 05:00:00
5823421.372019046,0.0,151.0,,1.1,,,,,2025-05-12 05:05:00
5823422.3721479215,0.0,156.0,,1.1,,,,,2025-05-12 05:10:00
5823423.372276797,0.0,158.0,,1.1,,,,,2025-05-12 05:15:00
5823424.3724056715,0.0,159.0,,1.1,,,,,2025-05-12 05:20:00
5823425.372534547,0.0,159.0,,1.1,,,,,2025-05-12 05:25:00
5823426.3726634225,0.0,159.0,,1.1,,,,,2025-05-12 05:30:00
5823427.372792298,0.0,158.0,,1.1,,,,,2025-05-12 05:35:00
5823428.3729211725,0.0,158.0,,1.1,,,,,2025-05-12 05:40:00
5823429.373050048,0.0,158.0,,1.1,,,,,2025-05-12 05:45:00
5823430.3731789235,0.0,158.0,,1.1,,,,,2025-05-12 05:50:00
5823431.373307799,0.0,157.0,,1.1,,,,,2025-05-12 05:55:00
5823432.373436674,0.0,157.0,,1.1,,,,1.0,2025-05-12 06:00:00
5823433.373565549,0.0,156.0,,1.1,,,,,2025-05-12 06:05:00
5823434.3736944245,0.0,156.0,,1.1,,,,,2025-05-12 06:10:00
5823435.3738233,0.0,157.0,,1.1,,,,,2025-05-12 06:15:00
5823436.3739521755,0.0,156.0,,1.1,,,,,2025-05-12 06:20:00
5823437.37408105,0.0,154.0,,1.1,,,,,2025-05-12 06:25:00
5823438.3742099255,0.0,153.0,,1.1,,,,,2025-05-12 06:30:00
5823439.374338801,0.0,153.0,,1.1,,,,,2025-05-12 06:35:00
5823440.3744676765,0.0,152.0,,1.1,,,,,2025-05-12 06:40:00
5823441.374596551,1.0,,,1.1,,,,,2025-05-12 06:45:00
5823442.374725427,1.0,,,1.1,,,,,2025-05-12 06:50:00
5823443.374854302,1.0,,186.0,1.1,,,,1.5,2025-05-12 06:55:00
5823444.3749831775,1.0,,,1.1,,,,,2025-05-12 07:00:00
5823445.375112052,1.0,,,1.1,,,,,2025-05-12 07:05:00
5823446.375240928,0.0,175.0,186.0,1.1,,,,,2025-05-12 07:10:00
5823447.375369803,0.0,169.0,,1.1,,,,,2025-05-12 07:15:00
5823448.375498679,0.0,167.0,,1.1,,,,,2025-05-12 07:20:00
5823449.375627554,0.0,164.0,,1.1,,,,,2025-05-12 07:25:00
5823450.375756429,0.0,160.0,,1.1,,,,,2025-05-12 07:30:00
5823451.375885304,0.0,157.0,,1.1,,,,,2025-05-12 07:35:00
5823452.37601418,0.0,156.0,,1.1,,,,,2025-05-12 07:40:00
5823453.376143055,0.0,154.0,,1.1,,,,,2025-05-12 07:45:00
5823454.37627193,0.0,153.0,,1.1,,,,,2025-05-12 07:50:00
5823455.376400805,0.0,150.0,,1.1,,,,,2025-05-12 07:55:00
5823456.376529681,0.0,148.0,,1.1,,,,,2025-05-12 08:00:00
5823457.376658556,0.0,146.0,,1.1,,,,,2025-05-12 08:05:00
5823458.376787431,0.0,146.0,,1.1,,,,,2025-05-12 08:10:00
5823459.376916306,0.0,145.0,,1.1,,,,,2025-05-12 08:15:00
5823460.377045182,0.0,144.0,,1.1,,,,,2025-05-12 08:20:00
5823461.377174057,0.0,145.0,,1.1,,,,,2025-05-12 08:25:00
5823462.377302933,0.0,145.0,,1.1,,,,,2025-05-12 08:30:00
5823463.377431807,0.0,140.0,,1.1,,,,,2025-05-12 08:35:00
5823464.377560683,0.0,135.0,,1.1,,,,,2025-05-12 08:40:00
5823465.377689558,0.0,131.0,,1.1,,,,,2025-05-12 08:45:00
5823466.377818434,0.0,125.0,,1.1,,,,,2025-05-12 08:50:00
5823467.377947308,0.0,127.0,,1.1,,,,,2025-05-12 08:55:00
5823468.378076184,0.0,127.0,,1.1,,,,,2025-05-12 09:00:00
5823469.378205059,0.0,124.0,,1.1,,,,,2025-05-12 09:05:00
5823470.378333935,0.0,122.0,,1.1,,,,,2025-05-12 09:10:00
5823471.378462809,0.0,116.0,,1.1,,,,,2025-05-12 09:15:00
5823472.378591685,0.0,113.0,,1.1,,,,,2025-05-12 09:20:00
5823473.37872056,0.0,114.0,,1.1,,,,,2025-05-12 09:25:00
5823474.378849436,0.0,115.0,,1.1,,,,,2025-05-12 09:30:00
5823475.37897831,0.0,115.0,,1.1,,,,,2025-05-12 09:35:00
5823476.379107186,0.0,115.0,,1.1,,,,,2025-05-12 09:40:00
5823477.379236061,0.0,117.0,,1.1,,,,,2025-05-12 09:45:00
5823478.379364937,0.0,117.0,,1.1,,,,,2025-05-12 09:50:00
5823479.379493812,0.0,117.0,,1.1,,,35.0,4.6,2025-05-12 09:55:00
5823480.379622687,0.0,123.0,,1.1,,,,,2025-05-12 10:00:00
5823481.379751562,0.0,134.0,,1.1,,,,,2025-05-12 10:05:00
5823482.379880438,0.0,153.0,,1.1,,,,,2025-05-12 10:10:00
5823483.380009313,0.0,170.0,,1.1,,,,,2025-05-12 10:15:00
5823484.380138188,0.0,180.0,,1.1,,,,,2025-05-12 10:20:00
5823485.380267063,0.0,188.0,,1.1,,,,,2025-05-12 10:25:00
5823486.380395939,0.0,182.0,,1.1,,,,,2025-05-12 10:30:00
5823487.380524814,0.0,182.0,,1.1,,,,,2025-05-12 10:35:00
5823488.380653689,0.0,181.0,,1.1,,,,,2025-05-12 10:40:00
5823489.380782564,0.0,179.0,,1.1,,,,,2025-05-12 10:45:00
5823490.38091144,0.0,176.0,,1.1,,,,,2025-05-12 10:50:00
5823491.381040315,0.0,169.0,,1.1,,,,,2025-05-12 10:55:00
5823492.381169191,0.0,166.0,,1.1,,,,,2025-05-12 11:00:00
5823493.381298065,0.0,165.0,,1.1,,,,,2025-05-12 11:05:00
5823494.381426941,0.0,161.0,,1.1,,,,,2025-05-12 11:10:00
5823495.381555816,0.0,155.0,,1.1,,,,,2025-05-12 11:15:00
5823496.381684692,0.0,147.0,,1.1,,,,,2025-05-12 11:20:00
5823497.381813566,0.0,141.0,,1.1,,,,,2025-05-12 11:25:00
5823498.381942442,0.0,135.0,,1.1,,,,,2025-05-12 11:30:00
5823499.382071317,0.0,131.0,,1.1,,,,,2025-05-12 11:35:00
5823500.382200193,0.0,131.0,,1.1,,,,,2025-05-12 11:40:00
5823501.382329067,0.0,134.0,,1.1,,,,0.4,2025-05-12 11:45:00
5823502.382457943,0.0,124.0,,1.1,,,,,2025-05-12 11:50:00
5823503.382586818,0.0,116.0,,1.1,,,,,2025-05-12 11:55:00
5823504.382715694,0.0,115.0,,1.1,,,,,2025-05-12 12:00:00
5823505.382844569,0.0,106.0,,1.1,,,,,2025-05-12 12:05:00
5823506.382973444,0.0,101.0,,1.1,,,,,2025-05-12 12:10:00
5823507.383102319,0.0,100.0,,1.1,,,,,2025-05-12 12:15:00
5823508.383231195,0.0,98.0,,0.0,,,,,2025-05-12 12:20:00
5823509.38336007,0.0,95.0,,0.0,,,,,2025-05-12 12:25:00
5823510.383488945,0.0,98.0,,0.0,,,,,2025-05-12 12:30:00
5823511.38361782,0.0,100.0,,0.0,,,,,2025-05-12 12:35:00
5823512.383746696,0.0,96.0,,0.0,,,,,2025-05-12 12:40:00
5823513.383875571,0.0,93.0,,0.0,,,,,2025-05-12 12:45:00
5823514.384004446,0.0,88.0,,0.0,,,,,2025-05-12 12:50:00
5823515.384133321,0.0,91.0,,0.0,,,,,2025-05-12 12:55:00
5823516.384262197,0.0,87.0,,0.0,,,,,2025-05-12 13:00:00
5823517.384391072,0.0,75.0,,0.0,,,,,2025-05-12 13:05:00
5823518.384519948,0.0,73.0,,0.0,,,,,2025-05-12 13:10:00
5823519.384648822,0.0,73.0,,0.0,,,,,2025-05-12 13:15:00
5823520.384777698,0.0,73.0,,0.0,,,,,2025-05-12 13:20:00
5823521.384906573,0.0,72.0,,0.0,,,,,2025-05-12 13:25:00
5823522.385035449,0.0,75.0,,0.0,,,,,2025-05-12 13:30:00
5823523.385164323,0.0,76.0,,0.0,,,,,2025-05-12 13:35:00
5823524.385293199,0.0,72.0,,0.0,,,,,2025-05-12 13:40:00
5823525.385422074,0.0,67.0,,0.0,,,,,2025-05-12 13:45:00
5823526.38555095,0.0,65.0,,0.0,,,,,2025-05-12 13:50:00
5823527.385679824,0.0,69.0,,0.0,,,,,2025-05-12 13:55:00
5823528.3858087,0.0,71.0,,0.0,,,,,2025-05-12 14:00:00
5823529.385937575,0.0,82.0,,0.0,,,,,2025-05-12 14:05:00
5823530.386066451,0.0,90.0,,1.1,,,,,2025-05-12 14:10:00
5823531.386195325,0.0,98.0,,1.1,,,,2.3,2025-05-12 14:15:00
5823532.386324201,0.0,106.0,,1.1,,,,,2025-05-12 14:20:00
5823533.386453076,0.0,112.0,,1.1,,,,,2025-05-12 14:25:00
5823534.386581952,0.0,123.0,,1.1,,,,,2025-05-12 14:30:00
5823535.386710827,0.0,128.0,,1.1,,,,,2025-05-12 14:35:00
5823536.386839702,0.0,132.0,,1.1,,,,,2025-05-12 14:40:00
5823537.386968577,0.0,136.0,,1.1,,,,,2025-05-12 14:45:00
5823538.387097453,0.0,144.0,,1.1,,,,,2025-05-12 14:50:00
5823539.387226328,0.0,145.0,,1.1,,,,,2025-05-12 14:55:00
5823540.387355203,0.0,164.0,,1.1,,,,,2025-05-12 15:00:00
5823541.387484078,0.0,181.0,,1.1,,,,,2025-05-12 15:05:00
5823542.387612954,0.0,170.0,,1.1,,,,,2025-05-12 15:10:00
5823543.387741829,0.0,171.0,,1.1,,,,,2025-05-12 15:15:00
5823544.387870704,0.0,176.0,,1.1,,,,,2025-05-12 15:20:00
5823545.387999579,0.0,180.0,,1.1,,,,,2025-05-12 15:25:00
5823546.388128455,0.0,184.0,,1.1,,,,2.1,2025-05-12 15:30:00
5823547.38825733,0.0,183.0,,1.1,,,,,2025-05-12 15:35:00
5823548.388386206,0.0,178.0,,1.1,,,,,2025-05-12 15:40:00
5823549.38851508,0.0,176.0,,1.1,,,,,2025-05-12 15:45:00
5823550.388643956,0.0,175.0,,1.1,,,,,2025-05-12 15:50:00
5823551.388772831,0.0,175.0,,1.1,,,,,2025-05-12 15:55:00
5823552.388901707,0.0,177.0,,1.1,,,,,2025-05-12 16:00:00
5823553.389030581,0.0,178.0,,1.1,,,,,2025-05-12 16:05:00
5823554.389159457,0.0,176.0,,1.1,,,,,2025-05-12 16:10:00
5823555.389288332,0.0,178.0,,1.1,,,,,2025-05-12 16:15:00
5823556.389417208,0.0,180.0,,1.1,,,,,2025-05-12 16:20:00
5823557.389546082,0.0,179.0,,1.1,,,,,2025-05-12 16:25:00
5823558.389674958,0.0,177.0,,1.1,,,,,2025-05-12 16:30:00
5823559.389803833,0.0,178.0,,1.1,,,,,2025-05-12 16:35:00
5823560.389932709,0.0,178.0,,1.1,,,,,2025-05-12 16:40:00
5823561.390061584,0.0,175.0,,1.1,,,,,2025-05-12 16:45:00
5823562.390190459,0.0,175.0,191.0,1.1,,,,2.1,2025-05-12 16:50:00
5823563.390319334,0.0,170.0,,1.1,,,,,2025-05-12 16:55:00
5823564.39044821,0.0,183.0,191.0,1.1,,,,,2025-05-12 17:00:00
5823565.390577085,0.0,185.0,,1.1,,,,,2025-05-12 17:05:00
5823566.39070596,0.0,182.0,,1.1,,,,,2025-05-12 17:10:00
5823567.390834835,0.0,180.0,,1.1,,,,,2025-05-12 17:15:00
5823568.390963711,0.0,179.0,,1.1,,,,,2025-05-12 17:20:00
5823569.391092586,0.0,178.0,,1.1,,,,,2025-05-12 17:25:00
5823570.391221461,0.0,177.0,,1.1,,,,,2025-05-12 17:30:00
5823571.391350336,0.0,167.0,,1.1,,,,,2025-05-12 17:35:00
5823572.391479212,0.0,159.0,,1.1,,,,,2025-05-12 17:40:00
5823573.391608087,0.0,154.0,,1.1,,,,,2025-05-12 17:45:00
5823574.391736963,0.0,153.0,,1.1,,,,,2025-05-12 17:50:00
5823575.391865837,0.0,149.0,,1.1,,,,,2025-05-12 17:55:00
5823576.391994713,0.0,148.0,,1.1,,,,,2025-05-12 18:00:00
5823577.392123588,0.0,146.0,,1.1,,,,,2025-05-12 18:05:00
5823578.392252464,0.0,146.0,,1.1,,,,,2025-05-12 18:10:00
5823579.392381338,0.0,150.0,,1.1,,,,,2025-05-12 18:15:00
5823580.392510214,0.0,147.0,,1.1,,,,,2025-05-12 18:20:00
5823581.392639089,0.0,147.0,,1.1,,,,,2025-05-12 18:25:00
5823582.392767965,0.0,148.0,,1.1,,,,,2025-05-12 18:30:00
5823583.392896839,0.0,154.0,,1.1,,,,,2025-05-12 18:35:00
5823584.393025715,0.0,150.0,,1.1,,,,,2025-05-12 18:40:00
5823585.39315459,0.0,154.0,,1.1,,,,,2025-05-12 18:45:00
5823586.393283466,0.0,155.0,,1.1,,,,,2025-05-12 18:50:00
5823587.39341234,0.0,161.0,,1.1,,,,,2025-05-12 18:55:00
5823588.393541216,0.0,173.0,,1.1,,,,,2025-05-12 19:00:00
5823589.393670091,0.0,168.0,,1.1,,,,,2025-05-12 19:05:00
5823590.393798967,0.0,168.0,,1.1,,,,,2025-05-12 19:10:00
5823591.393927842,0.0,168.0,,1.1,,,45.0,,2025-05-12 19:15:00
5823592.394056717,0.0,172.0,,1.1,,,,,2025-05-12 19:20:00
5823593.394185592,0.0,178.0,,1.1,,,,,2025-05-12 19:25:00
5823594.394314468,0.0,190.0,,1.1,,,,,2025-05-12 19:30:00
5823595.394443343,0.0,190.0,,1.1,,,,,2025-05-12 19:35:00
5823596.394572218,0.0,194.0,,1.1,,,,,2025-05-12 19:40:00
5823597.394701093,0.0,202.0,,1.1,,,,,2025-05-12 19:45:00
5823598.394829969,0.0,199.0,,1.1,,,,,2025-05-12 19:50:00
5823599.394958844,0.0,203.0,,1.1,,,,7.1,2025-05-12 19:55:00
5823600.395087719,0.0,207.0,,1.1,,,,,2025-05-12 20:00:00
5823601.395216594,0.0,205.0,,1.1,,,,,2025-05-12 20:05:00
5823602.39534547,0.0,205.0,,1.1,,,,,2025-05-12 20:10:00
5823603.395474345,0.0,207.0,,1.1,,,,,2025-05-12 20:15:00
5823604.395603221,0.0,210.0,,1.1,,,,,2025-05-12 20:20:00
5823605.395732095,0.0,214.0,,1.1,,,,,2025-05-12 20:25:00
5823606.395860971,0.0,216.0,,1.1,,,,,2025-05-12 20:30:00
5823607.395989846,0.0,217.0,,1.1,,,,,2025-05-12 20:35:00
5823608.396118722,0.0,219.0,,1.1,,,,,2025-05-12 20:40:00
5823609.3962475965,0.0,223.0,,1.1,,,,,2025-05-12 20:45:00
5823610.396376472,0.0,217.0,,1.1,,,,,2025-05-12 20:50:00
5823611.396505347,0.0,204.0,,1.1,,,,,2025-05-12 20:55:00
5823612.396634223,0.0,204.0,,1.1,,,,,2025-05-12 21:00:00
5823613.3967630975,0.0,205.0,,1.1,,,,,2025-05-12 21:05:00
5823614.396891973,0.0,199.0,,1.1,,,,,2025-05-12 21:10:00
5823615.3970208485,0.0,191.0,,1.1,,,,,2025-05-12 21:15:00
5823616.397149724,0.0,186.0,,1.1,,,,,2025-05-12 21:20:00
5823617.397278599,0.0,175.0,,1.1,,,,,2025-05-12 21:25:00
5823618.397407474,0.0,169.0,,1.1,,,,,2025-05-12 21:30:00
5823619.3975363495,0.0,167.0,,1.1,,,,,2025-05-12 21:35:00
5823620.397665225,0.0,166.0,,1.1,,,,,2025-05-12 21:40:00
5823621.3977941,0.0,164.0,,1.1,,,,,2025-05-12 21:45:00
5823622.397922975,0.0,167.0,,1.1,,,,,2025-05-12 21:50:00
5823623.3980518505,0.0,173.0,,1.1,,,,,2025-05-12 21:55:00
5823624.398180726,0.0,178.0,,1.1,,,,,2025-05-12 22:00:00
5823625.3983096015,0.0,182.0,,1.1,,,,,2025-05-12 22:05:00
5823626.398438476,0.0,188.0,,1.1,,,,2.5,2025-05-12 22:10:00
5823627.3985673515,0.0,191.0,,1.1,,,,,2025-05-12 22:15:00
5823628.398696227,0.0,191.0,,1.1,,,,,2025-05-12 22:20:00
5823629.3988251025,0.0,194.0,,1.1,,,,,2025-05-12 22:25:00
5823630.398953978,0.0,198.0,,1.1,,,,,2025-05-12 22:30:00
5823631.3990828525,0.0,200.0,,1.1,,,,,2025-05-12 22:35:00
5823632.399211728,0.0,197.0,186.0,1.1,,,,,2025-05-12 22:40:00
5823633.3993406035,0.0,195.0,,1.1,,,,,2025-05-12 22:45:00
5823634.399469479,0.0,188.0,186.0,1.1,,,,,2025-05-12 22:50:00
5823635.399598354,0.0,177.0,,1.1,,,,,2025-05-12 22:55:00
5823636.399727229,0.0,171.0,,1.1,,,,,2025-05-12 23:00:00
5823637.3998561045,0.0,166.0,,1.1,,,,,2025-05-12 23:05:00
5823638.39998498,0.0,162.0,,1.1,,,,,2025-05-12 23:10:00
5823639.400113855,0.0,158.0,,1.1,,,,,2025-05-12 23:15:00
5823640.40024273,0.0,153.0,,1.1,,,,,2025-05-12 23:20:00
5823641.4003716055,0.0,150.0,,1.1,,,,,2025-05-12 23:25:00
5823642.400500481,0.0,150.0,,1.1,,,,,2025-05-12 23:30:00
5823643.400629356,0.0,150.0,,1.1,,,,,2025-05-12 23:35:00
5823644.400758231,0.0,151.0,,1.1,,,,,2025-05-12 23:40:00
5823645.400887107,0.0,151.0,,1.1,,,,,2025-05-12 23:45:00
5823646.401015982,0.0,150.0,,1.1,,,,,2025-05-12 23:50:00
5823647.4011448575,0.0,149.0,,1.1,,,,,2025-05-12 23:55:00
5823648.401273732,0.0,150.0,,1.1,,,,,2025-05-13 00:00:00
5823649.401402608,0.0,151.0,,1.1,,,,,2025-05-13 00:05:00
5823650.401531483,0.0,150.0,,1.1,,,,,2025-05-13 00:10:00
5823651.4016603585,0.0,149.0,,1.1,,,,,2025-05-13 00:15:00
5823652.401789233,0.0,151.0,,1.1,,,,,2025-05-13 00:20:00
5823653.401918109,0.0,152.0,,1.1,,,,,2025-05-13 00:25:00
5823654.402046984,0.0,152.0,,1.1,,,,,2025-05-13 00:30:00
5823655.40217586,0.0,154.0,,1.1,,,,,2025-05-13 00:35:00
5823656.402304734,0.0,154.0,,1.1,,,,,2025-05-13 00:40:00
5823657.40243361,0.0,153.0,,1.1,,,,,2025-05-13 00:45:00
5823658.402562485,0.0,151.0,,1.1,,,,,2025-05-13 00:50:00
5823659.402691361,0.0,147.0,,1.1,,,,,2025-05-13 00:55:00
5823660.402820236,0.0,148.0,,1.1,,,,,2025-05-13 01:00:00
5823661.402949111,0.0,151.0,,1.1,,,,,2025-05-13 01:05:00
5823662.403077986,0.0,154.0,,1.1,,,,,2025-05-13 01:10:00
5823663.403206862,0.0,156.0,,1.1,,,,1.1,2025-05-13 01:15:00
5823664.403335737,0.0,157.0,,1.1,,,,,2025-05-13 01:20:00
5823665.403464612,0.0,154.0,,1.1,,,,,2025-05-13 01:25:00
5823666.403593487,0.0,149.0,,1.1,,,,,2025-05-13 01:30:00
5823667.403722363,0.0,150.0,,1.1,,,,,2025-05-13 01:35:00
5823668.403851238,0.0,153.0,,1.1,,,,,2025-05-13 01:40:00
5823669.403980113,0.0,152.0,,1.1,,,,,2025-05-13 01:45:00
5823670.404108988,0.0,151.0,,1.1,,,,,2025-05-13 01:50:00
5823671.404237864,0.0,150.0,,1.1,,,,,2025-05-13 01:55:00
5823672.404366739,0.0,149.0,,1.1,,,,,2025-05-13 02:00:00
5823673.404495615,0.0,149.0,,1.1,,,,,2025-05-13 02:05:00
5823674.404624489,0.0,149.0,,1.1,,,,,2025-05-13 02:10:00
5823675.404753365,0.0,146.0,,1.1,,,,,2025-05-13 02:15:00
5823676.40488224,0.0,138.0,,1.1,,,,,2025-05-13 02:20:00
5823677.405011116,0.0,136.0,,1.1,,,,,2025-05-13 02:25:00
5823678.40513999,0.0,138.0,,1.1,,,,,2025-05-13 02:30:00
5823679.405268866,0.0,143.0,,1.1,,,,,2025-05-13 02:35:00
5823680.405397741,0.0,143.0,,1.1,,,,,2025-05-13 02:40:00
5823681.405526617,0.0,145.0,,1.1,,,,,2025-05-13 02:45:00
5823682.405655491,0.0,150.0,,1.1,,,,,2025-05-13 02:50:00
5823683.405784367,0.0,144.0,,1.1,,,,,2025-05-13 02:55:00
5823684.405913242,0.0,140.0,,1.1,,,,,2025-05-13 03:00:00
5823685.406042118,0.0,140.0,,1.1,,,,,2025-05-13 03:05:00
5823686.406170993,0.0,138.0,,1.1,,,,,2025-05-13 03:10:00
5823687.406299868,0.0,135.0,,1.1,,,,,2025-05-13 03:15:00
5823688.406428743,0.0,139.0,,1.1,,,,,2025-05-13 03:20:00
5823689.406557619,0.0,151.0,,1.1,,,,,2025-05-13 03:25:00
5823690.406686494,0.0,151.0,,1.1,,,,,2025-05-13 03:30:00
5823691.406815369,0.0,146.0,,1.1,,,,,2025-05-13 03:35:00
5823692.406944244,0.0,146.0,,1.1,,,,,2025-05-13 03:40:00
5823693.40707312,0.0,144.0,,1.1,,,,,2025-05-13 03:45:00
5823694.407201995,0.0,143.0,,1.1,,,,,2025-05-13 03:50:00
5823695.40733087,0.0,142.0,,1.1,,,,,2025-05-13 03:55:00
5823696.407459745,0.0,141.0,,1.1,,,,,2025-05-13 04:00:00
5823697.407588621,0.0,142.0,,1.1,,,,,2025-05-13 04:05:00
5823698.407717496,0.0,143.0,,1.1,,,,,2025-05-13 04:10:00
5823699.407846371,0.0,143.0,,1.1,,,,,2025-05-13 04:15:00
5823700.407975246,0.0,148.0,,1.1,,,,,2025-05-13 04:20:00
5823701.408104122,0.0,151.0,,1.1,,,,,2025-05-13 04:25:00
5823702.408232997,0.0,151.0,,1.1,,,,,2025-05-13 04:30:00
5823703.408361873,0.0,151.0,,1.1,,,,,2025-05-13 04:35:00
5823704.408490747,0.0,151.0,,1.1,,,,,2025-05-13 04:40:00
5823705.408619623,0.0,151.0,,1.1,,,,,2025-05-13 04:45:00
5823706.408748498,0.0,150.0,,1.1,,,,,2025-05-13 04:50:00
5823707.408877374,0.0,151.0,,1.1,,,,,2025-05-13 04:55:00
5823708.409006248,0.0,152.0,,1.1,,,,,2025-05-13 05:00:00
5823709.409135124,0.0,153.0,,1.1,,,,,2025-05-13 05:05:00
5823710.409263999,0.0,150.0,,1.1,,,,,2025-05-13 05:10:00
5823711.409392875,0.0,143.0,,1.1,,,,,2025-05-13 05:15:00
5823712.409521749,0.0,147.0,,1.1,,,,,2025-05-13 05:20:00
5823713.409650625,0.0,147.0,,1.1,,,,,2025-05-13 05:25:00
5823714.4097795,0.0,150.0,,1.1,,,,,2025-05-13 05:30:00
5823715.409908376,0.0,150.0,,1.1,,,,,2025-05-13 05:35:00
5823716.410037251,0.0,148.0,,1.1,,,,,2025-05-13 05:40:00
5823717.410166126,0.0,147.0,,1.1,,,,,2025-05-13 05:45:00
5823718.410295001,0.0,144.0,,1.1,,,,,2025-05-13 05:50:00
5823719.410423877,0.0,143.0,,1.1,,,,,2025-05-13 05:55:00
5823720.410552752,0.0,143.0,,1.1,,,,,2025-05-13 06:00:00
5823721.410681627,0.0,143.0,,1.1,,,,,2025-05-13 06:05:00
5823722.410810502,0.0,142.0,,1.1,,,,,2025-05-13 06:10:00
5823723.410939378,0.0,142.0,,1.1,,,,,2025-05-13 06:15:00
5823724.411068253,0.0,141.0,,1.1,,,,,2025-05-13 06:20:00
5823725.411197128,0.0,141.0,,1.1,,,,,2025-05-13 06:25:00
5823726.411326003,0.0,141.0,,1.1,,,,,2025-05-13 06:30:00
5823727.411454879,0.0,143.0,,1.1,,,,,2025-05-13 06:35:00
5823728.411583754,0.0,143.0,,1.1,,,,,2025-05-13 06:40:00
5823729.41171263,0.0,137.0,,1.1,,,,,2025-05-13 06:45:00
5823730.411841504,0.0,136.0,,1.1,,,,,2025-05-13 06:50:00
5823731.41197038,0.0,137.0,,1.1,,,,,2025-05-13 06:55:00
5823732.412099255,0.0,139.0,,1.1,,,,,2025-05-13 07:00:00
5823733.412228131,0.0,143.0,,1.1,,,,,2025-05-13 07:05:00
5823734.412357005,0.0,143.0,,1.1,,,,1.1,2025-05-13 07:10:00
5823735.412485881,0.0,140.0,,1.1,,,,,2025-05-13 07:15:00
5823736.412614756,0.0,141.0,,1.1,,,,,2025-05-13 07:20:00
5823737.412743632,0.0,143.0,,1.1,,,,,2025-05-13 07:25:00
5823738.412872506,0.0,141.0,,1.1,,,,,2025-05-13 07:30:00
5823739.413001382,0.0,132.0,,1.1,,,,,2025-05-13 07:35:00
5823740.413130257,0.0,136.0,,1.1,,,,,2025-05-13 07:40:00
5823741.413259133,0.0,138.0,,1.1,,,,,2025-05-13 07:45:00
5823742.413388008,0.0,131.0,,1.1,,,,,2025-05-13 07:50:00
5823743.413516883,0.0,128.0,,1.1,,,,,2025-05-13 07:55:00
5823744.413645758,0.0,124.0,,1.1,,,,,2025-05-13 08:00:00
5823745.413774634,0.0,129.0,,1.1,,,35.0,,2025-05-13 08:05:00
5823746.413903509,0.0,139.0,,1.1,,,,,2025-05-13 08:10:00
5823747.414032384,0.0,140.0,,1.1,,,,,2025-05-13 08:15:00
5823748.414161259,0.0,134.0,,1.1,,,,,2025-05-13 08:20:00
5823749.414290135,0.0,133.0,,1.1,,,,,2025-05-13 08:25:00
5823750.41441901,0.0,134.0,,1.1,,,,4.6,2025-05-13 08:30:00
5823751.414547885,0.0,140.0,,1.1,,,,,2025-05-13 08:35:00
5823752.41467676,0.0,149.0,,1.1,,,,,2025-05-13 08:40:00
5823753.414805636,0.0,150.0,,1.1,,,,,2025-05-13 08:45:00
5823754.414934511,0.0,150.0,,1.1,,,,,2025-05-13 08:50:00
5823755.415063386,0.0,154.0,,1.1,,,,,2025-05-13 08:55:00
5823756.415192261,0.0,158.0,,1.1,,,,,2025-05-13 09:00:00
5823757.415321137,0.0,166.0,,1.1,,,,,2025-05-13 09:05:00
5823758.415450012,0.0,173.0,,1.1,,,,,2025-05-13 09:10:00
5823759.415578888,0.0,176.0,,1.1,,,,,2025-05-13 09:15:00
5823760.415707762,0.0,178.0,,1.1,,,,,2025-05-13 09:20:00
5823761.415836638,0.0,180.0,,1.1,,,,,2025-05-13 09:25:00
5823762.415965513,0.0,181.0,,1.1,,,,,2025-05-13 09:30:00
5823763.416094389,0.0,177.0,,1.1,,,,,2025-05-13 09:35:00
5823764.416223263,0.0,175.0,,1.1,,,,,2025-05-13 09:40:00
5823765.416352139,0.0,174.0,,1.1,,,,,2025-05-13 09:45:00
5823766.416481014,0.0,170.0,,1.1,,,,,2025-05-13 09:50:00
5823767.41660989,0.0,165.0,159.0,1.1,,,,1.1,2025-05-13 09:55:00
5823768.416738764,0.0,164.0,,1.1,,,,,2025-05-13 10:00:00
5823769.41686764,0.0,168.0,,1.1,,,,,2025-05-13 10:05:00
5823770.416996515,0.0,162.0,159.0,1.1,,,,,2025-05-13 10:10:00
5823771.417125391,0.0,162.0,,1.1,,,,,2025-05-13 10:15:00
5823772.417254266,0.0,157.0,,1.1,,,,,2025-05-13 10:20:00
5823773.417383141,0.0,152.0,,1.1,,,,,2025-05-13 10:25:00
5823774.417512016,0.0,149.0,,1.1,,,,,2025-05-13 10:30:00
5823775.417640892,0.0,147.0,,1.1,,,,,2025-05-13 10:35:00
5823776.417769767,0.0,149.0,,1.1,,,,,2025-05-13 10:40:00
5823777.417898642,0.0,145.0,,1.1,,,,,2025-05-13 10:45:00
5823778.418027517,0.0,137.0,,1.1,,,,,2025-05-13 10:50:00
5823779.418156393,0.0,132.0,,1.1,,,,,2025-05-13 10:55:00
5823780.418285268,0.0,129.0,,1.1,,,,,2025-05-13 11:00:00
5823781.418414143,0.0,126.0,,1.1,,,,,2025-05-13 11:05:00
5823782.418543018,0.0,123.0,,1.1,,,,,2025-05-13 11:10:00
5823783.418671894,0.0,115.0,,1.1,,,,,2025-05-13 11:15:00
5823784.418800769,0.0,108.0,,1.1,,,,,2025-05-13 11:20:00
5823785.418929645,0.0,104.0,,1.1,,,,,2025-05-13 11:25:00
5823786.419058519,0.0,102.0,,1.1,,,,,2025-05-13 11:30:00
5823787.419187395,0.0,100.0,,1.1,,,,,2025-05-13 11:35:00
5823788.41931627,0.0,94.0,,1.1,,,,,2025-05-13 11:40:00
5823789.419445146,0.0,85.0,,1.1,,,,,2025-05-13 11:45:00
5823790.41957402,0.0,85.0,,1.1,,,,,2025-05-13 11:50:00
5823791.419702896,0.0,75.0,,1.1,,,,,2025-05-13 11:55:00
5823792.419831771,0.0,80.0,,1.1,,,,,2025-05-13 12:00:00
5823793.419960647,0.0,81.0,,1.1,,,,,2025-05-13 12:05:00
5823794.420089521,0.0,78.0,,1.1,,,,,2025-05-13 12:10:00
5823795.420218397,0.0,77.0,,1.1,,,,,2025-05-13 12:15:00
5823796.420347272,0.0,74.0,,1.1,,,,,2025-05-13 12:20:00
5823797.420476148,0.0,70.0,,1.1,,,,,2025-05-13 12:25:00
5823798.420605023,0.0,67.0,,1.1,,,,,2025-05-13 12:30:00
5823799.420733898,0.0,64.0,,1.1,,,,,2025-05-13 12:35:00
5823800.420862773,0.0,63.0,,1.1,,,,,2025-05-13 12:40:00
5823801.420991649,0.0,62.0,,1.1,,,,,2025-05-13 12:45:00
5823802.421120524,0.0,65.0,,1.1,,,,,2025-05-13 12:50:00
5823803.421249399,0.0,65.0,,1.1,,,,,2025-05-13 12:55:00
5823804.421378274,0.0,64.0,,1.1,,,,,2025-05-13 13:00:00
5823805.42150715,0.0,67.0,,1.1,,,,,2025-05-13 13:05:00
5823806.421636025,0.0,83.0,,1.1,,,,,2025-05-13 13:10:00
5823807.4217649,0.0,92.0,,1.1,,,,,2025-05-13 13:15:00
5823808.421893775,0.0,105.0,,1.1,,,,,2025-05-13 13:20:00
5823809.422022651,0.0,116.0,,1.1,,,,1.0,2025-05-13 13:25:00
5823810.422151526,0.0,130.0,,1.1,,,,2.1,2025-05-13 13:30:00
5823811.422280401,0.0,147.0,,1.1,,,,,2025-05-13 13:35:00
5823812.4224092765,0.0,164.0,,1.1,,,,,2025-05-13 13:40:00
5823813.422538152,0.0,173.0,,1.1,,,,,2025-05-13 13:45:00
5823814.422667027,0.0,159.0,,1.1,,,,,2025-05-13 13:50:00
5823815.422795903,0.0,150.0,,1.1,,,,,2025-05-13 13:55:00
5823816.4229247775,0.0,160.0,,1.1,,,,,2025-05-13 14:00:00
5823817.423053653,0.0,173.0,,1.1,,,,,2025-05-13 14:05:00
5823818.4231825285,0.0,181.0,,1.1,,,,,2025-05-13 14:10:00
5823819.423311404,0.0,188.0,,1.1,,,,,2025-05-13 14:15:00
5823820.4234402785,0.0,191.0,,1.1,,,,3.4,2025-05-13 14:20:00
5823821.423569154,0.0,196.0,,1.1,,,,,2025-05-13 14:25:00
5823822.4236980295,0.0,206.0,,1.1,,,,,2025-05-13 14:30:00
5823823.423826905,0.0,209.0,,1.1,,,,,2025-05-13 14:35:00
5823824.4239557795,0.0,210.0,,1.1,,,,,2025-05-13 14:40:00
5823825.424084655,0.0,208.0,,1.1,,,,,2025-05-13 14:45:00
5823826.4242135305,0.0,205.0,,1.1,,,,,2025-05-13 14:50:00
5823827.424342406,0.0,196.0,,1.1,,,,,2025-05-13 14:55:00
5823828.4244712815,0.0,186.0,,1.1,,,,,2025-05-13 15:00:00
5823829.424600156,0.0,178.0,,1.1,,,,,2025-05-13 15:05:00
5823830.4247290315,0.0,174.0,,1.1,,,,,2025-05-13 15:10:00
5823831.424857907,0.0,166.0,,1.1,,,,,2025-05-13 15:15:00
5823832.4249867825,0.0,154.0,,1.1,,,,,2025-05-13 15:20:00
5823833.425115657,0.0,151.0,,1.1,,,,,2025-05-13 15:25:00
5823834.4252445325,0.0,150.0,,1.1,,,,,2025-05-13 15:30:00
5823835.425373408,0.0,147.0,,1.1,,,,,2025-05-13 15:35:00
5823836.4255022835,0.0,146.0,,1.1,,,,,2025-05-13 15:40:00
5823837.425631158,0.0,137.0,,1.1,,,,,2025-05-13 15:45:00
5823838.425760034,0.0,134.0,,1.1,,,,,2025-05-13 15:50:00
5823839.425888909,0.0,132.0,,1.1,,,,,2025-05-13 15:55:00
5823840.4260177845,0.0,129.0,,1.1,,,,,2025-05-13 16:00:00
5823841.42614666,0.0,127.0,,1.1,,,,,2025-05-13 16:05:00
5823842.426275535,0.0,127.0,,1.1,,,,,2025-05-13 16:10:00
5823843.42640441,0.0,125.0,,1.1,,,,,2025-05-13 16:15:00
5823844.4265332855,0.0,117.0,,1.1,,,,,2025-05-13 16:20:00
5823845.426662161,0.0,109.0,,1.1,,,,,2025-05-13 16:25:00
5823846.426791036,0.0,104.0,,1.1,,,,,2025-05-13 16:30:00
5823847.426919911,0.0,102.0,,1.1,,,,,2025-05-13 16:35:00
5823848.427048787,0.0,101.0,,1.1,,,,,2025-05-13 16:40:00
5823849.427177662,0.0,98.0,,1.1,,,,,2025-05-13 16:45:00
5823850.427306537,0.0,95.0,,1.1,,,,,2025-05-13 16:50:00
5823851.427435412,0.0,93.0,,1.1,,,,,2025-05-13 16:55:00
5823852.427564288,0.0,87.0,,1.1,,,,,2025-05-13 17:00:00
5823853.427693163,0.0,85.0,,1.1,,,,,2025-05-13 17:05:00
5823854.4278220385,0.0,86.0,,1.1,,,,,2025-05-13 17:10:00
5823855.427950913,0.0,85.0,,1.1,,,,,2025-05-13 17:15:00
5823856.428079789,0.0,81.0,,1.1,,,,,2025-05-13 17:20:00
5823857.428208664,0.0,77.0,,1.1,,,,,2025-05-13 17:25:00
5823858.42833754,0.0,75.0,,1.1,,,,,2025-05-13 17:30:00
5823859.428466414,0.0,75.0,,1.1,,,,,2025-05-13 17:35:00
5823860.42859529,0.0,75.0,,1.1,,,,,2025-05-13 17:40:00
5823861.428724165,0.0,73.0,,1.1,,,,,2025-05-13 17:45:00
5823862.428853041,0.0,76.0,,1.1,,,,,2025-05-13 17:50:00
5823863.428981915,0.0,82.0,,1.1,,,,,2025-05-13 17:55:00
5823864.429110791,0.0,89.0,,1.1,,,,,2025-05-13 18:00:00
5823865.429239666,0.0,101.0,,1.1,,,,,2025-05-13 18:05:00
5823866.429368542,0.0,109.0,,1.1,,,,,2025-05-13 18:10:00
5823867.429497416,0.0,112.0,,1.1,,,,,2025-05-13 18:15:00
5823868.429626292,0.0,114.0,,1.1,,,,,2025-05-13 18:20:00
5823869.429755167,0.0,116.0,,1.1,,,,,2025-05-13 18:25:00
5823870.429884043,0.0,119.0,,1.1,,,,,2025-05-13 18:30:00
5823871.430012918,0.0,120.0,,1.1,,,,,2025-05-13 18:35:00
5823872.430141793,0.0,117.0,,1.1,,,,,2025-05-13 18:40:00
5823873.430270668,0.0,113.0,,1.1,,,,,2025-05-13 18:45:00
5823874.430399544,0.0,108.0,,1.1,,,,,2025-05-13 18:50:00
5823875.430528419,0.0,98.0,,1.1,,,,,2025-05-13 18:55:00
5823876.430657294,0.0,99.0,,1.1,,,,,2025-05-13 19:00:00
5823877.430786169,0.0,100.0,,1.1,,,,,2025-05-13 19:05:00
5823878.430915045,0.0,98.0,,1.1,,,,,2025-05-13 19:10:00
5823879.43104392,0.0,99.0,,1.1,,,85.0,,2025-05-13 19:15:00
5823880.431172795,0.0,102.0,,1.1,,,,,2025-05-13 19:20:00
5823881.43130167,0.0,102.0,,1.1,,,,,2025-05-13 19:25:00
5823882.431430546,0.0,100.0,,1.1,,,,,2025-05-13 19:30:00
5823883.431559421,0.0,104.0,,1.1,,,,,2025-05-13 19:35:00
5823884.431688297,0.0,103.0,,1.1,,,,,2025-05-13 19:40:00
5823885.431817171,0.0,99.0,,1.1,,,,,2025-05-13 19:45:00
5823886.431946047,0.0,104.0,,1.1,,,,,2025-05-13 19:50:00
5823887.432074922,0.0,117.0,,1.1,,,,,2025-05-13 19:55:00
5823888.432203798,0.0,131.0,,1.1,,,,11.8,2025-05-13 20:00:00
5823889.432332672,0.0,125.0,,1.1,,,,,2025-05-13 20:05:00
5823890.432461548,0.0,130.0,,1.1,,,,,2025-05-13 20:10:00
5823891.432590423,0.0,138.0,,1.1,,,,,2025-05-13 20:15:00
5823892.432719299,0.0,151.0,,1.1,,,,,2025-05-13 20:20:00
5823893.432848173,0.0,161.0,,1.1,,,,,2025-05-13 20:25:00
5823894.432977049,0.0,174.0,,1.1,,,,,2025-05-13 20:30:00
5823895.433105924,0.0,189.0,,1.1,,,,,2025-05-13 20:35:00
5823896.4332348,0.0,198.0,,1.1,,,,,2025-05-13 20:40:00
5823897.433363675,0.0,201.0,,1.1,,,,,2025-05-13 20:45:00
5823898.43349255,0.0,197.0,,1.1,,,,,2025-05-13 20:50:00
5823899.433621425,0.0,190.0,,1.1,,,,,2025-05-13 20:55:00
5823900.433750301,0.0,179.0,,1.1,,,,,2025-05-13 21:00:00
5823901.433879176,0.0,174.0,,1.1,,,,,2025-05-13 21:05:00
5823902.434008051,0.0,173.0,,1.1,,,,,2025-05-13 21:10:00
5823903.434136926,0.0,171.0,,1.1,,,,,2025-05-13 21:15:00
5823904.434265802,0.0,169.0,,1.1,,,,,2025-05-13 21:20:00
5823905.434394677,0.0,167.0,,1.1,,,,,2025-05-13 21:25:00
5823906.434523552,0.0,165.0,,1.1,,,,,2025-05-13 21:30:00
5823907.434652427,0.0,161.0,,1.1,,,12.0,,2025-05-13 21:35:00
5823908.434781303,0.0,158.0,,1.1,,,,,2025-05-13 21:40:00
5823909.434910178,0.0,160.0,,1.1,,,,,2025-05-13 21:45:00
5823910.435039054,0.0,157.0,,1.1,,,,,2025-05-13 21:50:00
5823911.435167928,0.0,155.0,,1.1,,,,1.0,2025-05-13 21:55:00
5823912.435296804,1.0,,,1.1,,,,,2025-05-13 22:00:00
5823913.435425679,1.0,,,1.1,,,,,2025-05-13 22:05:00
5823914.435554555,1.0,,,1.1,,,,,2025-05-13 22:10:00
5823915.435683429,1.0,,,1.1,,,,,2025-05-13 22:15:00
5823916.435812305,1.0,,,1.1,,,,,2025-05-13 22:20:00
5823917.43594118,1.0,,,1.1,,,,,2025-05-13 22:25:00
5823918.436070056,1.0,,,1.1,,,,,2025-05-13 22:30:00
5823919.43619893,1.0,,,1.1,,,,,2025-05-13 22:35:00
5823920.436327806,1.0,,,1.1,,,,,2025-05-13 22:40:00
5823921.436456681,1.0,,,1.1,,,,,2025-05-13 22:45:00
5823922.436585557,1.0,,111.0,1.1,,,,,2025-05-13 22:50:00
5823923.436714431,1.0,,,1.1,,,,,2025-05-13 22:55:00
5823924.436843307,1.0,,,1.1,,,,,2025-05-13 23:00:00
5823925.436972182,0.0,105.0,111.0,1.1,,,,,2025-05-13 23:05:00
5823926.437101058,0.0,98.0,,1.1,,,,,2025-05-13 23:10:00
5823927.437229933,0.0,90.0,,1.1,,,,,2025-05-13 23:15:00
5823928.437358808,0.0,84.0,,1.1,,,,,2025-05-13 23:20:00
5823929.437487683,0.0,79.0,,1.1,,,,,2025-05-13 23:25:00
5823930.437616559,0.0,75.0,,1.1,,,,,2025-05-13 23:30:00
5823931.437745434,0.0,71.0,,1.1,,,,,2025-05-13 23:35:00
5823932.437874309,0.0,68.0,,1.1,,,,,2025-05-13 23:40:00
5823933.438003184,0.0,74.0,,1.1,,,,,2025-05-13 23:45:00
5823934.43813206,0.0,85.0,,1.1,,,,,2025-05-13 23:50:00
5823935.438260935,0.0,91.0,,1.1,,,,,2025-05-13 23:55:00
5823936.43838981,0.0,91.0,,1.1,,,,,2025-05-14 00:00:00
5823937.438518685,0.0,89.0,,1.1,,,,,2025-05-14 00:05:00
5823938.438647561,0.0,84.0,,1.1,,,,,2025-05-14 00:10:00
5823939.438776436,0.0,78.0,,1.1,,,,,2025-05-14 00:15:00
5823940.438905312,0.0,73.0,,1.1,,,,,2025-05-14 00:20:00
5823941.439034186,0.0,71.0,,1.1,,,,,2025-05-14 00:25:00
5823942.439163062,0.0,72.0,,1.1,,,,,2025-05-14 00:30:00
5823943.439291937,0.0,78.0,,1.1,,,,,2025-05-14 00:35:00
5823944.439420813,0.0,89.0,,1.1,,,,,2025-05-14 00:40:00
5823945.439549687,0.0,99.0,,1.1,,,,,2025-05-14 00:45:00
5823946.439678563,0.0,101.0,,1.1,,,,,2025-05-14 00:50:00
5823947.439807438,0.0,102.0,,1.1,,,,,2025-05-14 00:55:00
5823948.439936314,0.0,98.0,,1.1,,,,,2025-05-14 01:00:00
5823949.440065188,0.0,90.0,,1.1,,,,,2025-05-14 01:05:00
5823950.440194064,0.0,84.0,,1.1,,,,,2025-05-14 01:10:00
5823951.440322939,0.0,81.0,,1.1,,,,,2025-05-14 01:15:00
5823952.440451815,0.0,77.0,,1.1,,,,,2025-05-14 01:20:00
5823953.44058069,0.0,74.0,,1.1,,,,,2025-05-14 01:25:00
5823954.440709565,0.0,72.0,,1.1,,,,,2025-05-14 01:30:00
5823955.44083844,0.0,72.0,,1.1,,,,,2025-05-14 01:35:00
5823956.440967316,0.0,73.0,,1.1,,,,,2025-05-14 01:40:00
5823957.441096191,0.0,73.0,,1.1,,,,,2025-05-14 01:45:00
5823958.441225066,0.0,73.0,,1.1,,,,,2025-05-14 01:50:00
5823959.441353941,0.0,74.0,,1.1,,,,,2025-05-14 01:55:00
5823960.441482817,0.0,74.0,,1.1,,,,,2025-05-14 02:00:00
5823961.441611692,0.0,77.0,,1.1,,,,,2025-05-14 02:05:00
5823962.441740567,0.0,84.0,,1.1,,,,,2025-05-14 02:10:00
5823963.441869442,0.0,91.0,,1.1,,,,,2025-05-14 02:15:00
5823964.441998318,0.0,97.0,,1.1,,,,,2025-05-14 02:20:00
5823965.442127193,0.0,104.0,,1.1,,,,,2025-05-14 02:25:00
5823966.442256069,0.0,110.0,,1.1,,,,,2025-05-14 02:30:00
5823967.442384943,0.0,119.0,,1.1,,,,,2025-05-14 02:35:00
5823968.442513819,0.0,129.0,,1.1,,,,,2025-05-14 02:40:00
5823969.442642694,0.0,138.0,,1.1,,,,,2025-05-14 02:45:00
5823970.44277157,0.0,141.0,,1.1,,,,,2025-05-14 02:50:00
5823971.442900444,0.0,144.0,,1.1,,,,,2025-05-14 02:55:00
5823972.44302932,0.0,146.0,,1.1,,,,,2025-05-14 03:00:00
5823973.443158195,0.0,149.0,,1.1,,,,,2025-05-14 03:05:00
5823974.443287071,0.0,147.0,,1.1,,,,,2025-05-14 03:10:00
5823975.443415945,0.0,142.0,,1.1,,,,,2025-05-14 03:15:00
5823976.443544821,0.0,141.0,,1.1,,,,,2025-05-14 03:20:00
5823977.443673696,0.0,140.0,,1.1,,,,,2025-05-14 03:25:00
5823978.443802572,0.0,139.0,,1.1,,,,,2025-05-14 03:30:00
5823979.443931446,0.0,138.0,,1.1,,,,,2025-05-14 03:35:00
5823980.444060322,0.0,139.0,,1.1,,,,,2025-05-14 03:40:00
5823981.444189197,0.0,139.0,,1.1,,,,,2025-05-14 03:45:00
5823982.444318073,0.0,138.0,,1.1,,,,,2025-05-14 03:50:00
5823983.444446948,0.0,135.0,,1.1,,,,,2025-05-14 03:55:00
5823984.444575823,0.0,134.0,,1.1,,,,,2025-05-14 04:00:00
5823985.444704698,0.0,133.0,,1.1,,,,,2025-05-14 04:05:00
5823986.444833574,0.0,133.0,,1.1,,,,,2025-05-14 04:10:00
5823987.444962449,0.0,132.0,,1.1,,,,,2025-05-14 04:15:00
5823988.445091324,0.0,132.0,,1.1,,,,,2025-05-14 04:20:00
5823989.445220199,0.0,132.0,,1.1,,,,,2025-05-14 04:25:00
5823990.445349075,0.0,133.0,,1.1,,,,,2025-05-14 04:30:00
5823991.44547795,0.0,130.0,,1.1,,,,,2025-05-14 04:35:00
5823992.445606825,0.0,123.0,,1.1,,,,,2025-05-14 04:40:00
5823993.4457357,0.0,124.0,,1.1,,,,,2025-05-14 04:45:00
5823994.445864576,0.0,124.0,,1.1,,,,,2025-05-14 04:50:00
5823995.445993451,0.0,124.0,,1.1,,,,,2025-05-14 04:55:00
5823996.446122327,0.0,124.0,,1.1,,,,,2025-05-14 05:00:00
5823997.446251201,0.0,124.0,,1.1,,,,,2025-05-14 05:05:00
5823998.446380077,0.0,123.0,,1.1,,,,,2025-05-14 05:10:00
5823999.446508952,0.0,122.0,,1.1,,,,,2025-05-14 05:15:00
5824000.446637828,0.0,121.0,,1.1,,,,,2025-05-14 05:20:00
5824001.446766702,0.0,121.0,,1.1,,,,,2025-05-14 05:25:00
5824002.446895578,0.0,121.0,,1.1,,,,,2025-05-14 05:30:00
5824003.447024453,0.0,120.0,,1.1,,,,,2025-05-14 05:35:00
5824004.447153329,0.0,118.0,,1.1,,,,,2025-05-14 05:40:00
5824005.4472822035,0.0,116.0,,1.1,,,,,2025-05-14 05:45:00
5824006.447411079,0.0,116.0,,1.1,,,,,2025-05-14 05:50:00
5824007.447539954,0.0,116.0,,1.1,,,,,2025-05-14 05:55:00
5824008.44766883,0.0,117.0,,1.1,,,,,2025-05-14 06:00:00
5824009.447797705,0.0,117.0,,1.1,,,,,2025-05-14 06:05:00
5824010.44792658,0.0,117.0,,1.1,,,,,2025-05-14 06:10:00
5824011.448055455,0.0,115.0,,1.1,,,,,2025-05-14 06:15:00
5824012.448184331,0.0,115.0,,1.1,,,,,2025-05-14 06:20:00
5824013.448313206,0.0,116.0,,1.1,,,,,2025-05-14 06:25:00
5824014.448442081,0.0,107.0,,1.1,,,,,2025-05-14 06:30:00
5824015.4485709565,0.0,108.0,,1.1,,,,,2025-05-14 06:35:00
5824016.448699832,0.0,113.0,,1.1,,,,,2025-05-14 06:40:00
5824017.448828707,0.0,109.0,,1.1,,,,,2025-05-14 06:45:00
5824018.448957582,0.0,113.0,,1.1,,,,,2025-05-14 06:50:00
5824019.4490864575,0.0,116.0,,1.1,,,,,2025-05-14 06:55:00
5824020.449215333,0.0,124.0,,1.35,,,,,2025-05-14 07:00:00
5824021.449344208,0.0,122.0,,1.35,,,,,2025-05-14 07:05:00
5824022.449473084,0.0,129.0,,1.35,,,,,2025-05-14 07:10:00
5824023.4496019585,0.0,131.0,,1.35,,,,,2025-05-14 07:15:00
5824024.449730834,0.0,134.0,,1.35,,,,,2025-05-14 07:20:00
5824025.4498597095,0.0,138.0,,1.35,,,,,2025-05-14 07:25:00
5824026.449988585,0.0,133.0,,1.35,,,30.0,,2025-05-14 07:30:00
5824027.4501174595,0.0,131.0,,1.35,,,,,2025-05-14 07:35:00
5824028.450246335,0.0,122.0,,1.35,,,,3.9,2025-05-14 07:40:00
5824029.4503752105,0.0,116.0,,1.35,,,,,2025-05-14 07:45:00
5824030.450504086,0.0,126.0,,1.35,,,,,2025-05-14 07:50:00
5824031.450632961,0.0,133.0,,1.35,,,,,2025-05-14 07:55:00
5824032.450761836,0.0,138.0,,1.35,,,,8.0,2025-05-14 08:00:00
5824033.4508907115,0.0,147.0,,1.35,,,61.0,,2025-05-14 08:05:00
5824034.451019587,0.0,156.0,,1.35,,,,,2025-05-14 08:10:00
5824035.451148462,0.0,166.0,,1.35,,,,,2025-05-14 08:15:00
5824036.451277337,0.0,172.0,,1.35,,,,,2025-05-14 08:20:00
5824037.4514062125,0.0,177.0,,1.35,,,,,2025-05-14 08:25:00
5824038.451535088,0.0,183.0,,1.35,,,,,2025-05-14 08:30:00
5824039.4516639635,0.0,190.0,,1.35,,,,,2025-05-14 08:35:00
5824040.451792838,0.0,192.0,184.0,1.35,,,,,2025-05-14 08:40:00
5824041.451921714,0.0,186.0,,1.35,,,,,2025-05-14 08:45:00
5824042.452050589,0.0,189.0,,1.35,,,,,2025-05-14 08:50:00
5824043.4521794645,0.0,195.0,,1.35,,,,,2025-05-14 08:55:00
5824044.452308339,0.0,178.0,184.0,1.35,,,,,2025-05-14 09:00:00
5824045.452437215,0.0,171.0,,1.35,,,,,2025-05-14 09:05:00
5824046.45256609,0.0,168.0,,1.35,,,,,2025-05-14 09:10:00
5824047.4526949655,0.0,168.0,,1.35,,,,,2025-05-14 09:15:00
5824048.45282384,0.0,166.0,,1.35,,,,,2025-05-14 09:20:00
5824049.452952716,0.0,163.0,,1.35,,,,,2025-05-14 09:25:00
5824050.453081591,0.0,159.0,,1.35,,,,,2025-05-14 09:30:00
5824051.453210467,0.0,155.0,,1.35,,,,,2025-05-14 09:35:00
5824052.453339342,0.0,151.0,,1.35,,,,,2025-05-14 09:40:00
5824053.453468217,0.0,147.0,,1.35,,,,,2025-05-14 09:45:00
5824054.453597092,0.0,147.0,,1.35,,,,,2025-05-14 09:50:00
5824055.453725968,0.0,145.0,,1.35,,,,,2025-05-14 09:55:00
5824056.453854843,0.0,141.0,,1.35,,,,,2025-05-14 10:00:00
5824057.453983718,0.0,134.0,,1.35,,,,,2025-05-14 10:05:00
5824058.454112593,0.0,118.0,,1.35,,,,,2025-05-14 10:10:00
5824059.454241469,0.0,116.0,,1.35,,,,,2025-05-14 10:15:00
5824060.454370344,0.0,105.0,,1.35,,,,,2025-05-14 10:20:00
5824061.454499219,0.0,99.0,,1.35,,,,,2025-05-14 10:25:00
5824062.454628094,0.0,93.0,,1.35,,,,,2025-05-14 10:30:00
5824063.45475697,0.0,91.0,,1.35,,,,,2025-05-14 10:35:00
5824064.454885845,0.0,88.0,,1.35,,,,,2025-05-14 10:40:00
5824065.455014721,0.0,85.0,,1.35,,,,,2025-05-14 10:45:00
5824066.455143595,0.0,76.0,,1.35,,,,,2025-05-14 10:50:00
5824067.455272471,0.0,67.0,,1.35,,,,,2025-05-14 10:55:00
5824068.455401346,0.0,65.0,,1.35,,,60.0,,2025-05-14 11:00:00
5824069.455530222,0.0,63.0,,1.35,,,,,2025-05-14 11:05:00
5824070.455659096,0.0,59.0,,1.35,,,,,2025-05-14 11:10:00
5824071.455787972,0.0,54.0,,0.0,,,,,2025-05-14 11:15:00
5824072.455916847,0.0,50.0,,0.0,,,,,2025-05-14 11:20:00
5824073.456045723,0.0,51.0,,0.0,,,,,2025-05-14 11:25:00
5824074.456174597,0.0,50.0,,0.0,,,,,2025-05-14 11:30:00
5824075.456303473,0.0,48.0,,0.0,,,,,2025-05-14 11:35:00
5824076.456432348,0.0,52.0,,0.0,,,,,2025-05-14 11:40:00
5824077.456561224,0.0,61.0,,0.0,,,,,2025-05-14 11:45:00
5824078.456690099,0.0,69.0,,0.0,,,,,2025-05-14 11:50:00
5824079.456818974,0.0,78.0,,0.0,,,,,2025-05-14 11:55:00
5824080.456947849,0.0,91.0,,0.0,,,,,2025-05-14 12:00:00
5824081.457076725,0.0,108.0,,0.0,,,,,2025-05-14 12:05:00
5824082.4572056,0.0,127.0,,1.35,,,,4.2,2025-05-14 12:10:00
5824083.457334475,0.0,143.0,,1.35,,,,,2025-05-14 12:15:00
5824084.45746335,0.0,148.0,,1.35,,,,,2025-05-14 12:20:00
5824085.457592226,0.0,150.0,,1.35,,,,,2025-05-14 12:25:00
5824086.457721101,0.0,152.0,,1.35,,,,,2025-05-14 12:30:00
5824087.457849976,0.0,148.0,,1.35,,,,,2025-05-14 12:35:00
5824088.457978851,0.0,144.0,,1.35,,,,,2025-05-14 12:40:00
5824089.458107727,0.0,140.0,,1.35,,,,,2025-05-14 12:45:00
5824090.458236602,0.0,139.0,,1.35,,,,,2025-05-14 12:50:00
5824091.458365477,0.0,133.0,,1.35,,,,,2025-05-14 12:55:00
5824092.458494352,0.0,122.0,,1.35,,,,,2025-05-14 13:00:00
5824093.458623228,0.0,112.0,,1.35,,,,,2025-05-14 13:05:00
5824094.458752103,0.0,105.0,,1.35,,,,,2025-05-14 13:10:00
5824095.458880979,0.0,98.0,,1.35,,,,,2025-05-14 13:15:00
5824096.459009853,0.0,92.0,,1.35,,,,,2025-05-14 13:20:00
5824097.459138729,0.0,85.0,,1.35,,,,,2025-05-14 13:25:00
5824098.459267604,0.0,81.0,,1.35,,,,,2025-05-14 13:30:00
5824099.45939648,0.0,76.0,,1.35,,,,,2025-05-14 13:35:00
5824100.459525354,0.0,73.0,,1.35,,,,,2025-05-14 13:40:00
5824101.45965423,0.0,70.0,,1.35,,,30.0,,2025-05-14 13:45:00
5824102.459783105,0.0,67.0,,1.35,,,,,2025-05-14 13:50:00
5824103.459911981,0.0,61.0,,1.35,,,,,2025-05-14 13:55:00
5824104.460040855,0.0,63.0,,1.35,,,,,2025-05-14 14:00:00
5824105.460169731,0.0,63.0,,0.0,,0.041243,,,2025-05-14 14:05:00
5824106.460298606,0.0,68.0,,0.0,,0.080984,,,2025-05-14 14:10:00
5824107.460427482,0.0,73.0,,0.0,,0.098157,,,2025-05-14 14:15:00
5824108.460556357,0.0,75.0,,0.0,,0.107688,,,2025-05-14 14:20:00
5824109.460685232,0.0,74.0,,0.0,,0.11904,,,2025-05-14 14:25:00
5824110.460814107,0.0,78.0,,0.0,,0.128178,,,2025-05-14 14:30:00
5824111.460942983,0.0,80.0,,0.0,,0.140745,,,2025-05-14 14:35:00
5824112.461071858,0.0,80.0,,0.0,,0.151147,,,2025-05-14 14:40:00
5824113.461200733,0.0,75.0,,0.0,,0.162684,,,2025-05-14 14:45:00
5824114.461329608,0.0,71.0,,0.0,,0.153401,,,2025-05-14 14:50:00
5824115.461458484,0.0,69.0,,0.0,,0.144245,,,2025-05-14 14:55:00
5824116.461587359,0.0,69.0,,0.0,,0.158328,,,2025-05-14 15:00:00
5824117.461716234,0.0,67.0,,0.0,,0.158688,,,2025-05-14 15:05:00
5824118.461845109,0.0,66.0,,0.0,,0.18182,,,2025-05-14 15:10:00
5824119.461973985,0.0,62.0,,0.0,,0.179563,,,2025-05-14 15:15:00
5824120.46210286,0.0,61.0,,0.0,,0.170811,,,2025-05-14 15:20:00
5824121.462231736,0.0,64.0,,0.0,,0.179728,,,2025-05-14 15:25:00
5824122.46236061,0.0,70.0,,0.0,,0.180322,,,2025-05-14 15:30:00
5824123.462489486,0.0,71.0,,0.0,,0.155911,,,2025-05-14 15:35:00
5824124.462618361,0.0,69.0,,0.0,,0.17509,,,2025-05-14 15:40:00
5824125.462747237,0.0,72.0,,0.0,,0.031533,,,2025-05-14 15:45:00
5824126.462876111,0.0,74.0,,0.0,,0.035479,,,2025-05-14 15:50:00
5824127.463004987,0.0,70.0,,0.0,,0.049748,,,2025-05-14 15:55:00
5824128.463133862,0.0,70.0,,0.0,,0.061462,,,2025-05-14 16:00:00
5824129.463262738,0.0,72.0,,0.0,,0.077215,,,2025-05-14 16:05:00
5824130.463391612,0.0,75.0,,0.0,,0.080243,,,2025-05-14 16:10:00
5824131.463520488,0.0,74.0,,0.0,,0.088494,,,2025-05-14 16:15:00
5824132.463649363,0.0,80.0,,0.0,,0.092275,,,2025-05-14 16:20:00
5824133.463778239,0.0,91.0,,0.0,,0.108186,,,2025-05-14 16:25:00
5824134.463907114,0.0,98.0,,0.0,,0.111225,,,2025-05-14 16:30:00
5824135.464035989,0.0,103.0,,0.0,,0.096116,,,2025-05-14 16:35:00
5824136.464164864,0.0,106.0,,0.0,,0.050459,,,2025-05-14 16:40:00
5824137.46429374,0.0,111.0,,0.0,,0.014797,,,2025-05-14 16:45:00
5824138.464422615,0.0,113.0,,0.0,,0.020431,,,2025-05-14 16:50:00
5824139.46455149,0.0,118.0,,0.0,,0.029091,,,2025-05-14 16:55:00
5824140.464680365,0.0,115.0,,0.0,,0.043549,,,2025-05-14 17:00:00
5824141.464809241,0.0,117.0,,0.0,,0.049248,,,2025-05-14 17:05:00
5824142.464938116,0.0,126.0,,0.0,,0.065471,,,2025-05-14 17:10:00
5824143.465066991,0.0,134.0,,0.0,,0.063401,,,2025-05-14 17:15:00
5824144.465195866,0.0,136.0,,1.35,,0.03135,,,2025-05-14 17:20:00
5824145.465324742,0.0,137.0,,1.35,,0.055908,,,2025-05-14 17:25:00
5824146.465453617,0.0,133.0,,1.35,,0.072653,,,2025-05-14 17:30:00
5824147.465582492,0.0,130.0,,1.35,,0.075052,,,2025-05-14 17:35:00
5824148.465711367,0.0,132.0,,1.35,,0.021285,,,2025-05-14 17:40:00
5824149.465840243,0.0,136.0,,1.35,,0.026205,,,2025-05-14 17:45:00
5824150.465969118,0.0,141.0,,1.35,,0.024045,,,2025-05-14 17:50:00
5824151.466097994,0.0,144.0,,1.35,,0.028909,,,2025-05-14 17:55:00
5824152.466226868,0.0,144.0,,1.2,,0.036535,,,2025-05-14 18:00:00
5824153.466355744,0.0,146.0,,1.2,,0.039955,,,2025-05-14 18:05:00
5824154.466484619,0.0,149.0,,1.2,,0.037235,,,2025-05-14 18:10:00
5824155.466613495,0.0,154.0,,1.2,,0.037027,,,2025-05-14 18:15:00
5824156.466742369,0.0,156.0,,1.2,,0.024368,,,2025-05-14 18:20:00
5824157.466871245,0.0,158.0,,1.2,,0.035921,,,2025-05-14 18:25:00
5824158.46700012,0.0,160.0,,1.2,,0.034079,,,2025-05-14 18:30:00
5824159.467128996,0.0,159.0,,1.2,,0.046434,70.0,,2025-05-14 18:35:00
5824160.46725787,0.0,161.0,,1.2,,0.028924,,,2025-05-14 18:40:00
5824161.467386746,0.0,167.0,,1.2,,0.03141,,,2025-05-14 18:45:00
5824162.467515621,0.0,169.0,,1.2,,0.039718,,,2025-05-14 18:50:00
5824163.467644497,0.0,165.0,,1.2,,0.041971,,,2025-05-14 18:55:00
5824164.467773372,0.0,166.0,,1.2,,0.047376,,,2025-05-14 19:00:00
5824165.467902247,0.0,174.0,,1.2,,0.058871,,,2025-05-14 19:05:00
5824166.468031122,0.0,187.0,,1.2,,0.058319,,,2025-05-14 19:10:00
5824167.468159998,0.0,201.0,,1.2,,0.06861,,,2025-05-14 19:15:00
5824168.468288873,0.0,215.0,,1.2,,0.064476,,,2025-05-14 19:20:00
5824169.468417748,0.0,229.0,,1.2,,0.075672,,6.5,2025-05-14 19:25:00
5824170.468546623,0.0,238.0,,1.2,,0.050467,,,2025-05-14 19:30:00
5824171.468675499,0.0,245.0,,1.2,,0.057376,,,2025-05-14 19:35:00
5824172.468804374,0.0,253.0,,1.2,,0.06351,,,2025-05-14 19:40:00
5824173.468933249,0.0,262.0,,1.2,,0.036146,,,2025-05-14 19:45:00
5824174.469062124,0.0,271.0,266.0,1.2,,0.050716,,,2025-05-14 19:50:00
5824175.469191,0.0,275.0,,1.2,,0.072203,,,2025-05-14 19:55:00
5824176.469319875,0.0,268.0,266.0,1.2,,0.095232,,,2025-05-14 20:00:00
5824177.469448751,0.0,262.0,,1.2,,0.114352,,,2025-05-14 20:05:00
5824178.469577625,0.0,259.0,,1.2,,0.117923,,,2025-05-14 20:10:00
5824179.469706501,0.0,263.0,,1.2,,0.134731,,,2025-05-14 20:15:00
5824180.469835376,0.0,272.0,,1.2,,0.105727,,,2025-05-14 20:20:00
5824181.469964252,0.0,275.0,,1.2,,0.128323,,,2025-05-14 20:25:00
5824182.470093126,0.0,274.0,,1.2,,0.127297,,,2025-05-14 20:30:00
5824183.470222002,0.0,278.0,,1.2,,0.131101,,,2025-05-14 20:35:00
5824184.470350877,0.0,287.0,,1.2,,0.114392,,,2025-05-14 20:40:00
5824185.470479753,0.0,294.0,,1.2,,0.044586,,,2025-05-14 20:45:00
5824186.470608627,0.0,298.0,,1.2,,0.07097,,,2025-05-14 20:50:00
5824187.470737503,0.0,303.0,,1.2,,0.094812,,,2025-05-14 20:55:00
5824188.470866378,0.0,307.0,,1.1,,0.107359,,,2025-05-14 21:00:00
5824189.470995254,0.0,312.0,,1.1,,0.129615,,,2025-05-14 21:05:00
5824190.471124129,0.0,316.0,,1.1,,0.151252,,,2025-05-14 21:10:00
5824191.471253004,0.0,317.0,,1.1,,0.170775,,,2025-05-14 21:15:00
5824192.471381879,0.0,318.0,,1.1,,0.193984,,4.6,2025-05-14 21:20:00
5824193.471510755,0.0,318.0,,1.1,,0.182998,,,2025-05-14 21:25:00
5824194.47163963,0.0,312.0,,1.1,,0.214115,,,2025-05-14 21:30:00
5824195.471768505,0.0,301.0,,1.1,,0.235864,,,2025-05-14 21:35:00
5824196.47189738,0.0,299.0,,1.1,,0.018145,,,2025-05-14 21:40:00
5824197.472026256,0.0,304.0,,1.1,,0.014763,,,2025-05-14 21:45:00
5824198.472155131,0.0,305.0,,1.1,,0.014411,,,2025-05-14 21:50:00
5824199.472284006,0.0,305.0,,1.1,,0.013064,,,2025-05-14 21:55:00
5824200.472412881,0.0,299.0,,1.1,,0.0,,,2025-05-14 22:00:00
5824201.472541757,0.0,290.0,,1.1,,,,,2025-05-14 22:05:00
5824202.472670632,0.0,277.0,,1.1,,,,,2025-05-14 22:10:00
5824203.472799507,0.0,278.0,,1.1,,,,,2025-05-14 22:15:00
5824204.472928382,0.0,286.0,,1.1,,,,,2025-05-14 22:20:00
5824205.473057258,0.0,290.0,,1.1,,,,,2025-05-14 22:25:00
5824206.473186133,0.0,291.0,,1.1,,,,,2025-05-14 22:30:00
5824207.473315009,0.0,290.0,,1.1,,,,,2025-05-14 22:35:00
5824208.4734438835,0.0,286.0,,1.1,,,,,2025-05-14 22:40:00
5824209.473572759,0.0,282.0,,1.1,,,,,2025-05-14 22:45:00
5824210.473701634,0.0,278.0,,1.1,,,,,2025-05-14 22:50:00
5824211.47383051,0.0,275.0,,1.1,,,,,2025-05-14 22:55:00
5824212.4739593845,0.0,272.0,,1.1,,,,,2025-05-14 23:00:00
5824213.47408826,0.0,265.0,,1.1,,,,,2025-05-14 23:05:00
5824214.474217135,0.0,262.0,,1.1,,,,,2025-05-14 23:10:00
5824215.474346011,0.0,258.0,,1.1,,,,,2025-05-14 23:15:00
5824216.4744748855,0.0,254.0,,1.1,,,,2.3,2025-05-14 23:20:00
5824217.474603761,0.0,243.0,,1.1,,,,,2025-05-14 23:25:00
5824218.4747326365,0.0,229.0,,1.1,,,,,2025-05-14 23:30:00
5824219.474861512,0.0,219.0,,1.1,,,,,2025-05-14 23:35:00
5824220.474990387,0.0,214.0,,1.1,,,,,2025-05-14 23:40:00
5824221.475119262,0.0,209.0,,1.1,,,,,2025-05-14 23:45:00
5824222.4752481375,0.0,210.0,,1.1,,,,,2025-05-14 23:50:00
5824223.475377013,0.0,217.0,,1.1,,,,,2025-05-14 23:55:00
5824224.475505888,0.0,215.0,,1.1,,,,,2025-05-15 00:00:00
5824225.475634763,0.0,212.0,,1.1,,,,,2025-05-15 00:05:00
5824226.4757636385,0.0,209.0,,1.1,,,,,2025-05-15 00:10:00
5824227.475892514,0.0,205.0,,1.1,,,,,2025-05-15 00:15:00
5824228.4760213895,0.0,200.0,,1.1,,,,,2025-05-15 00:20:00
5824229.476150264,0.0,196.0,,1.1,,,,,2025-05-15 00:25:00
5824230.4762791395,0.0,191.0,,1.1,,,,,2025-05-15 00:30:00
5824231.476408015,0.0,185.0,,1.1,,,,,2025-05-15 00:35:00
5824232.4765368905,0.0,181.0,,1.1,,,,,2025-05-15 00:40:00
5824233.476665766,0.0,178.0,,1.1,,,,,2025-05-15 00:45:00
5824234.4767946405,0.0,175.0,,1.1,,,,,2025-05-15 00:50:00
5824235.476923516,0.0,176.0,,1.1,,,,,2025-05-15 00:55:00
5824236.4770523915,0.0,175.0,,1.1,,,,,2025-05-15 01:00:00
5824237.477181267,0.0,172.0,,1.1,,,,1.0,2025-05-15 01:05:00
5824238.477310142,0.0,166.0,,1.1,,,,,2025-05-15 01:10:00
5824239.477439017,0.0,162.0,,1.1,,,,,2025-05-15 01:15:00
5824240.4775678925,0.0,159.0,,1.1,,,,,2025-05-15 01:20:00
5824241.477696768,0.0,154.0,,1.1,,,,,2025-05-15 01:25:00
5824242.477825643,0.0,152.0,,1.1,,,,,2025-05-15 01:30:00
5824243.477954518,0.0,151.0,,1.1,,,,,2025-05-15 01:35:00
5824244.478083394,0.0,150.0,,1.1,,,,,2025-05-15 01:40:00
5824245.478212269,0.0,149.0,,1.1,,,,,2025-05-15 01:45:00
5824246.478341144,0.0,147.0,,1.1,,,,,2025-05-15 01:50:00
5824247.478470019,0.0,145.0,,1.1,,,,,2025-05-15 01:55:00
5824248.478598895,0.0,143.0,,1.1,,,,,2025-05-15 02:00:00
5824249.47872777,0.0,141.0,,1.1,,,,,2025-05-15 02:05:00
5824250.4788566455,0.0,140.0,,1.1,,,,,2025-05-15 02:10:00
5824251.47898552,0.0,140.0,,1.1,,,,,2025-05-15 02:15:00
5824252.479114396,0.0,141.0,,1.1,,,,,2025-05-15 02:20:00
5824253.479243271,0.0,137.0,,1.1,,,,,2025-05-15 02:25:00
5824254.479372147,0.0,133.0,,1.1,,,,,2025-05-15 02:30:00
5824255.479501021,0.0,134.0,,1.1,,,,,2025-05-15 02:35:00
5824256.479629897,0.0,134.0,,1.1,,,,,2025-05-15 02:40:00
5824257.479758772,0.0,134.0,,1.1,,,,,2025-05-15 02:45:00
5824258.479887648,0.0,135.0,,1.1,,,,,2025-05-15 02:50:00
5824259.480016522,0.0,137.0,,1.1,,,,,2025-05-15 02:55:00
5824260.480145398,0.0,137.0,,1.1,,,,,2025-05-15 03:00:00
5824261.480274273,0.0,136.0,,1.1,,,,,2025-05-15 03:05:00
5824262.480403149,0.0,132.0,,1.1,,,,,2025-05-15 03:10:00
5824263.480532024,0.0,129.0,,1.1,,,,,2025-05-15 03:15:00
5824264.480660899,0.0,127.0,,1.1,,,,,2025-05-15 03:20:00
5824265.480789774,0.0,126.0,,1.1,,,,,2025-05-15 03:25:00
5824266.48091865,0.0,128.0,,1.1,,,,,2025-05-15 03:30:00
5824267.481047525,0.0,130.0,,1.1,,,,,2025-05-15 03:35:00
5824268.4811764,0.0,128.0,,1.1,,,,,2025-05-15 03:40:00
5824269.481305275,0.0,128.0,,1.1,,,,,2025-05-15 03:45:00
5824270.481434151,0.0,128.0,,1.1,,,,,2025-05-15 03:50:00
5824271.481563026,0.0,127.0,,1.1,,,,,2025-05-15 03:55:00
5824272.481691901,0.0,126.0,,1.1,,,,,2025-05-15 04:00:00
5824273.481820776,0.0,125.0,,1.1,,,,,2025-05-15 04:05:00
5824274.481949652,0.0,125.0,,1.1,,,,,2025-05-15 04:10:00
5824275.482078527,0.0,120.0,,1.1,,,,,2025-05-15 04:15:00
5824276.482207403,0.0,120.0,,1.1,,,,,2025-05-15 04:20:00
5824277.482336277,0.0,122.0,,1.1,,,,,2025-05-15 04:25:00
5824278.482465153,0.0,123.0,,1.1,,,,,2025-05-15 04:30:00
5824279.482594028,0.0,124.0,,1.1,,,,,2025-05-15 04:35:00
5824280.482722904,0.0,124.0,,1.1,,,,,2025-05-15 04:40:00
5824281.482851778,0.0,126.0,,1.1,,,,,2025-05-15 04:45:00
5824282.482980654,0.0,129.0,,1.1,,,,,2025-05-15 04:50:00
5824283.483109529,0.0,134.0,,1.1,,,,,2025-05-15 04:55:00
5824284.483238405,0.0,137.0,,1.1,,,,,2025-05-15 05:00:00
5824285.483367279,0.0,137.0,,1.1,,,,,2025-05-15 05:05:00
5824286.483496155,0.0,136.0,,1.1,,,,,2025-05-15 05:10:00
5824287.48362503,0.0,135.0,,1.1,,,,,2025-05-15 05:15:00
5824288.483753906,0.0,134.0,,1.1,,,,,2025-05-15 05:20:00
5824289.483882781,0.0,132.0,,1.1,,,,,2025-05-15 05:25:00
5824290.484011656,0.0,131.0,,1.1,,,,,2025-05-15 05:30:00
5824291.484140531,0.0,131.0,,1.1,,,,,2025-05-15 05:35:00
5824292.484269407,0.0,130.0,,1.1,,,,,2025-05-15 05:40:00
5824293.484398282,0.0,129.0,,1.1,,,,,2025-05-15 05:45:00
5824294.484527157,0.0,127.0,,1.1,,,,,2025-05-15 05:50:00
5824295.484656032,0.0,126.0,,1.1,,,,,2025-05-15 05:55:00
5824296.484784908,0.0,125.0,,1.1,,,,,2025-05-15 06:00:00
5824297.484913783,0.0,124.0,,1.1,,,,,2025-05-15 06:05:00
5824298.485042658,0.0,123.0,,1.1,,,,,2025-05-15 06:10:00
5824299.485171533,0.0,122.0,,1.1,,,,,2025-05-15 06:15:00
5824300.485300409,0.0,121.0,,1.1,,,,,2025-05-15 06:20:00
5824301.485429284,0.0,122.0,,1.1,,,,,2025-05-15 06:25:00
5824302.48555816,0.0,117.0,,1.1,,,,,2025-05-15 06:30:00
5824303.485687034,0.0,113.0,,1.1,,,,,2025-05-15 06:35:00
5824304.48581591,0.0,118.0,,1.1,,,,,2025-05-15 06:40:00
5824305.485944785,0.0,118.0,,1.1,,,,,2025-05-15 06:45:00
5824306.486073661,0.0,110.0,,1.1,,,,,2025-05-15 06:50:00
5824307.486202535,0.0,111.0,,1.1,,,,,2025-05-15 06:55:00
5824308.486331411,0.0,113.0,,1.35,,,,,2025-05-15 07:00:00
5824309.486460286,0.0,113.0,127.0,1.35,,,,,2025-05-15 07:05:00
5824310.486589162,0.0,110.0,,1.35,,,,,2025-05-15 07:10:00
5824311.486718036,0.0,120.0,127.0,1.35,,,,,2025-05-15 07:15:00
5824312.486846912,0.0,122.0,,1.35,,,,,2025-05-15 07:20:00
5824313.486975787,0.0,121.0,,1.35,,,,,2025-05-15 07:25:00
5824314.487104663,0.0,122.0,,1.35,,,,,2025-05-15 07:30:00
5824315.487233537,0.0,118.0,,1.35,,,,,2025-05-15 07:35:00
5824316.487362413,0.0,120.0,,1.35,,,,,2025-05-15 07:40:00
5824317.487491288,0.0,122.0,,1.35,,,,,2025-05-15 07:45:00
5824318.487620164,0.0,116.0,,1.35,,,,,2025-05-15 07:50:00
5824319.487749039,0.0,117.0,,1.35,,,,,2025-05-15 07:55:00
5824320.487877914,0.0,121.0,,1.35,,,,9.2,2025-05-15 08:00:00
5824321.488006789,0.0,117.0,,1.35,,,,,2025-05-15 08:05:00
5824322.488135665,0.0,109.0,,1.35,,,,,2025-05-15 08:10:00
5824323.48826454,0.0,106.0,,1.35,,,,,2025-05-15 08:15:00
5824324.488393415,0.0,110.0,,1.35,,,,,2025-05-15 08:20:00
5824325.48852229,0.0,114.0,,1.35,,,,,2025-05-15 08:25:00
5824326.488651166,0.0,122.0,,1.35,,,,,2025-05-15 08:30:00
5824327.488780041,0.0,126.0,,1.35,,,,,2025-05-15 08:35:00
5824328.488908916,0.0,128.0,,1.35,,,,,2025-05-15 08:40:00
5824329.489037791,0.0,133.0,,1.35,,,,,2025-05-15 08:45:00
5824330.489166667,0.0,138.0,,1.35,,,,,2025-05-15 08:50:00
5824331.489295542,0.0,145.0,,1.35,,,,,2025-05-15 08:55:00
5824332.489424418,0.0,152.0,,1.35,,,,,2025-05-15 09:00:00
5824333.489553292,0.0,156.0,,1.35,,,,,2025-05-15 09:05:00
5824334.489682168,0.0,156.0,,1.35,,,,,2025-05-15 09:10:00
5824335.489811043,0.0,153.0,,1.35,,,,,2025-05-15 09:15:00
5824336.489939919,0.0,153.0,,1.35,,,,,2025-05-15 09:20:00
5824337.490068793,0.0,149.0,,1.35,,,,,2025-05-15 09:25:00
5824338.490197669,0.0,147.0,,1.35,,,,,2025-05-15 09:30:00
5824339.490326544,0.0,147.0,,1.35,,,,,2025-05-15 09:35:00
5824340.49045542,0.0,139.0,,1.35,,,,,2025-05-15 09:40:00
5824341.490584294,0.0,136.0,,1.35,,,,,2025-05-15 09:45:00
5824342.49071317,0.0,143.0,,1.35,,,,,2025-05-15 09:50:00
5824343.490842045,0.0,153.0,,1.35,,,,,2025-05-15 09:55:00
5824344.490970921,0.0,159.0,,1.35,,,,,2025-05-15 10:00:00
5824345.491099796,0.0,162.0,,1.35,,,,,2025-05-15 10:05:00
5824346.491228671,0.0,160.0,,1.35,,,,,2025-05-15 10:10:00
5824347.491357546,0.0,157.0,,1.35,,,,,2025-05-15 10:15:00
5824348.491486422,0.0,157.0,,1.35,,,,,2025-05-15 10:20:00
5824349.491615297,0.0,157.0,,1.35,,,,1.0,2025-05-15 10:25:00
5824350.491744172,0.0,156.0,,1.35,,,,,2025-05-15 10:30:00
5824351.491873047,0.0,157.0,,1.35,,,,,2025-05-15 10:35:00
5824352.492001923,0.0,157.0,,1.35,,,,,2025-05-15 10:40:00
5824353.492130798,0.0,152.0,,1.35,,,,,2025-05-15 10:45:00
5824354.492259673,0.0,148.0,,1.35,,,,,2025-05-15 10:50:00
5824355.492388548,0.0,147.0,,1.35,,,,,2025-05-15 10:55:00
5824356.492517424,0.0,147.0,,1.35,,,,0.3,2025-05-15 11:00:00
5824357.492646299,0.0,151.0,,1.35,,,,,2025-05-15 11:05:00
5824358.492775174,0.0,142.0,,1.35,,,,,2025-05-15 11:10:00
5824359.492904049,0.0,130.0,,1.35,,,,,2025-05-15 11:15:00
5824360.493032925,0.0,122.0,,1.35,,,,,2025-05-15 11:20:00
5824361.4931618,0.0,118.0,,1.35,,,,,2025-05-15 11:25:00
5824362.493290676,0.0,112.0,,1.35,,,,,2025-05-15 11:30:00
5824363.49341955,0.0,110.0,,1.35,,,,,2025-05-15 11:35:00
5824364.493548426,0.0,105.0,,1.35,,,,,2025-05-15 11:40:00
5824365.493677301,0.0,103.0,,1.35,,,,,2025-05-15 11:45:00
5824366.493806177,0.0,103.0,,1.35,,,,,2025-05-15 11:50:00
5824367.493935051,0.0,93.0,,1.35,,,,,2025-05-15 11:55:00
5824368.494063927,0.0,83.0,,1.25,,,,,2025-05-15 12:00:00
5824369.494192802,0.0,81.0,,1.25,,,,,2025-05-15 12:05:00
5824370.494321678,0.0,77.0,,1.25,,,,,2025-05-15 12:10:00
5824371.494450552,0.0,75.0,,1.25,,,,,2025-05-15 12:15:00
5824372.494579428,0.0,68.0,,1.25,,,,,2025-05-15 12:20:00
5824373.494708303,0.0,60.0,,1.25,,,,,2025-05-15 12:25:00
5824374.494837179,0.0,58.0,,1.25,,,,,2025-05-15 12:30:00
5824375.494966054,1.0,,,1.25,,,,,2025-05-15 12:35:00
5824376.495094929,1.0,,,1.25,,,,,2025-05-15 12:40:00
5824377.495223804,1.0,,,1.25,,,,,2025-05-15 12:45:00
5824378.49535268,1.0,,,1.25,,,,,2025-05-15 12:50:00
5824379.495481555,1.0,,,1.25,,,,,2025-05-15 12:55:00
5824380.49561043,1.0,,,1.25,,,,,2025-05-15 13:00:00
5824381.495739305,1.0,,,1.25,,,,,2025-05-15 13:05:00
5824382.495868181,1.0,,,1.25,,,,,2025-05-15 13:10:00
5824383.495997056,1.0,,,1.25,,,,,2025-05-15 13:15:00
5824384.496125931,1.0,,,1.25,,,,,2025-05-15 13:20:00
5824385.496254806,1.0,,,1.25,,,,,2025-05-15 13:25:00
5824386.496383682,1.0,,,1.25,,,,3.1,2025-05-15 13:30:00
5824387.496512557,1.0,,,1.25,,,,,2025-05-15 13:35:00
5824388.496641433,1.0,,,1.25,,,,,2025-05-15 13:40:00
5824389.496770307,1.0,,,1.25,,,,,2025-05-15 13:45:00
5824390.496899183,1.0,,,1.25,,,,,2025-05-15 13:50:00
5824391.497028058,1.0,,,1.25,,,,,2025-05-15 13:55:00
5824392.497156934,1.0,,,1.25,,,,,2025-05-15 14:00:00
5824393.497285808,1.0,,,1.25,,,,,2025-05-15 14:05:00
5824394.497414684,1.0,,,1.25,,,,,2025-05-15 14:10:00
5824395.497543559,1.0,,,1.25,,,,,2025-05-15 14:15:00
5824396.497672435,1.0,,,1.25,,,,,2025-05-15 14:20:00
5824397.497801309,1.0,,,1.25,,,,,2025-05-15 14:25:00
5824398.497930185,1.0,,,1.25,,,,,2025-05-15 14:30:00
5824399.49805906,1.0,,,1.25,,,,,2025-05-15 14:35:00
5824400.498187936,1.0,,,1.25,,,,,2025-05-15 14:40:00
5824401.498316811,1.0,,,1.25,,,,,2025-05-15 14:45:00
5824402.498445686,1.0,,,1.25,,,,,2025-05-15 14:50:00
5824403.498574561,1.0,,,1.25,,,,,2025-05-15 14:55:00
5824404.498703437,1.0,,,1.25,,,,,2025-05-15 15:00:00
5824405.498832312,1.0,,,1.25,,,,,2025-05-15 15:05:00
5824406.498961187,1.0,,,1.25,,,,,2025-05-15 15:10:00
5824407.499090062,1.0,,,1.25,,,,,2025-05-15 15:15:00
5824408.499218938,1.0,,,1.25,,,,,2025-05-15 15:20:00
5824409.499347813,1.0,,,1.25,,,,,2025-05-15 15:25:00
5824410.499476688,1.0,,,1.25,,,,,2025-05-15 15:30:00
5824411.4996055635,1.0,,,1.25,,,,,2025-05-15 15:35:00
5824412.499734439,1.0,,,1.25,,,,,2025-05-15 15:40:00
5824413.499863314,1.0,,,1.25,,,,,2025-05-15 15:45:00
5824414.499992189,1.0,,,1.25,,,,,2025-05-15 15:50:00
5824415.5001210645,1.0,,,1.25,,,,,2025-05-15 15:55:00
5824416.50024994,1.0,,,1.25,,,,,2025-05-15 16:00:00
5824417.500378815,1.0,,,1.25,,,,,2025-05-15 16:05:00
5824418.500507691,1.0,,,1.25,,,,,2025-05-15 16:10:00
5824419.5006365655,1.0,,,1.25,,,,,2025-05-15 16:15:00
5824420.500765441,1.0,,,1.25,,,,,2025-05-15 16:20:00
5824421.5008943165,1.0,,,1.25,,,,,2025-05-15 16:25:00
5824422.501023192,1.0,,,1.25,,,,,2025-05-15 16:30:00
5824423.5011520665,1.0,,,1.25,,,,,2025-05-15 16:35:00
5824424.501280942,1.0,,,1.25,,,,,2025-05-15 16:40:00
5824425.5014098175,1.0,,,1.25,,,,,2025-05-15 16:45:00
5824426.501538693,1.0,,,1.25,,,,,2025-05-15 16:50:00
5824427.5016675675,1.0,,,1.25,,,,,2025-05-15 16:55:00
5824428.501796443,1.0,,,1.25,,,,,2025-05-15 17:00:00
5824429.5019253185,1.0,,,1.25,,,,,2025-05-15 17:05:00
5824430.502054194,1.0,,,1.25,,,,,2025-05-15 17:10:00
5824431.5021830695,1.0,,,1.25,,,,,2025-05-15 17:15:00
5824432.502311944,1.0,,,1.25,,,,,2025-05-15 17:20:00
5824433.5024408195,1.0,,,1.25,,,,,2025-05-15 17:25:00
5824434.502569695,1.0,,,1.25,,,,,2025-05-15 17:30:00
5824435.5026985705,1.0,,,1.25,,,,,2025-05-15 17:35:00
5824436.502827445,1.0,,,1.25,,,,,2025-05-15 17:40:00
5824437.5029563205,1.0,,,1.25,,,,,2025-05-15 17:45:00
5824438.503085196,1.0,,,1.25,,,,,2025-05-15 17:50:00
5824439.5032140715,1.0,,,1.25,,,,,2025-05-15 17:55:00
5824440.503342946,1.0,,,1.2,,,,,2025-05-15 18:00:00
5824441.503471822,1.0,,,1.2,,,,,2025-05-15 18:05:00
5824442.503600697,1.0,,,1.2,,,,,2025-05-15 18:10:00
5824443.5037295725,1.0,,,0.0,,,,,2025-05-15 18:15:00
5824444.503858448,1.0,,,0.0,,,,,2025-05-15 18:20:00
5824445.503987323,1.0,,,0.0,,,,,2025-05-15 18:25:00
5824446.504116198,1.0,,,0.0,,,,,2025-05-15 18:30:00
5824447.504245074,1.0,,,0.0,,,,,2025-05-15 18:35:00
5824448.504373949,1.0,,,0.0,,,,,2025-05-15 18:40:00
5824449.504502824,1.0,,,0.0,,,,,2025-05-15 18:45:00
5824450.504631699,1.0,,,0.0,,,,,2025-05-15 18:50:00
5824451.504760575,1.0,,,0.0,,,,,2025-05-15 18:55:00
5824452.50488945,1.0,,,0.0,,,,,2025-05-15 19:00:00
5824453.505018325,1.0,,,0.0,,,,,2025-05-15 19:05:00
5824454.5051472,1.0,,,0.0,,,,,2025-05-15 19:10:00
5824455.505276076,1.0,,,0.0,,,,,2025-05-15 19:15:00
5824456.505404951,1.0,,,0.0,,,,,2025-05-15 19:20:00
5824457.505533827,1.0,,,0.0,,,,,2025-05-15 19:25:00
5824458.505662701,1.0,,,0.0,,,,,2025-05-15 19:30:00
5824459.505791577,1.0,,,0.0,,,,,2025-05-15 19:35:00
5824460.505920452,1.0,,,0.0,,,,,2025-05-15 19:40:00
5824461.506049328,1.0,,,0.0,,,,,2025-05-15 19:45:00
5824462.506178202,1.0,,,0.0,,,,,2025-05-15 19:50:00
5824463.506307078,1.0,,,0.0,,,,,2025-05-15 19:55:00
5824464.506435953,1.0,,,0.0,,,,,2025-05-15 20:00:00
5824465.506564829,1.0,,,0.0,,,,,2025-05-15 20:05:00
5824466.506693703,1.0,,,0.0,,,,,2025-05-15 20:10:00
5824467.506822579,1.0,,,0.0,,,,,2025-05-15 20:15:00
5824468.506951454,1.0,,,0.0,,,,,2025-05-15 20:20:00
5824469.50708033,1.0,,,0.0,,,,,2025-05-15 20:25:00
5824470.507209204,1.0,,,0.0,,,,,2025-05-15 20:30:00
5824471.50733808,1.0,,,1.2,,,,6.0,2025-05-15 20:35:00
5824472.507466955,1.0,,,1.2,,,,,2025-05-15 20:40:00
5824473.507595831,1.0,,,1.2,,,,,2025-05-15 20:45:00
5824474.507724706,1.0,,,1.2,,,,,2025-05-15 20:50:00
5824475.507853581,1.0,,,1.2,,,,,2025-05-15 20:55:00
5824476.507982456,1.0,,,1.1,,,,,2025-05-15 21:00:00
5824477.508111332,1.0,,,1.1,,,,,2025-05-15 21:05:00
5824478.508240207,1.0,,,1.1,,,,,2025-05-15 21:10:00
5824479.508369082,1.0,,,1.1,,,,,2025-05-15 21:15:00
5824480.508497957,1.0,,,1.1,,,,,2025-05-15 21:20:00
5824481.508626833,1.0,,,1.1,,,,,2025-05-15 21:25:00
5824482.508755708,1.0,,,1.1,,,,,2025-05-15 21:30:00
5824483.508884583,1.0,,,1.1,,,,,2025-05-15 21:35:00
5824484.509013458,1.0,,,1.1,,,,,2025-05-15 21:40:00
5824485.509142334,1.0,,,1.1,,,,,2025-05-15 21:45:00
5824486.509271209,1.0,,,1.1,,,,,2025-05-15 21:50:00
5824487.509400085,1.0,,,1.1,,,,7.05,2025-05-15 21:55:00
5824488.509528959,1.0,,,1.1,,,,,2025-05-15 22:00:00
5824489.509657835,1.0,,,1.1,,,,4.8,2025-05-15 22:05:00
5824490.50978671,1.0,,,1.1,,,,,2025-05-15 22:10:00
5824491.509915586,1.0,,,1.1,,,,,2025-05-15 22:15:00
5824492.51004446,1.0,,,1.1,,,,,2025-05-15 22:20:00
5824493.510173336,1.0,,,1.1,,,,,2025-05-15 22:25:00
5824494.510302211,1.0,,,1.1,,,,,2025-05-15 22:30:00
5824495.510431087,1.0,,,1.1,,,,,2025-05-15 22:35:00
5824496.510559961,1.0,,,1.1,,,,,2025-05-15 22:40:00
5824497.510688837,1.0,,,1.1,,,,,2025-05-15 22:45:00
5824498.510817712,1.0,,,1.1,,,,,2025-05-15 22:50:00
5824499.510946588,1.0,,,1.1,,,,,2025-05-15 22:55:00
5824500.511075463,1.0,,,1.1,,,,,2025-05-15 23:00:00
5824501.511204338,1.0,,,1.1,,,,,2025-05-15 23:05:00
5824502.511333213,1.0,,,1.1,,,,,2025-05-15 23:10:00
5824503.511462089,1.0,,,1.1,,,,,2025-05-15 23:15:00
5824504.511590964,1.0,,,1.1,,,,,2025-05-15 23:20:00
5824505.511719839,1.0,,,1.1,,,,,2025-05-15 23:25:00
5824506.511848714,1.0,,,1.1,,,,,2025-05-15 23:30:00
5824507.51197759,1.0,,,1.1,,,,,2025-05-15 23:35:00
5824508.512106465,1.0,,,1.1,,,,,2025-05-15 23:40:00
5824509.51223534,1.0,,,1.1,,,,,2025-05-15 23:45:00
5824510.512364215,1.0,,,1.1,,,,,2025-05-15 23:50:00
5824511.512493091,1.0,,,1.1,,,,,2025-05-15 23:55:00
5824512.512621966,1.0,,,1.1,,,,,2025-05-16 00:00:00
5824513.512750842,1.0,,,1.1,,,,,2025-05-16 00:05:00
5824514.512879716,1.0,,,1.1,,,,,2025-05-16 00:10:00
5824515.513008592,1.0,,,1.1,,,,,2025-05-16 00:15:00
5824516.513137467,1.0,,,1.1,,,,,2025-05-16 00:20:00
5824517.513266343,1.0,,,1.1,,,,,2025-05-16 00:25:00
5824518.513395217,1.0,,,1.1,,,,,2025-05-16 00:30:00
5824519.513524093,1.0,,,1.1,,,,,2025-05-16 00:35:00
5824520.513652968,1.0,,,1.1,,,,,2025-05-16 00:40:00
5824521.513781844,1.0,,,1.1,,,,,2025-05-16 00:45:00
5824522.513910718,1.0,,,1.1,,,,,2025-05-16 00:50:00
5824523.514039594,1.0,,,1.1,,,,,2025-05-16 00:55:00
5824524.514168469,1.0,,,1.1,,,,,2025-05-16 01:00:00
5824525.514297345,1.0,,,1.1,,,,,2025-05-16 01:05:00
5824526.514426219,1.0,,,1.1,,,,,2025-05-16 01:10:00
5824527.514555095,1.0,,,1.1,,,,,2025-05-16 01:15:00
5824528.51468397,1.0,,,1.1,,,,,2025-05-16 01:20:00
5824529.514812846,1.0,,,1.1,,,,,2025-05-16 01:25:00
5824530.514941721,1.0,,,1.1,,,,,2025-05-16 01:30:00
5824531.515070596,1.0,,,1.1,,,,,2025-05-16 01:35:00
5824532.515199471,1.0,,,1.1,,,,,2025-05-16 01:40:00
5824533.515328347,1.0,,,1.1,,,,,2025-05-16 01:45:00
5824534.515457222,1.0,,,1.1,,,,,2025-05-16 01:50:00
5824535.515586097,1.0,,,1.1,,,,,2025-05-16 01:55:00
5824536.515714972,1.0,,,1.1,,,,,2025-05-16 02:00:00
5824537.515843848,1.0,,,1.1,,,,,2025-05-16 02:05:00
5824538.515972723,1.0,,,1.1,,,,,2025-05-16 02:10:00
5824539.516101598,1.0,,,1.1,,,,,2025-05-16 02:15:00
5824540.516230473,1.0,,,1.1,,,,,2025-05-16 02:20:00
5824541.516359349,1.0,,,1.1,,,,,2025-05-16 02:25:00
5824542.516488224,1.0,,,1.1,,,,,2025-05-16 02:30:00
5824543.5166171,1.0,,,1.1,,,,,2025-05-16 02:35:00
5824544.516745974,1.0,,,1.1,,,,,2025-05-16 02:40:00
5824545.51687485,1.0,,,1.1,,,,,2025-05-16 02:45:00
5824546.517003725,1.0,,,1.1,,,,,2025-05-16 02:50:00
5824547.517132601,1.0,,,1.1,,,,,2025-05-16 02:55:00
5824548.517261475,1.0,,,1.1,,,,,2025-05-16 03:00:00
5824549.517390351,1.0,,,1.1,,,,,2025-05-16 03:05:00
5824550.517519226,1.0,,,1.1,,,,,2025-05-16 03:10:00
5824551.517648102,1.0,,,1.1,,,,,2025-05-16 03:15:00
5824552.517776976,1.0,,,1.1,,,,,2025-05-16 03:20:00
5824553.517905852,1.0,,,1.1,,,,,2025-05-16 03:25:00
5824554.518034727,1.0,,,1.1,,,,,2025-05-16 03:30:00
5824555.518163603,1.0,,,1.1,,,,,2025-05-16 03:35:00
5824556.518292478,1.0,,,1.1,,,,,2025-05-16 03:40:00
5824557.518421353,1.0,,,1.1,,,,,2025-05-16 03:45:00
5824558.518550228,1.0,,,1.1,,,,,2025-05-16 03:50:00
5824559.518679104,1.0,,,1.1,,,,,2025-05-16 03:55:00
5824560.518807979,1.0,,,1.1,,,,,2025-05-16 04:00:00
5824561.518936854,1.0,,,1.1,,,,,2025-05-16 04:05:00
5824562.519065729,1.0,,,1.1,,,,,2025-05-16 04:10:00
5824563.519194605,1.0,,,1.1,,,,,2025-05-16 04:15:00
5824564.51932348,1.0,,,1.1,,,,,2025-05-16 04:20:00
5824565.519452355,1.0,,,1.1,,,,,2025-05-16 04:25:00
5824566.51958123,1.0,,,1.1,,,,,2025-05-16 04:30:00
5824567.519710106,1.0,,,1.1,,,,,2025-05-16 04:35:00
5824568.519838981,1.0,,,1.1,,,,,2025-05-16 04:40:00
5824569.519967857,1.0,,,1.1,,,,,2025-05-16 04:45:00
5824570.520096731,1.0,,,1.1,,,,,2025-05-16 04:50:00
5824571.520225607,1.0,,,1.1,,,,,2025-05-16 04:55:00
5824572.520354482,1.0,,,1.1,,,,,2025-05-16 05:00:00
5824573.520483358,1.0,,,1.1,,,,,2025-05-16 05:05:00
5824574.520612232,1.0,,,1.1,,,,,2025-05-16 05:10:00
5824575.520741108,1.0,,,1.1,,,,,2025-05-16 05:15:00
5824576.520869983,1.0,,,1.1,,,,,2025-05-16 05:20:00
5824577.520998859,1.0,,,1.1,,,,,2025-05-16 05:25:00
5824578.521127733,1.0,,,1.1,,,,,2025-05-16 05:30:00
5824579.521256609,1.0,,,1.1,,,,,2025-05-16 05:35:00
5824580.521385484,1.0,,,1.1,,,,,2025-05-16 05:40:00
5824581.52151436,1.0,,,1.1,,,,,2025-05-16 05:45:00
5824582.521643234,1.0,,,1.1,,,,,2025-05-16 05:50:00
5824583.52177211,1.0,,,1.1,,,,,2025-05-16 05:55:00
5824584.521900985,1.0,,,1.1,,,,,2025-05-16 06:00:00
5824585.522029861,1.0,,,1.1,,,,,2025-05-16 06:05:00
5824586.522158736,1.0,,,1.1,,,,,2025-05-16 06:10:00
5824587.522287611,1.0,,,1.1,,,,,2025-05-16 06:15:00
5824588.522416486,1.0,,,1.1,,,,,2025-05-16 06:20:00
5824589.522545362,1.0,,,1.1,,,,,2025-05-16 06:25:00
5824590.522674237,1.0,,,1.1,,,,,2025-05-16 06:30:00
5824591.522803112,1.0,,,1.1,,,,,2025-05-16 06:35:00
5824592.522931987,1.0,,,1.1,,,,,2025-05-16 06:40:00
5824593.523060863,1.0,,,1.1,,,,,2025-05-16 06:45:00
5824594.523189738,1.0,,,1.1,,,,,2025-05-16 06:50:00
5824595.523318613,1.0,,,1.1,,,,,2025-05-16 06:55:00
5824596.523447488,1.0,,,1.1,,,,,2025-05-16 07:00:00
5824597.523576364,1.0,,,1.1,,,,,2025-05-16 07:05:00
5824598.523705239,1.0,,,1.1,,,,,2025-05-16 07:10:00
5824599.523834115,1.0,,,1.1,,,,,2025-05-16 07:15:00
5824600.523962989,1.0,,,1.1,,,,,2025-05-16 07:20:00
5824601.524091865,1.0,,,1.1,,,,,2025-05-16 07:25:00
5824602.52422074,1.0,,,1.1,,,,,2025-05-16 07:30:00
5824603.524349616,1.0,,,1.1,,,,,2025-05-16 07:35:00
5824604.52447849,1.0,,,1.1,,,,,2025-05-16 07:40:00
5824605.524607366,1.0,,,1.1,,,,,2025-05-16 07:45:00
5824606.524736241,1.0,,,1.1,,,,,2025-05-16 07:50:00
5824607.524865117,1.0,,,1.1,,,,,2025-05-16 07:55:00
5824608.5249939915,1.0,,,1.1,,,,,2025-05-16 08:00:00
5824609.525122867,1.0,,,1.1,,,,,2025-05-16 08:05:00
5824610.525251742,1.0,,,1.1,,,,,2025-05-16 08:10:00
5824611.525380618,1.0,,,1.1,,,,,2025-05-16 08:15:00
5824612.525509493,1.0,,,1.1,,,,,2025-05-16 08:20:00
5824613.525638368,1.0,,,1.1,,,,,2025-05-16 08:25:00
5824614.5257672435,1.0,,,1.1,,,,,2025-05-16 08:30:00
5824615.525896119,1.0,,,1.1,,,,,2025-05-16 08:35:00
5824616.526024994,1.0,,,1.1,,,,,2025-05-16 08:40:00
5824617.526153869,1.0,,,1.1,,,,5.5,2025-05-16 08:45:00
5824618.5262827445,1.0,,,1.1,,,,,2025-05-16 08:50:00
5824619.52641162,1.0,,,1.1,,,,,2025-05-16 08:55:00
5824620.526540495,1.0,,,1.1,,,,,2025-05-16 09:00:00
5824621.52666937,1.0,,,1.1,,,,,2025-05-16 09:05:00
5824622.5267982455,1.0,,,1.1,,,,,2025-05-16 09:10:00
5824623.526927121,1.0,,,1.1,,,,,2025-05-16 09:15:00
5824624.5270559965,1.0,,,1.1,,,,,2025-05-16 09:20:00
5824625.527184872,1.0,,,1.1,,,,,2025-05-16 09:25:00
5824626.5273137465,1.0,,,1.1,,,,,2025-05-16 09:30:00
5824627.527442622,1.0,,,1.1,,,,,2025-05-16 09:35:00
5824628.5275714975,1.0,,,1.1,,,,,2025-05-16 09:40:00
5824629.527700373,1.0,,,1.1,,,,,2025-05-16 09:45:00
5824630.5278292475,1.0,,,1.1,,,,,2025-05-16 09:50:00
5824631.527958123,1.0,,,1.1,,,,,2025-05-16 09:55:00
5824632.5280869985,1.0,,,1.1,,,,,2025-05-16 10:00:00
5824633.528215874,1.0,,,1.1,,0.006856,,,2025-05-16 10:05:00
5824634.528344749,1.0,,,1.1,,0.010915,,,2025-05-16 10:10:00
5824635.528473624,1.0,,,1.1,,0.017925,,,2025-05-16 10:15:00
5824636.5286024995,1.0,,,1.1,,0.01838,,,2025-05-16 10:20:00
5824637.528731375,1.0,,,1.1,,0.023001,,,2025-05-16 10:25:00
5824638.52886025,1.0,,,1.1,,0.0528,,,2025-05-16 10:30:00
5824639.528989125,1.0,,,1.1,,0.072018,,,2025-05-16 10:35:00
5824640.5291180005,1.0,,,1.1,,0.08549,,,2025-05-16 10:40:00
5824641.529246876,1.0,,,1.1,,0.024706,,,2025-05-16 10:45:00
5824642.5293757515,1.0,,,1.1,,0.035725,,,2025-05-16 10:50:00
5824643.529504626,1.0,,,1.1,,0.040143,,,2025-05-16 10:55:00
5824644.529633502,1.0,,,1.1,,0.046627,,,2025-05-16 11:00:00
5824645.529762377,1.0,,,1.1,,0.053141,,,2025-05-16 11:05:00
5824646.5298912525,1.0,,,1.1,,0.064789,,,2025-05-16 11:10:00
5824647.530020127,1.0,,,1.1,,0.071408,,,2025-05-16 11:15:00
5824648.530149003,1.0,,,1.1,,0.074427,,1.3,2025-05-16 11:20:00
5824649.530277878,1.0,,,1.1,,0.084716,,,2025-05-16 11:25:00
5824650.5304067535,1.0,,,1.1,,0.032544,,,2025-05-16 11:30:00
5824651.530535628,1.0,,,1.1,,0.045378,,,2025-05-16 11:35:00
5824652.530664504,1.0,,,1.1,,0.055248,,,2025-05-16 11:40:00
5824653.530793379,1.0,,,1.1,,0.06143,,,2025-05-16 11:45:00
5824654.530922255,1.0,,,1.1,,0.070437,,,2025-05-16 11:50:00
5824655.53105113,1.0,,,1.1,,0.072327,,,2025-05-16 11:55:00
5824656.531180005,1.0,,,1.1,,0.07268,,,2025-05-16 12:00:00
5824657.53130888,1.0,,,1.1,,0.046249,,,2025-05-16 12:05:00
5824658.531437756,1.0,,,1.1,,0.057617,,,2025-05-16 12:10:00
5824659.531566631,1.0,,,1.1,,0.055531,,,2025-05-16 12:15:00
5824660.531695506,1.0,,,1.1,,0.05308,,,2025-05-16 12:20:00
5824661.531824381,1.0,,,1.1,,0.066778,,,2025-05-16 12:25:00
5824662.531953257,1.0,,,1.1,,0.064468,,,2025-05-16 12:30:00
5824663.532082132,1.0,,,1.1,,0.077275,,,2025-05-16 12:35:00
5824664.532211007,1.0,,,1.1,,0.084081,,,2025-05-16 12:40:00
5824665.532339882,1.0,,,1.1,,0.096379,,,2025-05-16 12:45:00
5824666.532468758,1.0,,,1.1,,0.091545,,,2025-05-16 12:50:00
5824667.532597633,1.0,,,1.1,,0.090905,,,2025-05-16 12:55:00
5824668.532726509,1.0,,,1.1,,0.093096,,,2025-05-16 13:00:00
5824669.532855383,1.0,,,1.1,,0.083605,,,2025-05-16 13:05:00
5824670.532984259,1.0,,,1.1,,0.105957,,,2025-05-16 13:10:00
5824671.533113134,1.0,,,1.1,,0.115551,,,2025-05-16 13:15:00
5824672.53324201,1.0,,,1.1,,0.110279,,,2025-05-16 13:20:00
5824673.533370884,1.0,,,1.1,,0.120044,,,2025-05-16 13:25:00
5824674.53349976,1.0,,,1.1,,0.134161,,,2025-05-16 13:30:00
5824675.533628635,1.0,,,1.1,,0.145404,,,2025-05-16 13:35:00
5824676.533757511,1.0,,,1.1,,0.183411,,,2025-05-16 13:40:00
5824677.533886385,1.0,,,1.1,,0.306332,,,2025-05-16 13:45:00
5824678.534015261,1.0,,,1.1,,0.383409,,,2025-05-16 13:50:00
5824679.534144136,1.0,,,1.1,,0.2241,,,2025-05-16 13:55:00
5824680.534273012,1.0,,,1.1,,0.192056,,,2025-05-16 14:00:00
5824681.534401887,1.0,,,1.1,,0.17162,,,2025-05-16 14:05:00
5824682.534530762,1.0,,,1.1,,0.148864,,1.3,2025-05-16 14:10:00
5824683.534659637,1.0,,,1.1,,0.135125,,,2025-05-16 14:15:00
5824684.534788513,1.0,,,1.1,,0.161601,,,2025-05-16 14:20:00
5824685.534917388,1.0,,,1.1,,0.151077,,,2025-05-16 14:25:00
5824686.535046263,1.0,,,1.1,,0.148383,,,2025-05-16 14:30:00
5824687.535175138,1.0,,,1.1,,0.130096,,,2025-05-16 14:35:00
5824688.535304014,1.0,,,1.1,,0.127549,,,2025-05-16 14:40:00
5824689.535432889,1.0,,,1.1,,0.125393,,,2025-05-16 14:45:00
5824690.535561764,1.0,,,1.1,,0.136815,,,2025-05-16 14:50:00
5824691.535690639,1.0,,,1.1,,0.114108,,,2025-05-16 14:55:00
5824692.535819515,1.0,,,1.1,,0.123428,,,2025-05-16 15:00:00
5824693.53594839,1.0,,,1.1,,0.121042,,,2025-05-16 15:05:00
5824694.536077265,1.0,,,1.1,,0.123854,,,2025-05-16 15:10:00
5824695.53620614,1.0,,,1.1,,0.140122,,,2025-05-16 15:15:00
5824696.536335016,1.0,,,1.1,,0.103884,,,2025-05-16 15:20:00
5824697.536463891,1.0,,,1.1,,0.089625,,,2025-05-16 15:25:00
5824698.536592767,1.0,,,1.1,,0.096543,,,2025-05-16 15:30:00
5824699.536721641,1.0,,,1.1,,0.20006,,,2025-05-16 15:35:00
5824700.536850517,1.0,,,1.1,,0.213822,,,2025-05-16 15:40:00
5824701.536979392,1.0,,,1.1,,0.163493,,,2025-05-16 15:45:00
5824702.537108268,1.0,,,1.1,,0.167786,,,2025-05-16 15:50:00
5824703.537237142,1.0,,155.0,1.1,,0.167744,,0.7,2025-05-16 15:55:00
5824704.537366018,1.0,,,1.1,,0.131638,,,2025-05-16 16:00:00
5824705.537494893,0.0,147.0,155.0,1.1,,0.148178,,,2025-05-16 16:05:00
5824706.537623769,0.0,145.0,,1.1,,0.163457,,,2025-05-16 16:10:00
5824707.537752643,0.0,144.0,,1.1,,0.151862,,,2025-05-16 16:15:00
5824708.537881519,0.0,142.0,,1.1,,0.145957,,,2025-05-16 16:20:00
5824709.538010394,0.0,141.0,,1.1,,0.165867,,,2025-05-16 16:25:00
5824710.53813927,0.0,138.0,,1.1,,0.16478,,,2025-05-16 16:30:00
5824711.538268145,0.0,134.0,,1.1,,0.165049,,,2025-05-16 16:35:00
5824712.53839702,0.0,130.0,,1.1,,0.153283,,,2025-05-16 16:40:00
5824713.538525895,0.0,124.0,,1.1,,0.146575,,,2025-05-16 16:45:00
5824714.538654771,0.0,120.0,,1.1,,0.105431,,,2025-05-16 16:50:00
5824715.538783646,0.0,119.0,,1.1,,0.112676,,,2025-05-16 16:55:00
5824716.538912521,0.0,113.0,,1.1,,0.120177,,,2025-05-16 17:00:00
5824717.539041396,0.0,108.0,,1.1,,0.105737,,,2025-05-16 17:05:00
5824718.539170272,0.0,103.0,,1.1,,0.103037,,,2025-05-16 17:10:00
5824719.539299147,0.0,102.0,,1.1,,0.132539,,,2025-05-16 17:15:00
5824720.539428022,0.0,103.0,,1.1,,0.282631,,,2025-05-16 17:20:00
5824721.539556897,0.0,102.0,,1.1,,0.677618,,,2025-05-16 17:25:00
5824722.539685773,0.0,96.0,,1.1,,0.93434,,,2025-05-16 17:30:00
5824723.539814648,0.0,92.0,,1.1,,1.049925,,,2025-05-16 17:35:00
5824724.539943524,0.0,87.0,,1.1,,0.836308,,,2025-05-16 17:40:00
5824725.540072398,0.0,81.0,,1.1,,0.656212,,,2025-05-16 17:45:00
5824726.540201274,0.0,78.0,,1.1,,0.483034,,,2025-05-16 17:50:00
5824727.540330149,0.0,74.0,,1.1,,0.537046,,,2025-05-16 17:55:00
5824728.540459025,0.0,70.0,,1.1,,0.756842,,,2025-05-16 18:00:00
5824729.540587899,0.0,67.0,,1.1,,0.684302,,,2025-05-16 18:05:00
5824730.540716775,0.0,67.0,,1.1,,0.754427,,,2025-05-16 18:10:00
5824731.54084565,0.0,69.0,,1.1,,0.720147,,,2025-05-16 18:15:00
5824732.540974526,0.0,73.0,,1.1,,0.643067,,,2025-05-16 18:20:00
5824733.5411034,0.0,75.0,,1.1,,0.535783,,,2025-05-16 18:25:00
5824734.541232276,0.0,82.0,,1.1,,0.485733,,,2025-05-16 18:30:00
5824735.541361151,0.0,90.0,,1.1,,0.453795,,,2025-05-16 18:35:00
5824736.541490027,0.0,98.0,,1.1,,0.356873,,,2025-05-16 18:40:00
5824737.541618902,0.0,102.0,,1.1,,0.343851,,,2025-05-16 18:45:00
5824738.541747777,0.0,107.0,,1.1,,0.344464,,,2025-05-16 18:50:00
5824739.541876652,0.0,111.0,,1.1,,0.327693,,,2025-05-16 18:55:00
5824740.542005528,0.0,112.0,,1.1,,0.137783,,,2025-05-16 19:00:00
5824741.542134403,0.0,116.0,,1.1,,0.108507,,,2025-05-16 19:05:00
5824742.542263278,0.0,121.0,,1.1,,0.139826,,,2025-05-16 19:10:00
5824743.542392153,0.0,122.0,,1.1,,0.086635,,,2025-05-16 19:15:00
5824744.542521029,0.0,129.0,,1.1,,0.036323,,3.5,2025-05-16 19:20:00
5824745.542649904,0.0,138.0,,1.1,,0.056599,,,2025-05-16 19:25:00
5824746.542778779,0.0,146.0,,1.1,,0.095628,,,2025-05-16 19:30:00
5824747.542907654,0.0,154.0,,1.1,,0.066608,,,2025-05-16 19:35:00
5824748.54303653,0.0,162.0,,1.1,,0.189946,,,2025-05-16 19:40:00
5824749.543165405,0.0,169.0,,1.1,,0.294967,,,2025-05-16 19:45:00
5824750.54329428,0.0,170.0,,1.1,,0.109682,,,2025-05-16 19:50:00
5824751.543423155,0.0,169.0,,1.1,,0.121806,,,2025-05-16 19:55:00
5824752.543552031,0.0,166.0,,1.1,,0.100465,,,2025-05-16 20:00:00
5824753.543680906,0.0,164.0,,1.1,,0.246354,,,2025-05-16 20:05:00
5824754.543809782,0.0,163.0,,1.1,,0.686712,,,2025-05-16 20:10:00
5824755.543938656,0.0,171.0,,1.1,,0.116989,,,2025-05-16 20:15:00
5824756.544067532,0.0,177.0,,1.1,,0.161095,,,2025-05-16 20:20:00
5824757.544196407,0.0,174.0,,1.1,,0.192279,,,2025-05-16 20:25:00
5824758.544325283,0.0,177.0,,1.1,,0.009663,,,2025-05-16 20:30:00
5824759.544454157,0.0,179.0,,1.1,,0.01113,,,2025-05-16 20:35:00
5824760.544583033,0.0,180.0,,1.1,,0.01144,,,2025-05-16 20:40:00
5824761.544711908,0.0,180.0,,1.1,,0.350873,,,2025-05-16 20:45:00
5824762.544840784,0.0,174.0,,1.1,,0.193615,,,2025-05-16 20:50:00
5824763.544969658,0.0,175.0,,1.1,,0.189297,,,2025-05-16 20:55:00
5824764.545098534,0.0,175.0,,1.1,,0.16277,,,2025-05-16 21:00:00
5824765.545227409,0.0,176.0,,1.1,,0.167897,,,2025-05-16 21:05:00
5824766.545356285,0.0,176.0,,1.1,,0.148647,,,2025-05-16 21:10:00
5824767.54548516,0.0,177.0,,1.1,,0.160928,,,2025-05-16 21:15:00
5824768.545614035,0.0,177.0,,1.1,,0.021977,,,2025-05-16 21:20:00
5824769.54574291,0.0,179.0,,1.1,,0.021932,,,2025-05-16 21:25:00
5824770.545871786,0.0,178.0,,1.1,,0.053149,,,2025-05-16 21:30:00
5824771.546000661,0.0,162.0,,1.1,,0.095347,,,2025-05-16 21:35:00
5824772.546129536,0.0,156.0,,1.1,,0.061082,,,2025-05-16 21:40:00
5824773.546258411,0.0,162.0,,1.1,,0.096256,,,2025-05-16 21:45:00
5824774.546387287,0.0,162.0,,1.1,,0.061744,,,2025-05-16 21:50:00
5824775.546516162,1.0,,,1.1,,0.102567,,,2025-05-16 21:55:00
5824776.546645037,1.0,,,1.1,,0.052241,,,2025-05-16 22:00:00
5824777.546773912,1.0,,,1.1,,0.032146,,,2025-05-16 22:05:00
5824778.546902788,1.0,,,1.1,,0.021186,,,2025-05-16 22:10:00
5824779.547031663,1.0,,,1.1,,0.022448,,,2025-05-16 22:15:00
5824780.547160539,1.0,,219.0,1.1,,0.038123,,2.0,2025-05-16 22:20:00
5824781.547289413,1.0,,,1.1,,0.020184,,,2025-05-16 22:25:00
5824782.547418289,0.0,214.0,219.0,1.1,,0.01665,,,2025-05-16 22:30:00
5824783.547547164,0.0,213.0,,1.1,,0.022467,,,2025-05-16 22:35:00
5824784.54767604,0.0,215.0,,1.1,,0.02403,,,2025-05-16 22:40:00
5824785.547804914,0.0,218.0,,1.1,,0.041035,,,2025-05-16 22:45:00
5824786.54793379,0.0,227.0,,1.1,,0.037234,,,2025-05-16 22:50:00
5824787.548062665,0.0,217.0,,1.1,,0.048737,,,2025-05-16 22:55:00
5824788.548191541,0.0,209.0,,1.1,,0.058478,,,2025-05-16 23:00:00
5824789.548320415,0.0,207.0,,1.1,,0.072858,,,2025-05-16 23:05:00
5824790.548449291,0.0,205.0,,1.1,,0.168623,,,2025-05-16 23:10:00
5824791.548578166,0.0,205.0,,1.1,,0.199685,,,2025-05-16 23:15:00
5824792.548707042,0.0,204.0,,1.1,,0.246465,,,2025-05-16 23:20:00
5824793.548835917,0.0,203.0,,1.1,,0.287699,,,2025-05-16 23:25:00
5824794.548964792,0.0,205.0,,1.1,,0.292134,,,2025-05-16 23:30:00
5824795.549093667,0.0,209.0,,1.1,,0.226569,,,2025-05-16 23:35:00
5824796.549222543,0.0,210.0,,1.1,,0.213102,,,2025-05-16 23:40:00
5824797.549351418,0.0,205.0,,1.1,,0.205886,,,2025-05-16 23:45:00
5824798.549480293,0.0,200.0,,1.1,,0.206067,,,2025-05-16 23:50:00
5824799.549609168,0.0,191.0,,1.1,,0.204939,,,2025-05-16 23:55:00
5824800.549738044,0.0,190.0,,1.1,,0.205413,,,2025-05-17 00:00:00
5824801.549866919,0.0,189.0,,1.1,,0.207862,,,2025-05-17 00:05:00
5824802.549995794,0.0,187.0,,1.1,,0.208147,,,2025-05-17 00:10:00
5824803.550124669,0.0,189.0,,1.1,,0.196609,,,2025-05-17 00:15:00
5824804.550253545,0.0,195.0,,1.1,,0.196465,,,2025-05-17 00:20:00
5824805.55038242,0.0,192.0,,1.1,,0.197243,,,2025-05-17 00:25:00
5824806.550511295,0.0,187.0,,1.1,,0.202693,,,2025-05-17 00:30:00
5824807.55064017,0.0,184.0,,1.1,,0.217057,,,2025-05-17 00:35:00
5824808.550769046,0.0,182.0,,1.1,,0.233202,,,2025-05-17 00:40:00
5824809.550897921,0.0,182.0,,1.1,,0.286366,,,2025-05-17 00:45:00
5824810.551026797,0.0,184.0,,1.1,,0.275411,,,2025-05-17 00:50:00
5824811.5511556715,0.0,187.0,,1.1,,0.276442,,,2025-05-17 00:55:00
5824812.551284547,0.0,193.0,,1.1,,0.279298,,,2025-05-17 01:00:00
5824813.551413422,0.0,193.0,,1.1,,0.27685,,,2025-05-17 01:05:00
5824814.551542298,0.0,193.0,,1.1,,0.295948,,,2025-05-17 01:10:00
5824815.5516711725,0.0,192.0,,1.1,,0.331777,,,2025-05-17 01:15:00
5824816.551800048,0.0,192.0,,1.1,,0.33941,,,2025-05-17 01:20:00
5824817.551928923,0.0,192.0,,1.1,,0.178201,,,2025-05-17 01:25:00
5824818.552057799,0.0,187.0,,1.1,,0.163353,,,2025-05-17 01:30:00
5824819.5521866735,0.0,183.0,,1.1,,0.160264,,,2025-05-17 01:35:00
5824820.552315549,0.0,181.0,,1.1,,0.163071,,,2025-05-17 01:40:00
5824821.5524444245,0.0,180.0,,1.1,,0.167963,,,2025-05-17 01:45:00
5824822.5525733,0.0,185.0,,1.1,,0.168744,,,2025-05-17 01:50:00
5824823.552702175,0.0,187.0,,1.1,,0.175489,,,2025-05-17 01:55:00
5824824.55283105,0.0,186.0,,1.1,,0.177499,,,2025-05-17 02:00:00
5824825.5529599255,0.0,181.0,,1.1,,0.179162,,,2025-05-17 02:05:00
5824826.553088801,0.0,178.0,,1.1,,0.18637,,,2025-05-17 02:10:00
5824827.5532176765,0.0,175.0,,1.1,,0.208827,,,2025-05-17 02:15:00
5824828.553346551,0.0,185.0,,1.1,,0.22057,,,2025-05-17 02:20:00
5824829.5534754265,0.0,188.0,,1.1,,0.226786,,,2025-05-17 02:25:00
5824830.553604302,0.0,180.0,,1.1,,0.232442,,,2025-05-17 02:30:00
5824831.5537331775,0.0,185.0,,1.1,,0.208275,,,2025-05-17 02:35:00
5824832.553862052,0.0,184.0,,1.1,,0.200806,,,2025-05-17 02:40:00
5824833.5539909275,0.0,179.0,,1.1,,0.205189,,,2025-05-17 02:45:00
5824834.554119803,0.0,180.0,,1.1,,0.209094,,,2025-05-17 02:50:00
5824835.5542486785,0.0,177.0,,1.1,,0.212436,,,2025-05-17 02:55:00
5824836.554377554,0.0,173.0,,1.1,,0.211375,,,2025-05-17 03:00:00
5824837.554506429,0.0,178.0,,1.1,,0.209897,,0.9,2025-05-17 03:05:00
5824838.554635304,0.0,183.0,,1.1,,0.212118,,,2025-05-17 03:10:00
5824839.5547641795,0.0,181.0,,1.1,,0.214016,,,2025-05-17 03:15:00
5824840.554893055,0.0,176.0,,1.1,,0.215914,,,2025-05-17 03:20:00
5824841.55502193,0.0,169.0,,1.1,,0.243168,,,2025-05-17 03:25:00
5824842.555150805,0.0,163.0,,1.1,,0.265553,,,2025-05-17 03:30:00
5824843.5552796805,0.0,159.0,,1.1,,0.284569,,,2025-05-17 03:35:00
5824844.555408556,0.0,157.0,,1.1,,0.227375,,,2025-05-17 03:40:00
5824845.555537431,0.0,157.0,,1.1,,0.245033,,,2025-05-17 03:45:00
5824846.555666306,0.0,152.0,,1.1,,0.227437,,,2025-05-17 03:50:00
5824847.555795182,0.0,150.0,,1.1,,0.253045,,,2025-05-17 03:55:00
5824848.555924057,0.0,154.0,,1.1,,0.24929,,,2025-05-17 04:00:00
5824849.5560529325,0.0,151.0,,1.1,,0.233333,,,2025-05-17 04:05:00
5824850.556181807,0.0,154.0,,1.1,,0.231362,,,2025-05-17 04:10:00
5824851.556310683,0.0,151.0,,1.1,,0.230448,,,2025-05-17 04:15:00
5824852.556439558,0.0,152.0,,1.1,,0.243484,,,2025-05-17 04:20:00
5824853.5565684335,0.0,157.0,,1.1,,0.246739,,,2025-05-17 04:25:00
5824854.556697308,0.0,156.0,,1.1,,0.246715,,,2025-05-17 04:30:00
5824855.556826184,0.0,148.0,,1.1,,0.248013,,,2025-05-17 04:35:00
5824856.556955059,0.0,142.0,,1.1,,0.251446,,,2025-05-17 04:40:00
5824857.557083935,0.0,138.0,,1.1,,0.257222,,,2025-05-17 04:45:00
5824858.557212809,0.0,134.0,,1.1,,0.274062,,,2025-05-17 04:50:00
5824859.557341685,0.0,131.0,,1.1,,0.275979,,,2025-05-17 04:55:00
5824860.55747056,0.0,127.0,,1.1,,0.311569,,,2025-05-17 05:00:00
5824861.557599436,0.0,125.0,,1.1,,0.348622,,,2025-05-17 05:05:00
5824862.55772831,0.0,127.0,,1.1,,0.321648,,,2025-05-17 05:10:00
5824863.557857186,0.0,135.0,,1.1,,0.303375,,,2025-05-17 05:15:00
5824864.557986061,0.0,134.0,,1.1,,0.294322,,,2025-05-17 05:20:00
5824865.558114937,0.0,132.0,,1.1,,0.291518,,,2025-05-17 05:25:00
5824866.558243812,0.0,133.0,,1.1,,0.280803,,,2025-05-17 05:30:00
5824867.558372687,0.0,134.0,,1.1,,0.296923,,,2025-05-17 05:35:00
5824868.558501562,0.0,131.0,,1.1,,0.085981,,,2025-05-17 05:40:00
5824869.558630438,0.0,134.0,,1.1,,0.126686,,,2025-05-17 05:45:00
5824870.558759313,0.0,144.0,,1.1,,0.149888,,,2025-05-17 05:50:00
5824871.558888188,0.0,136.0,,1.1,,0.156768,,,2025-05-17 05:55:00
5824872.559017063,0.0,131.0,,1.1,,0.185842,,,2025-05-17 06:00:00
5824873.559145939,0.0,128.0,,1.1,,0.196952,,,2025-05-17 06:05:00
5824874.559274814,0.0,127.0,,1.1,,0.202791,,,2025-05-17 06:10:00
5824875.559403689,0.0,126.0,,1.1,,0.226328,,,2025-05-17 06:15:00
5824876.559532564,0.0,126.0,,1.1,,0.198091,,,2025-05-17 06:20:00
5824877.55966144,0.0,129.0,,1.1,,0.198986,,,2025-05-17 06:25:00
5824878.559790315,0.0,130.0,,1.1,,0.198991,,,2025-05-17 06:30:00
5824879.559919191,0.0,129.0,,1.1,,0.200804,,,2025-05-17 06:35:00
5824880.560048065,0.0,126.0,,1.1,,0.20026,,,2025-05-17 06:40:00
5824881.560176941,0.0,125.0,,1.1,,0.203172,,,2025-05-17 06:45:00
5824882.560305816,0.0,124.0,,1.1,,0.212003,,,2025-05-17 06:50:00
5824883.560434692,0.0,123.0,,1.1,,0.211393,,,2025-05-17 06:55:00
5824884.560563566,0.0,121.0,,1.1,,0.226319,,,2025-05-17 07:00:00
5824885.560692442,0.0,117.0,,1.1,,0.216531,,,2025-05-17 07:05:00
5824886.560821317,0.0,116.0,,1.1,,0.21846,,,2025-05-17 07:10:00
5824887.560950193,0.0,112.0,,1.1,,0.2152,,,2025-05-17 07:15:00
5824888.561079067,0.0,110.0,,1.1,,0.22545,,,2025-05-17 07:20:00
5824889.561207943,0.0,107.0,,1.1,,0.236999,,,2025-05-17 07:25:00
5824890.561336818,0.0,105.0,,1.1,,0.23766,,,2025-05-17 07:30:00
5824891.561465694,0.0,105.0,,1.1,,0.242228,,,2025-05-17 07:35:00
5824892.561594569,0.0,105.0,,1.1,,0.241512,,,2025-05-17 07:40:00
5824893.561723444,0.0,104.0,,1.1,,0.237986,,,2025-05-17 07:45:00
5824894.561852319,0.0,103.0,,1.1,,0.236746,,,2025-05-17 07:50:00
5824895.561981195,0.0,102.0,,1.1,,0.234874,,,2025-05-17 07:55:00
5824896.56211007,0.0,102.0,,1.1,,0.235131,,,2025-05-17 08:00:00
5824897.562238945,0.0,105.0,,1.1,,0.246686,,,2025-05-17 08:05:00
5824898.56236782,0.0,107.0,,1.1,,0.229702,,,2025-05-17 08:10:00
5824899.562496696,0.0,108.0,,1.1,,0.243467,,,2025-05-17 08:15:00
5824900.562625571,0.0,110.0,,1.1,,0.23102,,,2025-05-17 08:20:00
5824901.562754446,0.0,109.0,,1.1,,0.251739,,,2025-05-17 08:25:00
5824902.562883321,0.0,113.0,,1.1,,0.256659,,,2025-05-17 08:30:00
5824903.563012197,0.0,113.0,,1.1,,0.254742,,,2025-05-17 08:35:00
5824904.563141072,0.0,110.0,,1.1,,0.252931,,,2025-05-17 08:40:00
5824905.563269948,0.0,106.0,,1.1,,0.278794,,,2025-05-17 08:45:00
5824906.563398822,0.0,104.0,,1.1,,0.274337,,,2025-05-17 08:50:00
5824907.563527698,0.0,105.0,,1.1,,0.289956,,,2025-05-17 08:55:00
5824908.563656573,0.0,107.0,,1.1,,0.277711,,,2025-05-17 09:00:00
5824909.563785449,0.0,103.0,,1.1,,0.290961,,,2025-05-17 09:05:00
5824910.563914323,0.0,100.0,,1.1,,0.299698,,,2025-05-17 09:10:00
5824911.564043199,0.0,100.0,,1.1,,0.288009,,,2025-05-17 09:15:00
5824912.564172074,0.0,100.0,,1.1,,0.290832,,,2025-05-17 09:20:00
5824913.56430095,0.0,98.0,,1.1,,0.283451,,,2025-05-17 09:25:00
5824914.564429824,0.0,102.0,,1.1,,0.281406,,,2025-05-17 09:30:00
5824915.5645587,0.0,99.0,,1.1,,0.28946,,,2025-05-17 09:35:00
5824916.564687575,0.0,100.0,,1.1,,0.030965,,,2025-05-17 09:40:00
5824917.564816451,0.0,92.0,,1.1,,0.039512,,,2025-05-17 09:45:00
5824918.564945325,0.0,88.0,,1.1,,0.031994,,,2025-05-17 09:50:00
5824919.565074201,0.0,92.0,,1.1,,0.024597,,,2025-05-17 09:55:00
5824920.565203076,0.0,91.0,,1.1,,0.018533,,,2025-05-17 10:00:00
5824921.565331952,0.0,90.0,,1.1,,0.025061,,,2025-05-17 10:05:00
5824922.565460827,0.0,92.0,81.0,1.1,,0.021287,,,2025-05-17 10:10:00
5824923.565589702,0.0,93.0,,1.1,,0.037574,,,2025-05-17 10:15:00
5824924.565718577,0.0,84.0,81.0,1.1,,0.040732,,,2025-05-17 10:20:00
5824925.565847453,0.0,86.0,,1.1,,0.045097,,,2025-05-17 10:25:00
5824926.565976328,0.0,87.0,,1.1,,0.050697,,,2025-05-17 10:30:00
5824927.566105203,0.0,86.0,,1.1,,0.052403,,,2025-05-17 10:35:00
5824928.566234078,0.0,85.0,,1.1,,0.058729,,,2025-05-17 10:40:00
5824929.566362954,0.0,84.0,,1.1,,0.021335,,,2025-05-17 10:45:00
5824930.566491829,0.0,82.0,,1.1,,0.036021,,,2025-05-17 10:50:00
5824931.566620704,0.0,82.0,,1.1,,0.031341,,,2025-05-17 10:55:00
5824932.566749579,0.0,79.0,,1.1,,0.032149,,,2025-05-17 11:00:00
5824933.566878455,0.0,81.0,,1.1,,0.038918,,,2025-05-17 11:05:00
5824934.56700733,0.0,85.0,,1.1,,0.044116,,,2025-05-17 11:10:00
5824935.567136206,0.0,87.0,,1.1,,0.038619,,,2025-05-17 11:15:00
5824936.56726508,0.0,82.0,,1.1,,0.03032,,,2025-05-17 11:20:00
5824937.567393956,0.0,79.0,,1.1,,0.01976,,,2025-05-17 11:25:00
5824938.567522831,0.0,79.0,,1.1,,0.019955,,,2025-05-17 11:30:00
5824939.567651707,0.0,81.0,,1.1,,0.026235,,,2025-05-17 11:35:00
5824940.567780581,0.0,81.0,,1.1,,0.025612,,,2025-05-17 11:40:00
5824941.567909457,0.0,84.0,,1.1,,0.030492,,,2025-05-17 11:45:00
5824942.568038332,0.0,86.0,,1.1,,0.033638,,,2025-05-17 11:50:00
5824943.568167208,0.0,85.0,,1.1,,0.041757,,,2025-05-17 11:55:00
5824944.568296082,0.0,90.0,,1.1,,0.045632,,,2025-05-17 12:00:00
5824945.568424958,0.0,98.0,,1.1,,0.030427,,,2025-05-17 12:05:00
5824946.568553833,0.0,107.0,,1.1,,0.027562,,,2025-05-17 12:10:00
5824947.568682709,0.0,117.0,,1.1,,0.029427,,6.3,2025-05-17 12:15:00
5824948.568811584,0.0,127.0,,1.1,,0.01943,,,2025-05-17 12:20:00
5824949.568940459,0.0,133.0,,1.1,,0.033034,,,2025-05-17 12:25:00
5824950.569069334,0.0,135.0,,1.1,,0.025829,,,2025-05-17 12:30:00
5824951.56919821,0.0,139.0,,1.1,,0.019547,,,2025-05-17 12:35:00
5824952.569327085,0.0,142.0,,1.1,,0.019111,,,2025-05-17 12:40:00
5824953.56945596,0.0,147.0,,1.1,,0.032437,,,2025-05-17 12:45:00
5824954.569584835,0.0,161.0,,1.1,,0.041099,,,2025-05-17 12:50:00
5824955.569713711,0.0,167.0,,1.1,,0.042385,,,2025-05-17 12:55:00
5824956.569842586,0.0,174.0,,1.1,,0.055332,,,2025-05-17 13:00:00
5824957.569971461,0.0,182.0,,1.1,,0.059592,,,2025-05-17 13:05:00
5824958.570100336,0.0,187.0,,1.1,,0.074954,,,2025-05-17 13:10:00
5824959.570229212,0.0,191.0,,1.1,,0.043209,,,2025-05-17 13:15:00
5824960.570358087,0.0,189.0,,1.1,,0.055598,,,2025-05-17 13:20:00
5824961.570486963,0.0,190.0,,1.1,,0.057314,,,2025-05-17 13:25:00
5824962.570615837,0.0,192.0,,1.1,,0.062264,,,2025-05-17 13:30:00
5824963.570744713,0.0,192.0,,1.1,,0.073353,,,2025-05-17 13:35:00
5824964.570873588,0.0,193.0,,1.1,,0.084542,,,2025-05-17 13:40:00
5824965.571002464,0.0,199.0,,1.1,,0.081876,,,2025-05-17 13:45:00
5824966.571131338,0.0,206.0,,1.1,,0.087643,,,2025-05-17 13:50:00
5824967.571260214,0.0,215.0,,1.1,,0.097138,,,2025-05-17 13:55:00
5824968.571389089,0.0,218.0,,1.1,,0.103883,,,2025-05-17 14:00:00
5824969.571517965,0.0,219.0,,1.1,,0.112065,,,2025-05-17 14:05:00
5824970.571646839,0.0,225.0,,1.1,,0.117961,,,2025-05-17 14:10:00
5824971.571775715,0.0,227.0,,1.1,,0.126658,,,2025-05-17 14:15:00
5824972.57190459,0.0,219.0,,1.1,,0.127387,,,2025-05-17 14:20:00
5824973.572033466,0.0,213.0,,1.1,,0.108141,,,2025-05-17 14:25:00
5824974.57216234,0.0,210.0,,1.1,,0.126542,,,2025-05-17 14:30:00
5824975.572291216,0.0,204.0,,1.1,,0.111613,,,2025-05-17 14:35:00
5824976.572420091,0.0,201.0,,1.1,,0.104548,,,2025-05-17 14:40:00
5824977.572548967,0.0,209.0,,1.1,,0.110712,,,2025-05-17 14:45:00
5824978.572677842,0.0,208.0,,1.1,,0.110838,,,2025-05-17 14:50:00
5824979.572806717,0.0,207.0,,1.1,,0.110656,,,2025-05-17 14:55:00
5824980.572935592,0.0,208.0,,1.1,,0.113195,,,2025-05-17 15:00:00
5824981.573064468,0.0,211.0,,1.1,,0.114508,,,2025-05-17 15:05:00
5824982.573193343,0.0,210.0,,1.1,,0.115886,,,2025-05-17 15:10:00
5824983.573322218,0.0,207.0,,1.1,,0.110882,,,2025-05-17 15:15:00
5824984.573451093,0.0,203.0,,1.1,,0.121765,,,2025-05-17 15:20:00
5824985.573579969,0.0,205.0,,1.1,,0.13218,,2.6,2025-05-17 15:25:00
5824986.573708844,0.0,205.0,,1.1,,0.102649,,,2025-05-17 15:30:00
5824987.573837719,0.0,204.0,,1.1,,0.112974,,,2025-05-17 15:35:00
5824988.573966594,0.0,208.0,,1.1,,0.127211,,,2025-05-17 15:40:00
5824989.57409547,0.0,209.0,,1.1,,0.09717,,,2025-05-17 15:45:00
5824990.574224345,0.0,206.0,,1.1,,0.118313,,,2025-05-17 15:50:00
5824991.574353221,0.0,198.0,,1.1,,0.118438,,,2025-05-17 15:55:00
5824992.574482095,0.0,191.0,,1.1,,0.124075,,,2025-05-17 16:00:00
5824993.574610971,0.0,190.0,,1.1,,0.129866,,,2025-05-17 16:05:00
5824994.574739846,0.0,191.0,,1.1,,0.113536,,,2025-05-17 16:10:00
5824995.574868722,0.0,194.0,,1.1,,0.123118,,,2025-05-17 16:15:00
5824996.574997596,0.0,199.0,,1.1,,0.135228,,,2025-05-17 16:20:00
5824997.575126472,0.0,196.0,,1.1,,0.123253,,,2025-05-17 16:25:00
5824998.575255347,0.0,188.0,,1.1,,0.125447,,,2025-05-17 16:30:00
5824999.575384223,0.0,186.0,,1.1,,0.129553,,,2025-05-17 16:35:00
5825000.575513097,0.0,188.0,,1.1,,0.141137,,,2025-05-17 16:40:00
5825001.575641973,0.0,191.0,,1.1,,0.14542,,,2025-05-17 16:45:00
5825002.575770848,0.0,193.0,,1.1,,0.131721,,,2025-05-17 16:50:00
5825003.575899724,0.0,194.0,,1.1,,0.149262,,,2025-05-17 16:55:00
5825004.576028599,0.0,194.0,,1.1,,0.185424,,,2025-05-17 17:00:00
5825005.576157474,0.0,196.0,,1.1,,0.033279,,,2025-05-17 17:05:00
5825006.576286349,0.0,197.0,,1.1,,0.05222,,,2025-05-17 17:10:00
5825007.576415225,0.0,195.0,,1.1,,0.067668,,,2025-05-17 17:15:00
5825008.5765441,0.0,194.0,,1.1,,0.020513,,,2025-05-17 17:20:00
5825009.576672975,0.0,199.0,,1.1,,0.038994,,,2025-05-17 17:25:00
5825010.57680185,0.0,200.0,,1.1,,0.050372,,,2025-05-17 17:30:00
5825011.576930726,0.0,198.0,,1.1,,0.060197,,,2025-05-17 17:35:00
5825012.577059601,0.0,197.0,,1.1,,0.068584,,,2025-05-17 17:40:00
5825013.577188476,0.0,201.0,,1.1,,0.069749,,,2025-05-17 17:45:00
5825014.5773173515,0.0,203.0,,1.1,,0.050064,,,2025-05-17 17:50:00
5825015.577446227,0.0,193.0,,1.1,,0.060529,,,2025-05-17 17:55:00
5825016.577575102,0.0,191.0,,1.1,,0.071349,,,2025-05-17 18:00:00
5825017.577703978,0.0,194.0,,1.1,,0.074472,,,2025-05-17 18:05:00
5825018.5778328525,0.0,197.0,,1.1,,0.078833,,,2025-05-17 18:10:00
5825019.577961728,0.0,199.0,,1.1,,0.124838,,,2025-05-17 18:15:00
5825020.578090603,0.0,200.0,,1.1,,0.090794,,9.2,2025-05-17 18:20:00
5825021.578219479,0.0,198.0,,1.1,,0.089869,,,2025-05-17 18:25:00
5825022.5783483535,0.0,205.0,,1.1,,0.100489,,,2025-05-17 18:30:00
5825023.578477229,0.0,210.0,,1.1,,0.127045,,,2025-05-17 18:35:00
5825024.5786061045,0.0,223.0,,1.1,,0.106677,,,2025-05-17 18:40:00
5825025.57873498,0.0,234.0,,1.1,,0.087837,,,2025-05-17 18:45:00
5825026.5788638545,0.0,240.0,,1.1,,0.094402,,,2025-05-17 18:50:00
5825027.57899273,0.0,242.0,,1.1,,0.084878,,,2025-05-17 18:55:00
5825028.5791216055,0.0,242.0,,1.1,,0.10874,,,2025-05-17 19:00:00
5825029.579250481,0.0,239.0,,1.1,,0.111554,,,2025-05-17 19:05:00
5825030.579379356,0.0,231.0,,1.1,,0.125838,,,2025-05-17 19:10:00
5825031.579508231,0.0,220.0,,1.1,,0.207076,,,2025-05-17 19:15:00
5825032.5796371065,0.0,210.0,,1.1,,0.129338,,,2025-05-17 19:20:00
5825033.579765982,0.0,200.0,,1.1,,0.123179,,,2025-05-17 19:25:00
5825034.5798948575,0.0,181.0,,1.1,,0.145434,,,2025-05-17 19:30:00
5825035.580023732,0.0,169.0,,1.1,,0.136192,,,2025-05-17 19:35:00
5825036.5801526075,0.0,161.0,,1.1,,0.132125,,,2025-05-17 19:40:00
5825037.580281483,0.0,154.0,,1.1,,0.0,,,2025-05-17 19:45:00
5825038.5804103585,0.0,144.0,,1.1,,,,3.4,2025-05-17 19:50:00
5825039.580539233,0.0,135.0,,1.1,,,,,2025-05-17 19:55:00
5825040.580668109,0.0,129.0,,1.1,,,,,2025-05-17 20:00:00
5825041.580796984,0.0,124.0,,1.1,,,,,2025-05-17 20:05:00
5825042.5809258595,0.0,117.0,,1.1,,,,,2025-05-17 20:10:00
5825043.581054734,0.0,112.0,,1.1,,,,,2025-05-17 20:15:00
5825044.58118361,0.0,107.0,,1.1,,,,,2025-05-17 20:20:00
5825045.581312485,0.0,102.0,,1.1,,,,,2025-05-17 20:25:00
5825046.5814413605,0.0,98.0,,1.1,,,,,2025-05-17 20:30:00
5825047.581570236,0.0,99.0,,1.1,,,,,2025-05-17 20:35:00
5825048.581699111,0.0,96.0,,1.1,,,,,2025-05-17 20:40:00
5825049.581827986,0.0,94.0,,1.1,,,,,2025-05-17 20:45:00
5825050.581956862,0.0,93.0,,1.1,,,,,2025-05-17 20:50:00
5825051.582085737,0.0,89.0,,1.1,,,,,2025-05-17 20:55:00
5825052.582214612,0.0,86.0,,1.1,,,,,2025-05-17 21:00:00
5825053.582343487,0.0,84.0,,1.1,,,,,2025-05-17 21:05:00
5825054.582472363,0.0,83.0,,1.1,,,,,2025-05-17 21:10:00
5825055.582601238,0.0,86.0,,1.1,,,,,2025-05-17 21:15:00
5825056.582730113,0.0,87.0,,1.1,,,,,2025-05-17 21:20:00
5825057.582858988,0.0,89.0,,1.1,,,,,2025-05-17 21:25:00
5825058.582987864,0.0,92.0,,1.1,,,,,2025-05-17 21:30:00
5825059.583116739,0.0,94.0,,1.1,,,,,2025-05-17 21:35:00
5825060.583245615,0.0,90.0,,1.1,,,,,2025-05-17 21:40:00
5825061.583374489,0.0,91.0,,1.1,,,,,2025-05-17 21:45:00
5825062.583503365,0.0,93.0,103.0,1.1,,,,,2025-05-17 21:50:00
5825063.58363224,0.0,90.0,,1.1,,,,,2025-05-17 21:55:00
5825064.583761116,0.0,103.0,103.0,1.1,,,,,2025-05-17 22:00:00
5825065.58388999,0.0,109.0,,1.1,,,,,2025-05-17 22:05:00
5825066.584018866,0.0,118.0,,1.1,,,,,2025-05-17 22:10:00
5825067.584147741,0.0,125.0,,1.1,,,,,2025-05-17 22:15:00
5825068.584276617,0.0,136.0,,1.1,,,,,2025-05-17 22:20:00
5825069.584405491,0.0,140.0,,1.1,,,,,2025-05-17 22:25:00
5825070.584534367,0.0,140.0,,1.1,,,,,2025-05-17 22:30:00
5825071.584663242,0.0,139.0,,1.1,,,,,2025-05-17 22:35:00
5825072.584792118,0.0,142.0,,1.1,,,,,2025-05-17 22:40:00
5825073.584920993,0.0,138.0,,1.1,,,,,2025-05-17 22:45:00
5825074.585049868,0.0,131.0,,1.1,,,,,2025-05-17 22:50:00
5825075.585178743,0.0,127.0,,1.1,,,,,2025-05-17 22:55:00
5825076.585307619,0.0,124.0,,1.1,,,,,2025-05-17 23:00:00
5825077.585436494,0.0,123.0,,1.1,,,,,2025-05-17 23:05:00
5825078.585565369,0.0,131.0,,1.1,,,,,2025-05-17 23:10:00
5825079.585694244,0.0,123.0,,1.1,,,,,2025-05-17 23:15:00
5825080.58582312,0.0,112.0,,1.1,,,,,2025-05-17 23:20:00
5825081.585951995,0.0,111.0,,1.1,,,,,2025-05-17 23:25:00
5825082.58608087,0.0,112.0,,1.1,,,,,2025-05-17 23:30:00
5825083.586209745,0.0,111.0,,1.1,,,,,2025-05-17 23:35:00
5825084.586338621,0.0,110.0,,1.1,,,,,2025-05-17 23:40:00
5825085.586467496,0.0,116.0,,1.1,,,,,2025-05-17 23:45:00
5825086.586596371,0.0,119.0,,1.1,,,,,2025-05-17 23:50:00
5825087.586725246,0.0,120.0,,1.1,,,,,2025-05-17 23:55:00
5825088.586854122,0.0,112.0,,1.1,,,,,2025-05-18 00:00:00
5825089.586982997,0.0,105.0,,1.1,,,,,2025-05-18 00:05:00
5825090.587111873,0.0,103.0,,1.1,,,,,2025-05-18 00:10:00
5825091.587240747,0.0,101.0,,1.1,,,,,2025-05-18 00:15:00
5825092.587369623,0.0,102.0,,1.1,,,,,2025-05-18 00:20:00
5825093.587498498,0.0,108.0,,1.1,,,,,2025-05-18 00:25:00
5825094.587627374,0.0,111.0,,1.1,,,,,2025-05-18 00:30:00
5825095.587756248,0.0,114.0,,1.1,,,,,2025-05-18 00:35:00
5825096.587885124,0.0,117.0,,1.1,,,,,2025-05-18 00:40:00
5825097.588013999,0.0,125.0,,1.1,,,,,2025-05-18 00:45:00
5825098.588142875,0.0,128.0,,1.1,,,,,2025-05-18 00:50:00
5825099.588271749,0.0,133.0,,1.1,,,,,2025-05-18 00:55:00
5825100.588400625,0.0,136.0,,1.1,,,,,2025-05-18 01:00:00
5825101.5885295,0.0,138.0,,1.1,,,,,2025-05-18 01:05:00
5825102.588658376,0.0,131.0,,1.1,,,,,2025-05-18 01:10:00
5825103.588787251,0.0,123.0,,1.1,,,,,2025-05-18 01:15:00
5825104.588916126,0.0,118.0,,1.1,,,,,2025-05-18 01:20:00
5825105.589045001,0.0,116.0,,1.1,,,,,2025-05-18 01:25:00
5825106.589173877,0.0,116.0,,1.1,,,,,2025-05-18 01:30:00
5825107.589302752,0.0,116.0,,1.1,,,,,2025-05-18 01:35:00
5825108.589431627,0.0,116.0,,1.1,,,,,2025-05-18 01:40:00
5825109.589560502,0.0,117.0,,1.1,,,,,2025-05-18 01:45:00
5825110.589689378,0.0,119.0,,1.1,,,,,2025-05-18 01:50:00
5825111.589818253,0.0,120.0,,1.1,,,,,2025-05-18 01:55:00
5825112.589947128,0.0,121.0,,1.1,,,,,2025-05-18 02:00:00
5825113.590076003,0.0,127.0,,1.1,,,,,2025-05-18 02:05:00
5825114.590204879,0.0,132.0,,1.1,,,,,2025-05-18 02:10:00
5825115.590333754,0.0,126.0,,1.1,,,,,2025-05-18 02:15:00
5825116.59046263,0.0,123.0,,1.1,,,,,2025-05-18 02:20:00
5825117.590591504,0.0,121.0,,1.1,,,,,2025-05-18 02:25:00
5825118.59072038,0.0,119.0,,1.1,,,,,2025-05-18 02:30:00
5825119.590849255,0.0,118.0,,1.1,,,,,2025-05-18 02:35:00
5825120.590978131,0.0,117.0,,1.1,,,,,2025-05-18 02:40:00
5825121.591107005,0.0,117.0,,1.1,,,,,2025-05-18 02:45:00
5825122.591235881,0.0,116.0,,1.1,,,,,2025-05-18 02:50:00
5825123.591364756,0.0,120.0,,1.1,,,,,2025-05-18 02:55:00
5825124.591493632,0.0,129.0,,1.1,,,,,2025-05-18 03:00:00
5825125.591622506,0.0,128.0,,1.1,,,,,2025-05-18 03:05:00
5825126.591751382,0.0,124.0,,1.1,,,,,2025-05-18 03:10:00
5825127.591880257,0.0,121.0,,1.1,,,,,2025-05-18 03:15:00
5825128.592009133,0.0,118.0,,1.1,,,,,2025-05-18 03:20:00
5825129.592138008,0.0,115.0,,1.1,,,,,2025-05-18 03:25:00
5825130.592266883,0.0,114.0,,1.1,,,,,2025-05-18 03:30:00
5825131.592395758,0.0,110.0,,1.1,,,,,2025-05-18 03:35:00
5825132.592524634,0.0,113.0,,1.1,,,,,2025-05-18 03:40:00
5825133.592653509,0.0,117.0,,1.1,,,,,2025-05-18 03:45:00
5825134.592782384,0.0,115.0,,1.1,,,,,2025-05-18 03:50:00
5825135.592911259,0.0,114.0,,1.1,,,,,2025-05-18 03:55:00
5825136.593040135,0.0,123.0,,1.1,,,,,2025-05-18 04:00:00
5825137.59316901,0.0,130.0,,1.1,,,,,2025-05-18 04:05:00
5825138.593297885,0.0,127.0,,1.1,,,,,2025-05-18 04:10:00
5825139.59342676,0.0,125.0,,1.1,,,,,2025-05-18 04:15:00
5825140.593555636,0.0,124.0,,1.1,,,,,2025-05-18 04:20:00
5825141.593684511,0.0,123.0,,1.1,,,,,2025-05-18 04:25:00
5825142.593813386,0.0,123.0,,1.1,,,,,2025-05-18 04:30:00
5825143.593942261,0.0,123.0,,1.1,,,,,2025-05-18 04:35:00
5825144.594071137,0.0,123.0,,1.1,,,,,2025-05-18 04:40:00
5825145.594200012,0.0,123.0,,1.1,,,,,2025-05-18 04:45:00
5825146.594328888,0.0,120.0,,1.1,,,,,2025-05-18 04:50:00
5825147.594457762,0.0,119.0,,1.1,,,,,2025-05-18 04:55:00
5825148.594586638,0.0,121.0,,1.1,,,,,2025-05-18 05:00:00
5825149.594715513,0.0,126.0,,1.1,,,,,2025-05-18 05:05:00
5825150.594844389,0.0,127.0,,1.1,,,,,2025-05-18 05:10:00
5825151.594973263,0.0,126.0,,1.1,,,,,2025-05-18 05:15:00
5825152.595102139,0.0,130.0,,1.1,,,,,2025-05-18 05:20:00
5825153.595231014,0.0,120.0,,1.1,,,,,2025-05-18 05:25:00
5825154.59535989,0.0,115.0,,1.1,,,,,2025-05-18 05:30:00
5825155.595488764,0.0,114.0,,1.1,,,,,2025-05-18 05:35:00
5825156.59561764,0.0,113.0,,1.1,,,,,2025-05-18 05:40:00
5825157.595746515,0.0,112.0,,1.1,,,,,2025-05-18 05:45:00
5825158.595875391,0.0,112.0,,1.1,,,,,2025-05-18 05:50:00
5825159.596004266,0.0,112.0,,1.1,,,,,2025-05-18 05:55:00
5825160.596133141,0.0,121.0,,1.1,,,,,2025-05-18 06:00:00
5825161.596262016,0.0,120.0,,1.1,,,,,2025-05-18 06:05:00
5825162.596390892,0.0,117.0,,1.1,,,,,2025-05-18 06:10:00
5825163.596519767,0.0,116.0,,1.1,,,,,2025-05-18 06:15:00
5825164.596648642,0.0,112.0,,1.1,,,,,2025-05-18 06:20:00
5825165.596777517,0.0,110.0,,1.1,,,,,2025-05-18 06:25:00
5825166.596906393,0.0,101.0,,1.1,,,,,2025-05-18 06:30:00
5825167.597035268,0.0,90.0,,1.1,,,,,2025-05-18 06:35:00
5825168.597164143,0.0,87.0,,1.1,,,,,2025-05-18 06:40:00
5825169.597293018,0.0,86.0,,1.1,,,,,2025-05-18 06:45:00
5825170.597421894,0.0,84.0,,1.1,,,,,2025-05-18 06:50:00
5825171.597550769,0.0,84.0,,1.1,,,,,2025-05-18 06:55:00
5825172.597679645,0.0,89.0,,1.1,,,,,2025-05-18 07:00:00
5825173.597808519,0.0,89.0,,1.1,,,,,2025-05-18 07:05:00
5825174.597937395,0.0,86.0,,1.1,,,,,2025-05-18 07:10:00
5825175.59806627,0.0,86.0,,1.1,,,,,2025-05-18 07:15:00
5825176.598195146,0.0,86.0,,1.1,,,,,2025-05-18 07:20:00
5825177.59832402,0.0,86.0,,1.1,,,,,2025-05-18 07:25:00
5825178.598452896,0.0,85.0,,1.1,,,,,2025-05-18 07:30:00
5825179.598581771,0.0,98.0,,1.1,,,,,2025-05-18 07:35:00
5825180.598710647,0.0,106.0,,1.1,,,,,2025-05-18 07:40:00
5825181.598839521,0.0,104.0,,1.1,,,,,2025-05-18 07:45:00
5825182.598968397,0.0,104.0,,1.1,,,,,2025-05-18 07:50:00
5825183.599097272,0.0,102.0,,1.1,,,,,2025-05-18 07:55:00
5825184.599226148,0.0,100.0,,1.1,,,,,2025-05-18 08:00:00
5825185.599355023,0.0,96.0,,1.1,,,,,2025-05-18 08:05:00
5825186.599483898,0.0,92.0,,1.1,,,,,2025-05-18 08:10:00
5825187.599612773,0.0,90.0,,1.1,,,,,2025-05-18 08:15:00
5825188.599741649,0.0,89.0,,1.1,,,,,2025-05-18 08:20:00
5825189.599870524,0.0,88.0,,1.1,,,,,2025-05-18 08:25:00
5825190.599999399,0.0,86.0,,1.1,,,,,2025-05-18 08:30:00
5825191.600128274,0.0,88.0,,1.1,,,,,2025-05-18 08:35:00
5825192.60025715,0.0,97.0,,1.1,,,,,2025-05-18 08:40:00
5825193.600386025,0.0,98.0,,1.1,,,,,2025-05-18 08:45:00
5825194.6005149,0.0,96.0,,1.1,,,,,2025-05-18 08:50:00
5825195.600643775,0.0,93.0,,1.1,,,,,2025-05-18 08:55:00
5825196.600772651,0.0,89.0,,1.1,,,,,2025-05-18 09:00:00
5825197.600901526,0.0,88.0,,1.1,,,,,2025-05-18 09:05:00
5825198.601030401,0.0,88.0,,1.1,,,,,2025-05-18 09:10:00
5825199.601159276,0.0,86.0,,1.1,,,,,2025-05-18 09:15:00
5825200.601288152,0.0,84.0,,1.1,,,,,2025-05-18 09:20:00
5825201.601417027,0.0,82.0,,1.1,,,,,2025-05-18 09:25:00
5825202.601545903,0.0,81.0,,1.1,,,,,2025-05-18 09:30:00
5825203.601674777,0.0,82.0,,1.1,,,,,2025-05-18 09:35:00
5825204.601803653,0.0,82.0,,1.1,,,,,2025-05-18 09:40:00
5825205.601932528,0.0,81.0,,1.1,,,,,2025-05-18 09:45:00
5825206.602061404,1.0,,76.0,1.1,,,,,2025-05-18 09:50:00
5825207.6021902785,1.0,,,1.1,,,,,2025-05-18 09:55:00
5825208.602319154,0.0,76.0,76.0,1.1,,,,,2025-05-18 10:00:00
5825209.602448029,0.0,77.0,,1.1,,,,,2025-05-18 10:05:00
5825210.602576905,0.0,77.0,,1.1,,,,,2025-05-18 10:10:00
5825211.6027057795,0.0,74.0,,1.1,,,35.0,,2025-05-18 10:15:00
5825212.602834655,0.0,75.0,,1.1,,,,,2025-05-18 10:20:00
5825213.60296353,0.0,75.0,,1.1,,,,,2025-05-18 10:25:00
5825214.603092406,0.0,78.0,,1.1,,,,,2025-05-18 10:30:00
5825215.603221281,0.0,78.0,,1.1,,,,,2025-05-18 10:35:00
5825216.603350156,0.0,79.0,,1.1,,,,,2025-05-18 10:40:00
5825217.6034790315,0.0,81.0,,1.1,,,,,2025-05-18 10:45:00
5825218.603607907,0.0,82.0,,1.1,,,,,2025-05-18 10:50:00
5825219.603736782,0.0,84.0,,1.1,,,,,2025-05-18 10:55:00
5825220.603865657,0.0,84.0,,1.1,,,,,2025-05-18 11:00:00
5825221.6039945325,0.0,89.0,,1.1,,,,,2025-05-18 11:05:00
5825222.604123408,0.0,93.0,,1.1,,,,,2025-05-18 11:10:00
5825223.604252283,0.0,98.0,,1.1,,,,,2025-05-18 11:15:00
5825224.604381158,0.0,110.0,,1.1,,,,,2025-05-18 11:20:00
5825225.6045100335,0.0,121.0,,1.1,,,,,2025-05-18 11:25:00
5825226.604638909,0.0,130.0,,1.1,,,,,2025-05-18 11:30:00
5825227.6047677845,0.0,138.0,,1.1,,,,,2025-05-18 11:35:00
5825228.60489666,0.0,144.0,,1.1,,,,,2025-05-18 11:40:00
5825229.6050255345,0.0,147.0,,1.1,,,,,2025-05-18 11:45:00
5825230.60515441,0.0,150.0,,1.1,,,,,2025-05-18 11:50:00
5825231.6052832855,0.0,151.0,,1.1,,,,0.5,2025-05-18 11:55:00
5825232.605412161,0.0,151.0,,1.1,,,,,2025-05-18 12:00:00
5825233.6055410355,0.0,151.0,,1.1,,,,,2025-05-18 12:05:00
5825234.605669911,0.0,151.0,,1.1,,,,,2025-05-18 12:10:00
5825235.6057987865,0.0,152.0,,1.1,,,,,2025-05-18 12:15:00
5825236.605927662,0.0,149.0,,1.1,,,,,2025-05-18 12:20:00
5825237.606056537,0.0,141.0,,1.1,,,,,2025-05-18 12:25:00
5825238.606185412,0.0,140.0,,1.1,,,,,2025-05-18 12:30:00
5825239.6063142875,0.0,147.0,,1.1,,,,,2025-05-18 12:35:00
5825240.606443163,0.0,147.0,,1.1,,,,,2025-05-18 12:40:00
5825241.6065720385,0.0,132.0,,1.1,,,,,2025-05-18 12:45:00
5825242.606700913,0.0,128.0,,1.1,,,,,2025-05-18 12:50:00
5825243.606829789,0.0,135.0,,1.1,,,,,2025-05-18 12:55:00
5825244.606958664,0.0,137.0,,1.1,,,,,2025-05-18 13:00:00
5825245.6070875395,0.0,137.0,,1.1,,,,,2025-05-18 13:05:00
5825246.607216414,0.0,135.0,,1.1,,,,,2025-05-18 13:10:00
5825247.60734529,0.0,134.0,,1.1,,,,,2025-05-18 13:15:00
5825248.607474165,0.0,133.0,,1.1,,,,,2025-05-18 13:20:00
5825249.6076030405,0.0,131.0,,1.1,,,,,2025-05-18 13:25:00
5825250.607731915,0.0,129.0,,1.1,,,,,2025-05-18 13:30:00
5825251.607860791,0.0,130.0,,1.1,,,,,2025-05-18 13:35:00
5825252.607989666,0.0,128.0,,1.1,,,,,2025-05-18 13:40:00
5825253.608118542,0.0,121.0,,1.1,,,,,2025-05-18 13:45:00
5825254.608247416,0.0,119.0,,1.1,,,,,2025-05-18 13:50:00
5825255.608376292,0.0,129.0,,1.1,,,,,2025-05-18 13:55:00
5825256.608505167,0.0,130.0,,1.1,,,,,2025-05-18 14:00:00
5825257.608634043,0.0,130.0,,1.1,,,,,2025-05-18 14:05:00
5825258.608762918,0.0,130.0,,1.1,,,,,2025-05-18 14:10:00
5825259.608891793,0.0,125.0,,1.1,,,,,2025-05-18 14:15:00
5825260.609020668,0.0,111.0,,1.1,,,,,2025-05-18 14:20:00
5825261.609149544,0.0,116.0,,1.1,,,,,2025-05-18 14:25:00
5825262.609278419,0.0,118.0,,1.1,,,,,2025-05-18 14:30:00
5825263.609407294,0.0,119.0,,1.1,,,,,2025-05-18 14:35:00
5825264.609536169,0.0,119.0,,1.1,,,,,2025-05-18 14:40:00
5825265.609665045,0.0,118.0,,1.1,,,,,2025-05-18 14:45:00
5825266.60979392,0.0,124.0,,1.1,,,,,2025-05-18 14:50:00
5825267.609922795,0.0,137.0,,1.1,,,,,2025-05-18 14:55:00
5825268.61005167,0.0,141.0,,1.1,,,,,2025-05-18 15:00:00
5825269.610180546,0.0,150.0,,1.1,,,,0.9,2025-05-18 15:05:00
5825270.610309421,0.0,154.0,,1.1,,,,,2025-05-18 15:10:00
5825271.610438297,0.0,154.0,,1.1,,,,,2025-05-18 15:15:00
5825272.610567171,0.0,154.0,,1.1,,,,,2025-05-18 15:20:00
5825273.610696047,0.0,154.0,,1.1,,,,,2025-05-18 15:25:00
5825274.610824922,0.0,156.0,,1.1,,,,,2025-05-18 15:30:00
5825275.610953798,0.0,156.0,,1.1,,,,,2025-05-18 15:35:00
5825276.611082672,0.0,157.0,,1.1,,,,,2025-05-18 15:40:00
5825277.611211548,0.0,163.0,,1.1,,,25.0,,2025-05-18 15:45:00
5825278.611340423,0.0,171.0,,1.1,,,,,2025-05-18 15:50:00
5825279.611469299,0.0,174.0,,1.1,,,,,2025-05-18 15:55:00
5825280.611598173,0.0,176.0,,1.1,,,,5.2,2025-05-18 16:00:00
5825281.611727049,0.0,183.0,,1.1,,,,,2025-05-18 16:05:00
5825282.611855924,0.0,190.0,,1.1,,,,,2025-05-18 16:10:00
5825283.6119848,0.0,204.0,,1.1,,,,,2025-05-18 16:15:00
5825284.612113675,0.0,199.0,,1.1,,,,,2025-05-18 16:20:00
5825285.61224255,0.0,197.0,,1.1,,,,,2025-05-18 16:25:00
5825286.612371425,0.0,191.0,,1.1,,,,,2025-05-18 16:30:00
5825287.612500301,0.0,181.0,,1.1,,,,,2025-05-18 16:35:00
5825288.612629176,0.0,177.0,,1.1,,,,,2025-05-18 16:40:00
5825289.612758051,0.0,175.0,,1.1,,,,,2025-05-18 16:45:00
5825290.612886926,0.0,169.0,,1.1,,,,,2025-05-18 16:50:00
5825291.613015802,0.0,162.0,,1.1,,,,,2025-05-18 16:55:00
5825292.613144677,0.0,156.0,,1.1,,,,,2025-05-18 17:00:00
5825293.613273552,0.0,151.0,,1.1,,,,,2025-05-18 17:05:00
5825294.613402427,0.0,146.0,,1.1,,,,,2025-05-18 17:10:00
5825295.613531303,0.0,139.0,,1.1,,,,,2025-05-18 17:15:00
5825296.613660178,0.0,134.0,,1.1,,,,,2025-05-18 17:20:00
5825297.613789054,0.0,127.0,,1.1,,,,,2025-05-18 17:25:00
5825298.613917928,0.0,121.0,,1.1,,,,,2025-05-18 17:30:00
5825299.614046804,0.0,119.0,,1.1,,,,,2025-05-18 17:35:00
5825300.614175679,0.0,117.0,,1.1,,,,,2025-05-18 17:40:00
5825301.614304555,0.0,114.0,,1.1,,,,,2025-05-18 17:45:00
5825302.614433429,0.0,109.0,,1.1,,,,,2025-05-18 17:50:00
5825303.614562305,0.0,106.0,,1.1,,,,,2025-05-18 17:55:00
5825304.61469118,0.0,101.0,,1.1,,,,,2025-05-18 18:00:00
5825305.614820056,0.0,95.0,,1.1,,,,,2025-05-18 18:05:00
5825306.61494893,0.0,96.0,,1.1,,,,,2025-05-18 18:10:00
5825307.615077806,0.0,92.0,,1.1,,,,,2025-05-18 18:15:00
5825308.615206681,0.0,87.0,,1.1,,,,,2025-05-18 18:20:00
5825309.615335557,0.0,88.0,,1.1,,,,,2025-05-18 18:25:00
5825310.615464431,0.0,87.0,,1.1,,,,,2025-05-18 18:30:00
5825311.615593307,0.0,89.0,,1.1,,,,,2025-05-18 18:35:00
5825312.615722182,0.0,89.0,,1.1,,,,,2025-05-18 18:40:00
5825313.615851058,0.0,89.0,,1.1,,,,,2025-05-18 18:45:00
5825314.615979933,0.0,89.0,,1.1,,,,,2025-05-18 18:50:00
5825315.616108808,0.0,89.0,,1.1,,,,,2025-05-18 18:55:00
5825316.616237683,0.0,92.0,,1.1,,,,,2025-05-18 19:00:00
5825317.616366559,0.0,99.0,,1.1,,,,,2025-05-18 19:05:00
5825318.616495434,0.0,110.0,,1.1,,,,,2025-05-18 19:10:00
5825319.616624309,0.0,116.0,,1.1,,,,,2025-05-18 19:15:00
5825320.616753184,0.0,118.0,,1.1,,,,,2025-05-18 19:20:00
5825321.61688206,0.0,124.0,,1.1,,,,0.4,2025-05-18 19:25:00
5825322.617010935,0.0,132.0,,1.1,,,,,2025-05-18 19:30:00
5825323.61713981,0.0,139.0,,1.1,,,,,2025-05-18 19:35:00
5825324.617268685,0.0,147.0,,1.1,,,,,2025-05-18 19:40:00
5825325.617397561,0.0,144.0,,1.1,,,,,2025-05-18 19:45:00
5825326.617526436,0.0,145.0,,1.1,,,,,2025-05-18 19:50:00
5825327.617655312,0.0,147.0,,1.1,,,,,2025-05-18 19:55:00
5825328.617784186,0.0,148.0,,1.1,,,,,2025-05-18 20:00:00
5825329.617913062,0.0,142.0,,1.1,,,,,2025-05-18 20:05:00
5825330.618041937,0.0,148.0,,1.1,,,,,2025-05-18 20:10:00
5825331.618170813,0.0,145.0,,1.1,,,,,2025-05-18 20:15:00
5825332.618299687,0.0,144.0,,1.1,,,,,2025-05-18 20:20:00
5825333.618428563,0.0,148.0,,1.1,,,,,2025-05-18 20:25:00
5825334.618557438,0.0,143.0,,1.1,,,,,2025-05-18 20:30:00
5825335.618686314,0.0,142.0,,1.1,,,,,2025-05-18 20:35:00
5825336.618815188,0.0,138.0,,1.1,,,,,2025-05-18 20:40:00
5825337.618944064,0.0,135.0,,1.1,,,,,2025-05-18 20:45:00
5825338.619072939,0.0,134.0,,1.1,,,,,2025-05-18 20:50:00
5825339.619201815,0.0,137.0,,1.1,,,,,2025-05-18 20:55:00
5825340.61933069,0.0,140.0,,1.1,,,,,2025-05-18 21:00:00
5825341.619459565,0.0,141.0,,1.1,,,,,2025-05-18 21:05:00
5825342.61958844,0.0,142.0,,1.1,,,,,2025-05-18 21:10:00
5825343.619717316,0.0,135.0,,1.1,,,,,2025-05-18 21:15:00
5825344.619846191,0.0,142.0,,1.1,,,,,2025-05-18 21:20:00
5825345.619975066,0.0,143.0,,1.1,,,,,2025-05-18 21:25:00
5825346.620103941,0.0,136.0,,1.1,,,,,2025-05-18 21:30:00
5825347.620232817,0.0,131.0,,1.1,,,,,2025-05-18 21:35:00
5825348.620361692,0.0,125.0,,1.1,,,,,2025-05-18 21:40:00
5825349.620490567,0.0,120.0,,1.1,,,,,2025-05-18 21:45:00
5825350.620619442,1.0,,,1.1,,,,,2025-05-18 21:50:00
5825351.620748318,1.0,,127.0,1.1,,,,,2025-05-18 21:55:00
5825352.620877193,1.0,,,1.1,,,,,2025-05-18 22:00:00
5825353.621006069,0.0,127.0,127.0,1.1,,,,,2025-05-18 22:05:00
5825354.621134943,0.0,135.0,,1.1,,,,,2025-05-18 22:10:00
5825355.621263819,0.0,141.0,,1.1,,,,,2025-05-18 22:15:00
5825356.621392694,0.0,144.0,,1.1,,,,,2025-05-18 22:20:00
5825357.62152157,0.0,150.0,,1.1,,,,,2025-05-18 22:25:00
5825358.621650444,0.0,151.0,,1.1,,,,,2025-05-18 22:30:00
5825359.62177932,0.0,157.0,,1.1,,,,,2025-05-18 22:35:00
5825360.621908195,0.0,162.0,,1.1,,,,,2025-05-18 22:40:00
5825361.622037071,0.0,159.0,,1.1,,,,,2025-05-18 22:45:00
5825362.622165945,0.0,163.0,,1.1,,,,,2025-05-18 22:50:00
5825363.622294821,0.0,175.0,,1.1,,,,,2025-05-18 22:55:00
5825364.622423696,0.0,185.0,,1.1,,,,,2025-05-18 23:00:00
5825365.622552572,0.0,190.0,,1.1,,,,,2025-05-18 23:05:00
5825366.622681446,0.0,201.0,,1.1,,,,,2025-05-18 23:10:00
5825367.622810322,0.0,209.0,,1.1,,,,,2025-05-18 23:15:00
5825368.622939197,0.0,201.0,,1.1,,,,,2025-05-18 23:20:00
5825369.623068073,0.0,198.0,,1.1,,,,,2025-05-18 23:25:00
5825370.623196948,0.0,197.0,,1.1,,,,,2025-05-18 23:30:00
5825371.623325823,0.0,198.0,,1.1,,,,,2025-05-18 23:35:00
5825372.623454698,0.0,199.0,,1.1,,,,,2025-05-18 23:40:00
5825373.623583574,0.0,202.0,,1.1,,,,,2025-05-18 23:45:00
5825374.623712449,0.0,203.0,,1.1,,,,,2025-05-18 23:50:00
5825375.623841324,0.0,203.0,,1.1,,,,,2025-05-18 23:55:00
5825376.623970199,0.0,203.0,,1.1,,,,,2025-05-19 00:00:00
5825377.624099075,0.0,206.0,,1.1,,,,,2025-05-19 00:05:00
5825378.62422795,0.0,206.0,,1.1,,,,,2025-05-19 00:10:00
5825379.624356825,0.0,204.0,,1.1,,,,,2025-05-19 00:15:00
5825380.6244857,0.0,204.0,,1.1,,,,,2025-05-19 00:20:00
5825381.624614576,0.0,205.0,,1.1,,,,,2025-05-19 00:25:00
5825382.624743451,0.0,206.0,,1.1,,,,,2025-05-19 00:30:00
5825383.624872327,0.0,205.0,,1.1,,,,,2025-05-19 00:35:00
5825384.625001201,0.0,204.0,,1.1,,,,,2025-05-19 00:40:00
5825385.625130077,0.0,197.0,,1.1,,,,,2025-05-19 00:45:00
5825386.625258952,0.0,188.0,,1.1,,,,,2025-05-19 00:50:00
5825387.625387828,0.0,184.0,,1.1,,,,,2025-05-19 00:55:00
5825388.625516702,0.0,181.0,,1.1,,,,,2025-05-19 01:00:00
5825389.625645578,0.0,180.0,,1.1,,,,,2025-05-19 01:05:00
5825390.625774453,0.0,200.0,,1.1,,,,,2025-05-19 01:10:00
5825391.625903329,0.0,208.0,,1.1,,,,,2025-05-19 01:15:00
5825392.626032203,0.0,203.0,,1.1,,,,,2025-05-19 01:20:00
5825393.626161079,0.0,204.0,,1.1,,,,,2025-05-19 01:25:00
5825394.626289954,0.0,204.0,,1.1,,,,,2025-05-19 01:30:00
5825395.62641883,0.0,204.0,,1.1,,,,,2025-05-19 01:35:00
5825396.626547705,0.0,202.0,,1.1,,,,,2025-05-19 01:40:00
5825397.62667658,0.0,202.0,,1.1,,,,,2025-05-19 01:45:00
5825398.626805455,0.0,203.0,,1.1,,,,,2025-05-19 01:50:00
5825399.626934331,1.0,,,1.1,,,,,2025-05-19 01:55:00
5825400.627063206,0.0,202.0,,1.1,,,,,2025-05-19 02:00:00
5825401.627192081,0.0,200.0,,1.1,,,,,2025-05-19 02:05:00
5825402.627320956,0.0,200.0,,1.1,,,,,2025-05-19 02:10:00
5825403.627449832,0.0,199.0,,1.1,,,,,2025-05-19 02:15:00
5825404.627578707,0.0,197.0,,1.1,,,,1.9,2025-05-19 02:20:00
5825405.627707582,0.0,188.0,,1.1,,,,,2025-05-19 02:25:00
5825406.627836457,0.0,171.0,,1.1,,,,,2025-05-19 02:30:00
5825407.627965333,0.0,161.0,,1.1,,,,,2025-05-19 02:35:00
5825408.628094208,0.0,160.0,,1.1,,,,,2025-05-19 02:40:00
5825409.628223084,0.0,156.0,,1.1,,,,,2025-05-19 02:45:00
5825410.6283519585,0.0,157.0,,1.1,,,,,2025-05-19 02:50:00
5825411.628480834,0.0,159.0,,1.1,,,,,2025-05-19 02:55:00
5825412.628609709,0.0,157.0,,1.1,,,,,2025-05-19 03:00:00
5825413.628738585,0.0,156.0,,1.1,,,,,2025-05-19 03:05:00
5825414.6288674595,0.0,155.0,,1.1,,,,,2025-05-19 03:10:00
5825415.628996335,0.0,153.0,,1.1,,,,,2025-05-19 03:15:00
5825416.62912521,0.0,151.0,,1.1,,,,,2025-05-19 03:20:00
5825417.629254086,0.0,158.0,,1.1,,,,,2025-05-19 03:25:00
5825418.6293829605,0.0,170.0,,1.1,,,,,2025-05-19 03:30:00
5825419.629511836,0.0,167.0,,1.1,,,,,2025-05-19 03:35:00
5825420.6296407115,0.0,166.0,,1.1,,,,,2025-05-19 03:40:00
5825421.629769587,0.0,157.0,,1.1,,,,,2025-05-19 03:45:00
5825422.6298984615,0.0,140.0,,1.1,,,,,2025-05-19 03:50:00
5825423.630027337,0.0,129.0,,1.1,,,,,2025-05-19 03:55:00
5825424.6301562125,0.0,127.0,,1.1,,,,,2025-05-19 04:00:00
5825425.630285088,0.0,130.0,,1.1,,,,,2025-05-19 04:05:00
5825426.630413963,0.0,133.0,,1.1,,,,,2025-05-19 04:10:00
5825427.630542838,0.0,139.0,,1.1,,,,,2025-05-19 04:15:00
5825428.6306717135,0.0,144.0,,1.1,,,,,2025-05-19 04:20:00
5825429.630800589,0.0,149.0,,1.1,,,,,2025-05-19 04:25:00
5825430.6309294645,0.0,150.0,,1.1,,,,,2025-05-19 04:30:00
5825431.631058339,0.0,151.0,,1.1,,,,1.1,2025-05-19 04:35:00
5825432.6311872145,0.0,155.0,,1.1,,,,,2025-05-19 04:40:00
5825433.63131609,0.0,157.0,,1.1,,,,,2025-05-19 04:45:00
5825434.6314449655,0.0,155.0,,1.1,,,,,2025-05-19 04:50:00
5825435.63157384,0.0,152.0,,1.1,,,,,2025-05-19 04:55:00
5825436.6317027155,0.0,149.0,,1.1,,,,,2025-05-19 05:00:00
5825437.631831591,0.0,145.0,,1.1,,,,,2025-05-19 05:05:00
5825438.6319604665,0.0,143.0,,1.1,,,,,2025-05-19 05:10:00
5825439.632089342,0.0,140.0,,1.1,,,,,2025-05-19 05:15:00
5825440.632218217,0.0,140.0,,1.1,,,,,2025-05-19 05:20:00
5825441.632347092,0.0,138.0,,1.1,,,,,2025-05-19 05:25:00
5825442.6324759675,0.0,136.0,,1.1,,,,,2025-05-19 05:30:00
5825443.632604843,0.0,132.0,,1.1,,,,,2025-05-19 05:35:00
5825444.632733718,0.0,129.0,,1.1,,,,,2025-05-19 05:40:00
5825445.632862593,0.0,125.0,,1.1,,,,,2025-05-19 05:45:00
5825446.6329914685,0.0,120.0,,1.1,,,,,2025-05-19 05:50:00
5825447.633120344,0.0,116.0,,1.1,,,,,2025-05-19 05:55:00
5825448.633249219,0.0,113.0,,1.1,,,,,2025-05-19 06:00:00
5825449.633378094,0.0,115.0,,1.1,,,,,2025-05-19 06:05:00
5825450.63350697,0.0,118.0,,1.1,,,,,2025-05-19 06:10:00
5825451.633635845,0.0,116.0,,1.1,,,,,2025-05-19 06:15:00
5825452.6337647205,0.0,113.0,,1.1,,,,,2025-05-19 06:20:00
5825453.633893595,0.0,108.0,,1.1,,,,,2025-05-19 06:25:00
5825454.634022471,0.0,106.0,,1.1,,,,,2025-05-19 06:30:00
5825455.634151346,0.0,104.0,,1.1,,,,,2025-05-19 06:35:00
5825456.634280222,0.0,104.0,,1.1,,,,,2025-05-19 06:40:00
5825457.634409096,0.0,105.0,,1.1,,,,,2025-05-19 06:45:00
5825458.634537972,0.0,102.0,,1.1,,,,,2025-05-19 06:50:00
5825459.634666847,0.0,102.0,,1.1,,,,,2025-05-19 06:55:00
5825460.634795723,0.0,99.0,,1.1,,,,,2025-05-19 07:00:00
5825461.634924597,0.0,97.0,,1.1,,,,,2025-05-19 07:05:00
5825462.635053473,0.0,99.0,,1.1,,,,,2025-05-19 07:10:00
5825463.635182348,0.0,94.0,,1.1,,0.021457,,,2025-05-19 07:15:00
5825464.635311224,0.0,93.0,,1.1,,0.032011,,,2025-05-19 07:20:00
5825465.635440099,0.0,91.0,,1.1,,0.041504,,,2025-05-19 07:25:00
5825466.635568974,0.0,85.0,,1.1,,0.040594,,,2025-05-19 07:30:00
5825467.635697849,0.0,84.0,,1.1,,0.05129,,,2025-05-19 07:35:00
5825468.635826725,0.0,86.0,,1.1,,0.061069,,,2025-05-19 07:40:00
5825469.6359556,0.0,91.0,,1.1,,0.069614,,,2025-05-19 07:45:00
5825470.636084475,0.0,90.0,,1.1,,0.079338,,,2025-05-19 07:50:00
5825471.63621335,0.0,89.0,,1.1,,0.091817,,,2025-05-19 07:55:00
5825472.636342226,0.0,92.0,,1.1,,0.096079,,,2025-05-19 08:00:00
5825473.636471101,0.0,94.0,,1.1,,0.111064,,,2025-05-19 08:05:00
5825474.636599976,0.0,91.0,,1.1,,0.03002,,,2025-05-19 08:10:00
5825475.636728851,0.0,89.0,,1.1,,0.044558,,,2025-05-19 08:15:00
5825476.636857727,0.0,91.0,,1.1,,0.027324,,,2025-05-19 08:20:00
5825477.636986602,0.0,90.0,,1.1,,0.036793,,,2025-05-19 08:25:00
5825478.637115477,0.0,85.0,,1.1,,0.038457,,,2025-05-19 08:30:00
5825479.637244352,0.0,87.0,,1.1,,0.036854,,,2025-05-19 08:35:00
5825480.637373228,0.0,92.0,,1.1,,0.039615,,,2025-05-19 08:40:00
5825481.637502103,0.0,93.0,,1.1,,0.0363,,,2025-05-19 08:45:00
5825482.637630979,0.0,93.0,,1.1,,0.039046,,,2025-05-19 08:50:00
5825483.637759853,0.0,97.0,,1.1,,0.03796,,5.7,2025-05-19 08:55:00
5825484.637888729,0.0,108.0,,1.1,,0.038935,,,2025-05-19 09:00:00
5825485.638017604,0.0,121.0,,1.1,,0.038028,,,2025-05-19 09:05:00
5825486.63814648,0.0,129.0,,1.1,,0.038445,,,2025-05-19 09:10:00
5825487.638275354,0.0,145.0,,1.1,,0.036837,,,2025-05-19 09:15:00
5825488.63840423,0.0,160.0,,1.1,,0.039327,,,2025-05-19 09:20:00
5825489.638533105,0.0,165.0,,1.1,,0.040269,,,2025-05-19 09:25:00
5825490.638661981,0.0,170.0,122.0,1.1,,0.036781,,,2025-05-19 09:30:00
5825491.638790855,0.0,174.0,,1.1,,0.037291,,,2025-05-19 09:35:00
5825492.638919731,0.0,175.0,,1.1,,0.040317,,,2025-05-19 09:40:00
5825493.639048606,0.0,132.0,122.0,1.1,,0.039042,,,2025-05-19 09:45:00
5825494.639177482,0.0,129.0,,1.1,,0.036927,,,2025-05-19 09:50:00
5825495.639306357,0.0,126.0,,1.1,,0.038247,,,2025-05-19 09:55:00
5825496.639435232,0.0,117.0,,1.1,,0.038881,,,2025-05-19 10:00:00
5825497.639564107,0.0,113.0,,1.1,,0.040665,,,2025-05-19 10:05:00
5825498.639692983,0.0,111.0,,1.1,,0.038551,,,2025-05-19 10:10:00
5825499.639821858,0.0,103.0,,1.1,,0.042104,,,2025-05-19 10:15:00
5825500.639950733,0.0,98.0,,1.1,,0.04149,,,2025-05-19 10:20:00
5825501.640079608,0.0,98.0,,1.1,,0.039904,,,2025-05-19 10:25:00
5825502.640208484,0.0,95.0,,1.1,,0.042355,,,2025-05-19 10:30:00
5825503.640337359,0.0,96.0,,1.1,,0.041644,,,2025-05-19 10:35:00
5825504.640466234,0.0,96.0,,1.1,,0.044673,,,2025-05-19 10:40:00
5825505.640595109,0.0,95.0,,1.1,,0.043817,,,2025-05-19 10:45:00
5825506.640723985,0.0,93.0,,1.1,,0.039807,,,2025-05-19 10:50:00
5825507.64085286,0.0,94.0,,1.1,,0.041033,,,2025-05-19 10:55:00
5825508.640981736,0.0,96.0,,1.1,,0.041909,,,2025-05-19 11:00:00
5825509.64111061,0.0,96.0,,1.1,,0.041985,,,2025-05-19 11:05:00
5825510.641239486,0.0,95.0,,1.1,,0.041167,,,2025-05-19 11:10:00
5825511.641368361,0.0,93.0,,1.1,,0.041026,,,2025-05-19 11:15:00
5825512.641497237,0.0,91.0,,1.1,,0.042965,,,2025-05-19 11:20:00
5825513.641626111,0.0,92.0,,1.1,,0.043086,,,2025-05-19 11:25:00
5825514.641754987,0.0,94.0,,1.1,,0.042744,,,2025-05-19 11:30:00
5825515.641883862,0.0,93.0,,1.1,,0.043904,,,2025-05-19 11:35:00
5825516.642012738,0.0,95.0,,1.1,,0.044099,,,2025-05-19 11:40:00
5825517.642141612,0.0,100.0,,1.1,,0.044206,,,2025-05-19 11:45:00
5825518.642270488,0.0,104.0,,1.1,,0.04121,,,2025-05-19 11:50:00
5825519.642399363,0.0,105.0,,1.1,,0.043445,,,2025-05-19 11:55:00
5825520.642528239,0.0,105.0,,1.1,,0.042392,,,2025-05-19 12:00:00
5825521.642657114,0.0,104.0,,1.1,,0.042283,,,2025-05-19 12:05:00
5825522.642785989,0.0,105.0,,1.1,,0.042216,,,2025-05-19 12:10:00
5825523.642914864,0.0,102.0,,1.1,,0.042784,,,2025-05-19 12:15:00
5825524.64304374,0.0,100.0,,1.1,,0.036057,,,2025-05-19 12:20:00
5825525.643172615,0.0,95.0,,1.1,,0.037228,,,2025-05-19 12:25:00
5825526.64330149,0.0,90.0,,1.1,,0.044318,,,2025-05-19 12:30:00
5825527.643430365,0.0,89.0,,1.1,,0.060718,,,2025-05-19 12:35:00
5825528.643559241,0.0,86.0,,1.1,,0.071087,,,2025-05-19 12:40:00
5825529.643688116,0.0,85.0,,1.1,,0.076699,,,2025-05-19 12:45:00
5825530.643816991,0.0,83.0,,1.1,,0.083303,,,2025-05-19 12:50:00
5825531.643945866,0.0,80.0,,1.1,,0.082082,,,2025-05-19 12:55:00
5825532.644074742,0.0,79.0,,1.1,,0.086264,,,2025-05-19 13:00:00
5825533.644203617,0.0,79.0,,1.1,,0.089758,,,2025-05-19 13:05:00
5825534.644332492,0.0,79.0,,1.1,,0.093812,,,2025-05-19 13:10:00
5825535.644461367,0.0,78.0,,1.1,,0.092901,,,2025-05-19 13:15:00
5825536.644590243,0.0,78.0,,1.1,,0.090129,,,2025-05-19 13:20:00
5825537.644719118,0.0,76.0,,1.1,,0.079917,,,2025-05-19 13:25:00
5825538.644847994,0.0,76.0,,1.1,,0.088526,,,2025-05-19 13:30:00
5825539.644976868,0.0,75.0,,1.1,,0.058395,,,2025-05-19 13:35:00
5825540.645105744,0.0,74.0,,1.1,,0.03135,,,2025-05-19 13:40:00
5825541.645234619,0.0,71.0,,1.1,,0.038236,,,2025-05-19 13:45:00
5825542.645363495,0.0,70.0,,1.1,,0.052732,,,2025-05-19 13:50:00
5825543.645492369,0.0,69.0,,1.1,,0.054494,,,2025-05-19 13:55:00
5825544.645621245,0.0,66.0,,1.1,,0.069899,,,2025-05-19 14:00:00
5825545.64575012,0.0,67.0,,1.1,,0.038377,,,2025-05-19 14:05:00
5825546.645878996,0.0,71.0,,1.1,,0.055841,,2.1,2025-05-19 14:10:00
5825547.64600787,0.0,75.0,,1.1,,0.05742,,,2025-05-19 14:15:00
5825548.646136746,0.0,81.0,,1.1,,0.064057,,,2025-05-19 14:20:00
5825549.646265621,0.0,84.0,,1.1,,0.069654,,,2025-05-19 14:25:00
5825550.646394497,0.0,93.0,,1.1,,0.050878,,,2025-05-19 14:30:00
5825551.646523372,0.0,98.0,,1.1,,0.058516,,,2025-05-19 14:35:00
5825552.646652247,0.0,99.0,,1.1,,0.048095,,,2025-05-19 14:40:00
5825553.646781122,0.0,106.0,,1.1,,0.057373,,,2025-05-19 14:45:00
5825554.646909998,0.0,108.0,,1.1,,0.049389,,,2025-05-19 14:50:00
5825555.647038873,0.0,114.0,,1.1,,0.040186,,,2025-05-19 14:55:00
5825556.647167748,0.0,120.0,,1.1,,0.022912,,,2025-05-19 15:00:00
5825557.647296623,0.0,122.0,,1.1,,0.034129,,,2025-05-19 15:05:00
5825558.647425499,0.0,125.0,,1.1,,0.044818,,,2025-05-19 15:10:00
5825559.647554374,0.0,127.0,,1.1,,0.054333,,,2025-05-19 15:15:00
5825560.647683249,0.0,125.0,,1.1,,0.053002,,,2025-05-19 15:20:00
5825561.647812124,0.0,126.0,,1.1,,0.060849,,,2025-05-19 15:25:00
5825562.647941,0.0,125.0,,1.1,,0.066307,,,2025-05-19 15:30:00
5825563.648069875,0.0,120.0,,1.1,,0.072398,,,2025-05-19 15:35:00
5825564.648198751,0.0,121.0,,1.1,,0.065787,,,2025-05-19 15:40:00
5825565.648327625,0.0,123.0,,1.1,,0.06591,,,2025-05-19 15:45:00
5825566.648456501,0.0,117.0,,1.1,,0.062551,,,2025-05-19 15:50:00
5825567.648585376,0.0,111.0,,1.1,,0.063871,,,2025-05-19 15:55:00
5825568.648714252,0.0,107.0,,1.1,,0.065887,,,2025-05-19 16:00:00
5825569.648843126,0.0,104.0,,1.1,,0.065826,,0.9,2025-05-19 16:05:00
5825570.648972002,0.0,101.0,,1.1,,0.063161,,,2025-05-19 16:10:00
5825571.649100877,0.0,100.0,,1.1,,0.069006,,,2025-05-19 16:15:00
5825572.649229753,0.0,99.0,,1.1,,0.071616,,,2025-05-19 16:20:00
5825573.649358627,0.0,103.0,,1.1,,0.069053,,,2025-05-19 16:25:00
5825574.649487503,0.0,106.0,,1.1,,0.061089,,,2025-05-19 16:30:00
5825575.649616378,0.0,109.0,,1.1,,0.063337,,,2025-05-19 16:35:00
5825576.649745254,0.0,111.0,,1.1,,0.070448,,,2025-05-19 16:40:00
5825577.649874129,0.0,116.0,,1.1,,0.074142,,,2025-05-19 16:45:00
5825578.650003004,0.0,121.0,,1.1,,0.072645,,,2025-05-19 16:50:00
5825579.650131879,0.0,124.0,,1.1,,0.046759,,,2025-05-19 16:55:00
5825580.650260755,0.0,132.0,,1.1,,0.055776,,,2025-05-19 17:00:00
5825581.65038963,0.0,133.0,,1.1,,0.065845,,,2025-05-19 17:05:00
5825582.650518505,0.0,136.0,,1.1,,0.067517,,,2025-05-19 17:10:00
5825583.65064738,0.0,141.0,,1.1,,0.057636,,,2025-05-19 17:15:00
5825584.650776256,0.0,141.0,,1.1,,0.06401,,,2025-05-19 17:20:00
5825585.650905131,0.0,143.0,,1.1,,0.059294,,,2025-05-19 17:25:00
5825586.651034006,0.0,144.0,,1.1,,0.0,,,2025-05-19 17:30:00
5825587.651162881,0.0,147.0,,1.1,,,,,2025-05-19 17:35:00
5825588.651291757,0.0,144.0,,1.1,,,,,2025-05-19 17:40:00
5825589.651420632,0.0,138.0,,1.1,,,,,2025-05-19 17:45:00
5825590.651549507,0.0,134.0,,1.1,,,,,2025-05-19 17:50:00
5825591.651678382,0.0,129.0,,1.1,,,,,2025-05-19 17:55:00
5825592.651807258,0.0,123.0,,1.1,,,,,2025-05-19 18:00:00
5825593.651936133,0.0,120.0,,1.1,,,,,2025-05-19 18:05:00
5825594.652065009,0.0,117.0,,1.1,,,,,2025-05-19 18:10:00
5825595.652193883,0.0,114.0,,1.1,,,,,2025-05-19 18:15:00
5825596.652322759,0.0,111.0,,1.1,,,,,2025-05-19 18:20:00
5825597.652451634,0.0,111.0,,1.1,,,,5.5,2025-05-19 18:25:00
5825598.65258051,0.0,113.0,,1.1,,,,,2025-05-19 18:30:00
5825599.652709384,0.0,119.0,,1.1,,,,,2025-05-19 18:35:00
5825600.65283826,0.0,125.0,,1.1,,,,,2025-05-19 18:40:00
5825601.652967135,0.0,134.0,,1.1,,,,,2025-05-19 18:45:00
5825602.653096011,0.0,142.0,,1.1,,,,,2025-05-19 18:50:00
5825603.653224885,0.0,142.0,,1.1,,,,,2025-05-19 18:55:00
5825604.653353761,0.0,138.0,,1.1,,,,,2025-05-19 19:00:00
5825605.653482636,0.0,131.0,,1.1,,,,,2025-05-19 19:05:00
5825606.653611512,0.0,122.0,,1.1,,,,,2025-05-19 19:10:00
5825607.653740387,0.0,110.0,,1.1,,,,,2025-05-19 19:15:00
5825608.653869262,0.0,99.0,,1.1,,,,,2025-05-19 19:20:00
5825609.653998137,0.0,88.0,,1.1,,,,,2025-05-19 19:25:00
5825610.654127013,0.0,78.0,,1.1,,,,,2025-05-19 19:30:00
5825611.654255888,0.0,72.0,,0.0,,,,,2025-05-19 19:35:00
5825612.654384763,0.0,66.0,,0.0,,,,,2025-05-19 19:40:00
5825613.6545136385,0.0,58.0,,0.0,,,,,2025-05-19 19:45:00
5825614.654642514,0.0,60.0,,0.0,,,,,2025-05-19 19:50:00
5825615.654771389,0.0,66.0,,0.0,,,,,2025-05-19 19:55:00
5825616.654900264,0.0,69.0,,0.0,,,,,2025-05-19 20:00:00
5825617.6550291395,0.0,76.0,,0.0,,,,,2025-05-19 20:05:00
5825618.655158015,0.0,86.0,,0.0,,,,,2025-05-19 20:10:00
5825619.65528689,0.0,93.0,,1.1,,,,,2025-05-19 20:15:00
5825620.655415766,0.0,101.0,,1.1,,,,,2025-05-19 20:20:00
5825621.6555446405,0.0,112.0,,1.1,,,,,2025-05-19 20:25:00
5825622.655673516,0.0,115.0,,1.1,,,,,2025-05-19 20:30:00
5825623.6558023915,0.0,119.0,,1.1,,,,,2025-05-19 20:35:00
5825624.655931267,0.0,126.0,,1.1,,,,,2025-05-19 20:40:00
5825625.6560601415,0.0,128.0,,1.1,,,,,2025-05-19 20:45:00
5825626.656189017,0.0,129.0,,1.1,,,,,2025-05-19 20:50:00
5825627.6563178925,0.0,131.0,,1.1,,,,,2025-05-19 20:55:00
5825628.656446768,0.0,134.0,,1.1,,,,,2025-05-19 21:00:00
5825629.6565756425,0.0,136.0,,1.1,,,,,2025-05-19 21:05:00
5825630.656704518,0.0,139.0,,1.1,,,,,2025-05-19 21:10:00
5825631.6568333935,0.0,139.0,,1.1,,,,,2025-05-19 21:15:00
5825632.656962269,0.0,135.0,,1.1,,,,,2025-05-19 21:20:00
5825633.6570911445,0.0,137.0,,1.1,,,,,2025-05-19 21:25:00
5825634.657220019,0.0,146.0,,1.1,,,,,2025-05-19 21:30:00
5825635.6573488945,1.0,,,1.1,,,,,2025-05-19 21:35:00
5825636.65747777,1.0,,,1.1,,,,,2025-05-19 21:40:00
5825637.6576066455,1.0,,,1.1,,,,,2025-05-19 21:45:00
5825638.65773552,1.0,,,1.1,,,,,2025-05-19 21:50:00
5825639.6578643955,1.0,,,1.1,,,,,2025-05-19 21:55:00
5825640.657993271,1.0,,,1.1,,,,,2025-05-19 22:00:00
5825641.6581221465,1.0,,,1.1,,,,,2025-05-19 22:05:00
5825642.658251021,1.0,,,1.1,,,,,2025-05-19 22:10:00
5825643.658379897,1.0,,,1.1,,,,,2025-05-19 22:15:00
5825644.658508772,1.0,,,1.1,,,,,2025-05-19 22:20:00
5825645.6586376475,1.0,,,1.1,,,,,2025-05-19 22:25:00
5825646.658766522,1.0,,,1.1,,,,,2025-05-19 22:30:00
5825647.658895398,1.0,,,1.1,,,,,2025-05-19 22:35:00
5825648.659024273,1.0,,,1.1,,,,,2025-05-19 22:40:00
5825649.6591531485,1.0,,215.0,1.1,,,,1.6,2025-05-19 22:45:00
5825650.659282024,1.0,,,1.1,,,,,2025-05-19 22:50:00
5825651.659410899,1.0,,,1.1,,,,,2025-05-19 22:55:00
5825652.659539774,0.0,215.0,215.0,1.1,,,,,2025-05-19 23:00:00
5825653.65966865,0.0,211.0,,1.1,,,,,2025-05-19 23:05:00
5825654.659797525,0.0,202.0,,1.1,,,,,2025-05-19 23:10:00
5825655.6599264,0.0,195.0,,1.1,,,,,2025-05-19 23:15:00
5825656.660055275,0.0,190.0,,1.1,,,,,2025-05-19 23:20:00
5825657.660184151,0.0,187.0,,1.1,,,,,2025-05-19 23:25:00
5825658.660313026,0.0,185.0,,1.1,,,,,2025-05-19 23:30:00
5825659.660441901,0.0,190.0,,1.1,,,,,2025-05-19 23:35:00
5825660.660570776,0.0,200.0,,1.1,,,,,2025-05-19 23:40:00
5825661.660699652,0.0,199.0,,1.1,,,,,2025-05-19 23:45:00
5825662.660828527,0.0,198.0,,1.1,,,,,2025-05-19 23:50:00
5825663.660957403,0.0,198.0,,1.1,,,,,2025-05-19 23:55:00
5825664.661086277,0.0,199.0,,1.1,,,,,2025-05-20 00:00:00
5825665.661215153,0.0,198.0,,1.1,,,,,2025-05-20 00:05:00
5825666.661344028,0.0,197.0,,1.1,,,,,2025-05-20 00:10:00
5825667.661472904,0.0,203.0,,1.1,,,,,2025-05-20 00:15:00
5825668.661601778,0.0,204.0,,1.1,,,,,2025-05-20 00:20:00
5825669.661730654,0.0,199.0,,1.1,,,,,2025-05-20 00:25:00
5825670.661859529,0.0,195.0,,1.1,,,,,2025-05-20 00:30:00
5825671.661988405,0.0,191.0,,1.1,,,,,2025-05-20 00:35:00
5825672.662117279,0.0,188.0,,1.1,,,,,2025-05-20 00:40:00
5825673.662246155,0.0,186.0,,1.1,,,,,2025-05-20 00:45:00
5825674.66237503,0.0,185.0,,1.1,,,,,2025-05-20 00:50:00
5825675.662503906,0.0,192.0,,1.1,,,,,2025-05-20 00:55:00
5825676.662632781,0.0,191.0,,1.1,,,,,2025-05-20 01:00:00
5825677.662761656,0.0,187.0,,1.1,,,,,2025-05-20 01:05:00
5825678.662890531,0.0,185.0,,1.1,,,,,2025-05-20 01:10:00
5825679.663019407,0.0,184.0,,1.1,,,,,2025-05-20 01:15:00
5825680.663148282,0.0,183.0,,1.1,,,,,2025-05-20 01:20:00
5825681.663277157,0.0,182.0,,1.1,,,,,2025-05-20 01:25:00
5825682.663406032,0.0,187.0,,1.1,,,,,2025-05-20 01:30:00
5825683.663534908,0.0,190.0,,1.1,,,,,2025-05-20 01:35:00
5825684.663663783,0.0,197.0,,1.1,,,,,2025-05-20 01:40:00
5825685.663792658,0.0,195.0,,1.1,,,,,2025-05-20 01:45:00
5825686.663921533,0.0,193.0,,1.1,,,,,2025-05-20 01:50:00
5825687.664050409,0.0,198.0,,1.1,,,,,2025-05-20 01:55:00
5825688.664179284,0.0,195.0,,1.1,,,,,2025-05-20 02:00:00
5825689.664308159,0.0,193.0,,1.1,,,,,2025-05-20 02:05:00
5825690.664437034,0.0,194.0,,1.1,,,,,2025-05-20 02:10:00
5825691.66456591,0.0,193.0,,1.1,,,,,2025-05-20 02:15:00
5825692.664694785,0.0,191.0,,1.1,,,,,2025-05-20 02:20:00
5825693.664823661,0.0,190.0,,1.1,,,,,2025-05-20 02:25:00
5825694.664952535,0.0,195.0,,1.1,,,,,2025-05-20 02:30:00
5825695.665081411,0.0,205.0,,1.1,,,,,2025-05-20 02:35:00
5825696.665210286,0.0,213.0,,1.1,,,,,2025-05-20 02:40:00
5825697.665339162,0.0,211.0,,1.1,,,,,2025-05-20 02:45:00
5825698.665468036,0.0,206.0,,1.1,,,,,2025-05-20 02:50:00
5825699.665596912,0.0,202.0,,1.1,,,,,2025-05-20 02:55:00
5825700.665725787,0.0,199.0,,1.1,,,,,2025-05-20 03:00:00
5825701.665854663,0.0,197.0,,1.1,,,,,2025-05-20 03:05:00
5825702.665983537,0.0,196.0,,1.1,,,,,2025-05-20 03:10:00
5825703.666112413,0.0,196.0,,1.1,,,,,2025-05-20 03:15:00
5825704.666241288,0.0,195.0,,1.1,,,,,2025-05-20 03:20:00
5825705.666370164,0.0,196.0,,1.1,,,,,2025-05-20 03:25:00
5825706.666499039,0.0,199.0,,1.1,,,,,2025-05-20 03:30:00
5825707.666627914,0.0,200.0,,1.1,,,,,2025-05-20 03:35:00
5825708.666756789,0.0,203.0,,1.1,,,,,2025-05-20 03:40:00
5825709.666885665,0.0,224.0,,1.1,,,,,2025-05-20 03:45:00
5825710.66701454,0.0,228.0,,1.1,,,,,2025-05-20 03:50:00
5825711.667143415,0.0,222.0,,1.1,,,,,2025-05-20 03:55:00
5825712.66727229,0.0,215.0,,1.1,,,,,2025-05-20 04:00:00
5825713.667401166,0.0,213.0,,1.1,,,,,2025-05-20 04:05:00
5825714.667530041,0.0,217.0,,1.1,,,,,2025-05-20 04:10:00
5825715.667658916,0.0,222.0,,1.1,,,,,2025-05-20 04:15:00
5825716.667787791,0.0,225.0,,1.1,,,,,2025-05-20 04:20:00
5825717.667916667,0.0,229.0,,1.1,,,,,2025-05-20 04:25:00
5825718.668045542,0.0,233.0,,1.1,,,,,2025-05-20 04:30:00
5825719.668174418,0.0,233.0,,1.1,,,,,2025-05-20 04:35:00
5825720.668303292,0.0,231.0,,1.1,,,,,2025-05-20 04:40:00
5825721.668432168,0.0,229.0,,1.1,,,,,2025-05-20 04:45:00
5825722.668561043,0.0,227.0,,1.1,,,,,2025-05-20 04:50:00
5825723.668689919,0.0,225.0,,1.1,,,,,2025-05-20 04:55:00
5825724.668818793,0.0,223.0,,1.1,,,,,2025-05-20 05:00:00
5825725.668947669,0.0,222.0,,1.1,,,,,2025-05-20 05:05:00
5825726.669076544,0.0,221.0,,1.1,,,,,2025-05-20 05:10:00
5825727.66920542,0.0,220.0,,1.1,,,,,2025-05-20 05:15:00
5825728.669334294,0.0,220.0,,1.1,,,,,2025-05-20 05:20:00
5825729.66946317,0.0,218.0,,1.1,,,,,2025-05-20 05:25:00
5825730.669592045,0.0,216.0,,1.1,,,,,2025-05-20 05:30:00
5825731.669720921,0.0,214.0,,1.1,,,,,2025-05-20 05:35:00
5825732.669849796,0.0,213.0,,1.1,,,,,2025-05-20 05:40:00
5825733.669978671,0.0,209.0,,1.1,,,,,2025-05-20 05:45:00
5825734.670107546,0.0,205.0,,1.1,,,,,2025-05-20 05:50:00
5825735.670236422,0.0,204.0,,1.1,,,,,2025-05-20 05:55:00
5825736.670365297,0.0,203.0,,1.1,,,,,2025-05-20 06:00:00
5825737.670494172,0.0,202.0,,1.1,,,,,2025-05-20 06:05:00
5825738.670623047,0.0,200.0,,1.1,,,,,2025-05-20 06:10:00
5825739.670751923,0.0,198.0,,1.1,,,,,2025-05-20 06:15:00
5825740.670880798,0.0,196.0,,1.1,,,,,2025-05-20 06:20:00
5825741.671009673,0.0,195.0,,1.1,,,,,2025-05-20 06:25:00
5825742.671138548,0.0,197.0,,1.1,,,,,2025-05-20 06:30:00
5825743.671267424,0.0,193.0,,1.1,,,,,2025-05-20 06:35:00
5825744.671396299,0.0,195.0,,1.1,,,,,2025-05-20 06:40:00
5825745.671525174,0.0,200.0,,1.1,,,,,2025-05-20 06:45:00
5825746.671654049,0.0,198.0,,1.1,,,,,2025-05-20 06:50:00
5825747.671782925,0.0,191.0,,1.1,,,,,2025-05-20 06:55:00
5825748.6719118,0.0,193.0,,1.1,,,,,2025-05-20 07:00:00
5825749.672040676,0.0,197.0,,1.1,,,,,2025-05-20 07:05:00
5825750.67216955,0.0,194.0,,1.1,,,,,2025-05-20 07:10:00
5825751.672298426,0.0,195.0,,1.1,,,,,2025-05-20 07:15:00
5825752.672427301,0.0,193.0,,1.1,,,,,2025-05-20 07:20:00
5825753.672556177,0.0,191.0,,1.1,,,,,2025-05-20 07:25:00
5825754.672685051,0.0,191.0,,1.1,,,,,2025-05-20 07:30:00
5825755.672813927,0.0,190.0,,1.1,,,,,2025-05-20 07:35:00
5825756.672942802,0.0,184.0,,1.1,,,,,2025-05-20 07:40:00
5825757.673071678,0.0,178.0,,1.1,,,,,2025-05-20 07:45:00
5825758.673200552,0.0,173.0,,1.1,,,,,2025-05-20 07:50:00
5825759.673329428,0.0,175.0,,1.1,,,,,2025-05-20 07:55:00
5825760.673458303,0.0,173.0,,1.1,,,,,2025-05-20 08:00:00
5825761.673587179,0.0,168.0,,1.1,,,,,2025-05-20 08:05:00
5825762.673716054,0.0,171.0,,1.1,,,,,2025-05-20 08:10:00
5825763.673844929,0.0,170.0,,1.1,,,,,2025-05-20 08:15:00
5825764.673973804,0.0,166.0,,1.1,,,,,2025-05-20 08:20:00
5825765.67410268,0.0,167.0,,1.1,,,,,2025-05-20 08:25:00
5825766.674231555,0.0,171.0,,1.1,,,,,2025-05-20 08:30:00
5825767.67436043,0.0,170.0,,1.1,,,,,2025-05-20 08:35:00
5825768.674489305,0.0,168.0,,1.1,,,,,2025-05-20 08:40:00
5825769.674618181,0.0,167.0,,1.1,,,,,2025-05-20 08:45:00
5825770.674747056,0.0,165.0,,1.1,,,,,2025-05-20 08:50:00
5825771.674875931,0.0,167.0,,1.1,,,,,2025-05-20 08:55:00
5825772.675004806,0.0,167.0,,1.1,,,,,2025-05-20 09:00:00
5825773.675133682,0.0,164.0,,1.1,,,,,2025-05-20 09:05:00
5825774.675262557,0.0,163.0,,1.1,,,,,2025-05-20 09:10:00
5825775.675391433,0.0,159.0,,1.1,,,,,2025-05-20 09:15:00
5825776.675520307,0.0,155.0,,1.1,,,,,2025-05-20 09:20:00
5825777.675649183,0.0,151.0,,1.1,,,,,2025-05-20 09:25:00
5825778.675778058,0.0,149.0,,1.1,,,,,2025-05-20 09:30:00
5825779.675906934,0.0,154.0,,1.1,,,,,2025-05-20 09:35:00
5825780.676035808,0.0,155.0,,1.1,,,,,2025-05-20 09:40:00
5825781.676164684,0.0,156.0,,1.1,,,,,2025-05-20 09:45:00
5825782.676293559,0.0,156.0,,1.1,,,,,2025-05-20 09:50:00
5825783.676422435,0.0,156.0,,1.1,,,,,2025-05-20 09:55:00
5825784.676551309,0.0,155.0,,1.1,,,,,2025-05-20 10:00:00
5825785.676680185,0.0,155.0,,1.1,,,,,2025-05-20 10:05:00
5825786.67680906,0.0,156.0,,1.1,,,,,2025-05-20 10:10:00
5825787.676937936,0.0,156.0,,1.1,,,,,2025-05-20 10:15:00
5825788.677066811,0.0,158.0,,1.1,,,,,2025-05-20 10:20:00
5825789.677195686,0.0,161.0,,1.1,,,75.0,,2025-05-20 10:25:00
5825790.677324561,0.0,160.0,,1.1,,,,,2025-05-20 10:30:00
5825791.677453437,0.0,160.0,,1.1,,,,,2025-05-20 10:35:00
5825792.677582312,0.0,167.0,,1.1,,,,,2025-05-20 10:40:00
5825793.677711187,0.0,174.0,181.0,1.1,,,,,2025-05-20 10:45:00
5825794.677840062,1.0,,,1.1,,,,,2025-05-20 10:50:00
5825795.677968938,1.0,,181.0,1.1,,,,3.55,2025-05-20 10:55:00
5825796.678097813,0.0,191.0,181.0,1.1,,,,4.8,2025-05-20 11:00:00
5825797.678226688,0.0,201.0,,1.1,,,,,2025-05-20 11:05:00
5825798.678355563,0.0,212.0,,1.1,,,,,2025-05-20 11:10:00
5825799.678484439,0.0,220.0,,1.1,,,,,2025-05-20 11:15:00
5825800.678613314,0.0,227.0,,1.1,,,,,2025-05-20 11:20:00
5825801.678742189,0.0,237.0,,1.1,,,,,2025-05-20 11:25:00
5825802.678871064,0.0,245.0,,1.1,,,,,2025-05-20 11:30:00
5825803.67899994,0.0,249.0,,1.1,,,,,2025-05-20 11:35:00
5825804.679128815,0.0,252.0,,1.1,,,,,2025-05-20 11:40:00
5825805.679257691,0.0,255.0,,1.1,,,,,2025-05-20 11:45:00
5825806.679386565,0.0,253.0,,1.1,,,,,2025-05-20 11:50:00
5825807.679515441,0.0,248.0,,1.1,,,,,2025-05-20 11:55:00
5825808.679644316,0.0,245.0,,1.1,,,,,2025-05-20 12:00:00
5825809.679773192,0.0,243.0,,1.1,,,,,2025-05-20 12:05:00
5825810.6799020665,0.0,241.0,,1.1,,,,1.0,2025-05-20 12:10:00
5825811.680030942,0.0,235.0,,1.1,,,,,2025-05-20 12:15:00
5825812.680159817,0.0,235.0,,1.1,,,,,2025-05-20 12:20:00
5825813.680288693,0.0,233.0,,1.1,,,,,2025-05-20 12:25:00
5825814.6804175675,0.0,232.0,,1.1,,,,,2025-05-20 12:30:00
5825815.680546443,0.0,227.0,,1.1,,,,,2025-05-20 12:35:00
5825816.680675318,0.0,223.0,,1.1,,,,,2025-05-20 12:40:00
5825817.680804194,0.0,222.0,,1.1,,,,,2025-05-20 12:45:00
5825818.680933069,0.0,222.0,,1.1,,,,,2025-05-20 12:50:00
5825819.681061944,0.0,221.0,,1.1,,,,,2025-05-20 12:55:00
5825820.6811908195,0.0,219.0,,1.1,,,,,2025-05-20 13:00:00
5825821.681319695,0.0,220.0,,1.1,,,,,2025-05-20 13:05:00
5825822.68144857,0.0,225.0,,1.1,,,,,2025-05-20 13:10:00
5825823.681577445,0.0,228.0,,1.1,,,,,2025-05-20 13:15:00
5825824.6817063205,0.0,231.0,,1.1,,,,,2025-05-20 13:20:00
5825825.681835196,0.0,234.0,,1.1,,,,,2025-05-20 13:25:00
5825826.6819640715,0.0,239.0,,1.1,,,,,2025-05-20 13:30:00
5825827.682092946,0.0,240.0,,1.1,,,,,2025-05-20 13:35:00
5825828.6822218215,0.0,241.0,,1.1,,,,,2025-05-20 13:40:00
5825829.682350697,0.0,246.0,,1.1,,,,,2025-05-20 13:45:00
5825830.6824795725,0.0,246.0,,1.1,,,,,2025-05-20 13:50:00
5825831.682608448,0.0,251.0,,1.1,,,,,2025-05-20 13:55:00
5825832.6827373225,0.0,257.0,,1.1,,,,,2025-05-20 14:00:00
5825833.682866198,0.0,259.0,,1.1,,,,,2025-05-20 14:05:00
5825834.6829950735,0.0,259.0,,1.1,,,,,2025-05-20 14:10:00
5825835.683123949,0.0,262.0,,1.1,,,,,2025-05-20 14:15:00
5825836.683252824,0.0,272.0,,1.1,,,,4.0,2025-05-20 14:20:00
5825837.683381699,0.0,276.0,,1.1,,,,,2025-05-20 14:25:00
5825838.6835105745,0.0,272.0,,1.1,,,,,2025-05-20 14:30:00
5825839.68363945,0.0,273.0,,1.1,,,,,2025-05-20 14:35:00
5825840.683768325,0.0,272.0,,1.1,,,,,2025-05-20 14:40:00
5825841.6838972,0.0,267.0,,1.1,,,,,2025-05-20 14:45:00
5825842.6840260755,0.0,263.0,,1.1,,,,,2025-05-20 14:50:00
5825843.684154951,0.0,256.0,,1.1,,,,,2025-05-20 14:55:00
5825844.6842838265,0.0,244.0,,1.1,,,,,2025-05-20 15:00:00
5825845.684412701,0.0,233.0,,1.1,,,,,2025-05-20 15:05:00
5825846.684541577,0.0,220.0,,1.1,,,,,2025-05-20 15:10:00
5825847.684670452,0.0,208.0,,1.1,,,,,2025-05-20 15:15:00
5825848.6847993275,0.0,196.0,,1.1,,,,,2025-05-20 15:20:00
5825849.684928202,0.0,186.0,,1.1,,,,,2025-05-20 15:25:00
5825850.685057078,0.0,181.0,,1.1,,,,,2025-05-20 15:30:00
5825851.685185953,0.0,178.0,,1.1,,,,,2025-05-20 15:35:00
5825852.6853148285,0.0,171.0,,1.1,,,,,2025-05-20 15:40:00
5825853.685443703,0.0,168.0,,1.1,,,,,2025-05-20 15:45:00
5825854.685572579,0.0,165.0,,1.1,,,,,2025-05-20 15:50:00
5825855.685701454,0.0,163.0,,1.1,,,,,2025-05-20 15:55:00
5825856.68583033,0.0,160.0,,1.1,,,,,2025-05-20 16:00:00
5825857.685959204,0.0,158.0,,1.1,,,,,2025-05-20 16:05:00
5825858.68608808,0.0,155.0,,1.1,,,,,2025-05-20 16:10:00
5825859.686216955,0.0,153.0,,1.1,,,,,2025-05-20 16:15:00
5825860.686345831,0.0,154.0,,1.1,,,,,2025-05-20 16:20:00
5825861.686474706,0.0,154.0,,1.1,,,,,2025-05-20 16:25:00
5825862.686603581,0.0,153.0,,1.1,,,,,2025-05-20 16:30:00
5825863.686732456,0.0,152.0,,1.1,,,,,2025-05-20 16:35:00
5825864.686861332,0.0,153.0,,1.1,,,,,2025-05-20 16:40:00
5825865.686990207,0.0,154.0,,1.1,,,,,2025-05-20 16:45:00
5825866.687119082,0.0,155.0,,1.1,,,,,2025-05-20 16:50:00
5825867.687247957,0.0,151.0,,1.1,,,,,2025-05-20 16:55:00
5825868.687376833,0.0,150.0,,1.1,,,,,2025-05-20 17:00:00
5825869.687505708,0.0,150.0,,1.1,,,,,2025-05-20 17:05:00
5825870.687634583,0.0,153.0,,1.1,,,,,2025-05-20 17:10:00
5825871.687763458,0.0,156.0,,1.1,,,,,2025-05-20 17:15:00
5825872.687892334,0.0,158.0,,1.1,,,,,2025-05-20 17:20:00
5825873.688021209,0.0,158.0,,1.1,,,,,2025-05-20 17:25:00
5825874.688150085,0.0,159.0,,1.1,,,,,2025-05-20 17:30:00
5825875.688278959,0.0,162.0,,1.1,,,,,2025-05-20 17:35:00
5825876.688407835,0.0,163.0,,1.1,,,,,2025-05-20 17:40:00
5825877.68853671,0.0,162.0,,1.1,,,,,2025-05-20 17:45:00
5825878.688665586,0.0,164.0,,1.1,,,,,2025-05-20 17:50:00
5825879.68879446,0.0,166.0,,1.1,,,,,2025-05-20 17:55:00
5825880.688923336,0.0,164.0,,1.1,,,,,2025-05-20 18:00:00
5825881.689052211,0.0,162.0,,1.1,,,,,2025-05-20 18:05:00
5825882.689181087,0.0,165.0,,1.1,,,,,2025-05-20 18:10:00
5825883.689309961,0.0,166.0,,1.1,,,,,2025-05-20 18:15:00
5825884.689438837,0.0,168.0,,1.1,,,,,2025-05-20 18:20:00
5825885.689567712,0.0,171.0,,1.1,,,,,2025-05-20 18:25:00
5825886.689696588,0.0,167.0,,1.1,,,,,2025-05-20 18:30:00
5825887.689825463,0.0,163.0,,1.1,,,,,2025-05-20 18:35:00
5825888.689954338,0.0,165.0,,1.1,,,,,2025-05-20 18:40:00
5825889.690083213,0.0,169.0,,1.1,,,,,2025-05-20 18:45:00
5825890.690212089,0.0,170.0,,1.1,,,,,2025-05-20 18:50:00
5825891.690340964,0.0,173.0,,1.1,,,,,2025-05-20 18:55:00
5825892.690469839,0.0,171.0,,1.1,,,,,2025-05-20 19:00:00
5825893.690598714,0.0,167.0,,1.1,,,,,2025-05-20 19:05:00
5825894.69072759,0.0,170.0,,1.1,,,,,2025-05-20 19:10:00
5825895.690856465,0.0,173.0,,1.1,,,,,2025-05-20 19:15:00
5825896.69098534,0.0,172.0,,1.1,,,,,2025-05-20 19:20:00
5825897.691114215,0.0,174.0,,1.1,,,,,2025-05-20 19:25:00
5825898.691243091,0.0,177.0,,1.1,,,,,2025-05-20 19:30:00
5825899.691371966,0.0,181.0,,1.1,,,,,2025-05-20 19:35:00
5825900.691500842,0.0,181.0,,1.1,,,,,2025-05-20 19:40:00
5825901.691629716,0.0,181.0,,1.1,,,,,2025-05-20 19:45:00
5825902.691758592,0.0,187.0,,1.1,,,,,2025-05-20 19:50:00
5825903.691887467,0.0,191.0,,1.1,,,,1.0,2025-05-20 19:55:00
5825904.692016343,0.0,195.0,,1.1,,,,,2025-05-20 20:00:00
5825905.692145217,0.0,196.0,,1.1,,,,,2025-05-20 20:05:00
5825906.692274093,0.0,193.0,,1.1,,,,,2025-05-20 20:10:00
5825907.692402968,0.0,189.0,,1.1,,,,,2025-05-20 20:15:00
5825908.692531844,0.0,194.0,,1.1,,,,,2025-05-20 20:20:00
5825909.692660718,0.0,199.0,,1.1,,,,,2025-05-20 20:25:00
5825910.692789594,0.0,208.0,,1.1,,,,,2025-05-20 20:30:00
5825911.692918469,0.0,213.0,,1.1,,,,,2025-05-20 20:35:00
5825912.693047345,0.0,217.0,,1.1,,,,,2025-05-20 20:40:00
5825913.693176219,0.0,224.0,,1.1,,,,,2025-05-20 20:45:00
5825914.693305095,0.0,230.0,,1.1,,,,,2025-05-20 20:50:00
5825915.69343397,0.0,234.0,,1.1,,,,,2025-05-20 20:55:00
5825916.693562846,0.0,236.0,,1.1,,,,,2025-05-20 21:00:00
5825917.693691721,0.0,236.0,,1.1,,,,,2025-05-20 21:05:00
5825918.693820596,0.0,237.0,,1.1,,,,2.7,2025-05-20 21:10:00
5825919.693949471,0.0,242.0,,1.1,,,,7.2,2025-05-20 21:15:00
5825920.694078347,0.0,243.0,,1.1,,,,,2025-05-20 21:20:00
5825921.694207222,0.0,247.0,,1.1,,,,,2025-05-20 21:25:00
5825922.694336097,0.0,252.0,,1.1,,,,,2025-05-20 21:30:00
5825923.694464972,0.0,260.0,,1.1,,,,,2025-05-20 21:35:00
5825924.694593848,0.0,264.0,,1.1,,,,,2025-05-20 21:40:00
5825925.694722723,0.0,258.0,,1.1,,,,,2025-05-20 21:45:00
5825926.694851598,0.0,254.0,,1.1,,,,,2025-05-20 21:50:00
5825927.694980473,0.0,251.0,,1.1,,,,,2025-05-20 21:55:00
5825928.695109349,0.0,240.0,,1.1,,,,,2025-05-20 22:00:00
5825929.695238224,0.0,230.0,,1.1,,,,,2025-05-20 22:05:00
5825930.6953671,0.0,224.0,,1.1,,,,,2025-05-20 22:10:00
5825931.695495974,0.0,218.0,,1.1,,,,,2025-05-20 22:15:00
5825932.69562485,0.0,212.0,,1.1,,,,,2025-05-20 22:20:00
5825933.695753725,0.0,205.0,,1.1,,,,,2025-05-20 22:25:00
5825934.695882601,0.0,201.0,,1.1,,,,,2025-05-20 22:30:00
5825935.696011475,0.0,200.0,,1.1,,,,,2025-05-20 22:35:00
5825936.696140351,0.0,200.0,,1.1,,,,,2025-05-20 22:40:00
5825937.696269226,0.0,202.0,,1.1,,,,,2025-05-20 22:45:00
5825938.696398102,1.0,,,1.1,,,,,2025-05-20 22:50:00
5825939.696526976,1.0,,,1.1,,,,,2025-05-20 22:55:00
5825940.696655852,1.0,,,1.1,,,,,2025-05-20 23:00:00
5825941.696784727,1.0,,,1.1,,,,,2025-05-20 23:05:00
5825942.696913603,1.0,,,1.1,,,,,2025-05-20 23:10:00
5825943.697042478,1.0,,301.0,1.1,,,,4.0,2025-05-20 23:15:00
5825944.697171353,1.0,,,1.1,,,,,2025-05-20 23:20:00
5825945.697300228,1.0,,,1.1,,,,,2025-05-20 23:25:00
5825946.697429104,0.0,290.0,301.0,1.1,,,,,2025-05-20 23:30:00
5825947.697557979,0.0,285.0,,1.1,,,,,2025-05-20 23:35:00
5825948.697686854,0.0,278.0,,1.1,,,,,2025-05-20 23:40:00
5825949.697815729,0.0,261.0,,1.1,,,,,2025-05-20 23:45:00
5825950.697944605,0.0,242.0,,1.1,,,,,2025-05-20 23:50:00
5825951.69807348,0.0,221.0,,1.1,,,,,2025-05-20 23:55:00
5825952.698202355,0.0,201.0,,1.1,,,,,2025-05-21 00:00:00
5825953.69833123,0.0,186.0,,1.1,,,,,2025-05-21 00:05:00
5825954.698460106,0.0,176.0,,1.1,,,,,2025-05-21 00:10:00
5825955.698588981,0.0,167.0,,1.1,,,,,2025-05-21 00:15:00
5825956.698717857,0.0,158.0,,1.1,,,,,2025-05-21 00:20:00
5825957.698846731,0.0,150.0,,1.1,,,,,2025-05-21 00:25:00
5825958.698975607,0.0,139.0,,1.1,,,,,2025-05-21 00:30:00
5825959.699104482,0.0,139.0,,1.1,,,,,2025-05-21 00:35:00
5825960.699233358,0.0,140.0,,1.1,,,,,2025-05-21 00:40:00
5825961.699362232,0.0,139.0,,1.1,,,,,2025-05-21 00:45:00
5825962.699491108,0.0,140.0,,1.1,,,,,2025-05-21 00:50:00
5825963.699619983,0.0,140.0,,1.1,,,,,2025-05-21 00:55:00
5825964.699748859,0.0,140.0,,1.1,,,,,2025-05-21 01:00:00
5825965.699877733,0.0,140.0,,1.1,,,,,2025-05-21 01:05:00
5825966.700006609,0.0,140.0,,1.1,,,,,2025-05-21 01:10:00
5825967.700135484,0.0,147.0,,1.1,,,,,2025-05-21 01:15:00
5825968.70026436,0.0,148.0,,1.1,,,,,2025-05-21 01:20:00
5825969.700393234,0.0,146.0,,1.1,,,,,2025-05-21 01:25:00
5825970.70052211,0.0,145.0,,1.1,,,,,2025-05-21 01:30:00
5825971.700650985,0.0,147.0,,1.1,,,,,2025-05-21 01:35:00
5825972.700779861,0.0,151.0,,1.1,,,,,2025-05-21 01:40:00
5825973.700908736,0.0,149.0,,1.1,,,,,2025-05-21 01:45:00
5825974.701037611,0.0,149.0,,1.1,,,,,2025-05-21 01:50:00
5825975.701166486,0.0,150.0,,1.1,,,,,2025-05-21 01:55:00
5825976.701295362,0.0,153.0,,1.1,,,,,2025-05-21 02:00:00
5825977.701424237,0.0,157.0,,1.1,,,,,2025-05-21 02:05:00
5825978.701553112,0.0,162.0,,1.1,,,,,2025-05-21 02:10:00
5825979.701681987,0.0,165.0,,1.1,,,,,2025-05-21 02:15:00
5825980.701810863,0.0,167.0,,1.1,,,,,2025-05-21 02:20:00
5825981.701939738,0.0,170.0,,1.1,,,,,2025-05-21 02:25:00
5825982.702068613,0.0,174.0,,1.1,,,,,2025-05-21 02:30:00
5825983.702197488,0.0,183.0,,1.1,,,,,2025-05-21 02:35:00
5825984.702326364,0.0,187.0,,1.1,,,,,2025-05-21 02:40:00
5825985.702455239,0.0,191.0,,1.1,,,,,2025-05-21 02:45:00
5825986.702584115,0.0,194.0,,1.1,,,,,2025-05-21 02:50:00
5825987.702712989,0.0,198.0,,1.1,,,,,2025-05-21 02:55:00
5825988.702841865,0.0,202.0,,1.1,,,,,2025-05-21 03:00:00
5825989.70297074,0.0,204.0,,1.1,,,,,2025-05-21 03:05:00
5825990.703099616,0.0,207.0,,1.1,,,,,2025-05-21 03:10:00
5825991.70322849,0.0,212.0,,1.1,,,,,2025-05-21 03:15:00
5825992.703357366,0.0,217.0,,1.1,,,,,2025-05-21 03:20:00
5825993.703486241,0.0,220.0,,1.1,,,,,2025-05-21 03:25:00
5825994.703615117,0.0,222.0,,1.1,,,,,2025-05-21 03:30:00
5825995.703743991,0.0,223.0,,1.1,,,,,2025-05-21 03:35:00
5825996.703872867,0.0,225.0,,1.1,,,,,2025-05-21 03:40:00
5825997.704001742,0.0,226.0,,1.1,,,,,2025-05-21 03:45:00
5825998.704130618,0.0,228.0,,1.1,,,,,2025-05-21 03:50:00
5825999.704259493,0.0,232.0,,1.1,,,,,2025-05-21 03:55:00
5826000.704388368,0.0,240.0,,1.1,,,,,2025-05-21 04:00:00
5826001.704517243,0.0,249.0,,1.1,,,,,2025-05-21 04:05:00
5826002.704646119,0.0,250.0,,1.1,,,,,2025-05-21 04:10:00
5826003.704774994,0.0,253.0,,1.1,,,,,2025-05-21 04:15:00
5826004.704903869,0.0,259.0,,1.1,,,,,2025-05-21 04:20:00
5826005.705032744,0.0,261.0,,1.1,,,,,2025-05-21 04:25:00
5826006.70516162,0.0,263.0,,1.1,,,,,2025-05-21 04:30:00
5826007.705290495,0.0,265.0,,1.1,,,,,2025-05-21 04:35:00
5826008.70541937,0.0,267.0,,1.1,,,,,2025-05-21 04:40:00
5826009.705548245,0.0,270.0,,1.1,,,,3.5,2025-05-21 04:45:00
5826010.705677121,0.0,274.0,,1.1,,,,,2025-05-21 04:50:00
5826011.705805996,0.0,278.0,,1.1,,,,,2025-05-21 04:55:00
5826012.705934872,0.0,278.0,,1.1,,,,,2025-05-21 05:00:00
5826013.7060637465,0.0,279.0,,1.1,,,,,2025-05-21 05:05:00
5826014.706192622,0.0,280.0,,1.1,,,,,2025-05-21 05:10:00
5826015.706321497,0.0,281.0,,1.1,,,,,2025-05-21 05:15:00
5826016.706450373,0.0,282.0,,1.1,,,,,2025-05-21 05:20:00
5826017.7065792475,0.0,286.0,,1.1,,,,,2025-05-21 05:25:00
5826018.706708123,0.0,284.0,,1.1,,,,,2025-05-21 05:30:00
5826019.706836998,0.0,267.0,,1.1,,,,,2025-05-21 05:35:00
5826020.706965874,0.0,262.0,,1.1,,,,,2025-05-21 05:40:00
5826021.7070947485,0.0,260.0,,1.1,,,,,2025-05-21 05:45:00
5826022.707223624,0.0,259.0,,1.1,,,,,2025-05-21 05:50:00
5826023.7073524995,0.0,258.0,,1.1,,,,,2025-05-21 05:55:00
5826024.707481375,0.0,257.0,,1.1,,,,,2025-05-21 06:00:00
5826025.7076102495,0.0,263.0,,1.1,,,,,2025-05-21 06:05:00
5826026.707739125,0.0,273.0,,1.1,,,,,2025-05-21 06:10:00
5826027.7078680005,0.0,268.0,,1.1,,,,,2025-05-21 06:15:00
5826028.707996876,0.0,268.0,,1.1,,,,,2025-05-21 06:20:00
5826029.708125751,0.0,272.0,,1.1,,,,,2025-05-21 06:25:00
5826030.708254626,0.0,276.0,,1.1,,,,,2025-05-21 06:30:00
5826031.7083835015,0.0,279.0,,1.1,,,,4.1,2025-05-21 06:35:00
5826032.708512377,0.0,280.0,,1.1,,,,,2025-05-21 06:40:00
5826033.7086412525,0.0,276.0,,1.1,,,,,2025-05-21 06:45:00
5826034.708770127,0.0,270.0,,1.1,,,,,2025-05-21 06:50:00
5826035.7088990025,0.0,264.0,,1.1,,,,,2025-05-21 06:55:00
5826036.709027878,0.0,259.0,,1.1,,,,,2025-05-21 07:00:00
5826037.7091567535,0.0,249.0,,1.1,,,,,2025-05-21 07:05:00
5826038.709285628,0.0,244.0,,1.1,,,,,2025-05-21 07:10:00
5826039.709414504,0.0,240.0,,1.1,,,,,2025-05-21 07:15:00
5826040.709543379,0.0,237.0,,1.1,,,,,2025-05-21 07:20:00
5826041.7096722545,0.0,235.0,,1.1,,,,,2025-05-21 07:25:00
5826042.70980113,0.0,237.0,,1.1,,,,,2025-05-21 07:30:00
5826043.709930005,0.0,238.0,,1.1,,,,,2025-05-21 07:35:00
5826044.71005888,0.0,240.0,,1.1,,,,,2025-05-21 07:40:00
5826045.7101877555,0.0,247.0,,1.1,,,,2.6,2025-05-21 07:45:00
5826046.710316631,0.0,239.0,,1.1,,,,,2025-05-21 07:50:00
5826047.710445506,0.0,229.0,,1.1,,,,,2025-05-21 07:55:00
5826048.710574381,0.0,225.0,,1.1,,,,,2025-05-21 08:00:00
5826049.710703257,0.0,218.0,,1.1,,,,,2025-05-21 08:05:00
5826050.710832132,0.0,213.0,,1.1,,,,,2025-05-21 08:10:00
5826051.710961007,0.0,210.0,,1.1,,,,,2025-05-21 08:15:00
5826052.711089882,0.0,206.0,,1.1,,,,,2025-05-21 08:20:00
5826053.711218758,0.0,204.0,,1.1,,,,,2025-05-21 08:25:00
5826054.711347633,0.0,201.0,,1.1,,,,,2025-05-21 08:30:00
5826055.7114765085,0.0,199.0,,1.1,,,,,2025-05-21 08:35:00
5826056.711605383,0.0,197.0,,1.1,,,,,2025-05-21 08:40:00
5826057.711734259,0.0,193.0,,1.1,,,,,2025-05-21 08:45:00
5826058.711863134,0.0,195.0,,1.1,,,,,2025-05-21 08:50:00
5826059.71199201,0.0,200.0,,1.1,,,,,2025-05-21 08:55:00
5826060.712120884,0.0,200.0,,1.1,,,,,2025-05-21 09:00:00
5826061.71224976,0.0,202.0,,1.1,,,,,2025-05-21 09:05:00
5826062.712378635,0.0,205.0,,1.1,,,,,2025-05-21 09:10:00
5826063.712507511,0.0,206.0,,1.1,,,,,2025-05-21 09:15:00
5826064.712636385,0.0,206.0,,1.1,,,,,2025-05-21 09:20:00
5826065.712765261,0.0,210.0,,1.1,,,,,2025-05-21 09:25:00
5826066.712894136,0.0,216.0,,1.1,,,20.0,4.0,2025-05-21 09:30:00
5826067.713023012,0.0,221.0,,1.1,,,,,2025-05-21 09:35:00
5826068.713151887,0.0,224.0,,1.1,,,,,2025-05-21 09:40:00
5826069.713280762,0.0,231.0,,1.1,,,,,2025-05-21 09:45:00
5826070.713409637,0.0,245.0,,1.1,,,,,2025-05-21 09:50:00
5826071.713538513,0.0,257.0,,1.1,,,,,2025-05-21 09:55:00
5826072.713667388,0.0,265.0,,1.1,,,,,2025-05-21 10:00:00
5826073.713796263,0.0,272.0,,1.1,,,,,2025-05-21 10:05:00
5826074.713925138,0.0,278.0,,1.1,,,,0.6,2025-05-21 10:10:00
5826075.714054014,0.0,281.0,,1.1,,,,,2025-05-21 10:15:00
5826076.714182889,0.0,286.0,,1.1,,,,,2025-05-21 10:20:00
5826077.714311764,0.0,292.0,,1.1,,,,,2025-05-21 10:25:00
5826078.714440639,0.0,295.0,,1.1,,,,,2025-05-21 10:30:00
5826079.714569515,0.0,295.0,,1.1,,,,,2025-05-21 10:35:00
5826080.71469839,0.0,297.0,,1.1,,,,4.5,2025-05-21 10:40:00
5826081.714827265,0.0,295.0,,1.1,,,,,2025-05-21 10:45:00
5826082.71495614,0.0,296.0,,1.1,,,,,2025-05-21 10:50:00
5826083.715085016,0.0,296.0,,1.1,,,,,2025-05-21 10:55:00
5826084.715213891,0.0,295.0,,1.1,,,,,2025-05-21 11:00:00
5826085.715342767,0.0,297.0,,1.1,,,,,2025-05-21 11:05:00
5826086.715471641,0.0,295.0,,1.1,,,,,2025-05-21 11:10:00
5826087.715600517,0.0,292.0,,1.1,,,,,2025-05-21 11:15:00
5826088.715729392,1.0,,,1.1,,,,,2025-05-21 11:20:00
5826089.715858268,1.0,,,1.1,,,,,2025-05-21 11:25:00
5826090.715987142,1.0,,,1.1,,,,,2025-05-21 11:30:00
5826091.716116018,1.0,,,1.1,,,,,2025-05-21 11:35:00
5826092.716244893,1.0,,,1.1,,,,,2025-05-21 11:40:00
5826093.716373769,1.0,,262.0,1.1,,,,,2025-05-21 11:45:00
5826094.716502643,1.0,,,1.1,,,,,2025-05-21 11:50:00
5826095.716631519,1.0,,,1.1,,,,,2025-05-21 11:55:00
5826096.716760394,0.0,262.0,262.0,1.1,,,,3.3,2025-05-21 12:00:00
5826097.71688927,0.0,258.0,,1.1,,,,,2025-05-21 12:05:00
5826098.717018145,0.0,256.0,,1.1,,,,,2025-05-21 12:10:00
5826099.71714702,0.0,252.0,,1.1,,,,,2025-05-21 12:15:00
5826100.717275895,0.0,251.0,,1.1,,,,,2025-05-21 12:20:00
5826101.717404771,0.0,250.0,,1.1,,,,,2025-05-21 12:25:00
5826102.717533646,0.0,245.0,,1.1,,,,,2025-05-21 12:30:00
5826103.717662521,0.0,242.0,,1.1,,,,,2025-05-21 12:35:00
5826104.717791396,0.0,235.0,,1.1,,,,,2025-05-21 12:40:00
5826105.717920272,0.0,232.0,,1.1,,,15.0,,2025-05-21 12:45:00
5826106.718049147,0.0,231.0,,1.1,,,,,2025-05-21 12:50:00
5826107.718178022,0.0,226.0,,1.1,,,,4.3,2025-05-21 12:55:00
5826108.718306897,0.0,223.0,,1.1,,,,,2025-05-21 13:00:00
5826109.718435773,0.0,224.0,,1.1,,,,,2025-05-21 13:05:00
5826110.718564648,0.0,223.0,,1.1,,,,,2025-05-21 13:10:00
5826111.718693524,0.0,220.0,,1.1,,,,,2025-05-21 13:15:00
5826112.718822398,0.0,219.0,,1.1,,,,,2025-05-21 13:20:00
5826113.718951274,0.0,215.0,,1.1,,,,,2025-05-21 13:25:00
5826114.719080149,0.0,214.0,,1.1,,,,,2025-05-21 13:30:00
5826115.719209025,0.0,212.0,,1.1,,,,,2025-05-21 13:35:00
5826116.719337899,0.0,210.0,,1.1,,,,,2025-05-21 13:40:00
5826117.719466775,0.0,206.0,,1.1,,,,,2025-05-21 13:45:00
5826118.71959565,0.0,200.0,,1.1,,,,,2025-05-21 13:50:00
5826119.719724526,0.0,195.0,,1.1,,,,,2025-05-21 13:55:00
5826120.7198534,0.0,190.0,,1.1,,,,,2025-05-21 14:00:00
5826121.719982276,0.0,185.0,,1.1,,,,1.0,2025-05-21 14:05:00
5826122.720111151,0.0,178.0,,1.1,,,,,2025-05-21 14:10:00
5826123.720240027,0.0,178.0,,1.1,,,,,2025-05-21 14:15:00
5826124.720368902,0.0,179.0,,1.1,,,,,2025-05-21 14:20:00
5826125.720497777,0.0,181.0,,1.1,,,,,2025-05-21 14:25:00
5826126.720626652,0.0,183.0,,1.1,,,,,2025-05-21 14:30:00
5826127.720755528,0.0,186.0,,1.1,,,,,2025-05-21 14:35:00
5826128.720884403,0.0,189.0,,1.1,,,,,2025-05-21 14:40:00
5826129.721013278,0.0,190.0,,1.1,,,,,2025-05-21 14:45:00
5826130.721142153,0.0,190.0,,1.1,,,,1.9,2025-05-21 14:50:00
5826131.721271029,0.0,189.0,,1.1,,,,,2025-05-21 14:55:00
5826132.721399904,0.0,188.0,,1.1,,,,,2025-05-21 15:00:00
5826133.721528779,0.0,190.0,,1.1,,,,,2025-05-21 15:05:00
5826134.721657654,0.0,190.0,,1.1,,,,,2025-05-21 15:10:00
5826135.72178653,0.0,190.0,,1.1,,,,,2025-05-21 15:15:00
5826136.721915405,0.0,190.0,,1.1,,,,3.0,2025-05-21 15:20:00
5826137.72204428,0.0,186.0,,1.1,,,,,2025-05-21 15:25:00
5826138.722173155,0.0,179.0,,1.1,,,,,2025-05-21 15:30:00
5826139.722302031,0.0,166.0,,1.1,,,,,2025-05-21 15:35:00
5826140.722430906,0.0,154.0,,1.1,,,,,2025-05-21 15:40:00
5826141.722559782,0.0,147.0,,1.1,,,,,2025-05-21 15:45:00
5826142.722688656,0.0,143.0,,1.1,,,,,2025-05-21 15:50:00
5826143.722817532,0.0,134.0,,1.1,,,,,2025-05-21 15:55:00
5826144.722946407,0.0,127.0,,1.1,,,,,2025-05-21 16:00:00
5826145.723075283,0.0,120.0,,1.1,,,,,2025-05-21 16:05:00
5826146.723204157,0.0,110.0,,1.1,,,,,2025-05-21 16:10:00
5826147.723333033,0.0,102.0,,1.1,,,,,2025-05-21 16:15:00
5826148.723461908,0.0,96.0,,1.1,,,,,2025-05-21 16:20:00
5826149.723590784,0.0,93.0,,1.1,,,,,2025-05-21 16:25:00
5826150.723719658,0.0,87.0,,1.1,,,,,2025-05-21 16:30:00
5826151.723848534,0.0,80.0,,1.1,,,,,2025-05-21 16:35:00
5826152.723977409,0.0,74.0,,1.1,,,,,2025-05-21 16:40:00
5826153.724106285,0.0,70.0,,1.1,,,,,2025-05-21 16:45:00
5826154.72423516,0.0,65.0,,1.1,,,,,2025-05-21 16:50:00
5826155.724364035,0.0,59.0,,1.1,,,,,2025-05-21 16:55:00
5826156.72449291,0.0,55.0,,1.1,,,,,2025-05-21 17:00:00
5826157.724621786,0.0,52.0,,0.0,,,,,2025-05-21 17:05:00
5826158.724750661,0.0,50.0,,0.0,,,,,2025-05-21 17:10:00
5826159.724879536,0.0,48.0,,0.0,,,,,2025-05-21 17:15:00
5826160.725008411,0.0,51.0,,1.1,,,,,2025-05-21 17:20:00
5826161.725137287,0.0,63.0,,1.1,,,,,2025-05-21 17:25:00
5826162.725266162,0.0,82.0,,1.1,,,,,2025-05-21 17:30:00
5826163.725395037,0.0,105.0,,1.1,,,,,2025-05-21 17:35:00
5826164.725523912,0.0,126.0,,1.1,,,,,2025-05-21 17:40:00
5826165.725652788,0.0,137.0,,1.1,,,,,2025-05-21 17:45:00
5826166.725781663,0.0,132.0,,1.1,,,,,2025-05-21 17:50:00
5826167.725910539,0.0,136.0,,1.1,,,,,2025-05-21 17:55:00
5826168.726039413,0.0,139.0,,1.1,,,,,2025-05-21 18:00:00
5826169.726168289,0.0,140.0,,1.1,,,,1.3,2025-05-21 18:05:00
5826170.726297164,0.0,142.0,,1.1,,,,,2025-05-21 18:10:00
5826171.72642604,0.0,143.0,,1.1,,,,,2025-05-21 18:15:00
5826172.726554914,0.0,142.0,,1.1,,,,,2025-05-21 18:20:00
5826173.72668379,0.0,139.0,,1.1,,,,,2025-05-21 18:25:00
5826174.726812665,0.0,134.0,,1.1,,,,,2025-05-21 18:30:00
5826175.726941541,0.0,130.0,,1.1,,,,,2025-05-21 18:35:00
5826176.727070415,0.0,126.0,,1.1,,,,,2025-05-21 18:40:00
5826177.727199291,0.0,121.0,,1.1,,,,,2025-05-21 18:45:00
5826178.727328166,0.0,114.0,,1.1,,,,,2025-05-21 18:50:00
5826179.727457042,0.0,111.0,,1.1,,,,,2025-05-21 18:55:00
5826180.727585917,0.0,108.0,,1.1,,,,,2025-05-21 19:00:00
5826181.727714792,0.0,100.0,,1.1,,,,,2025-05-21 19:05:00
5826182.727843667,0.0,97.0,,1.1,,,,,2025-05-21 19:10:00
5826183.727972543,0.0,93.0,,1.1,,,,,2025-05-21 19:15:00
5826184.728101418,0.0,90.0,,1.1,,,,,2025-05-21 19:20:00
5826185.728230293,0.0,93.0,,1.1,,,,,2025-05-21 19:25:00
5826186.728359168,0.0,98.0,,1.1,,,,,2025-05-21 19:30:00
5826187.728488044,0.0,101.0,,1.1,,,,6.5,2025-05-21 19:35:00
5826188.728616919,0.0,110.0,,1.1,,,,,2025-05-21 19:40:00
5826189.728745794,0.0,121.0,,1.1,,,,,2025-05-21 19:45:00
5826190.728874669,0.0,127.0,,1.1,,,,,2025-05-21 19:50:00
5826191.729003545,0.0,131.0,,1.1,,,,,2025-05-21 19:55:00
5826192.72913242,0.0,136.0,,1.1,,,,,2025-05-21 20:00:00
5826193.729261295,0.0,131.0,,1.1,,,,,2025-05-21 20:05:00
5826194.72939017,0.0,124.0,,1.1,,,,,2025-05-21 20:10:00
5826195.729519046,0.0,117.0,,1.1,,,,,2025-05-21 20:15:00
5826196.729647921,0.0,114.0,,1.1,,,,,2025-05-21 20:20:00
5826197.729776797,0.0,113.0,,1.1,,,,,2025-05-21 20:25:00
5826198.729905671,0.0,115.0,,1.1,,,,,2025-05-21 20:30:00
5826199.730034547,0.0,115.0,,1.1,,,,,2025-05-21 20:35:00
5826200.730163422,0.0,115.0,,1.1,,,,,2025-05-21 20:40:00
5826201.730292298,0.0,113.0,,1.1,,,,,2025-05-21 20:45:00
5826202.730421172,0.0,111.0,,1.1,,,,,2025-05-21 20:50:00
5826203.730550048,0.0,110.0,,1.1,,,,,2025-05-21 20:55:00
5826204.730678923,0.0,108.0,,1.1,,,,,2025-05-21 21:00:00
5826205.730807799,0.0,106.0,,1.1,,,,,2025-05-21 21:05:00
5826206.7309366735,0.0,107.0,,1.1,,,,,2025-05-21 21:10:00
5826207.731065549,0.0,106.0,,1.1,,,,,2025-05-21 21:15:00
5826208.731194424,0.0,102.0,,1.1,,,,,2025-05-21 21:20:00
5826209.7313233,0.0,99.0,,1.1,,,,,2025-05-21 21:25:00
5826210.731452175,0.0,99.0,,1.1,,,,,2025-05-21 21:30:00
5826211.73158105,0.0,98.0,,1.1,,,,,2025-05-21 21:35:00
5826212.731709925,0.0,100.0,,1.1,,,,1.5,2025-05-21 21:40:00
5826213.731838801,0.0,102.0,,1.1,,,,,2025-05-21 21:45:00
5826214.731967676,0.0,105.0,,1.1,,,,,2025-05-21 21:50:00
5826215.732096551,0.0,109.0,,1.1,,,,,2025-05-21 21:55:00
5826216.7322254265,0.0,110.0,,1.1,,,,,2025-05-21 22:00:00
5826217.732354302,0.0,110.0,,1.1,,,,,2025-05-21 22:05:00
5826218.732483177,0.0,108.0,,1.1,,,,,2025-05-21 22:10:00
5826219.732612052,0.0,107.0,,1.1,,,,,2025-05-21 22:15:00
5826220.7327409275,0.0,107.0,,1.1,,,,,2025-05-21 22:20:00
5826221.732869803,0.0,107.0,,1.1,,,,,2025-05-21 22:25:00
5826222.732998678,0.0,108.0,,1.1,,,,,2025-05-21 22:30:00
5826223.733127554,0.0,112.0,,1.1,,,,,2025-05-21 22:35:00
5826224.7332564285,0.0,115.0,,1.1,,,,,2025-05-21 22:40:00
5826225.733385304,0.0,117.0,,1.1,,,,,2025-05-21 22:45:00
5826226.7335141795,0.0,118.0,,1.1,,,,,2025-05-21 22:50:00
5826227.733643055,0.0,119.0,,1.1,,,,,2025-05-21 22:55:00
5826228.7337719295,0.0,121.0,,1.1,,,,,2025-05-21 23:00:00
5826229.733900805,0.0,120.0,,1.1,,,,,2025-05-21 23:05:00
5826230.7340296805,0.0,117.0,,1.1,,,,,2025-05-21 23:10:00
5826231.734158556,0.0,114.0,,1.1,,,,,2025-05-21 23:15:00
5826232.7342874305,0.0,111.0,,1.1,,,,,2025-05-21 23:20:00
5826233.734416306,0.0,111.0,,1.1,,,,,2025-05-21 23:25:00
5826234.7345451815,0.0,113.0,,1.1,,,,,2025-05-21 23:30:00
5826235.734674057,0.0,116.0,,1.1,,,,,2025-05-21 23:35:00
5826236.7348029325,0.0,120.0,,1.1,,,,,2025-05-21 23:40:00
5826237.734931807,0.0,124.0,,1.1,,,,,2025-05-21 23:45:00
5826238.7350606825,1.0,,,1.1,,,,,2025-05-21 23:50:00
5826239.735189558,1.0,,100.0,1.1,,,,,2025-05-21 23:55:00
5826240.7353184335,1.0,,,1.1,,,,,2025-05-22 00:00:00
5826241.735447308,1.0,,,1.1,,,,,2025-05-22 00:05:00
5826242.735576184,0.0,109.0,100.0,1.1,,,,,2025-05-22 00:10:00
5826243.735705059,0.0,110.0,,1.1,,,,,2025-05-22 00:15:00
5826244.7358339345,0.0,111.0,,1.1,,,,,2025-05-22 00:20:00
5826245.735962809,0.0,114.0,,1.1,,,,,2025-05-22 00:25:00
5826246.736091685,0.0,117.0,,1.1,,,,,2025-05-22 00:30:00
5826247.73622056,0.0,121.0,,1.1,,,,,2025-05-22 00:35:00
5826248.7363494355,0.0,126.0,,1.1,,,,,2025-05-22 00:40:00
5826249.73647831,0.0,131.0,,1.1,,,,,2025-05-22 00:45:00
5826250.736607186,0.0,135.0,,1.1,,,,,2025-05-22 00:50:00
5826251.736736061,0.0,138.0,,1.1,,,,,2025-05-22 00:55:00
5826252.736864937,0.0,141.0,,1.1,,,,,2025-05-22 01:00:00
5826253.736993812,0.0,144.0,,1.1,,,,,2025-05-22 01:05:00
5826254.737122687,0.0,146.0,,1.1,,,,,2025-05-22 01:10:00
5826255.737251562,0.0,148.0,,1.1,,,,,2025-05-22 01:15:00
5826256.737380438,0.0,149.0,,1.1,,,,,2025-05-22 01:20:00
5826257.737509313,0.0,150.0,,1.1,,,,,2025-05-22 01:25:00
5826258.737638188,0.0,151.0,,1.1,,,,,2025-05-22 01:30:00
5826259.737767063,0.0,154.0,,1.1,,,,,2025-05-22 01:35:00
5826260.737895939,0.0,156.0,,1.1,,,,,2025-05-22 01:40:00
5826261.738024814,0.0,156.0,,1.1,,,,,2025-05-22 01:45:00
5826262.738153689,0.0,156.0,,1.1,,,,,2025-05-22 01:50:00
5826263.738282564,0.0,156.0,,1.1,,,,,2025-05-22 01:55:00
5826264.73841144,0.0,156.0,,1.1,,,,,2025-05-22 02:00:00
5826265.738540315,0.0,155.0,,1.1,,,,,2025-05-22 02:05:00
5826266.738669191,0.0,155.0,,1.1,,,,,2025-05-22 02:10:00
5826267.738798065,0.0,155.0,,1.1,,,,,2025-05-22 02:15:00
5826268.738926941,0.0,155.0,,1.1,,,,1.8,2025-05-22 02:20:00
5826269.739055816,0.0,154.0,,1.1,,,,,2025-05-22 02:25:00
5826270.739184692,0.0,155.0,,1.1,,,,,2025-05-22 02:30:00
5826271.739313566,0.0,154.0,,1.1,,,,,2025-05-22 02:35:00
5826272.739442442,0.0,153.0,,1.1,,,,,2025-05-22 02:40:00
5826273.739571317,0.0,152.0,,1.1,,,,,2025-05-22 02:45:00
5826274.739700193,0.0,150.0,,1.1,,,,,2025-05-22 02:50:00
5826275.739829067,0.0,147.0,,1.1,,,,,2025-05-22 02:55:00
5826276.739957943,0.0,144.0,,1.1,,,,,2025-05-22 03:00:00
5826277.740086818,0.0,142.0,,1.1,,,,,2025-05-22 03:05:00
5826278.740215694,0.0,143.0,,1.1,,,,,2025-05-22 03:10:00
5826279.740344569,0.0,143.0,,1.1,,,,,2025-05-22 03:15:00
5826280.740473444,0.0,141.0,,1.1,,,,,2025-05-22 03:20:00
5826281.740602319,0.0,139.0,,1.1,,,,,2025-05-22 03:25:00
5826282.740731195,0.0,137.0,,1.1,,,,,2025-05-22 03:30:00
5826283.74086007,0.0,134.0,,1.1,,,,,2025-05-22 03:35:00
5826284.740988945,0.0,131.0,,1.1,,,,,2025-05-22 03:40:00
5826285.74111782,0.0,128.0,,1.1,,,,,2025-05-22 03:45:00
5826286.741246696,0.0,126.0,,1.1,,,,,2025-05-22 03:50:00
5826287.741375571,0.0,124.0,,1.1,,,,,2025-05-22 03:55:00
5826288.741504446,0.0,122.0,,1.1,,,,,2025-05-22 04:00:00
5826289.741633321,0.0,121.0,,1.1,,,,,2025-05-22 04:05:00
5826290.741762197,0.0,119.0,,1.1,,,,,2025-05-22 04:10:00
5826291.741891072,0.0,118.0,,1.1,,,,,2025-05-22 04:15:00
5826292.742019948,0.0,117.0,,1.1,,,,,2025-05-22 04:20:00
5826293.742148822,0.0,116.0,,1.1,,,,,2025-05-22 04:25:00
5826294.742277698,0.0,115.0,,1.1,,,,,2025-05-22 04:30:00
5826295.742406573,0.0,116.0,,1.1,,,,,2025-05-22 04:35:00
5826296.742535449,0.0,116.0,,1.1,,,,,2025-05-22 04:40:00
5826297.742664323,0.0,115.0,,1.1,,,,,2025-05-22 04:45:00
5826298.742793199,0.0,113.0,,1.1,,,,,2025-05-22 04:50:00
5826299.742922074,0.0,111.0,,1.1,,,,,2025-05-22 04:55:00
5826300.74305095,0.0,109.0,,1.1,,,,,2025-05-22 05:00:00
5826301.743179824,0.0,107.0,,1.1,,,,,2025-05-22 05:05:00
5826302.7433087,0.0,105.0,,1.1,,,,,2025-05-22 05:10:00
5826303.743437575,0.0,103.0,,1.1,,,,,2025-05-22 05:15:00
5826304.743566451,0.0,99.0,,1.1,,,,,2025-05-22 05:20:00
5826305.743695325,0.0,97.0,,1.1,,,,,2025-05-22 05:25:00
5826306.743824201,0.0,95.0,,1.1,,,,,2025-05-22 05:30:00
5826307.743953076,0.0,93.0,,1.1,,,,,2025-05-22 05:35:00
5826308.744081952,0.0,92.0,,1.1,,,,,2025-05-22 05:40:00
5826309.744210827,0.0,94.0,,1.1,,,,,2025-05-22 05:45:00
5826310.744339702,0.0,94.0,,1.1,,,,,2025-05-22 05:50:00
5826311.744468577,0.0,92.0,,1.1,,,,,2025-05-22 05:55:00
5826312.744597453,0.0,90.0,,1.1,,,,,2025-05-22 06:00:00
5826313.744726328,0.0,89.0,,1.1,,,,,2025-05-22 06:05:00
5826314.744855203,0.0,87.0,,1.1,,,,,2025-05-22 06:10:00
5826315.744984078,0.0,84.0,,1.1,,,,,2025-05-22 06:15:00
5826316.745112954,0.0,82.0,,1.1,,,,,2025-05-22 06:20:00
5826317.745241829,0.0,80.0,,1.1,,,,,2025-05-22 06:25:00
5826318.745370704,0.0,79.0,,1.1,,,,,2025-05-22 06:30:00
5826319.745499579,0.0,81.0,,1.1,,,,,2025-05-22 06:35:00
5826320.745628455,0.0,82.0,,1.1,,,,,2025-05-22 06:40:00
5826321.74575733,0.0,80.0,,1.1,,,,,2025-05-22 06:45:00
5826322.745886206,0.0,79.0,,1.1,,,,,2025-05-22 06:50:00
5826323.74601508,0.0,78.0,,1.1,,,,,2025-05-22 06:55:00
5826324.746143956,0.0,78.0,,1.35,,,,,2025-05-22 07:00:00
5826325.746272831,0.0,77.0,,1.35,,,,,2025-05-22 07:05:00
5826326.746401707,0.0,76.0,,1.35,,,,,2025-05-22 07:10:00
5826327.746530581,0.0,75.0,,1.35,,,,,2025-05-22 07:15:00
5826328.746659457,0.0,74.0,,1.35,,,,,2025-05-22 07:20:00
5826329.746788332,0.0,72.0,,1.35,,,,,2025-05-22 07:25:00
5826330.746917208,0.0,71.0,,1.35,,,,,2025-05-22 07:30:00
5826331.747046082,0.0,72.0,,1.35,,,,,2025-05-22 07:35:00
5826332.747174958,0.0,73.0,116.0,1.35,,,,,2025-05-22 07:40:00
5826333.747303833,0.0,74.0,,1.35,,,,,2025-05-22 07:45:00
5826334.747432709,0.0,74.0,,1.35,,,,,2025-05-22 07:50:00
5826335.747561584,0.0,99.0,116.0,1.35,,,,,2025-05-22 07:55:00
5826336.747690459,0.0,102.0,,1.35,,,,,2025-05-22 08:00:00
5826337.747819334,0.0,102.0,,1.35,,,,,2025-05-22 08:05:00
5826338.74794821,0.0,102.0,,1.35,,,,,2025-05-22 08:10:00
5826339.748077085,0.0,106.0,,1.35,,,,,2025-05-22 08:15:00
5826340.74820596,0.0,107.0,,1.35,,,,,2025-05-22 08:20:00
5826341.748334835,0.0,106.0,,1.35,,,,,2025-05-22 08:25:00
5826342.748463711,0.0,106.0,,1.35,,,,,2025-05-22 08:30:00
5826343.748592586,0.0,106.0,,1.35,,,,,2025-05-22 08:35:00
5826344.748721461,0.0,107.0,,1.35,,,,,2025-05-22 08:40:00
5826345.748850336,0.0,107.0,,1.35,,,,,2025-05-22 08:45:00
5826346.748979212,0.0,107.0,,1.35,,,,,2025-05-22 08:50:00
5826347.749108087,0.0,105.0,,1.35,,,,,2025-05-22 08:55:00
5826348.749236963,0.0,104.0,,1.35,,,,,2025-05-22 09:00:00
5826349.749365837,0.0,103.0,,1.35,,,,,2025-05-22 09:05:00
5826350.749494713,0.0,103.0,,1.35,,,,,2025-05-22 09:10:00
5826351.749623588,0.0,103.0,,1.35,,,,,2025-05-22 09:15:00
5826352.749752464,0.0,106.0,,1.35,,,,,2025-05-22 09:20:00
5826353.749881338,0.0,113.0,,1.35,,,,,2025-05-22 09:25:00
5826354.750010214,0.0,119.0,,1.35,,,,5.0,2025-05-22 09:30:00
5826355.750139089,0.0,125.0,,1.35,,,,,2025-05-22 09:35:00
5826356.750267965,0.0,132.0,,1.35,,,,,2025-05-22 09:40:00
5826357.750396839,0.0,137.0,,1.35,,,,,2025-05-22 09:45:00
5826358.750525715,0.0,144.0,,1.35,,,,,2025-05-22 09:50:00
5826359.75065459,0.0,152.0,,1.35,,,,,2025-05-22 09:55:00
5826360.750783466,0.0,160.0,,1.35,,,,,2025-05-22 10:00:00
5826361.75091234,0.0,164.0,,1.35,,,,,2025-05-22 10:05:00
5826362.751041216,0.0,164.0,,1.35,,,,,2025-05-22 10:10:00
5826363.751170091,0.0,161.0,,1.35,,,,,2025-05-22 10:15:00
5826364.751298967,0.0,156.0,,1.35,,,,,2025-05-22 10:20:00
5826365.751427842,0.0,152.0,,1.35,,,,,2025-05-22 10:25:00
5826366.751556717,0.0,145.0,,1.35,,,,,2025-05-22 10:30:00
5826367.751685592,0.0,139.0,,1.35,,,,,2025-05-22 10:35:00
5826368.751814468,0.0,132.0,,1.35,,,,,2025-05-22 10:40:00
5826369.751943343,0.0,126.0,,1.35,,,,,2025-05-22 10:45:00
5826370.752072218,0.0,117.0,,1.35,,,,,2025-05-22 10:50:00
5826371.752201093,0.0,110.0,,1.35,,,,,2025-05-22 10:55:00
5826372.752329969,0.0,104.0,,1.35,,,,,2025-05-22 11:00:00
5826373.752458844,0.0,99.0,,1.35,,,,,2025-05-22 11:05:00
5826374.752587719,0.0,93.0,,1.35,,,,,2025-05-22 11:10:00
5826375.752716594,0.0,88.0,,1.35,,,,,2025-05-22 11:15:00
5826376.75284547,0.0,83.0,,1.35,,,,,2025-05-22 11:20:00
5826377.752974345,0.0,78.0,,1.35,,,,,2025-05-22 11:25:00
5826378.753103221,0.0,76.0,,1.35,,,,,2025-05-22 11:30:00
5826379.753232095,0.0,73.0,,1.35,,,,,2025-05-22 11:35:00
5826380.753360971,0.0,70.0,,1.35,,,,,2025-05-22 11:40:00
5826381.753489846,0.0,68.0,,1.35,,,,,2025-05-22 11:45:00
5826382.753618722,0.0,66.0,,1.35,,,,,2025-05-22 11:50:00
5826383.753747596,0.0,64.0,,1.35,,,,,2025-05-22 11:55:00
5826384.753876472,0.0,62.0,,0.0,,,,,2025-05-22 12:00:00
5826385.754005347,0.0,58.0,,0.0,,,,,2025-05-22 12:05:00
5826386.754134223,0.0,57.0,,0.0,,,,,2025-05-22 12:10:00
5826387.754263097,0.0,56.0,,0.0,,,,,2025-05-22 12:15:00
5826388.754391973,0.0,55.0,,0.0,,,,,2025-05-22 12:20:00
5826389.754520848,0.0,55.0,,0.0,,,,,2025-05-22 12:25:00
5826390.754649724,0.0,55.0,,0.0,,,,,2025-05-22 12:30:00
5826391.754778599,0.0,55.0,,0.0,,,,,2025-05-22 12:35:00
5826392.754907474,0.0,55.0,,0.0,,,,,2025-05-22 12:40:00
5826393.755036349,0.0,54.0,,0.0,,,,,2025-05-22 12:45:00
5826394.755165225,0.0,56.0,,0.0,,,,,2025-05-22 12:50:00
5826395.7552941,0.0,56.0,,0.0,,,,,2025-05-22 12:55:00
5826396.755422975,0.0,56.0,,0.0,,,,,2025-05-22 13:00:00
5826397.75555185,0.0,59.0,,0.0,,,,,2025-05-22 13:05:00
5826398.755680726,0.0,59.0,,0.0,,,,,2025-05-22 13:10:00
5826399.755809601,0.0,63.0,,0.0,,,,,2025-05-22 13:15:00
5826400.755938476,0.0,74.0,,0.0,,,,,2025-05-22 13:20:00
5826401.756067351,0.0,92.0,,0.0,,,,,2025-05-22 13:25:00
5826402.756196227,0.0,106.0,,0.0,,,,,2025-05-22 13:30:00
5826403.756325102,0.0,126.0,,0.0,,,,,2025-05-22 13:35:00
5826404.756453978,0.0,142.0,,0.0,,,,,2025-05-22 13:40:00
5826405.756582852,0.0,160.0,,0.0,,,,,2025-05-22 13:45:00
5826406.756711728,0.0,179.0,,0.0,,,,,2025-05-22 13:50:00
5826407.756840603,0.0,192.0,,0.0,,,,,2025-05-22 13:55:00
5826408.756969479,0.0,206.0,,0.0,,,,,2025-05-22 14:00:00
5826409.7570983535,0.0,215.0,,0.0,,,,,2025-05-22 14:05:00
5826410.757227229,0.0,222.0,,0.0,,,,,2025-05-22 14:10:00
5826411.757356104,0.0,232.0,,0.0,,,,,2025-05-22 14:15:00
5826412.75748498,0.0,240.0,,0.0,,,,,2025-05-22 14:20:00
5826413.7576138545,0.0,246.0,,1.35,,,,3.1,2025-05-22 14:25:00
5826414.75774273,0.0,254.0,,1.35,,,,,2025-05-22 14:30:00
5826415.757871605,0.0,260.0,,1.35,,,,1.2,2025-05-22 14:35:00
5826416.758000481,0.0,266.0,,1.35,,,,,2025-05-22 14:40:00
5826417.7581293555,0.0,271.0,,1.35,,,,,2025-05-22 14:45:00
5826418.758258231,0.0,273.0,,1.35,,,,,2025-05-22 14:50:00
5826419.7583871065,0.0,274.0,,1.35,,,,,2025-05-22 14:55:00
5826420.758515982,0.0,273.0,,1.35,,,,,2025-05-22 15:00:00
5826421.758644857,0.0,272.0,,1.35,,,,,2025-05-22 15:05:00
5826422.758773732,0.0,274.0,,1.35,,,,,2025-05-22 15:10:00
5826423.7589026075,0.0,279.0,,1.35,,,,,2025-05-22 15:15:00
5826424.759031483,0.0,275.0,,1.35,,,,3.0,2025-05-22 15:20:00
5826425.759160358,0.0,273.0,,1.35,,,,,2025-05-22 15:25:00
5826426.759289233,0.0,271.0,,1.35,,,,,2025-05-22 15:30:00
5826427.7594181085,0.0,264.0,,1.35,,,,,2025-05-22 15:35:00
5826428.759546984,0.0,259.0,,1.35,,,,,2025-05-22 15:40:00
5826429.7596758595,0.0,255.0,,1.35,,,,,2025-05-22 15:45:00
5826430.759804734,0.0,252.0,,1.35,,,,,2025-05-22 15:50:00
5826431.7599336095,1.0,,,1.35,,,,,2025-05-22 15:55:00
5826432.760062485,1.0,,,1.35,,,,,2025-05-22 16:00:00
5826433.7601913605,1.0,,,1.35,,,,,2025-05-22 16:05:00
5826434.760320236,1.0,,,1.35,,,,,2025-05-22 16:10:00
5826435.7604491105,1.0,,,1.35,,,,,2025-05-22 16:15:00
5826436.760577986,1.0,,,1.35,,,,,2025-05-22 16:20:00
5826437.7607068615,1.0,,,1.35,,,,,2025-05-22 16:25:00
5826438.760835737,1.0,,,1.35,,,,,2025-05-22 16:30:00
5826439.760964612,1.0,,,1.35,,,,,2025-05-22 16:35:00
5826440.761093487,1.0,,,1.25,,,,,2025-05-22 16:40:00
5826441.7612223625,1.0,,,1.25,,,,,2025-05-22 16:45:00
5826442.761351238,1.0,,,1.25,,,,,2025-05-22 16:50:00
5826443.761480113,1.0,,,1.25,,,,,2025-05-22 16:55:00
5826444.761608988,1.0,,,1.25,,,,,2025-05-22 17:00:00
5826445.7617378635,1.0,,,1.25,,,,,2025-05-22 17:05:00
5826446.761866739,1.0,,,1.25,,,,,2025-05-22 17:10:00
5826447.7619956145,1.0,,,1.25,,,,,2025-05-22 17:15:00
5826448.762124489,1.0,,,1.25,,,,,2025-05-22 17:20:00
5826449.762253365,1.0,,,1.25,,,,,2025-05-22 17:25:00
5826450.76238224,1.0,,,1.25,,,,,2025-05-22 17:30:00
5826451.7625111155,1.0,,,1.25,,,,,2025-05-22 17:35:00
5826452.76263999,1.0,,,1.25,,,,,2025-05-22 17:40:00
5826453.762768866,1.0,,,1.25,,,,,2025-05-22 17:45:00
5826454.762897741,1.0,,,1.25,,,,,2025-05-22 17:50:00
5826455.763026617,1.0,,,1.25,,,,,2025-05-22 17:55:00
5826456.763155491,1.0,,,1.2,,,,,2025-05-22 18:00:00
5826457.763284367,1.0,,,1.2,,,,,2025-05-22 18:05:00
5826458.763413242,1.0,,,1.2,,,,,2025-05-22 18:10:00
5826459.763542118,1.0,,,1.2,,,,,2025-05-22 18:15:00
5826460.763670993,1.0,,,1.2,,,,,2025-05-22 18:20:00
5826461.763799868,1.0,,,1.2,,,,,2025-05-22 18:25:00
5826462.763928743,1.0,,,1.2,,,,,2025-05-22 18:30:00
5826463.764057619,1.0,,,1.2,,,,,2025-05-22 18:35:00
5826464.764186494,1.0,,,1.2,,,,,2025-05-22 18:40:00
5826465.764315369,1.0,,,1.2,,,,,2025-05-22 18:45:00
5826466.764444244,1.0,,,1.2,,,,10.0,2025-05-22 18:50:00
5826467.76457312,1.0,,,1.2,,,,,2025-05-22 18:55:00
5826468.764701995,1.0,,,1.2,,,,,2025-05-22 19:00:00
5826469.76483087,1.0,,,1.2,,,,,2025-05-22 19:05:00
5826470.764959745,1.0,,,1.2,,,,,2025-05-22 19:10:00
5826471.765088621,1.0,,,1.2,,,,,2025-05-22 19:15:00
5826472.765217496,1.0,,,1.2,,,,,2025-05-22 19:20:00
5826473.765346371,1.0,,,1.2,,,,,2025-05-22 19:25:00
5826474.765475246,1.0,,,1.2,,,,,2025-05-22 19:30:00
5826475.765604122,1.0,,,1.2,,,,,2025-05-22 19:35:00
5826476.765732997,1.0,,,1.2,,,,,2025-05-22 19:40:00
5826477.765861873,1.0,,,1.2,,,,,2025-05-22 19:45:00
5826478.765990747,1.0,,,1.2,,,,,2025-05-22 19:50:00
5826479.766119623,1.0,,,1.2,,,,,2025-05-22 19:55:00
5826480.766248498,1.0,,,1.2,,,,,2025-05-22 20:00:00
5826481.766377374,1.0,,,1.2,,,,,2025-05-22 20:05:00
5826482.766506248,1.0,,,1.2,,,,,2025-05-22 20:10:00
5826483.766635124,1.0,,,1.2,,,,,2025-05-22 20:15:00
5826484.766763999,1.0,,,1.2,,,,,2025-05-22 20:20:00
5826485.766892875,1.0,,,1.2,,,,,2025-05-22 20:25:00
5826486.767021749,1.0,,,1.2,,,,,2025-05-22 20:30:00
5826487.767150625,1.0,,,1.2,,,,,2025-05-22 20:35:00
5826488.7672795,1.0,,,1.2,,,,1.3,2025-05-22 20:40:00
5826489.767408376,1.0,,,1.2,,,,,2025-05-22 20:45:00
5826490.767537251,1.0,,,1.2,,,,,2025-05-22 20:50:00
5826491.767666126,1.0,,,1.2,,,,,2025-05-22 20:55:00
5826492.767795001,1.0,,,1.1,,,,,2025-05-22 21:00:00
5826493.767923877,1.0,,,1.1,,,,,2025-05-22 21:05:00
5826494.768052752,1.0,,,1.1,,,,,2025-05-22 21:10:00
5826495.768181627,1.0,,,1.1,,,,,2025-05-22 21:15:00
5826496.768310502,1.0,,,1.1,,,,,2025-05-22 21:20:00
5826497.768439378,1.0,,,1.1,,,,,2025-05-22 21:25:00
5826498.768568253,1.0,,,1.1,,,,,2025-05-22 21:30:00
5826499.768697128,1.0,,,1.1,,,,,2025-05-22 21:35:00
5826500.768826003,1.0,,,1.1,,,,,2025-05-22 21:40:00
5826501.768954879,1.0,,,1.1,,,,,2025-05-22 21:45:00
5826502.769083754,1.0,,,1.1,,,,,2025-05-22 21:50:00
5826503.76921263,1.0,,,1.1,,,,,2025-05-22 21:55:00
5826504.769341504,1.0,,,1.1,,,,,2025-05-22 22:00:00
5826505.76947038,1.0,,,1.1,,,,,2025-05-22 22:05:00
5826506.769599255,1.0,,,1.1,,,,,2025-05-22 22:10:00
5826507.769728131,1.0,,,1.1,,,,,2025-05-22 22:15:00
5826508.769857005,1.0,,,1.1,,,,,2025-05-22 22:20:00
5826509.769985881,1.0,,,1.1,,,,,2025-05-22 22:25:00
5826510.770114756,1.0,,,1.1,,,,,2025-05-22 22:30:00
5826511.770243632,1.0,,,1.1,,,,,2025-05-22 22:35:00
5826512.770372506,1.0,,,1.1,,,,,2025-05-22 22:40:00
5826513.770501382,1.0,,,1.1,,,,,2025-05-22 22:45:00
5826514.770630257,1.0,,,1.1,,,,2.4,2025-05-22 22:50:00
5826515.770759133,1.0,,,1.1,,,,,2025-05-22 22:55:00
5826516.770888008,1.0,,,1.1,,,,,2025-05-22 23:00:00
5826517.771016883,1.0,,,1.1,,,,,2025-05-22 23:05:00
5826518.771145758,1.0,,,1.1,,,,,2025-05-22 23:10:00
5826519.771274634,1.0,,,1.1,,,,,2025-05-22 23:15:00
5826520.771403509,1.0,,,1.1,,,,,2025-05-22 23:20:00
5826521.771532384,1.0,,,1.1,,,,,2025-05-22 23:25:00
5826522.771661259,1.0,,,1.1,,,,,2025-05-22 23:30:00
5826523.771790135,1.0,,,1.1,,,,,2025-05-22 23:35:00
5826524.77191901,1.0,,,1.1,,,,,2025-05-22 23:40:00
5826525.772047885,1.0,,,1.1,,,,,2025-05-22 23:45:00
5826526.77217676,1.0,,,1.1,,,,,2025-05-22 23:50:00
5826527.772305636,1.0,,,1.1,,,,,2025-05-22 23:55:00
5826528.772434511,1.0,,,1.1,,,,,2025-05-23 00:00:00
5826529.772563386,1.0,,,1.1,,,,,2025-05-23 00:05:00
5826530.772692261,1.0,,,1.1,,,,,2025-05-23 00:10:00
5826531.772821137,1.0,,,1.1,,,,,2025-05-23 00:15:00
5826532.772950012,1.0,,,1.1,,,,,2025-05-23 00:20:00
5826533.773078888,1.0,,,1.1,,,,,2025-05-23 00:25:00
5826534.773207762,1.0,,,1.1,,,,,2025-05-23 00:30:00
5826535.773336638,1.0,,,1.1,,,,,2025-05-23 00:35:00
5826536.773465513,1.0,,,1.1,,,,,2025-05-23 00:40:00
5826537.773594389,1.0,,,1.1,,,,,2025-05-23 00:45:00
5826538.773723263,1.0,,,1.1,,,,,2025-05-23 00:50:00
5826539.773852139,1.0,,,1.1,,,,,2025-05-23 00:55:00
5826540.773981014,1.0,,,1.1,,,,,2025-05-23 01:00:00
5826541.77410989,1.0,,,1.1,,,,,2025-05-23 01:05:00
5826542.774238764,1.0,,,1.1,,,,,2025-05-23 01:10:00
5826543.77436764,1.0,,,1.1,,,,,2025-05-23 01:15:00
5826544.774496515,1.0,,,1.1,,,,,2025-05-23 01:20:00
5826545.774625391,1.0,,,1.1,,,,,2025-05-23 01:25:00
5826546.774754266,1.0,,,1.1,,,,,2025-05-23 01:30:00
5826547.774883141,1.0,,,1.1,,,,,2025-05-23 01:35:00
5826548.775012016,1.0,,,1.1,,,,,2025-05-23 01:40:00
5826549.775140892,1.0,,,1.1,,,,,2025-05-23 01:45:00
5826550.775269767,1.0,,,1.1,,,,,2025-05-23 01:50:00
5826551.775398642,1.0,,,1.1,,,,,2025-05-23 01:55:00
5826552.775527517,1.0,,,1.1,,,,,2025-05-23 02:00:00
5826553.775656393,1.0,,,1.1,,,,,2025-05-23 02:05:00
5826554.775785268,1.0,,,1.1,,,,,2025-05-23 02:10:00
5826555.775914143,1.0,,,1.1,,,,,2025-05-23 02:15:00
5826556.776043018,1.0,,,1.1,,,,,2025-05-23 02:20:00
5826557.776171894,1.0,,,1.1,,,,,2025-05-23 02:25:00
5826558.776300769,1.0,,,1.1,,,,,2025-05-23 02:30:00
5826559.776429645,1.0,,,1.1,,,,,2025-05-23 02:35:00
5826560.776558519,1.0,,,1.1,,,,,2025-05-23 02:40:00
5826561.776687395,1.0,,,1.1,,,,,2025-05-23 02:45:00
5826562.77681627,1.0,,,1.1,,,,,2025-05-23 02:50:00
5826563.776945146,1.0,,,1.1,,,,,2025-05-23 02:55:00
5826564.77707402,1.0,,,1.1,,,,,2025-05-23 03:00:00
5826565.777202896,1.0,,,1.1,,,,,2025-05-23 03:05:00
5826566.777331771,1.0,,,1.1,,,,,2025-05-23 03:10:00
5826567.777460647,1.0,,,1.1,,,,,2025-05-23 03:15:00
5826568.777589521,1.0,,,1.1,,,,,2025-05-23 03:20:00
5826569.777718397,1.0,,,1.1,,,,,2025-05-23 03:25:00
5826570.777847272,1.0,,,1.1,,,,,2025-05-23 03:30:00
5826571.777976148,1.0,,,1.1,,,,,2025-05-23 03:35:00
5826572.778105023,1.0,,,1.1,,,,,2025-05-23 03:40:00
5826573.778233898,1.0,,,1.1,,,,,2025-05-23 03:45:00
5826574.778362773,1.0,,,1.1,,,,,2025-05-23 03:50:00
5826575.778491649,1.0,,,1.1,,,,,2025-05-23 03:55:00
5826576.778620524,1.0,,,1.1,,,,,2025-05-23 04:00:00
5826577.778749399,1.0,,,1.1,,,,,2025-05-23 04:05:00
5826578.778878274,1.0,,,1.1,,,,,2025-05-23 04:10:00
5826579.77900715,1.0,,,1.1,,,,,2025-05-23 04:15:00
5826580.779136025,1.0,,,1.1,,,,,2025-05-23 04:20:00
5826581.7792649,1.0,,,1.1,,,,,2025-05-23 04:25:00
5826582.779393775,1.0,,,1.1,,,,,2025-05-23 04:30:00
5826583.779522651,1.0,,,1.1,,,,,2025-05-23 04:35:00
5826584.779651526,1.0,,,1.1,,,,,2025-05-23 04:40:00
5826585.779780401,1.0,,,1.1,,,,,2025-05-23 04:45:00
5826586.779909276,1.0,,,1.1,,,,,2025-05-23 04:50:00
5826587.780038152,1.0,,,1.1,,,,,2025-05-23 04:55:00
5826588.780167027,1.0,,,1.1,,,,,2025-05-23 05:00:00
5826589.780295903,1.0,,,1.1,,,,,2025-05-23 05:05:00
5826590.780424777,1.0,,,1.1,,,,,2025-05-23 05:10:00
5826591.780553653,1.0,,,1.1,,,,,2025-05-23 05:15:00
5826592.780682528,1.0,,,1.1,,,,,2025-05-23 05:20:00
5826593.780811404,1.0,,,1.1,,,,,2025-05-23 05:25:00
5826594.780940278,1.0,,,1.1,,,,,2025-05-23 05:30:00
5826595.781069154,1.0,,,1.1,,,,,2025-05-23 05:35:00
5826596.781198029,1.0,,,1.1,,,,,2025-05-23 05:40:00
5826597.781326905,1.0,,,1.1,,,,,2025-05-23 05:45:00
5826598.781455779,1.0,,,1.1,,,,,2025-05-23 05:50:00
5826599.781584655,1.0,,,1.1,,,,,2025-05-23 05:55:00
5826600.78171353,1.0,,,1.1,,,,,2025-05-23 06:00:00
5826601.781842406,1.0,,,1.1,,,,,2025-05-23 06:05:00
5826602.781971281,1.0,,,1.1,,,,,2025-05-23 06:10:00
5826603.782100156,1.0,,,1.1,,,,,2025-05-23 06:15:00
5826604.782229031,1.0,,,1.1,,,,,2025-05-23 06:20:00
5826605.782357907,1.0,,,1.1,,,,,2025-05-23 06:25:00
5826606.782486782,1.0,,,1.1,,,,,2025-05-23 06:30:00
5826607.782615657,1.0,,,1.1,,,,,2025-05-23 06:35:00
5826608.782744532,1.0,,,1.1,,,,,2025-05-23 06:40:00
5826609.782873408,1.0,,,1.1,,,,,2025-05-23 06:45:00
5826610.783002283,1.0,,,1.1,,,,,2025-05-23 06:50:00
5826611.783131158,1.0,,,1.1,,,,,2025-05-23 06:55:00
5826612.7832600335,1.0,,,1.35,,,,,2025-05-23 07:00:00
5826613.783388909,1.0,,,1.35,,,,,2025-05-23 07:05:00
5826614.783517784,1.0,,,1.35,,,,,2025-05-23 07:10:00
5826615.78364666,1.0,,,1.35,,,,,2025-05-23 07:15:00
5826616.7837755345,1.0,,,1.35,,,,,2025-05-23 07:20:00
5826617.78390441,1.0,,,1.35,,,,,2025-05-23 07:25:00
5826618.784033285,1.0,,,1.35,,,,,2025-05-23 07:30:00
5826619.784162161,1.0,,,1.35,,,,,2025-05-23 07:35:00
5826620.7842910355,1.0,,,1.35,,,,,2025-05-23 07:40:00
5826621.784419911,1.0,,,1.35,,,,,2025-05-23 07:45:00
5826622.7845487865,1.0,,,1.35,,,,,2025-05-23 07:50:00
5826623.784677662,1.0,,,1.35,,,,,2025-05-23 07:55:00
5826624.7848065365,1.0,,,1.35,,,,,2025-05-23 08:00:00
5826625.784935412,1.0,,,1.35,,,,,2025-05-23 08:05:00
5826626.7850642875,1.0,,,1.35,,,,,2025-05-23 08:10:00
5826627.785193163,1.0,,,1.35,,,,,2025-05-23 08:15:00
5826628.785322038,1.0,,,1.35,,,,,2025-05-23 08:20:00
5826629.785450913,1.0,,,1.35,,,,,2025-05-23 08:25:00
5826630.7855797885,1.0,,,1.35,,,,,2025-05-23 08:30:00
5826631.785708664,1.0,,,1.35,,,,,2025-05-23 08:35:00
5826632.7858375395,1.0,,,1.35,,,,,2025-05-23 08:40:00
5826633.785966414,1.0,,,1.35,,,,,2025-05-23 08:45:00
5826634.7860952895,1.0,,,1.35,,,,,2025-05-23 08:50:00
5826635.786224165,1.0,,,1.35,,,,,2025-05-23 08:55:00
5826636.7863530405,1.0,,,1.35,,,,,2025-05-23 09:00:00
5826637.786481915,1.0,,,1.35,,,,,2025-05-23 09:05:00
5826638.7866107905,1.0,,,1.35,,,,,2025-05-23 09:10:00
5826639.786739666,1.0,,,1.35,,,,,2025-05-23 09:15:00
5826640.7868685415,1.0,,,1.35,,,,,2025-05-23 09:20:00
5826641.786997416,1.0,,,1.35,,,,,2025-05-23 09:25:00
5826642.787126292,1.0,,,1.35,,,,,2025-05-23 09:30:00
5826643.787255167,1.0,,,1.35,,,,,2025-05-23 09:35:00
5826644.7873840425,1.0,,,1.35,,,,,2025-05-23 09:40:00
5826645.787512918,1.0,,,1.35,,,,,2025-05-23 09:45:00
5826646.787641793,1.0,,,1.35,,,,,2025-05-23 09:50:00
5826647.787770668,1.0,,,1.35,,,,,2025-05-23 09:55:00
5826648.7878995435,1.0,,,1.35,,,,,2025-05-23 10:00:00
5826649.788028419,1.0,,,1.35,,,,,2025-05-23 10:05:00
5826650.788157294,1.0,,,1.35,,0.072118,,,2025-05-23 10:10:00
5826651.788286169,1.0,,,1.35,,0.091675,,,2025-05-23 10:15:00
5826652.788415045,1.0,,,1.35,,0.087686,,,2025-05-23 10:20:00
5826653.78854392,1.0,,,1.35,,0.032346,,,2025-05-23 10:25:00
5826654.788672795,1.0,,,1.35,,0.044365,,,2025-05-23 10:30:00
5826655.78880167,1.0,,,1.35,,0.06283,,,2025-05-23 10:35:00
5826656.788930546,1.0,,,1.35,,0.057578,,,2025-05-23 10:40:00
5826657.789059421,1.0,,,1.35,,0.055639,,,2025-05-23 10:45:00
5826658.7891882965,1.0,,,1.35,,0.059778,,,2025-05-23 10:50:00
5826659.789317171,1.0,,,1.35,,0.058451,,,2025-05-23 10:55:00
5826660.789446047,1.0,,,1.35,,0.05906,,,2025-05-23 11:00:00
5826661.789574922,1.0,,,1.35,,0.058884,,,2025-05-23 11:05:00
5826662.789703798,1.0,,,1.35,,0.044224,,2.2,2025-05-23 11:10:00
5826663.789832672,1.0,,,1.35,,0.040147,,,2025-05-23 11:15:00
5826664.789961548,1.0,,,1.35,,0.042506,,,2025-05-23 11:20:00
5826665.790090423,1.0,,,1.35,,0.022678,,,2025-05-23 11:25:00
5826666.790219299,1.0,,,1.35,,0.036735,,,2025-05-23 11:30:00
5826667.790348173,1.0,,,1.35,,0.044234,,,2025-05-23 11:35:00
5826668.790477049,1.0,,,1.35,,0.046758,,,2025-05-23 11:40:00
5826669.790605924,1.0,,,1.35,,0.047186,,,2025-05-23 11:45:00
5826670.7907348,1.0,,,1.35,,0.040373,,,2025-05-23 11:50:00
5826671.790863675,1.0,,,1.35,,0.04247,,,2025-05-23 11:55:00
5826672.79099255,1.0,,,1.25,,0.044083,,,2025-05-23 12:00:00
5826673.791121425,1.0,,,1.25,,0.017003,,,2025-05-23 12:05:00
5826674.791250301,1.0,,,1.25,,0.030312,,,2025-05-23 12:10:00
5826675.791379176,1.0,,,1.25,,0.043801,,,2025-05-23 12:15:00
5826676.791508051,1.0,,,1.25,,0.052394,,,2025-05-23 12:20:00
5826677.791636926,1.0,,275.0,1.25,,0.01765,,3.2,2025-05-23 12:25:00
5826678.791765802,1.0,,,1.25,,0.027694,,,2025-05-23 12:30:00
5826679.791894677,1.0,,,1.25,,0.041713,,,2025-05-23 12:35:00
5826680.792023552,0.0,280.0,275.0,1.25,,0.038433,,,2025-05-23 12:40:00
5826681.792152427,0.0,284.0,,1.25,,0.046985,,,2025-05-23 12:45:00
5826682.792281303,0.0,285.0,,1.25,,0.036186,,,2025-05-23 12:50:00
5826683.792410178,0.0,284.0,,1.25,,0.034516,,,2025-05-23 12:55:00
5826684.792539054,0.0,278.0,,1.25,,0.041936,,,2025-05-23 13:00:00
5826685.792667928,0.0,283.0,,1.25,,0.039515,,,2025-05-23 13:05:00
5826686.792796804,0.0,285.0,,1.25,,0.037494,,,2025-05-23 13:10:00
5826687.792925679,0.0,285.0,,1.25,,0.018944,,,2025-05-23 13:15:00
5826688.793054555,0.0,283.0,,1.25,,0.024439,,,2025-05-23 13:20:00
5826689.793183429,0.0,277.0,,1.25,,0.020411,,,2025-05-23 13:25:00
5826690.793312305,0.0,264.0,,1.25,,0.031588,,,2025-05-23 13:30:00
5826691.79344118,0.0,257.0,,1.25,,0.019858,,,2025-05-23 13:35:00
5826692.793570056,0.0,250.0,,1.25,,0.021857,,,2025-05-23 13:40:00
5826693.79369893,0.0,248.0,,1.25,,0.027334,,,2025-05-23 13:45:00
5826694.793827806,0.0,249.0,,1.25,,0.027891,,,2025-05-23 13:50:00
5826695.793956681,0.0,253.0,,1.25,,0.029603,,,2025-05-23 13:55:00
5826696.794085557,0.0,259.0,,1.25,,0.021495,,,2025-05-23 14:00:00
5826697.794214431,0.0,260.0,,1.25,,0.026084,,9.2,2025-05-23 14:05:00
5826698.794343307,0.0,259.0,,1.25,,0.02448,,,2025-05-23 14:10:00
5826699.794472182,0.0,260.0,,1.25,,0.028095,,1.0,2025-05-23 14:15:00
5826700.794601058,0.0,263.0,,1.25,,0.035736,,,2025-05-23 14:20:00
5826701.794729933,0.0,267.0,,1.25,,0.026215,,,2025-05-23 14:25:00
5826702.794858808,0.0,272.0,,1.25,,0.04233,,,2025-05-23 14:30:00
5826703.794987683,0.0,273.0,,1.25,,0.049992,,,2025-05-23 14:35:00
5826704.795116559,0.0,271.0,,1.25,,0.039231,,,2025-05-23 14:40:00
5826705.795245434,0.0,269.0,,1.25,,0.04637,,,2025-05-23 14:45:00
5826706.795374309,0.0,260.0,,1.25,,0.05301,,,2025-05-23 14:50:00
5826707.795503184,0.0,251.0,,1.25,,0.053935,,,2025-05-23 14:55:00
5826708.79563206,0.0,245.0,,1.25,,0.064018,,,2025-05-23 15:00:00
5826709.795760935,0.0,240.0,,1.25,,0.01606,,,2025-05-23 15:05:00
5826710.79588981,0.0,236.0,,1.25,,0.020306,,,2025-05-23 15:10:00
5826711.796018685,0.0,233.0,,1.25,,0.022206,,,2025-05-23 15:15:00
5826712.796147561,0.0,234.0,,1.25,,0.029316,,,2025-05-23 15:20:00
5826713.796276436,0.0,236.0,,1.25,,0.034093,,,2025-05-23 15:25:00
5826714.796405312,0.0,236.0,,1.25,,0.041613,,,2025-05-23 15:30:00
5826715.796534186,0.0,234.0,,1.25,,0.043216,,,2025-05-23 15:35:00
5826716.796663062,0.0,234.0,,1.25,,0.052912,,,2025-05-23 15:40:00
5826717.796791937,0.0,233.0,,1.25,,0.056559,,,2025-05-23 15:45:00
5826718.796920813,0.0,238.0,,1.25,,0.055105,,2.7,2025-05-23 15:50:00
5826719.797049687,0.0,240.0,,1.25,,0.072491,,,2025-05-23 15:55:00
5826720.797178563,0.0,240.0,,1.25,,0.069121,,,2025-05-23 16:00:00
5826721.797307438,0.0,244.0,,1.25,,0.075178,,,2025-05-23 16:05:00
5826722.797436314,0.0,248.0,,1.25,,0.074472,,,2025-05-23 16:10:00
5826723.797565188,0.0,247.0,,1.25,,0.059963,,,2025-05-23 16:15:00
5826724.797694064,0.0,252.0,,1.25,,0.090612,,,2025-05-23 16:20:00
5826725.797822939,0.0,252.0,,1.25,,0.069693,,,2025-05-23 16:25:00
5826726.797951815,0.0,249.0,,1.25,,0.063719,,,2025-05-23 16:30:00
5826727.79808069,0.0,247.0,,1.25,,0.055204,,,2025-05-23 16:35:00
5826728.798209565,0.0,242.0,,1.25,,0.020601,,2.4,2025-05-23 16:40:00
5826729.79833844,0.0,244.0,,1.25,,0.026107,,,2025-05-23 16:45:00
5826730.798467316,0.0,248.0,233.0,1.25,,0.017127,,,2025-05-23 16:50:00
5826731.798596191,0.0,243.0,,1.25,,0.026791,,,2025-05-23 16:55:00
5826732.798725066,0.0,237.0,,1.25,,0.037038,,,2025-05-23 17:00:00
5826733.798853941,0.0,226.0,,1.25,,0.030414,,,2025-05-23 17:05:00
5826734.798982817,0.0,218.0,233.0,1.25,,0.024172,,,2025-05-23 17:10:00
5826735.799111692,0.0,206.0,,1.25,,0.014291,,,2025-05-23 17:15:00
5826736.799240567,0.0,202.0,,1.25,,0.024652,,,2025-05-23 17:20:00
5826737.799369442,0.0,198.0,,1.25,,0.032503,,,2025-05-23 17:25:00
5826738.799498318,0.0,197.0,,1.25,,0.020459,,,2025-05-23 17:30:00
5826739.799627193,0.0,196.0,,1.25,,0.029198,,,2025-05-23 17:35:00
5826740.799756069,0.0,193.0,,1.25,,0.037027,,,2025-05-23 17:40:00
5826741.799884943,0.0,188.0,,1.25,,0.027874,,,2025-05-23 17:45:00
5826742.800013819,0.0,185.0,,1.25,,0.043286,,,2025-05-23 17:50:00
5826743.800142694,0.0,184.0,,1.25,,0.048278,,,2025-05-23 17:55:00
5826744.80027157,0.0,186.0,,1.2,,0.01515,,,2025-05-23 18:00:00
5826745.800400444,0.0,189.0,,1.2,,0.026006,,,2025-05-23 18:05:00
5826746.80052932,0.0,189.0,,1.2,,0.018593,,,2025-05-23 18:10:00
5826747.800658195,0.0,188.0,,1.2,,0.033578,,,2025-05-23 18:15:00
5826748.800787071,0.0,182.0,,1.2,,0.037955,,,2025-05-23 18:20:00
5826749.800915945,0.0,183.0,,1.2,,0.060257,,,2025-05-23 18:25:00
5826750.801044821,0.0,186.0,,1.2,,0.154245,,,2025-05-23 18:30:00
5826751.801173696,0.0,184.0,,1.2,,0.094495,,,2025-05-23 18:35:00
5826752.801302572,0.0,179.0,,1.2,,0.087984,,,2025-05-23 18:40:00
5826753.801431446,0.0,175.0,,1.2,,0.029744,,,2025-05-23 18:45:00
5826754.801560322,0.0,171.0,,1.2,,0.087347,,,2025-05-23 18:50:00
5826755.801689197,0.0,167.0,,1.2,,0.046229,,,2025-05-23 18:55:00
5826756.801818073,0.0,166.0,,1.2,,0.072941,,1.3,2025-05-23 19:00:00
5826757.801946948,0.0,165.0,,1.2,,0.028438,,,2025-05-23 19:05:00
5826758.802075823,0.0,171.0,,1.2,,0.047411,,,2025-05-23 19:10:00
5826759.802204698,0.0,177.0,,1.2,,0.068403,,,2025-05-23 19:15:00
5826760.802333574,0.0,177.0,,1.2,,0.085064,,,2025-05-23 19:20:00
5826761.802462449,0.0,174.0,,1.2,,0.080359,,,2025-05-23 19:25:00
5826762.802591324,0.0,168.0,,1.2,,0.020003,,1.3,2025-05-23 19:30:00
5826763.802720199,0.0,164.0,,1.2,,0.017959,,,2025-05-23 19:35:00
5826764.802849075,0.0,157.0,,1.2,,0.024645,,,2025-05-23 19:40:00
5826765.80297795,0.0,150.0,,1.2,,0.026981,,,2025-05-23 19:45:00
5826766.803106825,0.0,140.0,,1.2,,0.034544,,,2025-05-23 19:50:00
5826767.8032357,0.0,129.0,,1.2,,0.034732,,,2025-05-23 19:55:00
5826768.803364576,0.0,121.0,,1.2,,0.045102,,,2025-05-23 20:00:00
5826769.803493451,0.0,115.0,,1.2,,0.055344,,9.2,2025-05-23 20:05:00
5826770.803622327,0.0,111.0,,1.2,,0.040075,,,2025-05-23 20:10:00
5826771.803751201,0.0,115.0,,1.2,,0.048912,,,2025-05-23 20:15:00
5826772.803880077,0.0,122.0,,1.2,,0.055419,,,2025-05-23 20:20:00
5826773.804008952,0.0,129.0,,1.2,,0.043637,,,2025-05-23 20:25:00
5826774.804137828,0.0,136.0,,1.2,,0.018215,,,2025-05-23 20:30:00
5826775.804266702,0.0,140.0,,1.2,,0.020223,,,2025-05-23 20:35:00
5826776.804395578,0.0,138.0,,1.2,,0.01645,,,2025-05-23 20:40:00
5826777.804524453,0.0,132.0,,1.2,,0.020385,,,2025-05-23 20:45:00
5826778.804653329,0.0,124.0,,1.2,,0.022782,,,2025-05-23 20:50:00
5826779.804782203,0.0,117.0,,1.2,,0.024047,,,2025-05-23 20:55:00
5826780.804911079,0.0,112.0,,1.1,,0.025375,,,2025-05-23 21:00:00
5826781.805039954,0.0,113.0,,1.1,,0.051798,,,2025-05-23 21:05:00
5826782.80516883,0.0,117.0,,1.1,,0.050584,,,2025-05-23 21:10:00
5826783.805297705,0.0,118.0,,1.1,,0.06488,,,2025-05-23 21:15:00
5826784.80542658,0.0,117.0,,1.1,,0.05486,,,2025-05-23 21:20:00
5826785.805555455,0.0,116.0,,1.1,,0.013455,,,2025-05-23 21:25:00
5826786.805684331,0.0,115.0,,1.1,,0.025982,,,2025-05-23 21:30:00
5826787.805813206,0.0,113.0,,1.1,,0.037889,,,2025-05-23 21:35:00
5826788.805942081,0.0,111.0,,1.1,,0.069257,,,2025-05-23 21:40:00
5826789.806070956,0.0,107.0,,1.1,,0.059982,,,2025-05-23 21:45:00
5826790.806199832,0.0,111.0,,1.1,,0.147217,,,2025-05-23 21:50:00
5826791.806328707,0.0,118.0,,1.1,,0.221343,,,2025-05-23 21:55:00
5826792.806457582,0.0,124.0,,1.1,,0.162463,,,2025-05-23 22:00:00
5826793.806586457,0.0,130.0,,1.1,,0.184795,,,2025-05-23 22:05:00
5826794.806715333,0.0,139.0,,1.1,,0.03811,,,2025-05-23 22:10:00
5826795.806844208,0.0,148.0,,1.1,,0.020425,,,2025-05-23 22:15:00
5826796.806973084,0.0,167.0,,1.1,,0.025483,,,2025-05-23 22:20:00
5826797.807101958,0.0,187.0,,1.1,,0.019903,,,2025-05-23 22:25:00
5826798.807230834,0.0,205.0,,1.1,,0.028544,,,2025-05-23 22:30:00
5826799.807359709,0.0,219.0,,1.1,,0.039307,,,2025-05-23 22:35:00
5826800.807488585,0.0,232.0,,1.1,,0.027684,,,2025-05-23 22:40:00
5826801.807617459,0.0,242.0,,1.1,,0.027543,,,2025-05-23 22:45:00
5826802.807746335,0.0,252.0,,1.1,,0.045876,,,2025-05-23 22:50:00
5826803.80787521,0.0,265.0,,1.1,,0.064316,,,2025-05-23 22:55:00
5826804.808004086,0.0,274.0,,1.1,,0.015832,,,2025-05-23 23:00:00
5826805.80813296,0.0,280.0,,1.1,,0.036631,,,2025-05-23 23:05:00
5826806.808261836,0.0,283.0,,1.1,,0.038732,,,2025-05-23 23:10:00
5826807.808390711,0.0,288.0,,1.1,,0.064134,,,2025-05-23 23:15:00
5826808.808519587,0.0,299.0,,1.1,,0.069155,,3.0,2025-05-23 23:20:00
5826809.8086484615,0.0,309.0,,1.1,,0.011057,,,2025-05-23 23:25:00
5826810.808777337,0.0,315.0,,1.1,,0.014217,,,2025-05-23 23:30:00
5826811.808906212,0.0,316.0,,1.1,,0.021212,,,2025-05-23 23:35:00
5826812.809035088,0.0,312.0,,1.1,,0.022915,,,2025-05-23 23:40:00
5826813.809163963,0.0,307.0,,1.1,,0.023518,,,2025-05-23 23:45:00
5826814.809292838,0.0,303.0,,1.1,,0.030295,,,2025-05-23 23:50:00
5826815.809421713,0.0,300.0,,1.1,,0.035226,,,2025-05-23 23:55:00
5826816.809550589,0.0,297.0,,1.1,,0.044434,,,2025-05-24 00:00:00
5826817.809679464,0.0,294.0,,1.1,,0.049446,,,2025-05-24 00:05:00
5826818.809808339,0.0,293.0,,1.1,,0.052145,,,2025-05-24 00:10:00
5826819.8099372145,0.0,291.0,,1.1,,0.035358,,,2025-05-24 00:15:00
5826820.81006609,0.0,288.0,,1.1,,0.028547,,,2025-05-24 00:20:00
5826821.810194965,0.0,287.0,,1.1,,0.029545,,,2025-05-24 00:25:00
5826822.81032384,0.0,287.0,,1.1,,0.031046,,,2025-05-24 00:30:00
5826823.8104527155,0.0,287.0,,1.1,,0.030667,,,2025-05-24 00:35:00
5826824.810581591,0.0,289.0,,1.1,,0.031316,,,2025-05-24 00:40:00
5826825.8107104665,0.0,293.0,,1.1,,0.041185,,,2025-05-24 00:45:00
5826826.810839342,0.0,293.0,,1.1,,0.049666,,,2025-05-24 00:50:00
5826827.8109682165,0.0,293.0,,1.1,,0.058532,,,2025-05-24 00:55:00
5826828.811097092,0.0,292.0,,1.1,,0.048308,,,2025-05-24 01:00:00
5826829.8112259675,0.0,292.0,,1.1,,0.057975,,,2025-05-24 01:05:00
5826830.811354843,0.0,294.0,,1.1,,0.067593,,,2025-05-24 01:10:00
5826831.8114837175,0.0,293.0,,1.1,,0.06997,,,2025-05-24 01:15:00
5826832.811612593,0.0,293.0,,1.1,,0.072059,,,2025-05-24 01:20:00
5826833.8117414685,0.0,293.0,,1.1,,0.074396,,,2025-05-24 01:25:00
5826834.811870344,0.0,294.0,,1.1,,0.066595,,,2025-05-24 01:30:00
5826835.811999219,0.0,295.0,,1.1,,0.069666,,,2025-05-24 01:35:00
5826836.812128094,0.0,297.0,,1.1,,0.073792,,,2025-05-24 01:40:00
5826837.8122569695,0.0,299.0,,1.1,,0.076834,,,2025-05-24 01:45:00
5826838.812385845,0.0,301.0,,1.1,,0.051035,,,2025-05-24 01:50:00
5826839.8125147205,0.0,309.0,,1.1,,0.04385,,,2025-05-24 01:55:00
5826840.812643595,0.0,306.0,,1.1,,0.053834,,,2025-05-24 02:00:00
5826841.8127724705,0.0,303.0,,1.1,,0.022069,,4.7,2025-05-24 02:05:00
5826842.812901346,0.0,310.0,,1.1,,0.016942,,,2025-05-24 02:10:00
5826843.8130302215,0.0,321.0,,1.1,,0.02795,,,2025-05-24 02:15:00
5826844.813159096,0.0,328.0,,1.1,,0.046343,,,2025-05-24 02:20:00
5826845.813287972,0.0,329.0,,1.1,,0.060898,,,2025-05-24 02:25:00
5826846.813416847,0.0,327.0,,1.1,,0.078431,,,2025-05-24 02:30:00
5826847.8135457225,0.0,320.0,,1.1,,0.096483,,,2025-05-24 02:35:00
5826848.813674597,0.0,311.0,,1.1,,0.111242,,,2025-05-24 02:40:00
5826849.813803473,0.0,306.0,,1.1,,0.129893,,,2025-05-24 02:45:00
5826850.813932348,0.0,311.0,,1.1,,0.028922,,,2025-05-24 02:50:00
5826851.8140612235,0.0,315.0,,1.1,,0.062226,,,2025-05-24 02:55:00
5826852.814190099,0.0,321.0,,1.1,,0.068051,,3.2,2025-05-24 03:00:00
5826853.814318974,0.0,330.0,,1.1,,0.076745,,,2025-05-24 03:05:00
5826854.814447849,0.0,331.0,,1.1,,0.081523,,,2025-05-24 03:10:00
5826855.814576725,0.0,324.0,,1.1,,0.086745,,,2025-05-24 03:15:00
5826856.8147056,0.0,316.0,,1.1,,0.090562,,,2025-05-24 03:20:00
5826857.814834475,0.0,308.0,,1.1,,0.095296,,,2025-05-24 03:25:00
5826858.81496335,0.0,300.0,,1.1,,0.110833,,,2025-05-24 03:30:00
5826859.815092226,0.0,292.0,,1.1,,0.153447,,,2025-05-24 03:35:00
5826860.815221101,0.0,286.0,,1.1,,0.187859,,,2025-05-24 03:40:00
5826861.815349976,0.0,280.0,,1.1,,0.195382,,,2025-05-24 03:45:00
5826862.815478851,0.0,275.0,,1.1,,0.191924,,,2025-05-24 03:50:00
5826863.815607727,0.0,271.0,276.0,1.1,,0.132526,,1.9,2025-05-24 03:55:00
5826864.815736602,0.0,268.0,,1.1,,0.11246,,,2025-05-24 04:00:00
5826865.815865477,0.0,266.0,,1.1,,0.107131,,,2025-05-24 04:05:00
5826866.815994352,0.0,260.0,,1.1,,0.102757,,,2025-05-24 04:10:00
5826867.816123228,0.0,253.0,,1.1,,0.111217,,,2025-05-24 04:15:00
5826868.816252103,0.0,249.0,,1.1,,0.11378,,,2025-05-24 04:20:00
5826869.816380979,0.0,248.0,,1.1,,0.120569,,,2025-05-24 04:25:00
5826870.816509853,0.0,245.0,,1.1,,0.129935,,,2025-05-24 04:30:00
5826871.816638729,0.0,241.0,,1.1,,0.044078,,,2025-05-24 04:35:00
5826872.816767604,0.0,238.0,,1.1,,0.059654,,,2025-05-24 04:40:00
5826873.81689648,0.0,231.0,,1.1,,0.080112,,,2025-05-24 04:45:00
5826874.817025354,0.0,226.0,,1.1,,0.097921,,,2025-05-24 04:50:00
5826875.81715423,1.0,,,1.1,,0.113257,,,2025-05-24 04:55:00
5826876.817283105,1.0,,,1.1,,0.123113,,,2025-05-24 05:00:00
5826877.817411981,1.0,,,1.1,,0.13254,,,2025-05-24 05:05:00
5826878.817540855,1.0,,,1.1,,0.142174,,,2025-05-24 05:10:00
5826879.817669731,1.0,,,1.1,,0.152307,,,2025-05-24 05:15:00
5826880.817798606,1.0,,,1.1,,0.162495,,,2025-05-24 05:20:00
5826881.817927482,1.0,,,1.1,,0.17212,,,2025-05-24 05:25:00
5826882.818056357,1.0,,,1.1,,0.18267,,,2025-05-24 05:30:00
5826883.818185232,1.0,,,1.1,,0.192246,,,2025-05-24 05:35:00
5826884.818314107,1.0,,,1.1,,0.210473,,,2025-05-24 05:40:00
5826885.818442983,1.0,,,1.1,,0.221152,,,2025-05-24 05:45:00
5826886.818571858,1.0,,,1.1,,0.238392,,,2025-05-24 05:50:00
5826887.818700733,1.0,,,1.1,,0.241897,,,2025-05-24 05:55:00
5826888.818829608,1.0,,,1.1,,0.227419,,,2025-05-24 06:00:00
5826889.818958484,1.0,,,1.1,,0.232891,,,2025-05-24 06:05:00
5826890.819087359,1.0,,,1.1,,0.23982,,,2025-05-24 06:10:00
5826891.819216234,1.0,,,1.1,,0.244048,,,2025-05-24 06:15:00
5826892.819345109,1.0,,,1.1,,0.331042,,,2025-05-24 06:20:00
5826893.819473985,1.0,,,1.1,,0.336631,,,2025-05-24 06:25:00
5826894.81960286,1.0,,,1.1,,0.337451,,,2025-05-24 06:30:00
5826895.819731736,1.0,,,1.1,,0.347162,,,2025-05-24 06:35:00
5826896.81986061,1.0,,227.0,1.1,,0.012603,,2.6,2025-05-24 06:40:00
5826897.819989486,1.0,,,1.1,,0.071539,,,2025-05-24 06:45:00
5826898.820118361,1.0,,,1.1,,0.08657,,,2025-05-24 06:50:00
5826899.820247237,0.0,232.0,227.0,1.1,,0.086515,,,2025-05-24 06:55:00
5826900.820376111,0.0,241.0,,1.35,,0.110159,,,2025-05-24 07:00:00
5826901.820504987,0.0,237.0,,1.35,,0.107385,,,2025-05-24 07:05:00
5826902.820633862,0.0,235.0,,1.35,,0.094193,,,2025-05-24 07:10:00
5826903.820762738,0.0,229.0,,1.35,,0.015725,,,2025-05-24 07:15:00
5826904.820891612,0.0,220.0,,1.35,,0.016103,,,2025-05-24 07:20:00
5826905.821020488,0.0,210.0,,1.35,,0.016106,,,2025-05-24 07:25:00
5826906.821149363,0.0,199.0,,1.35,,0.018427,,6.3,2025-05-24 07:30:00
5826907.821278239,0.0,191.0,,1.35,,0.016251,,,2025-05-24 07:35:00
5826908.821407114,0.0,190.0,,1.35,,0.014164,,,2025-05-24 07:40:00
5826909.821535989,0.0,190.0,,1.35,,0.015196,,2.2,2025-05-24 07:45:00
5826910.821664864,0.0,192.0,,1.35,,0.013866,,,2025-05-24 07:50:00
5826911.82179374,0.0,195.0,,1.35,,0.014621,,,2025-05-24 07:55:00
5826912.821922615,0.0,199.0,,1.35,,0.020454,,,2025-05-24 08:00:00
5826913.82205149,0.0,205.0,,1.35,,0.018162,,,2025-05-24 08:05:00
5826914.822180365,0.0,203.0,,1.35,,0.016691,,,2025-05-24 08:10:00
5826915.822309241,0.0,197.0,,1.35,,0.017962,,,2025-05-24 08:15:00
5826916.822438116,0.0,193.0,,1.35,,0.016861,,,2025-05-24 08:20:00
5826917.822566991,0.0,184.0,,1.35,,0.016482,,,2025-05-24 08:25:00
5826918.822695866,0.0,185.0,,1.35,,0.017182,,,2025-05-24 08:30:00
5826919.822824742,0.0,185.0,,1.35,,0.013664,,,2025-05-24 08:35:00
5826920.822953617,0.0,180.0,,1.35,,0.015366,,,2025-05-24 08:40:00
5826921.823082492,0.0,170.0,,1.35,,0.013517,,,2025-05-24 08:45:00
5826922.823211367,0.0,156.0,,1.35,,0.028849,,,2025-05-24 08:50:00
5826923.823340243,0.0,145.0,,1.35,,0.014398,,,2025-05-24 08:55:00
5826924.823469118,0.0,136.0,,1.35,,0.015639,,,2025-05-24 09:00:00
5826925.823597994,0.0,125.0,,1.35,,0.014889,,,2025-05-24 09:05:00
5826926.823726868,0.0,114.0,,1.35,,0.026865,,,2025-05-24 09:10:00
5826927.823855744,0.0,103.0,,1.35,,0.012176,,,2025-05-24 09:15:00
5826928.823984619,0.0,97.0,,1.35,,0.012599,,,2025-05-24 09:20:00
5826929.824113495,0.0,100.0,,1.35,,0.01711,,,2025-05-24 09:25:00
5826930.824242369,0.0,97.0,,1.35,,0.047441,,,2025-05-24 09:30:00
5826931.824371245,0.0,93.0,,1.35,,0.048749,,,2025-05-24 09:35:00
5826932.82450012,0.0,88.0,,1.35,,0.01694,,,2025-05-24 09:40:00
5826933.824628996,0.0,82.0,,1.35,,0.015697,,,2025-05-24 09:45:00
5826934.82475787,0.0,74.0,,1.35,,0.016698,,,2025-05-24 09:50:00
5826935.824886746,0.0,68.0,,1.35,,0.021001,,,2025-05-24 09:55:00
5826936.825015621,0.0,70.0,,1.35,,0.013904,,,2025-05-24 10:00:00
5826937.825144497,0.0,84.0,,1.35,,0.014199,,,2025-05-24 10:05:00
5826938.825273372,0.0,110.0,,1.35,,0.014506,,,2025-05-24 10:10:00
5826939.825402247,0.0,137.0,,1.35,,0.01434,,,2025-05-24 10:15:00
5826940.825531122,0.0,160.0,,1.35,,0.016512,,,2025-05-24 10:20:00
5826941.825659998,0.0,181.0,,1.35,,0.015424,,,2025-05-24 10:25:00
5826942.825788873,0.0,199.0,,1.35,,0.015047,,,2025-05-24 10:30:00
5826943.825917748,0.0,214.0,,1.35,,0.015579,,,2025-05-24 10:35:00
5826944.826046623,0.0,227.0,,1.35,,0.015778,,,2025-05-24 10:40:00
5826945.826175499,0.0,238.0,,1.35,,0.013738,,4.3,2025-05-24 10:45:00
5826946.826304374,0.0,248.0,,1.35,,0.014683,,,2025-05-24 10:50:00
5826947.826433249,0.0,266.0,,1.35,,0.015188,,,2025-05-24 10:55:00
5826948.826562124,0.0,273.0,,1.35,,0.014947,,,2025-05-24 11:00:00
5826949.826691,0.0,284.0,,1.35,,0.014047,,1.7,2025-05-24 11:05:00
5826950.826819875,0.0,294.0,,1.35,,0.01361,,,2025-05-24 11:10:00
5826951.826948751,0.0,294.0,,1.35,,0.013737,,,2025-05-24 11:15:00
5826952.827077625,0.0,299.0,,1.35,,0.012565,,,2025-05-24 11:20:00
5826953.827206501,0.0,297.0,,1.35,,0.012516,,,2025-05-24 11:25:00
5826954.827335376,0.0,289.0,,1.35,,0.014328,,,2025-05-24 11:30:00
5826955.827464252,0.0,282.0,,1.35,,0.016758,,,2025-05-24 11:35:00
5826956.827593126,0.0,278.0,,1.35,,0.018378,,,2025-05-24 11:40:00
5826957.827722002,0.0,279.0,,1.35,,0.015876,,,2025-05-24 11:45:00
5826958.827850877,0.0,275.0,,1.35,,0.014619,,,2025-05-24 11:50:00
5826959.827979753,0.0,269.0,,1.35,,0.017259,,,2025-05-24 11:55:00
5826960.828108627,0.0,261.0,,1.25,,0.012984,,,2025-05-24 12:00:00
5826961.828237503,0.0,260.0,,1.25,,0.013344,,,2025-05-24 12:05:00
5826962.828366378,0.0,260.0,,1.25,,0.01467,,,2025-05-24 12:10:00
5826963.828495254,0.0,258.0,,1.25,,0.013058,,,2025-05-24 12:15:00
5826964.828624129,0.0,263.0,,1.25,,0.013242,,,2025-05-24 12:20:00
5826965.828753004,0.0,266.0,,1.25,,0.014563,,,2025-05-24 12:25:00
5826966.828881879,0.0,270.0,,1.25,,0.0147,,,2025-05-24 12:30:00
5826967.829010755,0.0,275.0,,1.25,,0.011847,,9.2,2025-05-24 12:35:00
5826968.82913963,0.0,282.0,,1.25,,0.015078,,,2025-05-24 12:40:00
5826969.829268505,0.0,290.0,,1.25,,0.013146,,,2025-05-24 12:45:00
5826970.82939738,0.0,299.0,,1.25,,0.013984,,,2025-05-24 12:50:00
5826971.829526256,0.0,309.0,,1.25,,0.013154,,,2025-05-24 12:55:00
5826972.829655131,0.0,313.0,,1.25,,0.013538,,,2025-05-24 13:00:00
5826973.829784006,0.0,314.0,,1.25,,0.014234,,,2025-05-24 13:05:00
5826974.829912881,0.0,313.0,,1.25,,0.016466,,,2025-05-24 13:10:00
5826975.830041757,0.0,307.0,,1.25,,0.013982,,,2025-05-24 13:15:00
5826976.830170632,0.0,295.0,,1.25,,0.014279,,,2025-05-24 13:20:00
5826977.830299507,0.0,282.0,,1.25,,0.012958,,,2025-05-24 13:25:00
5826978.830428382,0.0,275.0,,1.25,,0.013597,,,2025-05-24 13:30:00
5826979.830557258,0.0,276.0,,1.25,,0.012982,,,2025-05-24 13:35:00
5826980.830686133,0.0,276.0,,1.25,,0.012793,,,2025-05-24 13:40:00
5826981.830815009,0.0,276.0,,1.25,,0.013083,,,2025-05-24 13:45:00
5826982.830943883,0.0,282.0,,1.25,,0.015671,,,2025-05-24 13:50:00
5826983.831072759,0.0,286.0,,1.25,,0.01693,,,2025-05-24 13:55:00
5826984.831201634,0.0,284.0,,1.25,,0.01895,,,2025-05-24 14:00:00
5826985.83133051,0.0,275.0,,1.25,,0.011845,,,2025-05-24 14:05:00
5826986.831459384,0.0,277.0,,1.25,,0.012911,,3.0,2025-05-24 14:10:00
5826987.83158826,0.0,289.0,,1.25,,0.013979,,,2025-05-24 14:15:00
5826988.831717135,0.0,301.0,,1.25,,0.015064,,,2025-05-24 14:20:00
5826989.831846011,0.0,306.0,,1.25,,0.013082,,,2025-05-24 14:25:00
5826990.831974885,0.0,311.0,,1.25,,0.013753,,2.2,2025-05-24 14:30:00
5826991.832103761,0.0,316.0,,1.25,,0.016815,,,2025-05-24 14:35:00
5826992.832232636,0.0,315.0,,1.25,,0.0,,,2025-05-24 14:40:00
5826993.832361512,0.0,316.0,,1.25,,,,,2025-05-24 14:45:00
5826994.832490387,0.0,316.0,,1.25,,,,,2025-05-24 14:50:00
5826995.832619262,0.0,314.0,,1.25,,,,,2025-05-24 14:55:00
5826996.832748137,0.0,309.0,,1.25,,,,,2025-05-24 15:00:00
5826997.832877013,0.0,303.0,,1.25,,,,1.7,2025-05-24 15:05:00
5826998.833005888,0.0,294.0,,1.25,,,,,2025-05-24 15:10:00
5826999.833134763,0.0,285.0,,1.25,,,,,2025-05-24 15:15:00
5827000.833263638,0.0,277.0,,1.25,,,,,2025-05-24 15:20:00
5827001.833392514,0.0,261.0,,1.25,,,,,2025-05-24 15:25:00
5827002.833521389,0.0,245.0,,1.25,,,,0.7,2025-05-24 15:30:00
5827003.833650264,0.0,232.0,,1.25,,,,,2025-05-24 15:35:00
5827004.833779139,0.0,222.0,,1.25,,,,,2025-05-24 15:40:00
5827005.833908015,0.0,221.0,,1.25,,,,,2025-05-24 15:45:00
5827006.83403689,0.0,222.0,,1.25,,,,,2025-05-24 15:50:00
5827007.834165766,0.0,223.0,,1.25,,,,1.5,2025-05-24 15:55:00
5827008.83429464,0.0,223.0,,1.25,,,,,2025-05-24 16:00:00
5827009.834423516,0.0,223.0,,1.25,,,,,2025-05-24 16:05:00
5827010.834552391,0.0,224.0,,1.25,,,,,2025-05-24 16:10:00
5827011.834681267,0.0,225.0,,1.25,,,,,2025-05-24 16:15:00
5827012.8348101415,0.0,227.0,,1.25,,,,,2025-05-24 16:20:00
5827013.834939017,0.0,226.0,,1.25,,,,,2025-05-24 16:25:00
5827014.835067892,1.0,,,1.25,,,,,2025-05-24 16:30:00
5827015.835196768,1.0,,,1.25,,,,,2025-05-24 16:35:00
5827016.8353256425,1.0,,,1.25,,,,,2025-05-24 16:40:00
5827017.835454518,1.0,,,1.25,,,,,2025-05-24 16:45:00
5827018.835583393,1.0,,,1.25,,,,,2025-05-24 16:50:00
5827019.835712269,1.0,,,1.25,,,,,2025-05-24 16:55:00
5827020.8358411435,1.0,,,1.25,,,,,2025-05-24 17:00:00
5827021.835970019,1.0,,,1.25,,,,,2025-05-24 17:05:00
5827022.8360988945,1.0,,,1.25,,,,,2025-05-24 17:10:00
5827023.83622777,1.0,,,1.25,,,,,2025-05-24 17:15:00
5827024.836356645,1.0,,,1.25,,,,,2025-05-24 17:20:00
5827025.83648552,1.0,,,1.25,,,,,2025-05-24 17:25:00
5827026.8366143955,1.0,,,1.25,,,,,2025-05-24 17:30:00
5827027.836743271,1.0,,,1.25,,,,,2025-05-24 17:35:00
5827028.836872146,1.0,,,1.25,,,,,2025-05-24 17:40:00
5827029.837001021,1.0,,,1.25,,,,,2025-05-24 17:45:00
5827030.8371298965,1.0,,,1.25,,,,,2025-05-24 17:50:00
5827031.837258772,1.0,,,1.25,,,,,2025-05-24 17:55:00
5827032.8373876475,1.0,,,1.2,,,,,2025-05-24 18:00:00
5827033.837516522,1.0,,,1.2,,,,,2025-05-24 18:05:00
5827034.8376453975,1.0,,,1.2,,,,,2025-05-24 18:10:00
5827035.837774273,1.0,,,1.2,,,,,2025-05-24 18:15:00
5827036.8379031485,1.0,,,1.2,,,,,2025-05-24 18:20:00
5827037.838032024,1.0,,,1.2,,,,,2025-05-24 18:25:00
5827038.838160899,1.0,,,1.2,,,,,2025-05-24 18:30:00
5827039.838289774,1.0,,,1.2,,,,,2025-05-24 18:35:00
5827040.8384186495,1.0,,,1.2,,,,,2025-05-24 18:40:00
5827041.838547525,1.0,,,1.2,,,,,2025-05-24 18:45:00
5827042.8386764,1.0,,,1.2,,,,,2025-05-24 18:50:00
5827043.838805275,1.0,,,0.0,,,,,2025-05-24 18:55:00
5827044.8389341505,1.0,,,0.0,,,,,2025-05-24 19:00:00
5827045.839063026,1.0,,,0.0,,,,,2025-05-24 19:05:00
5827046.839191901,1.0,,,0.0,,,,,2025-05-24 19:10:00
5827047.839320776,1.0,,,0.0,,,,,2025-05-24 19:15:00
5827048.839449652,1.0,,,0.0,,,,,2025-05-24 19:20:00
5827049.839578527,1.0,,,0.0,,,,,2025-05-24 19:25:00
5827050.8397074025,1.0,,,0.0,,,,,2025-05-24 19:30:00
5827051.839836277,1.0,,,0.0,,,,,2025-05-24 19:35:00
5827052.839965153,1.0,,,0.0,,,,,2025-05-24 19:40:00
5827053.840094028,1.0,,,0.0,,,,,2025-05-24 19:45:00
5827054.8402229035,1.0,,,1.2,,,,,2025-05-24 19:50:00
5827055.840351778,1.0,,,1.2,,,,,2025-05-24 19:55:00
5827056.840480654,1.0,,,1.2,,,,,2025-05-24 20:00:00
5827057.840609529,1.0,,,1.2,,,,,2025-05-24 20:05:00
5827058.840738405,1.0,,,1.2,,,,,2025-05-24 20:10:00
5827059.840867279,1.0,,,1.2,,,,,2025-05-24 20:15:00
5827060.840996155,1.0,,,1.2,,,,7.6,2025-05-24 20:20:00
5827061.84112503,1.0,,,1.2,,,,,2025-05-24 20:25:00
5827062.841253906,1.0,,,1.2,,,,,2025-05-24 20:30:00
5827063.841382781,1.0,,,1.2,,,,,2025-05-24 20:35:00
5827064.841511656,1.0,,,1.2,,,,,2025-05-24 20:40:00
5827065.841640531,1.0,,,1.2,,,,,2025-05-24 20:45:00
5827066.841769407,1.0,,,1.2,,,,,2025-05-24 20:50:00
5827067.841898282,1.0,,,1.2,,,,,2025-05-24 20:55:00
5827068.842027157,1.0,,,1.1,,,,,2025-05-24 21:00:00
5827069.842156032,1.0,,,1.1,,,,,2025-05-24 21:05:00
5827070.842284908,1.0,,,1.1,,,,,2025-05-24 21:10:00
5827071.842413783,1.0,,,1.1,,,,,2025-05-24 21:15:00
5827072.842542658,1.0,,,1.1,,,,,2025-05-24 21:20:00
5827073.842671533,1.0,,,1.1,,,,,2025-05-24 21:25:00
5827074.842800409,1.0,,,1.1,,,,,2025-05-24 21:30:00
5827075.842929284,1.0,,,1.1,,,,,2025-05-24 21:35:00
5827076.84305816,1.0,,,1.1,,,,,2025-05-24 21:40:00
5827077.843187034,1.0,,,1.1,,,,,2025-05-24 21:45:00
5827078.84331591,1.0,,,1.1,,,,,2025-05-24 21:50:00
5827079.843444785,1.0,,,1.1,,,,,2025-05-24 21:55:00
5827080.843573661,1.0,,,1.1,,,,,2025-05-24 22:00:00
5827081.843702535,1.0,,,1.1,,,,,2025-05-24 22:05:00
5827082.843831411,1.0,,,1.1,,,,,2025-05-24 22:10:00
5827083.843960286,1.0,,,1.1,,,,,2025-05-24 22:15:00
5827084.844089162,1.0,,,1.1,,,,,2025-05-24 22:20:00
5827085.844218036,1.0,,,1.1,,,,,2025-05-24 22:25:00
5827086.844346912,1.0,,,1.1,,,,,2025-05-24 22:30:00
5827087.844475787,1.0,,,1.1,,,,,2025-05-24 22:35:00
5827088.844604663,1.0,,,1.1,,,,,2025-05-24 22:40:00
5827089.844733537,1.0,,,1.1,,,,,2025-05-24 22:45:00
5827090.844862413,1.0,,,1.1,,,,,2025-05-24 22:50:00
5827091.844991288,1.0,,,1.1,,,,,2025-05-24 22:55:00
5827092.845120164,1.0,,218.0,1.1,,,,2.3,2025-05-24 23:00:00
5827093.845249039,1.0,,,1.1,,,,,2025-05-24 23:05:00
5827094.845377914,1.0,,,1.1,,,,,2025-05-24 23:10:00
5827095.845506789,0.0,211.0,218.0,1.1,,,,,2025-05-24 23:15:00
5827096.845635665,0.0,215.0,,1.1,,,,,2025-05-24 23:20:00
5827097.84576454,0.0,213.0,,1.1,,,,,2025-05-24 23:25:00
5827098.845893415,0.0,213.0,,1.1,,,,,2025-05-24 23:30:00
5827099.84602229,0.0,209.0,,1.1,,,,,2025-05-24 23:35:00
5827100.846151166,0.0,204.0,,1.1,,,,,2025-05-24 23:40:00
5827101.846280041,0.0,197.0,,1.1,,,,,2025-05-24 23:45:00
5827102.846408916,0.0,192.0,,1.1,,,,,2025-05-24 23:50:00
5827103.846537791,0.0,188.0,,1.1,,,,,2025-05-24 23:55:00
5827104.846666667,0.0,182.0,,1.1,,,,,2025-05-25 00:00:00
