5minute_intervals_timestamp,missing_cbg,cbg,finger,basal,hr,gsr,carbInput,bolus,time
5994720.9,0.0,72.0,,0.85,,,,,2026-12-28 00:00:00
5994721.90014556,0.0,71.0,,0.85,,,,,2026-12-28 00:05:00
5994722.900291119,0.0,71.0,,0.85,,,,,2026-12-28 00:10:00
5994723.900436678,0.0,71.0,,0.85,,,,,2026-12-28 00:15:00
5994724.900582238,0.0,71.0,,0.85,,,,,2026-12-28 00:20:00
5994725.900727797,0.0,72.0,,0.85,,,,,2026-12-28 00:25:00
5994726.9008733565,0.0,71.0,,0.85,,,,,2026-12-28 00:30:00
5994727.901018916,0.0,71.0,,0.85,,,,,2026-12-28 00:35:00
5994728.901164475,0.0,71.0,,0.85,,,,,2026-12-28 00:40:00
5994729.901310034,0.0,71.0,,0.85,,,,,2026-12-28 00:45:00
5994730.901455593,0.0,71.0,,0.85,,,,,2026-12-28 00:50:00
5994731.901601153,0.0,71.0,,0.85,,,,,2026-12-28 00:55:00
5994732.901746713,0.0,71.0,,0.85,,,,,2026-12-28 01:00:00
5994733.901892272,0.0,71.0,,0.85,,,,,2026-12-28 01:05:00
5994734.902037831,0.0,71.0,,0.85,,,,,2026-12-28 01:10:00
5994735.90218339,0.0,72.0,,0.85,,,,,2026-12-28 01:15:00
5994736.902328949,0.0,74.0,,0.85,,,,,2026-12-28 01:20:00
5994737.902474509,0.0,75.0,,0.85,,,,,2026-12-28 01:25:00
5994738.902620069,0.0,76.0,,0.85,,,,,2026-12-28 01:30:00
5994739.902765628,0.0,77.0,,0.85,,,,,2026-12-28 01:35:00
5994740.902911187,0.0,79.0,,0.85,,,,,2026-12-28 01:40:00
5994741.903056746,0.0,82.0,,0.85,,,,,2026-12-28 01:45:00
5994742.903202306,0.0,81.0,,0.85,,,,,2026-12-28 01:50:00
5994743.903347865,0.0,81.0,,0.85,,,,,2026-12-28 01:55:00
5994744.903493424,0.0,83.0,,0.85,,,,,2026-12-28 02:00:00
5994745.903638984,0.0,86.0,,0.85,,,,,2026-12-28 02:05:00
5994746.903784543,0.0,89.0,,0.85,,,,,2026-12-28 02:10:00
5994747.9039301025,0.0,88.0,,0.85,,,,,2026-12-28 02:15:00
5994748.904075662,0.0,87.0,,0.85,,,,,2026-12-28 02:20:00
5994749.904221221,0.0,86.0,,0.85,,,,,2026-12-28 02:25:00
5994750.90436678,0.0,87.0,,0.85,,,,,2026-12-28 02:30:00
5994751.904512339,0.0,81.0,,0.85,,,,,2026-12-28 02:35:00
5994752.904657899,0.0,78.0,,0.85,,,,,2026-12-28 02:40:00
5994753.904803459,0.0,80.0,,0.85,,,,,2026-12-28 02:45:00
5994754.904949018,0.0,84.0,,0.85,,,,,2026-12-28 02:50:00
5994755.905094577,0.0,89.0,,1.75,,,,,2026-12-28 02:55:00
5994756.905240136,0.0,91.0,,1.75,,,,,2026-12-28 03:00:00
5994757.905385695,0.0,92.0,,1.75,,,,,2026-12-28 03:05:00
5994758.905531255,0.0,92.0,,1.75,,,,,2026-12-28 03:10:00
5994759.905676815,0.0,94.0,,1.75,,,,,2026-12-28 03:15:00
5994760.905822374,0.0,96.0,,1.75,,,,,2026-12-28 03:20:00
5994761.905967933,0.0,98.0,,1.75,,,,,2026-12-28 03:25:00
5994762.906113492,0.0,98.0,,1.75,,,,,2026-12-28 03:30:00
5994763.9062590515,0.0,97.0,,1.75,,,,,2026-12-28 03:35:00
5994764.906404611,0.0,97.0,,1.75,,,,,2026-12-28 03:40:00
5994765.90655017,0.0,100.0,,1.75,,,,,2026-12-28 03:45:00
5994766.90669573,0.0,102.0,,1.75,,,,,2026-12-28 03:50:00
5994767.906841289,0.0,101.0,,1.75,,,,,2026-12-28 03:55:00
5994768.906986848,0.0,100.0,,1.75,,,,,2026-12-28 04:00:00
5994769.907132408,0.0,93.0,,1.75,,,,,2026-12-28 04:05:00
5994770.907277967,0.0,91.0,,1.75,,,,,2026-12-28 04:10:00
5994771.907423526,0.0,94.0,,1.75,,,,,2026-12-28 04:15:00
5994772.907569085,0.0,98.0,,1.75,,,,,2026-12-28 04:20:00
5994773.907714645,0.0,97.0,,1.75,,,,,2026-12-28 04:25:00
5994774.907860205,0.0,97.0,,1.75,,,,,2026-12-28 04:30:00
5994775.908005764,0.0,97.0,,1.75,,,,,2026-12-28 04:35:00
5994776.908151323,0.0,97.0,,1.75,,,,,2026-12-28 04:40:00
5994777.908296882,0.0,98.0,,1.75,,,,,2026-12-28 04:45:00
5994778.908442441,0.0,98.0,,1.75,,,,,2026-12-28 04:50:00
5994779.908588001,0.0,96.0,,1.75,,,,,2026-12-28 04:55:00
5994780.908733561,0.0,92.0,,1.75,,,,,2026-12-28 05:00:00
5994781.90887912,0.0,93.0,,1.75,,,,,2026-12-28 05:05:00
5994782.909024679,0.0,94.0,,1.75,,,,,2026-12-28 05:10:00
5994783.909170238,0.0,95.0,,1.75,,,,,2026-12-28 05:15:00
5994784.9093157975,0.0,96.0,,1.75,,,,,2026-12-28 05:20:00
5994785.909461357,0.0,97.0,,1.75,,,,,2026-12-28 05:25:00
5994786.909606916,0.0,95.0,,1.75,,,,,2026-12-28 05:30:00
5994787.909752476,0.0,92.0,,1.75,,,,,2026-12-28 05:35:00
5994788.909898035,0.0,94.0,,1.75,,,,,2026-12-28 05:40:00
5994789.910043594,0.0,96.0,,1.75,,,,,2026-12-28 05:45:00
5994790.910189154,0.0,96.0,,1.75,,,,,2026-12-28 05:50:00
5994791.910334713,0.0,97.0,,1.75,,,,,2026-12-28 05:55:00
5994792.910480272,0.0,96.0,,1.75,,,,,2026-12-28 06:00:00
5994793.910625831,0.0,95.0,,1.75,,,,,2026-12-28 06:05:00
5994794.910771391,0.0,93.0,,1.75,,,,,2026-12-28 06:10:00
5994795.910916951,0.0,91.0,,1.75,,,,,2026-12-28 06:15:00
5994796.91106251,0.0,90.0,,1.75,,,,,2026-12-28 06:20:00
5994797.911208069,0.0,90.0,,1.75,,,,,2026-12-28 06:25:00
5994798.911353628,0.0,87.0,,1.75,,,,,2026-12-28 06:30:00
5994799.911499187,0.0,83.0,,1.75,,,,,2026-12-28 06:35:00
5994800.911644747,0.0,85.0,,1.75,,,,,2026-12-28 06:40:00
5994801.911790307,0.0,87.0,,1.75,,,,,2026-12-28 06:45:00
5994802.911935866,0.0,90.0,,1.75,,,,,2026-12-28 06:50:00
5994803.912081425,0.0,89.0,,1.75,,,,,2026-12-28 06:55:00
5994804.912226984,0.0,87.0,,1.75,,,,,2026-12-28 07:00:00
5994805.9123725435,0.0,90.0,,1.75,,,,,2026-12-28 07:05:00
5994806.912518103,0.0,92.0,,1.75,,,,,2026-12-28 07:10:00
5994807.912663662,0.0,96.0,,1.75,,,,,2026-12-28 07:15:00
5994808.912809222,0.0,98.0,,1.75,,,,,2026-12-28 07:20:00
5994809.912954781,0.0,102.0,,1.75,,,,,2026-12-28 07:25:00
5994810.91310034,0.0,106.0,,1.75,,,,,2026-12-28 07:30:00
5994811.9132459,0.0,107.0,,1.75,,,,,2026-12-28 07:35:00
5994812.913391459,0.0,109.0,,1.75,,,,,2026-12-28 07:40:00
5994813.913537018,0.0,106.0,,1.75,,,,,2026-12-28 07:45:00
5994814.913682577,0.0,99.0,,1.75,,,,,2026-12-28 07:50:00
5994815.913828137,0.0,99.0,,1.35,,,,,2026-12-28 07:55:00
5994816.9139736965,0.0,101.0,,1.35,,,,,2026-12-28 08:00:00
5994817.914119256,0.0,102.0,,1.35,,,,,2026-12-28 08:05:00
5994818.914264815,0.0,103.0,,1.35,,,,,2026-12-28 08:10:00
5994819.914410374,0.0,106.0,106.0,1.35,,,,7.1,2026-12-28 08:15:00
5994820.914555933,0.0,109.0,,1.35,,,,,2026-12-28 08:20:00
5994821.9147014925,0.0,114.0,,1.35,,,,,2026-12-28 08:25:00
5994822.914847053,0.0,117.0,,1.35,,,,,2026-12-28 08:30:00
5994823.914992612,0.0,121.0,,1.35,,,,,2026-12-28 08:35:00
5994824.915138171,0.0,128.0,,1.35,,,,,2026-12-28 08:40:00
5994825.91528373,0.0,140.0,,1.35,,,,,2026-12-28 08:45:00
5994826.915429289,0.0,155.0,,1.35,,0.027072,,,2026-12-28 08:50:00
5994827.915574849,0.0,171.0,,1.35,,0.05497,,,2026-12-28 08:55:00
5994828.915720408,0.0,188.0,,1.35,,0.066864,,,2026-12-28 09:00:00
5994829.915865968,0.0,199.0,,1.35,,0.087421,,,2026-12-28 09:05:00
5994830.916011527,0.0,206.0,,1.35,,0.100901,,,2026-12-28 09:10:00
5994831.916157086,0.0,210.0,,1.35,,0.111076,,,2026-12-28 09:15:00
5994832.916302646,0.0,208.0,,1.35,,0.131245,,,2026-12-28 09:20:00
5994833.916448205,0.0,201.0,,1.35,,0.130416,,,2026-12-28 09:25:00
5994834.916593764,0.0,192.0,,0.0,,0.125617,,,2026-12-28 09:30:00
5994835.916739323,0.0,186.0,,0.0,,0.14849,,,2026-12-28 09:35:00
5994836.916884883,0.0,178.0,,0.0,,0.119837,,,2026-12-28 09:40:00
5994837.9170304425,0.0,170.0,,0.0,,0.098529,,,2026-12-28 09:45:00
5994838.917176002,0.0,163.0,,0.0,,0.109688,,,2026-12-28 09:50:00
5994839.917321561,0.0,157.0,,0.0,,0.080051,,,2026-12-28 09:55:00
5994840.91746712,0.0,156.0,,0.0,,0.046874,,,2026-12-28 10:00:00
5994841.917612679,0.0,152.0,,0.0,,0.043347,,,2026-12-28 10:05:00
5994842.9177582385,0.0,142.0,,0.0,,0.061837,,,2026-12-28 10:10:00
5994843.917903799,0.0,135.0,,0.0,,0.070268,,,2026-12-28 10:15:00
5994844.918049358,0.0,134.0,,0.0,,0.077028,,,2026-12-28 10:20:00
5994845.918194917,0.0,131.0,,0.0,,0.077952,,,2026-12-28 10:25:00
5994846.918340476,0.0,127.0,,0.0,,0.077765,,,2026-12-28 10:30:00
5994847.918486035,0.0,134.0,,0.0,,0.079796,,,2026-12-28 10:35:00
5994848.918631595,0.0,151.0,,0.0,,0.085639,,,2026-12-28 10:40:00
5994849.918777154,0.0,171.0,,0.0,,0.088408,,,2026-12-28 10:45:00
5994850.918922714,0.0,193.0,197.0,1.35,,0.097087,,15.0,2026-12-28 10:50:00
5994851.919068273,0.0,212.0,,1.35,,0.101423,,,2026-12-28 10:55:00
5994852.919213832,1.0,,,1.35,,0.102846,,,2026-12-28 11:00:00
5994853.919359392,1.0,,,1.35,,0.10647,,,2026-12-28 11:05:00
5994854.919504951,1.0,,,1.35,,0.103848,,,2026-12-28 11:10:00
5994855.91965051,1.0,,,1.35,,0.111457,,,2026-12-28 11:15:00
5994856.919796069,1.0,,,1.35,,0.119985,,,2026-12-28 11:20:00
5994857.919941629,1.0,,,1.35,,0.128734,,,2026-12-28 11:25:00
5994858.9200871885,1.0,,,1.35,,0.123093,,,2026-12-28 11:30:00
5994859.920232748,1.0,,,1.35,,0.125991,,,2026-12-28 11:35:00
5994860.920378307,1.0,,,1.35,,0.046004,,,2026-12-28 11:40:00
5994861.920523866,1.0,,,1.35,,0.059772,,,2026-12-28 11:45:00
5994862.920669425,1.0,,,1.35,,0.062396,,,2026-12-28 11:50:00
5994863.9208149845,1.0,,,1.35,,0.069585,,,2026-12-28 11:55:00
5994864.920960545,1.0,,,1.35,,0.078904,,,2026-12-28 12:00:00
5994865.921106104,1.0,,,1.35,,0.084279,,,2026-12-28 12:05:00
5994866.921251663,1.0,,,1.35,,0.088228,,,2026-12-28 12:10:00
5994867.921397222,1.0,,,1.35,,0.071894,,,2026-12-28 12:15:00
5994868.921542781,1.0,,,1.35,,0.073745,,,2026-12-28 12:20:00
5994869.921688341,1.0,,,1.1,,0.073998,,,2026-12-28 12:25:00
5994870.9218339,1.0,,,1.1,,0.074317,,,2026-12-28 12:30:00
5994871.92197946,1.0,,78.0,1.1,,0.079181,80.0,,2026-12-28 12:35:00
5994872.922125019,1.0,,,1.1,,0.084102,,,2026-12-28 12:40:00
5994873.922270578,1.0,,,0.0,,0.083829,,,2026-12-28 12:45:00
5994874.9224161375,0.0,75.0,78.0,1.1,,0.084636,,,2026-12-28 12:50:00
5994875.922561697,0.0,70.0,,1.1,,0.084104,,,2026-12-28 12:55:00
5994876.922707256,0.0,67.0,,1.1,,0.092539,,,2026-12-28 13:00:00
5994877.922852815,0.0,66.0,,1.1,,0.096993,,,2026-12-28 13:05:00
5994878.922998375,0.0,70.0,,1.1,,0.097835,,,2026-12-28 13:10:00
5994879.923143934,0.0,84.0,,1.1,,0.100785,,,2026-12-28 13:15:00
5994880.923289494,0.0,101.0,,1.1,,0.106277,,,2026-12-28 13:20:00
5994881.923435053,0.0,114.0,,1.1,,0.099582,,,2026-12-28 13:25:00
5994882.923580612,0.0,124.0,,1.1,,0.099337,,,2026-12-28 13:30:00
5994883.923726171,0.0,133.0,,1.1,,0.101946,,,2026-12-28 13:35:00
5994884.92387173,0.0,134.0,,1.1,,0.109125,,,2026-12-28 13:40:00
5994885.924017291,0.0,134.0,,1.1,,0.107759,,,2026-12-28 13:45:00
5994886.92416285,0.0,140.0,,1.1,,0.110727,,,2026-12-28 13:50:00
5994887.924308409,0.0,148.0,,1.1,,0.105888,,,2026-12-28 13:55:00
5994888.924453968,0.0,151.0,,1.1,,0.092969,,,2026-12-28 14:00:00
5994889.924599527,0.0,160.0,,1.1,,0.099498,,,2026-12-28 14:05:00
5994890.924745087,0.0,169.0,,1.1,,0.629919,,,2026-12-28 14:10:00
5994891.924890646,0.0,180.0,,1.1,,6.179338,,,2026-12-28 14:15:00
5994892.925036206,0.0,200.0,,1.1,,2.953544,,,2026-12-28 14:20:00
5994893.925181765,0.0,206.0,,1.1,,2.346437,,,2026-12-28 14:25:00
5994894.925327324,0.0,206.0,,1.1,,1.647647,,,2026-12-28 14:30:00
5994895.9254728835,0.0,215.0,,1.1,,1.20369,,,2026-12-28 14:35:00
5994896.925618443,0.0,229.0,,1.1,,3.37337,,,2026-12-28 14:40:00
5994897.925764002,0.0,236.0,,1.1,,4.894755,,,2026-12-28 14:45:00
5994898.925909561,0.0,239.0,,1.1,,5.76242,,,2026-12-28 14:50:00
5994899.926055121,0.0,240.0,,1.1,,3.484117,,,2026-12-28 14:55:00
5994900.92620068,0.0,242.0,,1.1,,5.05352,,,2026-12-28 15:00:00
5994901.92634624,0.0,244.0,,1.1,,17.739916,,,2026-12-28 15:05:00
5994902.926491799,0.0,248.0,,1.1,,12.989238,,,2026-12-28 15:10:00
5994903.926637358,0.0,251.0,,1.1,,5.011994,,,2026-12-28 15:15:00
5994904.926782917,0.0,252.0,253.0,1.1,,4.522699,,13.3,2026-12-28 15:20:00
5994905.926928476,0.0,253.0,,1.1,,3.468809,,,2026-12-28 15:25:00
5994906.927074037,0.0,276.0,,1.1,,5.932929,,,2026-12-28 15:30:00
5994907.927219596,0.0,292.0,,1.1,,5.723595,,,2026-12-28 15:35:00
5994908.927365155,0.0,294.0,,1.1,,0.567325,,,2026-12-28 15:40:00
5994909.927510714,0.0,291.0,,1.1,,0.809954,,,2026-12-28 15:45:00
5994910.927656273,0.0,285.0,,1.1,,0.610292,,,2026-12-28 15:50:00
5994911.927801833,0.0,278.0,,1.1,,0.549362,,,2026-12-28 15:55:00
5994912.927947392,0.0,271.0,,1.1,,0.457214,,,2026-12-28 16:00:00
5994913.928092952,0.0,264.0,,1.1,,0.42131,,,2026-12-28 16:05:00
5994914.928238511,0.0,258.0,258.0,1.1,,0.436554,,3.2,2026-12-28 16:10:00
5994915.92838407,0.0,250.0,,1.1,,0.48813,,,2026-12-28 16:15:00
5994916.9285296295,0.0,243.0,,1.1,,0.48745,,,2026-12-28 16:20:00
5994917.928675189,0.0,234.0,,1.1,,0.489395,,,2026-12-28 16:25:00
5994918.928820748,0.0,225.0,,1.1,,0.514555,,,2026-12-28 16:30:00
5994919.928966307,0.0,216.0,,1.1,,0.485534,,,2026-12-28 16:35:00
5994920.929111867,0.0,206.0,,1.1,,0.474864,,,2026-12-28 16:40:00
5994921.929257426,0.0,199.0,,1.1,,0.489425,,,2026-12-28 16:45:00
5994922.929402986,0.0,194.0,,1.1,,0.522818,,,2026-12-28 16:50:00
5994923.929548545,0.0,190.0,,1.1,,0.494424,,,2026-12-28 16:55:00
5994924.929694104,0.0,186.0,,1.1,,0.31934,,,2026-12-28 17:00:00
5994925.929839663,0.0,183.0,,1.1,,1.674935,,,2026-12-28 17:05:00
5994926.929985222,0.0,180.0,,1.1,,5.090015,,,2026-12-28 17:10:00
5994927.930130783,0.0,181.0,,1.1,,10.686353,,,2026-12-28 17:15:00
5994928.930276342,0.0,183.0,,1.1,,17.410925,,,2026-12-28 17:20:00
5994929.930421901,0.0,186.0,,1.1,,8.751987,,,2026-12-28 17:25:00
5994930.93056746,0.0,190.0,,1.1,,6.848351,,,2026-12-28 17:30:00
5994931.930713019,0.0,190.0,,1.1,,5.14954,,,2026-12-28 17:35:00
5994932.9308585785,0.0,192.0,,1.1,,4.642361,,,2026-12-28 17:40:00
5994933.931004138,0.0,196.0,,1.1,,18.586683,,,2026-12-28 17:45:00
5994934.931149698,0.0,198.0,,1.1,,12.082764,,,2026-12-28 17:50:00
5994935.931295257,0.0,196.0,,1.2,,9.045178,,,2026-12-28 17:55:00
5994936.931440816,0.0,192.0,,1.2,,7.664123,,,2026-12-28 18:00:00
5994937.931586375,0.0,188.0,,1.2,,5.307029,,,2026-12-28 18:05:00
5994938.931731935,0.0,184.0,,1.2,,1.761913,,,2026-12-28 18:10:00
5994939.931877494,0.0,179.0,,1.2,,0.827003,,,2026-12-28 18:15:00
5994940.932023053,0.0,174.0,,1.2,,1.087035,,,2026-12-28 18:20:00
5994941.932168613,0.0,169.0,,1.2,,0.545779,,,2026-12-28 18:25:00
5994942.932314172,0.0,163.0,,1.2,,0.409076,,,2026-12-28 18:30:00
5994943.932459732,0.0,154.0,,1.2,,0.307127,,,2026-12-28 18:35:00
5994944.932605291,0.0,145.0,,1.2,,0.258251,,,2026-12-28 18:40:00
5994945.93275085,0.0,138.0,,1.2,,0.454282,,,2026-12-28 18:45:00
5994946.932896409,0.0,136.0,,1.2,,0.310428,,,2026-12-28 18:50:00
5994947.933041968,0.0,140.0,,1.2,,0.397904,,,2026-12-28 18:55:00
5994948.9331875285,0.0,148.0,,1.2,,0.396247,,,2026-12-28 19:00:00
5994949.933333088,0.0,159.0,,1.2,,0.384514,,,2026-12-28 19:05:00
5994950.933478647,0.0,172.0,,1.2,,0.335107,,,2026-12-28 19:10:00
5994951.933624206,0.0,185.0,194.0,1.2,,0.3045,,17.2,2026-12-28 19:15:00
5994952.933769765,0.0,198.0,,1.2,,0.360183,,,2026-12-28 19:20:00
5994953.9339153245,0.0,216.0,,1.2,,0.337163,,,2026-12-28 19:25:00
5994954.934060884,0.0,230.0,,1.2,,0.312025,,,2026-12-28 19:30:00
5994955.934206444,0.0,237.0,,1.2,,0.317255,,,2026-12-28 19:35:00
5994956.934352003,0.0,239.0,,1.2,,0.298823,,,2026-12-28 19:40:00
5994957.934497562,0.0,240.0,,1.2,,4.966413,,,2026-12-28 19:45:00
5994958.934643121,0.0,241.0,,1.2,,2.364545,,,2026-12-28 19:50:00
5994959.934788681,0.0,240.0,,1.2,,1.758099,,,2026-12-28 19:55:00
5994960.93493424,0.0,234.0,,1.2,,1.768624,,,2026-12-28 20:00:00
5994961.935079799,0.0,226.0,,1.2,,1.835311,,,2026-12-28 20:05:00
5994962.935225359,0.0,221.0,,1.2,,1.946677,,,2026-12-28 20:10:00
5994963.935370918,0.0,223.0,,1.2,,2.113537,,,2026-12-28 20:15:00
5994964.935516478,0.0,223.0,,1.2,,2.166672,,,2026-12-28 20:20:00
5994965.935662037,0.0,222.0,,1.2,,1.114238,,,2026-12-28 20:25:00
5994966.935807596,0.0,219.0,,1.2,,0.541527,,,2026-12-28 20:30:00
5994967.935953155,0.0,215.0,,1.2,,1.063905,,,2026-12-28 20:35:00
5994968.936098714,0.0,205.0,,1.2,,0.534107,,,2026-12-28 20:40:00
5994969.9362442745,0.0,197.0,,1.2,,0.747763,,,2026-12-28 20:45:00
5994970.936389834,0.0,185.0,,1.2,,0.581382,,,2026-12-28 20:50:00
5994971.936535393,0.0,171.0,,1.2,,0.076549,,,2026-12-28 20:55:00
5994972.936680952,0.0,158.0,,1.2,,0.0,,,2026-12-28 21:00:00
5994973.936826511,0.0,146.0,,1.2,,,,,2026-12-28 21:05:00
5994974.9369720705,0.0,139.0,,1.2,,,,,2026-12-28 21:10:00
5994975.93711763,0.0,140.0,,1.2,,,,,2026-12-28 21:15:00
5994976.93726319,0.0,139.0,,1.2,,,,,2026-12-28 21:20:00
5994977.937408749,0.0,142.0,,1.2,,,,,2026-12-28 21:25:00
5994978.937554308,0.0,145.0,,1.2,,0.006381,,,2026-12-28 21:30:00
5994979.937699867,0.0,147.0,,1.2,,0.005284,,,2026-12-28 21:35:00
5994980.937845427,0.0,149.0,,1.2,,0.006473,,,2026-12-28 21:40:00
5994981.937990986,0.0,149.0,,1.2,,0.007249,,,2026-12-28 21:45:00
5994982.938136545,0.0,148.0,,1.2,,0.009086,,,2026-12-28 21:50:00
5994983.938282105,0.0,147.0,,1.0,,0.008958,,,2026-12-28 21:55:00
5994984.938427664,0.0,146.0,,1.0,,0.00701,,,2026-12-28 22:00:00
5994985.938573224,0.0,145.0,,1.0,,0.009914,,,2026-12-28 22:05:00
5994986.938718783,0.0,145.0,,1.0,,0.006962,,,2026-12-28 22:10:00
5994987.938864342,0.0,145.0,,1.0,,0.008257,,,2026-12-28 22:15:00
5994988.939009901,0.0,147.0,,1.0,,0.010037,,,2026-12-28 22:20:00
5994989.93915546,0.0,146.0,,1.0,,0.008562,,,2026-12-28 22:25:00
5994990.9393010205,0.0,141.0,,0.0,,0.009504,,,2026-12-28 22:30:00
5994991.93944658,0.0,134.0,,0.0,,0.010676,,,2026-12-28 22:35:00
5994992.939592139,0.0,128.0,,1.0,,0.010869,,,2026-12-28 22:40:00
5994993.939737698,0.0,123.0,51.0,1.0,,0.009454,,0.3,2026-12-28 22:45:00
5994994.939883257,0.0,116.0,,1.0,,0.012039,,,2026-12-28 22:50:00
5994995.940028816,0.0,112.0,,1.0,,0.011215,,,2026-12-28 22:55:00
5994996.940174376,1.0,,,1.0,,0.00943,,,2026-12-28 23:00:00
5994997.940319936,1.0,,,1.0,,0.010902,,,2026-12-28 23:05:00
5994998.940465495,1.0,,,1.0,,0.011227,,,2026-12-28 23:10:00
5994999.940611054,1.0,,,1.0,,0.011228,,,2026-12-28 23:15:00
5995000.940756613,1.0,,,1.0,,0.013107,,,2026-12-28 23:20:00
5995001.940902173,1.0,,,1.0,,0.009637,,,2026-12-28 23:25:00
5995002.941047732,1.0,,,1.0,,0.01043,,,2026-12-28 23:30:00
5995003.941193291,1.0,,,1.0,,0.010832,,,2026-12-28 23:35:00
5995004.941338851,1.0,,,1.0,,0.010171,,,2026-12-28 23:40:00
5995005.94148441,1.0,,,1.0,,0.011277,,,2026-12-28 23:45:00
5995006.9416299695,1.0,,,1.0,,0.011523,,,2026-12-28 23:50:00
5995007.941775529,1.0,,,0.85,,0.012836,,,2026-12-28 23:55:00
5995008.941921088,1.0,,,0.85,,0.013084,,,2026-12-29 00:00:00
5995009.942066647,1.0,,,0.85,,0.012386,,,2026-12-29 00:05:00
5995010.942212206,1.0,,,0.85,,0.011458,,,2026-12-29 00:10:00
5995011.942357766,1.0,,,0.85,,0.013991,,,2026-12-29 00:15:00
5995012.942503326,1.0,,,0.85,,0.012537,,,2026-12-29 00:20:00
5995013.942648885,1.0,,,0.85,,0.014876,,,2026-12-29 00:25:00
5995014.942794444,1.0,,,0.85,,0.015271,,,2026-12-29 00:30:00
5995015.942940003,1.0,,,0.85,,0.016169,,,2026-12-29 00:35:00
5995016.943085562,1.0,,,0.85,,0.015345,,,2026-12-29 00:40:00
5995017.943231122,1.0,,,0.85,,0.018451,,,2026-12-29 00:45:00
5995018.943376682,1.0,,,0.85,,0.018149,,,2026-12-29 00:50:00
5995019.943522241,1.0,,,0.85,,0.018023,,,2026-12-29 00:55:00
5995020.9436678,1.0,,,0.85,,0.019386,,,2026-12-29 01:00:00
5995021.943813359,1.0,,,0.85,,0.018293,,,2026-12-29 01:05:00
5995022.943958919,1.0,,,0.85,,0.020314,,,2026-12-29 01:10:00
5995023.944104478,1.0,,,0.85,,0.019527,,,2026-12-29 01:15:00
5995024.944250037,1.0,,,0.85,,0.019096,,,2026-12-29 01:20:00
5995025.944395597,1.0,,,0.85,,0.020865,,,2026-12-29 01:25:00
5995026.944541156,1.0,,,0.85,,0.022778,,,2026-12-29 01:30:00
5995027.9446867155,1.0,,,0.85,,0.019951,,,2026-12-29 01:35:00
5995028.944832275,1.0,,,0.85,,0.022217,,,2026-12-29 01:40:00
5995029.944977834,1.0,,,0.85,,0.021089,,,2026-12-29 01:45:00
5995030.945123393,1.0,,,0.85,,0.023956,,,2026-12-29 01:50:00
5995031.945268952,1.0,,,0.85,,0.02377,,,2026-12-29 01:55:00
5995032.945414512,1.0,,,0.85,,0.02177,,,2026-12-29 02:00:00
5995033.945560072,1.0,,,0.85,,0.022773,,,2026-12-29 02:05:00
5995034.945705631,1.0,,,0.85,,0.022185,,,2026-12-29 02:10:00
5995035.94585119,1.0,,,0.85,,0.022443,,,2026-12-29 02:15:00
5995036.945996749,1.0,,,0.85,,0.023145,,,2026-12-29 02:20:00
5995037.946142308,1.0,,,0.85,,0.02098,,,2026-12-29 02:25:00
5995038.946287868,1.0,,,0.85,,0.020999,,,2026-12-29 02:30:00
5995039.946433428,1.0,,,0.85,,0.022272,,,2026-12-29 02:35:00
5995040.946578987,1.0,,,0.85,,0.020827,,,2026-12-29 02:40:00
5995041.946724546,1.0,,,0.85,,0.021953,,,2026-12-29 02:45:00
5995042.946870105,1.0,,,0.85,,0.021176,,,2026-12-29 02:50:00
5995043.947015665,1.0,,,1.75,,0.022797,,,2026-12-29 02:55:00
5995044.947161224,1.0,,,1.75,,0.02533,,,2026-12-29 03:00:00
5995045.947306783,1.0,,,1.75,,0.025173,,,2026-12-29 03:05:00
5995046.947452343,1.0,,,1.75,,0.025671,,,2026-12-29 03:10:00
5995047.947597902,1.0,,,1.75,,0.026726,,,2026-12-29 03:15:00
5995048.9477434615,1.0,,,1.75,,0.023503,,,2026-12-29 03:20:00
5995049.947889021,1.0,,,1.75,,0.023369,,,2026-12-29 03:25:00
5995050.94803458,1.0,,,1.75,,0.021952,,,2026-12-29 03:30:00
5995051.948180139,1.0,,,1.75,,0.021684,,,2026-12-29 03:35:00
5995052.948325698,1.0,,,1.75,,0.021139,,,2026-12-29 03:40:00
5995053.948471258,1.0,,,1.75,,0.02231,,,2026-12-29 03:45:00
5995054.948616818,1.0,,,1.75,,0.025221,,,2026-12-29 03:50:00
5995055.948762377,1.0,,,1.75,,0.023825,,,2026-12-29 03:55:00
5995056.948907936,1.0,,,1.75,,0.024785,,,2026-12-29 04:00:00
5995057.949053495,1.0,,,1.75,,0.028086,,,2026-12-29 04:05:00
5995058.949199054,1.0,,,1.75,,0.027526,,,2026-12-29 04:10:00
5995059.949344614,1.0,,,1.75,,0.029135,,,2026-12-29 04:15:00
5995060.949490174,1.0,,,1.75,,0.024327,,,2026-12-29 04:20:00
5995061.949635733,1.0,,,1.75,,0.025525,,,2026-12-29 04:25:00
5995062.949781292,1.0,,,1.75,,0.028372,,,2026-12-29 04:30:00
5995063.949926851,1.0,,,1.75,,0.029148,,,2026-12-29 04:35:00
5995064.9500724105,1.0,,,1.75,,0.029839,,,2026-12-29 04:40:00
5995065.95021797,1.0,,,1.75,,0.030267,,,2026-12-29 04:45:00
5995066.950363529,1.0,,,1.75,,0.029069,,,2026-12-29 04:50:00
5995067.950509089,1.0,,,1.75,,0.030419,,,2026-12-29 04:55:00
5995068.950654648,1.0,,,1.75,,0.027018,,,2026-12-29 05:00:00
5995069.950800207,1.0,,,1.75,,0.029885,,,2026-12-29 05:05:00
5995070.950945767,1.0,,,1.75,,0.034562,,,2026-12-29 05:10:00
5995071.951091326,1.0,,,1.75,,0.031482,,,2026-12-29 05:15:00
5995072.951236885,1.0,,,1.75,,0.032578,,,2026-12-29 05:20:00
5995073.951382444,1.0,,,1.75,,0.033927,,,2026-12-29 05:25:00
5995074.951528004,1.0,,,1.75,,0.032523,,,2026-12-29 05:30:00
5995075.951673564,1.0,,,1.75,,0.038909,,,2026-12-29 05:35:00
5995076.951819123,1.0,,,1.75,,0.036644,,,2026-12-29 05:40:00
5995077.951964682,1.0,,,1.75,,0.035977,,,2026-12-29 05:45:00
5995078.952110241,1.0,,,1.75,,0.035913,,,2026-12-29 05:50:00
5995079.9522558,1.0,,,1.75,,0.039443,,,2026-12-29 05:55:00
5995080.95240136,1.0,,,1.75,,0.036804,,,2026-12-29 06:00:00
5995081.95254692,1.0,,,1.75,,0.03777,,,2026-12-29 06:05:00
5995082.952692479,1.0,,,1.75,,0.037343,,,2026-12-29 06:10:00
5995083.952838038,1.0,,,1.75,,0.042672,,,2026-12-29 06:15:00
5995084.952983597,1.0,,,1.75,,0.040869,,,2026-12-29 06:20:00
5995085.9531291565,1.0,,,1.75,,0.04114,,,2026-12-29 06:25:00
5995086.953274716,1.0,,,1.75,,0.04202,,,2026-12-29 06:30:00
5995087.953420275,1.0,,,1.75,,0.04405,,,2026-12-29 06:35:00
5995088.953565835,1.0,,,1.75,,0.043533,,,2026-12-29 06:40:00
5995089.953711394,1.0,,,1.75,,0.043322,,,2026-12-29 06:45:00
5995090.953856953,1.0,,,1.75,,0.044337,,,2026-12-29 06:50:00
5995091.954002513,1.0,,,1.75,,0.047881,,,2026-12-29 06:55:00
5995092.954148072,1.0,,,1.75,,0.044499,,,2026-12-29 07:00:00
5995093.954293631,1.0,,,1.75,,0.046419,,,2026-12-29 07:05:00
5995094.95443919,1.0,,,1.75,,0.040436,,,2026-12-29 07:10:00
5995095.95458475,1.0,,241.0,1.75,,0.038083,,12.1,2026-12-29 07:15:00
5995096.95473031,1.0,,,1.75,,0.030867,,,2026-12-29 07:20:00
5995097.954875869,1.0,,,1.75,,0.025133,,,2026-12-29 07:25:00
5995098.955021428,0.0,242.0,241.0,1.75,,0.023356,,,2026-12-29 07:30:00
5995099.955166987,0.0,241.0,,1.75,,0.01799,,,2026-12-29 07:35:00
5995100.955312546,0.0,241.0,,1.75,,0.014622,,,2026-12-29 07:40:00
5995101.955458106,0.0,238.0,,1.75,,0.012257,,,2026-12-29 07:45:00
5995102.955603666,0.0,235.0,,1.75,,0.009415,,,2026-12-29 07:50:00
5995103.955749225,0.0,231.0,,1.35,,0.008965,,,2026-12-29 07:55:00
5995104.955894784,0.0,226.0,,1.35,,0.01026,,,2026-12-29 08:00:00
5995105.956040343,0.0,222.0,,1.35,,0.010782,,,2026-12-29 08:05:00
5995106.9561859025,0.0,214.0,,1.35,,0.009167,,,2026-12-29 08:10:00
5995107.956331462,0.0,204.0,,1.35,,0.010771,,,2026-12-29 08:15:00
5995108.956477021,0.0,194.0,,1.35,,0.009411,,,2026-12-29 08:20:00
5995109.956622581,0.0,187.0,,1.35,,0.010031,,,2026-12-29 08:25:00
5995110.95676814,0.0,180.0,,1.35,,0.010238,,,2026-12-29 08:30:00
5995111.956913699,0.0,176.0,175.0,1.35,,0.00928,,9.0,2026-12-29 08:35:00
5995112.957059259,0.0,171.0,,1.35,,0.011128,,,2026-12-29 08:40:00
5995113.957204818,0.0,166.0,,1.35,,0.011028,,,2026-12-29 08:45:00
5995114.957350377,0.0,164.0,,1.35,,0.009334,,,2026-12-29 08:50:00
5995115.957495936,0.0,162.0,,1.35,,0.0,,,2026-12-29 08:55:00
5995116.957641496,0.0,162.0,,1.35,,,,,2026-12-29 09:00:00
5995117.9577870555,0.0,161.0,,1.35,,,,,2026-12-29 09:05:00
5995118.957932615,0.0,161.0,,1.35,,,,,2026-12-29 09:10:00
5995119.958078174,0.0,160.0,,1.35,,,,,2026-12-29 09:15:00
5995120.958223733,0.0,157.0,,1.35,,,,,2026-12-29 09:20:00
5995121.958369292,0.0,153.0,,1.35,,,,,2026-12-29 09:25:00
5995122.9585148515,0.0,148.0,,1.35,,,,,2026-12-29 09:30:00
5995123.958660411,0.0,142.0,,1.35,,,,,2026-12-29 09:35:00
5995124.958805971,0.0,137.0,,1.35,,,,,2026-12-29 09:40:00
5995125.95895153,0.0,133.0,,1.35,,,,,2026-12-29 09:45:00
5995126.959097089,0.0,131.0,,1.35,,,,,2026-12-29 09:50:00
5995127.959242648,0.0,124.0,,1.15,,0.007817,,,2026-12-29 09:55:00
5995128.959388208,0.0,116.0,,1.15,,0.0,,,2026-12-29 10:00:00
5995129.959533767,0.0,110.0,,1.15,,,,,2026-12-29 10:05:00
5995130.959679326,0.0,107.0,,1.15,,,,,2026-12-29 10:10:00
5995131.959824886,0.0,109.0,,1.15,,,,,2026-12-29 10:15:00
5995132.959970445,0.0,111.0,,1.15,,,,,2026-12-29 10:20:00
5995133.960116005,0.0,113.0,,1.15,,,,,2026-12-29 10:25:00
5995134.960261564,0.0,118.0,,1.15,,,,,2026-12-29 10:30:00
5995135.960407123,0.0,120.0,,1.15,,,,,2026-12-29 10:35:00
5995136.960552682,0.0,121.0,150.0,1.15,,,,8.8,2026-12-29 10:40:00
5995137.960698241,0.0,121.0,,1.15,,,,,2026-12-29 10:45:00
5995138.9608438015,0.0,124.0,,1.15,,,,,2026-12-29 10:50:00
5995139.960989361,0.0,127.0,,1.15,,,,,2026-12-29 10:55:00
5995140.96113492,0.0,130.0,,1.15,,,,,2026-12-29 11:00:00
5995141.961280479,0.0,134.0,,1.15,,,,,2026-12-29 11:05:00
5995142.961426038,0.0,138.0,,1.15,,,,,2026-12-29 11:10:00
5995143.9615715975,0.0,143.0,,1.15,,,,,2026-12-29 11:15:00
5995144.961717157,0.0,147.0,,1.15,,,,,2026-12-29 11:20:00
5995145.961862717,0.0,150.0,,1.15,,,,,2026-12-29 11:25:00
5995146.962008276,0.0,151.0,,1.15,,,,,2026-12-29 11:30:00
5995147.962153835,0.0,150.0,,1.15,,,,,2026-12-29 11:35:00
5995148.962299394,0.0,149.0,,1.15,,,,,2026-12-29 11:40:00
5995149.962444954,0.0,150.0,,1.15,,,,,2026-12-29 11:45:00
5995150.962590513,0.0,150.0,,1.15,,,,,2026-12-29 11:50:00
5995151.962736072,0.0,149.0,,1.15,,,,,2026-12-29 11:55:00
5995152.962881632,0.0,149.0,,1.15,,,,,2026-12-29 12:00:00
5995153.963027191,0.0,148.0,,1.15,,,,,2026-12-29 12:05:00
5995154.963172751,0.0,148.0,,1.15,,,,,2026-12-29 12:10:00
5995155.96331831,0.0,149.0,150.0,1.15,,,,11.5,2026-12-29 12:15:00
5995156.963463869,0.0,150.0,,1.15,,,,,2026-12-29 12:20:00
5995157.963609428,0.0,153.0,,1.1,,,,,2026-12-29 12:25:00
5995158.963754987,0.0,157.0,,1.1,,,,,2026-12-29 12:30:00
5995159.9639005475,0.0,163.0,,1.1,,,,,2026-12-29 12:35:00
5995160.964046107,0.0,165.0,,1.1,,,,,2026-12-29 12:40:00
5995161.964191666,0.0,166.0,,1.1,,,,,2026-12-29 12:45:00
5995162.964337225,0.0,169.0,,1.1,,,,,2026-12-29 12:50:00
5995163.964482784,0.0,171.0,,1.1,,,,,2026-12-29 12:55:00
5995164.9646283435,0.0,170.0,,1.1,,,,,2026-12-29 13:00:00
5995165.964773903,0.0,168.0,,1.1,,,,,2026-12-29 13:05:00
5995166.964919463,0.0,165.0,,1.1,,,,,2026-12-29 13:10:00
5995167.965065022,0.0,161.0,,1.1,,,,,2026-12-29 13:15:00
5995168.965210581,0.0,158.0,,1.1,,,,,2026-12-29 13:20:00
5995169.96535614,0.0,155.0,,1.1,,,,,2026-12-29 13:25:00
5995170.9655017,0.0,154.0,,1.1,,,,,2026-12-29 13:30:00
5995171.965647259,0.0,155.0,,1.1,,,,,2026-12-29 13:35:00
5995172.965792818,0.0,156.0,,1.1,,,,,2026-12-29 13:40:00
5995173.965938378,0.0,155.0,,1.1,,,,,2026-12-29 13:45:00
5995174.966083937,0.0,154.0,,1.1,,,,,2026-12-29 13:50:00
5995175.9662294965,0.0,148.0,,1.1,,,,,2026-12-29 13:55:00
5995176.966375056,0.0,142.0,,1.1,,,,,2026-12-29 14:00:00
5995177.966520615,0.0,135.0,,1.1,,,,,2026-12-29 14:05:00
5995178.966666174,0.0,130.0,,1.1,,,,,2026-12-29 14:10:00
5995179.966811733,0.0,127.0,,1.1,,,,,2026-12-29 14:15:00
5995180.966957293,0.0,126.0,,1.1,,,,,2026-12-29 14:20:00
5995181.967102853,0.0,126.0,,1.1,,,,,2026-12-29 14:25:00
5995182.967248412,0.0,126.0,,1.1,,,,,2026-12-29 14:30:00
5995183.967393971,0.0,126.0,,1.1,,,,,2026-12-29 14:35:00
5995184.96753953,0.0,127.0,,1.1,,,,,2026-12-29 14:40:00
5995185.967685089,0.0,129.0,,1.1,,,,,2026-12-29 14:45:00
5995186.967830649,0.0,131.0,,1.1,,,,,2026-12-29 14:50:00
5995187.967976209,0.0,132.0,,1.1,,,,,2026-12-29 14:55:00
5995188.968121768,0.0,136.0,,1.1,,,,,2026-12-29 15:00:00
5995189.968267327,0.0,135.0,,1.1,,,,,2026-12-29 15:05:00
5995190.968412886,0.0,129.0,,1.1,,,,,2026-12-29 15:10:00
5995191.968558446,0.0,124.0,,1.1,,,,,2026-12-29 15:15:00
5995192.968704005,0.0,119.0,,1.1,,,,,2026-12-29 15:20:00
5995193.968849564,0.0,116.0,,1.1,,,,,2026-12-29 15:25:00
5995194.968995124,0.0,112.0,,1.1,,,,,2026-12-29 15:30:00
5995195.969140683,0.0,109.0,,1.1,,,,,2026-12-29 15:35:00
5995196.9692862425,0.0,108.0,,1.1,,,,,2026-12-29 15:40:00
5995197.969431802,0.0,108.0,,1.1,,,,,2026-12-29 15:45:00
5995198.969577361,0.0,110.0,,1.1,,,,,2026-12-29 15:50:00
5995199.96972292,0.0,112.0,,1.1,,,,,2026-12-29 15:55:00
5995200.969868479,0.0,115.0,,1.1,,,,,2026-12-29 16:00:00
5995201.970014039,0.0,118.0,,1.1,,,,,2026-12-29 16:05:00
5995202.970159599,0.0,121.0,,1.1,,,,,2026-12-29 16:10:00
5995203.970305158,0.0,125.0,,1.1,,,,,2026-12-29 16:15:00
5995204.970450717,0.0,128.0,,1.1,,,,,2026-12-29 16:20:00
5995205.970596276,0.0,130.0,,1.1,,,,,2026-12-29 16:25:00
5995206.970741835,0.0,132.0,,1.1,,,,,2026-12-29 16:30:00
5995207.970887395,0.0,134.0,,1.1,,,,,2026-12-29 16:35:00
5995208.971032955,0.0,137.0,,1.1,,,,,2026-12-29 16:40:00
5995209.971178514,0.0,143.0,,1.1,,,,,2026-12-29 16:45:00
5995210.971324073,0.0,148.0,,1.1,,,,,2026-12-29 16:50:00
5995211.971469632,0.0,148.0,,1.1,,,,,2026-12-29 16:55:00
5995212.971615192,0.0,150.0,,1.1,,,,,2026-12-29 17:00:00
5995213.971760751,0.0,151.0,,1.1,,,,,2026-12-29 17:05:00
5995214.97190631,0.0,152.0,,1.1,,,,,2026-12-29 17:10:00
5995215.97205187,0.0,149.0,,1.1,,,,,2026-12-29 17:15:00
5995216.972197429,0.0,150.0,,1.1,,,,,2026-12-29 17:20:00
5995217.9723429885,0.0,151.0,,1.1,,,,,2026-12-29 17:25:00
5995218.972488548,0.0,152.0,,1.1,,,,,2026-12-29 17:30:00
5995219.972634107,0.0,156.0,,1.1,,,,,2026-12-29 17:35:00
5995220.972779666,0.0,160.0,,1.1,,,,,2026-12-29 17:40:00
5995221.972925225,0.0,162.0,,1.1,,,,,2026-12-29 17:45:00
5995222.973070785,0.0,163.0,,1.1,,,,,2026-12-29 17:50:00
5995223.973216345,0.0,165.0,,1.2,,,,,2026-12-29 17:55:00
5995224.973361904,0.0,168.0,,1.2,,,,,2026-12-29 18:00:00
5995225.973507463,0.0,170.0,,1.2,,,,,2026-12-29 18:05:00
5995226.973653022,0.0,172.0,,1.2,,,,,2026-12-29 18:10:00
5995227.973798581,0.0,175.0,,1.2,,,,,2026-12-29 18:15:00
5995228.973944141,0.0,180.0,180.0,1.2,,,,19.3,2026-12-29 18:20:00
5995229.974089701,0.0,182.0,,1.2,,,,,2026-12-29 18:25:00
5995230.97423526,0.0,187.0,,1.2,,,,,2026-12-29 18:30:00
5995231.974380819,0.0,195.0,,1.2,,,,,2026-12-29 18:35:00
5995232.974526378,0.0,204.0,,1.2,,,,,2026-12-29 18:40:00
5995233.9746719375,0.0,212.0,,1.2,,,,,2026-12-29 18:45:00
5995234.974817497,0.0,220.0,,1.2,,,,,2026-12-29 18:50:00
5995235.974963056,0.0,225.0,,1.2,,,,,2026-12-29 18:55:00
5995236.975108616,0.0,228.0,,1.2,,,,,2026-12-29 19:00:00
5995237.975254175,0.0,230.0,,1.2,,,,,2026-12-29 19:05:00
5995238.975399734,0.0,230.0,,1.2,,,,,2026-12-29 19:10:00
5995239.975545294,0.0,226.0,,1.2,,,,,2026-12-29 19:15:00
5995240.975690853,1.0,,,1.2,,,,,2026-12-29 19:20:00
5995241.975836412,1.0,,,1.2,,,,,2026-12-29 19:25:00
5995242.975981971,1.0,,,1.2,,,,,2026-12-29 19:30:00
5995243.976127531,1.0,,,1.2,,,,,2026-12-29 19:35:00
5995244.976273091,1.0,,,1.2,,,,,2026-12-29 19:40:00
5995245.97641865,1.0,,,1.2,,,,,2026-12-29 19:45:00
5995246.976564209,1.0,,,1.2,,,,,2026-12-29 19:50:00
5995247.976709768,1.0,,,1.2,,,,,2026-12-29 19:55:00
5995248.976855327,1.0,,,1.2,,,,,2026-12-29 20:00:00
5995249.977000887,1.0,,,1.2,,,,,2026-12-29 20:05:00
5995250.977146447,1.0,,,1.2,,,,8.5,2026-12-29 20:10:00
5995251.977292006,1.0,,,1.2,,,,,2026-12-29 20:15:00
5995252.977437565,1.0,,,1.2,,,,,2026-12-29 20:20:00
5995253.977583124,1.0,,,1.2,,,,,2026-12-29 20:25:00
5995254.9777286835,1.0,,,1.2,,,,,2026-12-29 20:30:00
5995255.977874243,1.0,,,1.2,,,,,2026-12-29 20:35:00
5995256.978019802,1.0,,,1.2,,,,,2026-12-29 20:40:00
5995257.978165362,1.0,,,1.2,,,,,2026-12-29 20:45:00
5995258.978310921,1.0,,,1.2,,,,,2026-12-29 20:50:00
5995259.97845648,1.0,,,1.2,,,,,2026-12-29 20:55:00
5995260.97860204,1.0,,,1.2,,,,,2026-12-29 21:00:00
5995261.978747599,1.0,,,1.2,,,,,2026-12-29 21:05:00
5995262.978893158,1.0,,,1.2,,,,,2026-12-29 21:10:00
5995263.979038717,1.0,,,1.2,,,,,2026-12-29 21:15:00
5995264.979184277,1.0,,,1.2,,,,,2026-12-29 21:20:00
5995265.979329837,1.0,,,1.2,,,,,2026-12-29 21:25:00
5995266.979475396,1.0,,136.0,1.2,,,,,2026-12-29 21:30:00
5995267.979620955,1.0,,,1.2,,,,,2026-12-29 21:35:00
5995268.979766514,1.0,,,1.2,,,,,2026-12-29 21:40:00
5995269.979912073,0.0,136.0,136.0,1.2,,,,,2026-12-29 21:45:00
5995270.980057633,0.0,136.0,,1.2,,,,,2026-12-29 21:50:00
5995271.980203193,0.0,134.0,,1.0,,,,,2026-12-29 21:55:00
5995272.980348752,0.0,132.0,,1.0,,,,,2026-12-29 22:00:00
5995273.980494311,0.0,130.0,,1.0,,,,,2026-12-29 22:05:00
5995274.98063987,0.0,129.0,,1.0,,,,,2026-12-29 22:10:00
5995275.9807854295,0.0,127.0,,1.0,,,,,2026-12-29 22:15:00
5995276.980930989,0.0,122.0,,1.0,,,,,2026-12-29 22:20:00
5995277.981076548,0.0,120.0,,1.0,,,,,2026-12-29 22:25:00
5995278.981222108,0.0,119.0,,1.0,,,,,2026-12-29 22:30:00
5995279.981367667,0.0,119.0,,1.0,,,,,2026-12-29 22:35:00
5995280.981513226,0.0,122.0,,1.0,,,,,2026-12-29 22:40:00
5995281.981658786,0.0,124.0,,1.0,,,,,2026-12-29 22:45:00
5995282.981804345,0.0,128.0,,1.0,,,,,2026-12-29 22:50:00
5995283.981949904,0.0,129.0,,1.0,,,,,2026-12-29 22:55:00
5995284.982095463,0.0,126.0,,1.0,,,,,2026-12-29 23:00:00
5995285.982241023,0.0,121.0,,1.0,,,,,2026-12-29 23:05:00
5995286.9823865825,0.0,114.0,,1.0,,,,,2026-12-29 23:10:00
5995287.982532142,0.0,108.0,,1.0,,,,,2026-12-29 23:15:00
5995288.982677701,0.0,103.0,,1.0,,,,,2026-12-29 23:20:00
5995289.98282326,0.0,98.0,,1.0,,,,,2026-12-29 23:25:00
5995290.982968819,0.0,94.0,,1.0,,,,,2026-12-29 23:30:00
5995291.9831143785,0.0,89.0,,1.0,,,,,2026-12-29 23:35:00
5995292.983259939,0.0,85.0,,1.0,,,,,2026-12-29 23:40:00
5995293.983405498,0.0,81.0,,1.0,,,,,2026-12-29 23:45:00
5995294.983551057,0.0,78.0,,1.0,,,,,2026-12-29 23:50:00
5995295.983696616,0.0,76.0,,1.0,,,,,2026-12-29 23:55:00
5995296.983842175,0.0,73.0,,1.0,,,,,2026-12-30 00:00:00
5995297.983987735,0.0,72.0,,1.0,,,,,2026-12-30 00:05:00
5995298.984133294,0.0,73.0,,1.0,,,,,2026-12-30 00:10:00
5995299.984278854,0.0,73.0,,1.0,,,,,2026-12-30 00:15:00
5995300.984424413,0.0,75.0,,1.0,,,,,2026-12-30 00:20:00
5995301.984569972,0.0,78.0,,1.0,,,,,2026-12-30 00:25:00
5995302.984715532,0.0,79.0,,1.0,,,,,2026-12-30 00:30:00
5995303.984861091,0.0,78.0,,1.0,,,,,2026-12-30 00:35:00
5995304.98500665,0.0,77.0,,1.0,,,,,2026-12-30 00:40:00
5995305.985152209,0.0,76.0,,1.0,,,,,2026-12-30 00:45:00
5995306.985297769,0.0,75.0,,1.0,,,,,2026-12-30 00:50:00
5995307.9854433285,0.0,74.0,,1.0,,,,,2026-12-30 00:55:00
5995308.985588888,0.0,73.0,,1.0,,,,,2026-12-30 01:00:00
5995309.985734447,0.0,71.0,,1.0,,,,,2026-12-30 01:05:00
5995310.985880006,0.0,69.0,,1.0,,,,,2026-12-30 01:10:00
5995311.986025565,0.0,68.0,,1.0,,,,,2026-12-30 01:15:00
5995312.9861711245,0.0,67.0,,1.0,,,,,2026-12-30 01:20:00
5995313.986316685,0.0,66.0,,1.0,,,,,2026-12-30 01:25:00
5995314.986462244,0.0,66.0,,1.0,,,,,2026-12-30 01:30:00
5995315.986607803,0.0,65.0,,1.0,,,,,2026-12-30 01:35:00
5995316.986753362,0.0,64.0,,1.0,,,,,2026-12-30 01:40:00
5995317.986898921,0.0,62.0,,1.0,,,,,2026-12-30 01:45:00
5995318.987044481,0.0,61.0,,1.0,,,,,2026-12-30 01:50:00
5995319.98719004,0.0,60.0,,1.0,,,,,2026-12-30 01:55:00
5995320.9873356,0.0,59.0,,1.0,,,,,2026-12-30 02:00:00
5995321.987481159,0.0,58.0,,1.0,,,,,2026-12-30 02:05:00
5995322.987626718,0.0,57.0,,1.0,,,,,2026-12-30 02:10:00
5995323.987772278,0.0,56.0,,1.0,,,,,2026-12-30 02:15:00
5995324.987917837,0.0,55.0,,1.0,,,,,2026-12-30 02:20:00
5995325.988063396,0.0,55.0,,1.0,,,,,2026-12-30 02:25:00
5995326.988208955,0.0,55.0,,1.0,,,,,2026-12-30 02:30:00
5995327.988354515,0.0,56.0,,1.0,,,,,2026-12-30 02:35:00
5995328.9885000745,0.0,56.0,,1.0,,,,,2026-12-30 02:40:00
5995329.988645634,0.0,57.0,,1.0,,,,,2026-12-30 02:45:00
5995330.988791193,0.0,57.0,,1.0,,,,,2026-12-30 02:50:00
5995331.988936752,0.0,58.0,,1.0,,,,,2026-12-30 02:55:00
5995332.989082311,0.0,59.0,,1.0,,,,,2026-12-30 03:00:00
5995333.9892278705,0.0,61.0,,1.0,,,,,2026-12-30 03:05:00
5995334.989373431,0.0,63.0,,1.0,,,,,2026-12-30 03:10:00
5995335.98951899,0.0,63.0,,1.0,,,,,2026-12-30 03:15:00
5995336.989664549,0.0,64.0,,1.0,,,,,2026-12-30 03:20:00
5995337.989810108,0.0,63.0,,1.0,,,,,2026-12-30 03:25:00
5995338.989955667,0.0,63.0,,1.0,,,,,2026-12-30 03:30:00
5995339.990101227,0.0,63.0,,1.0,,,,,2026-12-30 03:35:00
5995340.990246786,0.0,63.0,,1.0,,,,,2026-12-30 03:40:00
5995341.990392346,0.0,63.0,,1.0,,,,,2026-12-30 03:45:00
5995342.990537905,0.0,64.0,,1.0,,,,,2026-12-30 03:50:00
5995343.990683464,0.0,65.0,,1.0,,,,,2026-12-30 03:55:00
5995344.9908290235,0.0,65.0,,1.0,,,,,2026-12-30 04:00:00
5995345.990974583,0.0,65.0,,1.0,,,,,2026-12-30 04:05:00
5995346.991120142,0.0,65.0,,1.0,,,,,2026-12-30 04:10:00
5995347.991265701,0.0,66.0,,1.0,,,,,2026-12-30 04:15:00
5995348.991411261,0.0,66.0,,1.0,,,,,2026-12-30 04:20:00
5995349.99155682,0.0,66.0,,1.0,,,,,2026-12-30 04:25:00
5995350.99170238,0.0,67.0,,1.0,,,,,2026-12-30 04:30:00
5995351.991847939,0.0,68.0,,1.0,,,,,2026-12-30 04:35:00
5995352.991993498,0.0,68.0,,1.0,,,,,2026-12-30 04:40:00
5995353.992139057,0.0,68.0,,1.0,,,,,2026-12-30 04:45:00
5995354.992284616,0.0,69.0,,1.0,,,,,2026-12-30 04:50:00
5995355.992430177,0.0,70.0,,1.0,,,,,2026-12-30 04:55:00
5995356.992575736,0.0,72.0,,1.0,,,,,2026-12-30 05:00:00
5995357.992721295,0.0,74.0,,1.0,,,,,2026-12-30 05:05:00
5995358.992866854,0.0,74.0,,1.0,,,,,2026-12-30 05:10:00
5995359.993012413,0.0,74.0,,1.0,,,,,2026-12-30 05:15:00
5995360.993157973,0.0,75.0,,1.0,,,,,2026-12-30 05:20:00
5995361.993303532,0.0,75.0,,1.0,,,,,2026-12-30 05:25:00
5995362.993449092,0.0,75.0,,1.0,,,,,2026-12-30 05:30:00
5995363.993594651,0.0,75.0,,1.0,,,,,2026-12-30 05:35:00
5995364.99374021,0.0,75.0,,1.0,,,,,2026-12-30 05:40:00
5995365.9938857695,0.0,76.0,,1.0,,,,,2026-12-30 05:45:00
5995366.994031329,0.0,76.0,,1.0,,,,,2026-12-30 05:50:00
5995367.994176888,0.0,77.0,,1.0,,,,,2026-12-30 05:55:00
5995368.994322447,0.0,77.0,,1.0,,,,,2026-12-30 06:00:00
5995369.994468007,0.0,78.0,,1.0,,,,,2026-12-30 06:05:00
5995370.994613566,0.0,78.0,,1.0,,,,,2026-12-30 06:10:00
5995371.994759126,0.0,78.0,,1.0,,,,,2026-12-30 06:15:00
5995372.994904685,0.0,78.0,,1.0,,,,,2026-12-30 06:20:00
5995373.995050244,0.0,79.0,,1.0,,,,,2026-12-30 06:25:00
5995374.995195803,0.0,79.0,,1.0,,,,,2026-12-30 06:30:00
5995375.995341362,0.0,80.0,,1.0,,,,,2026-12-30 06:35:00
5995376.995486923,0.0,80.0,,1.0,,,,,2026-12-30 06:40:00
5995377.995632482,0.0,81.0,,1.0,,,,,2026-12-30 06:45:00
5995378.995778041,0.0,81.0,,1.0,,,,,2026-12-30 06:50:00
5995379.9959236,0.0,80.0,,1.0,,,,,2026-12-30 06:55:00
5995380.996069159,0.0,82.0,,1.0,,,,,2026-12-30 07:00:00
5995381.996214719,0.0,83.0,,1.0,,,,,2026-12-30 07:05:00
5995382.996360278,0.0,84.0,,1.0,,,,,2026-12-30 07:10:00
5995383.996505838,0.0,86.0,,1.0,,,,,2026-12-30 07:15:00
5995384.996651397,0.0,89.0,,1.0,,,,,2026-12-30 07:20:00
5995385.996796956,0.0,91.0,,1.0,,,,,2026-12-30 07:25:00
5995386.9969425155,0.0,93.0,,1.0,,,,,2026-12-30 07:30:00
5995387.997088075,0.0,95.0,,1.0,,,,,2026-12-30 07:35:00
5995388.997233634,0.0,96.0,,1.0,,,,,2026-12-30 07:40:00
5995389.997379193,0.0,96.0,,1.0,,,,,2026-12-30 07:45:00
5995390.997524753,0.0,96.0,,1.0,,,,,2026-12-30 07:50:00
5995391.997670312,0.0,96.0,,1.0,,,,,2026-12-30 07:55:00
5995392.997815872,0.0,96.0,,1.0,,,,,2026-12-30 08:00:00
5995393.997961431,0.0,97.0,,1.0,,,,,2026-12-30 08:05:00
5995394.99810699,0.0,96.0,,1.0,,,,,2026-12-30 08:10:00
5995395.998252549,0.0,96.0,,1.0,,,,,2026-12-30 08:15:00
5995396.998398108,0.0,97.0,,1.0,,,,,2026-12-30 08:20:00
5995397.998543669,0.0,98.0,,1.0,,,,,2026-12-30 08:25:00
5995398.998689228,0.0,99.0,99.0,1.0,,,,17.0,2026-12-30 08:30:00
5995399.998834787,0.0,101.0,,1.0,,,,,2026-12-30 08:35:00
5995400.998980346,0.0,104.0,,1.0,,,,,2026-12-30 08:40:00
5995401.999125905,0.0,109.0,,1.0,,,,,2026-12-30 08:45:00
5995402.9992714645,0.0,115.0,,1.0,,,,,2026-12-30 08:50:00
5995403.999417024,0.0,122.0,,1.0,,,,,2026-12-30 08:55:00
5995404.999562584,0.0,127.0,,1.0,,,,,2026-12-30 09:00:00
5995405.999708143,0.0,131.0,,1.0,,,,,2026-12-30 09:05:00
5995406.999853702,0.0,133.0,,1.0,,,,,2026-12-30 09:10:00
5995407.999999261,0.0,134.0,,1.0,,,,,2026-12-30 09:15:00
5995409.000144821,0.0,133.0,,1.0,,,,,2026-12-30 09:25:00
5995410.00029038,0.0,132.0,,1.0,,,,,2026-12-30 09:30:00
5995411.000435939,0.0,131.0,,1.0,,,,,2026-12-30 09:35:00
5995412.000581499,1.0,,,1.0,,,,,2026-12-30 09:40:00
5995413.000727058,1.0,,,1.0,,,,,2026-12-30 09:45:00
5995414.000872618,1.0,,,1.0,,,,,2026-12-30 09:50:00
5995415.001018177,1.0,,,1.0,,,,,2026-12-30 09:55:00
5995416.001163736,1.0,,,1.0,,,,,2026-12-30 10:00:00
5995417.001309295,1.0,,,1.0,,,,,2026-12-30 10:05:00
5995418.001454854,1.0,,,1.0,,,,,2026-12-30 10:10:00
5995419.0016004145,1.0,,,1.0,,,,,2026-12-30 10:15:00
5995420.001745974,1.0,,,1.0,,,,,2026-12-30 10:20:00
5995421.001891533,1.0,,,1.0,,,,,2026-12-30 10:25:00
5995422.002037092,1.0,,,1.0,,,,,2026-12-30 10:30:00
5995423.002182651,1.0,,,1.0,,,,,2026-12-30 10:35:00
5995424.0023282105,1.0,,,1.0,,,,,2026-12-30 10:40:00
5995425.00247377,1.0,,,1.0,,,,,2026-12-30 10:45:00
5995426.00261933,1.0,,,1.0,,,,,2026-12-30 10:50:00
5995427.002764889,1.0,,,1.0,,,,,2026-12-30 10:55:00
5995428.002910448,1.0,,,1.0,,,,,2026-12-30 11:00:00
5995429.003056007,1.0,,,1.0,,,,,2026-12-30 11:05:00
5995430.003201567,1.0,,,1.0,,,,,2026-12-30 11:10:00
5995431.003347126,1.0,,,1.0,,,,,2026-12-30 11:15:00
5995432.003492685,1.0,,,1.0,,,,,2026-12-30 11:20:00
5995433.003638245,1.0,,,1.0,,,,,2026-12-30 11:25:00
5995434.003783804,1.0,,,1.0,,,,,2026-12-30 11:30:00
5995435.003929364,1.0,,,1.0,,,,,2026-12-30 11:35:00
5995436.004074923,1.0,,,1.0,,,,,2026-12-30 11:40:00
5995437.004220482,1.0,,,1.0,,,,,2026-12-30 11:45:00
5995438.004366041,1.0,,,1.0,,,,,2026-12-30 11:50:00
5995439.0045116,1.0,,,1.0,,,,,2026-12-30 11:55:00
5995440.0046571605,1.0,,,1.0,,,,,2026-12-30 12:00:00
5995441.00480272,1.0,,,1.0,,,,,2026-12-30 12:05:00
5995442.004948279,1.0,,,1.0,,,,,2026-12-30 12:10:00
5995443.005093838,1.0,,,1.0,,,,,2026-12-30 12:15:00
5995444.005239397,1.0,,67.0,1.0,,,,,2026-12-30 12:20:00
5995445.0053849565,1.0,,,1.0,,,,,2026-12-30 12:25:00
5995446.005530516,1.0,,,1.0,,,,,2026-12-30 12:30:00
5995447.005676076,0.0,66.0,67.0,1.0,,,,,2026-12-30 12:35:00
5995448.005821635,0.0,65.0,,1.0,,,,,2026-12-30 12:40:00
5995449.005967194,0.0,67.0,,1.0,,,,,2026-12-30 12:45:00
5995450.006112753,0.0,69.0,,1.0,,,,,2026-12-30 12:50:00
5995451.006258313,0.0,69.0,,1.0,,,,,2026-12-30 12:55:00
5995452.006403872,0.0,69.0,,1.0,,,,,2026-12-30 13:00:00
5995453.006549431,0.0,71.0,,1.0,,,,,2026-12-30 13:05:00
5995454.006694991,0.0,75.0,,1.0,,,,,2026-12-30 13:10:00
5995455.00684055,0.0,81.0,,1.0,,,,,2026-12-30 13:15:00
5995456.00698611,0.0,87.0,,1.0,,,,,2026-12-30 13:20:00
5995457.007131669,0.0,97.0,,1.0,,,,,2026-12-30 13:25:00
5995458.007277228,0.0,108.0,,1.0,,,,,2026-12-30 13:30:00
5995459.007422787,0.0,121.0,127.0,1.0,,,,15.5,2026-12-30 13:35:00
5995460.007568346,0.0,134.0,,1.0,,,,,2026-12-30 13:40:00
5995461.0077139065,0.0,143.0,,1.0,,0.00745,,,2026-12-30 13:45:00
5995462.007859466,0.0,149.0,,1.0,,0.0,,,2026-12-30 13:50:00
5995463.008005025,0.0,158.0,,1.0,,,,,2026-12-30 13:55:00
5995464.008150584,0.0,161.0,,1.0,,,,,2026-12-30 14:00:00
5995465.008296143,0.0,161.0,,1.0,,,,,2026-12-30 14:05:00
5995466.008441702,0.0,163.0,,1.0,,,,,2026-12-30 14:10:00
5995467.008587262,0.0,166.0,,1.0,,,,,2026-12-30 14:15:00
5995468.008732822,0.0,170.0,,1.0,,,,,2026-12-30 14:20:00
5995469.008878381,0.0,174.0,,1.0,,,,,2026-12-30 14:25:00
5995470.00902394,0.0,175.0,,1.0,,,,,2026-12-30 14:30:00
5995471.009169499,0.0,176.0,,1.0,,,,,2026-12-30 14:35:00
5995472.009315059,0.0,175.0,,1.0,,,,,2026-12-30 14:40:00
5995473.009460618,0.0,172.0,,1.0,,0.005443,,,2026-12-30 14:45:00
5995474.009606177,0.0,170.0,,1.0,,0.0,,,2026-12-30 14:50:00
5995475.009751737,0.0,170.0,,1.0,,,,,2026-12-30 14:55:00
5995476.009897296,0.0,168.0,,1.0,,,,,2026-12-30 15:00:00
5995477.0100428555,0.0,165.0,,1.0,,,,,2026-12-30 15:05:00
5995478.010188415,0.0,162.0,,1.0,,,,,2026-12-30 15:10:00
5995479.010333974,0.0,159.0,,1.0,,,,,2026-12-30 15:15:00
5995480.010479533,0.0,159.0,,1.0,,,,,2026-12-30 15:20:00
5995481.010625092,0.0,159.0,,1.0,,,,,2026-12-30 15:25:00
5995482.010770652,0.0,160.0,,1.0,,0.213723,,,2026-12-30 15:30:00
5995483.010916212,0.0,160.0,,1.0,,0.107206,,,2026-12-30 15:35:00
5995484.011061771,0.0,160.0,,1.0,,0.025853,,,2026-12-30 15:40:00
5995485.01120733,0.0,160.0,,1.0,,0.029542,,,2026-12-30 15:45:00
5995486.011352889,0.0,160.0,,1.0,,0.025082,,,2026-12-30 15:50:00
5995487.011498448,0.0,161.0,,1.0,,0.044057,,,2026-12-30 15:55:00
5995488.011644008,0.0,162.0,,1.0,,0.027519,,,2026-12-30 16:00:00
5995489.011789568,0.0,164.0,,1.0,,0.101044,,,2026-12-30 16:05:00
5995490.011935127,0.0,162.0,,1.0,,0.036075,,,2026-12-30 16:10:00
5995491.012080686,0.0,164.0,,1.0,,0.022934,,,2026-12-30 16:15:00
5995492.012226245,0.0,167.0,,1.0,,0.084855,,,2026-12-30 16:20:00
5995493.012371805,0.0,166.0,,1.0,,0.020218,,,2026-12-30 16:25:00
5995494.012517364,0.0,166.0,,1.0,,0.134312,,,2026-12-30 16:30:00
5995495.012662923,0.0,168.0,,1.0,,0.021148,,,2026-12-30 16:35:00
5995496.012808483,0.0,168.0,,1.0,,0.017264,,,2026-12-30 16:40:00
5995497.012954042,0.0,169.0,,1.0,,0.028746,,,2026-12-30 16:45:00
5995498.0130996015,0.0,169.0,,1.0,,0.043948,,,2026-12-30 16:50:00
5995499.013245161,0.0,168.0,,1.0,,0.040311,,,2026-12-30 16:55:00
5995500.01339072,0.0,166.0,,1.0,,0.042346,,,2026-12-30 17:00:00
5995501.013536279,0.0,164.0,,1.0,,0.04837,,,2026-12-30 17:05:00
5995502.013681838,0.0,165.0,,1.0,,0.014428,,,2026-12-30 17:10:00
5995503.013827398,0.0,165.0,,1.0,,0.023185,,,2026-12-30 17:15:00
5995504.013972958,0.0,167.0,,1.0,,0.026569,,,2026-12-30 17:20:00
5995505.014118517,0.0,170.0,,1.0,,0.041061,,,2026-12-30 17:25:00
5995506.014264076,0.0,172.0,,1.0,,0.019512,,,2026-12-30 17:30:00
5995507.014409635,0.0,175.0,,1.0,,0.028766,,,2026-12-30 17:35:00
5995508.014555194,0.0,179.0,,1.0,,0.028679,,,2026-12-30 17:40:00
5995509.014700754,0.0,182.0,182.0,1.0,,0.033129,,6.2,2026-12-30 17:45:00
5995510.014846314,0.0,184.0,,1.0,,0.021333,,,2026-12-30 17:50:00
5995511.014991873,0.0,186.0,,1.0,,0.022848,,,2026-12-30 17:55:00
5995512.015137432,0.0,189.0,,1.0,,0.043049,,,2026-12-30 18:00:00
5995513.015282991,0.0,189.0,,1.0,,0.051546,,,2026-12-30 18:05:00
5995514.015428551,0.0,188.0,,1.0,,0.038981,,,2026-12-30 18:10:00
5995515.01557411,0.0,187.0,,1.0,,0.030387,,,2026-12-30 18:15:00
5995516.015719669,0.0,185.0,,1.0,,0.024863,,,2026-12-30 18:20:00
5995517.015865229,0.0,182.0,,1.0,,0.042629,,,2026-12-30 18:25:00
5995518.016010788,0.0,180.0,,1.0,,0.019061,,,2026-12-30 18:30:00
5995519.0161563475,0.0,175.0,,1.0,,0.018074,,,2026-12-30 18:35:00
5995520.016301907,0.0,168.0,,1.0,,0.024152,,,2026-12-30 18:40:00
5995521.016447466,0.0,164.0,,1.0,,0.041678,,,2026-12-30 18:45:00
5995522.016593025,0.0,160.0,,1.0,,0.551365,,,2026-12-30 18:50:00
5995523.016738584,0.0,157.0,,1.0,,0.165669,,,2026-12-30 18:55:00
5995524.016884144,0.0,155.0,,1.0,,0.353511,,,2026-12-30 19:00:00
5995525.017029704,0.0,149.0,,1.0,,0.883409,,,2026-12-30 19:05:00
5995526.017175263,0.0,138.0,,1.0,,2.009731,,,2026-12-30 19:10:00
5995527.017320822,0.0,127.0,,1.0,,4.876052,,,2026-12-30 19:15:00
5995528.017466381,0.0,118.0,,1.0,,5.252311,,,2026-12-30 19:20:00
5995529.01761194,0.0,111.0,,1.0,,2.834965,,,2026-12-30 19:25:00
5995530.0177575,0.0,106.0,,1.0,,0.871084,,,2026-12-30 19:30:00
5995531.01790306,0.0,102.0,,1.0,,5.071861,80.0,,2026-12-30 19:35:00
5995532.018048619,0.0,100.0,,1.0,,2.201003,,,2026-12-30 19:40:00
5995533.018194178,0.0,99.0,,1.0,,0.140334,,,2026-12-30 19:45:00
5995534.018339737,0.0,100.0,,1.0,,0.220117,,,2026-12-30 19:50:00
5995535.0184852965,0.0,100.0,,1.0,,0.219329,,,2026-12-30 19:55:00
5995536.018630856,0.0,103.0,104.0,1.0,,0.254398,,8.0,2026-12-30 20:00:00
5995537.018776415,0.0,106.0,,1.0,,0.106657,,,2026-12-30 20:05:00
5995538.018921975,0.0,108.0,,1.0,,0.065567,,,2026-12-30 20:10:00
5995539.019067534,0.0,109.0,,1.0,,0.083491,,,2026-12-30 20:15:00
5995540.019213093,0.0,109.0,,1.0,,0.09493,,,2026-12-30 20:20:00
5995541.019358653,0.0,109.0,,1.0,,0.084294,,,2026-12-30 20:25:00
5995542.019504212,0.0,110.0,,1.0,,0.017098,,,2026-12-30 20:30:00
5995543.019649771,0.0,109.0,,1.0,,0.023265,,,2026-12-30 20:35:00
5995544.01979533,0.0,108.0,,1.0,,0.019696,,,2026-12-30 20:40:00
5995545.01994089,0.0,107.0,,1.0,,0.020782,,,2026-12-30 20:45:00
5995546.02008645,0.0,104.0,,1.0,,0.013768,,,2026-12-30 20:50:00
5995547.020232009,0.0,99.0,,1.0,,0.020252,,,2026-12-30 20:55:00
5995548.020377568,0.0,96.0,,1.0,,0.028909,,,2026-12-30 21:00:00
5995549.020523127,0.0,98.0,,1.0,,0.020607,,,2026-12-30 21:05:00
5995550.020668686,0.0,102.0,,1.0,,0.020854,,,2026-12-30 21:10:00
5995551.020814246,0.0,103.0,,1.0,,0.020354,,,2026-12-30 21:15:00
5995552.020959806,0.0,103.0,,1.0,,0.021563,,,2026-12-30 21:20:00
5995553.021105365,0.0,103.0,,1.0,,0.038335,,,2026-12-30 21:25:00
5995554.021250924,0.0,104.0,,1.0,,0.040001,,,2026-12-30 21:30:00
5995555.021396483,0.0,105.0,,1.0,,0.037288,,,2026-12-30 21:35:00
5995556.0215420425,0.0,105.0,,1.0,,0.022969,,,2026-12-30 21:40:00
5995557.021687602,0.0,108.0,,1.0,,0.029351,,,2026-12-30 21:45:00
5995558.021833161,0.0,112.0,,1.0,,0.030741,,,2026-12-30 21:50:00
5995559.021978721,0.0,116.0,,1.0,,0.023451,,,2026-12-30 21:55:00
5995560.02212428,0.0,121.0,,1.0,,0.022517,,,2026-12-30 22:00:00
5995561.022269839,0.0,124.0,,1.0,,0.043204,,,2026-12-30 22:05:00
5995562.022415399,0.0,128.0,,1.0,,0.053167,,,2026-12-30 22:10:00
5995563.022560958,0.0,130.0,,1.0,,0.045739,,,2026-12-30 22:15:00
5995564.022706517,0.0,133.0,,1.0,,0.052658,,,2026-12-30 22:20:00
5995565.022852076,0.0,136.0,162.0,1.0,,0.060408,,3.4,2026-12-30 22:25:00
5995566.022997636,0.0,136.0,,1.0,,0.067379,,,2026-12-30 22:30:00
5995567.023143196,0.0,139.0,,1.0,,0.072724,,,2026-12-30 22:35:00
5995568.023288755,0.0,163.0,162.0,1.0,,0.074742,,,2026-12-30 22:40:00
5995569.023434314,0.0,170.0,,1.0,,0.075638,,,2026-12-30 22:45:00
5995570.023579873,0.0,176.0,,1.0,,0.088436,,,2026-12-30 22:50:00
5995571.023725432,0.0,180.0,,1.0,,0.08852,,,2026-12-30 22:55:00
5995572.023870992,0.0,184.0,,1.0,,0.097961,,,2026-12-30 23:00:00
5995573.024016552,0.0,188.0,,1.0,,0.093711,,,2026-12-30 23:05:00
5995574.024162111,0.0,190.0,,1.0,,0.029355,,,2026-12-30 23:10:00
5995575.02430767,0.0,191.0,,1.0,,0.020352,,,2026-12-30 23:15:00
5995576.024453229,0.0,191.0,,1.0,,0.030269,,,2026-12-30 23:20:00
5995577.0245987885,0.0,190.0,,1.0,,0.043743,,,2026-12-30 23:25:00
5995578.024744348,0.0,188.0,,1.0,,0.030511,,,2026-12-30 23:30:00
5995579.024889907,0.0,186.0,192.0,1.0,,0.034977,,3.1,2026-12-30 23:35:00
5995580.025035467,0.0,182.0,,1.0,,0.03238,,,2026-12-30 23:40:00
5995581.025181026,0.0,178.0,,1.0,,0.035884,,,2026-12-30 23:45:00
5995582.025326585,0.0,174.0,,1.0,,0.045149,,,2026-12-30 23:50:00
5995583.025472145,0.0,171.0,,1.0,,0.052663,,,2026-12-30 23:55:00
5995584.025617704,0.0,167.0,,1.0,,0.060004,,,2026-12-31 00:00:00
5995585.025763263,0.0,165.0,,1.0,,0.070102,,,2026-12-31 00:05:00
5995586.025908822,0.0,164.0,,1.0,,0.0782,,,2026-12-31 00:10:00
5995587.026054382,0.0,165.0,,1.0,,0.12199,,,2026-12-31 00:15:00
5995588.0261999415,0.0,166.0,,1.0,,0.661249,,,2026-12-31 00:20:00
5995589.026345501,0.0,169.0,,1.0,,0.241229,,,2026-12-31 00:25:00
5995590.02649106,0.0,172.0,,1.0,,0.24239,,,2026-12-31 00:30:00
5995591.026636619,0.0,175.0,,1.0,,0.701194,,,2026-12-31 00:35:00
5995592.026782178,0.0,178.0,,1.0,,1.320845,,,2026-12-31 00:40:00
5995593.0269277375,0.0,182.0,,1.0,,0.922782,,,2026-12-31 00:45:00
5995594.027073298,0.0,186.0,,1.0,,0.482983,,,2026-12-31 00:50:00
5995595.027218857,0.0,187.0,,1.0,,0.409851,,,2026-12-31 00:55:00
5995596.027364416,0.0,186.0,,1.0,,0.388787,,,2026-12-31 01:00:00
5995597.027509975,0.0,185.0,,1.0,,0.395654,,,2026-12-31 01:05:00
5995598.027655534,0.0,183.0,,1.0,,0.368228,,,2026-12-31 01:10:00
5995599.027801094,0.0,180.0,,1.0,,0.361088,,,2026-12-31 01:15:00
5995600.027946653,0.0,178.0,,1.0,,0.469043,,,2026-12-31 01:20:00
5995601.028092213,0.0,176.0,192.0,1.0,,1.71719,,6.0,2026-12-31 01:25:00
5995602.028237772,0.0,176.0,,1.0,,2.78328,,,2026-12-31 01:30:00
5995603.028383331,0.0,174.0,,1.0,,3.557212,,,2026-12-31 01:35:00
5995604.028528891,0.0,172.0,,1.0,,2.838559,,,2026-12-31 01:40:00
5995605.02867445,0.0,170.0,,1.0,,4.792697,,,2026-12-31 01:45:00
5995606.028820009,0.0,168.0,,1.0,,5.825341,,,2026-12-31 01:50:00
5995607.028965568,0.0,167.0,,1.0,,6.318646,,,2026-12-31 01:55:00
5995608.029111128,0.0,164.0,,1.0,,7.277708,,,2026-12-31 02:00:00
5995609.0292566875,0.0,162.0,,1.0,,5.332844,,,2026-12-31 02:05:00
5995610.029402247,0.0,159.0,,1.0,,4.568592,,,2026-12-31 02:10:00
5995611.029547806,0.0,156.0,,1.0,,4.022455,,,2026-12-31 02:15:00
5995612.029693365,0.0,152.0,,1.0,,3.648241,,,2026-12-31 02:20:00
5995613.029838924,0.0,146.0,,1.0,,3.329932,,,2026-12-31 02:25:00
5995614.0299844835,0.0,144.0,,1.0,,3.099477,,,2026-12-31 02:30:00
5995615.030130044,0.0,141.0,,1.0,,3.219915,,,2026-12-31 02:35:00
5995616.030275603,0.0,139.0,,1.0,,3.093342,,,2026-12-31 02:40:00
5995617.030421162,0.0,137.0,,1.0,,2.774649,,,2026-12-31 02:45:00
5995618.030566721,0.0,136.0,,1.0,,2.55481,,,2026-12-31 02:50:00
5995619.03071228,0.0,134.0,,1.0,,2.428618,,,2026-12-31 02:55:00
5995620.03085784,0.0,128.0,,1.0,,3.068401,,,2026-12-31 03:00:00
5995621.031003399,0.0,127.0,,1.0,,4.24281,,,2026-12-31 03:05:00
5995622.031148959,0.0,127.0,,1.0,,5.245146,,,2026-12-31 03:10:00
5995623.031294518,0.0,128.0,,1.0,,5.96772,,,2026-12-31 03:15:00
5995624.031440077,0.0,125.0,,1.0,,6.957852,,,2026-12-31 03:20:00
5995625.031585637,0.0,122.0,,1.0,,4.982147,,,2026-12-31 03:25:00
5995626.031731196,0.0,120.0,,1.0,,4.563262,,,2026-12-31 03:30:00
5995627.031876755,0.0,119.0,,1.0,,3.916953,,,2026-12-31 03:35:00
5995628.032022314,0.0,118.0,,1.0,,3.040466,,,2026-12-31 03:40:00
5995629.032167874,0.0,118.0,,1.0,,2.757006,,,2026-12-31 03:45:00
5995630.0323134335,0.0,119.0,,1.0,,2.606129,,,2026-12-31 03:50:00
5995631.032458993,0.0,118.0,,1.0,,2.361736,,,2026-12-31 03:55:00
5995632.032604552,0.0,117.0,,1.0,,2.37474,,,2026-12-31 04:00:00
5995633.032750111,0.0,116.0,,1.0,,2.024252,,,2026-12-31 04:05:00
5995634.03289567,0.0,115.0,,1.0,,1.853644,,,2026-12-31 04:10:00
5995635.0330412295,0.0,114.0,,1.0,,1.74552,,,2026-12-31 04:15:00
5995636.03318679,0.0,114.0,,1.0,,1.727947,,,2026-12-31 04:20:00
5995637.033332349,0.0,113.0,,1.0,,1.664871,,,2026-12-31 04:25:00
5995638.033477908,0.0,111.0,,1.0,,2.356852,,,2026-12-31 04:30:00
5995639.033623467,0.0,109.0,,1.0,,1.633563,,,2026-12-31 04:35:00
5995640.033769026,0.0,108.0,,1.0,,1.406635,,,2026-12-31 04:40:00
5995641.033914586,0.0,107.0,,1.0,,1.33058,,,2026-12-31 04:45:00
5995642.034060145,0.0,106.0,,1.0,,1.262229,,,2026-12-31 04:50:00
5995643.034205705,0.0,104.0,,1.0,,1.200196,,,2026-12-31 04:55:00
5995644.034351264,0.0,102.0,,1.0,,1.15895,,,2026-12-31 05:00:00
5995645.034496823,0.0,100.0,,1.0,,1.001404,,,2026-12-31 05:05:00
5995646.0346423825,0.0,97.0,,1.0,,1.023816,,,2026-12-31 05:10:00
5995647.034787942,0.0,95.0,,1.0,,1.188142,,,2026-12-31 05:15:00
5995648.034933501,0.0,93.0,,1.0,,1.229557,,,2026-12-31 05:20:00
5995649.03507906,0.0,92.0,,1.0,,1.231563,,,2026-12-31 05:25:00
5995650.03522462,0.0,90.0,,1.0,,1.103775,,,2026-12-31 05:30:00
5995651.035370179,0.0,89.0,,1.0,,1.141788,,,2026-12-31 05:35:00
5995652.035515739,0.0,87.0,,1.0,,1.152249,,,2026-12-31 05:40:00
5995653.035661298,0.0,85.0,,1.0,,1.697804,,,2026-12-31 05:45:00
5995654.035806857,0.0,84.0,,1.0,,1.78492,,,2026-12-31 05:50:00
5995655.035952416,0.0,84.0,,1.0,,1.80954,,,2026-12-31 05:55:00
5995656.036097975,0.0,83.0,,1.0,,1.849673,,,2026-12-31 06:00:00
5995657.036243536,0.0,82.0,,1.0,,1.883916,,,2026-12-31 06:05:00
5995658.036389095,0.0,81.0,,1.0,,1.920648,,,2026-12-31 06:10:00
5995659.036534654,0.0,79.0,,1.0,,1.881791,,,2026-12-31 06:15:00
5995660.036680213,0.0,79.0,,1.0,,1.413664,,,2026-12-31 06:20:00
5995661.036825772,0.0,78.0,,1.0,,1.146513,,,2026-12-31 06:25:00
5995662.036971332,0.0,77.0,,1.0,,1.167447,,,2026-12-31 06:30:00
5995663.037116891,0.0,77.0,,1.0,,0.213413,,,2026-12-31 06:35:00
5995664.037262451,0.0,77.0,,1.0,,0.0,,,2026-12-31 06:40:00
5995665.03740801,0.0,77.0,,1.0,,,,,2026-12-31 06:45:00
5995666.037553569,0.0,78.0,,1.0,,,,,2026-12-31 06:50:00
5995667.0376991285,0.0,78.0,,0.0,,,,,2026-12-31 06:55:00
5995668.037844688,0.0,79.0,,0.0,,,,,2026-12-31 07:00:00
5995669.037990247,0.0,81.0,,0.0,,,,,2026-12-31 07:05:00
5995670.038135806,0.0,84.0,,0.0,,0.073785,,,2026-12-31 07:10:00
5995671.038281366,0.0,88.0,,0.0,,0.286303,,,2026-12-31 07:15:00
5995672.038426925,0.0,88.0,,0.0,,0.134216,,,2026-12-31 07:20:00
5995673.038572485,0.0,88.0,,1.0,,0.095829,,,2026-12-31 07:25:00
5995674.038718044,0.0,90.0,,1.0,,0.085457,,,2026-12-31 07:30:00
5995675.038863603,0.0,94.0,,1.0,,0.066264,,,2026-12-31 07:35:00
5995676.039009162,0.0,99.0,,1.0,,0.051767,,,2026-12-31 07:40:00
5995677.039154721,0.0,103.0,,1.0,,0.022401,,,2026-12-31 07:45:00
5995678.039300282,0.0,107.0,,1.0,,0.026487,,,2026-12-31 07:50:00
5995679.039445841,0.0,112.0,,1.0,,0.041428,,,2026-12-31 07:55:00
5995680.0395914,0.0,116.0,,1.0,,0.05816,,,2026-12-31 08:00:00
5995681.039736959,0.0,121.0,,1.0,,0.066489,,,2026-12-31 08:05:00
5995682.039882518,0.0,125.0,,1.0,,0.052775,86.0,,2026-12-31 08:10:00
5995683.040028078,0.0,129.0,,1.0,,0.065526,,,2026-12-31 08:15:00
5995684.040173637,0.0,132.0,,1.0,,0.062392,,,2026-12-31 08:20:00
5995685.040319197,0.0,135.0,,1.0,,0.050016,,,2026-12-31 08:25:00
5995686.040464756,0.0,138.0,141.0,1.0,,0.046435,,16.4,2026-12-31 08:30:00
5995687.040610315,0.0,141.0,,1.0,,0.053129,,,2026-12-31 08:35:00
5995688.0407558745,0.0,144.0,,1.0,,0.062763,,,2026-12-31 08:40:00
5995689.040901434,0.0,145.0,,1.0,,0.063134,,,2026-12-31 08:45:00
5995690.041046993,0.0,145.0,,1.0,,0.016174,,,2026-12-31 08:50:00
5995691.041192552,0.0,147.0,,1.0,,0.017671,,,2026-12-31 08:55:00
5995692.041338112,0.0,153.0,,1.0,,0.02302,,,2026-12-31 09:00:00
5995693.041483671,0.0,160.0,,1.0,,0.021629,,,2026-12-31 09:05:00
5995694.041629231,0.0,168.0,,1.0,,0.026837,,,2026-12-31 09:10:00
5995695.04177479,0.0,176.0,,1.0,,0.018881,,,2026-12-31 09:15:00
5995696.041920349,0.0,182.0,,1.0,,0.029046,,,2026-12-31 09:20:00
5995697.042065908,0.0,188.0,,1.0,,0.035232,,,2026-12-31 09:25:00
5995698.042211467,0.0,195.0,,1.0,,0.016634,,,2026-12-31 09:30:00
5995699.0423570275,0.0,200.0,,1.0,,0.023782,,,2026-12-31 09:35:00
5995700.042502587,0.0,205.0,,1.0,,0.014002,,,2026-12-31 09:40:00
5995701.042648146,0.0,210.0,,1.0,,0.012598,,,2026-12-31 09:45:00
5995702.042793705,0.0,214.0,,1.0,,0.019451,,,2026-12-31 09:50:00
5995703.042939264,0.0,219.0,,1.0,,0.013908,,,2026-12-31 09:55:00
5995704.0430848235,0.0,227.0,,1.0,,0.017949,,,2026-12-31 10:00:00
5995705.043230383,0.0,232.0,,1.0,,0.024653,,,2026-12-31 10:05:00
5995706.043375943,0.0,234.0,,1.0,,0.012305,,,2026-12-31 10:10:00
5995707.043521502,0.0,235.0,,1.0,,0.0,,,2026-12-31 10:15:00
5995708.043667061,0.0,234.0,,1.0,,,,,2026-12-31 10:20:00
5995709.04381262,0.0,231.0,,1.0,,,,,2026-12-31 10:25:00
5995710.04395818,1.0,,,1.0,,,,,2026-12-31 10:30:00
5995711.044103739,1.0,,,1.0,,,,,2026-12-31 10:35:00
5995712.044249298,1.0,,,1.0,,,60.0,,2026-12-31 10:40:00
5995713.044394858,1.0,,,1.0,,,,,2026-12-31 10:45:00
5995714.044540417,1.0,,,1.0,,,,,2026-12-31 10:50:00
5995715.044685977,1.0,,182.0,1.0,,,,10.5,2026-12-31 10:55:00
5995716.044831536,1.0,,,1.0,,,,,2026-12-31 11:00:00
5995717.044977095,1.0,,,1.0,,,,,2026-12-31 11:05:00
5995718.045122654,0.0,177.0,182.0,1.0,,,,,2026-12-31 11:10:00
5995719.045268213,0.0,173.0,,1.0,,,,,2026-12-31 11:15:00
5995720.0454137735,0.0,169.0,,1.0,,,,,2026-12-31 11:20:00
5995721.045559333,0.0,165.0,,1.0,,,,,2026-12-31 11:25:00
5995722.045704892,0.0,161.0,,1.0,,,,,2026-12-31 11:30:00
5995723.045850451,0.0,158.0,,1.0,,,,,2026-12-31 11:35:00
5995724.04599601,0.0,157.0,,1.0,,,,,2026-12-31 11:40:00
5995725.0461415695,0.0,155.0,,1.0,,,,,2026-12-31 11:45:00
5995726.046287129,0.0,152.0,,1.0,,,,,2026-12-31 11:50:00
5995727.046432689,0.0,148.0,,1.0,,,,,2026-12-31 11:55:00
5995728.046578248,0.0,144.0,,1.0,,,,,2026-12-31 12:00:00
5995729.046723807,0.0,140.0,,1.0,,0.014538,,,2026-12-31 12:05:00
5995730.046869366,0.0,136.0,,1.0,,0.021824,,,2026-12-31 12:10:00
5995731.047014926,0.0,131.0,,1.0,,0.017611,,,2026-12-31 12:15:00
5995732.047160485,0.0,123.0,,1.0,,0.02836,,,2026-12-31 12:20:00
5995733.047306044,0.0,116.0,,1.0,,0.030902,80.0,,2026-12-31 12:25:00
5995734.047451604,0.0,111.0,,1.0,,0.028605,,,2026-12-31 12:30:00
5995735.047597163,0.0,108.0,,1.0,,0.01568,,,2026-12-31 12:35:00
5995736.047742723,0.0,106.0,,1.0,,0.029831,,,2026-12-31 12:40:00
5995737.047888282,0.0,106.0,,1.0,,0.029466,,,2026-12-31 12:45:00
5995738.048033841,0.0,107.0,,1.0,,0.029892,,,2026-12-31 12:50:00
5995739.0481794,0.0,107.0,,1.0,,0.033986,,,2026-12-31 12:55:00
5995740.048324959,0.0,108.0,,1.0,,0.023981,,,2026-12-31 13:00:00
5995741.0484705195,0.0,110.0,,1.0,,0.031918,,,2026-12-31 13:05:00
5995742.048616079,0.0,113.0,,1.0,,0.03278,,,2026-12-31 13:10:00
5995743.048761638,0.0,121.0,,1.0,,0.026841,,,2026-12-31 13:15:00
5995744.048907197,0.0,129.0,,1.0,,0.014206,,,2026-12-31 13:20:00
5995745.049052756,0.0,138.0,,1.0,,0.033201,,,2026-12-31 13:25:00
5995746.0491983155,0.0,149.0,,1.0,,0.012992,,,2026-12-31 13:30:00
5995747.049343875,0.0,159.0,160.0,1.0,,0.021527,,6.75,2026-12-31 13:35:00
5995748.049489435,0.0,170.0,,1.0,,0.012046,,,2026-12-31 13:40:00
5995749.049634994,0.0,180.0,,1.0,,0.015667,,,2026-12-31 13:45:00
5995750.049780553,0.0,190.0,,1.0,,0.025428,,,2026-12-31 13:50:00
5995751.049926112,0.0,200.0,,1.0,,0.02612,,,2026-12-31 13:55:00
5995752.050071672,0.0,207.0,,1.0,,0.024505,,,2026-12-31 14:00:00
5995753.050217231,0.0,212.0,,1.0,,0.017689,,,2026-12-31 14:05:00
5995754.05036279,0.0,214.0,,1.0,,0.017291,,,2026-12-31 14:10:00
5995755.05050835,0.0,216.0,,1.0,,0.022589,,,2026-12-31 14:15:00
5995756.050653909,0.0,219.0,,1.0,,0.011311,,,2026-12-31 14:20:00
5995757.0507994685,0.0,220.0,,1.0,,0.016888,,,2026-12-31 14:25:00
5995758.050945028,0.0,219.0,,1.0,,0.01187,,,2026-12-31 14:30:00
5995759.051090587,0.0,220.0,,1.0,,0.025837,,,2026-12-31 14:35:00
5995760.051236146,0.0,220.0,,1.0,,0.032158,,,2026-12-31 14:40:00
5995761.051381705,0.0,221.0,,1.0,,0.031603,,,2026-12-31 14:45:00
5995762.051527265,0.0,223.0,,1.0,,0.018599,,12.0,2026-12-31 14:50:00
5995763.051672825,0.0,223.0,,1.0,,0.035918,,,2026-12-31 14:55:00
5995764.051818384,0.0,223.0,,1.0,,0.015986,,,2026-12-31 15:00:00
5995765.051963943,0.0,224.0,,1.0,,0.014886,,,2026-12-31 15:05:00
5995766.052109502,0.0,227.0,,1.0,,0.028883,,,2026-12-31 15:10:00
5995767.052255061,0.0,230.0,,1.0,,0.036921,,,2026-12-31 15:15:00
5995768.052400621,0.0,232.0,,1.0,,0.044832,,,2026-12-31 15:20:00
5995769.052546181,0.0,231.0,,1.0,,0.050642,,,2026-12-31 15:25:00
5995770.05269174,0.0,228.0,,1.0,,0.052031,,,2026-12-31 15:30:00
5995771.052837299,0.0,219.0,,1.0,,0.031608,,,2026-12-31 15:35:00
5995772.052982858,0.0,209.0,,1.0,,0.032033,,,2026-12-31 15:40:00
5995773.053128418,0.0,201.0,,1.0,,0.039947,,,2026-12-31 15:45:00
5995774.053273977,0.0,192.0,,1.0,,0.02949,,,2026-12-31 15:50:00
5995775.053419536,0.0,180.0,,1.0,,0.033481,,,2026-12-31 15:55:00
5995776.053565096,0.0,171.0,,1.0,,0.038735,,,2026-12-31 16:00:00
5995777.053710655,0.0,162.0,,1.0,,0.040263,,,2026-12-31 16:05:00
5995778.0538562145,0.0,152.0,,1.0,,0.04709,,,2026-12-31 16:10:00
5995779.054001774,0.0,143.0,,1.0,,0.015594,,,2026-12-31 16:15:00
5995780.054147333,0.0,136.0,,1.0,,0.026777,,,2026-12-31 16:20:00
5995781.054292892,0.0,131.0,,1.0,,0.049622,,,2026-12-31 16:25:00
5995782.054438451,0.0,126.0,,1.0,,0.055311,,,2026-12-31 16:30:00
5995783.054584011,0.0,124.0,,1.0,,0.040316,,,2026-12-31 16:35:00
5995784.054729571,0.0,121.0,,1.0,,0.039539,,,2026-12-31 16:40:00
5995785.05487513,0.0,118.0,,1.0,,0.046392,,,2026-12-31 16:45:00
5995786.055020689,0.0,115.0,,1.0,,0.047179,,,2026-12-31 16:50:00
5995787.055166248,0.0,112.0,,1.0,,0.052317,,,2026-12-31 16:55:00
5995788.055311807,0.0,110.0,,1.0,,0.014883,,,2026-12-31 17:00:00
5995789.055457367,0.0,110.0,,1.0,,0.034818,,,2026-12-31 17:05:00
5995790.055602927,0.0,110.0,,1.0,,0.018292,,,2026-12-31 17:10:00
5995791.055748486,0.0,110.0,,1.0,,0.015003,,,2026-12-31 17:15:00
5995792.055894045,0.0,108.0,,1.0,,0.020805,,,2026-12-31 17:20:00
5995793.056039604,0.0,106.0,,1.0,,0.013132,,,2026-12-31 17:25:00
5995794.056185164,0.0,106.0,,1.0,,0.03075,,,2026-12-31 17:30:00
5995795.056330723,0.0,104.0,,1.0,,0.012592,,,2026-12-31 17:35:00
5995796.056476282,0.0,103.0,,1.0,,0.014677,,,2026-12-31 17:40:00
5995797.056621842,0.0,101.0,,1.0,,0.017234,,,2026-12-31 17:45:00
5995798.056767401,0.0,100.0,,1.0,,0.025169,,,2026-12-31 17:50:00
5995799.0569129605,0.0,98.0,,1.0,,0.022822,,,2026-12-31 17:55:00
5995800.05705852,0.0,99.0,,1.0,,0.028023,,,2026-12-31 18:00:00
5995801.057204079,0.0,98.0,,1.0,,0.015004,,,2026-12-31 18:05:00
5995802.057349638,0.0,98.0,,1.0,,0.029376,,,2026-12-31 18:10:00
5995803.057495197,0.0,98.0,,1.0,,0.032444,,,2026-12-31 18:15:00
5995804.057640757,0.0,99.0,99.0,1.0,,0.030776,,13.2,2026-12-31 18:20:00
5995805.057786317,0.0,102.0,,1.0,,0.033168,,,2026-12-31 18:25:00
5995806.057931876,0.0,110.0,,1.0,,0.01513,,,2026-12-31 18:30:00
5995807.058077435,0.0,119.0,,1.0,,0.01753,,,2026-12-31 18:35:00
5995808.058222994,0.0,130.0,,1.0,,0.01696,,,2026-12-31 18:40:00
5995809.058368553,0.0,139.0,,1.0,,0.017832,,,2026-12-31 18:45:00
5995810.058514113,0.0,146.0,,1.0,,0.021823,,,2026-12-31 18:50:00
5995811.058659673,0.0,148.0,,1.0,,0.027424,,,2026-12-31 18:55:00
5995812.058805232,0.0,145.0,,1.0,,0.008195,,,2026-12-31 19:00:00
5995813.058950791,0.0,142.0,,1.0,,0.0,,,2026-12-31 19:05:00
5995814.05909635,0.0,134.0,,1.0,,,,,2026-12-31 19:10:00
5995815.0592419095,0.0,125.0,,0.0,,,,,2026-12-31 19:15:00
5995816.059387469,0.0,116.0,,0.0,,,,,2026-12-31 19:20:00
5995817.059533028,0.0,103.0,,0.0,,,,,2026-12-31 19:25:00
5995818.059678588,0.0,100.0,,0.0,,,,,2026-12-31 19:30:00
5995819.059824147,0.0,97.0,,0.0,,,,,2026-12-31 19:35:00
5995820.059969706,0.0,98.0,,0.0,,,,,2026-12-31 19:40:00
5995821.060115266,0.0,99.0,,0.0,,,,,2026-12-31 19:45:00
5995822.060260825,0.0,101.0,,0.0,,,,,2026-12-31 19:50:00
5995823.060406384,0.0,105.0,,0.0,,,,,2026-12-31 19:55:00
5995824.060551943,0.0,108.0,,0.0,,0.065773,,,2026-12-31 20:00:00
5995825.060697503,0.0,110.0,,0.0,,0.043638,,,2026-12-31 20:05:00
5995826.060843063,0.0,111.0,,0.0,,0.045611,,,2026-12-31 20:10:00
5995827.060988622,0.0,108.0,,0.0,,0.027894,,,2026-12-31 20:15:00
5995828.061134181,0.0,113.0,,0.0,,0.035853,,,2026-12-31 20:20:00
5995829.06127974,0.0,120.0,,0.0,,0.03436,,,2026-12-31 20:25:00
5995830.061425299,0.0,125.0,,1.0,,0.028821,,,2026-12-31 20:30:00
5995831.061570859,0.0,131.0,,1.0,,0.016358,,,2026-12-31 20:35:00
5995832.061716419,0.0,137.0,,1.0,,0.014146,,,2026-12-31 20:40:00
5995833.061861978,0.0,143.0,,1.0,,0.016604,,,2026-12-31 20:45:00
5995834.062007537,0.0,150.0,,1.0,,0.159804,,,2026-12-31 20:50:00
5995835.062153096,0.0,158.0,,1.0,,0.28907,,,2026-12-31 20:55:00
5995836.0622986555,0.0,164.0,,1.0,,0.010903,,,2026-12-31 21:00:00
5995837.062444215,0.0,169.0,,1.0,,0.012549,,,2026-12-31 21:05:00
5995838.062589774,0.0,173.0,,1.0,,0.007945,,,2026-12-31 21:10:00
5995839.062735334,0.0,179.0,210.0,1.0,,0.007802,,10.4,2026-12-31 21:15:00
5995840.062880893,0.0,187.0,,1.0,,0.01614,,,2026-12-31 21:20:00
5995841.063026452,0.0,197.0,,1.0,,0.01945,,,2026-12-31 21:25:00
5995842.063172012,0.0,206.0,,1.0,,0.016809,,,2026-12-31 21:30:00
5995843.063317571,0.0,211.0,210.0,1.0,,0.020431,,,2026-12-31 21:35:00
5995844.06346313,0.0,223.0,,1.0,,0.025035,,,2026-12-31 21:40:00
5995845.063608689,0.0,232.0,,1.0,,0.02665,,,2026-12-31 21:45:00
5995846.063754249,0.0,235.0,,1.0,,0.024889,,,2026-12-31 21:50:00
5995847.063899809,0.0,237.0,,1.0,,0.029698,,,2026-12-31 21:55:00
5995848.064045368,0.0,237.0,,1.0,,0.01885,,,2026-12-31 22:00:00
5995849.064190927,0.0,236.0,,1.0,,0.011248,,,2026-12-31 22:05:00
5995850.064336486,0.0,234.0,,1.0,,0.021327,,,2026-12-31 22:10:00
5995851.064482045,0.0,230.0,,1.0,,0.022726,,,2026-12-31 22:15:00
5995852.064627605,0.0,227.0,227.0,1.0,,0.021297,,1.9,2026-12-31 22:20:00
5995853.064773165,0.0,225.0,,1.0,,0.024807,,,2026-12-31 22:25:00
5995854.064918724,0.0,223.0,,1.0,,0.029113,,,2026-12-31 22:30:00
5995855.065064283,0.0,221.0,,1.0,,0.039696,,,2026-12-31 22:35:00
5995856.065209842,0.0,217.0,,1.0,,0.048627,,,2026-12-31 22:40:00
5995857.0653554015,0.0,212.0,,1.0,,0.105341,,,2026-12-31 22:45:00
5995858.065500961,0.0,207.0,,1.0,,0.089841,,,2026-12-31 22:50:00
5995859.06564652,0.0,202.0,,1.0,,0.23246,,,2026-12-31 22:55:00
5995860.06579208,0.0,197.0,,1.0,,0.107077,,,2026-12-31 23:00:00
5995861.065937639,0.0,191.0,,1.0,,0.106879,,,2026-12-31 23:05:00
5995862.066083198,0.0,186.0,,1.0,,0.095887,,,2026-12-31 23:10:00
5995863.066228758,0.0,182.0,,1.0,,0.093102,,,2026-12-31 23:15:00
5995864.066374317,0.0,178.0,,1.0,,0.094017,,,2026-12-31 23:20:00
5995865.066519876,0.0,174.0,,1.0,,0.27185,,,2026-12-31 23:25:00
5995866.066665435,0.0,170.0,,1.0,,1.451079,,,2026-12-31 23:30:00
5995867.066810995,0.0,166.0,,1.0,,0.809403,,,2026-12-31 23:35:00
5995868.066956555,0.0,164.0,,1.0,,0.212823,,,2026-12-31 23:40:00
5995869.067102114,0.0,162.0,,1.0,,0.151477,,,2026-12-31 23:45:00
5995870.067247673,0.0,160.0,,1.0,,0.149986,,,2026-12-31 23:50:00
5995871.067393232,0.0,158.0,,1.0,,0.099763,,,2026-12-31 23:55:00
5995872.067538791,0.0,155.0,,1.0,,0.179508,,,2027-01-01 00:00:00
5995873.067684351,0.0,153.0,,1.0,,0.451182,,,2027-01-01 00:05:00
5995874.067829911,0.0,151.0,,1.0,,0.555366,,,2027-01-01 00:10:00
5995875.06797547,0.0,149.0,,1.0,,0.474455,,,2027-01-01 00:15:00
5995876.068121029,0.0,148.0,,1.0,,0.492908,,,2027-01-01 00:20:00
5995877.068266588,0.0,148.0,,1.0,,0.314514,,,2027-01-01 00:25:00
5995878.068412147,0.0,149.0,,1.0,,0.267371,,,2027-01-01 00:30:00
5995879.068557707,0.0,150.0,,1.0,,0.244264,,,2027-01-01 00:35:00
5995880.068703266,0.0,152.0,,1.0,,0.234534,,,2027-01-01 00:40:00
5995881.068848826,0.0,153.0,,1.0,,0.137047,,,2027-01-01 00:45:00
5995882.068994385,0.0,155.0,,1.0,,0.13058,,,2027-01-01 00:50:00
5995883.069139944,0.0,157.0,,1.0,,0.121497,,,2027-01-01 00:55:00
5995884.069285504,0.0,160.0,,1.0,,0.125076,,,2027-01-01 01:00:00
5995885.069431063,0.0,164.0,,1.0,,0.126414,,,2027-01-01 01:05:00
5995886.069576622,0.0,168.0,,1.0,,0.14948,,,2027-01-01 01:10:00
5995887.069722181,0.0,169.0,,1.0,,0.154408,,,2027-01-01 01:15:00
5995888.069867741,0.0,170.0,,1.0,,0.155298,,,2027-01-01 01:20:00
5995889.0700133005,0.0,172.0,,1.0,,0.150424,,,2027-01-01 01:25:00
5995890.07015886,0.0,173.0,,1.0,,0.524879,,,2027-01-01 01:30:00
5995891.070304419,0.0,175.0,,1.0,,0.948558,,,2027-01-01 01:35:00
5995892.070449978,0.0,176.0,,1.0,,1.326984,,,2027-01-01 01:40:00
5995893.070595537,0.0,179.0,,1.0,,0.641149,,,2027-01-01 01:45:00
5995894.0707410965,0.0,182.0,,1.0,,0.360129,,,2027-01-01 01:50:00
5995895.070886657,0.0,184.0,,1.0,,0.305306,,,2027-01-01 01:55:00
5995896.071032216,0.0,186.0,,1.0,,0.282,,,2027-01-01 02:00:00
5995897.071177775,0.0,186.0,,1.0,,0.308997,,,2027-01-01 02:05:00
5995898.071323334,0.0,188.0,,1.0,,0.587361,,,2027-01-01 02:10:00
5995899.071468893,0.0,192.0,,1.0,,0.66382,,,2027-01-01 02:15:00
5995900.071614453,0.0,197.0,,1.0,,0.992979,,,2027-01-01 02:20:00
5995901.071760012,0.0,201.0,,1.0,,0.596821,,,2027-01-01 02:25:00
5995902.071905572,0.0,204.0,,1.0,,0.505697,,,2027-01-01 02:30:00
5995903.072051131,0.0,208.0,,1.0,,0.424273,,,2027-01-01 02:35:00
5995904.07219669,0.0,211.0,,1.0,,0.393685,,,2027-01-01 02:40:00
5995905.07234225,0.0,214.0,,1.0,,0.387231,,,2027-01-01 02:45:00
5995906.072487809,0.0,217.0,,1.0,,0.234859,,,2027-01-01 02:50:00
5995907.072633368,0.0,222.0,,1.0,,0.23961,,,2027-01-01 02:55:00
5995908.072778927,0.0,225.0,,1.0,,0.241658,,,2027-01-01 03:00:00
5995909.072924487,0.0,227.0,,1.0,,0.24144,,,2027-01-01 03:05:00
5995910.0730700465,0.0,229.0,,1.0,,0.244838,,,2027-01-01 03:10:00
5995911.073215606,0.0,232.0,,1.0,,0.263198,,,2027-01-01 03:15:00
5995912.073361165,0.0,237.0,,1.0,,0.609209,,,2027-01-01 03:20:00
5995913.073506724,0.0,239.0,,1.0,,1.029274,,,2027-01-01 03:25:00
5995914.073652283,0.0,242.0,,1.0,,0.557707,,,2027-01-01 03:30:00
5995915.0737978425,0.0,244.0,,1.0,,0.35136,,,2027-01-01 03:35:00
5995916.073943403,0.0,246.0,,1.0,,0.284716,,,2027-01-01 03:40:00
5995917.074088962,0.0,248.0,,1.0,,0.243307,,,2027-01-01 03:45:00
5995918.074234521,0.0,248.0,,1.0,,0.254548,,,2027-01-01 03:50:00
5995919.07438008,0.0,248.0,,1.0,,0.257211,,,2027-01-01 03:55:00
5995920.074525639,0.0,249.0,,1.0,,0.281404,,,2027-01-01 04:00:00
5995921.074671199,0.0,249.0,,1.0,,0.291876,,,2027-01-01 04:05:00
5995922.074816758,0.0,249.0,,1.0,,0.296154,,,2027-01-01 04:10:00
5995923.074962317,0.0,249.0,,1.0,,0.292388,,,2027-01-01 04:15:00
5995924.075107877,0.0,249.0,257.0,1.0,,0.302796,,13.7,2027-01-01 04:20:00
5995925.075253436,0.0,247.0,,1.0,,0.306618,,,2027-01-01 04:25:00
5995926.075398996,0.0,246.0,,1.0,,0.314218,,,2027-01-01 04:30:00
5995927.075544555,0.0,245.0,,1.0,,0.226056,,,2027-01-01 04:35:00
5995928.075690114,0.0,242.0,,1.0,,0.133794,,,2027-01-01 04:40:00
5995929.075835673,0.0,239.0,,1.0,,0.125408,,,2027-01-01 04:45:00
5995930.075981232,0.0,236.0,,1.0,,0.134802,,,2027-01-01 04:50:00
5995931.0761267925,0.0,231.0,,1.0,,0.140031,,,2027-01-01 04:55:00
5995932.076272352,0.0,224.0,,1.0,,0.145997,,,2027-01-01 05:00:00
5995933.076417911,0.0,219.0,,1.0,,0.151783,,,2027-01-01 05:05:00
5995934.07656347,0.0,215.0,,1.0,,0.155796,,,2027-01-01 05:10:00
5995935.076709029,0.0,211.0,,1.0,,0.160766,,,2027-01-01 05:15:00
5995936.076854588,0.0,206.0,,1.0,,0.161421,,,2027-01-01 05:20:00
5995937.077000148,0.0,202.0,,1.0,,0.162323,,,2027-01-01 05:25:00
5995938.077145708,0.0,198.0,,1.0,,0.138275,,,2027-01-01 05:30:00
5995939.077291267,0.0,194.0,,1.0,,0.125996,,,2027-01-01 05:35:00
5995940.077436826,0.0,190.0,,1.0,,0.126715,,,2027-01-01 05:40:00
5995941.077582385,0.0,187.0,,1.0,,0.161013,,,2027-01-01 05:45:00
5995942.077727945,0.0,183.0,,1.0,,0.157864,,,2027-01-01 05:50:00
5995943.077873504,0.0,180.0,,1.0,,0.177315,,,2027-01-01 05:55:00
5995944.078019063,0.0,176.0,,1.0,,0.196105,,,2027-01-01 06:00:00
5995945.078164623,0.0,173.0,,1.0,,0.132521,,,2027-01-01 06:05:00
5995946.078310182,0.0,169.0,,1.0,,0.134606,,,2027-01-01 06:10:00
5995947.0784557415,0.0,168.0,,1.0,,0.142795,,,2027-01-01 06:15:00
5995948.078601301,0.0,165.0,,1.0,,0.142867,,,2027-01-01 06:20:00
5995949.07874686,0.0,161.0,,1.0,,0.158247,,,2027-01-01 06:25:00
5995950.078892419,0.0,160.0,,1.0,,0.04813,,,2027-01-01 06:30:00
5995951.079037978,0.0,159.0,,1.0,,0.020884,,,2027-01-01 06:35:00
5995952.079183538,0.0,157.0,,1.0,,0.026305,,,2027-01-01 06:40:00
5995953.079329098,0.0,155.0,,1.0,,0.013906,,,2027-01-01 06:45:00
5995954.079474657,0.0,151.0,,1.0,,0.018725,,,2027-01-01 06:50:00
5995955.079620216,0.0,148.0,,1.0,,0.017173,,,2027-01-01 06:55:00
5995956.079765775,0.0,148.0,,1.0,,0.027289,,,2027-01-01 07:00:00
5995957.079911334,0.0,147.0,,1.0,,0.034582,,,2027-01-01 07:05:00
5995958.080056894,0.0,146.0,,1.0,,0.023433,,,2027-01-01 07:10:00
5995959.080202454,0.0,147.0,,1.0,,0.035839,,,2027-01-01 07:15:00
5995960.080348013,0.0,148.0,,1.0,,0.035191,,,2027-01-01 07:20:00
5995961.080493572,0.0,149.0,,1.0,,0.038239,,,2027-01-01 07:25:00
5995962.080639131,0.0,149.0,,1.0,,0.049873,,,2027-01-01 07:30:00
5995963.080784691,0.0,148.0,,1.0,,0.030725,,,2027-01-01 07:35:00
5995964.08093025,0.0,149.0,,1.0,,0.013081,,,2027-01-01 07:40:00
5995965.081075809,0.0,151.0,,1.0,,0.015808,,,2027-01-01 07:45:00
5995966.081221369,0.0,152.0,,1.0,,0.015996,,,2027-01-01 07:50:00
5995967.081366928,0.0,153.0,,1.0,,0.032038,,,2027-01-01 07:55:00
5995968.0815124875,0.0,153.0,,1.0,,0.03626,,,2027-01-01 08:00:00
5995969.081658047,0.0,152.0,,1.0,,0.017056,,,2027-01-01 08:05:00
5995970.081803606,0.0,148.0,,1.0,,0.027899,86.0,,2027-01-01 08:10:00
5995971.081949165,0.0,148.0,,1.0,,0.042565,,,2027-01-01 08:15:00
5995972.082094724,0.0,150.0,,1.0,,0.03905,,,2027-01-01 08:20:00
5995973.082240284,0.0,150.0,,1.0,,0.045283,,,2027-01-01 08:25:00
5995974.082385844,0.0,150.0,169.0,1.0,,0.054644,,19.4,2027-01-01 08:30:00
5995975.082531403,0.0,149.0,,1.0,,0.020524,,,2027-01-01 08:35:00
5995976.082676962,0.0,149.0,,1.0,,0.0,,,2027-01-01 08:40:00
5995977.082822521,0.0,153.0,,1.0,,,,,2027-01-01 08:45:00
5995978.08296808,0.0,157.0,,1.0,,,,,2027-01-01 08:50:00
5995979.08311364,0.0,162.0,,1.0,,,,,2027-01-01 08:55:00
5995980.0832592,0.0,170.0,,1.0,,,,,2027-01-01 09:00:00
5995981.083404759,0.0,177.0,,1.0,,,,,2027-01-01 09:05:00
5995982.083550318,0.0,184.0,,1.0,,,,,2027-01-01 09:10:00
5995983.083695877,0.0,199.0,,1.0,,,,,2027-01-01 09:15:00
5995984.083841437,1.0,,,1.0,,,,,2027-01-01 09:20:00
5995985.083986996,1.0,,,1.0,,,,,2027-01-01 09:25:00
5995986.084132555,1.0,,,1.0,,,,,2027-01-01 09:30:00
5995987.084278115,1.0,,,1.0,,,,,2027-01-01 09:35:00
5995988.084423674,1.0,,,1.0,,,,,2027-01-01 09:40:00
5995989.0845692335,1.0,,,1.0,,,,,2027-01-01 09:45:00
5995990.084714793,1.0,,,1.0,,,,,2027-01-01 09:50:00
5995991.084860352,1.0,,,1.0,,,,,2027-01-01 09:55:00
5995992.085005911,1.0,,,1.0,,,,,2027-01-01 10:00:00
5995993.08515147,1.0,,,1.0,,,,,2027-01-01 10:05:00
5995994.08529703,1.0,,,1.0,,,,,2027-01-01 10:10:00
5995995.08544259,1.0,,,1.0,,,,,2027-01-01 10:15:00
5995996.085588149,1.0,,,1.0,,,,,2027-01-01 10:20:00
5995997.085733708,1.0,,,1.0,,,,,2027-01-01 10:25:00
5995998.085879267,1.0,,,1.0,,,,,2027-01-01 10:30:00
5995999.086024826,1.0,,,1.0,,,,,2027-01-01 10:35:00
5996000.086170386,1.0,,,1.0,,,,,2027-01-01 10:40:00
5996001.086315946,1.0,,,1.0,,,,,2027-01-01 10:45:00
5996002.086461505,1.0,,,1.0,,,,,2027-01-01 10:50:00
5996003.086607064,1.0,,,1.0,,,,,2027-01-01 10:55:00
5996004.086752623,1.0,,,1.0,,,,,2027-01-01 11:00:00
5996005.0868981825,1.0,,,1.0,,,,,2027-01-01 11:05:00
5996006.087043742,1.0,,,1.0,,,,,2027-01-01 11:10:00
5996007.087189301,1.0,,,1.0,,,,,2027-01-01 11:15:00
5996008.087334861,1.0,,,1.0,,,,,2027-01-01 11:20:00
5996009.08748042,1.0,,,1.0,,0.017583,,,2027-01-01 11:25:00
5996010.087625979,1.0,,194.0,1.0,,0.020035,,6.8,2027-01-01 11:30:00
5996011.087771539,1.0,,,1.0,,0.029084,,,2027-01-01 11:35:00
5996012.087917098,1.0,,,1.0,,0.011099,,,2027-01-01 11:40:00
5996013.088062657,0.0,193.0,194.0,1.0,,0.031943,,,2027-01-01 11:45:00
5996014.088208216,0.0,193.0,,1.0,,0.024103,,,2027-01-01 11:50:00
5996015.088353776,0.0,196.0,,1.0,,0.015913,,,2027-01-01 11:55:00
5996016.088499336,0.0,199.0,,1.0,,0.019746,,,2027-01-01 12:00:00
5996017.088644895,0.0,199.0,,1.0,,0.02591,,,2027-01-01 12:05:00
5996018.088790454,0.0,205.0,,1.0,,0.029365,,,2027-01-01 12:10:00
5996019.088936013,0.0,210.0,,1.0,,0.030735,51.0,,2027-01-01 12:15:00
5996020.089081572,0.0,213.0,,1.0,,0.04191,,,2027-01-01 12:20:00
5996021.089227132,0.0,215.0,,1.0,,0.042575,,,2027-01-01 12:25:00
5996022.089372692,0.0,218.0,,1.0,,0.011584,,,2027-01-01 12:30:00
5996023.089518251,0.0,220.0,,1.0,,0.013768,,,2027-01-01 12:35:00
5996024.08966381,0.0,221.0,,1.0,,0.019338,,,2027-01-01 12:40:00
5996025.089809369,0.0,223.0,,1.0,,0.016909,,,2027-01-01 12:45:00
5996026.0899549285,0.0,230.0,234.0,1.0,,0.015367,,16.4,2027-01-01 12:50:00
5996027.090100488,0.0,236.0,,1.0,,0.018515,,,2027-01-01 12:55:00
5996028.090246047,0.0,240.0,,1.0,,0.025186,,,2027-01-01 13:00:00
5996029.090391607,0.0,246.0,,1.0,,0.013446,,,2027-01-01 13:05:00
5996030.090537166,0.0,253.0,,1.0,,0.018265,,,2027-01-01 13:10:00
5996031.090682725,0.0,258.0,,1.0,,0.018813,,,2027-01-01 13:15:00
5996032.090828285,0.0,257.0,,1.0,,0.024406,,,2027-01-01 13:20:00
5996033.090973844,0.0,258.0,,1.0,,0.015493,,,2027-01-01 13:25:00
5996034.091119403,0.0,258.0,,1.0,,0.011075,,,2027-01-01 13:30:00
5996035.091264962,0.0,255.0,,1.0,,0.013714,,,2027-01-01 13:35:00
5996036.091410522,0.0,255.0,,1.0,,0.028354,,,2027-01-01 13:40:00
5996037.091556082,0.0,253.0,,1.0,,0.012053,,,2027-01-01 13:45:00
5996038.091701641,0.0,252.0,,1.0,,0.024502,,,2027-01-01 13:50:00
5996039.0918472,0.0,254.0,,1.0,,0.029759,,,2027-01-01 13:55:00
5996040.091992759,0.0,256.0,,1.0,,0.044181,,,2027-01-01 14:00:00
5996041.092138318,0.0,255.0,,1.0,,0.020282,,,2027-01-01 14:05:00
5996042.092283878,0.0,245.0,,1.0,,0.029681,,,2027-01-01 14:10:00
5996043.092429438,0.0,251.0,,1.0,,0.03793,,,2027-01-01 14:15:00
5996044.092574997,0.0,252.0,,1.0,,0.049046,,,2027-01-01 14:20:00
5996045.092720556,0.0,253.0,,1.0,,0.02557,,,2027-01-01 14:25:00
5996046.092866115,0.0,255.0,,1.0,,0.035093,,,2027-01-01 14:30:00
5996047.0930116745,0.0,252.0,,1.0,,0.044273,,,2027-01-01 14:35:00
5996048.093157234,0.0,252.0,,1.0,,0.048319,,,2027-01-01 14:40:00
5996049.093302793,0.0,251.0,,1.0,,0.070414,,,2027-01-01 14:45:00
5996050.093448353,0.0,248.0,,1.0,,0.067742,,,2027-01-01 14:50:00
5996051.093593912,0.0,253.0,,1.0,,0.031651,,,2027-01-01 14:55:00
5996052.093739471,0.0,253.0,,1.0,,0.045225,,,2027-01-01 15:00:00
5996053.093885031,0.0,254.0,,1.0,,0.013659,,,2027-01-01 15:05:00
5996054.09403059,0.0,241.0,,1.0,,0.035562,,,2027-01-01 15:10:00
5996055.094176149,0.0,232.0,,1.0,,0.047304,,,2027-01-01 15:15:00
5996056.094321708,0.0,238.0,,1.0,,0.055693,,,2027-01-01 15:20:00
5996057.094467268,0.0,240.0,,1.0,,0.007665,,,2027-01-01 15:25:00
5996058.0946128275,0.0,239.0,,1.0,,0.021004,,,2027-01-01 15:30:00
5996059.094758387,0.0,242.0,,1.0,,0.026025,,,2027-01-01 15:35:00
5996060.094903946,0.0,249.0,,1.0,,0.031688,,,2027-01-01 15:40:00
5996061.095049505,0.0,255.0,,1.0,,0.040398,,,2027-01-01 15:45:00
5996062.095195064,0.0,259.0,,1.0,,0.031651,,,2027-01-01 15:50:00
5996063.0953406235,0.0,255.0,,1.0,,0.039192,,,2027-01-01 15:55:00
5996064.095486184,0.0,254.0,,1.0,,0.047348,,,2027-01-01 16:00:00
5996065.095631743,0.0,260.0,264.0,1.0,,0.038905,,14.4,2027-01-01 16:05:00
5996066.095777302,0.0,264.0,,1.0,,0.055951,,,2027-01-01 16:10:00
5996067.095922861,0.0,268.0,,1.0,,0.013057,,,2027-01-01 16:15:00
5996068.09606842,0.0,268.0,,1.0,,0.01292,,,2027-01-01 16:20:00
5996069.09621398,0.0,269.0,,1.0,,0.012953,,,2027-01-01 16:25:00
5996070.096359539,0.0,271.0,,1.0,,0.01165,,,2027-01-01 16:30:00
5996071.096505099,0.0,269.0,,1.0,,0.029161,,,2027-01-01 16:35:00
5996072.096650658,0.0,268.0,,1.0,,0.018655,,,2027-01-01 16:40:00
5996073.096796217,0.0,265.0,,1.0,,0.023335,,,2027-01-01 16:45:00
5996074.096941777,0.0,260.0,,1.0,,0.031839,,,2027-01-01 16:50:00
5996075.097087336,0.0,249.0,,1.0,,0.035491,,,2027-01-01 16:55:00
5996076.097232895,0.0,242.0,,1.0,,0.037299,,,2027-01-01 17:00:00
5996077.097378454,0.0,238.0,,1.0,,0.045142,,,2027-01-01 17:05:00
5996078.097524014,0.0,236.0,,1.0,,0.052265,,,2027-01-01 17:10:00
5996079.0976695735,0.0,231.0,,1.0,,0.05157,,,2027-01-01 17:15:00
5996080.097815133,0.0,226.0,,1.0,,0.022071,,,2027-01-01 17:20:00
5996081.097960692,0.0,227.0,,1.0,,0.023827,,,2027-01-01 17:25:00
5996082.098106251,0.0,227.0,,1.0,,0.043833,,,2027-01-01 17:30:00
5996083.09825181,0.0,224.0,,1.0,,0.701668,,,2027-01-01 17:35:00
5996084.0983973695,0.0,221.0,,1.0,,1.380897,,,2027-01-01 17:40:00
5996085.09854293,0.0,218.0,,1.0,,0.03896,,,2027-01-01 17:45:00
5996086.098688489,0.0,213.0,,1.0,,0.0386,,,2027-01-01 17:50:00
5996087.098834048,0.0,196.0,,1.0,,0.046049,,,2027-01-01 17:55:00
5996088.098979607,0.0,184.0,,1.0,,0.048462,,,2027-01-01 18:00:00
5996089.099125166,0.0,180.0,,1.0,,0.051786,,,2027-01-01 18:05:00
5996090.099270726,0.0,192.0,,1.0,,0.014271,,,2027-01-01 18:10:00
5996091.099416285,0.0,204.0,,1.0,,0.028816,,,2027-01-01 18:15:00
5996092.099561845,0.0,209.0,,1.0,,0.042662,,,2027-01-01 18:20:00
5996093.099707404,0.0,204.0,,1.0,,0.04807,,,2027-01-01 18:25:00
5996094.099852963,0.0,204.0,,1.0,,0.029356,,,2027-01-01 18:30:00
5996095.099998523,0.0,208.0,,1.0,,0.039905,,,2027-01-01 18:35:00
5996096.100144082,0.0,210.0,,1.0,,0.044863,,,2027-01-01 18:40:00
5996097.100289641,0.0,203.0,,1.0,,0.049028,,,2027-01-01 18:45:00
5996098.1004352,0.0,194.0,,1.0,,0.057392,,,2027-01-01 18:50:00
5996099.10058076,0.0,195.0,,1.0,,0.039786,,,2027-01-01 18:55:00
5996100.1007263195,0.0,202.0,,1.0,,0.050292,,,2027-01-01 19:00:00
5996101.100871879,0.0,209.0,,1.0,,0.091518,,,2027-01-01 19:05:00
5996102.101017438,0.0,224.0,,1.0,,0.556239,,,2027-01-01 19:10:00
5996103.101162997,0.0,241.0,,1.0,,1.174887,,,2027-01-01 19:15:00
5996104.101308556,0.0,260.0,,1.0,,0.122131,,,2027-01-01 19:20:00
5996105.1014541155,0.0,267.0,,1.0,,0.227627,,,2027-01-01 19:25:00
5996106.101599676,0.0,271.0,,1.0,,0.09582,,,2027-01-01 19:30:00
5996107.101745235,0.0,286.0,,1.0,,0.06502,,,2027-01-01 19:35:00
5996108.101890794,0.0,301.0,,1.0,,0.03662,,,2027-01-01 19:40:00
5996109.102036353,0.0,317.0,,1.0,,0.028379,,,2027-01-01 19:45:00
5996110.102181912,0.0,339.0,,1.0,,0.007193,,,2027-01-01 19:50:00
5996111.102327472,0.0,353.0,339.0,1.0,,0.013902,,25.0,2027-01-01 19:55:00
5996112.102473031,0.0,371.0,,1.0,,0.051905,,,2027-01-01 20:00:00
5996113.102618591,0.0,394.0,,1.0,,0.101686,,,2027-01-01 20:05:00
5996114.10276415,0.0,400.0,,1.0,,0.153936,,,2027-01-01 20:10:00
5996115.102909709,0.0,400.0,,1.0,,0.149434,,,2027-01-01 20:15:00
5996116.1030552685,0.0,400.0,,1.0,,0.081653,,,2027-01-01 20:20:00
5996117.103200828,0.0,400.0,462.0,1.0,,0.031524,,19.0,2027-01-01 20:25:00
5996118.103346387,0.0,400.0,,1.0,,0.014127,,,2027-01-01 20:30:00
5996119.103491946,0.0,400.0,,1.0,,0.021379,,,2027-01-01 20:35:00
5996120.103637506,0.0,400.0,,1.0,,0.028464,,,2027-01-01 20:40:00
5996121.103783065,0.0,391.0,,1.0,,0.036498,,,2027-01-01 20:45:00
5996122.103928625,0.0,371.0,,1.0,,0.044048,,,2027-01-01 20:50:00
5996123.104074184,0.0,350.0,,1.0,,0.050598,,,2027-01-01 20:55:00
5996124.104219743,0.0,318.0,,1.0,,0.057848,,,2027-01-01 21:00:00
5996125.104365302,0.0,298.0,,1.0,,0.065767,,,2027-01-01 21:05:00
5996126.104510861,0.0,289.0,,1.0,,0.071527,,,2027-01-01 21:10:00
5996127.104656422,0.0,284.0,,1.0,,0.071667,,,2027-01-01 21:15:00
5996128.104801981,0.0,280.0,,1.0,,0.673612,,,2027-01-01 21:20:00
5996129.10494754,0.0,272.0,,1.0,,0.726143,,,2027-01-01 21:25:00
5996130.105093099,0.0,256.0,,1.0,,1.136803,,,2027-01-01 21:30:00
5996131.105238658,0.0,264.0,,1.0,,2.187148,,,2027-01-01 21:35:00
5996132.105384218,0.0,300.0,,1.0,,2.789903,,,2027-01-01 21:40:00
5996133.105529777,0.0,318.0,,1.0,,5.448019,,,2027-01-01 21:45:00
5996134.105675337,0.0,315.0,,1.0,,10.728177,,,2027-01-01 21:50:00
5996135.105820896,0.0,303.0,,1.0,,2.082669,,,2027-01-01 21:55:00
5996136.105966455,0.0,281.0,,1.0,,0.919225,,,2027-01-01 22:00:00
5996137.1061120145,0.0,267.0,,1.0,,0.427664,,,2027-01-01 22:05:00
5996138.106257574,0.0,257.0,,1.0,,0.286986,,,2027-01-01 22:10:00
5996139.106403133,0.0,252.0,,1.0,,0.118699,,,2027-01-01 22:15:00
5996140.106548692,0.0,260.0,,1.0,,0.130625,,,2027-01-01 22:20:00
5996141.106694252,0.0,262.0,,1.0,,0.057185,,,2027-01-01 22:25:00
5996142.106839811,0.0,263.0,,1.0,,0.129562,,,2027-01-01 22:30:00
5996143.106985371,0.0,267.0,,1.0,,0.216474,,,2027-01-01 22:35:00
5996144.10713093,0.0,268.0,269.0,1.0,,0.274428,,7.2,2027-01-01 22:40:00
5996145.107276489,0.0,266.0,,1.0,,0.360914,,,2027-01-01 22:45:00
5996146.107422048,0.0,266.0,,1.0,,0.359435,,,2027-01-01 22:50:00
5996147.107567607,0.0,268.0,,1.0,,0.363471,,,2027-01-01 22:55:00
5996148.107713168,0.0,268.0,,1.0,,0.463797,,,2027-01-01 23:00:00
5996149.107858727,0.0,265.0,,1.0,,0.589911,,,2027-01-01 23:05:00
5996150.108004286,0.0,247.0,,1.0,,0.538303,,,2027-01-01 23:10:00
5996151.108149845,0.0,224.0,,1.0,,0.576337,,,2027-01-01 23:15:00
5996152.108295404,0.0,208.0,,1.0,,0.621518,,,2027-01-01 23:20:00
5996153.108440964,0.0,196.0,,1.0,,0.386512,,,2027-01-01 23:25:00
5996154.108586523,0.0,189.0,,1.0,,0.249455,,,2027-01-01 23:30:00
5996155.108732083,1.0,,,1.0,,0.294691,,,2027-01-01 23:35:00
5996156.108877642,1.0,,139.0,1.0,,0.349613,,,2027-01-01 23:40:00
5996157.109023201,1.0,,,1.0,,0.346229,,,2027-01-01 23:45:00
5996158.1091687605,1.0,,,1.0,,0.210489,,,2027-01-01 23:50:00
5996159.10931432,0.0,141.0,139.0,1.0,,0.027529,,,2027-01-01 23:55:00
5996160.109459879,0.0,135.0,,0.85,,0.020424,,,2027-01-02 00:00:00
5996161.109605438,0.0,129.0,,0.85,,0.025775,,,2027-01-02 00:05:00
5996162.109750998,0.0,125.0,,0.85,,0.016529,,,2027-01-02 00:10:00
5996163.109896557,0.0,120.0,,0.85,,0.041802,,,2027-01-02 00:15:00
5996164.110042117,0.0,114.0,,0.85,,0.049234,,,2027-01-02 00:20:00
5996165.110187676,0.0,111.0,,0.85,,0.076544,,,2027-01-02 00:25:00
5996166.110333235,0.0,110.0,,0.85,,0.102879,,,2027-01-02 00:30:00
5996167.110478794,0.0,109.0,,0.85,,0.123626,,,2027-01-02 00:35:00
5996168.110624353,0.0,108.0,,0.85,,0.036028,,,2027-01-02 00:40:00
5996169.1107699135,0.0,106.0,,0.85,,0.071268,,,2027-01-02 00:45:00
5996170.110915473,0.0,105.0,,0.85,,0.098216,,,2027-01-02 00:50:00
5996171.111061032,0.0,104.0,,0.85,,0.127411,,,2027-01-02 00:55:00
5996172.111206591,0.0,101.0,,0.85,,0.109801,,,2027-01-02 01:00:00
5996173.11135215,0.0,99.0,,0.85,,0.027099,,,2027-01-02 01:05:00
5996174.1114977095,0.0,98.0,,0.85,,0.02925,,,2027-01-02 01:10:00
5996175.111643269,0.0,95.0,,0.85,,0.03256,,,2027-01-02 01:15:00
5996176.111788829,0.0,86.0,,0.85,,0.073407,,,2027-01-02 01:20:00
5996177.111934388,0.0,76.0,,0.85,,0.123034,,,2027-01-02 01:25:00
5996178.112079947,0.0,75.0,,0.85,,0.16398,,,2027-01-02 01:30:00
5996179.112225506,0.0,77.0,,0.85,,0.227124,,,2027-01-02 01:35:00
5996180.112371066,0.0,75.0,,0.85,,0.263398,,,2027-01-02 01:40:00
5996181.112516625,0.0,74.0,,0.85,,0.262892,,,2027-01-02 01:45:00
5996182.112662184,0.0,73.0,,0.85,,0.307481,,,2027-01-02 01:50:00
5996183.112807744,0.0,73.0,,0.85,,0.340444,,,2027-01-02 01:55:00
5996184.112953303,0.0,71.0,,0.85,,0.369706,,,2027-01-02 02:00:00
5996185.113098863,0.0,68.0,,0.85,,0.407451,,,2027-01-02 02:05:00
5996186.113244422,0.0,64.0,,0.85,,0.236386,,,2027-01-02 02:10:00
5996187.113389981,0.0,61.0,,0.85,,0.276055,,,2027-01-02 02:15:00
5996188.11353554,0.0,58.0,,0.85,,0.251001,,,2027-01-02 02:20:00
5996189.113681099,0.0,55.0,,0.85,,0.241369,,,2027-01-02 02:25:00
5996190.1138266595,0.0,53.0,,0.85,,0.230822,,,2027-01-02 02:30:00
5996191.113972219,0.0,51.0,,0.85,,0.229032,,,2027-01-02 02:35:00
5996192.114117778,0.0,49.0,,0.85,,0.22771,,,2027-01-02 02:40:00
5996193.114263337,0.0,46.0,,0.85,,0.139054,,,2027-01-02 02:45:00
5996194.114408896,0.0,44.0,,0.85,,0.275854,,,2027-01-02 02:50:00
5996195.1145544555,0.0,42.0,,0.85,,0.328295,,,2027-01-02 02:55:00
5996196.114700015,0.0,40.0,,1.75,,0.368667,,,2027-01-02 03:00:00
5996197.114845575,0.0,40.0,,1.75,,0.555787,,,2027-01-02 03:05:00
5996198.114991134,0.0,40.0,,1.75,,1.948484,,,2027-01-02 03:10:00
5996199.115136693,0.0,40.0,,1.75,,5.930084,,,2027-01-02 03:15:00
5996200.115282252,0.0,40.0,,1.75,,10.340715,,,2027-01-02 03:20:00
5996201.115427812,0.0,40.0,,1.75,,5.039584,,,2027-01-02 03:25:00
5996202.115573371,0.0,40.0,,1.75,,0.586355,,,2027-01-02 03:30:00
5996203.11571893,0.0,40.0,,1.75,,0.311059,,,2027-01-02 03:35:00
5996204.11586449,0.0,40.0,,1.75,,0.150367,,,2027-01-02 03:40:00
5996205.116010049,0.0,40.0,,1.75,,0.239627,,,2027-01-02 03:45:00
5996206.116155609,0.0,40.0,,1.75,,0.282962,,,2027-01-02 03:50:00
5996207.116301168,0.0,40.0,,1.75,,0.322776,,,2027-01-02 03:55:00
5996208.116446727,0.0,44.0,,1.75,,0.265663,,,2027-01-02 04:00:00
5996209.116592286,0.0,51.0,,1.75,,0.255157,,,2027-01-02 04:05:00
5996210.116737845,0.0,57.0,,1.75,,0.236148,,,2027-01-02 04:10:00
5996211.1168834055,0.0,60.0,,1.75,,0.231498,,,2027-01-02 04:15:00
5996212.117028965,0.0,63.0,,1.75,,0.235341,,,2027-01-02 04:20:00
5996213.117174524,0.0,67.0,,1.75,,0.275274,,,2027-01-02 04:25:00
5996214.117320083,0.0,72.0,,1.75,,0.292303,,,2027-01-02 04:30:00
5996215.117465642,0.0,78.0,,1.75,,0.306567,,,2027-01-02 04:35:00
5996216.1176112015,0.0,84.0,,1.75,,0.315526,,,2027-01-02 04:40:00
5996217.117756761,0.0,89.0,,1.75,,0.325322,,,2027-01-02 04:45:00
5996218.117902321,0.0,92.0,,1.75,,0.342673,,,2027-01-02 04:50:00
5996219.11804788,0.0,95.0,,1.75,,0.343989,,,2027-01-02 04:55:00
5996220.118193439,0.0,97.0,,1.75,,0.267291,,,2027-01-02 05:00:00
5996221.118338998,0.0,102.0,,1.75,,0.254194,,,2027-01-02 05:05:00
5996222.118484558,0.0,108.0,,1.75,,0.170753,,,2027-01-02 05:10:00
5996223.118630117,0.0,112.0,,1.75,,0.065717,,,2027-01-02 05:15:00
5996224.118775676,0.0,116.0,,1.75,,0.089592,,,2027-01-02 05:20:00
5996225.118921236,0.0,119.0,,1.75,,0.116981,,,2027-01-02 05:25:00
5996226.119066795,0.0,121.0,,1.75,,0.152941,,,2027-01-02 05:30:00
5996227.1192123545,0.0,121.0,,1.75,,0.191851,,,2027-01-02 05:35:00
5996228.119357914,0.0,119.0,,1.75,,0.219585,,,2027-01-02 05:40:00
5996229.119503473,0.0,117.0,,1.75,,0.240552,,,2027-01-02 05:45:00
5996230.119649032,0.0,110.0,,1.75,,0.262003,,,2027-01-02 05:50:00
5996231.119794591,0.0,109.0,,1.75,,0.284595,,,2027-01-02 05:55:00
5996232.119940151,0.0,108.0,,1.75,,0.301827,,,2027-01-02 06:00:00
5996233.120085711,0.0,106.0,,1.75,,0.316634,,,2027-01-02 06:05:00
5996234.12023127,0.0,108.0,,1.75,,0.328482,,,2027-01-02 06:10:00
5996235.120376829,0.0,109.0,,1.75,,0.344462,,,2027-01-02 06:15:00
5996236.120522388,0.0,108.0,,1.75,,0.281163,,,2027-01-02 06:20:00
5996237.120667947,0.0,111.0,,1.75,,0.391423,,,2027-01-02 06:25:00
5996238.120813507,0.0,114.0,,1.75,,0.424007,,,2027-01-02 06:30:00
5996239.120959067,0.0,115.0,,1.75,,0.450645,,,2027-01-02 06:35:00
5996240.121104626,0.0,114.0,,1.75,,0.463037,,,2027-01-02 06:40:00
5996241.121250185,0.0,118.0,,1.75,,0.4733,,,2027-01-02 06:45:00
5996242.121395744,0.0,126.0,,1.75,,0.310068,,,2027-01-02 06:50:00
5996243.121541304,0.0,131.0,,1.75,,0.29599,,,2027-01-02 06:55:00
5996244.121686863,0.0,133.0,,1.75,,0.280201,,,2027-01-02 07:00:00
5996245.121832422,0.0,136.0,,1.75,,0.654331,,,2027-01-02 07:05:00
5996246.121977982,0.0,139.0,,1.75,,0.727583,,,2027-01-02 07:10:00
5996247.122123541,0.0,142.0,,1.75,,0.585412,,,2027-01-02 07:15:00
5996248.1222691005,0.0,144.0,,1.75,,0.341322,,,2027-01-02 07:20:00
5996249.12241466,0.0,145.0,,1.75,,0.368451,,,2027-01-02 07:25:00
5996250.122560219,0.0,146.0,,1.75,,0.35183,,,2027-01-02 07:30:00
5996251.122705778,0.0,146.0,,1.75,,0.337654,,,2027-01-02 07:35:00
5996252.122851337,0.0,147.0,,1.75,,0.355989,,,2027-01-02 07:40:00
5996253.122996897,0.0,149.0,,1.75,,0.140099,,,2027-01-02 07:45:00
5996254.123142457,0.0,150.0,,1.75,,0.084271,,,2027-01-02 07:50:00
5996255.123288016,0.0,154.0,,1.75,,0.064994,,,2027-01-02 07:55:00
5996256.123433575,0.0,159.0,,1.35,,0.055596,,,2027-01-02 08:00:00
5996257.123579134,0.0,162.0,,1.35,,0.080052,,,2027-01-02 08:05:00
5996258.123724693,0.0,164.0,,1.35,,0.015104,,,2027-01-02 08:10:00
5996259.123870253,0.0,166.0,,1.35,,0.028191,,,2027-01-02 08:15:00
5996260.124015813,0.0,167.0,,1.35,,0.022797,,,2027-01-02 08:20:00
5996261.124161372,0.0,167.0,,1.35,,0.019545,,,2027-01-02 08:25:00
5996262.124306931,0.0,155.0,,1.35,,0.024604,,,2027-01-02 08:30:00
5996263.12445249,0.0,149.0,,1.35,,0.031879,,,2027-01-02 08:35:00
5996264.12459805,0.0,142.0,,1.35,,0.073615,,,2027-01-02 08:40:00
5996265.124743609,0.0,144.0,,1.35,,0.080277,,,2027-01-02 08:45:00
5996266.124889168,0.0,151.0,,1.35,,0.094209,,,2027-01-02 08:50:00
5996267.125034728,1.0,,,1.35,,0.109448,,,2027-01-02 08:55:00
5996268.125180287,1.0,,,1.35,,0.148326,,,2027-01-02 09:00:00
5996269.1253258465,1.0,,,1.35,,0.212353,,,2027-01-02 09:05:00
5996270.125471406,1.0,,,1.35,,0.24441,,,2027-01-02 09:10:00
5996271.125616965,1.0,,,1.35,,0.27526,,,2027-01-02 09:15:00
5996272.125762524,1.0,,,1.35,,0.29541,,,2027-01-02 09:20:00
5996273.125908083,1.0,,,1.35,,0.036097,,,2027-01-02 09:25:00
5996274.126053643,1.0,,,1.35,,0.032213,,,2027-01-02 09:30:00
5996275.126199203,1.0,,,1.35,,0.037684,,,2027-01-02 09:35:00
5996276.126344762,1.0,,,1.35,,0.046811,,,2027-01-02 09:40:00
5996277.126490321,1.0,,,1.35,,0.009707,,,2027-01-02 09:45:00
5996278.12663588,1.0,,,1.35,,0.033365,,,2027-01-02 09:50:00
5996279.126781439,1.0,,,1.35,,0.045705,,,2027-01-02 09:55:00
5996280.126926999,1.0,,,1.15,,0.021075,,,2027-01-02 10:00:00
5996281.127072559,1.0,,,1.15,,0.025946,,,2027-01-02 10:05:00
5996282.127218118,1.0,,,1.15,,0.044136,,,2027-01-02 10:10:00
5996283.127363677,1.0,,,1.15,,0.061602,,,2027-01-02 10:15:00
5996284.127509236,1.0,,,1.15,,0.035665,,8.5,2027-01-02 10:20:00
5996285.127654796,1.0,,,1.15,,0.006509,,,2027-01-02 10:25:00
5996286.127800355,1.0,,,1.15,,0.0,,,2027-01-02 10:30:00
5996287.127945914,1.0,,,1.15,,0.005987,,,2027-01-02 10:35:00
5996288.128091474,1.0,,,1.15,,0.007958,,,2027-01-02 10:40:00
5996289.128237033,1.0,,,1.15,,0.023312,,,2027-01-02 10:45:00
5996290.128382592,1.0,,,1.15,,0.026411,,,2027-01-02 10:50:00
5996291.128528152,1.0,,,1.15,,0.048623,,,2027-01-02 10:55:00
5996292.128673711,1.0,,,1.15,,0.01291,,,2027-01-02 11:00:00
5996293.12881927,1.0,,,1.15,,0.015828,,,2027-01-02 11:05:00
5996294.128964829,1.0,,,1.15,,0.025183,,,2027-01-02 11:10:00
5996295.129110389,1.0,,,1.15,,0.038548,,,2027-01-02 11:15:00
5996296.129255949,1.0,,,1.15,,0.024569,,,2027-01-02 11:20:00
5996297.129401508,1.0,,,1.15,,0.081968,,,2027-01-02 11:25:00
5996298.129547067,1.0,,,1.15,,0.907992,,,2027-01-02 11:30:00
5996299.129692626,1.0,,,1.15,,0.290414,,,2027-01-02 11:35:00
5996300.129838185,1.0,,,1.15,,0.039149,,,2027-01-02 11:40:00
5996301.129983745,1.0,,,1.15,,0.420163,,,2027-01-02 11:45:00
5996302.130129305,1.0,,,1.15,,0.688291,,,2027-01-02 11:50:00
5996303.130274864,1.0,,,1.15,,0.008832,,,2027-01-02 11:55:00
5996304.130420423,1.0,,,1.15,,0.010609,,,2027-01-02 12:00:00
5996305.130565982,1.0,,,1.15,,0.019806,,,2027-01-02 12:05:00
5996306.1307115415,1.0,,,1.15,,0.00991,,,2027-01-02 12:10:00
5996307.130857101,1.0,,,1.15,,0.012998,,,2027-01-02 12:15:00
5996308.13100266,1.0,,,1.15,,0.019293,,,2027-01-02 12:20:00
5996309.13114822,1.0,,,1.15,,0.021179,,,2027-01-02 12:25:00
5996310.131293779,1.0,,,1.1,,0.037156,,,2027-01-02 12:30:00
5996311.131439338,1.0,,,1.1,,0.040735,,,2027-01-02 12:35:00
5996312.131584898,1.0,,,1.1,,0.010336,,,2027-01-02 12:40:00
5996313.131730457,1.0,,,1.1,,0.0,,,2027-01-02 12:45:00
5996314.131876016,1.0,,,1.1,,,,,2027-01-02 12:50:00
5996315.132021575,1.0,,,1.1,,,,,2027-01-02 12:55:00
5996316.132167135,1.0,,134.0,1.1,,,,15.0,2027-01-02 13:00:00
5996317.132312695,1.0,,,1.1,,,,,2027-01-02 13:05:00
5996318.132458254,1.0,,,1.1,,,,,2027-01-02 13:10:00
5996319.132603813,1.0,,,1.1,,,,,2027-01-02 13:15:00
5996320.132749372,1.0,,,1.1,,,,,2027-01-02 13:20:00
5996321.132894931,1.0,,,1.1,,,,,2027-01-02 13:25:00
5996322.133040491,1.0,,,1.1,,,,,2027-01-02 13:30:00
5996323.133186051,1.0,,,1.1,,,,,2027-01-02 13:35:00
5996324.13333161,1.0,,,1.1,,,,,2027-01-02 13:40:00
5996325.133477169,1.0,,,1.1,,,,,2027-01-02 13:45:00
5996326.133622728,1.0,,,1.1,,,,,2027-01-02 13:50:00
5996327.1337682875,1.0,,,1.1,,,,,2027-01-02 13:55:00
5996328.133913847,1.0,,,1.1,,,,,2027-01-02 14:00:00
5996329.134059406,1.0,,,1.1,,,,,2027-01-02 14:05:00
5996330.134204966,1.0,,,1.1,,,,,2027-01-02 14:10:00
5996331.134350525,1.0,,,1.1,,,,,2027-01-02 14:15:00
5996332.134496084,1.0,,,1.1,,,,,2027-01-02 14:20:00
5996333.134641644,1.0,,,1.1,,,,,2027-01-02 14:25:00
5996334.134787203,1.0,,,1.1,,,,,2027-01-02 14:30:00
5996335.134932762,1.0,,,1.1,,,,,2027-01-02 14:35:00
5996336.135078321,1.0,,,1.1,,,,,2027-01-02 14:40:00
5996337.135223881,1.0,,,1.1,,,,,2027-01-02 14:45:00
5996338.135369441,1.0,,,1.1,,,,,2027-01-02 14:50:00
5996339.135515,1.0,,,1.1,,,,,2027-01-02 14:55:00
5996340.135660559,1.0,,,1.1,,,,,2027-01-02 15:00:00
5996341.135806118,1.0,,,1.1,,,,,2027-01-02 15:05:00
5996342.135951677,1.0,,,1.1,,,,,2027-01-02 15:10:00
5996343.136097237,1.0,,,1.1,,,,,2027-01-02 15:15:00
5996344.136242797,1.0,,,1.1,,,,,2027-01-02 15:20:00
5996345.136388356,1.0,,,1.1,,,,,2027-01-02 15:25:00
5996346.136533915,1.0,,,1.1,,,,,2027-01-02 15:30:00
5996347.136679474,1.0,,,1.1,,0.640848,,,2027-01-02 15:35:00
5996348.136825033,1.0,,,1.1,,0.053901,,,2027-01-02 15:40:00
5996349.136970593,1.0,,,1.1,,0.040552,,,2027-01-02 15:45:00
5996350.137116152,1.0,,,1.1,,0.079477,,,2027-01-02 15:50:00
5996351.137261712,1.0,,,1.1,,0.226955,,,2027-01-02 15:55:00
5996352.137407271,1.0,,,1.1,,0.260397,,,2027-01-02 16:00:00
5996353.13755283,1.0,,,1.1,,0.2798,,,2027-01-02 16:05:00
5996354.13769839,1.0,,,1.1,,3.42095,,,2027-01-02 16:10:00
5996355.137843949,1.0,,,1.1,,9.260901,,,2027-01-02 16:15:00
5996356.137989508,1.0,,,1.1,,8.725689,,,2027-01-02 16:20:00
5996357.138135067,1.0,,,1.1,,7.663951,,,2027-01-02 16:25:00
5996358.138280627,1.0,,,1.1,,25.11722,,,2027-01-02 16:30:00
5996359.1384261865,1.0,,,1.1,,37.545389,,,2027-01-02 16:35:00
5996360.138571746,1.0,,,1.1,,50.190999,,,2027-01-02 16:40:00
5996361.138717305,1.0,,,1.1,,11.167356,,,2027-01-02 16:45:00
5996362.138862864,1.0,,,1.1,,6.20519,,,2027-01-02 16:50:00
5996363.139008423,1.0,,,1.1,,7.337736,,,2027-01-02 16:55:00
5996364.1391539825,1.0,,,1.1,,4.11723,,,2027-01-02 17:00:00
5996365.139299543,1.0,,,1.1,,4.913524,,,2027-01-02 17:05:00
5996366.139445102,1.0,,,1.1,,6.585995,,,2027-01-02 17:10:00
5996367.139590661,1.0,,,1.1,,13.236771,,,2027-01-02 17:15:00
5996368.13973622,1.0,,,1.1,,25.958303,,,2027-01-02 17:20:00
5996369.139881779,1.0,,,1.1,,33.212674,,,2027-01-02 17:25:00
5996370.140027339,1.0,,,1.1,,10.391624,,,2027-01-02 17:30:00
5996371.140172898,1.0,,,1.1,,5.776952,,,2027-01-02 17:35:00
5996372.140318458,1.0,,,1.1,,3.578493,,,2027-01-02 17:40:00
5996373.140464017,1.0,,,1.1,,3.846323,,,2027-01-02 17:45:00
5996374.140609576,1.0,,,1.1,,3.53004,,,2027-01-02 17:50:00
5996375.140755136,1.0,,,1.1,,5.310724,,,2027-01-02 17:55:00
5996376.140900695,1.0,,,1.2,,2.450945,,,2027-01-02 18:00:00
5996377.141046254,1.0,,,1.2,,1.837168,,,2027-01-02 18:05:00
5996378.141191813,1.0,,,1.2,,0.974917,,,2027-01-02 18:10:00
5996379.141337373,1.0,,,1.2,,0.08738,,,2027-01-02 18:15:00
5996380.1414829325,1.0,,,1.2,,0.093094,,,2027-01-02 18:20:00
5996381.141628492,1.0,,,1.2,,0.045247,,,2027-01-02 18:25:00
5996382.141774051,1.0,,,1.2,,0.055388,,,2027-01-02 18:30:00
5996383.14191961,1.0,,,1.2,,0.06067,,,2027-01-02 18:35:00
5996384.142065169,1.0,,,1.2,,0.054053,,,2027-01-02 18:40:00
5996385.1422107285,1.0,,,1.2,,0.028386,,,2027-01-02 18:45:00
5996386.142356289,1.0,,,1.2,,0.018925,,,2027-01-02 18:50:00
5996387.142501848,1.0,,,1.2,,0.019735,,,2027-01-02 18:55:00
5996388.142647407,1.0,,,1.2,,0.041621,,,2027-01-02 19:00:00
5996389.142792966,1.0,,,1.2,,0.061617,,,2027-01-02 19:05:00
5996390.142938525,1.0,,,1.2,,0.065419,,,2027-01-02 19:10:00
5996391.143084085,1.0,,,1.2,,0.05825,,,2027-01-02 19:15:00
5996392.143229644,1.0,,,1.2,,0.037132,,,2027-01-02 19:20:00
5996393.143375204,1.0,,,1.2,,0.047906,,,2027-01-02 19:25:00
5996394.143520763,1.0,,458.0,1.2,,0.041088,,25.0,2027-01-02 19:30:00
5996395.143666322,1.0,,,1.2,,0.0232,,,2027-01-02 19:35:00
5996396.143811882,1.0,,,1.2,,0.015597,,,2027-01-02 19:40:00
5996397.143957441,1.0,,,1.2,,0.015128,,25.0,2027-01-02 19:45:00
5996398.144103,1.0,,,1.2,,0.060237,,,2027-01-02 19:50:00
5996399.144248559,1.0,,,1.2,,0.095935,,,2027-01-02 19:55:00
5996400.144394119,1.0,,,1.2,,0.024119,,,2027-01-02 20:00:00
5996401.1445396785,1.0,,,1.2,,0.012634,,,2027-01-02 20:05:00
5996402.144685238,1.0,,,1.2,,0.032488,,,2027-01-02 20:10:00
5996403.144830797,1.0,,,1.2,,0.030914,,,2027-01-02 20:15:00
5996404.144976356,1.0,,,1.2,,0.027809,,,2027-01-02 20:20:00
5996405.145121915,1.0,,,1.2,,0.022746,,,2027-01-02 20:25:00
5996406.145267474,1.0,,,1.2,,0.020178,,7.5,2027-01-02 20:30:00
5996407.145413035,1.0,,,1.2,,0.010723,,,2027-01-02 20:35:00
5996408.145558594,1.0,,,1.2,,0.024744,,,2027-01-02 20:40:00
5996409.145704153,1.0,,,1.2,,0.025298,,,2027-01-02 20:45:00
5996410.145849712,1.0,,,1.2,,0.075325,,,2027-01-02 20:50:00
5996411.145995271,1.0,,,1.2,,0.058837,,,2027-01-02 20:55:00
5996412.146140831,1.0,,,1.2,,0.032751,,,2027-01-02 21:00:00
5996413.14628639,1.0,,,1.2,,0.021666,,,2027-01-02 21:05:00
5996414.14643195,1.0,,,1.2,,0.033817,,,2027-01-02 21:10:00
5996415.146577509,1.0,,,1.2,,0.017369,,,2027-01-02 21:15:00
5996416.146723068,1.0,,226.0,1.2,,0.02741,,,2027-01-02 21:20:00
5996417.1468686275,1.0,,,1.2,,0.016021,,,2027-01-02 21:25:00
5996418.147014187,1.0,,,1.2,,0.01295,,,2027-01-02 21:30:00
5996419.147159746,1.0,,,1.2,,0.037982,,,2027-01-02 21:35:00
5996420.147305305,1.0,,,1.2,,0.005504,,,2027-01-02 21:40:00
5996421.147450865,1.0,,,1.2,,0.0,,,2027-01-02 21:45:00
5996422.147596424,1.0,,,1.2,,,,,2027-01-02 21:50:00
5996423.147741984,1.0,,,0.0,,,,,2027-01-02 21:55:00
5996424.147887543,1.0,,,0.0,,,,,2027-01-02 22:00:00
5996425.148033102,1.0,,,0.0,,,,,2027-01-02 22:05:00
5996426.148178661,1.0,,,0.0,,,,,2027-01-02 22:10:00
5996427.14832422,1.0,,,0.0,,,,,2027-01-02 22:15:00
5996428.148469781,1.0,,,0.0,,,,,2027-01-02 22:20:00
5996429.14861534,1.0,,,1.2,,0.020187,,,2027-01-02 22:25:00
5996430.148760899,1.0,,,1.2,,0.03826,,,2027-01-02 22:30:00
5996431.148906458,1.0,,,1.2,,0.022875,,,2027-01-02 22:35:00
5996432.149052017,1.0,,,1.2,,0.032645,,,2027-01-02 22:40:00
5996433.149197577,1.0,,97.0,1.2,,0.03857,,,2027-01-02 22:45:00
5996434.149343136,1.0,,,1.2,,0.03983,,,2027-01-02 22:50:00
5996435.149488696,1.0,,,1.2,,0.035881,,,2027-01-02 22:55:00
5996436.149634255,1.0,,,1.2,,0.035638,,,2027-01-02 23:00:00
5996437.149779814,1.0,,,1.2,,0.024259,,,2027-01-02 23:05:00
5996438.1499253735,1.0,,,1.2,,0.023702,,,2027-01-02 23:10:00
5996439.150070933,1.0,,,1.2,,0.022017,,,2027-01-02 23:15:00
5996440.150216492,1.0,,,1.2,,0.007433,,,2027-01-02 23:20:00
5996441.150362051,1.0,,,1.2,,0.01306,,,2027-01-02 23:25:00
5996442.150507611,1.0,,,1.2,,0.024047,,,2027-01-02 23:30:00
5996443.15065317,1.0,,,1.2,,0.031258,,,2027-01-02 23:35:00
5996444.15079873,1.0,,,1.2,,0.035073,,,2027-01-02 23:40:00
5996445.150944289,1.0,,,1.2,,0.036606,,,2027-01-02 23:45:00
5996446.151089848,1.0,,,1.2,,0.038147,,,2027-01-02 23:50:00
5996447.151235407,1.0,,,1.2,,0.036147,,,2027-01-02 23:55:00
5996448.151380966,1.0,,,0.85,,0.037695,,,2027-01-03 00:00:00
5996449.151526527,1.0,,,0.85,,0.037913,,,2027-01-03 00:05:00
5996450.151672086,1.0,,,0.85,,0.037023,,,2027-01-03 00:10:00
5996451.151817645,1.0,,,0.85,,0.041931,,,2027-01-03 00:15:00
5996452.151963204,1.0,,,0.85,,0.040705,,,2027-01-03 00:20:00
5996453.152108763,1.0,,,0.85,,0.040689,,,2027-01-03 00:25:00
5996454.152254323,1.0,,,0.85,,0.042298,,,2027-01-03 00:30:00
5996455.152399882,1.0,,,0.85,,0.044608,,,2027-01-03 00:35:00
5996456.152545442,1.0,,,0.85,,0.044296,,,2027-01-03 00:40:00
5996457.152691001,1.0,,,0.85,,0.055918,,,2027-01-03 00:45:00
5996458.15283656,1.0,,,0.85,,0.06048,,,2027-01-03 00:50:00
5996459.1529821195,1.0,,,0.85,,0.067999,,,2027-01-03 00:55:00
5996460.153127679,1.0,,,0.85,,0.073005,,,2027-01-03 01:00:00
5996461.153273238,1.0,,,0.85,,0.077546,,,2027-01-03 01:05:00
5996462.153418797,1.0,,,0.85,,0.081689,,,2027-01-03 01:10:00
5996463.153564357,1.0,,,0.85,,0.083781,,,2027-01-03 01:15:00
5996464.153709916,1.0,,,0.85,,0.067506,,,2027-01-03 01:20:00
5996465.153855476,1.0,,,0.85,,0.057945,,,2027-01-03 01:25:00
5996466.154001035,1.0,,,0.85,,0.054807,,,2027-01-03 01:30:00
5996467.154146594,1.0,,,0.85,,0.053459,,,2027-01-03 01:35:00
5996468.154292153,1.0,,,0.85,,0.045926,,,2027-01-03 01:40:00
5996469.154437712,1.0,,,0.85,,0.030247,,,2027-01-03 01:45:00
5996470.1545832725,1.0,,,0.85,,0.054724,,,2027-01-03 01:50:00
5996471.154728832,1.0,,,0.85,,0.060796,,,2027-01-03 01:55:00
5996472.154874391,1.0,,,0.85,,0.063476,,,2027-01-03 02:00:00
5996473.15501995,1.0,,,0.85,,0.067451,,,2027-01-03 02:05:00
5996474.155165509,1.0,,,0.85,,0.152277,,,2027-01-03 02:10:00
5996475.1553110685,1.0,,,0.85,,0.103098,,,2027-01-03 02:15:00
5996476.155456628,1.0,,,0.85,,0.054157,,,2027-01-03 02:20:00
5996477.155602188,1.0,,,0.85,,0.042853,,,2027-01-03 02:25:00
5996478.155747747,1.0,,,0.85,,0.040424,,,2027-01-03 02:30:00
5996479.155893306,1.0,,,0.85,,0.061546,,,2027-01-03 02:35:00
5996480.156038865,1.0,,,0.85,,0.049402,,,2027-01-03 02:40:00
5996481.156184425,1.0,,,0.85,,0.026267,,,2027-01-03 02:45:00
5996482.156329984,1.0,,,0.85,,0.026373,,,2027-01-03 02:50:00
5996483.156475543,1.0,,,0.85,,0.030661,,,2027-01-03 02:55:00
5996484.156621103,1.0,,,1.75,,0.05384,,,2027-01-03 03:00:00
5996485.156766662,1.0,,,1.75,,0.075272,,,2027-01-03 03:05:00
5996486.156912222,1.0,,,1.75,,0.07527,,,2027-01-03 03:10:00
5996487.157057781,1.0,,,1.75,,0.078572,,,2027-01-03 03:15:00
5996488.15720334,1.0,,,1.75,,0.069301,,,2027-01-03 03:20:00
5996489.157348899,1.0,,,1.75,,0.073391,,,2027-01-03 03:25:00
5996490.157494458,1.0,,,1.75,,0.048587,,,2027-01-03 03:30:00
5996491.1576400185,1.0,,,1.75,,0.052133,,,2027-01-03 03:35:00
5996492.157785578,1.0,,,1.75,,0.050648,,,2027-01-03 03:40:00
5996493.157931137,1.0,,,1.75,,0.051366,,,2027-01-03 03:45:00
5996494.158076696,1.0,,,1.75,,0.05261,,,2027-01-03 03:50:00
5996495.158222255,1.0,,,1.75,,0.054236,,,2027-01-03 03:55:00
5996496.1583678145,1.0,,,1.75,,0.05317,,,2027-01-03 04:00:00
5996497.158513374,1.0,,,1.75,,0.043137,,,2027-01-03 04:05:00
5996498.158658934,1.0,,,1.75,,0.051078,,,2027-01-03 04:10:00
5996499.158804493,1.0,,,1.75,,0.062797,,,2027-01-03 04:15:00
5996500.158950052,1.0,,,1.75,,0.07261,,,2027-01-03 04:20:00
5996501.159095611,1.0,,,1.75,,0.07832,,,2027-01-03 04:25:00
5996502.159241171,1.0,,,1.75,,0.085891,,,2027-01-03 04:30:00
5996503.15938673,1.0,,,1.75,,0.084892,,,2027-01-03 04:35:00
5996504.159532289,1.0,,,1.75,,0.090509,,,2027-01-03 04:40:00
5996505.159677849,1.0,,,1.75,,0.094757,,,2027-01-03 04:45:00
5996506.159823408,1.0,,,1.75,,0.050434,,,2027-01-03 04:50:00
5996507.159968968,1.0,,,1.75,,0.045016,,,2027-01-03 04:55:00
5996508.160114527,1.0,,,1.75,,0.032269,,,2027-01-03 05:00:00
5996509.160260086,1.0,,,1.75,,0.058035,,,2027-01-03 05:05:00
5996510.160405645,1.0,,,1.75,,0.029548,,,2027-01-03 05:10:00
5996511.160551204,1.0,,,1.75,,0.022077,,,2027-01-03 05:15:00
5996512.1606967645,1.0,,,1.75,,0.026562,,,2027-01-03 05:20:00
5996513.160842324,1.0,,,1.75,,0.0314,,,2027-01-03 05:25:00
5996514.160987883,1.0,,,1.75,,0.036303,,,2027-01-03 05:30:00
5996515.161133442,1.0,,,1.75,,0.041656,,,2027-01-03 05:35:00
5996516.161279001,1.0,,,1.75,,0.039776,,,2027-01-03 05:40:00
5996517.1614245605,1.0,,,1.75,,0.043633,,,2027-01-03 05:45:00
5996518.16157012,1.0,,,1.75,,0.028307,,,2027-01-03 05:50:00
5996519.16171568,1.0,,,1.75,,0.025028,,,2027-01-03 05:55:00
5996520.161861239,1.0,,,1.75,,0.027275,,,2027-01-03 06:00:00
5996521.162006798,1.0,,,1.75,,0.042665,,,2027-01-03 06:05:00
5996522.162152357,1.0,,,1.75,,0.049057,,,2027-01-03 06:10:00
5996523.162297917,1.0,,,1.75,,0.053342,,,2027-01-03 06:15:00
5996524.162443476,1.0,,,1.75,,0.058041,,,2027-01-03 06:20:00
5996525.162589035,1.0,,,1.75,,0.062597,,,2027-01-03 06:25:00
5996526.162734595,1.0,,,1.75,,0.05047,,,2027-01-03 06:30:00
5996527.162880154,1.0,,,1.75,,0.041502,,,2027-01-03 06:35:00
5996528.1630257135,1.0,,,1.75,,0.041597,,,2027-01-03 06:40:00
5996529.163171273,1.0,,,1.75,,0.040278,,,2027-01-03 06:45:00
5996530.163316832,1.0,,,1.75,,0.04252,,,2027-01-03 06:50:00
5996531.163462391,1.0,,,1.75,,0.014351,,,2027-01-03 06:55:00
5996532.16360795,1.0,,,1.75,,0.0276,,,2027-01-03 07:00:00
5996533.16375351,1.0,,,1.75,,0.034897,,,2027-01-03 07:05:00
5996534.16389907,1.0,,,1.75,,0.039574,,,2027-01-03 07:10:00
5996535.164044629,1.0,,,1.75,,0.04804,,,2027-01-03 07:15:00
5996536.164190188,1.0,,,1.75,,0.050989,,,2027-01-03 07:20:00
5996537.164335747,1.0,,,1.75,,0.053955,,,2027-01-03 07:25:00
5996538.164481306,1.0,,,1.75,,0.053015,,,2027-01-03 07:30:00
5996539.164626866,1.0,,,1.75,,0.052182,,,2027-01-03 07:35:00
5996540.164772426,1.0,,,1.75,,0.047175,,,2027-01-03 07:40:00
5996541.164917985,1.0,,,1.75,,0.047026,,,2027-01-03 07:45:00
5996542.165063544,1.0,,,1.75,,0.047039,,,2027-01-03 07:50:00
5996543.165209103,1.0,,,1.75,,0.038461,,,2027-01-03 07:55:00
5996544.165354663,1.0,,,1.35,,0.011256,,,2027-01-03 08:00:00
5996545.165500222,1.0,,,1.35,,0.018094,,,2027-01-03 08:05:00
5996546.165645781,1.0,,,1.35,,0.012562,,,2027-01-03 08:10:00
5996547.165791341,1.0,,,1.35,,0.012275,,,2027-01-03 08:15:00
5996548.1659369,1.0,,,1.35,,0.016486,,,2027-01-03 08:20:00
5996549.1660824595,1.0,,,1.35,,0.007645,,,2027-01-03 08:25:00
5996550.166228019,1.0,,,1.35,,0.016448,,,2027-01-03 08:30:00
5996551.166373578,1.0,,,1.35,,0.012882,88.0,,2027-01-03 08:35:00
5996552.166519137,1.0,,142.0,1.35,,0.023822,,2.2,2027-01-03 08:40:00
5996553.166664696,1.0,,,1.35,,0.007458,,,2027-01-03 08:45:00
5996554.166810256,0.0,144.0,142.0,1.35,,0.011484,,,2027-01-03 08:50:00
5996555.166955816,0.0,140.0,,1.35,,0.012432,,,2027-01-03 08:55:00
5996556.167101375,0.0,150.0,140.0,1.35,,0.01959,,14.6,2027-01-03 09:00:00
5996557.167246934,0.0,157.0,,1.35,,0.024952,,,2027-01-03 09:05:00
5996558.167392493,0.0,157.0,,1.35,,0.022198,,,2027-01-03 09:10:00
5996559.167538052,0.0,162.0,,1.35,,0.023729,,,2027-01-03 09:15:00
5996560.167683612,0.0,175.0,,1.35,,0.0,,,2027-01-03 09:20:00
5996561.167829172,0.0,184.0,,1.35,,,,,2027-01-03 09:25:00
5996562.167974731,0.0,188.0,,1.35,,,,,2027-01-03 09:30:00
5996563.16812029,0.0,193.0,,1.35,,,,,2027-01-03 09:35:00
5996564.168265849,0.0,195.0,,1.35,,,,,2027-01-03 09:40:00
5996565.168411409,0.0,198.0,,1.35,,,,,2027-01-03 09:45:00
5996566.168556968,0.0,199.0,,1.35,,,,,2027-01-03 09:50:00
5996567.168702527,0.0,197.0,,1.35,,,,,2027-01-03 09:55:00
5996568.168848087,0.0,199.0,,1.15,,,,,2027-01-03 10:00:00
5996569.168993646,0.0,196.0,,1.15,,,,,2027-01-03 10:05:00
5996570.1691392055,0.0,190.0,,1.15,,,,,2027-01-03 10:10:00
5996571.169284765,0.0,184.0,,1.15,,,,,2027-01-03 10:15:00
5996572.169430324,0.0,178.0,,1.15,,,,,2027-01-03 10:20:00
5996573.169575883,0.0,170.0,,1.15,,,,,2027-01-03 10:25:00
5996574.169721442,0.0,164.0,,1.15,,,,,2027-01-03 10:30:00
5996575.169867002,0.0,161.0,,1.15,,,,,2027-01-03 10:35:00
5996576.170012562,0.0,157.0,,1.15,,,,,2027-01-03 10:40:00
5996577.170158121,0.0,156.0,,1.15,,,,,2027-01-03 10:45:00
5996578.17030368,0.0,152.0,152.0,1.15,,,,7.6,2027-01-03 10:50:00
5996579.170449239,0.0,152.0,,1.15,,,,,2027-01-03 10:55:00
5996580.170594798,0.0,154.0,,1.15,,,,,2027-01-03 11:00:00
5996581.170740358,0.0,158.0,,1.15,,,,,2027-01-03 11:05:00
5996582.170885918,0.0,161.0,,1.15,,,,,2027-01-03 11:10:00
5996583.171031477,0.0,166.0,,1.15,,,,,2027-01-03 11:15:00
5996584.171177036,0.0,169.0,,1.15,,,,,2027-01-03 11:20:00
5996585.171322595,0.0,173.0,,1.15,,,,,2027-01-03 11:25:00
5996586.1714681545,0.0,179.0,187.0,1.15,,,,11.3,2027-01-03 11:30:00
5996587.171613714,0.0,185.0,,1.15,,,,,2027-01-03 11:35:00
5996588.171759273,0.0,190.0,,1.15,,,,,2027-01-03 11:40:00
5996589.171904833,0.0,193.0,,1.15,,,,,2027-01-03 11:45:00
5996590.172050392,0.0,193.0,,1.15,,,,,2027-01-03 11:50:00
5996591.172195951,0.0,193.0,,1.15,,,,,2027-01-03 11:55:00
5996592.172341511,0.0,191.0,,1.15,,,,,2027-01-03 12:00:00
5996593.17248707,0.0,191.0,,1.15,,,,,2027-01-03 12:05:00
5996594.172632629,0.0,192.0,,1.15,,,,,2027-01-03 12:10:00
5996595.172778188,0.0,191.0,,1.15,,,,,2027-01-03 12:15:00
5996596.172923748,0.0,188.0,,1.15,,,,,2027-01-03 12:20:00
5996597.173069308,0.0,187.0,,1.15,,,,,2027-01-03 12:25:00
5996598.173214867,0.0,186.0,,1.1,,,,,2027-01-03 12:30:00
5996599.173360426,0.0,183.0,,1.1,,,,,2027-01-03 12:35:00
5996600.173505985,0.0,180.0,,1.1,,,,,2027-01-03 12:40:00
5996601.173651544,0.0,177.0,,1.1,,,,,2027-01-03 12:45:00
5996602.173797104,0.0,172.0,,1.1,,,,,2027-01-03 12:50:00
5996603.173942664,0.0,167.0,,1.1,,,,,2027-01-03 12:55:00
5996604.174088223,0.0,164.0,,1.1,,,,,2027-01-03 13:00:00
5996605.174233782,0.0,161.0,,1.1,,,,,2027-01-03 13:05:00
5996606.174379341,0.0,159.0,,1.1,,,,,2027-01-03 13:10:00
5996607.1745249005,0.0,156.0,,1.1,,,,,2027-01-03 13:15:00
5996608.17467046,0.0,151.0,,1.1,,,,,2027-01-03 13:20:00
5996609.174816019,0.0,146.0,,1.1,,,,,2027-01-03 13:25:00
5996610.174961579,0.0,141.0,,1.1,,,,,2027-01-03 13:30:00
5996611.175107138,0.0,136.0,,1.1,,,,,2027-01-03 13:35:00
5996612.175252697,0.0,132.0,,1.1,,,,,2027-01-03 13:40:00
5996613.175398257,0.0,133.0,,1.1,,,,,2027-01-03 13:45:00
5996614.175543816,0.0,134.0,,1.1,,,,,2027-01-03 13:50:00
5996615.175689375,0.0,130.0,,1.1,,,,,2027-01-03 13:55:00
5996616.175834934,0.0,125.0,,1.1,,,,,2027-01-03 14:00:00
5996617.175980494,0.0,120.0,,1.1,,,,,2027-01-03 14:05:00
5996618.176126054,0.0,115.0,,1.1,,,,,2027-01-03 14:10:00
5996619.176271613,0.0,110.0,,1.1,,,,,2027-01-03 14:15:00
5996620.176417172,0.0,107.0,,1.1,,,,,2027-01-03 14:20:00
5996621.176562731,0.0,104.0,,1.1,,,,,2027-01-03 14:25:00
5996622.17670829,0.0,103.0,,1.1,,,,,2027-01-03 14:30:00
5996623.17685385,0.0,100.0,,1.1,,,,,2027-01-03 14:35:00
5996624.17699941,1.0,,,1.1,,,,,2027-01-03 14:40:00
5996625.177144969,1.0,,,1.1,,0.017895,,,2027-01-03 14:45:00
5996626.177290528,1.0,,,1.1,,0.023671,,,2027-01-03 14:50:00
5996627.177436087,1.0,,,1.1,,0.028344,,,2027-01-03 14:55:00
5996628.1775816465,1.0,,44.0,1.1,,0.031399,,1.7,2027-01-03 15:00:00
5996629.177727206,1.0,,,1.1,,0.01722,,,2027-01-03 15:05:00
5996630.177872765,1.0,,,1.1,,0.013588,,,2027-01-03 15:10:00
5996631.178018325,0.0,53.0,44.0,1.1,,0.031014,,,2027-01-03 15:15:00
5996632.178163884,0.0,52.0,,1.1,,0.052461,,,2027-01-03 15:20:00
5996633.178309443,0.0,53.0,,1.1,,0.035251,,,2027-01-03 15:25:00
5996634.178455003,0.0,57.0,,1.1,,0.164862,,,2027-01-03 15:30:00
5996635.178600562,0.0,61.0,,1.1,,0.07759,,,2027-01-03 15:35:00
5996636.178746121,0.0,65.0,,1.1,,0.347673,,,2027-01-03 15:40:00
5996637.17889168,0.0,70.0,,1.1,,0.100065,,,2027-01-03 15:45:00
5996638.17903724,0.0,75.0,,1.1,,0.161268,,,2027-01-03 15:50:00
5996639.1791827995,0.0,79.0,,1.1,,0.373713,,,2027-01-03 15:55:00
5996640.179328359,0.0,83.0,,1.1,,0.229496,,,2027-01-03 16:00:00
5996641.179473918,0.0,88.0,,1.1,,1.165086,,,2027-01-03 16:05:00
5996642.179619477,0.0,93.0,,1.1,,0.109672,,,2027-01-03 16:10:00
5996643.179765036,0.0,98.0,,1.1,,0.036426,,,2027-01-03 16:15:00
5996644.1799105955,0.0,103.0,,1.1,,0.017725,,,2027-01-03 16:20:00
5996645.180056156,0.0,107.0,,1.1,,0.018087,,,2027-01-03 16:25:00
5996646.180201715,0.0,111.0,,1.1,,0.034994,,,2027-01-03 16:30:00
5996647.180347274,0.0,115.0,,1.1,,0.033951,,,2027-01-03 16:35:00
5996648.180492833,0.0,119.0,,1.1,,0.041841,,,2027-01-03 16:40:00
5996649.180638392,0.0,125.0,,1.1,,0.022032,,,2027-01-03 16:45:00
5996650.180783952,0.0,131.0,,1.1,,0.014327,,,2027-01-03 16:50:00
5996651.180929511,0.0,136.0,,1.1,,0.014525,,,2027-01-03 16:55:00
5996652.181075071,0.0,139.0,,1.1,,0.152398,,,2027-01-03 17:00:00
5996653.18122063,0.0,142.0,,1.1,,0.051997,,,2027-01-03 17:05:00
5996654.181366189,0.0,143.0,,1.1,,0.016262,,,2027-01-03 17:10:00
5996655.181511749,0.0,143.0,,1.1,,0.02601,,,2027-01-03 17:15:00
5996656.181657308,0.0,144.0,,1.1,,0.041327,,,2027-01-03 17:20:00
5996657.181802867,0.0,143.0,,1.1,,0.045492,,,2027-01-03 17:25:00
5996658.181948426,0.0,145.0,,1.1,,0.037441,,,2027-01-03 17:30:00
5996659.182093986,0.0,148.0,,1.1,,0.046409,,,2027-01-03 17:35:00
5996660.1822395455,0.0,152.0,,1.1,,0.029653,,,2027-01-03 17:40:00
5996661.182385105,0.0,157.0,,1.1,,0.030845,,,2027-01-03 17:45:00
5996662.182530664,0.0,165.0,,1.1,,0.104715,,,2027-01-03 17:50:00
5996663.182676223,0.0,176.0,,1.1,,0.024114,,,2027-01-03 17:55:00
5996664.182821782,0.0,187.0,194.0,1.2,,0.015206,,16.7,2027-01-03 18:00:00
5996665.1829673415,0.0,196.0,,1.2,,0.013368,,,2027-01-03 18:05:00
5996666.183112902,0.0,205.0,,1.2,,0.016202,,,2027-01-03 18:10:00
5996667.183258461,0.0,214.0,,1.2,,0.017297,,,2027-01-03 18:15:00
5996668.18340402,0.0,222.0,,1.2,,0.025061,,,2027-01-03 18:20:00
5996669.183549579,0.0,231.0,,1.2,,0.011445,,,2027-01-03 18:25:00
5996670.183695138,0.0,236.0,,1.2,,0.025152,,,2027-01-03 18:30:00
5996671.183840698,0.0,240.0,,1.2,,0.035638,,,2027-01-03 18:35:00
5996672.183986257,0.0,241.0,,1.2,,0.023098,,,2027-01-03 18:40:00
5996673.184131817,0.0,240.0,,1.2,,0.014302,,,2027-01-03 18:45:00
5996674.184277376,0.0,238.0,,1.2,,0.023888,,,2027-01-03 18:50:00
5996675.184422935,0.0,236.0,,1.2,,0.016569,,,2027-01-03 18:55:00
5996676.184568495,0.0,232.0,,1.2,,0.023157,,,2027-01-03 19:00:00
5996677.184714054,0.0,229.0,,1.2,,0.020724,,,2027-01-03 19:05:00
5996678.184859613,0.0,226.0,,1.2,,0.020084,,,2027-01-03 19:10:00
5996679.185005172,0.0,222.0,,1.2,,0.078959,,,2027-01-03 19:15:00
5996680.185150732,0.0,218.0,,1.2,,0.050476,,,2027-01-03 19:20:00
5996681.1852962915,0.0,214.0,,1.2,,0.165343,,,2027-01-03 19:25:00
5996682.185441851,0.0,210.0,,1.2,,0.61066,,,2027-01-03 19:30:00
5996683.18558741,0.0,206.0,,1.2,,0.054478,,,2027-01-03 19:35:00
5996684.185732969,0.0,206.0,,1.2,,0.086443,,,2027-01-03 19:40:00
5996685.185878528,0.0,203.0,,1.2,,0.071775,,,2027-01-03 19:45:00
5996686.1860240875,0.0,199.0,,1.2,,0.21936,,,2027-01-03 19:50:00
5996687.186169648,0.0,195.0,,1.2,,0.971687,,,2027-01-03 19:55:00
5996688.186315207,0.0,192.0,,1.2,,0.392254,,,2027-01-03 20:00:00
5996689.186460766,0.0,187.0,,1.2,,0.068546,,,2027-01-03 20:05:00
5996690.186606325,0.0,184.0,,1.2,,0.061966,,,2027-01-03 20:10:00
5996691.186751884,0.0,176.0,,1.2,,0.026197,,,2027-01-03 20:15:00
5996692.186897444,0.0,175.0,,1.2,,0.029301,,,2027-01-03 20:20:00
5996693.187043003,0.0,174.0,,1.2,,0.886224,,,2027-01-03 20:25:00
5996694.187188563,0.0,172.0,,1.2,,0.747882,,,2027-01-03 20:30:00
5996695.187334122,0.0,169.0,,1.2,,3.354638,,,2027-01-03 20:35:00
5996696.187479681,0.0,165.0,,1.2,,1.207598,,,2027-01-03 20:40:00
5996697.187625241,0.0,162.0,,1.2,,4.157716,,,2027-01-03 20:45:00
5996698.1877708,0.0,159.0,,1.2,,10.214001,,,2027-01-03 20:50:00
5996699.187916359,0.0,157.0,,1.2,,12.6465,,,2027-01-03 20:55:00
5996700.188061918,0.0,154.0,,1.2,,5.328188,,,2027-01-03 21:00:00
5996701.188207478,0.0,149.0,,1.2,,4.992607,,,2027-01-03 21:05:00
5996702.188353037,0.0,145.0,,1.2,,4.390525,,,2027-01-03 21:10:00
5996703.188498597,0.0,140.0,,1.2,,4.158306,,,2027-01-03 21:15:00
5996704.188644156,0.0,133.0,,1.2,,4.495015,,,2027-01-03 21:20:00
5996705.188789715,0.0,125.0,,1.2,,3.226672,,,2027-01-03 21:25:00
5996706.188935274,0.0,121.0,,1.2,,0.318148,,,2027-01-03 21:30:00
5996707.189080833,0.0,117.0,,1.2,,0.058405,,,2027-01-03 21:35:00
5996708.189226394,0.0,115.0,,1.2,,0.075318,,,2027-01-03 21:40:00
5996709.189371953,0.0,114.0,,1.2,,0.030674,,,2027-01-03 21:45:00
5996710.189517512,0.0,114.0,,1.2,,0.051044,,,2027-01-03 21:50:00
5996711.189663071,0.0,115.0,,1.2,,0.021845,,,2027-01-03 21:55:00
5996712.18980863,0.0,116.0,,1.0,,0.032059,,,2027-01-03 22:00:00
5996713.18995419,0.0,120.0,,1.0,,0.03008,,,2027-01-03 22:05:00
5996714.190099749,0.0,126.0,,1.0,,0.026112,,,2027-01-03 22:10:00
5996715.190245308,0.0,130.0,,1.0,,0.020978,,,2027-01-03 22:15:00
5996716.190390868,0.0,135.0,,1.0,,0.043087,,,2027-01-03 22:20:00
5996717.190536427,0.0,140.0,,1.0,,0.04949,,,2027-01-03 22:25:00
5996718.1906819865,0.0,146.0,,1.0,,0.011241,,,2027-01-03 22:30:00
5996719.190827546,0.0,151.0,,1.0,,0.0,,,2027-01-03 22:35:00
5996720.190973105,0.0,154.0,,1.0,,,,,2027-01-03 22:40:00
5996721.191118664,0.0,157.0,,1.0,,,,,2027-01-03 22:45:00
5996722.191264223,0.0,162.0,,1.0,,,,,2027-01-03 22:50:00
5996723.191409783,0.0,170.0,,1.0,,0.029682,,,2027-01-03 22:55:00
5996724.191555343,0.0,174.0,,1.0,,0.04204,,,2027-01-03 23:00:00
5996725.191700902,0.0,175.0,,1.0,,0.046041,,,2027-01-03 23:05:00
5996726.191846461,0.0,179.0,227.0,1.0,,0.048674,,,2027-01-03 23:10:00
5996727.19199202,0.0,186.0,227.0,1.0,,0.055008,,12.3,2027-01-03 23:15:00
5996728.192137579,0.0,193.0,,1.0,,0.064551,,,2027-01-03 23:20:00
5996729.192283139,0.0,199.0,,1.0,,0.081603,,,2027-01-03 23:25:00
5996730.192428699,0.0,221.0,227.0,1.0,,0.092815,,,2027-01-03 23:30:00
5996731.192574258,0.0,229.0,,1.0,,0.097791,,,2027-01-03 23:35:00
5996732.192719817,0.0,237.0,,1.0,,0.105324,,,2027-01-03 23:40:00
5996733.192865376,0.0,239.0,,1.0,,0.108581,,,2027-01-03 23:45:00
5996734.193010936,0.0,235.0,,1.0,,0.156705,,,2027-01-03 23:50:00
5996735.193156495,0.0,229.0,,1.0,,0.16315,,,2027-01-03 23:55:00
5996736.193302054,0.0,220.0,,0.85,,0.289807,,,2027-01-04 00:00:00
5996737.193447614,0.0,211.0,,0.85,,0.19497,,,2027-01-04 00:05:00
5996738.193593173,0.0,201.0,,0.85,,0.130508,,,2027-01-04 00:10:00
5996739.1937387325,0.0,190.0,,0.85,,0.098359,,,2027-01-04 00:15:00
5996740.193884292,0.0,181.0,,0.85,,0.089078,,,2027-01-04 00:20:00
5996741.194029851,0.0,173.0,,0.85,,0.092163,,,2027-01-04 00:25:00
5996742.19417541,0.0,165.0,,0.85,,0.114323,,,2027-01-04 00:30:00
5996743.194320969,0.0,158.0,,0.85,,0.343277,,,2027-01-04 00:35:00
5996744.194466529,0.0,154.0,,0.85,,0.613599,,,2027-01-04 00:40:00
5996745.194612089,0.0,149.0,,0.85,,1.23472,,,2027-01-04 00:45:00
5996746.194757648,0.0,144.0,,0.85,,0.468646,,,2027-01-04 00:50:00
5996747.194903207,0.0,138.0,,0.85,,1.466767,,,2027-01-04 00:55:00
5996748.195048766,0.0,133.0,,0.85,,3.200825,,,2027-01-04 01:00:00
5996749.195194325,0.0,128.0,,0.85,,3.747752,,,2027-01-04 01:05:00
5996750.195339885,0.0,124.0,,0.85,,3.923261,,,2027-01-04 01:10:00
5996751.195485445,0.0,118.0,,0.85,,4.602699,,,2027-01-04 01:15:00
5996752.195631004,0.0,112.0,,0.85,,4.379147,,,2027-01-04 01:20:00
5996753.195776563,0.0,103.0,,0.85,,2.750226,,,2027-01-04 01:25:00
5996754.195922122,0.0,95.0,,0.85,,1.990841,,,2027-01-04 01:30:00
5996755.196067682,0.0,89.0,,0.85,,1.770711,,,2027-01-04 01:35:00
5996756.196213241,0.0,83.0,,0.85,,1.225319,,,2027-01-04 01:40:00
5996757.1963588,0.0,78.0,,0.85,,0.896341,,,2027-01-04 01:45:00
5996758.19650436,0.0,75.0,,0.85,,0.838995,,,2027-01-04 01:50:00
5996759.196649919,0.0,72.0,,0.85,,0.746221,,,2027-01-04 01:55:00
5996760.196795478,0.0,71.0,,0.85,,0.72383,,,2027-01-04 02:00:00
5996761.196941038,0.0,69.0,,0.85,,1.219277,,,2027-01-04 02:05:00
5996762.197086597,0.0,69.0,,0.85,,1.506603,,,2027-01-04 02:10:00
5996763.197232156,0.0,68.0,,0.85,,2.251279,,,2027-01-04 02:15:00
5996764.197377715,0.0,67.0,,0.85,,2.841249,,,2027-01-04 02:20:00
5996765.197523275,0.0,66.0,,0.85,,3.224204,,,2027-01-04 02:25:00
5996766.197668835,0.0,66.0,,0.85,,3.379988,,,2027-01-04 02:30:00
5996767.197814394,0.0,65.0,,0.85,,2.936443,,,2027-01-04 02:35:00
5996768.197959953,0.0,65.0,,0.85,,1.833585,,,2027-01-04 02:40:00
5996769.198105512,0.0,65.0,,0.85,,1.496579,,,2027-01-04 02:45:00
5996770.198251071,0.0,65.0,,0.85,,1.237633,,,2027-01-04 02:50:00
5996771.198396631,0.0,64.0,,0.85,,1.014396,,,2027-01-04 02:55:00
5996772.198542191,0.0,64.0,,1.75,,0.822356,,,2027-01-04 03:00:00
5996773.19868775,0.0,64.0,,1.75,,0.544661,,,2027-01-04 03:05:00
5996774.198833309,0.0,63.0,,1.75,,0.412894,,,2027-01-04 03:10:00
5996775.198978868,0.0,63.0,,1.75,,0.339288,,,2027-01-04 03:15:00
5996776.1991244275,0.0,62.0,,1.75,,0.272508,,,2027-01-04 03:20:00
5996777.199269987,0.0,62.0,,1.75,,0.243255,,,2027-01-04 03:25:00
5996778.199415546,0.0,61.0,,1.75,,0.234323,,,2027-01-04 03:30:00
5996779.199561106,0.0,61.0,,1.75,,0.234896,,,2027-01-04 03:35:00
5996780.199706665,0.0,60.0,,1.75,,0.103523,,,2027-01-04 03:40:00
5996781.199852224,0.0,59.0,,1.75,,0.207711,,,2027-01-04 03:45:00
5996782.199997784,0.0,59.0,,1.75,,0.538556,,,2027-01-04 03:50:00
5996783.200143343,0.0,60.0,,1.75,,0.813429,,,2027-01-04 03:55:00
5996784.200288902,0.0,61.0,,1.75,,0.486863,,,2027-01-04 04:00:00
5996785.200434461,0.0,61.0,,1.75,,0.368404,,,2027-01-04 04:05:00
5996786.200580021,0.0,60.0,,1.75,,0.31614,,,2027-01-04 04:10:00
5996787.200725581,0.0,61.0,,1.75,,0.157004,,,2027-01-04 04:15:00
5996788.20087114,0.0,64.0,,1.75,,0.156318,,,2027-01-04 04:20:00
5996789.201016699,0.0,67.0,,1.75,,0.151109,,,2027-01-04 04:25:00
5996790.201162258,0.0,67.0,,1.75,,0.153257,,,2027-01-04 04:30:00
5996791.201307817,0.0,68.0,,1.75,,0.177229,,,2027-01-04 04:35:00
5996792.201453377,0.0,69.0,,1.75,,0.209416,,,2027-01-04 04:40:00
5996793.201598937,0.0,70.0,,1.75,,0.217775,,,2027-01-04 04:45:00
5996794.201744496,0.0,70.0,,1.75,,0.143891,,,2027-01-04 04:50:00
5996795.201890055,0.0,70.0,,1.75,,0.122518,,,2027-01-04 04:55:00
5996796.202035614,0.0,70.0,,1.75,,0.112117,,,2027-01-04 05:00:00
5996797.2021811735,0.0,70.0,,1.75,,0.134497,,,2027-01-04 05:05:00
5996798.202326733,0.0,71.0,,1.75,,0.153944,,,2027-01-04 05:10:00
5996799.202472292,0.0,72.0,,1.75,,0.17614,,,2027-01-04 05:15:00
5996800.202617852,0.0,73.0,,1.75,,0.236339,,,2027-01-04 05:20:00
5996801.202763411,0.0,73.0,,1.75,,0.218079,,,2027-01-04 05:25:00
5996802.20290897,0.0,72.0,,1.75,,0.234281,,,2027-01-04 05:30:00
5996803.20305453,0.0,72.0,,1.75,,0.226785,,,2027-01-04 05:35:00
5996804.203200089,0.0,72.0,,1.75,,0.099586,,,2027-01-04 05:40:00
5996805.203345648,0.0,72.0,,1.75,,0.167203,,,2027-01-04 05:45:00
5996806.203491207,0.0,72.0,,1.75,,0.182085,,,2027-01-04 05:50:00
5996807.203636767,0.0,72.0,,1.75,,0.207056,,,2027-01-04 05:55:00
5996808.203782327,0.0,73.0,,1.75,,0.044612,,,2027-01-04 06:00:00
5996809.203927886,0.0,74.0,,1.75,,0.047139,,,2027-01-04 06:05:00
5996810.204073445,0.0,75.0,,1.75,,0.059657,,,2027-01-04 06:10:00
5996811.204219004,0.0,75.0,,1.75,,0.112649,,,2027-01-04 06:15:00
5996812.204364563,0.0,76.0,,1.75,,0.129593,,,2027-01-04 06:20:00
5996813.204510123,0.0,79.0,,1.75,,0.143449,,,2027-01-04 06:25:00
5996814.204655683,0.0,79.0,,1.75,,0.099618,,,2027-01-04 06:30:00
5996815.204801242,0.0,79.0,,1.75,,0.126998,,,2027-01-04 06:35:00
5996816.204946801,0.0,77.0,,1.75,,0.021429,,,2027-01-04 06:40:00
5996817.20509236,0.0,77.0,,1.75,,0.013797,,,2027-01-04 06:45:00
5996818.205237919,0.0,76.0,,1.75,,0.026409,,,2027-01-04 06:50:00
5996819.205383479,0.0,77.0,,1.75,,0.037791,,,2027-01-04 06:55:00
5996820.205529038,0.0,78.0,,1.75,,0.042867,,,2027-01-04 07:00:00
5996821.205674598,0.0,78.0,,1.75,,0.037919,,,2027-01-04 07:05:00
5996822.205820157,0.0,79.0,,1.75,,0.023452,,,2027-01-04 07:10:00
5996823.205965716,0.0,81.0,,1.75,,0.023732,,,2027-01-04 07:15:00
5996824.206111276,0.0,84.0,,1.75,,0.040193,,,2027-01-04 07:20:00
5996825.206256835,0.0,87.0,,1.75,,0.025392,,,2027-01-04 07:25:00
5996826.206402394,0.0,89.0,,1.75,,0.015476,,,2027-01-04 07:30:00
5996827.206547953,0.0,90.0,,1.75,,0.009883,,,2027-01-04 07:35:00
5996828.206693513,0.0,91.0,,1.75,,0.0,,,2027-01-04 07:40:00
5996829.2068390725,0.0,94.0,,1.75,,,,,2027-01-04 07:45:00
5996830.206984632,0.0,98.0,,1.75,,0.012521,,,2027-01-04 07:50:00
5996831.207130191,0.0,100.0,,1.75,,0.023162,,,2027-01-04 07:55:00
5996832.20727575,0.0,101.0,,1.35,,0.0248,,,2027-01-04 08:00:00
5996833.207421309,0.0,102.0,,1.35,,0.031661,,,2027-01-04 08:05:00
5996834.2075668685,0.0,103.0,,1.35,,0.040256,,,2027-01-04 08:10:00
5996835.207712429,0.0,103.0,,1.35,,0.015458,,,2027-01-04 08:15:00
5996836.207857988,0.0,106.0,,1.35,,0.019038,,,2027-01-04 08:20:00
5996837.208003547,0.0,107.0,,1.35,,0.010306,,,2027-01-04 08:25:00
5996838.208149106,0.0,107.0,,1.35,,0.025791,,,2027-01-04 08:30:00
5996839.208294665,0.0,107.0,,1.35,,0.010842,,,2027-01-04 08:35:00
5996840.208440225,0.0,107.0,,1.35,,0.016573,,,2027-01-04 08:40:00
5996841.208585784,0.0,110.0,,1.35,,0.014233,,,2027-01-04 08:45:00
5996842.208731344,0.0,110.0,110.0,1.35,,0.014043,,14.5,2027-01-04 08:50:00
5996843.208876903,0.0,110.0,,1.35,,0.010896,,,2027-01-04 08:55:00
5996844.209022462,0.0,115.0,,1.35,,0.024389,,,2027-01-04 09:00:00
5996845.209168022,0.0,120.0,,1.35,,0.030496,,,2027-01-04 09:05:00
5996846.209313581,0.0,124.0,,1.35,,0.015385,,,2027-01-04 09:10:00
5996847.20945914,0.0,130.0,,1.35,,0.007771,,,2027-01-04 09:15:00
5996848.209604699,0.0,141.0,,1.35,,0.020283,,,2027-01-04 09:20:00
5996849.209750259,0.0,150.0,,1.35,,0.029109,,,2027-01-04 09:25:00
5996850.2098958185,0.0,151.0,,1.35,,0.022598,,,2027-01-04 09:30:00
5996851.210041378,0.0,152.0,,1.35,,0.028499,,,2027-01-04 09:35:00
5996852.210186937,0.0,161.0,,1.35,,0.030562,,,2027-01-04 09:40:00
5996853.210332496,0.0,169.0,,1.35,,0.037731,,,2027-01-04 09:45:00
5996854.210478055,0.0,177.0,,1.35,,0.038863,,,2027-01-04 09:50:00
5996855.2106236145,0.0,189.0,,1.35,,0.033235,,,2027-01-04 09:55:00
5996856.210769175,0.0,202.0,,1.15,,0.02786,,,2027-01-04 10:00:00
5996857.210914734,0.0,214.0,,1.15,,0.028689,,,2027-01-04 10:05:00
5996858.211060293,0.0,218.0,,1.15,,0.04515,,,2027-01-04 10:10:00
5996859.211205852,0.0,221.0,,1.15,,0.040685,,,2027-01-04 10:15:00
5996860.211351411,0.0,227.0,,1.15,,0.00929,,,2027-01-04 10:20:00
5996861.211496971,0.0,233.0,,1.15,,0.022057,,,2027-01-04 10:25:00
5996862.21164253,0.0,231.0,,1.15,,0.037692,,,2027-01-04 10:30:00
5996863.21178809,0.0,234.0,,1.15,,0.030699,,,2027-01-04 10:35:00
5996864.211933649,0.0,243.0,,1.15,,0.037874,,,2027-01-04 10:40:00
5996865.212079208,0.0,247.0,,1.15,,0.029178,,,2027-01-04 10:45:00
5996866.212224768,0.0,246.0,,1.15,,0.033218,,,2027-01-04 10:50:00
5996867.212370327,0.0,241.0,264.0,1.15,,0.023349,,21.4,2027-01-04 10:55:00
5996868.212515886,0.0,245.0,,1.15,,0.057693,,,2027-01-04 11:00:00
5996869.212661445,0.0,247.0,,1.15,,0.073809,,,2027-01-04 11:05:00
5996870.212807005,0.0,262.0,264.0,1.15,,0.100105,,,2027-01-04 11:10:00
5996871.2129525645,0.0,258.0,,1.15,,0.01876,,,2027-01-04 11:15:00
5996872.213098124,0.0,257.0,,1.15,,0.02598,,,2027-01-04 11:20:00
5996873.213243683,0.0,253.0,,1.15,,0.015716,,,2027-01-04 11:25:00
5996874.213389242,0.0,251.0,,1.15,,0.008588,,,2027-01-04 11:30:00
5996875.213534801,0.0,247.0,,1.15,,0.023219,,,2027-01-04 11:35:00
5996876.2136803605,0.0,253.0,,1.15,,0.036397,,,2027-01-04 11:40:00
5996877.213825921,0.0,254.0,,1.15,,0.035632,,,2027-01-04 11:45:00
5996878.21397148,0.0,252.0,,1.15,,0.033393,,,2027-01-04 11:50:00
5996879.214117039,0.0,242.0,,1.15,,0.028488,,,2027-01-04 11:55:00
5996880.214262598,0.0,238.0,,1.15,,0.045688,,,2027-01-04 12:00:00
5996881.214408157,0.0,231.0,,1.15,,0.016459,,,2027-01-04 12:05:00
5996882.214553717,0.0,222.0,,1.15,,0.019949,,,2027-01-04 12:10:00
5996883.214699276,0.0,219.0,,1.15,,0.035925,,,2027-01-04 12:15:00
5996884.214844836,0.0,213.0,,1.15,,0.024426,,,2027-01-04 12:20:00
5996885.214990395,0.0,203.0,226.0,1.15,,0.02695,,17.6,2027-01-04 12:25:00
5996886.215135954,0.0,194.0,,1.1,,0.027991,,,2027-01-04 12:30:00
5996887.2152815135,0.0,186.0,,1.1,,0.040136,,,2027-01-04 12:35:00
5996888.215427073,0.0,185.0,,1.1,,0.072292,,,2027-01-04 12:40:00
5996889.215572632,0.0,191.0,,1.1,,0.066322,,,2027-01-04 12:45:00
5996890.215718191,0.0,193.0,,1.1,,0.049777,,,2027-01-04 12:50:00
5996891.215863751,0.0,192.0,,1.1,,0.06243,,,2027-01-04 12:55:00
5996892.21600931,0.0,196.0,,1.1,,0.06914,,,2027-01-04 13:00:00
5996893.21615487,0.0,192.0,,1.1,,0.122778,,,2027-01-04 13:05:00
5996894.216300429,0.0,185.0,,1.1,,0.083956,,,2027-01-04 13:10:00
5996895.216445988,0.0,189.0,,1.1,,0.056678,,,2027-01-04 13:15:00
5996896.216591547,0.0,187.0,,1.1,,0.064534,,,2027-01-04 13:20:00
5996897.216737106,0.0,183.0,,1.1,,0.071085,,,2027-01-04 13:25:00
5996898.216882667,0.0,181.0,,1.1,,0.048137,,,2027-01-04 13:30:00
5996899.217028226,0.0,183.0,,1.1,,0.01163,,,2027-01-04 13:35:00
5996900.217173785,0.0,187.0,,1.1,,0.02101,,,2027-01-04 13:40:00
5996901.217319344,0.0,189.0,,1.1,,0.014408,,,2027-01-04 13:45:00
5996902.217464903,0.0,191.0,,1.1,,0.019348,,,2027-01-04 13:50:00
5996903.217610463,0.0,194.0,,1.1,,0.097611,,,2027-01-04 13:55:00
5996904.217756022,0.0,198.0,,1.1,,0.045999,,,2027-01-04 14:00:00
5996905.217901582,0.0,202.0,,1.1,,0.01425,,,2027-01-04 14:05:00
5996906.218047141,0.0,201.0,,1.1,,0.013419,,,2027-01-04 14:10:00
5996907.2181927,0.0,197.0,200.0,1.1,,0.03392,,13.0,2027-01-04 14:15:00
5996908.2183382595,0.0,198.0,,1.1,,0.047289,,,2027-01-04 14:20:00
5996909.218483819,0.0,199.0,,1.1,,0.048555,,,2027-01-04 14:25:00
5996910.218629378,0.0,201.0,,1.1,,0.025023,,,2027-01-04 14:30:00
5996911.218774937,0.0,206.0,,1.1,,0.03734,,,2027-01-04 14:35:00
5996912.218920497,0.0,209.0,,1.1,,0.044628,,,2027-01-04 14:40:00
5996913.219066056,0.0,210.0,,1.1,,0.035597,,,2027-01-04 14:45:00
5996914.219211616,0.0,209.0,,1.1,,0.019265,,,2027-01-04 14:50:00
5996915.219357175,0.0,208.0,,1.1,,0.057082,,,2027-01-04 14:55:00
5996916.219502734,0.0,208.0,,1.1,,0.054337,,,2027-01-04 15:00:00
5996917.219648293,0.0,205.0,,1.1,,0.071708,,,2027-01-04 15:05:00
5996918.219793852,0.0,202.0,,1.1,,0.072372,,,2027-01-04 15:10:00
5996919.219939413,0.0,198.0,,1.1,,0.043499,,,2027-01-04 15:15:00
5996920.220084972,0.0,193.0,,1.1,,0.067682,,,2027-01-04 15:20:00
5996921.220230531,0.0,188.0,,1.1,,0.070119,,,2027-01-04 15:25:00
5996922.22037609,0.0,182.0,,1.1,,0.051664,,,2027-01-04 15:30:00
5996923.220521649,0.0,176.0,,1.1,,0.070268,,,2027-01-04 15:35:00
5996924.220667209,0.0,171.0,,1.1,,0.02845,,,2027-01-04 15:40:00
5996925.220812768,0.0,166.0,,1.1,,0.052878,,,2027-01-04 15:45:00
5996926.220958328,0.0,161.0,,1.1,,0.058548,,,2027-01-04 15:50:00
5996927.221103887,0.0,156.0,,1.1,,0.059745,,,2027-01-04 15:55:00
5996928.221249446,0.0,151.0,,1.1,,0.051707,,,2027-01-04 16:00:00
5996929.2213950055,0.0,148.0,,1.1,,0.057955,,,2027-01-04 16:05:00
5996930.221540565,0.0,145.0,,1.1,,0.052829,,,2027-01-04 16:10:00
5996931.221686124,0.0,142.0,,1.1,,0.076074,,,2027-01-04 16:15:00
5996932.221831683,0.0,140.0,,1.1,,0.033985,,,2027-01-04 16:20:00
5996933.221977243,0.0,140.0,,1.1,,0.106337,,,2027-01-04 16:25:00
5996934.222122802,0.0,139.0,,1.1,,0.064274,,,2027-01-04 16:30:00
5996935.222268362,0.0,139.0,,1.1,,0.054936,,,2027-01-04 16:35:00
5996936.222413921,0.0,140.0,,1.1,,0.03853,,,2027-01-04 16:40:00
5996937.22255948,0.0,143.0,,1.1,,0.040668,,,2027-01-04 16:45:00
5996938.222705039,0.0,143.0,,1.1,,0.04366,,,2027-01-04 16:50:00
5996939.222850598,0.0,144.0,,1.1,,0.046509,,,2027-01-04 16:55:00
5996940.2229961585,0.0,145.0,,1.1,,0.044825,,,2027-01-04 17:00:00
5996941.223141718,0.0,144.0,,1.1,,0.047471,,,2027-01-04 17:05:00
5996942.223287277,0.0,142.0,,1.1,,0.013624,,,2027-01-04 17:10:00
5996943.223432836,0.0,141.0,,1.1,,0.008749,,,2027-01-04 17:15:00
5996944.223578395,0.0,141.0,,1.1,,0.008898,,,2027-01-04 17:20:00
5996945.2237239545,0.0,142.0,,1.1,,0.011719,,,2027-01-04 17:25:00
5996946.223869514,0.0,143.0,,1.1,,0.012124,,,2027-01-04 17:30:00
5996947.224015074,0.0,145.0,,1.1,,0.018245,,,2027-01-04 17:35:00
5996948.224160633,0.0,148.0,,1.1,,0.016867,,,2027-01-04 17:40:00
5996949.224306192,0.0,151.0,,1.1,,0.011419,,,2027-01-04 17:45:00
5996950.224451751,0.0,153.0,,1.1,,0.021405,,,2027-01-04 17:50:00
5996951.224597311,0.0,156.0,,1.1,,0.013848,,,2027-01-04 17:55:00
5996952.22474287,0.0,159.0,,1.2,,0.029305,,,2027-01-04 18:00:00
5996953.224888429,0.0,161.0,,1.2,,0.0165,,,2027-01-04 18:05:00
5996954.225033989,0.0,168.0,,1.2,,0.017343,,,2027-01-04 18:10:00
5996955.225179548,0.0,171.0,,1.2,,0.023204,,,2027-01-04 18:15:00
5996956.225325108,0.0,173.0,,1.2,,0.036787,,,2027-01-04 18:20:00
5996957.225470667,0.0,176.0,,1.2,,0.044039,,,2027-01-04 18:25:00
5996958.225616226,0.0,177.0,,1.2,,0.052671,,,2027-01-04 18:30:00
5996959.225761785,0.0,177.0,,1.2,,0.068617,,,2027-01-04 18:35:00
5996960.225907344,0.0,176.0,,1.2,,0.06585,,,2027-01-04 18:40:00
5996961.2260529045,0.0,175.0,,1.2,,0.06316,,,2027-01-04 18:45:00
5996962.226198464,0.0,177.0,,1.2,,0.077044,,,2027-01-04 18:50:00
5996963.226344023,0.0,177.0,,1.2,,0.078443,,,2027-01-04 18:55:00
5996964.226489582,0.0,176.0,,1.2,,0.088986,,,2027-01-04 19:00:00
5996965.226635141,0.0,175.0,,1.2,,0.052094,,,2027-01-04 19:05:00
5996966.2267807005,0.0,173.0,,1.2,,0.06726,,,2027-01-04 19:10:00
5996967.22692626,0.0,169.0,,1.2,,0.127215,,,2027-01-04 19:15:00
5996968.22707182,0.0,165.0,,1.2,,0.201175,,,2027-01-04 19:20:00
5996969.227217379,0.0,162.0,,1.2,,6.664185,,,2027-01-04 19:25:00
5996970.227362938,0.0,158.0,,1.2,,5.471576,,,2027-01-04 19:30:00
5996971.227508497,0.0,157.0,,1.2,,3.631005,,,2027-01-04 19:35:00
5996972.227654057,0.0,151.0,,1.2,,0.669007,,,2027-01-04 19:40:00
5996973.227799616,0.0,150.0,,1.2,,0.889802,,,2027-01-04 19:45:00
5996974.227945175,0.0,147.0,,1.2,,0.321188,,,2027-01-04 19:50:00
5996975.228090735,0.0,145.0,,1.2,,0.1754,,,2027-01-04 19:55:00
5996976.228236294,0.0,143.0,,1.2,,0.11586,,,2027-01-04 20:00:00
5996977.228381854,0.0,140.0,,1.2,,0.061365,,,2027-01-04 20:05:00
5996978.228527413,0.0,137.0,,1.2,,0.061038,,,2027-01-04 20:10:00
5996979.228672972,0.0,135.0,,1.2,,0.046574,,,2027-01-04 20:15:00
5996980.228818531,0.0,134.0,,1.2,,0.085352,,,2027-01-04 20:20:00
5996981.22896409,0.0,133.0,,1.2,,0.231539,,,2027-01-04 20:25:00
5996982.2291096505,0.0,133.0,,1.2,,0.08324,,,2027-01-04 20:30:00
5996983.22925521,0.0,133.0,,1.2,,0.050765,,,2027-01-04 20:35:00
5996984.229400769,0.0,135.0,,1.2,,0.056596,,,2027-01-04 20:40:00
5996985.229546328,0.0,139.0,,1.2,,0.059737,,,2027-01-04 20:45:00
5996986.229691887,0.0,141.0,,1.2,,0.04561,,,2027-01-04 20:50:00
5996987.2298374465,0.0,148.0,,1.2,,0.019414,,,2027-01-04 20:55:00
5996988.229983006,0.0,155.0,,1.2,,0.644374,,,2027-01-04 21:00:00
5996989.230128566,0.0,158.0,,1.2,,0.093159,,,2027-01-04 21:05:00
5996990.230274125,0.0,163.0,,1.2,,0.0,,,2027-01-04 21:10:00
5996991.230419684,0.0,169.0,,1.2,,,,,2027-01-04 21:15:00
5996992.230565243,0.0,172.0,,1.2,,,,,2027-01-04 21:20:00
5996993.230710803,0.0,176.0,,1.2,,,,,2027-01-04 21:25:00
5996994.230856362,0.0,175.0,,1.2,,,,,2027-01-04 21:30:00
5996995.231001921,0.0,173.0,,1.2,,,,,2027-01-04 21:35:00
5996996.231147481,0.0,176.0,,1.2,,,,,2027-01-04 21:40:00
5996997.23129304,0.0,181.0,188.0,1.2,,,,11.7,2027-01-04 21:45:00
5996998.2314385995,0.0,182.0,,1.2,,,,,2027-01-04 21:50:00
5996999.231584159,0.0,183.0,,0.0,,,,,2027-01-04 21:55:00
5997000.231729718,0.0,182.0,,0.0,,,,,2027-01-04 22:00:00
5997001.231875277,0.0,181.0,,0.0,,,,,2027-01-04 22:05:00
5997002.232020836,0.0,176.0,,0.0,,,,,2027-01-04 22:10:00
5997003.232166396,0.0,183.0,,0.0,,,,,2027-01-04 22:15:00
5997004.232311956,0.0,188.0,,0.0,,,,,2027-01-04 22:20:00
5997005.232457515,0.0,184.0,,0.0,,0.011376,,,2027-01-04 22:25:00
5997006.232603074,0.0,179.0,,0.0,,0.009731,,,2027-01-04 22:30:00
5997007.232748633,0.0,174.0,,0.0,,0.012135,,,2027-01-04 22:35:00
5997008.232894192,0.0,175.0,,0.0,,0.02417,,,2027-01-04 22:40:00
5997009.233039752,0.0,175.0,,0.0,,0.01613,,,2027-01-04 22:45:00
5997010.233185312,0.0,170.0,191.0,1.2,,0.01389,,5.3,2027-01-04 22:50:00
5997011.233330871,0.0,165.0,,1.2,,0.0,,,2027-01-04 22:55:00
5997012.23347643,1.0,,,1.2,,0.020948,,,2027-01-04 23:00:00
5997013.233621989,0.0,188.0,191.0,1.2,,0.027731,,,2027-01-04 23:05:00
5997014.233767549,0.0,199.0,,1.2,,0.030531,,,2027-01-04 23:10:00
5997015.233913108,0.0,207.0,,1.2,,0.033961,,,2027-01-04 23:15:00
5997016.234058667,0.0,212.0,,1.2,,0.04024,,,2027-01-04 23:20:00
5997017.234204227,0.0,219.0,,1.2,,0.044282,,,2027-01-04 23:25:00
5997018.234349786,0.0,222.0,,1.2,,0.046815,,,2027-01-04 23:30:00
5997019.2344953455,0.0,222.0,,1.2,,0.04825,,,2027-01-04 23:35:00
5997020.234640905,0.0,219.0,,1.2,,0.051182,,,2027-01-04 23:40:00
5997021.234786464,0.0,215.0,,1.2,,0.05229,,,2027-01-04 23:45:00
5997022.234932023,0.0,210.0,,1.2,,0.033065,,,2027-01-04 23:50:00
5997023.235077582,0.0,205.0,,1.2,,0.037701,,,2027-01-04 23:55:00
5997024.235223142,0.0,200.0,,0.85,,0.069209,,,2027-01-05 00:00:00
5997025.235368702,0.0,195.0,,0.85,,0.072331,,,2027-01-05 00:05:00
5997026.235514261,0.0,190.0,,0.85,,0.07691,,,2027-01-05 00:10:00
5997027.23565982,0.0,185.0,,0.85,,0.082488,,,2027-01-05 00:15:00
5997028.235805379,0.0,181.0,,0.85,,0.0821,,,2027-01-05 00:20:00
5997029.235950938,0.0,176.0,,0.85,,0.073175,,,2027-01-05 00:25:00
5997030.236096498,0.0,172.0,,0.85,,0.050575,,,2027-01-05 00:30:00
5997031.236242058,0.0,169.0,,0.85,,0.051235,,,2027-01-05 00:35:00
5997032.236387617,0.0,165.0,,0.85,,0.052415,,,2027-01-05 00:40:00
5997033.236533176,0.0,160.0,,0.85,,0.014291,,,2027-01-05 00:45:00
5997034.236678735,0.0,157.0,,0.85,,0.0,,,2027-01-05 00:50:00
5997035.236824295,0.0,153.0,,0.85,,,,,2027-01-05 00:55:00
5997036.236969854,0.0,149.0,,0.85,,,,,2027-01-05 01:00:00
5997037.237115413,0.0,146.0,,0.85,,,,,2027-01-05 01:05:00
5997038.237260973,0.0,145.0,,0.85,,,,,2027-01-05 01:10:00
5997039.237406532,0.0,141.0,,0.85,,,,,2027-01-05 01:15:00
5997040.2375520915,0.0,138.0,,0.85,,,,,2027-01-05 01:20:00
5997041.237697651,0.0,134.0,,0.85,,,,,2027-01-05 01:25:00
5997042.23784321,0.0,130.0,,0.85,,0.008891,,,2027-01-05 01:30:00
5997043.237988769,0.0,126.0,,0.85,,0.0,,,2027-01-05 01:35:00
5997044.238134328,0.0,120.0,,0.85,,0.036324,,,2027-01-05 01:40:00
5997045.238279888,0.0,118.0,,0.85,,0.036599,,,2027-01-05 01:45:00
5997046.238425448,0.0,118.0,,0.85,,0.024015,,,2027-01-05 01:50:00
5997047.238571007,0.0,117.0,,0.85,,0.010733,,,2027-01-05 01:55:00
5997048.238716566,0.0,115.0,,0.85,,0.018305,,,2027-01-05 02:00:00
5997049.238862125,0.0,112.0,,0.85,,0.024718,,,2027-01-05 02:05:00
5997050.239007684,0.0,109.0,,0.85,,0.027639,,,2027-01-05 02:10:00
5997051.239153244,0.0,106.0,,0.85,,0.027966,,,2027-01-05 02:15:00
5997052.239298804,0.0,105.0,,0.85,,0.018481,,,2027-01-05 02:20:00
5997053.239444363,0.0,103.0,,0.85,,0.019756,,,2027-01-05 02:25:00
5997054.239589922,0.0,102.0,,0.85,,0.020227,,,2027-01-05 02:30:00
5997055.239735481,0.0,101.0,,0.85,,0.011249,,,2027-01-05 02:35:00
5997056.2398810405,0.0,100.0,,0.85,,0.0,,,2027-01-05 02:40:00
5997057.2400266,0.0,99.0,,0.85,,0.041106,,,2027-01-05 02:45:00
5997058.240172159,0.0,100.0,,0.85,,0.048247,,,2027-01-05 02:50:00
5997059.240317719,0.0,101.0,,0.85,,0.054438,,,2027-01-05 02:55:00
5997060.240463278,0.0,103.0,,1.75,,0.055777,,,2027-01-05 03:00:00
5997061.240608837,0.0,104.0,,1.75,,0.058624,,,2027-01-05 03:05:00
5997062.240754397,0.0,106.0,,1.75,,0.063493,,,2027-01-05 03:10:00
5997063.240899956,0.0,111.0,,1.75,,0.155156,,,2027-01-05 03:15:00
5997064.241045515,0.0,114.0,,1.75,,0.086937,,,2027-01-05 03:20:00
5997065.241191074,0.0,117.0,,1.75,,0.07978,,,2027-01-05 03:25:00
5997066.241336634,0.0,120.0,,1.75,,0.096925,,,2027-01-05 03:30:00
5997067.241482194,0.0,123.0,,1.75,,0.070573,,,2027-01-05 03:35:00
5997068.241627753,0.0,126.0,,1.75,,0.074901,,,2027-01-05 03:40:00
5997069.241773312,0.0,128.0,,1.75,,0.074531,,,2027-01-05 03:45:00
5997070.241918871,0.0,130.0,,1.75,,0.079028,,,2027-01-05 03:50:00
5997071.24206443,0.0,133.0,,1.75,,0.066828,,,2027-01-05 03:55:00
5997072.24220999,0.0,137.0,,1.75,,0.061707,,,2027-01-05 04:00:00
5997073.24235555,0.0,138.0,,1.75,,0.061822,,,2027-01-05 04:05:00
5997074.242501109,0.0,138.0,,1.75,,0.096701,,,2027-01-05 04:10:00
5997075.242646668,0.0,138.0,,1.75,,0.099245,,,2027-01-05 04:15:00
5997076.242792227,0.0,138.0,,1.75,,0.249911,,,2027-01-05 04:20:00
5997077.2429377865,0.0,138.0,,1.75,,0.41234,,,2027-01-05 04:25:00
5997078.243083346,0.0,140.0,,1.75,,0.722227,,,2027-01-05 04:30:00
5997079.243228905,0.0,141.0,,1.75,,0.727118,,,2027-01-05 04:35:00
5997080.243374465,0.0,143.0,,1.75,,0.431875,,,2027-01-05 04:40:00
5997081.243520024,0.0,145.0,,1.75,,0.364607,,,2027-01-05 04:45:00
5997082.243665583,0.0,147.0,,1.75,,0.507594,,,2027-01-05 04:50:00
5997083.243811143,0.0,149.0,,1.75,,0.377011,,,2027-01-05 04:55:00
5997084.243956702,0.0,150.0,,1.75,,0.339716,,,2027-01-05 05:00:00
5997085.244102261,0.0,152.0,,1.75,,0.330497,,,2027-01-05 05:05:00
5997086.24424782,0.0,154.0,,1.75,,0.315362,,,2027-01-05 05:10:00
5997087.24439338,0.0,155.0,,1.75,,0.316909,,,2027-01-05 05:15:00
5997088.24453894,0.0,157.0,,1.75,,0.316175,,,2027-01-05 05:20:00
5997089.244684499,0.0,160.0,,1.75,,0.305886,,,2027-01-05 05:25:00
5997090.244830058,0.0,162.0,,1.75,,0.280287,,,2027-01-05 05:30:00
5997091.244975617,0.0,163.0,,1.75,,0.270621,,,2027-01-05 05:35:00
5997092.245121176,0.0,164.0,,1.75,,0.294591,,,2027-01-05 05:40:00
5997093.245266736,0.0,165.0,,1.75,,0.249356,,,2027-01-05 05:45:00
5997094.245412296,0.0,166.0,,1.75,,0.247513,,,2027-01-05 05:50:00
5997095.245557855,0.0,168.0,,1.75,,0.24461,,,2027-01-05 05:55:00
5997096.245703414,0.0,168.0,,1.75,,0.232619,,,2027-01-05 06:00:00
5997097.245848973,0.0,167.0,,1.75,,0.239868,,,2027-01-05 06:05:00
5997098.2459945325,0.0,167.0,,1.75,,0.244649,,,2027-01-05 06:10:00
5997099.246140092,0.0,166.0,,1.75,,0.235869,,,2027-01-05 06:15:00
5997100.246285651,0.0,166.0,,1.75,,0.232268,,,2027-01-05 06:20:00
5997101.246431211,0.0,165.0,,1.75,,0.235734,,,2027-01-05 06:25:00
5997102.24657677,0.0,164.0,,1.75,,0.213976,,,2027-01-05 06:30:00
5997103.246722329,0.0,164.0,,1.75,,0.237793,,,2027-01-05 06:35:00
5997104.246867889,0.0,164.0,,1.75,,0.248834,,,2027-01-05 06:40:00
5997105.247013448,0.0,164.0,,1.75,,0.198617,,,2027-01-05 06:45:00
5997106.247159007,0.0,165.0,,1.75,,0.076199,,,2027-01-05 06:50:00
5997107.247304566,0.0,169.0,,1.75,,0.024648,,,2027-01-05 06:55:00
5997108.247450126,0.0,170.0,,1.75,,0.029305,,,2027-01-05 07:00:00
5997109.2475956855,0.0,170.0,170.0,1.75,,0.014912,,5.0,2027-01-05 07:05:00
5997110.247741245,0.0,169.0,,1.75,,0.009791,,,2027-01-05 07:10:00
5997111.247886804,0.0,170.0,,1.75,,0.008488,,,2027-01-05 07:15:00
5997112.248032363,0.0,173.0,,1.75,,0.033228,,,2027-01-05 07:20:00
5997113.248177922,0.0,175.0,,1.75,,0.008714,,,2027-01-05 07:25:00
5997114.2483234815,0.0,175.0,,1.75,,0.008416,,,2027-01-05 07:30:00
5997115.248469042,0.0,176.0,,1.75,,0.0,,,2027-01-05 07:35:00
5997116.248614601,0.0,183.0,,1.75,,0.007086,,,2027-01-05 07:40:00
5997117.24876016,0.0,184.0,184.0,1.75,,0.0,,6.3,2027-01-05 07:45:00
5997118.248905719,0.0,177.0,,1.75,,,,,2027-01-05 07:50:00
5997119.249051278,0.0,172.0,,1.75,,,,,2027-01-05 07:55:00
5997120.249196838,0.0,175.0,,1.35,,,,,2027-01-05 08:00:00
5997121.249342397,0.0,181.0,,1.35,,0.020223,,,2027-01-05 08:05:00
5997122.249487957,0.0,175.0,,1.35,,0.028009,,,2027-01-05 08:10:00
5997123.249633516,0.0,171.0,,1.35,,0.009298,,,2027-01-05 08:15:00
5997124.249779075,0.0,169.0,,1.35,,0.010445,,,2027-01-05 08:20:00
5997125.249924635,0.0,171.0,,1.35,,0.012826,,,2027-01-05 08:25:00
5997126.250070194,0.0,173.0,,1.35,,0.0,,,2027-01-05 08:30:00
5997127.250215753,0.0,168.0,,1.35,,,,,2027-01-05 08:35:00
5997128.250361312,0.0,160.0,161.0,1.35,,,,14.3,2027-01-05 08:40:00
5997129.250506872,0.0,153.0,,1.35,,,,,2027-01-05 08:45:00
5997130.2506524315,0.0,146.0,,1.35,,,,,2027-01-05 08:50:00
5997131.250797991,0.0,139.0,,1.35,,,,,2027-01-05 08:55:00
5997132.25094355,0.0,139.0,,1.35,,,,,2027-01-05 09:00:00
5997133.251089109,0.0,139.0,,1.35,,,,,2027-01-05 09:05:00
5997134.251234668,0.0,142.0,,1.35,,,,,2027-01-05 09:10:00
5997135.2513802275,0.0,144.0,,1.35,,,,,2027-01-05 09:15:00
5997136.251525788,0.0,145.0,,1.35,,,,,2027-01-05 09:20:00
5997137.251671347,0.0,145.0,,1.35,,,,,2027-01-05 09:25:00
5997138.251816906,0.0,151.0,,1.35,,,,,2027-01-05 09:30:00
5997139.251962465,0.0,155.0,,1.35,,,,,2027-01-05 09:35:00
5997140.252108024,0.0,159.0,,1.35,,,,,2027-01-05 09:40:00
5997141.252253584,0.0,162.0,,1.35,,,,,2027-01-05 09:45:00
5997142.252399143,0.0,165.0,,1.35,,,,,2027-01-05 09:50:00
5997143.252544703,0.0,167.0,,1.35,,,,,2027-01-05 09:55:00
5997144.252690262,0.0,168.0,,1.15,,,,,2027-01-05 10:00:00
5997145.252835821,0.0,167.0,,1.15,,,,,2027-01-05 10:05:00
5997146.252981381,0.0,164.0,,1.15,,,,,2027-01-05 10:10:00
5997147.25312694,0.0,161.0,,1.15,,,,,2027-01-05 10:15:00
5997148.253272499,0.0,158.0,,1.15,,,,,2027-01-05 10:20:00
5997149.253418058,0.0,152.0,,1.15,,,,,2027-01-05 10:25:00
5997150.253563618,0.0,142.0,,1.15,,,,,2027-01-05 10:30:00
5997151.2537091775,0.0,134.0,,1.15,,,,,2027-01-05 10:35:00
5997152.253854737,0.0,125.0,,1.15,,,,,2027-01-05 10:40:00
5997153.254000296,0.0,122.0,,1.15,,,,,2027-01-05 10:45:00
5997154.254145855,0.0,117.0,,1.15,,,,,2027-01-05 10:50:00
5997155.254291414,1.0,,,1.15,,,,,2027-01-05 10:55:00
5997156.2544369735,1.0,,,1.15,,,,,2027-01-05 11:00:00
5997157.254582534,1.0,,,1.15,,,,,2027-01-05 11:05:00
5997158.254728093,1.0,,,1.15,,,,,2027-01-05 11:10:00
5997159.254873652,1.0,,,1.15,,,,,2027-01-05 11:15:00
5997160.255019211,1.0,,,1.15,,,,,2027-01-05 11:20:00
5997161.25516477,1.0,,,1.15,,,,,2027-01-05 11:25:00
5997162.25531033,1.0,,65.0,1.15,,,,,2027-01-05 11:30:00
5997163.255455889,1.0,,,1.15,,,,,2027-01-05 11:35:00
5997164.255601449,1.0,,,1.15,,,,,2027-01-05 11:40:00
5997165.255747008,0.0,66.0,65.0,1.15,,,,,2027-01-05 11:45:00
5997166.255892567,0.0,66.0,,1.15,,,,,2027-01-05 11:50:00
5997167.256038127,0.0,67.0,,1.15,,,,,2027-01-05 11:55:00
5997168.256183686,0.0,69.0,,1.15,,,,,2027-01-05 12:00:00
5997169.256329245,0.0,71.0,,1.15,,,,,2027-01-05 12:05:00
5997170.256474804,0.0,72.0,,1.15,,,,,2027-01-05 12:10:00
5997171.256620364,0.0,73.0,,1.15,,,,,2027-01-05 12:15:00
5997172.256765923,0.0,74.0,,1.15,,,,,2027-01-05 12:20:00
5997173.256911483,0.0,75.0,,1.15,,,,,2027-01-05 12:25:00
5997174.257057042,0.0,75.0,,1.1,,,,,2027-01-05 12:30:00
5997175.257202601,0.0,75.0,,1.1,,,,,2027-01-05 12:35:00
5997176.25734816,0.0,76.0,76.0,1.1,,,,14.9,2027-01-05 12:40:00
5997177.257493719,0.0,77.0,,1.1,,,,,2027-01-05 12:45:00
5997178.25763928,0.0,78.0,,1.1,,,,,2027-01-05 12:50:00
5997179.257784839,0.0,81.0,,1.1,,,,,2027-01-05 12:55:00
5997180.257930398,0.0,84.0,,1.1,,,,,2027-01-05 13:00:00
5997181.258075957,0.0,89.0,,1.1,,,,,2027-01-05 13:05:00
5997182.258221516,0.0,92.0,,1.1,,,,,2027-01-05 13:10:00
5997183.258367076,0.0,94.0,,1.1,,,,,2027-01-05 13:15:00
5997184.258512635,0.0,96.0,,1.1,,,,,2027-01-05 13:20:00
5997185.258658195,0.0,99.0,,1.1,,,,,2027-01-05 13:25:00
5997186.258803754,0.0,102.0,,1.1,,,,,2027-01-05 13:30:00
5997187.258949313,0.0,103.0,,1.1,,,,,2027-01-05 13:35:00
5997188.2590948725,0.0,103.0,,1.1,,,,,2027-01-05 13:40:00
5997189.259240432,0.0,104.0,,1.1,,,,,2027-01-05 13:45:00
5997190.259385991,0.0,103.0,,1.1,,,,,2027-01-05 13:50:00
5997191.25953155,0.0,102.0,,1.1,,,,,2027-01-05 13:55:00
5997192.25967711,0.0,102.0,,1.1,,,,,2027-01-05 14:00:00
5997193.259822669,0.0,103.0,,1.1,,,,,2027-01-05 14:05:00
5997194.259968229,0.0,103.0,,1.1,,,,,2027-01-05 14:10:00
5997195.260113788,0.0,103.0,,1.1,,,,,2027-01-05 14:15:00
5997196.260259347,0.0,103.0,,1.1,,,,,2027-01-05 14:20:00
5997197.260404906,0.0,107.0,,1.1,,,,,2027-01-05 14:25:00
5997198.260550465,0.0,110.0,,1.1,,,,,2027-01-05 14:30:00
5997199.260696026,0.0,112.0,,1.1,,,,,2027-01-05 14:35:00
5997200.260841585,0.0,115.0,,1.1,,,,,2027-01-05 14:40:00
5997201.260987144,0.0,118.0,,1.1,,,,,2027-01-05 14:45:00
5997202.261132703,0.0,121.0,,1.1,,,,,2027-01-05 14:50:00
5997203.261278262,0.0,126.0,,1.1,,,,,2027-01-05 14:55:00
5997204.261423822,0.0,131.0,,1.1,,,,,2027-01-05 15:00:00
5997205.261569381,0.0,135.0,,1.1,,,,,2027-01-05 15:05:00
5997206.261714941,0.0,137.0,,1.1,,,,,2027-01-05 15:10:00
5997207.2618605,0.0,139.0,,1.1,,,,,2027-01-05 15:15:00
5997208.262006059,0.0,140.0,,1.1,,,,,2027-01-05 15:20:00
5997209.2621516185,0.0,140.0,,1.1,,,,,2027-01-05 15:25:00
5997210.262297178,0.0,138.0,,1.1,,,,,2027-01-05 15:30:00
5997211.262442737,0.0,136.0,,1.1,,,,,2027-01-05 15:35:00
5997212.262588296,0.0,139.0,,1.1,,,,,2027-01-05 15:40:00
5997213.262733856,0.0,142.0,,1.1,,,,,2027-01-05 15:45:00
5997214.262879415,0.0,139.0,,1.1,,,,,2027-01-05 15:50:00
5997215.263024975,0.0,136.0,,1.1,,,,,2027-01-05 15:55:00
5997216.263170534,0.0,132.0,,1.1,,,,,2027-01-05 16:00:00
5997217.263316093,0.0,128.0,,1.1,,,,,2027-01-05 16:05:00
5997218.263461652,0.0,127.0,,1.1,,,,,2027-01-05 16:10:00
5997219.263607211,0.0,127.0,,1.1,,,,,2027-01-05 16:15:00
5997220.263752772,0.0,126.0,,1.1,,,,,2027-01-05 16:20:00
5997221.263898331,0.0,127.0,,1.1,,,,,2027-01-05 16:25:00
5997222.26404389,0.0,127.0,,1.1,,,,,2027-01-05 16:30:00
5997223.264189449,0.0,127.0,,1.1,,,,,2027-01-05 16:35:00
5997224.264335008,0.0,128.0,,1.1,,,,,2027-01-05 16:40:00
5997225.264480568,0.0,128.0,,1.1,,,,,2027-01-05 16:45:00
5997226.264626127,0.0,129.0,,1.1,,,,,2027-01-05 16:50:00
5997227.264771687,0.0,130.0,,1.1,,,,,2027-01-05 16:55:00
5997228.264917246,0.0,128.0,,1.1,,,,,2027-01-05 17:00:00
5997229.265062805,0.0,129.0,,1.1,,,,,2027-01-05 17:05:00
5997230.265208364,0.0,130.0,,1.1,,,,,2027-01-05 17:10:00
5997231.265353924,0.0,132.0,,1.1,,,,,2027-01-05 17:15:00
5997232.265499483,0.0,135.0,,1.1,,,,,2027-01-05 17:20:00
5997233.265645042,0.0,138.0,,1.1,,,,,2027-01-05 17:25:00
5997234.265790602,0.0,142.0,,1.1,,,,,2027-01-05 17:30:00
5997235.265936161,0.0,145.0,,1.1,,,,,2027-01-05 17:35:00
5997236.266081721,0.0,149.0,,1.1,,,,,2027-01-05 17:40:00
5997237.26622728,0.0,151.0,,1.1,,,,,2027-01-05 17:45:00
5997238.266372839,0.0,153.0,,1.1,,,,,2027-01-05 17:50:00
5997239.266518398,0.0,152.0,,1.1,,,,,2027-01-05 17:55:00
5997240.266663957,0.0,150.0,,1.2,,,,,2027-01-05 18:00:00
5997241.2668095175,0.0,149.0,,1.2,,,,,2027-01-05 18:05:00
5997242.266955077,0.0,149.0,,1.2,,,,,2027-01-05 18:10:00
5997243.267100636,0.0,154.0,,1.2,,,,,2027-01-05 18:15:00
5997244.267246195,0.0,157.0,,1.2,,,,,2027-01-05 18:20:00
5997245.267391754,0.0,158.0,,1.2,,,,,2027-01-05 18:25:00
5997246.2675373135,0.0,159.0,,1.2,,,,,2027-01-05 18:30:00
5997247.267682873,0.0,159.0,,1.2,,,,,2027-01-05 18:35:00
5997248.267828433,0.0,162.0,,1.2,,,,,2027-01-05 18:40:00
5997249.267973992,0.0,168.0,,1.2,,,,,2027-01-05 18:45:00
5997250.268119551,0.0,174.0,,1.2,,,,,2027-01-05 18:50:00
5997251.26826511,0.0,178.0,,1.2,,,,,2027-01-05 18:55:00
5997252.26841067,0.0,179.0,,1.2,,,,,2027-01-05 19:00:00
5997253.268556229,0.0,180.0,183.0,1.2,,,,6.3,2027-01-05 19:05:00
5997254.268701788,0.0,180.0,,1.2,,,,,2027-01-05 19:10:00
5997255.268847348,0.0,182.0,,1.2,,,,,2027-01-05 19:15:00
5997256.268992907,0.0,183.0,,1.2,,,,,2027-01-05 19:20:00
5997257.269138467,0.0,185.0,,1.2,,,,,2027-01-05 19:25:00
5997258.269284026,0.0,184.0,,1.2,,,,,2027-01-05 19:30:00
5997259.269429585,0.0,183.0,,1.2,,,,,2027-01-05 19:35:00
5997260.269575144,0.0,180.0,,1.2,,,,,2027-01-05 19:40:00
5997261.269720703,0.0,177.0,,1.2,,,,,2027-01-05 19:45:00
5997262.2698662635,0.0,175.0,,1.2,,,,,2027-01-05 19:50:00
5997263.270011823,0.0,173.0,,1.2,,,,,2027-01-05 19:55:00
5997264.270157382,0.0,172.0,,1.2,,,,,2027-01-05 20:00:00
5997265.270302941,0.0,171.0,,1.2,,,,,2027-01-05 20:05:00
5997266.2704485,0.0,170.0,,1.2,,,,,2027-01-05 20:10:00
5997267.2705940595,0.0,169.0,,1.2,,,,,2027-01-05 20:15:00
5997268.270739619,0.0,167.0,,1.2,,,,,2027-01-05 20:20:00
5997269.270885179,0.0,165.0,,1.2,,,,,2027-01-05 20:25:00
5997270.271030738,0.0,164.0,,1.2,,,,,2027-01-05 20:30:00
5997271.271176297,0.0,165.0,,1.2,,,,,2027-01-05 20:35:00
5997272.271321856,0.0,166.0,,1.2,,,,,2027-01-05 20:40:00
5997273.271467416,0.0,166.0,,1.2,,,,,2027-01-05 20:45:00
5997274.271612975,0.0,165.0,,1.2,,,,,2027-01-05 20:50:00
5997275.271758534,0.0,165.0,,1.2,,,,,2027-01-05 20:55:00
5997276.271904094,0.0,166.0,,1.2,,,,,2027-01-05 21:00:00
5997277.272049653,0.0,167.0,,1.2,,,,,2027-01-05 21:05:00
5997278.272195213,0.0,170.0,,1.2,,,,,2027-01-05 21:10:00
5997279.272340772,0.0,176.0,,1.2,,,,,2027-01-05 21:15:00
5997280.272486331,0.0,184.0,187.0,1.2,,,,9.1,2027-01-05 21:20:00
5997281.27263189,0.0,189.0,,1.2,,,,,2027-01-05 21:25:00
5997282.272777449,0.0,193.0,,1.2,,,,,2027-01-05 21:30:00
5997283.2729230095,0.0,196.0,,1.2,,,,,2027-01-05 21:35:00
5997284.273068569,0.0,197.0,,1.2,,,,,2027-01-05 21:40:00
5997285.273214128,0.0,196.0,,1.2,,,,,2027-01-05 21:45:00
5997286.273359687,0.0,194.0,,1.2,,,,,2027-01-05 21:50:00
5997287.273505246,0.0,192.0,,1.2,,,,,2027-01-05 21:55:00
5997288.2736508055,0.0,187.0,,1.0,,,,,2027-01-05 22:00:00
5997289.273796365,0.0,181.0,,1.0,,,,,2027-01-05 22:05:00
5997290.273941925,0.0,175.0,,1.0,,,,,2027-01-05 22:10:00
5997291.274087484,0.0,168.0,,1.0,,,,,2027-01-05 22:15:00
5997292.274233043,0.0,162.0,,1.0,,,,,2027-01-05 22:20:00
5997293.274378602,0.0,155.0,,1.0,,,,,2027-01-05 22:25:00
5997294.274524162,0.0,150.0,,1.0,,,,,2027-01-05 22:30:00
5997295.274669721,0.0,144.0,144.0,1.0,,,,4.8,2027-01-05 22:35:00
5997296.27481528,0.0,139.0,,1.0,,,,,2027-01-05 22:40:00
5997297.27496084,0.0,133.0,,1.0,,,,,2027-01-05 22:45:00
5997298.275106399,0.0,139.0,144.0,1.0,,,,,2027-01-05 22:50:00
5997299.2752519585,0.0,139.0,,1.0,,,,,2027-01-05 22:55:00
5997300.275397518,0.0,139.0,,1.0,,,,,2027-01-05 23:00:00
5997301.275543077,0.0,138.0,,1.0,,,,,2027-01-05 23:05:00
5997302.275688636,0.0,137.0,,1.0,,,,,2027-01-05 23:10:00
5997303.275834195,0.0,136.0,,1.0,,,,,2027-01-05 23:15:00
5997304.275979755,0.0,134.0,,1.0,,,,,2027-01-05 23:20:00
5997305.276125315,0.0,132.0,,1.0,,,,,2027-01-05 23:25:00
5997306.276270874,0.0,128.0,,1.0,,,,,2027-01-05 23:30:00
5997307.276416433,0.0,125.0,,1.0,,,,,2027-01-05 23:35:00
5997308.276561992,0.0,124.0,,1.0,,,,,2027-01-05 23:40:00
5997309.276707551,0.0,125.0,,1.0,,,,,2027-01-05 23:45:00
5997310.276853111,0.0,127.0,,1.0,,,,,2027-01-05 23:50:00
5997311.276998671,0.0,129.0,,1.0,,,,,2027-01-05 23:55:00
5997312.27714423,0.0,130.0,,0.85,,,,,2027-01-06 00:00:00
5997313.277289789,0.0,128.0,,0.85,,,,,2027-01-06 00:05:00
5997314.277435348,0.0,126.0,,0.85,,,,,2027-01-06 00:10:00
5997315.277580908,0.0,124.0,,0.85,,,,,2027-01-06 00:15:00
5997316.277726467,0.0,121.0,,0.85,,,,,2027-01-06 00:20:00
5997317.277872026,0.0,118.0,,0.85,,,,,2027-01-06 00:25:00
5997318.278017586,0.0,116.0,,0.85,,,,,2027-01-06 00:30:00
5997319.278163145,0.0,114.0,,0.85,,,,,2027-01-06 00:35:00
5997320.2783087045,0.0,112.0,,0.85,,,,,2027-01-06 00:40:00
5997321.278454264,0.0,111.0,,0.85,,,,,2027-01-06 00:45:00
5997322.278599823,0.0,110.0,,0.85,,,,,2027-01-06 00:50:00
5997323.278745382,0.0,110.0,,0.85,,,,,2027-01-06 00:55:00
5997324.278890941,0.0,109.0,,0.85,,,,,2027-01-06 01:00:00
5997325.279036501,0.0,108.0,,0.85,,,,,2027-01-06 01:05:00
5997326.279182061,0.0,107.0,,0.85,,,,,2027-01-06 01:10:00
5997327.27932762,0.0,106.0,,0.85,,,,,2027-01-06 01:15:00
5997328.279473179,0.0,105.0,,0.85,,,,,2027-01-06 01:20:00
5997329.279618738,0.0,104.0,,0.85,,,,,2027-01-06 01:25:00
5997330.279764297,0.0,103.0,,0.85,,,,,2027-01-06 01:30:00
5997331.279909857,0.0,101.0,,0.85,,,,,2027-01-06 01:35:00
5997332.280055417,0.0,100.0,,0.85,,,,,2027-01-06 01:40:00
5997333.280200976,0.0,99.0,,0.85,,,,,2027-01-06 01:45:00
5997334.280346535,0.0,99.0,,0.85,,,,,2027-01-06 01:50:00
5997335.280492094,0.0,98.0,,0.85,,,,,2027-01-06 01:55:00
5997336.280637654,0.0,98.0,,0.85,,,,,2027-01-06 02:00:00
5997337.280783213,0.0,98.0,,0.85,,,,,2027-01-06 02:05:00
5997338.280928772,0.0,98.0,,0.85,,,,,2027-01-06 02:10:00
5997339.281074332,0.0,97.0,,0.85,,,,,2027-01-06 02:15:00
5997340.281219891,0.0,97.0,,0.85,,,,,2027-01-06 02:20:00
5997341.2813654505,0.0,96.0,,0.85,,,,,2027-01-06 02:25:00
5997342.28151101,0.0,96.0,,0.85,,,,,2027-01-06 02:30:00
5997343.281656569,0.0,95.0,,0.85,,,,,2027-01-06 02:35:00
5997344.281802128,0.0,95.0,,0.85,,,,,2027-01-06 02:40:00
5997345.281947687,0.0,95.0,,0.85,,,,,2027-01-06 02:45:00
5997346.282093247,0.0,95.0,,0.85,,,,,2027-01-06 02:50:00
5997347.282238807,0.0,96.0,,0.85,,,,,2027-01-06 02:55:00
5997348.282384366,0.0,97.0,,1.75,,,,,2027-01-06 03:00:00
5997349.282529925,0.0,97.0,,1.75,,,,,2027-01-06 03:05:00
5997350.282675484,0.0,97.0,,1.75,,,,,2027-01-06 03:10:00
5997351.282821043,0.0,97.0,,1.75,,,,,2027-01-06 03:15:00
5997352.282966603,0.0,98.0,,1.75,,,,,2027-01-06 03:20:00
5997353.283112163,0.0,99.0,,1.75,,,,,2027-01-06 03:25:00
5997354.283257722,0.0,101.0,,1.75,,,,,2027-01-06 03:30:00
5997355.283403281,0.0,102.0,,1.75,,,,,2027-01-06 03:35:00
5997356.28354884,0.0,103.0,,1.75,,,,,2027-01-06 03:40:00
5997357.2836943995,0.0,104.0,,1.75,,,,,2027-01-06 03:45:00
5997358.283839959,0.0,105.0,,1.75,,,,,2027-01-06 03:50:00
5997359.283985518,0.0,106.0,,1.75,,,,,2027-01-06 03:55:00
5997360.284131078,0.0,108.0,,1.75,,,,,2027-01-06 04:00:00
5997361.284276637,0.0,108.0,,1.75,,,,,2027-01-06 04:05:00
5997362.284422196,0.0,108.0,,1.75,,,,,2027-01-06 04:10:00
5997363.284567756,0.0,108.0,,1.75,,,,,2027-01-06 04:15:00
5997364.284713315,0.0,108.0,,1.75,,,,,2027-01-06 04:20:00
5997365.284858874,0.0,109.0,,1.75,,,,,2027-01-06 04:25:00
5997366.285004433,0.0,109.0,,1.75,,,,,2027-01-06 04:30:00
5997367.285149993,0.0,109.0,,1.75,,,,,2027-01-06 04:35:00
5997368.285295553,0.0,108.0,,1.75,,,,,2027-01-06 04:40:00
5997369.285441112,0.0,107.0,,1.75,,,,,2027-01-06 04:45:00
5997370.285586671,0.0,106.0,,1.75,,,,,2027-01-06 04:50:00
5997371.28573223,0.0,106.0,,1.75,,,,,2027-01-06 04:55:00
5997372.285877789,0.0,106.0,,1.75,,,,,2027-01-06 05:00:00
5997373.286023349,0.0,105.0,,1.75,,,,,2027-01-06 05:05:00
5997374.286168909,0.0,104.0,,1.75,,,,,2027-01-06 05:10:00
5997375.286314468,0.0,103.0,,1.75,,,,,2027-01-06 05:15:00
5997376.286460027,0.0,102.0,,1.75,,,,,2027-01-06 05:20:00
5997377.286605586,0.0,103.0,,1.75,,,,,2027-01-06 05:25:00
5997378.2867511455,0.0,104.0,,1.75,,,,,2027-01-06 05:30:00
5997379.286896705,0.0,104.0,,1.75,,,,,2027-01-06 05:35:00
5997380.287042264,0.0,103.0,,1.75,,,,,2027-01-06 05:40:00
5997381.287187824,0.0,102.0,,1.75,,,,,2027-01-06 05:45:00
5997382.287333383,0.0,102.0,,1.75,,,,,2027-01-06 05:50:00
5997383.287478942,0.0,101.0,,1.75,,,,,2027-01-06 05:55:00
5997384.287624502,0.0,101.0,,1.75,,,,,2027-01-06 06:00:00
5997385.287770061,0.0,101.0,,1.75,,,,,2027-01-06 06:05:00
5997386.28791562,0.0,101.0,,1.75,,,,,2027-01-06 06:10:00
5997387.288061179,0.0,100.0,,1.75,,,,,2027-01-06 06:15:00
5997388.288206739,0.0,99.0,,1.75,,,,,2027-01-06 06:20:00
5997389.288352299,0.0,98.0,,1.75,,,,,2027-01-06 06:25:00
5997390.288497858,0.0,96.0,,1.75,,,,,2027-01-06 06:30:00
5997391.288643417,0.0,94.0,,1.75,,,,,2027-01-06 06:35:00
5997392.288788976,0.0,93.0,,1.75,,,,,2027-01-06 06:40:00
5997393.288934535,0.0,93.0,,1.75,,,,,2027-01-06 06:45:00
5997394.289080095,0.0,92.0,,1.75,,,,,2027-01-06 06:50:00
5997395.289225655,0.0,92.0,,0.0,,,,,2027-01-06 06:55:00
5997396.289371214,0.0,91.0,,0.0,,0.006462,,,2027-01-06 07:00:00
5997397.289516773,0.0,93.0,,0.0,,0.009927,,,2027-01-06 07:05:00
5997398.289662332,0.0,98.0,,0.0,,0.028159,,,2027-01-06 07:10:00
5997399.2898078915,0.0,102.0,,0.0,,0.034309,,,2027-01-06 07:15:00
5997400.289953451,0.0,104.0,,1.75,,0.044874,,,2027-01-06 07:20:00
5997401.29009901,0.0,108.0,,1.75,,0.03901,,,2027-01-06 07:25:00
5997402.29024457,0.0,113.0,,1.75,,0.040958,,,2027-01-06 07:30:00
5997403.290390129,0.0,117.0,,1.75,,0.053321,,,2027-01-06 07:35:00
5997404.290535688,0.0,119.0,,1.75,,0.046672,,,2027-01-06 07:40:00
5997405.290681248,0.0,119.0,,1.75,,0.047157,,,2027-01-06 07:45:00
5997406.290826807,0.0,117.0,,1.75,,0.049936,,,2027-01-06 07:50:00
5997407.290972366,0.0,121.0,,1.75,,0.045054,,,2027-01-06 07:55:00
5997408.291117925,0.0,122.0,,1.35,,0.041948,,,2027-01-06 08:00:00
5997409.291263485,0.0,121.0,,1.35,,0.045236,,,2027-01-06 08:05:00
5997410.2914090445,0.0,121.0,,1.35,,0.045798,,,2027-01-06 08:10:00
5997411.291554604,0.0,121.0,,1.35,,0.052021,,,2027-01-06 08:15:00
5997412.291700163,0.0,129.0,139.0,1.35,,0.038029,,10.4,2027-01-06 08:20:00
5997413.291845722,0.0,134.0,,1.35,,0.043189,,,2027-01-06 08:25:00
5997414.291991281,0.0,137.0,,1.35,,0.021949,,,2027-01-06 08:30:00
5997415.2921368405,0.0,140.0,,1.35,,0.038784,,,2027-01-06 08:35:00
5997416.292282401,0.0,141.0,,1.35,,0.044525,,,2027-01-06 08:40:00
5997417.29242796,0.0,141.0,,1.35,,0.04266,,,2027-01-06 08:45:00
5997418.292573519,0.0,142.0,,1.35,,0.061937,,,2027-01-06 08:50:00
5997419.292719078,0.0,143.0,,1.35,,0.066317,,,2027-01-06 08:55:00
5997420.292864637,0.0,148.0,,1.35,,0.060499,,,2027-01-06 09:00:00
5997421.293010197,0.0,150.0,,1.35,,0.013432,,,2027-01-06 09:05:00
5997422.293155756,0.0,140.0,,1.35,,0.04529,,,2027-01-06 09:10:00
5997423.293301316,0.0,131.0,,1.35,,0.04672,,,2027-01-06 09:15:00
5997424.293446875,0.0,142.0,,1.35,,0.052918,,,2027-01-06 09:20:00
5997425.293592434,0.0,152.0,,1.35,,0.055569,,,2027-01-06 09:25:00
5997426.293737994,0.0,164.0,,1.35,,0.057617,,,2027-01-06 09:30:00
5997427.293883553,0.0,171.0,,1.35,,0.052887,,,2027-01-06 09:35:00
5997428.294029112,0.0,173.0,,1.35,,0.052113,,,2027-01-06 09:40:00
5997429.294174671,0.0,173.0,,1.35,,0.070977,,,2027-01-06 09:45:00
5997430.294320231,0.0,173.0,,1.35,,0.072014,,,2027-01-06 09:50:00
5997431.2944657905,0.0,175.0,,1.35,,0.067644,,,2027-01-06 09:55:00
5997432.29461135,0.0,179.0,,1.15,,0.061792,,,2027-01-06 10:00:00
5997433.294756909,0.0,183.0,,1.15,,0.056685,,,2027-01-06 10:05:00
5997434.294902468,0.0,185.0,,1.15,,0.058054,,,2027-01-06 10:10:00
5997435.295048027,0.0,189.0,,1.15,,0.031512,,,2027-01-06 10:15:00
5997436.2951935865,0.0,188.0,,1.15,,0.045211,,,2027-01-06 10:20:00
5997437.295339147,0.0,188.0,,1.15,,0.036355,,,2027-01-06 10:25:00
5997438.295484706,0.0,188.0,,1.15,,0.040096,,,2027-01-06 10:30:00
5997439.295630265,0.0,184.0,,1.15,,0.046606,,,2027-01-06 10:35:00
5997440.295775824,1.0,,,1.15,,0.043608,,,2027-01-06 10:40:00
5997441.295921383,1.0,,,1.15,,0.044823,,,2027-01-06 10:45:00
5997442.296066943,1.0,,,1.15,,0.051589,,,2027-01-06 10:50:00
5997443.296212502,1.0,,,1.15,,0.037846,,,2027-01-06 10:55:00
5997444.296358062,1.0,,,1.15,,0.037813,,,2027-01-06 11:00:00
5997445.296503621,1.0,,,1.15,,0.064266,,,2027-01-06 11:05:00
5997446.29664918,1.0,,,1.15,,0.051934,,,2027-01-06 11:10:00
5997447.29679474,1.0,,,1.15,,0.028557,,,2027-01-06 11:15:00
5997448.296940299,1.0,,,1.15,,0.06597,,,2027-01-06 11:20:00
5997449.297085858,1.0,,,1.15,,0.030304,,,2027-01-06 11:25:00
5997450.297231417,1.0,,,1.15,,0.023165,,,2027-01-06 11:30:00
5997451.297376977,1.0,,,1.15,,0.030966,,,2027-01-06 11:35:00
5997452.2975225365,1.0,,,1.15,,0.051718,,,2027-01-06 11:40:00
5997453.297668096,1.0,,,1.15,,0.016977,,,2027-01-06 11:45:00
5997454.297813655,1.0,,,1.15,,0.03967,,,2027-01-06 11:50:00
5997455.297959214,1.0,,,1.15,,0.014804,,,2027-01-06 11:55:00
5997456.298104773,1.0,,,1.15,,0.01562,,,2027-01-06 12:00:00
5997457.2982503325,1.0,,,1.15,,0.030364,,,2027-01-06 12:05:00
5997458.298395893,1.0,,,1.15,,0.030341,,,2027-01-06 12:10:00
5997459.298541452,1.0,,,1.15,,0.035914,,,2027-01-06 12:15:00
5997460.298687011,1.0,,,1.15,,0.034947,,,2027-01-06 12:20:00
5997461.29883257,1.0,,,1.15,,0.02937,,,2027-01-06 12:25:00
5997462.298978129,1.0,,,1.1,,0.026866,,,2027-01-06 12:30:00
5997463.299123689,1.0,,,1.1,,0.036921,,,2027-01-06 12:35:00
5997464.299269248,1.0,,,1.1,,0.042213,,,2027-01-06 12:40:00
5997465.299414808,1.0,,,1.1,,0.063361,,,2027-01-06 12:45:00
5997466.299560367,1.0,,,1.1,,0.026663,,,2027-01-06 12:50:00
5997467.299705926,1.0,,,1.1,,0.098923,,,2027-01-06 12:55:00
5997468.2998514855,1.0,,,1.1,,0.035901,,,2027-01-06 13:00:00
5997469.299997045,1.0,,,1.1,,0.073522,,,2027-01-06 13:05:00
5997470.300142604,1.0,,,1.1,,0.052249,,,2027-01-06 13:10:00
5997471.300288163,1.0,,,1.1,,0.026897,,,2027-01-06 13:15:00
5997472.300433723,1.0,,255.0,1.1,,0.046516,,,2027-01-06 13:20:00
5997473.300579282,1.0,,255.0,1.1,,0.06457,,25.0,2027-01-06 13:25:00
5997474.300724842,1.0,,,1.1,,0.067739,,,2027-01-06 13:30:00
5997475.300870401,0.0,251.0,255.0,1.1,,0.066888,,,2027-01-06 13:35:00
5997476.30101596,0.0,253.0,,1.1,,0.044901,,,2027-01-06 13:40:00
5997477.301161519,0.0,251.0,,1.1,,0.059756,,12.0,2027-01-06 13:45:00
5997478.301307078,0.0,257.0,,1.1,,0.398455,,,2027-01-06 13:50:00
5997479.301452639,0.0,263.0,,1.1,,0.047826,,,2027-01-06 13:55:00
5997480.301598198,0.0,267.0,,1.1,,0.046534,,,2027-01-06 14:00:00
5997481.301743757,0.0,270.0,,1.1,,0.060095,,,2027-01-06 14:05:00
5997482.301889316,0.0,268.0,,1.1,,0.05827,,,2027-01-06 14:10:00
5997483.302034875,0.0,259.0,,1.1,,0.068494,,,2027-01-06 14:15:00
5997484.302180435,0.0,251.0,,1.1,,0.075612,,,2027-01-06 14:20:00
5997485.302325994,0.0,252.0,,1.1,,0.053544,,,2027-01-06 14:25:00
5997486.302471554,0.0,260.0,,1.1,,0.029828,,,2027-01-06 14:30:00
5997487.302617113,0.0,264.0,,1.1,,0.056987,,,2027-01-06 14:35:00
5997488.302762672,0.0,264.0,,1.1,,0.082112,,,2027-01-06 14:40:00
5997489.3029082315,0.0,265.0,,1.1,,0.040469,,,2027-01-06 14:45:00
5997490.303053791,0.0,267.0,,1.1,,0.028546,,,2027-01-06 14:50:00
5997491.30319935,0.0,271.0,,1.1,,0.02177,,,2027-01-06 14:55:00
5997492.303344909,0.0,270.0,,1.1,,0.011974,,,2027-01-06 15:00:00
5997493.303490469,0.0,272.0,,1.1,,0.032701,,,2027-01-06 15:05:00
5997494.303636028,0.0,278.0,,1.1,,0.014118,,,2027-01-06 15:10:00
5997495.303781588,0.0,283.0,,1.1,,0.019057,,,2027-01-06 15:15:00
5997496.303927147,0.0,285.0,,1.1,,0.012065,,,2027-01-06 15:20:00
5997497.304072706,0.0,283.0,,1.1,,0.021197,,,2027-01-06 15:25:00
5997498.304218265,0.0,286.0,,1.1,,0.046741,,,2027-01-06 15:30:00
5997499.304363824,0.0,281.0,,1.1,,0.058516,,,2027-01-06 15:35:00
5997500.304509385,0.0,279.0,,1.1,,0.068853,,,2027-01-06 15:40:00
5997501.304654944,0.0,274.0,,0.0,,0.07919,,2.9,2027-01-06 15:45:00
5997502.304800503,0.0,267.0,,0.0,,0.03539,,,2027-01-06 15:50:00
5997503.304946062,0.0,249.0,,0.0,,0.01417,,,2027-01-06 15:55:00
5997504.305091621,0.0,257.0,,0.0,,0.03631,,,2027-01-06 16:00:00
5997505.305237181,0.0,263.0,,0.0,,0.025056,,,2027-01-06 16:05:00
5997506.30538274,0.0,271.0,,0.0,,0.042173,,,2027-01-06 16:10:00
5997507.3055283,0.0,275.0,,0.0,,0.031353,,,2027-01-06 16:15:00
5997508.305673859,0.0,276.0,,0.0,,0.013292,,,2027-01-06 16:20:00
5997509.305819418,0.0,274.0,,0.0,,0.02779,,,2027-01-06 16:25:00
5997510.3059649775,0.0,272.0,,0.0,,0.016369,,,2027-01-06 16:30:00
5997511.306110537,0.0,273.0,,0.0,,0.022093,,,2027-01-06 16:35:00
5997512.306256096,0.0,271.0,,0.0,,0.020135,,,2027-01-06 16:40:00
5997513.306401655,0.0,268.0,,0.0,,0.126738,,,2027-01-06 16:45:00
5997514.306547214,0.0,264.0,,0.0,,0.026589,,,2027-01-06 16:50:00
5997515.306692774,0.0,266.0,,0.0,,0.021927,,,2027-01-06 16:55:00
5997516.306838334,0.0,260.0,,0.0,,0.01733,,,2027-01-06 17:00:00
5997517.306983893,0.0,266.0,,0.0,,0.022174,,,2027-01-06 17:05:00
5997518.307129452,0.0,276.0,,0.0,,0.036177,,,2027-01-06 17:10:00
5997519.307275011,0.0,276.0,,0.0,,0.021747,,,2027-01-06 17:15:00
5997520.30742057,0.0,281.0,,0.0,,0.027642,,,2027-01-06 17:20:00
5997521.30756613,0.0,284.0,,1.1,,0.034858,,,2027-01-06 17:25:00
5997522.30771169,0.0,289.0,,1.1,,0.053297,,,2027-01-06 17:30:00
5997523.307857249,0.0,297.0,297.0,1.1,,0.053146,,16.8,2027-01-06 17:35:00
5997524.308002808,0.0,303.0,,1.1,,0.033288,,,2027-01-06 17:40:00
5997525.308148367,0.0,308.0,,1.1,,0.051796,,,2027-01-06 17:45:00
5997526.3082939265,0.0,315.0,,1.1,,0.058753,,,2027-01-06 17:50:00
5997527.308439486,0.0,316.0,,1.1,,0.061304,,,2027-01-06 17:55:00
5997528.308585045,0.0,318.0,,1.2,,0.070987,,,2027-01-06 18:00:00
5997529.308730605,0.0,322.0,,1.2,,0.069467,,,2027-01-06 18:05:00
5997530.308876164,0.0,319.0,330.0,1.2,,0.065391,,17.3,2027-01-06 18:10:00
5997531.309021723,0.0,312.0,,1.2,,0.065001,,,2027-01-06 18:15:00
5997532.309167283,0.0,293.0,,1.2,,0.060758,,,2027-01-06 18:20:00
5997533.309312842,0.0,299.0,,1.2,,0.063746,,,2027-01-06 18:25:00
5997534.309458401,0.0,291.0,,1.2,,0.068071,,,2027-01-06 18:30:00
5997535.30960396,0.0,292.0,,1.2,,0.066477,,,2027-01-06 18:35:00
5997536.30974952,0.0,294.0,,1.2,,0.06171,,,2027-01-06 18:40:00
5997537.30989508,0.0,290.0,,1.2,,0.057121,,,2027-01-06 18:45:00
5997538.310040639,0.0,280.0,,1.2,,0.030598,,,2027-01-06 18:50:00
5997539.310186198,0.0,278.0,,1.2,,0.01233,,,2027-01-06 18:55:00
5997540.310331757,0.0,278.0,,1.2,,0.048045,,,2027-01-06 19:00:00
5997541.310477316,0.0,277.0,,1.2,,0.009795,,,2027-01-06 19:05:00
5997542.310622876,0.0,271.0,,1.2,,0.015429,,,2027-01-06 19:10:00
5997543.310768436,0.0,266.0,,1.2,,0.012164,,,2027-01-06 19:15:00
5997544.310913995,0.0,266.0,,1.2,,0.010407,,,2027-01-06 19:20:00
5997545.311059554,0.0,263.0,,1.2,,0.011979,,,2027-01-06 19:25:00
5997546.311205113,0.0,258.0,,1.2,,0.009734,,,2027-01-06 19:30:00
5997547.3113506725,0.0,251.0,,1.2,,0.017365,,,2027-01-06 19:35:00
5997548.311496232,0.0,244.0,,1.2,,0.013833,,,2027-01-06 19:40:00
5997549.311641791,0.0,235.0,,1.2,,0.0,,,2027-01-06 19:45:00
5997550.311787351,0.0,230.0,,1.2,,,,,2027-01-06 19:50:00
5997551.31193291,0.0,223.0,,1.2,,,,,2027-01-06 19:55:00
5997552.312078469,0.0,220.0,,1.2,,,,,2027-01-06 20:00:00
5997553.312224029,0.0,217.0,,1.2,,,,,2027-01-06 20:05:00
5997554.312369588,0.0,207.0,,1.2,,,,,2027-01-06 20:10:00
5997555.312515147,0.0,195.0,,1.2,,,,,2027-01-06 20:15:00
5997556.312660706,0.0,187.0,,1.2,,,,,2027-01-06 20:20:00
5997557.312806266,0.0,180.0,,1.2,,,,,2027-01-06 20:25:00
5997558.312951826,0.0,171.0,,1.2,,,,,2027-01-06 20:30:00
5997559.313097385,0.0,163.0,,1.2,,,,,2027-01-06 20:35:00
5997560.313242944,0.0,157.0,,1.2,,,,,2027-01-06 20:40:00
5997561.313388503,0.0,154.0,,1.2,,,,,2027-01-06 20:45:00
5997562.313534062,0.0,153.0,,1.2,,,,,2027-01-06 20:50:00
5997563.313679622,0.0,160.0,,1.2,,,,,2027-01-06 20:55:00
5997564.313825182,0.0,166.0,,1.2,,,,,2027-01-06 21:00:00
5997565.313970741,0.0,170.0,,1.2,,,,,2027-01-06 21:05:00
5997566.3141163,0.0,172.0,,1.2,,,,,2027-01-06 21:10:00
5997567.314261859,0.0,166.0,,1.2,,,,,2027-01-06 21:15:00
5997568.3144074185,0.0,164.0,,1.2,,,,,2027-01-06 21:20:00
5997569.314552978,0.0,172.0,,1.2,,,,,2027-01-06 21:25:00
5997570.314698537,0.0,174.0,,1.2,,,,,2027-01-06 21:30:00
5997571.314844097,0.0,166.0,,1.2,,,,,2027-01-06 21:35:00
5997572.314989656,0.0,158.0,,1.2,,,,,2027-01-06 21:40:00
5997573.315135215,0.0,153.0,,1.2,,,,,2027-01-06 21:45:00
5997574.315280775,0.0,151.0,,0.0,,,,,2027-01-06 21:50:00
5997575.315426334,0.0,152.0,,0.0,,,,,2027-01-06 21:55:00
5997576.315571893,0.0,151.0,,0.0,,,,,2027-01-06 22:00:00
5997577.315717452,0.0,147.0,,0.0,,0.025946,,,2027-01-06 22:05:00
5997578.315863012,0.0,146.0,,0.0,,0.05072,,,2027-01-06 22:10:00
5997579.316008572,0.0,138.0,,0.0,,0.056623,,,2027-01-06 22:15:00
5997580.316154131,0.0,128.0,114.0,1.2,,0.053145,,,2027-01-06 22:20:00
5997581.31629969,0.0,123.0,,1.2,,0.02388,,,2027-01-06 22:25:00
5997582.316445249,0.0,115.0,,1.2,,0.030837,,,2027-01-06 22:30:00
5997583.316590808,0.0,110.0,,1.2,,0.038655,,,2027-01-06 22:35:00
5997584.3167363675,0.0,104.0,114.0,1.2,,0.027841,,,2027-01-06 22:40:00
5997585.316881928,0.0,99.0,,1.2,,0.011236,,,2027-01-06 22:45:00
5997586.317027487,0.0,94.0,,1.2,,0.0,,,2027-01-06 22:50:00
5997587.317173046,0.0,91.0,,1.2,,,,,2027-01-06 22:55:00
5997588.317318605,0.0,89.0,,1.2,,0.013611,,,2027-01-06 23:00:00
5997589.317464164,0.0,87.0,,1.2,,0.014457,,,2027-01-06 23:05:00
5997590.317609724,0.0,87.0,,1.2,,0.015109,,,2027-01-06 23:10:00
5997591.317755283,0.0,88.0,,1.2,,0.018875,,,2027-01-06 23:15:00
5997592.317900843,0.0,88.0,,1.2,,0.019823,,,2027-01-06 23:20:00
5997593.318046402,0.0,86.0,,1.2,,0.020312,,,2027-01-06 23:25:00
5997594.318191961,0.0,84.0,,1.2,,0.024062,,,2027-01-06 23:30:00
5997595.318337521,0.0,81.0,,1.2,,0.022977,,,2027-01-06 23:35:00
5997596.31848308,0.0,79.0,,1.2,,0.022706,,,2027-01-06 23:40:00
5997597.318628639,0.0,78.0,,1.2,,0.029612,,,2027-01-06 23:45:00
5997598.318774198,0.0,76.0,,1.2,,0.024974,,,2027-01-06 23:50:00
5997599.318919758,0.0,75.0,,1.2,,0.02356,,,2027-01-06 23:55:00
5997600.3190653175,0.0,73.0,,0.85,,0.023011,,,2027-01-07 00:00:00
5997601.319210877,0.0,71.0,,0.85,,0.01666,,,2027-01-07 00:05:00
5997602.319356436,0.0,69.0,,0.85,,0.015357,,,2027-01-07 00:10:00
5997603.319501995,0.0,67.0,,0.85,,0.017112,,,2027-01-07 00:15:00
5997604.319647554,0.0,65.0,,0.85,,0.017173,,,2027-01-07 00:20:00
5997605.3197931135,0.0,63.0,,0.85,,0.021439,,,2027-01-07 00:25:00
5997606.319938674,0.0,61.0,,0.85,,0.024205,,,2027-01-07 00:30:00
5997607.320084233,0.0,62.0,,0.85,,0.02998,,,2027-01-07 00:35:00
5997608.320229792,0.0,61.0,,0.85,,0.037795,,,2027-01-07 00:40:00
5997609.320375351,0.0,59.0,,0.85,,0.045114,,,2027-01-07 00:45:00
5997610.32052091,0.0,58.0,,0.85,,0.053675,,,2027-01-07 00:50:00
5997611.32066647,0.0,56.0,,0.85,,0.059552,,,2027-01-07 00:55:00
5997612.320812029,0.0,55.0,,0.85,,0.057661,,,2027-01-07 01:00:00
5997613.320957589,0.0,53.0,,0.85,,0.058573,,,2027-01-07 01:05:00
5997614.321103148,0.0,52.0,,0.85,,0.052268,,,2027-01-07 01:10:00
5997615.321248707,0.0,50.0,,0.85,,0.053274,,,2027-01-07 01:15:00
5997616.321394267,0.0,49.0,,0.85,,0.058546,,,2027-01-07 01:20:00
5997617.321539826,0.0,48.0,,0.85,,0.044776,,,2027-01-07 01:25:00
5997618.321685385,0.0,48.0,,0.85,,0.062998,,,2027-01-07 01:30:00
5997619.321830944,0.0,47.0,,0.85,,0.059034,,,2027-01-07 01:35:00
5997620.321976504,0.0,46.0,,0.85,,0.046982,,,2027-01-07 01:40:00
5997621.3221220635,0.0,45.0,,0.85,,0.046115,,,2027-01-07 01:45:00
5997622.322267623,0.0,43.0,,0.85,,0.047512,,,2027-01-07 01:50:00
5997623.322413182,0.0,42.0,,0.85,,0.047508,,,2027-01-07 01:55:00
5997624.322558741,0.0,42.0,,0.85,,0.045065,,,2027-01-07 02:00:00
5997625.3227043,0.0,41.0,,0.85,,0.044864,,,2027-01-07 02:05:00
5997626.3228498595,0.0,40.0,,0.85,,0.044403,,,2027-01-07 02:10:00
5997627.32299542,0.0,40.0,,0.85,,0.043948,,,2027-01-07 02:15:00
5997628.323140979,0.0,40.0,,0.85,,0.044463,,,2027-01-07 02:20:00
5997629.323286538,0.0,40.0,,0.85,,0.046708,,,2027-01-07 02:25:00
5997630.323432097,0.0,40.0,,0.85,,0.022375,,,2027-01-07 02:30:00
5997631.323577656,0.0,40.0,,0.85,,0.036109,,,2027-01-07 02:35:00
5997632.323723216,0.0,40.0,,0.85,,0.047347,,,2027-01-07 02:40:00
5997633.323868775,0.0,40.0,,0.85,,0.046878,,,2027-01-07 02:45:00
5997634.324014335,0.0,41.0,,0.85,,0.051038,,,2027-01-07 02:50:00
5997635.324159894,0.0,43.0,,0.85,,0.050781,,,2027-01-07 02:55:00
5997636.324305453,0.0,44.0,,1.75,,0.020731,,,2027-01-07 03:00:00
5997637.324451013,0.0,44.0,,1.75,,0.018018,,,2027-01-07 03:05:00
5997638.324596572,0.0,44.0,,1.75,,0.023099,,,2027-01-07 03:10:00
5997639.324742131,0.0,44.0,,1.75,,0.023257,,,2027-01-07 03:15:00
5997640.32488769,0.0,44.0,,1.75,,0.011906,,,2027-01-07 03:20:00
5997641.32503325,0.0,44.0,,1.75,,0.011453,,,2027-01-07 03:25:00
5997642.325178809,0.0,45.0,,1.75,,0.02653,,,2027-01-07 03:30:00
5997643.325324369,0.0,45.0,,1.75,,0.036105,,,2027-01-07 03:35:00
5997644.325469928,0.0,45.0,,1.75,,0.041303,,,2027-01-07 03:40:00
5997645.325615487,0.0,46.0,,1.75,,0.045636,,,2027-01-07 03:45:00
5997646.325761046,0.0,48.0,,1.75,,0.052138,,,2027-01-07 03:50:00
5997647.325906605,0.0,51.0,,1.75,,0.057046,,,2027-01-07 03:55:00
5997648.326052166,0.0,52.0,,1.75,,0.062038,,,2027-01-07 04:00:00
5997649.326197725,0.0,53.0,,1.75,,0.075109,,,2027-01-07 04:05:00
5997650.326343284,0.0,55.0,,1.75,,0.051491,,,2027-01-07 04:10:00
5997651.326488843,0.0,56.0,,1.75,,0.018504,,,2027-01-07 04:15:00
5997652.326634402,0.0,57.0,,1.75,,0.019726,,,2027-01-07 04:20:00
5997653.326779962,0.0,58.0,,1.75,,0.021947,,,2027-01-07 04:25:00
5997654.326925521,0.0,61.0,,1.75,,0.022216,,,2027-01-07 04:30:00
5997655.327071081,0.0,64.0,,1.75,,0.022924,,,2027-01-07 04:35:00
5997656.32721664,0.0,65.0,,1.75,,0.028289,,,2027-01-07 04:40:00
5997657.327362199,0.0,67.0,,1.75,,0.039625,,,2027-01-07 04:45:00
5997658.3275077585,0.0,68.0,,1.75,,0.037546,,,2027-01-07 04:50:00
5997659.327653318,0.0,69.0,,1.75,,0.038483,,,2027-01-07 04:55:00
5997660.327798877,0.0,70.0,,1.75,,0.020461,,,2027-01-07 05:00:00
5997661.327944436,0.0,71.0,,1.75,,0.026902,,,2027-01-07 05:05:00
5997662.328089996,0.0,69.0,,1.75,,0.026214,,,2027-01-07 05:10:00
5997663.328235555,0.0,69.0,,1.75,,0.025701,,,2027-01-07 05:15:00
5997664.328381115,0.0,71.0,,1.75,,0.028156,,,2027-01-07 05:20:00
5997665.328526674,0.0,75.0,,1.75,,0.031238,,,2027-01-07 05:25:00
5997666.328672233,0.0,76.0,,1.75,,0.040771,,,2027-01-07 05:30:00
5997667.328817792,0.0,77.0,,1.75,,0.027423,,,2027-01-07 05:35:00
5997668.328963351,0.0,77.0,,1.75,,0.02884,,,2027-01-07 05:40:00
5997669.329108912,0.0,77.0,,1.75,,0.0362,,,2027-01-07 05:45:00
5997670.329254471,0.0,77.0,,1.75,,0.043479,,,2027-01-07 05:50:00
5997671.32940003,0.0,78.0,,1.75,,0.04795,,,2027-01-07 05:55:00
5997672.329545589,0.0,80.0,,1.75,,0.04634,,,2027-01-07 06:00:00
5997673.329691148,0.0,81.0,,1.75,,0.053881,,,2027-01-07 06:05:00
5997674.329836708,0.0,80.0,,1.75,,0.060709,,,2027-01-07 06:10:00
5997675.329982267,0.0,80.0,,1.75,,0.049159,,,2027-01-07 06:15:00
5997676.330127827,0.0,80.0,,1.75,,0.054951,,,2027-01-07 06:20:00
5997677.330273386,0.0,80.0,,1.75,,0.066539,,,2027-01-07 06:25:00
5997678.330418945,0.0,80.0,,1.75,,0.053117,,,2027-01-07 06:30:00
5997679.3305645045,0.0,80.0,,1.75,,0.046589,,,2027-01-07 06:35:00
5997680.330710064,0.0,82.0,,1.75,,0.01368,,,2027-01-07 06:40:00
5997681.330855623,0.0,82.0,,1.75,,0.011595,,,2027-01-07 06:45:00
5997682.331001182,0.0,80.0,,1.75,,0.0,,,2027-01-07 06:50:00
5997683.331146742,0.0,79.0,,1.75,,0.009007,,,2027-01-07 06:55:00
5997684.331292301,0.0,81.0,,1.75,,0.014023,,,2027-01-07 07:00:00
5997685.331437861,0.0,83.0,,1.75,,0.011768,,,2027-01-07 07:05:00
5997686.33158342,0.0,84.0,,1.75,,0.014051,,,2027-01-07 07:10:00
5997687.331728979,0.0,86.0,,1.75,,0.015735,,,2027-01-07 07:15:00
5997688.331874538,0.0,88.0,,1.75,,0.013315,,,2027-01-07 07:20:00
5997689.332020097,0.0,91.0,,1.75,,0.011106,,,2027-01-07 07:25:00
5997690.332165658,0.0,96.0,,1.75,,0.01511,,,2027-01-07 07:30:00
5997691.332311217,0.0,103.0,,1.75,,0.028727,,,2027-01-07 07:35:00
5997692.332456776,0.0,106.0,,1.75,,0.044812,,,2027-01-07 07:40:00
5997693.332602335,0.0,107.0,,1.75,,0.014531,,,2027-01-07 07:45:00
5997694.332747894,0.0,105.0,,1.75,,0.014611,,,2027-01-07 07:50:00
5997695.332893454,0.0,107.0,,1.75,,0.045755,,,2027-01-07 07:55:00
5997696.333039013,0.0,110.0,,1.35,,0.011759,,,2027-01-07 08:00:00
5997697.333184573,0.0,114.0,,1.35,,0.019926,86.0,,2027-01-07 08:05:00
5997698.333330132,0.0,115.0,,1.35,,0.058635,,,2027-01-07 08:10:00
5997699.333475691,0.0,114.0,,1.35,,0.014139,,,2027-01-07 08:15:00
5997700.33362125,0.0,116.0,,1.35,,0.020435,,,2027-01-07 08:20:00
5997701.33376681,0.0,117.0,,1.35,,0.02441,,,2027-01-07 08:25:00
5997702.333912369,0.0,120.0,,1.35,,0.031439,,,2027-01-07 08:30:00
5997703.334057928,0.0,122.0,,1.35,,0.033033,,,2027-01-07 08:35:00
5997704.334203488,0.0,124.0,,1.35,,0.034847,,,2027-01-07 08:40:00
5997705.334349047,0.0,125.0,,1.35,,0.042701,,,2027-01-07 08:45:00
5997706.334494607,0.0,127.0,,1.35,,0.042694,,,2027-01-07 08:50:00
5997707.334640166,0.0,129.0,132.0,1.35,,0.040515,,15.5,2027-01-07 08:55:00
5997708.334785725,0.0,128.0,,1.35,,0.045543,,,2027-01-07 09:00:00
5997709.334931284,0.0,128.0,,1.35,,0.04956,,,2027-01-07 09:05:00
5997710.335076843,0.0,134.0,,1.35,,0.016586,,,2027-01-07 09:10:00
5997711.3352224035,0.0,147.0,,1.35,,0.020695,,,2027-01-07 09:15:00
5997712.335367963,0.0,156.0,,1.35,,0.033266,,,2027-01-07 09:20:00
5997713.335513522,0.0,165.0,,1.35,,0.0381,,,2027-01-07 09:25:00
5997714.335659081,0.0,176.0,,1.35,,0.021952,,,2027-01-07 09:30:00
5997715.33580464,0.0,186.0,,1.35,,0.037967,,,2027-01-07 09:35:00
5997716.3359501995,0.0,196.0,,1.35,,0.02343,,,2027-01-07 09:40:00
5997717.336095759,0.0,206.0,,1.35,,0.036848,,,2027-01-07 09:45:00
5997718.336241319,0.0,215.0,,1.35,,0.044871,,,2027-01-07 09:50:00
5997719.336386878,0.0,218.0,,1.35,,0.046532,,,2027-01-07 09:55:00
5997720.336532437,0.0,228.0,,1.15,,0.046031,,,2027-01-07 10:00:00
5997721.336677996,0.0,235.0,,1.15,,0.051978,,,2027-01-07 10:05:00
5997722.336823556,0.0,240.0,,1.15,,0.050129,,,2027-01-07 10:10:00
5997723.336969115,0.0,244.0,,1.15,,0.055488,,,2027-01-07 10:15:00
5997724.337114674,0.0,241.0,,1.15,,0.046124,,,2027-01-07 10:20:00
5997725.337260234,1.0,,,1.15,,0.050516,,,2027-01-07 10:25:00
5997726.337405793,1.0,,,1.15,,0.048842,,,2027-01-07 10:30:00
5997727.337551353,1.0,,,1.15,,0.064113,,,2027-01-07 10:35:00
5997728.337696912,1.0,,,1.15,,0.059307,,,2027-01-07 10:40:00
5997729.337842471,1.0,,,1.15,,0.058876,,,2027-01-07 10:45:00
5997730.33798803,1.0,,,1.15,,0.018831,,,2027-01-07 10:50:00
5997731.338133589,1.0,,203.0,1.15,,0.0216,,4.3,2027-01-07 10:55:00
5997732.3382791495,1.0,,,1.15,,0.027367,,,2027-01-07 11:00:00
5997733.338424709,1.0,,,1.15,,0.034623,95.0,,2027-01-07 11:05:00
5997734.338570268,0.0,195.0,203.0,1.15,,0.034148,,,2027-01-07 11:10:00
5997735.338715827,0.0,188.0,,1.15,,0.041837,,,2027-01-07 11:15:00
5997736.338861386,0.0,180.0,,1.15,,0.042775,,,2027-01-07 11:20:00
5997737.3390069455,0.0,171.0,,1.15,,0.044155,,,2027-01-07 11:25:00
5997738.339152505,0.0,165.0,,1.15,,0.043346,,,2027-01-07 11:30:00
5997739.339298065,0.0,159.0,,1.15,,0.043989,,,2027-01-07 11:35:00
5997740.339443624,0.0,150.0,,1.15,,0.047604,,,2027-01-07 11:40:00
5997741.339589183,0.0,146.0,151.0,1.15,,0.054548,,15.8,2027-01-07 11:45:00
5997742.339734742,0.0,145.0,,1.15,,0.04661,,,2027-01-07 11:50:00
5997743.339880302,0.0,145.0,,1.15,,0.050104,,,2027-01-07 11:55:00
5997744.340025861,0.0,154.0,,1.15,,0.048113,,,2027-01-07 12:00:00
5997745.34017142,0.0,163.0,,1.15,,0.029282,,,2027-01-07 12:05:00
5997746.34031698,0.0,166.0,,1.15,,0.045941,,,2027-01-07 12:10:00
5997747.340462539,0.0,172.0,,1.15,,0.058224,,,2027-01-07 12:15:00
5997748.340608099,0.0,187.0,,1.15,,0.055786,,,2027-01-07 12:20:00
5997749.340753658,0.0,192.0,,1.15,,0.054922,,,2027-01-07 12:25:00
5997750.340899217,0.0,194.0,,1.1,,0.051466,,,2027-01-07 12:30:00
5997751.341044776,0.0,193.0,,1.1,,0.054077,,,2027-01-07 12:35:00
5997752.341190335,0.0,190.0,,1.1,,0.020439,,,2027-01-07 12:40:00
5997753.3413358955,0.0,186.0,,1.1,,0.035877,,,2027-01-07 12:45:00
5997754.341481455,0.0,182.0,,1.1,,0.037382,,,2027-01-07 12:50:00
5997755.341627014,0.0,176.0,,1.1,,0.036822,,,2027-01-07 12:55:00
5997756.341772573,0.0,173.0,,1.1,,0.015447,,,2027-01-07 13:00:00
5997757.341918132,0.0,175.0,,1.1,,0.022076,,,2027-01-07 13:05:00
5997758.3420636915,0.0,173.0,,1.1,,0.023326,,,2027-01-07 13:10:00
5997759.342209251,0.0,170.0,,1.1,,0.029481,,,2027-01-07 13:15:00
5997760.342354811,0.0,166.0,,1.1,,0.027855,,,2027-01-07 13:20:00
5997761.34250037,0.0,159.0,,1.1,,0.030441,,,2027-01-07 13:25:00
5997762.342645929,0.0,151.0,,1.1,,0.035335,,,2027-01-07 13:30:00
5997763.342791488,0.0,145.0,,1.1,,0.034655,,,2027-01-07 13:35:00
5997764.342937048,0.0,141.0,,1.1,,0.040281,,,2027-01-07 13:40:00
5997765.343082607,0.0,138.0,,1.1,,0.040017,,,2027-01-07 13:45:00
5997766.343228166,0.0,135.0,,1.1,,0.044829,,,2027-01-07 13:50:00
5997767.343373726,0.0,130.0,,1.1,,0.021795,,,2027-01-07 13:55:00
5997768.343519285,0.0,125.0,,1.1,,0.03771,,,2027-01-07 14:00:00
5997769.3436648445,0.0,119.0,,1.1,,0.01973,,,2027-01-07 14:05:00
5997770.343810404,0.0,113.0,,1.1,,0.030463,,,2027-01-07 14:10:00
5997771.343955963,0.0,107.0,,1.1,,0.023105,,,2027-01-07 14:15:00
5997772.344101522,0.0,101.0,,1.1,,0.031592,,,2027-01-07 14:20:00
5997773.344247081,0.0,95.0,,1.1,,0.041555,,,2027-01-07 14:25:00
5997774.344392641,0.0,90.0,,1.1,,0.038015,,,2027-01-07 14:30:00
5997775.344538201,0.0,85.0,,1.1,,0.043298,,,2027-01-07 14:35:00
5997776.34468376,0.0,82.0,,1.1,,0.045348,,,2027-01-07 14:40:00
5997777.344829319,0.0,80.0,,1.1,,0.047673,,,2027-01-07 14:45:00
5997778.344974878,0.0,77.0,,1.1,,0.019331,,,2027-01-07 14:50:00
5997779.345120437,0.0,76.0,,1.1,,0.021701,,,2027-01-07 14:55:00
5997780.345265997,0.0,71.0,,1.1,,0.041873,,,2027-01-07 15:00:00
5997781.345411557,0.0,68.0,,1.1,,0.052912,,,2027-01-07 15:05:00
5997782.345557116,0.0,65.0,,1.1,,0.061179,,,2027-01-07 15:10:00
5997783.345702675,0.0,62.0,,1.1,,0.068989,,,2027-01-07 15:15:00
5997784.345848234,0.0,61.0,,1.1,,0.076073,,,2027-01-07 15:20:00
5997785.345993794,0.0,59.0,,1.1,,0.075403,,,2027-01-07 15:25:00
5997786.346139353,0.0,58.0,,1.1,,0.079107,,,2027-01-07 15:30:00
5997787.346284912,0.0,58.0,,1.1,,0.083799,,,2027-01-07 15:35:00
5997788.346430472,0.0,63.0,,1.1,,0.037069,,,2027-01-07 15:40:00
5997789.346576031,0.0,71.0,,1.1,,0.250476,,,2027-01-07 15:45:00
5997790.3467215905,0.0,81.0,,1.1,,0.7342,,,2027-01-07 15:50:00
5997791.34686715,0.0,91.0,,1.1,,1.434726,,,2027-01-07 15:55:00
5997792.347012709,0.0,100.0,,1.1,,0.991776,,,2027-01-07 16:00:00
5997793.347158268,0.0,108.0,,1.1,,0.617655,,,2027-01-07 16:05:00
5997794.347303827,0.0,113.0,,1.1,,0.095222,,,2027-01-07 16:10:00
5997795.347449387,0.0,113.0,,1.1,,0.471442,,,2027-01-07 16:15:00
5997796.347594947,0.0,112.0,,1.1,,15.105444,,,2027-01-07 16:20:00
5997797.347740506,0.0,111.0,,1.1,,4.687167,,,2027-01-07 16:25:00
5997798.347886065,0.0,110.0,,1.1,,1.915553,,,2027-01-07 16:30:00
5997799.348031624,0.0,108.0,,1.1,,1.670154,,,2027-01-07 16:35:00
5997800.348177183,0.0,107.0,,1.1,,0.586423,,,2027-01-07 16:40:00
5997801.348322743,0.0,104.0,,1.1,,0.376823,,,2027-01-07 16:45:00
5997802.348468303,0.0,101.0,,1.1,,0.337705,,,2027-01-07 16:50:00
5997803.348613862,0.0,100.0,,1.1,,0.302768,,,2027-01-07 16:55:00
5997804.348759421,0.0,99.0,,1.1,,0.27168,,,2027-01-07 17:00:00
5997805.34890498,0.0,96.0,,1.1,,0.289775,,,2027-01-07 17:05:00
5997806.34905054,0.0,93.0,,1.1,,0.162671,,,2027-01-07 17:10:00
5997807.349196099,0.0,90.0,,1.1,,0.192277,,,2027-01-07 17:15:00
5997808.349341658,0.0,87.0,,1.1,,0.042074,,,2027-01-07 17:20:00
5997809.349487218,0.0,85.0,,1.1,,0.034456,,,2027-01-07 17:25:00
5997810.349632777,0.0,83.0,,1.1,,0.03767,,,2027-01-07 17:30:00
5997811.3497783365,0.0,81.0,,1.1,,0.030361,,,2027-01-07 17:35:00
5997812.349923896,0.0,80.0,,1.1,,0.811497,,,2027-01-07 17:40:00
5997813.350069455,0.0,79.0,,1.1,,1.643239,,,2027-01-07 17:45:00
5997814.350215014,0.0,80.0,,1.1,,0.109307,,,2027-01-07 17:50:00
5997815.350360573,0.0,82.0,,1.1,,0.062877,,,2027-01-07 17:55:00
5997816.350506133,0.0,88.0,,1.2,,0.085463,,,2027-01-07 18:00:00
5997817.350651693,0.0,96.0,,1.2,,0.082984,,,2027-01-07 18:05:00
5997818.350797252,0.0,97.0,,1.2,,0.08779,,,2027-01-07 18:10:00
5997819.350942811,0.0,98.0,,1.2,,0.101035,,,2027-01-07 18:15:00
5997820.35108837,0.0,100.0,,1.2,,0.104419,,,2027-01-07 18:20:00
5997821.351233929,0.0,104.0,105.0,1.2,,0.077298,,9.8,2027-01-07 18:25:00
5997822.351379489,0.0,110.0,,1.2,,0.051895,,,2027-01-07 18:30:00
5997823.351525049,0.0,116.0,,1.2,,0.075604,,,2027-01-07 18:35:00
5997824.351670608,0.0,123.0,,1.2,,0.072258,,,2027-01-07 18:40:00
5997825.351816167,0.0,130.0,,1.2,,0.084447,,,2027-01-07 18:45:00
5997826.351961726,0.0,140.0,,1.2,,0.101214,,,2027-01-07 18:50:00
5997827.3521072855,0.0,153.0,,1.2,,0.110816,,,2027-01-07 18:55:00
5997828.352252845,0.0,164.0,,1.2,,0.124689,,,2027-01-07 19:00:00
5997829.352398404,0.0,172.0,,1.2,,0.042201,,,2027-01-07 19:05:00
5997830.352543964,0.0,178.0,,1.2,,0.032122,,,2027-01-07 19:10:00
5997831.352689523,0.0,183.0,,1.2,,0.067404,,,2027-01-07 19:15:00
5997832.352835082,0.0,184.0,,1.2,,0.088922,,,2027-01-07 19:20:00
5997833.352980642,0.0,182.0,,1.2,,0.095422,,,2027-01-07 19:25:00
5997834.353126201,0.0,180.0,,1.2,,0.118091,,,2027-01-07 19:30:00
5997835.35327176,0.0,175.0,,1.2,,0.099523,,,2027-01-07 19:35:00
5997836.353417319,0.0,168.0,,1.2,,0.113742,,,2027-01-07 19:40:00
5997837.353562879,0.0,159.0,,1.2,,0.112767,,,2027-01-07 19:45:00
5997838.353708439,0.0,146.0,165.0,1.2,,0.130476,,13.6,2027-01-07 19:50:00
5997839.353853998,0.0,141.0,,1.2,,0.165053,,,2027-01-07 19:55:00
5997840.353999557,0.0,141.0,,1.2,,0.16325,,,2027-01-07 20:00:00
5997841.354145116,0.0,134.0,,1.2,,0.16398,,,2027-01-07 20:05:00
5997842.354290675,0.0,133.0,,1.2,,0.157942,,,2027-01-07 20:10:00
5997843.354436235,0.0,139.0,,1.2,,0.16272,,,2027-01-07 20:15:00
5997844.354581795,0.0,142.0,,1.2,,0.157673,,,2027-01-07 20:20:00
5997845.354727354,0.0,143.0,,1.2,,0.168584,,,2027-01-07 20:25:00
5997846.354872913,0.0,145.0,,1.2,,0.16275,,,2027-01-07 20:30:00
5997847.355018472,0.0,146.0,,1.2,,0.129511,,,2027-01-07 20:35:00
5997848.3551640315,0.0,149.0,,1.2,,0.0,,,2027-01-07 20:40:00
5997849.355309591,0.0,152.0,,1.2,,,,,2027-01-07 20:45:00
5997850.35545515,0.0,154.0,,1.2,,,,,2027-01-07 20:50:00
5997851.35560071,0.0,154.0,,1.2,,,,,2027-01-07 20:55:00
5997852.355746269,0.0,151.0,,1.2,,,,,2027-01-07 21:00:00
5997853.355891828,0.0,148.0,,1.2,,,,,2027-01-07 21:05:00
5997854.356037388,0.0,141.0,,1.2,,,,,2027-01-07 21:10:00
5997855.356182947,0.0,136.0,,1.2,,,,,2027-01-07 21:15:00
5997856.356328506,0.0,131.0,,1.2,,,,,2027-01-07 21:20:00
5997857.356474065,0.0,128.0,,1.2,,,,,2027-01-07 21:25:00
5997858.356619625,0.0,128.0,,1.2,,,,,2027-01-07 21:30:00
5997859.356765185,0.0,128.0,,1.2,,,,,2027-01-07 21:35:00
5997860.356910744,0.0,127.0,,1.2,,,,,2027-01-07 21:40:00
5997861.357056303,0.0,131.0,,1.2,,,,,2027-01-07 21:45:00
5997862.357201862,0.0,137.0,,1.2,,,,,2027-01-07 21:50:00
5997863.357347421,0.0,136.0,,1.2,,,,,2027-01-07 21:55:00
5997864.357492981,0.0,130.0,,1.0,,,,,2027-01-07 22:00:00
5997865.357638541,0.0,125.0,,1.0,,,,,2027-01-07 22:05:00
5997866.3577841,0.0,124.0,,1.0,,,,,2027-01-07 22:10:00
5997867.357929659,0.0,123.0,,1.0,,,,,2027-01-07 22:15:00
5997868.358075218,0.0,124.0,,1.0,,,,,2027-01-07 22:20:00
5997869.3582207775,0.0,125.0,,1.0,,,,,2027-01-07 22:25:00
5997870.358366337,0.0,127.0,,1.0,,,,,2027-01-07 22:30:00
5997871.358511896,0.0,130.0,,1.0,,,,,2027-01-07 22:35:00
5997872.358657456,0.0,134.0,,1.0,,,,,2027-01-07 22:40:00
5997873.358803015,0.0,136.0,,1.0,,0.023102,,,2027-01-07 22:45:00
5997874.358948574,0.0,140.0,,1.0,,0.031579,,,2027-01-07 22:50:00
5997875.359094134,0.0,142.0,139.0,1.0,,0.039391,,2.0,2027-01-07 22:55:00
5997876.359239693,1.0,,,1.0,,0.048416,,,2027-01-07 23:00:00
5997877.359385252,1.0,,,1.0,,0.054,,,2027-01-07 23:05:00
5997878.359530811,0.0,138.0,139.0,1.0,,0.068431,,,2027-01-07 23:10:00
5997879.359676371,0.0,132.0,,1.0,,0.076469,,,2027-01-07 23:15:00
5997880.3598219305,0.0,124.0,,1.0,,0.083933,,,2027-01-07 23:20:00
5997881.35996749,0.0,118.0,,1.0,,0.093383,,,2027-01-07 23:25:00
5997882.360113049,0.0,112.0,,1.0,,0.102148,,,2027-01-07 23:30:00
5997883.360258608,0.0,108.0,,1.0,,0.114995,,,2027-01-07 23:35:00
5997884.360404167,0.0,105.0,,1.0,,0.124015,,,2027-01-07 23:40:00
5997885.3605497265,0.0,103.0,,1.0,,0.132509,,,2027-01-07 23:45:00
5997886.360695287,0.0,102.0,,1.0,,0.136984,,,2027-01-07 23:50:00
5997887.360840846,0.0,100.0,,1.0,,0.136887,,,2027-01-07 23:55:00
5997888.360986405,0.0,98.0,,1.0,,0.142821,,,2027-01-08 00:00:00
5997889.361131964,0.0,95.0,,1.0,,0.128041,,,2027-01-08 00:05:00
5997890.361277523,0.0,92.0,,1.0,,0.11756,,,2027-01-08 00:10:00
5997891.361423083,0.0,90.0,,1.0,,0.13626,,,2027-01-08 00:15:00
5997892.361568642,0.0,87.0,,1.0,,0.143615,,,2027-01-08 00:20:00
5997893.361714202,0.0,85.0,,1.0,,0.147119,,,2027-01-08 00:25:00
5997894.361859761,0.0,83.0,,1.0,,0.01912,,,2027-01-08 00:30:00
5997895.36200532,0.0,81.0,,1.0,,0.036334,,,2027-01-08 00:35:00
5997896.36215088,0.0,80.0,,1.0,,0.046414,,,2027-01-08 00:40:00
5997897.362296439,0.0,78.0,,1.0,,0.052993,,,2027-01-08 00:45:00
5997898.362441998,0.0,76.0,,1.0,,0.057767,,,2027-01-08 00:50:00
5997899.362587557,0.0,75.0,,1.0,,0.063878,,,2027-01-08 00:55:00
5997900.362733117,0.0,74.0,,1.0,,0.066369,,,2027-01-08 01:00:00
5997901.3628786765,0.0,71.0,,1.0,,0.072455,,,2027-01-08 01:05:00
5997902.363024236,0.0,68.0,,1.0,,0.062247,,,2027-01-08 01:10:00
5997903.363169795,0.0,65.0,,1.0,,0.082365,,,2027-01-08 01:15:00
5997904.363315354,0.0,62.0,,1.0,,0.08959,,,2027-01-08 01:20:00
5997905.363460913,0.0,60.0,,1.0,,0.093458,,,2027-01-08 01:25:00
5997906.3636064725,0.0,57.0,,1.0,,0.090419,,,2027-01-08 01:30:00
5997907.363752033,0.0,56.0,,1.0,,0.072144,,,2027-01-08 01:35:00
5997908.363897592,0.0,56.0,,1.0,,0.102482,,,2027-01-08 01:40:00
5997909.364043151,0.0,55.0,,1.0,,0.114696,,,2027-01-08 01:45:00
5997910.36418871,0.0,53.0,,1.0,,0.132113,,,2027-01-08 01:50:00
5997911.364334269,0.0,52.0,,1.0,,0.434266,,,2027-01-08 01:55:00
5997912.364479829,0.0,52.0,,1.0,,2.079188,,,2027-01-08 02:00:00
5997913.364625388,0.0,52.0,,1.0,,6.522457,,,2027-01-08 02:05:00
5997914.364770948,0.0,51.0,,1.0,,3.723137,,,2027-01-08 02:10:00
5997915.364916507,0.0,50.0,,1.0,,1.381097,,,2027-01-08 02:15:00
5997916.365062066,0.0,49.0,,1.0,,0.80444,,,2027-01-08 02:20:00
5997917.365207626,0.0,49.0,,1.0,,0.620142,,,2027-01-08 02:25:00
5997918.365353185,0.0,49.0,,1.0,,0.519082,,,2027-01-08 02:30:00
5997919.365498744,0.0,50.0,,1.0,,0.524707,,,2027-01-08 02:35:00
5997920.365644303,0.0,51.0,,1.0,,0.518536,,,2027-01-08 02:40:00
5997921.365789863,0.0,52.0,,1.0,,0.52303,,,2027-01-08 02:45:00
5997922.3659354225,0.0,52.0,,1.0,,0.426647,,,2027-01-08 02:50:00
5997923.366080982,0.0,53.0,,1.0,,0.337238,,,2027-01-08 02:55:00
5997924.366226541,0.0,54.0,,1.0,,0.345581,,,2027-01-08 03:00:00
5997925.3663721,0.0,55.0,,1.0,,0.366765,,,2027-01-08 03:05:00
5997926.366517659,0.0,56.0,,1.0,,0.134417,,,2027-01-08 03:10:00
5997927.3666632185,0.0,57.0,,1.0,,0.15623,,,2027-01-08 03:15:00
5997928.366808779,0.0,58.0,,1.0,,0.159219,,,2027-01-08 03:20:00
5997929.366954338,0.0,59.0,,1.0,,0.188314,,,2027-01-08 03:25:00
5997930.367099897,0.0,61.0,,1.0,,0.301389,,,2027-01-08 03:30:00
5997931.367245456,0.0,65.0,,1.0,,0.322321,,,2027-01-08 03:35:00
5997932.367391015,0.0,68.0,,1.0,,0.332437,,,2027-01-08 03:40:00
5997933.367536575,0.0,68.0,,1.0,,0.338591,,,2027-01-08 03:45:00
5997934.367682134,0.0,68.0,,1.0,,0.396261,,,2027-01-08 03:50:00
5997935.367827694,0.0,69.0,,1.0,,0.408285,,,2027-01-08 03:55:00
5997936.367973253,0.0,70.0,,1.0,,0.397548,,,2027-01-08 04:00:00
5997937.368118812,0.0,71.0,,1.0,,0.168059,,,2027-01-08 04:05:00
5997938.3682643715,0.0,72.0,,1.0,,0.134351,,,2027-01-08 04:10:00
5997939.368409931,0.0,73.0,,1.0,,0.175597,,,2027-01-08 04:15:00
5997940.36855549,0.0,74.0,,1.0,,0.207466,,,2027-01-08 04:20:00
5997941.368701049,0.0,75.0,,1.0,,0.184388,,,2027-01-08 04:25:00
5997942.368846609,0.0,77.0,,1.0,,0.140902,,,2027-01-08 04:30:00
5997943.368992168,0.0,79.0,,1.0,,0.031414,,,2027-01-08 04:35:00
5997944.369137728,0.0,82.0,,1.0,,0.021033,,,2027-01-08 04:40:00
5997945.369283287,0.0,84.0,,1.0,,0.074679,,,2027-01-08 04:45:00
5997946.369428846,0.0,84.0,,1.0,,0.092953,,,2027-01-08 04:50:00
5997947.369574405,0.0,86.0,,1.0,,0.087086,,,2027-01-08 04:55:00
5997948.369719964,0.0,87.0,,1.0,,0.132204,,,2027-01-08 05:00:00
5997949.369865525,0.0,88.0,,1.0,,0.145666,,,2027-01-08 05:05:00
5997950.370011084,0.0,90.0,,1.0,,0.159467,,,2027-01-08 05:10:00
5997951.370156643,0.0,93.0,,1.0,,0.170631,,,2027-01-08 05:15:00
5997952.370302202,0.0,93.0,,1.0,,0.1782,,,2027-01-08 05:20:00
5997953.370447761,0.0,95.0,,1.0,,0.207879,,,2027-01-08 05:25:00
5997954.370593321,0.0,98.0,,1.0,,0.219789,,,2027-01-08 05:30:00
5997955.37073888,0.0,99.0,,1.0,,0.101776,,,2027-01-08 05:35:00
5997956.37088444,0.0,99.0,,1.0,,0.087191,,,2027-01-08 05:40:00
5997957.371029999,0.0,98.0,,1.0,,0.083499,,,2027-01-08 05:45:00
5997958.371175558,0.0,97.0,,1.0,,0.095686,,,2027-01-08 05:50:00
5997959.3713211175,0.0,96.0,,1.0,,0.097311,,,2027-01-08 05:55:00
5997960.371466677,0.0,97.0,,1.0,,0.115037,,,2027-01-08 06:00:00
5997961.371612236,0.0,97.0,,1.0,,0.061978,,,2027-01-08 06:05:00
5997962.371757795,0.0,96.0,,1.0,,0.063873,,,2027-01-08 06:10:00
5997963.371903355,0.0,95.0,,1.0,,0.10226,,,2027-01-08 06:15:00
5997964.372048914,0.0,94.0,,1.0,,0.113173,,,2027-01-08 06:20:00
5997965.372194474,0.0,92.0,,1.0,,0.123034,,,2027-01-08 06:25:00
5997966.372340033,0.0,91.0,,1.0,,0.138294,,,2027-01-08 06:30:00
5997967.372485592,0.0,92.0,,1.0,,0.122366,,,2027-01-08 06:35:00
5997968.372631151,0.0,92.0,,1.0,,0.050056,,,2027-01-08 06:40:00
5997969.37277671,0.0,92.0,,1.0,,0.04187,,,2027-01-08 06:45:00
5997970.372922271,0.0,94.0,,1.0,,0.015343,,,2027-01-08 06:50:00
5997971.37306783,0.0,96.0,,1.0,,0.0,,,2027-01-08 06:55:00
5997972.373213389,0.0,93.0,,1.0,,,,,2027-01-08 07:00:00
5997973.373358948,0.0,93.0,,0.0,,,,,2027-01-08 07:05:00
5997974.373504507,0.0,96.0,,0.0,,0.009755,,,2027-01-08 07:10:00
5997975.373650067,0.0,100.0,,0.0,,0.0,,,2027-01-08 07:15:00
5997976.373795626,0.0,105.0,,0.0,,0.52609,,,2027-01-08 07:20:00
5997977.373941186,0.0,103.0,,0.0,,0.020897,,,2027-01-08 07:25:00
5997978.374086745,0.0,100.0,,1.0,,0.029265,,,2027-01-08 07:30:00
5997979.374232304,0.0,102.0,,1.0,,0.033114,,,2027-01-08 07:35:00
5997980.3743778635,0.0,107.0,,1.0,,0.021929,,,2027-01-08 07:40:00
5997981.374523423,0.0,108.0,,1.0,,0.03375,,,2027-01-08 07:45:00
5997982.374668982,0.0,105.0,,1.0,,0.036126,,,2027-01-08 07:50:00
5997983.374814541,0.0,110.0,,1.0,,0.013469,,,2027-01-08 07:55:00
5997984.374960101,0.0,116.0,,1.0,,0.030303,,,2027-01-08 08:00:00
5997985.37510566,0.0,123.0,,1.0,,0.269767,,,2027-01-08 08:05:00
5997986.37525122,0.0,127.0,,1.0,,0.034684,,,2027-01-08 08:10:00
5997987.375396779,0.0,130.0,,1.0,,0.032099,,,2027-01-08 08:15:00
5997988.375542338,0.0,138.0,,1.0,,0.032309,,,2027-01-08 08:20:00
5997989.375687897,0.0,148.0,,1.0,,0.038332,,,2027-01-08 08:25:00
5997990.375833456,0.0,156.0,,1.0,,0.025218,,,2027-01-08 08:30:00
5997991.375979017,0.0,161.0,,1.0,,0.028238,86.0,,2027-01-08 08:35:00
5997992.376124576,0.0,164.0,,1.0,,0.015294,,,2027-01-08 08:40:00
5997993.376270135,0.0,165.0,,1.0,,0.013801,,,2027-01-08 08:45:00
5997994.376415694,0.0,166.0,,1.0,,0.015769,,,2027-01-08 08:50:00
5997995.376561253,0.0,165.0,167.0,1.0,,0.034248,,19.0,2027-01-08 08:55:00
5997996.3767068125,0.0,165.0,,1.0,,0.027781,,,2027-01-08 09:00:00
5997997.376852372,0.0,168.0,,1.0,,0.022059,,,2027-01-08 09:05:00
5997998.376997932,0.0,179.0,,1.0,,0.015356,,,2027-01-08 09:10:00
5997999.377143491,0.0,186.0,,1.0,,0.016716,,,2027-01-08 09:15:00
5998000.37728905,0.0,196.0,,1.0,,0.026069,,,2027-01-08 09:20:00
5998001.377434609,0.0,211.0,,1.0,,0.024828,,,2027-01-08 09:25:00
5998002.377580169,0.0,218.0,,1.0,,0.013345,,,2027-01-08 09:30:00
5998003.377725728,0.0,224.0,,1.0,,0.020697,,,2027-01-08 09:35:00
5998004.377871287,0.0,231.0,,1.0,,0.029115,,,2027-01-08 09:40:00
5998005.378016847,0.0,240.0,,1.0,,0.03684,,,2027-01-08 09:45:00
5998006.378162406,0.0,246.0,,1.0,,0.013292,,,2027-01-08 09:50:00
5998007.378307966,0.0,244.0,,1.0,,0.02891,,,2027-01-08 09:55:00
5998008.378453525,0.0,239.0,,1.0,,0.038532,,,2027-01-08 10:00:00
5998009.378599084,0.0,235.0,,1.0,,0.016271,,,2027-01-08 10:05:00
5998010.378744643,0.0,234.0,,1.0,,0.028423,,,2027-01-08 10:10:00
5998011.378890202,0.0,234.0,,1.0,,0.029228,,,2027-01-08 10:15:00
5998012.3790357625,0.0,233.0,,1.0,,1.567851,,,2027-01-08 10:20:00
5998013.379181322,0.0,228.0,,1.0,,0.740276,,,2027-01-08 10:25:00
5998014.379326881,0.0,219.0,,1.0,,2.223376,,,2027-01-08 10:30:00
5998015.37947244,0.0,206.0,,1.0,,0.105222,,,2027-01-08 10:35:00
5998016.379617999,0.0,200.0,,1.0,,0.056584,,,2027-01-08 10:40:00
5998017.3797635585,0.0,195.0,,1.0,,0.028838,,,2027-01-08 10:45:00
5998018.379909118,0.0,184.0,,1.0,,0.049125,,,2027-01-08 10:50:00
5998019.380054678,0.0,176.0,,1.0,,0.067415,,,2027-01-08 10:55:00
5998020.380200237,1.0,,,1.0,,0.030744,,,2027-01-08 11:00:00
5998021.380345796,1.0,,,1.0,,0.045173,,,2027-01-08 11:05:00
5998022.380491355,1.0,,,1.0,,0.039101,,,2027-01-08 11:10:00
5998023.380636915,1.0,,,1.0,,0.031224,,,2027-01-08 11:15:00
5998024.380782474,1.0,,,1.0,,0.463687,,,2027-01-08 11:20:00
5998025.380928033,1.0,,,1.0,,0.829071,,,2027-01-08 11:25:00
5998026.381073593,1.0,,,1.0,,0.668548,,,2027-01-08 11:30:00
5998027.381219152,1.0,,,1.0,,0.092295,,,2027-01-08 11:35:00
5998028.381364712,1.0,,,1.0,,0.338626,,,2027-01-08 11:40:00
5998029.381510271,1.0,,,1.0,,0.230588,,,2027-01-08 11:45:00
5998030.38165583,1.0,,,1.0,,0.123113,,,2027-01-08 11:50:00
5998031.381801389,1.0,,131.0,1.0,,0.111674,,1.0,2027-01-08 11:55:00
5998032.381946948,1.0,,,1.0,,0.093768,,,2027-01-08 12:00:00
5998033.3820925085,1.0,,,1.0,,0.025207,,,2027-01-08 12:05:00
5998034.382238068,0.0,129.0,131.0,1.0,,0.055153,,,2027-01-08 12:10:00
5998035.382383627,0.0,126.0,,1.0,,0.063355,,,2027-01-08 12:15:00
5998036.382529186,0.0,123.0,,1.0,,0.897892,,,2027-01-08 12:20:00
5998037.382674745,0.0,119.0,,1.0,,0.557506,,,2027-01-08 12:25:00
5998038.3828203045,0.0,115.0,,1.0,,0.88656,,,2027-01-08 12:30:00
5998039.382965864,0.0,110.0,,1.0,,0.436893,,,2027-01-08 12:35:00
5998040.383111424,0.0,109.0,,1.0,,0.360227,,,2027-01-08 12:40:00
5998041.383256983,0.0,107.0,,1.0,,0.17923,65.0,,2027-01-08 12:45:00
5998042.383402542,0.0,105.0,,1.0,,0.104579,,,2027-01-08 12:50:00
5998043.383548101,0.0,103.0,,1.0,,0.110474,,,2027-01-08 12:55:00
5998044.383693661,0.0,94.0,,1.0,,0.097336,,,2027-01-08 13:00:00
5998045.38383922,0.0,91.0,,1.0,,0.039805,,,2027-01-08 13:05:00
5998046.383984779,0.0,89.0,89.0,1.0,,0.029207,,9.7,2027-01-08 13:10:00
5998047.384130339,0.0,88.0,,1.0,,0.01564,,,2027-01-08 13:15:00
5998048.384275898,0.0,89.0,,1.0,,0.020511,,,2027-01-08 13:20:00
5998049.384421458,0.0,94.0,,1.0,,0.036357,,,2027-01-08 13:25:00
5998050.384567017,0.0,106.0,,1.0,,0.012697,,,2027-01-08 13:30:00
5998051.384712576,0.0,119.0,,1.0,,0.018164,,,2027-01-08 13:35:00
5998052.384858135,0.0,125.0,,1.0,,0.021705,,,2027-01-08 13:40:00
5998053.385003694,0.0,133.0,,1.0,,0.053776,,,2027-01-08 13:45:00
5998054.385149254,0.0,141.0,,1.0,,0.0435,,,2027-01-08 13:50:00
5998055.385294814,0.0,140.0,,1.0,,0.038382,,,2027-01-08 13:55:00
5998056.385440373,0.0,144.0,,1.0,,0.018198,,,2027-01-08 14:00:00
5998057.385585932,0.0,148.0,,1.0,,0.030629,,,2027-01-08 14:05:00
5998058.385731491,0.0,151.0,,1.0,,0.045633,,,2027-01-08 14:10:00
5998059.38587705,0.0,155.0,,1.0,,0.051234,,,2027-01-08 14:15:00
5998060.38602261,0.0,159.0,,1.0,,0.063193,,,2027-01-08 14:20:00
5998061.38616817,0.0,166.0,,1.0,,0.039069,,,2027-01-08 14:25:00
5998062.386313729,0.0,169.0,,1.0,,0.050198,,,2027-01-08 14:30:00
5998063.386459288,0.0,166.0,,1.0,,0.058863,,,2027-01-08 14:35:00
5998064.386604847,0.0,171.0,,1.0,,0.052708,,,2027-01-08 14:40:00
5998065.386750407,0.0,171.0,,1.0,,0.059191,,,2027-01-08 14:45:00
5998066.386895966,0.0,169.0,,1.0,,0.065505,,,2027-01-08 14:50:00
5998067.387041525,0.0,171.0,,1.0,,0.069375,,,2027-01-08 14:55:00
5998068.387187085,0.0,173.0,,1.0,,0.05585,,,2027-01-08 15:00:00
5998069.387332644,0.0,176.0,,1.0,,0.062922,,,2027-01-08 15:05:00
5998070.3874782035,0.0,178.0,,1.0,,0.07022,,,2027-01-08 15:10:00
5998071.387623763,0.0,178.0,,1.0,,0.061588,,,2027-01-08 15:15:00
5998072.387769322,0.0,178.0,,1.0,,0.067614,,,2027-01-08 15:20:00
5998073.387914881,0.0,179.0,,1.0,,0.075364,,,2027-01-08 15:25:00
5998074.38806044,0.0,181.0,,1.0,,0.06846,,,2027-01-08 15:30:00
5998075.388206,0.0,183.0,,1.0,,0.069263,,,2027-01-08 15:35:00
5998076.38835156,0.0,183.0,,1.0,,0.038692,,,2027-01-08 15:40:00
5998077.388497119,0.0,185.0,,1.0,,0.011655,,,2027-01-08 15:45:00
5998078.388642678,0.0,187.0,,1.0,,0.013914,,,2027-01-08 15:50:00
5998079.388788237,0.0,191.0,,1.0,,0.035077,,,2027-01-08 15:55:00
5998080.388933796,0.0,193.0,,1.0,,0.041678,,,2027-01-08 16:00:00
5998081.389079356,0.0,193.0,,1.0,,0.04695,,,2027-01-08 16:05:00
5998082.389224916,0.0,192.0,,1.0,,0.046971,,,2027-01-08 16:10:00
5998083.389370475,0.0,194.0,,1.0,,0.046542,,,2027-01-08 16:15:00
5998084.389516034,0.0,190.0,,1.0,,0.045064,,,2027-01-08 16:20:00
5998085.389661593,0.0,191.0,,1.0,,0.029342,,,2027-01-08 16:25:00
5998086.389807153,0.0,193.0,,1.0,,0.028947,,,2027-01-08 16:30:00
5998087.389952712,0.0,192.0,194.0,1.0,,0.033573,,7.4,2027-01-08 16:35:00
5998088.390098271,0.0,191.0,,1.0,,0.027996,,,2027-01-08 16:40:00
5998089.390243831,0.0,190.0,,1.0,,0.040776,,,2027-01-08 16:45:00
5998090.39038939,0.0,196.0,,1.0,,0.040395,,,2027-01-08 16:50:00
5998091.3905349495,0.0,199.0,,1.0,,0.03097,,,2027-01-08 16:55:00
5998092.390680509,0.0,192.0,,1.0,,0.039896,,,2027-01-08 17:00:00
5998093.390826068,0.0,199.0,199.0,1.0,,0.00909,,8.9,2027-01-08 17:05:00
5998094.390971627,0.0,196.0,,1.0,,0.021889,,,2027-01-08 17:10:00
5998095.391117186,0.0,189.0,,1.0,,0.029081,,,2027-01-08 17:15:00
5998096.391262746,0.0,182.0,,1.0,,0.026881,,,2027-01-08 17:20:00
5998097.391408306,0.0,177.0,,1.0,,0.03273,,,2027-01-08 17:25:00
5998098.391553865,0.0,174.0,,1.0,,0.044024,,,2027-01-08 17:30:00
5998099.391699424,0.0,175.0,,1.0,,0.09044,,,2027-01-08 17:35:00
5998100.391844983,0.0,173.0,,1.0,,0.060282,,,2027-01-08 17:40:00
5998101.391990542,0.0,174.0,,1.0,,0.067838,,,2027-01-08 17:45:00
5998102.392136102,0.0,168.0,,1.0,,0.042354,,,2027-01-08 17:50:00
5998103.392281662,0.0,164.0,,1.0,,0.036635,,,2027-01-08 17:55:00
5998104.392427221,0.0,160.0,,1.0,,0.037778,,,2027-01-08 18:00:00
5998105.39257278,0.0,155.0,,1.0,,0.039871,,,2027-01-08 18:05:00
5998106.392718339,0.0,150.0,,1.0,,0.047193,,,2027-01-08 18:10:00
5998107.392863899,0.0,148.0,,1.0,,0.012264,,,2027-01-08 18:15:00
5998108.393009458,0.0,142.0,,1.0,,0.07272,,,2027-01-08 18:20:00
5998109.393155017,0.0,137.0,,1.0,,0.0,,,2027-01-08 18:25:00
5998110.393300577,0.0,134.0,,1.0,,,,,2027-01-08 18:30:00
5998111.393446136,0.0,132.0,,1.0,,,,,2027-01-08 18:35:00
5998112.393591695,0.0,132.0,,1.0,,,,,2027-01-08 18:40:00
5998113.393737255,0.0,131.0,,1.0,,,,,2027-01-08 18:45:00
5998114.393882814,0.0,126.0,,1.0,,,,,2027-01-08 18:50:00
5998115.394028373,0.0,122.0,,1.0,,,,,2027-01-08 18:55:00
5998116.394173932,0.0,121.0,,1.0,,,,,2027-01-08 19:00:00
5998117.394319492,0.0,121.0,,1.0,,,,,2027-01-08 19:05:00
5998118.394465052,0.0,125.0,,1.0,,,,,2027-01-08 19:10:00
5998119.394610611,0.0,129.0,140.0,1.0,,,,10.0,2027-01-08 19:15:00
5998120.39475617,0.0,135.0,,1.0,,,,,2027-01-08 19:20:00
5998121.394901729,0.0,143.0,,1.0,,,60.0,,2027-01-08 19:25:00
5998122.395047288,0.0,153.0,,1.0,,0.013428,,,2027-01-08 19:30:00
5998123.395192848,0.0,163.0,,1.0,,0.030321,,,2027-01-08 19:35:00
5998124.395338408,0.0,169.0,,1.0,,0.022393,,,2027-01-08 19:40:00
5998125.395483967,0.0,169.0,,1.0,,0.026824,,,2027-01-08 19:45:00
5998126.395629526,0.0,164.0,,1.0,,0.012362,,,2027-01-08 19:50:00
5998127.395775085,0.0,157.0,,1.0,,0.063776,,,2027-01-08 19:55:00
5998128.3959206445,0.0,152.0,,1.0,,0.081127,,,2027-01-08 20:00:00
5998129.396066204,0.0,149.0,,1.0,,0.107986,,,2027-01-08 20:05:00
5998130.396211763,0.0,145.0,,1.0,,0.099034,,,2027-01-08 20:10:00
5998131.396357323,0.0,137.0,,1.0,,0.191977,,,2027-01-08 20:15:00
5998132.396502882,0.0,132.0,,1.0,,0.111847,,,2027-01-08 20:20:00
5998133.396648441,0.0,129.0,,1.0,,0.06487,,,2027-01-08 20:25:00
5998134.396794001,0.0,123.0,,1.0,,0.145748,,,2027-01-08 20:30:00
5998135.39693956,0.0,121.0,,1.0,,0.156819,,,2027-01-08 20:35:00
5998136.397085119,0.0,121.0,,1.0,,0.172995,,,2027-01-08 20:40:00
5998137.397230678,0.0,121.0,,1.0,,0.160759,,,2027-01-08 20:45:00
5998138.397376238,0.0,121.0,,1.0,,0.175104,,,2027-01-08 20:50:00
5998139.397521798,0.0,118.0,,1.0,,0.157576,,,2027-01-08 20:55:00
5998140.397667357,0.0,117.0,,1.0,,0.112098,,,2027-01-08 21:00:00
5998141.397812916,0.0,122.0,,1.0,,0.128975,,,2027-01-08 21:05:00
5998142.397958475,0.0,127.0,,1.0,,0.174979,,,2027-01-08 21:10:00
5998143.398104034,0.0,134.0,,1.0,,0.202012,,,2027-01-08 21:15:00
5998144.398249594,0.0,138.0,,1.0,,0.214505,,,2027-01-08 21:20:00
5998145.398395154,0.0,138.0,,1.0,,0.119563,,,2027-01-08 21:25:00
5998146.398540713,0.0,150.0,,1.0,,0.124772,,,2027-01-08 21:30:00
5998147.398686272,0.0,151.0,,1.0,,0.165488,,,2027-01-08 21:35:00
5998148.398831831,0.0,143.0,,1.0,,0.181951,,,2027-01-08 21:40:00
5998149.3989773905,0.0,137.0,,1.0,,0.209956,,,2027-01-08 21:45:00
5998150.39912295,0.0,134.0,,1.0,,0.214338,,,2027-01-08 21:50:00
5998151.399268509,0.0,132.0,,1.0,,0.227389,,,2027-01-08 21:55:00
5998152.399414069,0.0,129.0,,1.0,,0.23788,,,2027-01-08 22:00:00
5998153.399559628,0.0,129.0,,1.0,,0.251415,,,2027-01-08 22:05:00
5998154.399705187,0.0,127.0,,1.0,,0.284645,,,2027-01-08 22:10:00
5998155.399850747,0.0,124.0,,1.0,,0.309795,,,2027-01-08 22:15:00
5998156.399996306,0.0,122.0,,1.0,,0.341165,,,2027-01-08 22:20:00
5998157.400141865,0.0,119.0,,1.0,,0.362214,,,2027-01-08 22:25:00
5998158.400287424,0.0,117.0,,1.0,,0.384423,,,2027-01-08 22:30:00
5998159.400432984,0.0,116.0,,1.0,,0.3996,,,2027-01-08 22:35:00
5998160.400578544,0.0,115.0,,1.0,,0.419128,,,2027-01-08 22:40:00
5998161.400724103,0.0,115.0,,1.0,,0.428353,,,2027-01-08 22:45:00
5998162.400869662,0.0,117.0,,1.0,,0.416761,,,2027-01-08 22:50:00
5998163.401015221,0.0,119.0,,1.0,,1.624046,,,2027-01-08 22:55:00
5998164.40116078,0.0,123.0,,1.0,,9.083551,,,2027-01-08 23:00:00
5998165.40130634,0.0,128.0,,1.0,,11.63707,,,2027-01-08 23:05:00
5998166.4014519,0.0,132.0,,1.0,,7.396143,,,2027-01-08 23:10:00
5998167.401597459,0.0,136.0,,1.0,,9.133427,,,2027-01-08 23:15:00
5998168.401743018,0.0,139.0,,1.0,,8.30154,,,2027-01-08 23:20:00
5998169.401888577,0.0,141.0,,1.0,,6.939815,,,2027-01-08 23:25:00
5998170.4020341365,0.0,143.0,,1.0,,5.431923,,,2027-01-08 23:30:00
5998171.402179696,0.0,144.0,,1.0,,4.970425,,,2027-01-08 23:35:00
5998172.402325255,0.0,146.0,,1.0,,5.975285,,,2027-01-08 23:40:00
5998173.402470815,0.0,146.0,,1.0,,3.470378,,,2027-01-08 23:45:00
5998174.402616374,0.0,146.0,,1.0,,4.150917,,,2027-01-08 23:50:00
5998175.402761933,0.0,146.0,,1.0,,3.498687,,,2027-01-08 23:55:00
5998176.402907493,1.0,,,1.0,,3.362947,,,2027-01-09 00:00:00
5998177.403053052,1.0,,,1.0,,2.56178,,,2027-01-09 00:05:00
5998178.403198611,1.0,,,1.0,,2.184078,,,2027-01-09 00:10:00
5998179.40334417,1.0,,,1.0,,2.006273,,,2027-01-09 00:15:00
5998180.40348973,1.0,,,1.0,,1.814847,,,2027-01-09 00:20:00
5998181.4036352895,1.0,,,1.0,,1.809293,,,2027-01-09 00:25:00
5998182.403780849,1.0,,,1.0,,0.739589,,,2027-01-09 00:30:00
5998183.403926408,1.0,,,1.0,,0.318958,,,2027-01-09 00:35:00
5998184.404071967,1.0,,,1.0,,0.022336,,,2027-01-09 00:40:00
5998185.404217526,1.0,,213.0,1.0,,0.016593,,9.3,2027-01-09 00:45:00
5998186.4043630855,1.0,,,1.0,,0.037951,,,2027-01-09 00:50:00
5998187.404508646,1.0,,,1.0,,0.059129,,,2027-01-09 00:55:00
5998188.404654205,0.0,222.0,213.0,1.0,,0.028108,,,2027-01-09 01:00:00
5998189.404799764,0.0,228.0,,1.0,,0.042885,,,2027-01-09 01:05:00
5998190.404945323,0.0,228.0,,1.0,,0.041117,,,2027-01-09 01:10:00
5998191.405090882,0.0,228.0,,1.0,,0.022333,,,2027-01-09 01:15:00
5998192.405236442,0.0,229.0,,1.0,,0.03279,,,2027-01-09 01:20:00
5998193.405382001,0.0,224.0,,1.0,,0.022286,,,2027-01-09 01:25:00
5998194.405527561,0.0,217.0,,1.0,,0.018342,,,2027-01-09 01:30:00
5998195.40567312,0.0,211.0,,1.0,,0.021975,,,2027-01-09 01:35:00
5998196.405818679,0.0,206.0,,1.0,,0.025535,,,2027-01-09 01:40:00
5998197.405964239,0.0,202.0,,1.0,,0.028482,,,2027-01-09 01:45:00
5998198.406109798,0.0,199.0,,1.0,,0.028926,,,2027-01-09 01:50:00
5998199.406255357,0.0,195.0,,1.0,,0.029725,,,2027-01-09 01:55:00
5998200.406400916,0.0,189.0,,1.0,,0.029237,,,2027-01-09 02:00:00
5998201.406546476,0.0,185.0,,1.0,,0.023531,,,2027-01-09 02:05:00
5998202.4066920355,0.0,180.0,,1.0,,0.028067,,,2027-01-09 02:10:00
5998203.406837595,0.0,174.0,,1.0,,0.032076,,,2027-01-09 02:15:00
5998204.406983154,0.0,171.0,,1.0,,0.035455,,,2027-01-09 02:20:00
5998205.407128713,0.0,167.0,,1.0,,0.036219,,,2027-01-09 02:25:00
5998206.407274272,0.0,163.0,,1.0,,0.044738,,,2027-01-09 02:30:00
5998207.4074198315,0.0,159.0,,1.0,,0.017604,,,2027-01-09 02:35:00
5998208.407565392,0.0,155.0,,1.0,,0.02223,,,2027-01-09 02:40:00
5998209.407710951,0.0,152.0,,1.0,,0.033474,,,2027-01-09 02:45:00
5998210.40785651,0.0,150.0,,1.0,,0.043282,,,2027-01-09 02:50:00
5998211.408002069,0.0,147.0,,1.0,,0.076576,,,2027-01-09 02:55:00
5998212.408147628,0.0,146.0,,1.0,,0.034045,,,2027-01-09 03:00:00
5998213.408293188,0.0,143.0,,1.0,,0.03388,,,2027-01-09 03:05:00
5998214.408438747,0.0,140.0,,1.0,,0.027121,,,2027-01-09 03:10:00
5998215.408584307,0.0,136.0,,1.0,,0.030289,,,2027-01-09 03:15:00
5998216.408729866,0.0,133.0,,1.0,,0.01473,,,2027-01-09 03:20:00
5998217.408875425,0.0,131.0,,1.0,,0.0,,,2027-01-09 03:25:00
5998218.409020985,0.0,129.0,,1.0,,,,,2027-01-09 03:30:00
5998219.409166544,0.0,126.0,,1.0,,0.016483,,,2027-01-09 03:35:00
5998220.409312103,0.0,124.0,,1.0,,0.024514,,,2027-01-09 03:40:00
5998221.409457662,0.0,122.0,,1.0,,0.06193,,,2027-01-09 03:45:00
5998222.409603222,0.0,120.0,,1.0,,0.0617,,,2027-01-09 03:50:00
5998223.4097487815,0.0,118.0,,1.0,,0.07592,,,2027-01-09 03:55:00
5998224.409894341,0.0,115.0,,1.0,,0.087999,,,2027-01-09 04:00:00
5998225.4100399,0.0,118.0,,1.0,,0.099922,,,2027-01-09 04:05:00
5998226.410185459,0.0,121.0,,1.0,,0.219934,,,2027-01-09 04:10:00
5998227.410331018,0.0,125.0,,1.0,,0.427334,,,2027-01-09 04:15:00
5998228.4104765775,0.0,129.0,,1.0,,0.983982,,,2027-01-09 04:20:00
5998229.410622138,0.0,134.0,,1.0,,1.374733,,,2027-01-09 04:25:00
5998230.410767697,0.0,138.0,,1.0,,0.627729,,,2027-01-09 04:30:00
5998231.410913256,0.0,140.0,,1.0,,0.237937,,,2027-01-09 04:35:00
5998232.411058815,0.0,142.0,,1.0,,0.300771,,,2027-01-09 04:40:00
5998233.411204374,0.0,143.0,,1.0,,0.362749,,,2027-01-09 04:45:00
5998234.411349934,0.0,143.0,,1.0,,0.345393,,,2027-01-09 04:50:00
5998235.411495493,0.0,148.0,,1.0,,0.411194,,,2027-01-09 04:55:00
5998236.411641053,0.0,153.0,,1.0,,0.108471,,,2027-01-09 05:00:00
5998237.411786612,0.0,151.0,,1.0,,0.317046,,,2027-01-09 05:05:00
5998238.411932171,0.0,149.0,,1.0,,0.453827,,,2027-01-09 05:10:00
5998239.4120777305,0.0,147.0,,1.0,,0.053601,,,2027-01-09 05:15:00
5998240.41222329,0.0,145.0,,1.0,,0.18175,,,2027-01-09 05:20:00
5998241.412368849,0.0,145.0,,1.0,,0.288419,,,2027-01-09 05:25:00
5998242.412514408,0.0,145.0,,1.0,,0.351472,,,2027-01-09 05:30:00
5998243.412659968,0.0,145.0,,1.0,,0.427085,,,2027-01-09 05:35:00
5998244.412805527,0.0,150.0,,1.0,,0.456377,,,2027-01-09 05:40:00
5998245.412951087,0.0,150.0,,1.0,,0.527109,,,2027-01-09 05:45:00
5998246.413096646,0.0,148.0,,1.0,,0.594906,,,2027-01-09 05:50:00
5998247.413242205,0.0,146.0,,1.0,,0.14989,,,2027-01-09 05:55:00
5998248.413387764,0.0,144.0,,1.0,,0.141998,,,2027-01-09 06:00:00
5998249.413533323,0.0,144.0,,1.0,,0.142961,,,2027-01-09 06:05:00
5998250.413678884,0.0,143.0,,1.0,,0.179557,,,2027-01-09 06:10:00
5998251.413824443,0.0,139.0,,1.0,,0.309362,,,2027-01-09 06:15:00
5998252.413970002,0.0,135.0,,1.0,,0.383102,,,2027-01-09 06:20:00
5998253.414115561,0.0,133.0,,1.0,,0.431787,,,2027-01-09 06:25:00
5998254.41426112,0.0,132.0,,1.0,,0.467833,,,2027-01-09 06:30:00
5998255.41440668,0.0,131.0,,1.0,,0.500933,,,2027-01-09 06:35:00
5998256.414552239,0.0,131.0,,1.0,,0.531875,,,2027-01-09 06:40:00
5998257.414697799,0.0,129.0,,1.0,,0.559243,,,2027-01-09 06:45:00
5998258.414843358,0.0,127.0,,1.0,,0.532528,,,2027-01-09 06:50:00
5998259.414988917,0.0,126.0,,1.0,,0.346053,,,2027-01-09 06:55:00
5998260.4151344765,0.0,124.0,,1.0,,0.167531,,,2027-01-09 07:00:00
5998261.415280036,0.0,123.0,,1.0,,0.246783,,,2027-01-09 07:05:00
5998262.415425595,0.0,122.0,,1.0,,0.217474,,,2027-01-09 07:10:00
5998263.415571154,0.0,124.0,,1.0,,0.188384,,,2027-01-09 07:15:00
5998264.415716714,0.0,126.0,,1.0,,0.264994,,,2027-01-09 07:20:00
5998265.415862273,0.0,124.0,,1.0,,0.286813,,,2027-01-09 07:25:00
5998266.416007833,0.0,122.0,,1.0,,0.314595,,,2027-01-09 07:30:00
5998267.416153392,0.0,121.0,,1.0,,0.210129,,,2027-01-09 07:35:00
5998268.416298951,0.0,121.0,,1.0,,0.241496,,,2027-01-09 07:40:00
5998269.41644451,0.0,121.0,,1.0,,0.202785,,,2027-01-09 07:45:00
5998270.416590069,0.0,120.0,,1.0,,0.191007,,,2027-01-09 07:50:00
5998271.41673563,0.0,123.0,,1.0,,0.175964,,,2027-01-09 07:55:00
5998272.416881189,0.0,127.0,,1.0,,0.182782,,,2027-01-09 08:00:00
5998273.417026748,0.0,125.0,,1.0,,0.205175,,,2027-01-09 08:05:00
5998274.417172307,0.0,122.0,,1.0,,0.21193,,,2027-01-09 08:10:00
5998275.417317866,0.0,121.0,,1.0,,0.14181,,,2027-01-09 08:15:00
5998276.417463426,0.0,121.0,,1.0,,0.027724,,,2027-01-09 08:20:00
5998277.417608985,1.0,,,1.0,,0.017134,,,2027-01-09 08:25:00
5998278.417754545,1.0,,,1.0,,0.032091,,,2027-01-09 08:30:00
5998279.417900104,1.0,,,1.0,,0.08423,,,2027-01-09 08:35:00
5998280.418045663,1.0,,,1.0,,0.027056,,,2027-01-09 08:40:00
5998281.4181912225,1.0,,,1.0,,0.013186,,,2027-01-09 08:45:00
5998282.418336782,1.0,,,1.0,,0.0,,,2027-01-09 08:50:00
5998283.418482341,1.0,,,1.0,,0.013243,,,2027-01-09 08:55:00
5998284.4186279,1.0,,,1.0,,0.013134,,,2027-01-09 09:00:00
5998285.41877346,1.0,,,1.0,,0.024218,,,2027-01-09 09:05:00
5998286.418919019,1.0,,,1.0,,0.058075,,,2027-01-09 09:10:00
5998287.419064579,1.0,,145.0,1.0,,0.056171,,16.3,2027-01-09 09:15:00
5998288.419210138,1.0,,,1.0,,0.09849,,,2027-01-09 09:20:00
5998289.419355697,1.0,,,1.0,,0.122251,,,2027-01-09 09:25:00
5998290.419501256,1.0,,,1.0,,0.664908,,,2027-01-09 09:30:00
5998291.419646815,1.0,,,1.0,,0.076287,,,2027-01-09 09:35:00
5998292.4197923755,1.0,,,1.0,,0.134261,,,2027-01-09 09:40:00
5998293.419937935,1.0,,,1.0,,0.048357,,,2027-01-09 09:45:00
5998294.420083494,1.0,,,1.0,,0.059113,,,2027-01-09 09:50:00
5998295.420229053,1.0,,,1.0,,0.063653,,,2027-01-09 09:55:00
5998296.420374612,1.0,,,1.0,,0.02351,,,2027-01-09 10:00:00
5998297.4205201715,1.0,,,1.0,,0.026715,,,2027-01-09 10:05:00
5998298.420665731,1.0,,,1.0,,0.028051,,,2027-01-09 10:10:00
5998299.420811291,1.0,,,1.0,,0.037641,,,2027-01-09 10:15:00
5998300.42095685,1.0,,,1.0,,0.043008,,,2027-01-09 10:20:00
5998301.421102409,1.0,,,1.0,,0.04284,,,2027-01-09 10:25:00
5998302.421247968,1.0,,,1.0,,0.040225,,,2027-01-09 10:30:00
5998303.421393528,1.0,,,1.0,,0.04365,,,2027-01-09 10:35:00
5998304.421539087,1.0,,,1.0,,0.051929,,,2027-01-09 10:40:00
5998305.421684646,1.0,,,1.0,,0.009999,,,2027-01-09 10:45:00
5998306.421830205,1.0,,,1.0,,0.0,,,2027-01-09 10:50:00
5998307.421975765,1.0,,,1.0,,,,,2027-01-09 10:55:00
5998308.422121325,1.0,,,1.0,,,,,2027-01-09 11:00:00
5998309.422266884,1.0,,,1.0,,,,,2027-01-09 11:05:00
5998310.422412443,1.0,,,0.0,,,,,2027-01-09 11:10:00
5998311.422558002,1.0,,,0.0,,,,,2027-01-09 11:15:00
5998312.422703561,1.0,,,0.0,,,,,2027-01-09 11:20:00
5998313.422849121,1.0,,,0.0,,0.038818,,,2027-01-09 11:25:00
5998314.422994681,1.0,,,0.0,,0.014457,,,2027-01-09 11:30:00
5998315.42314024,1.0,,,1.0,,0.011602,,,2027-01-09 11:35:00
5998316.423285799,1.0,,,1.0,,0.013445,,,2027-01-09 11:40:00
5998317.423431358,1.0,,,1.0,,0.023074,,,2027-01-09 11:45:00
5998318.4235769175,1.0,,,1.0,,0.03936,,,2027-01-09 11:50:00
5998319.423722477,1.0,,,1.0,,0.339012,,,2027-01-09 11:55:00
5998320.423868036,1.0,,,1.0,,0.200323,,,2027-01-09 12:00:00
5998321.424013596,1.0,,,1.0,,0.014589,,,2027-01-09 12:05:00
5998322.424159155,1.0,,137.0,1.0,,0.0,,,2027-01-09 12:10:00
5998323.424304714,1.0,,,1.0,,,,,2027-01-09 12:15:00
5998324.424450274,1.0,,,1.0,,,,,2027-01-09 12:20:00
5998325.424595833,1.0,,,1.0,,,,,2027-01-09 12:25:00
5998326.424741392,1.0,,,1.0,,,,,2027-01-09 12:30:00
5998327.424886951,1.0,,,1.0,,,,,2027-01-09 12:35:00
5998328.425032511,1.0,,,1.0,,,,,2027-01-09 12:40:00
5998329.425178071,1.0,,,1.0,,,,,2027-01-09 12:45:00
5998330.42532363,1.0,,,1.0,,,,,2027-01-09 12:50:00
5998331.425469189,1.0,,,1.0,,,,,2027-01-09 12:55:00
5998332.425614748,1.0,,,1.0,,,,,2027-01-09 13:00:00
5998333.425760307,1.0,,,1.0,,,,,2027-01-09 13:05:00
5998334.425905867,1.0,,,1.0,,,,,2027-01-09 13:10:00
5998335.426051427,1.0,,,1.0,,,,,2027-01-09 13:15:00
5998336.426196986,1.0,,,1.0,,,,,2027-01-09 13:20:00
5998337.426342545,1.0,,,1.0,,0.022126,,,2027-01-09 13:25:00
5998338.426488104,1.0,,,1.0,,0.008041,,,2027-01-09 13:30:00
5998339.4266336635,1.0,,,1.0,,0.019701,,,2027-01-09 13:35:00
5998340.426779223,1.0,,,1.0,,0.009989,,,2027-01-09 13:40:00
5998341.426924782,1.0,,,1.0,,0.04213,,,2027-01-09 13:45:00
5998342.427070342,1.0,,,1.0,,0.008499,,,2027-01-09 13:50:00
5998343.427215901,1.0,,,1.0,,0.031663,,,2027-01-09 13:55:00
5998344.42736146,1.0,,,1.0,,0.014495,,,2027-01-09 14:00:00
5998345.42750702,1.0,,,1.0,,0.054432,,,2027-01-09 14:05:00
5998346.427652579,1.0,,,1.0,,0.190305,,,2027-01-09 14:10:00
5998347.427798138,1.0,,,1.0,,0.074914,,,2027-01-09 14:15:00
5998348.427943697,1.0,,,1.0,,0.409824,,,2027-01-09 14:20:00
5998349.428089257,1.0,,136.0,1.0,,0.083813,,1.6,2027-01-09 14:25:00
5998350.4282348165,1.0,,,1.0,,0.643878,,,2027-01-09 14:30:00
5998351.428380376,0.0,135.0,136.0,1.0,,0.163823,,,2027-01-09 14:35:00
5998352.428525935,0.0,131.0,,1.0,,0.092452,,,2027-01-09 14:40:00
5998353.428671494,0.0,127.0,,1.0,,0.081506,,,2027-01-09 14:45:00
5998354.428817053,0.0,123.0,,1.0,,0.016856,,,2027-01-09 14:50:00
5998355.4289626125,0.0,124.0,,1.0,,0.066887,,,2027-01-09 14:55:00
5998356.429108173,0.0,118.0,,1.0,,0.045897,,,2027-01-09 15:00:00
5998357.429253732,0.0,114.0,,1.0,,0.169781,,,2027-01-09 15:05:00
5998358.429399291,0.0,117.0,,1.0,,0.186258,,,2027-01-09 15:10:00
5998359.42954485,0.0,118.0,,1.0,,0.074899,,,2027-01-09 15:15:00
5998360.429690409,0.0,119.0,,1.0,,0.05228,,,2027-01-09 15:20:00
5998361.429835969,0.0,121.0,,1.0,,0.046691,,,2027-01-09 15:25:00
5998362.429981528,0.0,121.0,,1.0,,0.034027,,,2027-01-09 15:30:00
5998363.430127088,0.0,121.0,,1.0,,0.082325,,,2027-01-09 15:35:00
5998364.430272647,0.0,119.0,,1.0,,0.822522,,,2027-01-09 15:40:00
5998365.430418206,0.0,115.0,,1.0,,0.054423,,,2027-01-09 15:45:00
5998366.430563766,0.0,111.0,,1.0,,0.079831,,,2027-01-09 15:50:00
5998367.430709325,0.0,107.0,,1.0,,0.054357,,,2027-01-09 15:55:00
5998368.430854884,0.0,104.0,,1.0,,0.030012,,,2027-01-09 16:00:00
5998369.431000443,0.0,99.0,,1.0,,0.074671,,,2027-01-09 16:05:00
5998370.431146003,0.0,100.0,,1.0,,0.059566,,,2027-01-09 16:10:00
5998371.4312915625,0.0,106.0,,1.0,,0.045534,,,2027-01-09 16:15:00
5998372.431437122,0.0,111.0,,1.0,,0.072209,,,2027-01-09 16:20:00
5998373.431582681,0.0,111.0,,1.0,,0.037736,,,2027-01-09 16:25:00
5998374.43172824,0.0,112.0,,1.0,,0.028558,,,2027-01-09 16:30:00
5998375.431873799,0.0,109.0,,1.0,,0.054035,,,2027-01-09 16:35:00
5998376.4320193585,0.0,110.0,,1.0,,0.050099,,,2027-01-09 16:40:00
5998377.432164919,0.0,111.0,,1.0,,0.04944,,,2027-01-09 16:45:00
5998378.432310478,0.0,112.0,,1.0,,0.060807,,,2027-01-09 16:50:00
5998379.432456037,0.0,110.0,,1.0,,0.050213,,,2027-01-09 16:55:00
5998380.432601596,0.0,109.0,,1.0,,0.02318,,,2027-01-09 17:00:00
5998381.432747155,0.0,115.0,,1.0,,0.016164,,,2027-01-09 17:05:00
5998382.432892715,0.0,122.0,,1.0,,0.023676,,,2027-01-09 17:10:00
5998383.433038274,0.0,129.0,,1.0,,0.017037,,,2027-01-09 17:15:00
5998384.433183834,0.0,136.0,,1.0,,0.023171,,,2027-01-09 17:20:00
5998385.433329393,0.0,143.0,,1.0,,0.046901,,,2027-01-09 17:25:00
5998386.433474952,0.0,152.0,,1.0,,0.109442,,,2027-01-09 17:30:00
5998387.433620512,0.0,160.0,,1.0,,0.074747,,,2027-01-09 17:35:00
5998388.433766071,0.0,162.0,,1.0,,0.032877,,,2027-01-09 17:40:00
5998389.43391163,0.0,161.0,,1.0,,0.181014,,,2027-01-09 17:45:00
5998390.434057189,0.0,164.0,,1.0,,0.158031,,,2027-01-09 17:50:00
5998391.434202749,0.0,166.0,167.0,1.0,,0.043918,,12.2,2027-01-09 17:55:00
5998392.4343483085,0.0,162.0,,1.0,,0.011128,,,2027-01-09 18:00:00
5998393.434493868,0.0,157.0,,1.0,,0.010267,,,2027-01-09 18:05:00
5998394.434639427,0.0,160.0,,1.0,,0.0,,,2027-01-09 18:10:00
5998395.434784986,0.0,166.0,,1.0,,0.010434,,,2027-01-09 18:15:00
5998396.434930545,0.0,174.0,,1.0,,0.011297,,,2027-01-09 18:20:00
5998397.4350761045,0.0,184.0,,1.0,,0.009853,,,2027-01-09 18:25:00
5998398.435221665,0.0,192.0,,1.0,,0.015612,,,2027-01-09 18:30:00
5998399.435367224,0.0,195.0,,1.0,,0.008743,,,2027-01-09 18:35:00
5998400.435512783,0.0,195.0,,1.0,,0.010552,,,2027-01-09 18:40:00
5998401.435658342,0.0,198.0,,1.0,,0.011372,,,2027-01-09 18:45:00
5998402.435803901,0.0,206.0,,1.0,,0.017568,,,2027-01-09 18:50:00
5998403.435949461,0.0,208.0,,1.0,,0.016229,,,2027-01-09 18:55:00
5998404.43609502,0.0,204.0,,1.0,,0.016126,,,2027-01-09 19:00:00
5998405.43624058,0.0,200.0,,1.0,,0.009267,,,2027-01-09 19:05:00
5998406.436386139,0.0,201.0,,1.0,,0.010691,,,2027-01-09 19:10:00
5998407.436531698,0.0,208.0,,1.0,,0.008847,,,2027-01-09 19:15:00
5998408.4366772575,0.0,211.0,209.0,1.0,,0.0,,11.8,2027-01-09 19:20:00
5998409.436822817,0.0,215.0,,1.0,,0.009602,,,2027-01-09 19:25:00
5998410.436968376,0.0,225.0,,1.0,,0.0,,,2027-01-09 19:30:00
5998411.437113935,0.0,231.0,,1.0,,0.011724,,,2027-01-09 19:35:00
5998412.437259495,0.0,235.0,,1.0,,0.025249,,,2027-01-09 19:40:00
5998413.437405054,0.0,237.0,,1.0,,0.130637,,,2027-01-09 19:45:00
5998414.437550614,0.0,238.0,,1.0,,0.080679,,,2027-01-09 19:50:00
5998415.437696173,0.0,238.0,,1.0,,0.009978,,,2027-01-09 19:55:00
5998416.437841732,0.0,240.0,,1.0,,0.010954,,,2027-01-09 20:00:00
5998417.437987291,0.0,242.0,,1.0,,0.009449,,,2027-01-09 20:05:00
5998418.43813285,0.0,246.0,,1.0,,0.010334,,,2027-01-09 20:10:00
5998419.438278411,0.0,248.0,,1.0,,0.011635,,,2027-01-09 20:15:00
5998420.43842397,0.0,248.0,,1.0,,0.0,,,2027-01-09 20:20:00
5998421.438569529,1.0,,,1.0,,,,,2027-01-09 20:25:00
5998422.438715088,1.0,,,1.0,,,,,2027-01-09 20:30:00
5998423.438860647,1.0,,,1.0,,0.01125,,,2027-01-09 20:35:00
5998424.439006207,1.0,,,1.0,,0.010552,,,2027-01-09 20:40:00
5998425.439151766,1.0,,,1.0,,0.02252,,,2027-01-09 20:45:00
5998426.439297326,1.0,,,1.0,,0.0167,,,2027-01-09 20:50:00
5998427.439442885,1.0,,,1.0,,0.012572,,,2027-01-09 20:55:00
5998428.439588444,1.0,,,1.0,,0.029723,,,2027-01-09 21:00:00
5998429.4397340035,1.0,,,1.0,,0.025439,,,2027-01-09 21:05:00
5998430.439879563,1.0,,,1.0,,0.024486,,,2027-01-09 21:10:00
5998431.440025122,1.0,,,1.0,,0.041414,,,2027-01-09 21:15:00
5998432.440170681,1.0,,,1.0,,0.146006,,,2027-01-09 21:20:00
5998433.440316241,1.0,,,1.0,,0.006157,,,2027-01-09 21:25:00
5998434.4404618,1.0,,,1.0,,0.006489,,,2027-01-09 21:30:00
5998435.44060736,1.0,,,1.0,,0.065397,,,2027-01-09 21:35:00
5998436.440752919,1.0,,,1.0,,2.164991,,,2027-01-09 21:40:00
5998437.440898478,1.0,,,1.0,,1.992485,,,2027-01-09 21:45:00
5998438.441044037,1.0,,,1.0,,0.88421,,,2027-01-09 21:50:00
5998439.441189596,1.0,,,1.0,,0.060825,,,2027-01-09 21:55:00
5998440.441335157,1.0,,220.0,1.0,,0.070311,,8.8,2027-01-09 22:00:00
5998441.441480716,1.0,,,1.0,,0.158054,,,2027-01-09 22:05:00
5998442.441626275,0.0,211.0,220.0,1.0,,0.290636,,,2027-01-09 22:10:00
5998443.441771834,0.0,197.0,,1.0,,0.015225,,,2027-01-09 22:15:00
5998444.441917393,0.0,186.0,,1.0,,0.076364,,,2027-01-09 22:20:00
5998445.442062953,0.0,175.0,,1.0,,0.096082,,,2027-01-09 22:25:00
5998446.442208512,0.0,167.0,,1.0,,0.147016,,,2027-01-09 22:30:00
5998447.442354072,0.0,164.0,,1.0,,0.251211,,,2027-01-09 22:35:00
5998448.442499631,0.0,156.0,,1.0,,0.01745,,,2027-01-09 22:40:00
5998449.44264519,0.0,148.0,,1.0,,0.012383,,,2027-01-09 22:45:00
5998450.4427907495,0.0,146.0,,1.0,,0.019964,,,2027-01-09 22:50:00
5998451.442936309,0.0,146.0,,1.0,,0.010581,,,2027-01-09 22:55:00
5998452.443081868,0.0,143.0,,1.0,,0.026307,,,2027-01-09 23:00:00
5998453.443227427,0.0,128.0,,1.0,,0.110746,,,2027-01-09 23:05:00
5998454.443372987,0.0,121.0,,1.0,,0.122239,,,2027-01-09 23:10:00
5998455.443518546,0.0,122.0,,1.0,,0.064601,,,2027-01-09 23:15:00
5998456.443664106,0.0,115.0,,1.0,,0.065938,,,2027-01-09 23:20:00
5998457.443809665,0.0,106.0,,1.0,,0.036591,,,2027-01-09 23:25:00
5998458.443955224,0.0,92.0,,1.0,,0.056566,,,2027-01-09 23:30:00
5998459.444100783,0.0,98.0,,1.0,,0.045815,,,2027-01-09 23:35:00
5998460.444246342,0.0,104.0,,1.0,,0.079438,,,2027-01-09 23:40:00
5998461.444391903,0.0,115.0,,1.0,,0.117081,,,2027-01-09 23:45:00
5998462.444537462,0.0,119.0,,1.0,,0.082125,,,2027-01-09 23:50:00
5998463.444683021,0.0,117.0,,1.0,,0.04662,,,2027-01-09 23:55:00
5998464.44482858,0.0,111.0,,1.0,,0.050983,,,2027-01-10 00:00:00
5998465.444974139,0.0,104.0,,1.0,,0.047857,,,2027-01-10 00:05:00
5998466.4451196985,0.0,99.0,,1.0,,0.016391,,,2027-01-10 00:10:00
5998467.445265258,0.0,93.0,,1.0,,0.01693,,,2027-01-10 00:15:00
5998468.445410818,0.0,90.0,,1.0,,0.031448,,,2027-01-10 00:20:00
5998469.445556377,0.0,92.0,,1.0,,0.068171,,,2027-01-10 00:25:00
5998470.445701936,0.0,93.0,,1.0,,0.10467,,,2027-01-10 00:30:00
5998471.445847495,0.0,92.0,,1.0,,0.216481,,,2027-01-10 00:35:00
5998472.445993055,0.0,86.0,,1.0,,0.355294,,,2027-01-10 00:40:00
5998473.446138614,0.0,70.0,,1.0,,0.42748,,,2027-01-10 00:45:00
5998474.446284173,0.0,67.0,,1.0,,0.493005,,,2027-01-10 00:50:00
5998475.446429733,0.0,63.0,,1.0,,0.109639,,,2027-01-10 00:55:00
5998476.446575292,0.0,57.0,,1.0,,0.174643,,,2027-01-10 01:00:00
5998477.446720852,0.0,54.0,,1.0,,0.173844,,,2027-01-10 01:05:00
5998478.446866411,0.0,52.0,,1.0,,0.238157,,,2027-01-10 01:10:00
5998479.44701197,0.0,54.0,,1.0,,0.280634,,,2027-01-10 01:15:00
5998480.447157529,0.0,54.0,,1.0,,0.309904,,,2027-01-10 01:20:00
5998481.447303088,0.0,53.0,,1.0,,0.370111,,,2027-01-10 01:25:00
5998482.4474486485,0.0,51.0,,1.0,,0.451526,,,2027-01-10 01:30:00
5998483.447594208,0.0,49.0,,1.0,,0.497957,,,2027-01-10 01:35:00
5998484.447739767,0.0,48.0,,1.0,,0.537905,,,2027-01-10 01:40:00
5998485.447885326,0.0,51.0,,1.0,,0.558757,,,2027-01-10 01:45:00
5998486.448030885,0.0,53.0,,1.0,,0.571527,,,2027-01-10 01:50:00
5998487.4481764445,0.0,52.0,,1.0,,0.593626,,,2027-01-10 01:55:00
5998488.448322004,0.0,52.0,,1.0,,0.01818,,,2027-01-10 02:00:00
5998489.448467564,0.0,52.0,,1.0,,0.018395,,,2027-01-10 02:05:00
5998490.448613123,0.0,52.0,,1.0,,0.016812,,,2027-01-10 02:10:00
5998491.448758682,0.0,51.0,,1.0,,0.015915,,,2027-01-10 02:15:00
5998492.448904241,0.0,54.0,,1.0,,0.015416,,,2027-01-10 02:20:00
5998493.449049801,0.0,54.0,,1.0,,0.0,,,2027-01-10 02:25:00
5998494.44919536,0.0,53.0,,1.0,,0.014803,,,2027-01-10 02:30:00
5998495.449340919,0.0,52.0,,1.0,,0.0,,,2027-01-10 02:35:00
5998496.449486479,0.0,51.0,,1.0,,,,,2027-01-10 02:40:00
5998497.449632038,0.0,52.0,,1.0,,0.040488,,,2027-01-10 02:45:00
5998498.449777598,0.0,53.0,,1.0,,0.040417,,,2027-01-10 02:50:00
5998499.449923157,0.0,53.0,,1.0,,0.041687,,,2027-01-10 02:55:00
5998500.450068716,0.0,54.0,,1.0,,0.040713,,,2027-01-10 03:00:00
5998501.450214275,0.0,55.0,,1.0,,0.042812,,,2027-01-10 03:05:00
5998502.450359834,0.0,55.0,,1.0,,0.04439,,,2027-01-10 03:10:00
5998503.4505053945,0.0,56.0,,1.0,,0.016945,,,2027-01-10 03:15:00
5998504.450650954,0.0,56.0,,1.0,,0.174337,,,2027-01-10 03:20:00
5998505.450796513,0.0,56.0,,1.0,,0.225754,,,2027-01-10 03:25:00
5998506.450942072,0.0,56.0,,1.0,,0.272785,,,2027-01-10 03:30:00
5998507.451087631,0.0,56.0,,1.0,,0.30668,,,2027-01-10 03:35:00
5998508.4512331905,0.0,59.0,,1.0,,0.337728,,,2027-01-10 03:40:00
5998509.45137875,0.0,60.0,,1.0,,0.437194,,,2027-01-10 03:45:00
5998510.45152431,0.0,57.0,,1.0,,0.492325,,,2027-01-10 03:50:00
5998511.451669869,0.0,55.0,,1.0,,0.525206,,,2027-01-10 03:55:00
5998512.451815428,0.0,54.0,,1.0,,0.556984,,,2027-01-10 04:00:00
5998513.451960987,0.0,54.0,,1.0,,0.591806,,,2027-01-10 04:05:00
5998514.452106547,0.0,53.0,,1.0,,0.59565,,,2027-01-10 04:10:00
5998515.452252106,0.0,50.0,,1.0,,0.568958,,,2027-01-10 04:15:00
5998516.452397665,0.0,48.0,,1.0,,0.599319,,,2027-01-10 04:20:00
5998517.452543225,0.0,47.0,,1.0,,0.647736,,,2027-01-10 04:25:00
5998518.452688784,0.0,46.0,,1.0,,0.666504,,,2027-01-10 04:30:00
5998519.452834344,0.0,57.0,,1.0,,0.665408,,,2027-01-10 04:35:00
5998520.452979903,0.0,65.0,,1.0,,0.681544,,,2027-01-10 04:40:00
5998521.453125462,0.0,63.0,,1.0,,0.571201,,,2027-01-10 04:45:00
5998522.453271021,0.0,61.0,,1.0,,0.55661,,,2027-01-10 04:50:00
5998523.45341658,0.0,63.0,,1.0,,0.037781,,,2027-01-10 04:55:00
5998524.45356214,0.0,67.0,,1.0,,0.043803,,,2027-01-10 05:00:00
5998525.4537077,0.0,66.0,,1.0,,0.015111,,,2027-01-10 05:05:00
5998526.453853259,0.0,62.0,,1.0,,0.0,,,2027-01-10 05:10:00
5998527.453998818,0.0,65.0,,1.0,,0.017386,,,2027-01-10 05:15:00
5998528.454144377,0.0,64.0,,1.0,,0.0,,,2027-01-10 05:20:00
5998529.454289936,0.0,69.0,,1.0,,0.019893,,,2027-01-10 05:25:00
5998530.454435496,0.0,68.0,,1.0,,0.0,,,2027-01-10 05:30:00
5998531.454581056,0.0,66.0,,1.0,,0.052044,,,2027-01-10 05:35:00
5998532.454726615,0.0,64.0,,1.0,,0.064186,,,2027-01-10 05:40:00
5998533.454872174,0.0,63.0,,1.0,,0.072627,,,2027-01-10 05:45:00
5998534.455017733,0.0,63.0,,1.0,,0.105347,,,2027-01-10 05:50:00
5998535.455163293,0.0,65.0,,1.0,,0.101566,,,2027-01-10 05:55:00
5998536.455308852,0.0,66.0,,1.0,,0.111208,,,2027-01-10 06:00:00
5998537.455454411,0.0,67.0,,1.0,,0.145298,,,2027-01-10 06:05:00
5998538.455599971,0.0,67.0,,1.0,,0.157141,,,2027-01-10 06:10:00
5998539.45574553,0.0,67.0,,1.0,,0.148399,,,2027-01-10 06:15:00
5998540.4558910895,0.0,68.0,,1.0,,0.20538,,,2027-01-10 06:20:00
5998541.456036649,0.0,68.0,,1.0,,0.233536,,,2027-01-10 06:25:00
5998542.456182208,0.0,67.0,,1.0,,0.227607,,,2027-01-10 06:30:00
5998543.456327767,0.0,69.0,,1.0,,0.156931,,,2027-01-10 06:35:00
5998544.456473326,0.0,71.0,,1.0,,0.092926,,,2027-01-10 06:40:00
5998545.456618886,0.0,71.0,,1.0,,0.107613,,,2027-01-10 06:45:00
5998546.456764446,0.0,73.0,,1.0,,0.151003,,,2027-01-10 06:50:00
5998547.456910005,0.0,73.0,,1.0,,0.181283,,,2027-01-10 06:55:00
5998548.457055564,0.0,79.0,,1.0,,0.139664,,,2027-01-10 07:00:00
5998549.457201123,0.0,82.0,,1.0,,0.168023,,,2027-01-10 07:05:00
5998550.457346682,0.0,75.0,,1.0,,0.268302,,,2027-01-10 07:10:00
5998551.457492242,0.0,71.0,,1.0,,0.144871,,,2027-01-10 07:15:00
5998552.457637802,0.0,72.0,,1.0,,0.100183,,,2027-01-10 07:20:00
5998553.457783361,0.0,69.0,,1.0,,0.102152,,,2027-01-10 07:25:00
5998554.45792892,0.0,68.0,,1.0,,0.074501,,,2027-01-10 07:30:00
5998555.458074479,0.0,73.0,,1.0,,0.017352,,,2027-01-10 07:35:00
5998556.458220039,0.0,72.0,,1.0,,0.01117,,,2027-01-10 07:40:00
5998557.458365598,0.0,69.0,,1.0,,0.0,,,2027-01-10 07:45:00
5998558.458511157,0.0,69.0,,1.0,,,,,2027-01-10 07:50:00
5998559.458656717,0.0,72.0,,1.0,,,,,2027-01-10 07:55:00
5998560.458802276,0.0,75.0,,1.0,,,,,2027-01-10 08:00:00
5998561.4589478355,0.0,70.0,,1.0,,,,,2027-01-10 08:05:00
5998562.459093395,0.0,67.0,,1.0,,,,,2027-01-10 08:10:00
5998563.459238954,0.0,68.0,,1.0,,,,,2027-01-10 08:15:00
5998564.459384513,0.0,69.0,,1.0,,,,,2027-01-10 08:20:00
5998565.459530072,0.0,71.0,,1.0,,,,,2027-01-10 08:25:00
5998566.459675632,0.0,72.0,,1.0,,,65.0,,2027-01-10 08:30:00
5998567.459821192,0.0,77.0,,1.0,,,,,2027-01-10 08:35:00
5998568.459966751,0.0,88.0,,1.0,,,,,2027-01-10 08:40:00
5998569.46011231,0.0,99.0,,1.0,,,,,2027-01-10 08:45:00
5998570.460257869,0.0,110.0,,1.0,,,,,2027-01-10 08:50:00
5998571.460403428,0.0,122.0,,1.0,,,,,2027-01-10 08:55:00
5998572.460548988,0.0,140.0,,1.0,,,,,2027-01-10 09:00:00
5998573.460694548,0.0,157.0,157.0,1.0,,,,17.3,2027-01-10 09:05:00
5998574.460840107,0.0,184.0,,1.0,,,,,2027-01-10 09:10:00
5998575.460985666,0.0,205.0,,1.0,,,,,2027-01-10 09:15:00
5998576.461131225,0.0,172.0,157.0,1.0,,,,,2027-01-10 09:20:00
5998577.461276785,0.0,182.0,,1.0,,,,,2027-01-10 09:25:00
5998578.461422344,0.0,185.0,,1.0,,,,,2027-01-10 09:30:00
5998579.461567903,0.0,191.0,,1.0,,,,,2027-01-10 09:35:00
5998580.461713463,0.0,193.0,,1.0,,,,,2027-01-10 09:40:00
5998581.461859022,0.0,188.0,,1.0,,,,,2027-01-10 09:45:00
5998582.4620045815,0.0,188.0,,1.0,,,,,2027-01-10 09:50:00
5998583.462150141,0.0,182.0,,1.0,,,,,2027-01-10 09:55:00
5998584.4622957,0.0,174.0,,1.0,,,,,2027-01-10 10:00:00
5998585.462441259,0.0,166.0,,1.0,,,,,2027-01-10 10:05:00
5998586.462586818,0.0,158.0,,1.0,,,,,2027-01-10 10:10:00
5998587.462732378,0.0,151.0,,1.0,,,,,2027-01-10 10:15:00
5998588.462877938,0.0,142.0,,1.0,,,,,2027-01-10 10:20:00
5998589.463023497,0.0,133.0,,1.0,,,,,2027-01-10 10:25:00
5998590.463169056,0.0,125.0,,1.0,,,,,2027-01-10 10:30:00
5998591.463314615,0.0,114.0,,1.0,,,,,2027-01-10 10:35:00
5998592.463460174,0.0,113.0,,1.0,,,,,2027-01-10 10:40:00
5998593.463605734,0.0,105.0,,1.0,,,,,2027-01-10 10:45:00
5998594.463751294,0.0,100.0,,1.0,,,,,2027-01-10 10:50:00
5998595.463896853,0.0,98.0,,1.0,,,,,2027-01-10 10:55:00
5998596.464042412,0.0,97.0,,1.0,,,,,2027-01-10 11:00:00
5998597.464187971,0.0,93.0,,1.0,,,,,2027-01-10 11:05:00
5998598.4643335305,0.0,92.0,,1.0,,,,,2027-01-10 11:10:00
5998599.46447909,0.0,88.0,,1.0,,,,,2027-01-10 11:15:00
5998600.464624649,0.0,84.0,,1.0,,,,,2027-01-10 11:20:00
5998601.464770209,0.0,79.0,,1.0,,,,,2027-01-10 11:25:00
5998602.464915768,0.0,75.0,,1.0,,,,,2027-01-10 11:30:00
5998603.465061327,0.0,70.0,,1.0,,,,,2027-01-10 11:35:00
5998604.465206887,0.0,65.0,,1.0,,,,,2027-01-10 11:40:00
5998605.465352446,0.0,63.0,,1.0,,,,,2027-01-10 11:45:00
5998606.465498005,0.0,63.0,,1.0,,,,,2027-01-10 11:50:00
5998607.465643564,0.0,68.0,,1.0,,,,,2027-01-10 11:55:00
5998608.465789124,0.0,74.0,,1.0,,,,,2027-01-10 12:00:00
5998609.465934684,0.0,79.0,,1.0,,,,,2027-01-10 12:05:00
5998610.466080243,0.0,79.0,,1.0,,,,,2027-01-10 12:10:00
5998611.466225802,0.0,80.0,,1.0,,,,,2027-01-10 12:15:00
5998612.466371361,0.0,79.0,,1.0,,,,,2027-01-10 12:20:00
5998613.46651692,0.0,82.0,,1.0,,,,,2027-01-10 12:25:00
5998614.46666248,0.0,83.0,,1.0,,,,,2027-01-10 12:30:00
5998615.46680804,0.0,88.0,,1.0,,,,,2027-01-10 12:35:00
5998616.466953599,0.0,90.0,,1.0,,,,,2027-01-10 12:40:00
5998617.467099158,0.0,91.0,,1.0,,,,,2027-01-10 12:45:00
5998618.467244717,0.0,93.0,,1.0,,,,,2027-01-10 12:50:00
5998619.4673902765,0.0,95.0,,1.0,,,,,2027-01-10 12:55:00
5998620.467535836,0.0,95.0,,1.0,,,30.0,,2027-01-10 13:00:00
5998621.467681395,0.0,95.0,,1.0,,,,,2027-01-10 13:05:00
5998622.467826955,0.0,101.0,,1.0,,,,,2027-01-10 13:10:00
5998623.467972514,0.0,105.0,,1.0,,,,,2027-01-10 13:15:00
5998624.468118073,0.0,107.0,,1.0,,,,,2027-01-10 13:20:00
5998625.468263633,0.0,115.0,,1.0,,,,,2027-01-10 13:25:00
5998626.468409192,0.0,120.0,,1.0,,,,,2027-01-10 13:30:00
5998627.468554751,0.0,126.0,,1.0,,,,,2027-01-10 13:35:00
5998628.46870031,0.0,139.0,,1.0,,,,,2027-01-10 13:40:00
5998629.46884587,0.0,148.0,,1.0,,,,,2027-01-10 13:45:00
5998630.46899143,0.0,144.0,,1.0,,,,,2027-01-10 13:50:00
5998631.469136989,0.0,146.0,,1.0,,,,,2027-01-10 13:55:00
5998632.469282548,0.0,149.0,,1.0,,,,,2027-01-10 14:00:00
5998633.469428107,0.0,154.0,,1.0,,,,,2027-01-10 14:05:00
5998634.469573666,0.0,157.0,,1.0,,,,,2027-01-10 14:10:00
5998635.469719226,0.0,165.0,,1.0,,,,,2027-01-10 14:15:00
5998636.469864786,0.0,169.0,,1.0,,,,,2027-01-10 14:20:00
5998637.470010345,0.0,165.0,,1.0,,,,,2027-01-10 14:25:00
5998638.470155904,0.0,169.0,,1.0,,,,,2027-01-10 14:30:00
5998639.470301463,0.0,177.0,,1.0,,,,,2027-01-10 14:35:00
5998640.4704470225,0.0,185.0,,1.0,,0.024632,,,2027-01-10 14:40:00
5998641.470592582,0.0,191.0,190.0,1.0,,0.043971,,12.6,2027-01-10 14:45:00
5998642.470738141,0.0,195.0,,1.0,,0.055462,,,2027-01-10 14:50:00
5998643.470883701,0.0,199.0,,1.0,,0.13398,,,2027-01-10 14:55:00
5998644.47102926,0.0,203.0,,1.0,,0.392418,,,2027-01-10 15:00:00
5998645.471174819,0.0,204.0,,1.0,,3.660916,,,2027-01-10 15:05:00
5998646.471320379,0.0,201.0,,1.0,,2.17726,,,2027-01-10 15:10:00
5998647.471465938,0.0,199.0,,1.0,,2.425551,,,2027-01-10 15:15:00
5998648.471611497,0.0,200.0,,1.0,,0.0293,,,2027-01-10 15:20:00
5998649.471757056,0.0,198.0,,1.0,,0.094209,,,2027-01-10 15:25:00
5998650.471902616,0.0,195.0,,1.0,,0.131643,,,2027-01-10 15:30:00
5998651.4720481755,0.0,191.0,,1.0,,0.140688,,,2027-01-10 15:35:00
5998652.472193735,0.0,186.0,,1.0,,0.233701,,,2027-01-10 15:40:00
5998653.472339294,0.0,180.0,,1.0,,0.271974,,,2027-01-10 15:45:00
5998654.472484853,0.0,174.0,,1.0,,0.504247,,,2027-01-10 15:50:00
5998655.472630412,0.0,163.0,,1.0,,0.125804,,,2027-01-10 15:55:00
5998656.4727759715,0.0,157.0,,1.0,,0.321524,,,2027-01-10 16:00:00
5998657.472921532,0.0,150.0,,1.0,,0.560001,,,2027-01-10 16:05:00
5998658.473067091,0.0,141.0,,1.0,,0.628314,,,2027-01-10 16:10:00
5998659.47321265,0.0,137.0,,1.0,,0.915724,,,2027-01-10 16:15:00
5998660.473358209,0.0,133.0,,1.0,,0.591052,,,2027-01-10 16:20:00
5998661.473503768,0.0,131.0,,1.0,,0.051162,,,2027-01-10 16:25:00
5998662.473649328,0.0,130.0,,1.0,,0.390303,,,2027-01-10 16:30:00
5998663.473794887,0.0,128.0,,1.0,,1.247525,,,2027-01-10 16:35:00
5998664.473940447,0.0,129.0,,1.0,,2.470401,,,2027-01-10 16:40:00
5998665.474086006,0.0,131.0,,1.0,,3.48999,,,2027-01-10 16:45:00
5998666.474231565,0.0,132.0,,1.0,,8.111485,,,2027-01-10 16:50:00
5998667.474377125,0.0,134.0,,1.0,,10.408696,,,2027-01-10 16:55:00
5998668.474522684,0.0,131.0,,1.0,,11.865825,,,2027-01-10 17:00:00
5998669.474668243,0.0,130.0,,1.0,,13.741696,,,2027-01-10 17:05:00
5998670.474813802,0.0,127.0,,1.0,,16.994164,,,2027-01-10 17:10:00
5998671.474959362,0.0,128.0,,1.0,,16.270389,,,2027-01-10 17:15:00
5998672.4751049215,0.0,129.0,,1.0,,13.928211,,,2027-01-10 17:20:00
5998673.475250481,0.0,136.0,,1.0,,13.168814,,,2027-01-10 17:25:00
5998674.47539604,0.0,138.0,,1.0,,13.379089,,,2027-01-10 17:30:00
5998675.475541599,0.0,141.0,,1.0,,11.791061,,,2027-01-10 17:35:00
5998676.475687158,0.0,146.0,,1.0,,11.964006,,,2027-01-10 17:40:00
5998677.4758327175,0.0,148.0,,1.0,,12.619849,,,2027-01-10 17:45:00
5998678.475978278,0.0,150.0,,1.0,,12.891951,,,2027-01-10 17:50:00
5998679.476123837,0.0,152.0,,1.0,,12.554077,,,2027-01-10 17:55:00
5998680.476269396,0.0,153.0,,1.0,,12.456302,,,2027-01-10 18:00:00
5998681.476414955,0.0,158.0,,1.0,,12.171091,,,2027-01-10 18:05:00
5998682.476560514,0.0,157.0,,1.0,,11.043727,,,2027-01-10 18:10:00
5998683.476706074,0.0,157.0,,1.0,,0.012015,,,2027-01-10 18:15:00
5998684.476851633,0.0,160.0,,1.0,,0.014378,,,2027-01-10 18:20:00
5998685.476997193,0.0,165.0,,1.0,,0.091822,,,2027-01-10 18:25:00
5998686.477142752,0.0,165.0,,1.0,,0.016081,,,2027-01-10 18:30:00
5998687.477288311,0.0,167.0,,1.0,,0.028956,,,2027-01-10 18:35:00
5998688.477433871,0.0,170.0,,1.0,,1.084564,,,2027-01-10 18:40:00
5998689.47757943,0.0,174.0,,1.0,,5.437837,,,2027-01-10 18:45:00
5998690.477724989,0.0,185.0,,1.0,,0.203922,,,2027-01-10 18:50:00
5998691.477870548,0.0,197.0,,1.0,,0.0167,,,2027-01-10 18:55:00
5998692.478016108,0.0,205.0,,1.0,,0.005447,,,2027-01-10 19:00:00
5998693.4781616675,0.0,210.0,,1.0,,12.121039,,,2027-01-10 19:05:00
5998694.478307227,0.0,215.0,,1.0,,2.7087,,,2027-01-10 19:10:00
5998695.478452786,0.0,220.0,,1.0,,4.673059,,,2027-01-10 19:15:00
5998696.478598345,0.0,227.0,,1.0,,12.196067,,,2027-01-10 19:20:00
5998697.478743904,0.0,233.0,,1.0,,9.036942,,,2027-01-10 19:25:00
5998698.4788894635,0.0,234.0,,1.0,,7.416797,,,2027-01-10 19:30:00
5998699.479035024,0.0,230.0,,1.0,,2.424772,,,2027-01-10 19:35:00
5998700.479180583,0.0,231.0,,1.0,,1.272315,,,2027-01-10 19:40:00
5998701.479326142,0.0,235.0,,1.0,,0.0,,,2027-01-10 19:45:00
5998702.479471701,0.0,233.0,,1.0,,,,,2027-01-10 19:50:00
5998703.47961726,0.0,235.0,,1.0,,,,,2027-01-10 19:55:00
5998704.47976282,0.0,240.0,235.0,1.0,,,,11.9,2027-01-10 20:00:00
5998705.479908379,0.0,242.0,,0.0,,0.00942,,,2027-01-10 20:05:00
5998706.480053939,0.0,250.0,,0.0,,0.011836,,,2027-01-10 20:10:00
5998707.480199498,0.0,260.0,,0.0,,0.009688,,,2027-01-10 20:15:00
5998708.480345057,0.0,265.0,,0.0,,0.011022,,,2027-01-10 20:20:00
5998709.4804906165,0.0,265.0,,0.0,,0.01234,,,2027-01-10 20:25:00
5998710.480636176,0.0,264.0,,1.0,,0.011149,,,2027-01-10 20:30:00
5998711.480781735,0.0,266.0,,1.0,,0.012161,,,2027-01-10 20:35:00
5998712.480927294,0.0,270.0,,1.0,,0.011213,,,2027-01-10 20:40:00
5998713.481072854,0.0,279.0,,1.0,,0.008657,,,2027-01-10 20:45:00
5998714.481218413,0.0,290.0,,1.0,,0.008853,,,2027-01-10 20:50:00
5998715.481363973,0.0,300.0,,1.0,,0.009118,,,2027-01-10 20:55:00
5998716.481509532,0.0,305.0,,1.0,,0.006971,,,2027-01-10 21:00:00
5998717.481655091,1.0,,,1.0,,0.08396,,,2027-01-10 21:05:00
5998718.48180065,1.0,,,1.0,,1.633204,,,2027-01-10 21:10:00
5998719.481946209,1.0,,,1.0,,4.55094,,,2027-01-10 21:15:00
5998720.48209177,1.0,,,1.0,,3.901554,,,2027-01-10 21:20:00
5998721.482237329,1.0,,,1.0,,1.717581,,,2027-01-10 21:25:00
5998722.482382888,1.0,,,1.0,,1.245464,,,2027-01-10 21:30:00
5998723.482528447,1.0,,458.0,1.0,,0.608076,,25.0,2027-01-10 21:35:00
5998724.482674006,1.0,,,1.0,,0.543852,,,2027-01-10 21:40:00
5998725.482819566,1.0,,,1.0,,0.497285,,,2027-01-10 21:45:00
5998726.482965125,1.0,,,1.0,,0.373012,,,2027-01-10 21:50:00
5998727.483110685,1.0,,,1.0,,0.358751,,,2027-01-10 21:55:00
5998728.483256244,1.0,,,1.0,,0.154158,,,2027-01-10 22:00:00
5998729.483401803,1.0,,,1.0,,0.20016,,20.0,2027-01-10 22:05:00
5998730.4835473625,1.0,,,1.0,,0.017451,,,2027-01-10 22:10:00
5998731.483692922,1.0,,,1.0,,0.098863,,,2027-01-10 22:15:00
5998732.483838481,1.0,,,1.0,,0.031494,,,2027-01-10 22:20:00
5998733.48398404,1.0,,,1.0,,0.037257,,,2027-01-10 22:25:00
5998734.4841296,1.0,,,1.0,,32.398602,,,2027-01-10 22:30:00
5998735.484275159,1.0,,,1.0,,1.988252,,,2027-01-10 22:35:00
5998736.484420719,1.0,,,1.0,,0.588146,,,2027-01-10 22:40:00
5998737.484566278,1.0,,,1.0,,0.580344,,,2027-01-10 22:45:00
5998738.484711837,1.0,,,1.0,,0.482053,,,2027-01-10 22:50:00
5998739.484857396,1.0,,282.0,1.0,,0.286986,,3.4,2027-01-10 22:55:00
5998740.485002955,1.0,,,1.0,,0.290621,,,2027-01-10 23:00:00
5998741.485148516,0.0,272.0,282.0,1.0,,0.324258,,,2027-01-10 23:05:00
5998742.485294075,0.0,259.0,,1.0,,0.347355,,,2027-01-10 23:10:00
5998743.485439634,0.0,250.0,,1.0,,0.374996,,,2027-01-10 23:15:00
5998744.485585193,0.0,245.0,,1.0,,0.402707,,,2027-01-10 23:20:00
5998745.485730752,0.0,241.0,,1.0,,0.441857,,,2027-01-10 23:25:00
5998746.485876312,0.0,236.0,,1.0,,0.44607,,,2027-01-10 23:30:00
5998747.486021871,0.0,230.0,,1.0,,0.458912,,,2027-01-10 23:35:00
5998748.486167431,0.0,214.0,,1.0,,0.446119,,,2027-01-10 23:40:00
5998749.48631299,0.0,206.0,,1.0,,0.427128,,,2027-01-10 23:45:00
5998750.486458549,0.0,197.0,,1.0,,0.423076,,,2027-01-10 23:50:00
5998751.4866041085,0.0,191.0,,1.0,,0.416823,,,2027-01-10 23:55:00
5998752.486749668,0.0,190.0,,0.85,,0.410154,,,2027-01-11 00:00:00
5998753.486895227,0.0,195.0,,0.85,,0.405427,,,2027-01-11 00:05:00
5998754.487040786,0.0,189.0,,0.85,,0.409031,,,2027-01-11 00:10:00
5998755.487186346,0.0,179.0,,0.85,,0.419608,,,2027-01-11 00:15:00
5998756.487331905,0.0,172.0,,0.85,,1.456306,,,2027-01-11 00:20:00
5998757.487477465,0.0,165.0,,0.85,,2.598689,,,2027-01-11 00:25:00
5998758.487623024,0.0,157.0,,0.85,,1.651848,,,2027-01-11 00:30:00
5998759.487768583,0.0,149.0,,0.85,,1.160359,,,2027-01-11 00:35:00
5998760.487914142,0.0,144.0,,0.85,,1.018155,,,2027-01-11 00:40:00
5998761.488059701,0.0,140.0,,0.85,,1.018243,,,2027-01-11 00:45:00
5998762.4882052615,0.0,139.0,,0.85,,1.023385,,,2027-01-11 00:50:00
5998763.488350821,0.0,141.0,,0.85,,1.124931,,,2027-01-11 00:55:00
5998764.48849638,0.0,138.0,,0.85,,1.070305,,,2027-01-11 01:00:00
5998765.488641939,0.0,135.0,,0.85,,1.101316,,,2027-01-11 01:05:00
5998766.488787498,0.0,132.0,,0.85,,0.813993,,,2027-01-11 01:10:00
5998767.4889330575,0.0,129.0,,0.85,,0.069712,,,2027-01-11 01:15:00
5998768.489078617,0.0,128.0,,0.85,,0.082852,,,2027-01-11 01:20:00
5998769.489224177,0.0,129.0,,0.85,,0.091166,,,2027-01-11 01:25:00
5998770.489369736,0.0,130.0,,0.85,,0.076717,,,2027-01-11 01:30:00
5998771.489515295,0.0,126.0,,0.85,,0.014354,,,2027-01-11 01:35:00
5998772.489660854,0.0,121.0,,0.85,,0.0,,,2027-01-11 01:40:00
5998773.489806414,0.0,117.0,,0.85,,0.017069,,,2027-01-11 01:45:00
5998774.489951973,0.0,114.0,,0.85,,0.041116,,,2027-01-11 01:50:00
5998775.490097532,0.0,113.0,,0.85,,0.059891,,,2027-01-11 01:55:00
5998776.490243092,0.0,112.0,,0.85,,0.078627,,,2027-01-11 02:00:00
5998777.490388651,0.0,110.0,,0.85,,0.061827,,,2027-01-11 02:05:00
5998778.490534211,0.0,109.0,,0.85,,0.080101,,,2027-01-11 02:10:00
5998779.49067977,0.0,109.0,,0.85,,0.099161,,,2027-01-11 02:15:00
5998780.490825329,0.0,110.0,,0.85,,0.030252,,,2027-01-11 02:20:00
5998781.490970888,0.0,115.0,,0.85,,0.067327,,,2027-01-11 02:25:00
5998782.491116447,0.0,120.0,,0.85,,0.037604,,,2027-01-11 02:30:00
5998783.4912620075,0.0,121.0,,0.85,,0.0572,,,2027-01-11 02:35:00
5998784.491407567,0.0,128.0,,0.85,,0.072905,,,2027-01-11 02:40:00
5998785.491553126,0.0,129.0,,0.85,,0.090125,,,2027-01-11 02:45:00
5998786.491698685,0.0,129.0,,0.85,,0.104575,,,2027-01-11 02:50:00
5998787.491844244,0.0,133.0,,0.85,,0.024345,,,2027-01-11 02:55:00
5998788.4919898035,0.0,135.0,,1.75,,0.025048,,,2027-01-11 03:00:00
5998789.492135363,0.0,137.0,,1.75,,0.026855,,,2027-01-11 03:05:00
5998790.492280923,0.0,140.0,,1.75,,0.027639,,,2027-01-11 03:10:00
5998791.492426482,0.0,142.0,,1.75,,0.033688,,,2027-01-11 03:15:00
5998792.492572041,0.0,143.0,,1.75,,0.043318,,,2027-01-11 03:20:00
5998793.4927176,0.0,144.0,,1.75,,0.045822,,,2027-01-11 03:25:00
5998794.49286316,0.0,146.0,,1.75,,0.059366,,,2027-01-11 03:30:00
5998795.493008719,0.0,151.0,,1.75,,0.076008,,,2027-01-11 03:35:00
5998796.493154278,0.0,151.0,,1.75,,0.094263,,,2027-01-11 03:40:00
5998797.493299838,0.0,149.0,,1.75,,0.113815,,,2027-01-11 03:45:00
5998798.493445397,0.0,147.0,,1.75,,0.128159,,,2027-01-11 03:50:00
5998799.493590957,0.0,145.0,,1.75,,0.083819,,,2027-01-11 03:55:00
5998800.493736516,0.0,145.0,,1.75,,0.499844,,,2027-01-11 04:00:00
5998801.493882075,0.0,145.0,,1.75,,1.489612,,,2027-01-11 04:05:00
5998802.494027634,0.0,146.0,,1.75,,4.769645,,,2027-01-11 04:10:00
5998803.494173193,0.0,152.0,,1.75,,2.755955,,,2027-01-11 04:15:00
5998804.4943187535,0.0,155.0,,1.75,,3.321515,,,2027-01-11 04:20:00
5998805.494464313,0.0,153.0,,1.75,,1.503389,,,2027-01-11 04:25:00
5998806.494609872,0.0,154.0,,1.75,,1.003894,,,2027-01-11 04:30:00
5998807.494755431,0.0,153.0,,1.75,,0.91319,,,2027-01-11 04:35:00
5998808.49490099,0.0,152.0,,1.75,,0.950168,,,2027-01-11 04:40:00
5998809.4950465495,0.0,156.0,,1.75,,1.338345,,,2027-01-11 04:45:00
5998810.495192109,0.0,160.0,,1.75,,1.383468,,,2027-01-11 04:50:00
5998811.495337669,0.0,158.0,,1.75,,1.133863,,,2027-01-11 04:55:00
5998812.495483228,0.0,157.0,,1.75,,0.69782,,,2027-01-11 05:00:00
5998813.495628787,0.0,158.0,,1.75,,0.033876,,,2027-01-11 05:05:00
5998814.495774346,0.0,158.0,,1.75,,0.060756,,,2027-01-11 05:10:00
5998815.495919906,0.0,160.0,,1.75,,0.067196,,,2027-01-11 05:15:00
5998816.496065465,0.0,160.0,,1.75,,0.074845,,,2027-01-11 05:20:00
5998817.496211024,0.0,162.0,,1.75,,0.082666,,,2027-01-11 05:25:00
5998818.496356584,0.0,161.0,,1.75,,0.129554,,,2027-01-11 05:30:00
5998819.496502143,0.0,161.0,,1.75,,0.840454,,,2027-01-11 05:35:00
5998820.4966477025,0.0,162.0,,1.75,,0.065013,,,2027-01-11 05:40:00
5998821.496793262,0.0,163.0,,1.75,,0.033263,,,2027-01-11 05:45:00
5998822.496938821,0.0,163.0,,1.75,,0.030917,,,2027-01-11 05:50:00
5998823.49708438,0.0,161.0,,1.75,,0.043225,,,2027-01-11 05:55:00
5998824.497229939,0.0,161.0,,1.75,,0.075354,,,2027-01-11 06:00:00
5998825.497375499,0.0,158.0,,1.75,,0.097467,,,2027-01-11 06:05:00
5998826.497521059,0.0,153.0,,1.75,,0.115487,,,2027-01-11 06:10:00
5998827.497666618,0.0,154.0,,1.75,,0.114858,,,2027-01-11 06:15:00
5998828.497812177,0.0,151.0,,1.75,,0.123532,,,2027-01-11 06:20:00
5998829.497957736,0.0,146.0,,1.75,,0.133835,,,2027-01-11 06:25:00
5998830.498103295,0.0,142.0,,1.75,,0.172518,,,2027-01-11 06:30:00
5998831.498248855,0.0,139.0,,1.75,,0.137546,,,2027-01-11 06:35:00
5998832.498394415,0.0,136.0,,1.75,,0.022875,,,2027-01-11 06:40:00
5998833.498539974,0.0,136.0,,1.75,,0.055057,,,2027-01-11 06:45:00
5998834.498685533,0.0,140.0,,1.75,,0.01508,,,2027-01-11 06:50:00
5998835.498831092,0.0,142.0,,1.75,,0.0,,,2027-01-11 06:55:00
5998836.498976652,0.0,147.0,,1.75,,,,,2027-01-11 07:00:00
5998837.499122211,0.0,149.0,,1.75,,0.035525,,,2027-01-11 07:05:00
5998838.49926777,0.0,147.0,,1.75,,0.017358,,,2027-01-11 07:10:00
5998839.49941333,0.0,144.0,,1.75,,0.024826,,,2027-01-11 07:15:00
5998840.499558889,0.0,146.0,,1.75,,0.016635,,,2027-01-11 07:20:00
5998841.4997044485,0.0,147.0,,1.75,,0.01423,,,2027-01-11 07:25:00
5998842.499850008,0.0,148.0,,1.75,,0.014472,,,2027-01-11 07:30:00
5998843.499995567,0.0,147.0,,1.75,,0.019557,,,2027-01-11 07:35:00
5998844.500141126,0.0,155.0,,1.75,,0.015883,,,2027-01-11 07:40:00
5998845.500286685,0.0,159.0,,1.75,,0.016497,,,2027-01-11 07:45:00
5998846.500432245,0.0,159.0,,1.75,,0.017388,,,2027-01-11 07:50:00
5998847.500577805,0.0,159.0,,1.75,,0.016316,,,2027-01-11 07:55:00
5998848.500723364,0.0,157.0,,1.35,,0.015168,,,2027-01-11 08:00:00
5998849.500868923,0.0,153.0,,1.35,,0.021297,,,2027-01-11 08:05:00
5998850.501014482,0.0,155.0,,1.35,,0.011278,,,2027-01-11 08:10:00
5998851.501160041,0.0,160.0,,1.35,,0.014356,,,2027-01-11 08:15:00
5998852.501305601,0.0,155.0,,1.35,,0.012594,,,2027-01-11 08:20:00
5998853.501451161,0.0,153.0,,1.35,,0.02308,,,2027-01-11 08:25:00
5998854.50159672,0.0,154.0,,1.35,,0.035881,,,2027-01-11 08:30:00
5998855.501742279,0.0,151.0,,1.35,,0.516961,,,2027-01-11 08:35:00
5998856.501887838,0.0,146.0,,1.35,,0.016409,,,2027-01-11 08:40:00
5998857.502033398,0.0,146.0,,1.35,,0.058121,,,2027-01-11 08:45:00
5998858.502178957,0.0,146.0,,1.35,,0.029484,,,2027-01-11 08:50:00
5998859.502324516,0.0,143.0,,1.35,,0.00821,,,2027-01-11 08:55:00
5998860.502470076,0.0,150.0,,1.35,,0.0,78.0,,2027-01-11 09:00:00
5998861.502615635,0.0,159.0,,1.35,,,,,2027-01-11 09:05:00
5998862.5027611945,0.0,163.0,,1.35,,,,,2027-01-11 09:10:00
5998863.502906754,0.0,166.0,166.0,1.35,,,,17.6,2027-01-11 09:15:00
5998864.503052313,0.0,172.0,,1.35,,,,,2027-01-11 09:20:00
5998865.503197872,0.0,174.0,,1.35,,,,,2027-01-11 09:25:00
5998866.503343431,0.0,181.0,,1.35,,,,,2027-01-11 09:30:00
5998867.503488991,0.0,190.0,,1.35,,,,,2027-01-11 09:35:00
5998868.503634551,0.0,201.0,,1.35,,,,,2027-01-11 09:40:00
5998869.50378011,0.0,211.0,,1.35,,,,,2027-01-11 09:45:00
5998870.503925669,0.0,215.0,,1.35,,,,,2027-01-11 09:50:00
5998871.504071228,0.0,216.0,,1.35,,,,,2027-01-11 09:55:00
5998872.504216787,0.0,218.0,,1.15,,,,,2027-01-11 10:00:00
5998873.504362347,0.0,220.0,,1.15,,,,,2027-01-11 10:05:00
5998874.504507907,0.0,226.0,,1.15,,,,,2027-01-11 10:10:00
5998875.504653466,0.0,231.0,,1.15,,,,,2027-01-11 10:15:00
5998876.504799025,0.0,232.0,,1.15,,,,,2027-01-11 10:20:00
5998877.504944584,0.0,235.0,,1.15,,,,,2027-01-11 10:25:00
5998878.5050901435,0.0,236.0,,1.15,,,,,2027-01-11 10:30:00
5998879.505235703,0.0,231.0,,1.15,,0.017738,,,2027-01-11 10:35:00
5998880.505381262,0.0,226.0,,1.15,,0.030598,,,2027-01-11 10:40:00
5998881.505526822,0.0,224.0,,1.15,,0.052673,,,2027-01-11 10:45:00
5998882.505672381,0.0,222.0,,1.15,,0.074529,,,2027-01-11 10:50:00
5998883.50581794,1.0,,,1.15,,0.093033,,,2027-01-11 10:55:00
5998884.5059635,1.0,,,1.15,,0.110339,,,2027-01-11 11:00:00
5998885.506109059,1.0,,,1.15,,0.127783,,,2027-01-11 11:05:00
5998886.506254618,1.0,,,1.15,,0.08265,,,2027-01-11 11:10:00
5998887.506400177,1.0,,,1.15,,0.029851,,,2027-01-11 11:15:00
5998888.506545737,1.0,,258.0,1.15,,0.026591,,9.8,2027-01-11 11:20:00
5998889.506691297,1.0,,,1.15,,0.037107,,,2027-01-11 11:25:00
5998890.506836856,0.0,250.0,258.0,1.15,,0.051548,,,2027-01-11 11:30:00
5998891.506982415,0.0,255.0,,1.15,,0.024112,,,2027-01-11 11:35:00
5998892.507127974,0.0,256.0,,1.15,,0.028632,,,2027-01-11 11:40:00
5998893.507273533,0.0,256.0,,1.15,,0.012408,,,2027-01-11 11:45:00
5998894.507419093,0.0,253.0,,1.15,,0.01765,,,2027-01-11 11:50:00
5998895.507564653,0.0,246.0,,1.15,,0.026787,,,2027-01-11 11:55:00
5998896.507710212,0.0,234.0,,1.15,,0.013699,,,2027-01-11 12:00:00
5998897.507855771,0.0,223.0,,1.15,,0.045991,,,2027-01-11 12:05:00
5998898.50800133,0.0,215.0,,1.15,,0.029639,,,2027-01-11 12:10:00
5998899.5081468895,0.0,212.0,,1.15,,0.032517,,,2027-01-11 12:15:00
5998900.508292449,0.0,213.0,,1.15,,0.046245,,,2027-01-11 12:20:00
5998901.508438008,0.0,219.0,,1.15,,0.054243,,,2027-01-11 12:25:00
5998902.508583568,0.0,222.0,,1.1,,0.060755,,,2027-01-11 12:30:00
5998903.508729127,0.0,219.0,,1.1,,0.017352,,,2027-01-11 12:35:00
5998904.508874686,0.0,213.0,,1.1,,0.012608,,,2027-01-11 12:40:00
5998905.509020246,0.0,209.0,,1.1,,0.019322,,,2027-01-11 12:45:00
5998906.509165805,0.0,204.0,,1.1,,0.01304,,,2027-01-11 12:50:00
5998907.509311364,0.0,199.0,,1.1,,0.011611,,,2027-01-11 12:55:00
5998908.509456923,0.0,193.0,,1.1,,1.816502,,,2027-01-11 13:00:00
5998909.509602483,0.0,186.0,,1.1,,0.31884,,,2027-01-11 13:05:00
5998910.509748043,0.0,181.0,,1.1,,0.065877,,,2027-01-11 13:10:00
5998911.509893602,0.0,175.0,,1.1,,0.065754,,,2027-01-11 13:15:00
5998912.510039161,0.0,169.0,,1.1,,0.324318,,,2027-01-11 13:20:00
5998913.51018472,0.0,174.0,,1.1,,0.169074,,,2027-01-11 13:25:00
5998914.510330279,0.0,178.0,,1.1,,0.0576,,,2027-01-11 13:30:00
5998915.510475839,0.0,183.0,,1.1,,0.103843,,,2027-01-11 13:35:00
5998916.510621399,0.0,191.0,193.0,1.1,,0.55124,,14.5,2027-01-11 13:40:00
5998917.510766958,0.0,194.0,,1.1,,0.220313,,,2027-01-11 13:45:00
5998918.510912517,0.0,204.0,,1.1,,0.111601,,,2027-01-11 13:50:00
5998919.511058076,0.0,217.0,,1.1,,0.264399,,,2027-01-11 13:55:00
5998920.5112036355,0.0,232.0,,1.1,,0.176509,,,2027-01-11 14:00:00
5998921.511349195,0.0,243.0,,1.1,,0.133645,,,2027-01-11 14:05:00
5998922.511494754,0.0,252.0,,1.1,,0.103274,,,2027-01-11 14:10:00
5998923.511640314,0.0,261.0,,1.1,,0.112988,,,2027-01-11 14:15:00
5998924.511785873,0.0,268.0,,1.1,,0.120797,,,2027-01-11 14:20:00
5998925.511931432,0.0,272.0,,1.1,,0.062093,,,2027-01-11 14:25:00
5998926.512076992,0.0,280.0,,1.1,,0.022149,,,2027-01-11 14:30:00
5998927.512222551,0.0,288.0,,1.1,,0.023746,,,2027-01-11 14:35:00
5998928.51236811,0.0,300.0,,1.1,,0.038621,,,2027-01-11 14:40:00
5998929.512513669,0.0,306.0,,1.1,,0.057627,,,2027-01-11 14:45:00
5998930.512659229,0.0,311.0,,1.1,,0.064924,,,2027-01-11 14:50:00
5998931.512804789,0.0,309.0,,1.1,,0.036887,,,2027-01-11 14:55:00
5998932.512950348,0.0,311.0,312.0,1.1,,0.067386,,10.6,2027-01-11 15:00:00
5998933.513095907,0.0,312.0,,1.1,,0.087849,,,2027-01-11 15:05:00
5998934.513241466,0.0,313.0,,1.1,,0.085727,,,2027-01-11 15:10:00
5998935.513387025,0.0,327.0,,1.1,,0.118194,,,2027-01-11 15:15:00
5998936.5135325845,0.0,340.0,,1.1,,0.467485,,,2027-01-11 15:20:00
5998937.513678145,0.0,345.0,,1.1,,0.259689,,,2027-01-11 15:25:00
5998938.513823704,0.0,349.0,,1.1,,0.263006,,,2027-01-11 15:30:00
5998939.513969263,0.0,352.0,,1.1,,0.289165,,,2027-01-11 15:35:00
5998940.514114822,0.0,354.0,,1.1,,0.32958,,,2027-01-11 15:40:00
5998941.514260381,0.0,355.0,,1.1,,0.357282,,,2027-01-11 15:45:00
5998942.514405941,0.0,355.0,,1.1,,0.351393,,,2027-01-11 15:50:00
5998943.5145515,0.0,353.0,,1.1,,0.838889,,,2027-01-11 15:55:00
5998944.51469706,0.0,348.0,348.0,1.1,,2.147648,,13.6,2027-01-11 16:00:00
5998945.514842619,0.0,345.0,,1.1,,3.149142,,,2027-01-11 16:05:00
5998946.514988178,0.0,346.0,,1.1,,1.796142,,,2027-01-11 16:10:00
5998947.515133738,0.0,355.0,,1.1,,1.389428,,,2027-01-11 16:15:00
5998948.515279297,0.0,353.0,,1.1,,3.776413,,,2027-01-11 16:20:00
5998949.515424856,0.0,347.0,,1.1,,2.393604,,,2027-01-11 16:25:00
5998950.515570415,0.0,340.0,,1.1,,2.250011,,,2027-01-11 16:30:00
5998951.515715975,0.0,329.0,,1.1,,0.139903,,,2027-01-11 16:35:00
5998952.5158615345,0.0,323.0,,1.1,,0.089033,,,2027-01-11 16:40:00
5998953.516007094,0.0,321.0,,1.1,,0.189997,,,2027-01-11 16:45:00
5998954.516152653,0.0,321.0,,1.1,,0.150508,,,2027-01-11 16:50:00
5998955.516298212,0.0,317.0,,1.1,,0.759028,,,2027-01-11 16:55:00
5998956.516443771,0.0,309.0,317.0,1.1,,0.651485,,7.6,2027-01-11 17:00:00
5998957.5165893305,0.0,303.0,,1.1,,6.302332,,,2027-01-11 17:05:00
5998958.516734891,0.0,298.0,,1.1,,6.06509,,,2027-01-11 17:10:00
5998959.51688045,0.0,293.0,,1.1,,2.56562,,,2027-01-11 17:15:00
5998960.517026009,0.0,291.0,,1.1,,2.460247,,,2027-01-11 17:20:00
5998961.517171568,0.0,287.0,,1.1,,4.983246,,,2027-01-11 17:25:00
5998962.517317127,0.0,281.0,,1.1,,3.569014,,,2027-01-11 17:30:00
5998963.517462687,0.0,266.0,,1.1,,1.218053,,,2027-01-11 17:35:00
5998964.517608246,0.0,259.0,,1.1,,1.243936,,,2027-01-11 17:40:00
5998965.517753806,0.0,243.0,,1.1,,0.106079,,,2027-01-11 17:45:00
5998966.517899365,0.0,226.0,,1.1,,0.066709,,,2027-01-11 17:50:00
5998967.518044924,0.0,194.0,,1.1,,0.998169,,,2027-01-11 17:55:00
5998968.518190484,0.0,184.0,,1.2,,0.734317,,,2027-01-11 18:00:00
5998969.518336043,0.0,188.0,,1.2,,1.184463,,,2027-01-11 18:05:00
5998970.518481602,0.0,183.0,,1.2,,0.704779,,,2027-01-11 18:10:00
5998971.518627161,0.0,173.0,,1.2,,0.901733,,,2027-01-11 18:15:00
5998972.518772721,0.0,170.0,,1.2,,1.726817,,,2027-01-11 18:20:00
5998973.5189182805,0.0,172.0,,1.2,,3.112848,,,2027-01-11 18:25:00
5998974.51906384,0.0,163.0,,1.2,,5.178709,,,2027-01-11 18:30:00
5998975.519209399,0.0,152.0,,1.2,,9.702548,,,2027-01-11 18:35:00
5998976.519354958,0.0,149.0,,1.2,,10.225006,,,2027-01-11 18:40:00
5998977.519500517,0.0,143.0,,1.2,,9.330652,,,2027-01-11 18:45:00
5998978.5196460765,0.0,135.0,,1.2,,10.123713,,,2027-01-11 18:50:00
5998979.519791637,0.0,131.0,,1.2,,12.02257,,,2027-01-11 18:55:00
5998980.519937196,0.0,127.0,,1.2,,12.936992,,,2027-01-11 19:00:00
5998981.520082755,0.0,126.0,,1.2,,8.017006,,,2027-01-11 19:05:00
5998982.520228314,0.0,120.0,,1.2,,7.931949,,,2027-01-11 19:10:00
5998983.520373873,0.0,113.0,,1.2,,7.308487,,,2027-01-11 19:15:00
5998984.520519433,0.0,109.0,,1.2,,1.59607,,,2027-01-11 19:20:00
5998985.520664992,0.0,108.0,,1.2,,0.640262,,,2027-01-11 19:25:00
5998986.520810552,0.0,109.0,,1.2,,0.203234,,,2027-01-11 19:30:00
5998987.520956111,0.0,107.0,,1.2,,1.440102,,,2027-01-11 19:35:00
5998988.52110167,0.0,105.0,,1.2,,1.957193,,,2027-01-11 19:40:00
5998989.52124723,0.0,104.0,,1.2,,1.764299,,,2027-01-11 19:45:00
5998990.521392789,0.0,104.0,,1.2,,0.930802,,,2027-01-11 19:50:00
5998991.521538348,0.0,104.0,,1.2,,0.618633,,,2027-01-11 19:55:00
5998992.521683907,0.0,105.0,,1.2,,0.486453,110.0,,2027-01-11 20:00:00
5998993.521829467,0.0,105.0,,1.2,,0.42682,,,2027-01-11 20:05:00
5998994.5219750265,0.0,106.0,,1.2,,0.393339,,,2027-01-11 20:10:00
5998995.522120586,0.0,106.0,,1.2,,0.317876,,,2027-01-11 20:15:00
5998996.522266145,0.0,105.0,,1.2,,0.29642,,,2027-01-11 20:20:00
5998997.522411704,0.0,103.0,,1.2,,0.769439,,,2027-01-11 20:25:00
5998998.522557263,0.0,102.0,,1.2,,0.728706,,,2027-01-11 20:30:00
5998999.522702822,0.0,104.0,,1.2,,0.03008,,,2027-01-11 20:35:00
5999000.522848383,0.0,101.0,,1.2,,0.040878,,,2027-01-11 20:40:00
5999001.522993942,0.0,104.0,,1.2,,0.060921,,,2027-01-11 20:45:00
5999002.523139501,0.0,103.0,,1.2,,0.033572,,,2027-01-11 20:50:00
5999003.52328506,0.0,101.0,,1.2,,0.124166,,,2027-01-11 20:55:00
5999004.523430619,0.0,102.0,,1.2,,0.265502,,,2027-01-11 21:00:00
5999005.523576179,0.0,104.0,,1.2,,0.377927,,,2027-01-11 21:05:00
5999006.523721738,0.0,113.0,,1.2,,0.474144,,,2027-01-11 21:10:00
5999007.523867298,0.0,136.0,,1.2,,0.562102,,,2027-01-11 21:15:00
5999008.524012857,0.0,159.0,,1.2,,0.015237,,,2027-01-11 21:20:00
5999009.524158416,0.0,178.0,,1.2,,0.02176,,,2027-01-11 21:25:00
5999010.5243039755,0.0,197.0,180.0,1.2,,0.018809,,17.0,2027-01-11 21:30:00
5999011.524449535,0.0,219.0,,1.2,,0.045551,,,2027-01-11 21:35:00
5999012.524595094,0.0,238.0,,1.2,,0.082487,,,2027-01-11 21:40:00
5999013.524740653,0.0,254.0,,1.2,,0.283971,,,2027-01-11 21:45:00
5999014.524886213,0.0,271.0,,1.2,,0.021009,,,2027-01-11 21:50:00
5999015.525031772,0.0,288.0,,1.2,,0.036416,,,2027-01-11 21:55:00
5999016.525177332,0.0,294.0,,1.0,,0.011137,,,2027-01-11 22:00:00
5999017.525322891,0.0,297.0,,1.0,,0.007422,,,2027-01-11 22:05:00
5999018.52546845,0.0,302.0,,1.0,,0.0,,,2027-01-11 22:10:00
5999019.525614009,0.0,308.0,,1.0,,,,,2027-01-11 22:15:00
5999020.525759568,0.0,313.0,,1.0,,,,,2027-01-11 22:20:00
5999021.525905129,0.0,311.0,,1.0,,,,,2027-01-11 22:25:00
5999022.526050688,0.0,310.0,,1.0,,,,,2027-01-11 22:30:00
5999023.526196247,0.0,303.0,,1.0,,,,,2027-01-11 22:35:00
5999024.526341806,0.0,304.0,,1.0,,,,,2027-01-11 22:40:00
5999025.526487365,0.0,309.0,,1.0,,,,,2027-01-11 22:45:00
5999026.526632925,0.0,318.0,,1.0,,,,,2027-01-11 22:50:00
5999027.526778484,0.0,317.0,,1.0,,0.053832,,,2027-01-11 22:55:00
5999028.526924044,0.0,308.0,,1.0,,0.045319,,,2027-01-11 23:00:00
5999029.527069603,0.0,300.0,,1.0,,0.041166,,,2027-01-11 23:05:00
5999030.527215162,0.0,296.0,287.0,1.0,,0.047002,,14.5,2027-01-11 23:10:00
5999031.5273607215,0.0,301.0,,1.0,,0.073931,,,2027-01-11 23:15:00
5999032.527506281,0.0,290.0,287.0,1.0,,0.046554,,,2027-01-11 23:20:00
5999033.52765184,0.0,292.0,,1.0,,0.061574,,,2027-01-11 23:25:00
5999034.527797399,0.0,298.0,,1.0,,0.07536,,,2027-01-11 23:30:00
5999035.527942959,0.0,309.0,,1.0,,0.084657,,,2027-01-11 23:35:00
5999036.528088518,0.0,314.0,,1.0,,0.096001,,,2027-01-11 23:40:00
5999037.528234078,0.0,314.0,,1.0,,0.106475,,,2027-01-11 23:45:00
5999038.528379637,0.0,310.0,,1.0,,0.102809,,,2027-01-11 23:50:00
5999039.528525196,0.0,305.0,,1.0,,0.106656,,,2027-01-11 23:55:00
5999040.528670755,0.0,298.0,,0.85,,0.239161,,,2027-01-12 00:00:00
5999041.528816314,0.0,293.0,,0.85,,0.121336,,,2027-01-12 00:05:00
5999042.528961875,0.0,286.0,,0.85,,0.115683,,,2027-01-12 00:10:00
5999043.529107434,0.0,278.0,,0.85,,0.117079,,,2027-01-12 00:15:00
5999044.529252993,0.0,270.0,,0.85,,0.119527,,,2027-01-12 00:20:00
5999045.529398552,0.0,254.0,271.0,0.85,,0.121603,,6.0,2027-01-12 00:25:00
5999046.529544111,0.0,246.0,,0.85,,0.125884,,,2027-01-12 00:30:00
5999047.529689671,0.0,237.0,,0.85,,0.213502,,,2027-01-12 00:35:00
5999048.52983523,0.0,225.0,,0.85,,0.145856,,,2027-01-12 00:40:00
5999049.52998079,0.0,210.0,,0.85,,0.125781,,,2027-01-12 00:45:00
5999050.530126349,0.0,197.0,,0.85,,0.128677,,,2027-01-12 00:50:00
5999051.530271908,0.0,184.0,,0.85,,0.117117,,,2027-01-12 00:55:00
5999052.5304174675,0.0,172.0,,0.85,,0.112187,,,2027-01-12 01:00:00
5999053.530563027,0.0,161.0,,0.85,,0.112167,,,2027-01-12 01:05:00
5999054.530708586,0.0,151.0,,0.85,,0.120679,,,2027-01-12 01:10:00
5999055.530854145,0.0,141.0,,0.85,,0.122145,,,2027-01-12 01:15:00
5999056.530999705,0.0,134.0,,0.85,,0.055456,,,2027-01-12 01:20:00
5999057.531145264,0.0,128.0,,0.85,,0.062633,,,2027-01-12 01:25:00
5999058.531290824,0.0,122.0,,0.85,,0.086063,,,2027-01-12 01:30:00
5999059.531436383,0.0,117.0,,0.85,,0.087295,,,2027-01-12 01:35:00
5999060.531581942,0.0,112.0,,0.85,,0.093688,,,2027-01-12 01:40:00
5999061.531727501,0.0,106.0,,0.85,,0.098291,,,2027-01-12 01:45:00
5999062.53187306,0.0,102.0,,0.85,,0.083441,,,2027-01-12 01:50:00
5999063.5320186205,0.0,96.0,,0.85,,0.079801,,,2027-01-12 01:55:00
5999064.53216418,0.0,90.0,,0.85,,0.118917,,,2027-01-12 02:00:00
5999065.532309739,0.0,86.0,,0.85,,0.160639,,,2027-01-12 02:05:00
5999066.532455298,0.0,85.0,,0.85,,0.117578,,,2027-01-12 02:10:00
5999067.532600857,0.0,85.0,,0.85,,0.118658,,,2027-01-12 02:15:00
5999068.5327464165,0.0,83.0,,0.85,,0.10274,,,2027-01-12 02:20:00
5999069.532891976,0.0,80.0,,0.85,,0.078568,,,2027-01-12 02:25:00
5999070.533037536,0.0,75.0,,0.85,,0.051755,,,2027-01-12 02:30:00
5999071.533183095,0.0,72.0,,0.85,,0.061473,,,2027-01-12 02:35:00
5999072.533328654,0.0,69.0,,0.85,,0.061537,,,2027-01-12 02:40:00
5999073.533474213,0.0,64.0,,0.85,,0.055713,,,2027-01-12 02:45:00
5999074.533619773,0.0,63.0,,0.85,,0.065121,,,2027-01-12 02:50:00
5999075.533765332,0.0,61.0,,0.85,,0.072383,,,2027-01-12 02:55:00
5999076.533910891,0.0,58.0,,1.75,,0.080447,,,2027-01-12 03:00:00
5999077.534056451,0.0,55.0,,1.75,,0.085472,,,2027-01-12 03:05:00
5999078.53420201,0.0,53.0,,1.75,,0.090919,,,2027-01-12 03:10:00
5999079.53434757,0.0,53.0,,1.75,,0.098478,,,2027-01-12 03:15:00
5999080.534493129,0.0,52.0,,1.75,,0.100656,,,2027-01-12 03:20:00
5999081.534638688,0.0,51.0,,1.75,,0.130891,,,2027-01-12 03:25:00
5999082.534784247,0.0,50.0,,1.75,,0.885004,,,2027-01-12 03:30:00
5999083.534929806,0.0,54.0,,1.75,,2.117672,,,2027-01-12 03:35:00
5999084.5350753665,0.0,56.0,,1.75,,2.373422,,,2027-01-12 03:40:00
5999085.535220926,0.0,55.0,,1.75,,0.982596,,,2027-01-12 03:45:00
5999086.535366485,0.0,55.0,,1.75,,0.659361,,,2027-01-12 03:50:00
5999087.535512044,0.0,55.0,,1.75,,0.495414,,,2027-01-12 03:55:00
5999088.535657603,0.0,52.0,,1.75,,0.429676,,,2027-01-12 04:00:00
5999089.5358031625,0.0,50.0,,1.75,,0.382344,,,2027-01-12 04:05:00
5999090.535948722,0.0,50.0,,1.75,,0.290862,,,2027-01-12 04:10:00
5999091.536094282,0.0,50.0,,1.75,,0.242505,,,2027-01-12 04:15:00
5999092.536239841,0.0,50.0,,1.75,,0.208731,,,2027-01-12 04:20:00
5999093.5363854,0.0,51.0,,1.75,,0.209668,,,2027-01-12 04:25:00
5999094.536530959,0.0,52.0,,1.75,,0.206596,,,2027-01-12 04:30:00
5999095.536676519,0.0,51.0,,1.75,,0.20505,,,2027-01-12 04:35:00
5999096.536822078,0.0,50.0,,1.75,,0.207285,,,2027-01-12 04:40:00
5999097.536967637,0.0,49.0,,1.75,,0.206892,,,2027-01-12 04:45:00
5999098.537113197,0.0,49.0,,1.75,,0.19339,,,2027-01-12 04:50:00
5999099.537258756,0.0,48.0,,1.75,,0.147752,,,2027-01-12 04:55:00
5999100.537404316,0.0,49.0,,1.75,,0.140835,,,2027-01-12 05:00:00
5999101.537549875,0.0,48.0,,1.75,,0.136202,,,2027-01-12 05:05:00
5999102.537695434,0.0,49.0,,1.75,,0.151031,,,2027-01-12 05:10:00
5999103.537840993,0.0,46.0,,1.75,,0.153149,,,2027-01-12 05:15:00
5999104.537986552,0.0,44.0,,1.75,,0.145477,,,2027-01-12 05:20:00
5999105.538132112,0.0,44.0,,1.75,,0.110285,,,2027-01-12 05:25:00
5999106.538277672,0.0,44.0,,1.75,,0.049449,,,2027-01-12 05:30:00
5999107.538423231,0.0,45.0,,1.75,,0.054993,,,2027-01-12 05:35:00
5999108.53856879,0.0,45.0,,1.75,,0.059601,,,2027-01-12 05:40:00
5999109.538714349,0.0,44.0,,1.75,,0.088344,,,2027-01-12 05:45:00
5999110.5388599085,0.0,44.0,,1.75,,0.097054,,,2027-01-12 05:50:00
5999111.539005468,0.0,43.0,,1.75,,0.399629,,,2027-01-12 05:55:00
5999112.539151027,0.0,43.0,,1.75,,0.14812,,,2027-01-12 06:00:00
5999113.539296587,0.0,49.0,,1.75,,0.136081,,,2027-01-12 06:05:00
5999114.539442146,0.0,50.0,,1.75,,0.137014,,,2027-01-12 06:10:00
5999115.539587705,0.0,49.0,,1.75,,0.017365,,,2027-01-12 06:15:00
5999116.539733265,0.0,49.0,,1.75,,0.014002,,,2027-01-12 06:20:00
5999117.539878824,0.0,49.0,,1.75,,0.0,,,2027-01-12 06:25:00
5999118.540024383,0.0,49.0,,1.75,,0.016558,,,2027-01-12 06:30:00
5999119.540169942,0.0,49.0,,1.75,,0.016852,,,2027-01-12 06:35:00
5999120.540315502,0.0,50.0,,1.75,,0.057115,,,2027-01-12 06:40:00
5999121.5404610615,0.0,50.0,,1.75,,0.057139,,,2027-01-12 06:45:00
5999122.540606621,0.0,49.0,,1.75,,0.061512,,,2027-01-12 06:50:00
5999123.54075218,0.0,49.0,,1.75,,0.020416,,,2027-01-12 06:55:00
5999124.540897739,0.0,48.0,,1.75,,0.019644,,,2027-01-12 07:00:00
5999125.541043298,0.0,49.0,,1.75,,0.015649,,,2027-01-12 07:05:00
5999126.5411888575,0.0,58.0,,1.75,,0.013578,,,2027-01-12 07:10:00
5999127.541334418,0.0,75.0,,1.75,,0.022958,,,2027-01-12 07:15:00
5999128.541479977,0.0,92.0,,1.75,,0.031261,,,2027-01-12 07:20:00
5999129.541625536,0.0,107.0,,1.75,,0.011499,,,2027-01-12 07:25:00
5999130.541771095,0.0,124.0,,1.75,,0.0,,,2027-01-12 07:30:00
5999131.541916654,0.0,135.0,,1.75,,0.013396,,,2027-01-12 07:35:00
5999132.542062214,0.0,142.0,,1.75,,0.013245,,,2027-01-12 07:40:00
5999133.542207773,0.0,154.0,,1.75,,0.018685,,,2027-01-12 07:45:00
5999134.542353333,0.0,165.0,,1.75,,0.014991,,,2027-01-12 07:50:00
5999135.542498892,0.0,173.0,,1.75,,0.016381,,,2027-01-12 07:55:00
5999136.542644451,0.0,178.0,,1.35,,0.01827,,,2027-01-12 08:00:00
5999137.542790011,0.0,182.0,185.0,1.35,,0.016836,,6.5,2027-01-12 08:05:00
5999138.54293557,0.0,182.0,,1.35,,0.030314,,,2027-01-12 08:10:00
5999139.543081129,0.0,180.0,,1.35,,0.023583,,,2027-01-12 08:15:00
5999140.543226688,0.0,179.0,,1.35,,0.016246,,,2027-01-12 08:20:00
5999141.543372248,0.0,175.0,,1.35,,0.0,,,2027-01-12 08:25:00
5999142.5435178075,0.0,171.0,,1.35,,,,,2027-01-12 08:30:00
5999143.543663367,0.0,168.0,,1.35,,,,,2027-01-12 08:35:00
5999144.543808926,0.0,166.0,,1.35,,,,,2027-01-12 08:40:00
5999145.543954485,0.0,163.0,,1.35,,,,,2027-01-12 08:45:00
5999146.544100044,0.0,159.0,,1.35,,,,,2027-01-12 08:50:00
5999147.5442456035,0.0,156.0,,1.35,,,,,2027-01-12 08:55:00
5999148.544391164,0.0,153.0,,1.35,,,55.0,,2027-01-12 09:00:00
5999149.544536723,0.0,152.0,,1.35,,,,,2027-01-12 09:05:00
5999150.544682282,0.0,150.0,,1.35,,,,,2027-01-12 09:10:00
5999151.544827841,0.0,148.0,,1.35,,,,,2027-01-12 09:15:00
5999152.5449734,0.0,148.0,148.0,1.35,,,,9.1,2027-01-12 09:20:00
5999153.54511896,0.0,149.0,,1.35,,,,,2027-01-12 09:25:00
5999154.545264519,0.0,151.0,,1.35,,,,,2027-01-12 09:30:00
5999155.545410079,0.0,154.0,,1.35,,,,,2027-01-12 09:35:00
5999156.545555638,0.0,155.0,,1.35,,,,,2027-01-12 09:40:00
5999157.545701197,0.0,155.0,,1.35,,,,,2027-01-12 09:45:00
5999158.545846757,0.0,154.0,,1.35,,0.012577,,,2027-01-12 09:50:00
5999159.545992316,0.0,151.0,,1.35,,0.026617,,,2027-01-12 09:55:00
5999160.546137875,0.0,150.0,,1.15,,0.013047,,,2027-01-12 10:00:00
5999161.546283434,0.0,150.0,,1.15,,0.01909,,,2027-01-12 10:05:00
5999162.546428994,0.0,152.0,,1.15,,0.018532,,,2027-01-12 10:10:00
5999163.5465745535,0.0,151.0,,1.15,,0.014027,,,2027-01-12 10:15:00
5999164.546720113,0.0,150.0,,1.15,,0.023563,,,2027-01-12 10:20:00
5999165.546865672,0.0,146.0,,1.15,,0.024316,,,2027-01-12 10:25:00
5999166.547011231,0.0,143.0,,1.15,,0.024811,,,2027-01-12 10:30:00
5999167.54715679,0.0,142.0,,1.15,,0.040101,,,2027-01-12 10:35:00
5999168.5473023495,0.0,141.0,,1.15,,0.019197,,,2027-01-12 10:40:00
5999169.54744791,0.0,138.0,,1.15,,0.015447,,,2027-01-12 10:45:00
5999170.547593469,0.0,136.0,,1.15,,0.01393,,,2027-01-12 10:50:00
5999171.547739028,0.0,135.0,,1.15,,0.017879,,,2027-01-12 10:55:00
5999172.547884587,0.0,131.0,,1.15,,0.122051,,,2027-01-12 11:00:00
5999173.548030146,0.0,126.0,,1.15,,0.045984,,,2027-01-12 11:05:00
5999174.548175706,1.0,,,1.15,,0.03213,,,2027-01-12 11:10:00
5999175.548321265,1.0,,,1.15,,0.029569,,,2027-01-12 11:15:00
5999176.548466825,1.0,,,1.15,,0.021099,,,2027-01-12 11:20:00
5999177.548612384,1.0,,,1.15,,0.021696,,,2027-01-12 11:25:00
5999178.548757943,1.0,,,1.15,,0.045806,,,2027-01-12 11:30:00
5999179.5489035025,1.0,,,1.15,,0.039505,,,2027-01-12 11:35:00
5999180.549049062,1.0,,,1.15,,0.046894,,,2027-01-12 11:40:00
5999181.549194621,1.0,,,1.15,,0.022595,,,2027-01-12 11:45:00
5999182.54934018,1.0,,,1.15,,0.024859,,,2027-01-12 11:50:00
5999183.54948574,1.0,,,1.15,,0.015985,,,2027-01-12 11:55:00
5999184.549631299,1.0,,,1.15,,0.036248,,,2027-01-12 12:00:00
5999185.549776859,1.0,,113.0,1.15,,0.017631,,,2027-01-12 12:05:00
5999186.549922418,1.0,,,1.15,,0.028031,,,2027-01-12 12:10:00
5999187.550067977,0.0,102.0,113.0,1.15,,0.033521,,,2027-01-12 12:15:00
5999188.550213536,0.0,99.0,103.0,1.15,,0.048944,,14.6,2027-01-12 12:20:00
5999189.550359095,0.0,108.0,,1.15,,0.047087,,,2027-01-12 12:25:00
5999190.550504656,0.0,130.0,,1.1,,0.019854,,,2027-01-12 12:30:00
5999191.550650215,0.0,141.0,,1.1,,0.036234,,,2027-01-12 12:35:00
5999192.550795774,0.0,154.0,,1.1,,0.03641,,,2027-01-12 12:40:00
5999193.550941333,0.0,172.0,,1.1,,0.04216,,,2027-01-12 12:45:00
5999194.551086892,0.0,179.0,,1.1,,0.050579,,,2027-01-12 12:50:00
5999195.551232452,0.0,181.0,,1.1,,0.037713,,,2027-01-12 12:55:00
5999196.551378011,0.0,183.0,,1.1,,0.03277,,,2027-01-12 13:00:00
5999197.551523571,0.0,182.0,,1.1,,0.017562,,,2027-01-12 13:05:00
5999198.55166913,0.0,178.0,,1.1,,0.013503,,,2027-01-12 13:10:00
5999199.551814689,0.0,176.0,,1.1,,0.018779,,,2027-01-12 13:15:00
5999200.5519602485,0.0,175.0,,1.1,,0.026529,,,2027-01-12 13:20:00
5999201.552105808,0.0,176.0,,1.1,,0.080556,,,2027-01-12 13:25:00
5999202.552251367,0.0,180.0,,1.1,,0.056227,,,2027-01-12 13:30:00
5999203.552396926,0.0,185.0,,1.1,,0.015356,,,2027-01-12 13:35:00
5999204.552542486,0.0,184.0,185.0,1.1,,0.029113,,10.6,2027-01-12 13:40:00
5999205.552688045,0.0,186.0,,1.1,,0.029518,,,2027-01-12 13:45:00
5999206.552833605,0.0,186.0,,1.1,,0.021563,,,2027-01-12 13:50:00
5999207.552979164,0.0,188.0,,1.1,,0.054615,,,2027-01-12 13:55:00
5999208.553124723,0.0,191.0,,1.1,,0.056913,,,2027-01-12 14:00:00
5999209.553270282,0.0,193.0,,1.1,,0.055847,,,2027-01-12 14:05:00
5999210.553415841,0.0,197.0,,1.1,,0.06415,,,2027-01-12 14:10:00
5999211.553561402,0.0,198.0,,1.1,,0.061691,,,2027-01-12 14:15:00
5999212.553706961,0.0,199.0,,1.1,,0.062879,,,2027-01-12 14:20:00
5999213.55385252,0.0,203.0,,1.1,,0.066775,,,2027-01-12 14:25:00
5999214.553998079,0.0,206.0,,1.1,,0.043108,,,2027-01-12 14:30:00
5999215.554143638,0.0,211.0,,1.1,,0.051998,,,2027-01-12 14:35:00
5999216.554289198,0.0,219.0,,1.1,,2.595872,,,2027-01-12 14:40:00
5999217.554434757,0.0,229.0,,1.1,,0.314541,,,2027-01-12 14:45:00
5999218.554580317,0.0,238.0,,1.1,,0.065842,,,2027-01-12 14:50:00
5999219.554725876,0.0,245.0,,1.1,,0.730538,,,2027-01-12 14:55:00
5999220.554871435,0.0,244.0,,1.1,,1.212311,,,2027-01-12 15:00:00
5999221.5550169945,0.0,238.0,,1.1,,2.405747,,,2027-01-12 15:05:00
5999222.555162554,0.0,231.0,242.0,1.1,,3.888533,,6.2,2027-01-12 15:10:00
5999223.555308113,0.0,225.0,,1.1,,4.975367,,,2027-01-12 15:15:00
5999224.555453672,0.0,222.0,,1.1,,6.228625,,,2027-01-12 15:20:00
5999225.555599232,0.0,211.0,,1.1,,6.541393,,,2027-01-12 15:25:00
5999226.555744791,0.0,197.0,,1.1,,6.87775,,,2027-01-12 15:30:00
5999227.555890351,0.0,186.0,,1.1,,7.548533,,,2027-01-12 15:35:00
5999228.55603591,0.0,179.0,,1.1,,0.592749,,,2027-01-12 15:40:00
5999229.556181469,0.0,173.0,,1.1,,0.214607,,,2027-01-12 15:45:00
5999230.556327028,0.0,167.0,,1.1,,0.691572,,,2027-01-12 15:50:00
5999231.556472587,0.0,163.0,,1.1,,0.592562,,,2027-01-12 15:55:00
5999232.5566181475,0.0,166.0,,1.1,,0.51846,,,2027-01-12 16:00:00
5999233.556763707,0.0,165.0,,1.1,,0.666267,,,2027-01-12 16:05:00
5999234.556909266,0.0,158.0,,1.1,,0.287883,,,2027-01-12 16:10:00
5999235.557054825,0.0,152.0,,1.1,,0.403501,,,2027-01-12 16:15:00
5999236.557200384,0.0,146.0,,1.1,,0.464061,,,2027-01-12 16:20:00
5999237.5573459435,0.0,140.0,,1.1,,0.195397,,,2027-01-12 16:25:00
5999238.557491503,0.0,136.0,,1.1,,1.123194,,,2027-01-12 16:30:00
5999239.557637063,0.0,130.0,,1.1,,0.267895,,,2027-01-12 16:35:00
5999240.557782622,0.0,125.0,,1.1,,0.42867,,,2027-01-12 16:40:00
5999241.557928181,0.0,121.0,,1.1,,0.566453,,,2027-01-12 16:45:00
5999242.55807374,0.0,119.0,,1.1,,0.090918,,,2027-01-12 16:50:00
5999243.5582193,0.0,118.0,,1.1,,0.068349,,,2027-01-12 16:55:00
5999244.558364859,0.0,118.0,,1.1,,0.080159,,,2027-01-12 17:00:00
5999245.558510418,0.0,117.0,,1.1,,0.085055,,,2027-01-12 17:05:00
5999246.558655978,0.0,118.0,,1.1,,4.225984,,,2027-01-12 17:10:00
5999247.558801537,0.0,119.0,,1.1,,8.183038,,,2027-01-12 17:15:00
5999248.558947097,0.0,120.0,,1.1,,6.105263,,,2027-01-12 17:20:00
5999249.559092656,0.0,119.0,,1.1,,6.92963,,,2027-01-12 17:25:00
5999250.559238215,0.0,113.0,,1.1,,5.471677,,,2027-01-12 17:30:00
5999251.559383774,0.0,110.0,,1.1,,5.204655,,,2027-01-12 17:35:00
5999252.559529333,0.0,106.0,,1.1,,0.910288,,,2027-01-12 17:40:00
5999253.5596748935,0.0,103.0,,1.1,,2.427675,,,2027-01-12 17:45:00
5999254.559820453,0.0,97.0,,1.1,,3.226576,,,2027-01-12 17:50:00
5999255.559966012,0.0,91.0,,1.1,,1.529959,,,2027-01-12 17:55:00
5999256.560111571,0.0,86.0,,1.2,,0.947888,,,2027-01-12 18:00:00
5999257.56025713,0.0,81.0,,1.2,,0.508841,,,2027-01-12 18:05:00
5999258.5604026895,0.0,77.0,,1.2,,0.196478,,,2027-01-12 18:10:00
5999259.560548249,0.0,74.0,,1.2,,0.603948,,,2027-01-12 18:15:00
5999260.560693809,0.0,70.0,,1.2,,2.261794,,,2027-01-12 18:20:00
5999261.560839368,0.0,69.0,,1.2,,9.496765,,,2027-01-12 18:25:00
5999262.560984927,0.0,67.0,,1.2,,8.218961,,,2027-01-12 18:30:00
5999263.561130486,0.0,65.0,,1.2,,1.945305,,,2027-01-12 18:35:00
5999264.561276046,0.0,66.0,,1.2,,0.337055,,,2027-01-12 18:40:00
5999265.561421605,0.0,71.0,,1.2,,0.384164,,,2027-01-12 18:45:00
5999266.561567164,0.0,77.0,,1.2,,1.580956,,,2027-01-12 18:50:00
5999267.561712724,0.0,83.0,,1.2,,0.539129,,,2027-01-12 18:55:00
5999268.561858283,0.0,91.0,,1.2,,0.30749,,,2027-01-12 19:00:00
5999269.562003843,0.0,98.0,,1.2,,0.106442,,,2027-01-12 19:05:00
5999270.562149402,0.0,101.0,,1.2,,0.090777,,,2027-01-12 19:10:00
5999271.562294961,0.0,102.0,,1.2,,0.045898,,,2027-01-12 19:15:00
5999272.56244052,0.0,101.0,,1.2,,0.057147,,,2027-01-12 19:20:00
5999273.562586079,0.0,100.0,,1.2,,0.044728,,,2027-01-12 19:25:00
5999274.5627316395,0.0,100.0,,1.2,,0.050683,,,2027-01-12 19:30:00
5999275.562877199,0.0,98.0,,1.2,,0.02435,,,2027-01-12 19:35:00
5999276.563022758,0.0,96.0,,1.2,,0.033776,64.0,,2027-01-12 19:40:00
5999277.563168317,0.0,103.0,,1.2,,0.038558,,,2027-01-12 19:45:00
5999278.563313876,0.0,116.0,,1.2,,0.057982,,,2027-01-12 19:50:00
5999279.5634594355,0.0,128.0,120.0,1.2,,0.083572,,10.6,2027-01-12 19:55:00
5999280.563604995,0.0,143.0,,1.2,,0.081992,,,2027-01-12 20:00:00
5999281.563750555,0.0,161.0,,1.2,,0.11063,,,2027-01-12 20:05:00
5999282.563896114,0.0,177.0,,1.2,,0.107025,,,2027-01-12 20:10:00
5999283.564041673,0.0,191.0,,1.2,,0.112955,,,2027-01-12 20:15:00
5999284.564187232,0.0,205.0,,1.2,,0.126428,,,2027-01-12 20:20:00
5999285.564332792,0.0,213.0,,1.2,,0.048724,,,2027-01-12 20:25:00
5999286.564478351,0.0,218.0,,1.2,,0.055053,,,2027-01-12 20:30:00
5999287.56462391,0.0,223.0,,1.2,,0.074276,,,2027-01-12 20:35:00
5999288.56476947,0.0,226.0,,1.2,,0.08522,,,2027-01-12 20:40:00
5999289.564915029,0.0,224.0,,1.2,,0.048672,,,2027-01-12 20:45:00
5999290.5650605885,0.0,215.0,,1.2,,0.068933,,,2027-01-12 20:50:00
5999291.565206148,0.0,204.0,,1.2,,0.016255,,,2027-01-12 20:55:00
5999292.565351707,0.0,191.0,,1.2,,0.013869,,,2027-01-12 21:00:00
5999293.565497266,0.0,179.0,,1.2,,0.019593,,,2027-01-12 21:05:00
5999294.565642825,0.0,171.0,,1.2,,0.021076,,,2027-01-12 21:10:00
5999295.565788385,0.0,165.0,,1.2,,0.027345,,,2027-01-12 21:15:00
5999296.565933945,0.0,164.0,,1.2,,0.044368,,,2027-01-12 21:20:00
5999297.566079504,0.0,166.0,,1.2,,0.056167,,,2027-01-12 21:25:00
5999298.566225063,0.0,176.0,,1.2,,0.089482,,,2027-01-12 21:30:00
5999299.566370622,0.0,191.0,,1.2,,0.113271,,,2027-01-12 21:35:00
5999300.566516181,0.0,199.0,,1.2,,0.144513,,,2027-01-12 21:40:00
5999301.566661741,0.0,202.0,,1.2,,0.113991,,,2027-01-12 21:45:00
5999302.566807301,0.0,205.0,,1.2,,0.13851,,,2027-01-12 21:50:00
5999303.56695286,0.0,206.0,,1.2,,0.014133,,,2027-01-12 21:55:00
5999304.567098419,0.0,206.0,,1.0,,0.0,,,2027-01-12 22:00:00
5999305.567243978,0.0,205.0,,1.0,,,,,2027-01-12 22:05:00
5999306.567389538,0.0,205.0,,1.0,,,,,2027-01-12 22:10:00
5999307.567535097,0.0,207.0,,0.0,,,,,2027-01-12 22:15:00
5999308.567680656,0.0,202.0,,0.0,,,,,2027-01-12 22:20:00
5999309.567826216,0.0,202.0,,0.0,,,,,2027-01-12 22:25:00
5999310.567971775,0.0,207.0,,0.0,,0.125392,,,2027-01-12 22:30:00
5999311.5681173345,0.0,209.0,,0.0,,0.07601,,,2027-01-12 22:35:00
5999312.568262894,0.0,208.0,,1.0,,0.043178,,,2027-01-12 22:40:00
5999313.568408453,0.0,206.0,176.0,1.0,,0.038447,,4.8,2027-01-12 22:45:00
5999314.568554012,0.0,209.0,,1.0,,0.030308,,,2027-01-12 22:50:00
5999315.568699571,0.0,180.0,176.0,1.0,,0.020889,,,2027-01-12 22:55:00
5999316.568845131,0.0,176.0,,1.0,,0.058266,,,2027-01-12 23:00:00
5999317.568990691,0.0,171.0,,1.0,,0.030329,,,2027-01-12 23:05:00
5999318.56913625,0.0,168.0,,1.0,,0.042385,,,2027-01-12 23:10:00
5999319.569281809,0.0,170.0,,1.0,,0.051148,,,2027-01-12 23:15:00
5999320.569427368,0.0,171.0,,1.0,,0.060386,,,2027-01-12 23:20:00
5999321.569572927,0.0,167.0,,1.0,,0.066021,,,2027-01-12 23:25:00
5999322.569718487,0.0,162.0,,1.0,,0.070755,,,2027-01-12 23:30:00
5999323.569864047,0.0,160.0,,1.0,,0.079538,,,2027-01-12 23:35:00
5999324.570009606,0.0,159.0,,1.0,,0.08231,,,2027-01-12 23:40:00
5999325.570155165,0.0,160.0,,1.0,,0.087715,,,2027-01-12 23:45:00
5999326.570300724,0.0,163.0,,1.0,,0.09274,,,2027-01-12 23:50:00
5999327.570446284,0.0,164.0,,1.0,,0.097378,,,2027-01-12 23:55:00
5999328.570591843,0.0,164.0,,1.0,,0.100287,,,2027-01-13 00:00:00
5999329.570737402,0.0,161.0,,1.0,,0.104255,,,2027-01-13 00:05:00
5999330.570882962,0.0,157.0,,1.0,,0.097972,,,2027-01-13 00:10:00
5999331.571028521,0.0,155.0,,1.0,,0.102013,,,2027-01-13 00:15:00
5999332.5711740805,0.0,152.0,,1.0,,0.106736,,,2027-01-13 00:20:00
5999333.57131964,0.0,149.0,,1.0,,0.112884,,,2027-01-13 00:25:00
5999334.571465199,0.0,145.0,,1.0,,0.112948,,,2027-01-13 00:30:00
5999335.571610758,0.0,142.0,,1.0,,0.110459,,,2027-01-13 00:35:00
5999336.571756317,0.0,139.0,,1.0,,0.015234,,,2027-01-13 00:40:00
5999337.571901877,0.0,136.0,,1.0,,0.020104,,,2027-01-13 00:45:00
5999338.572047437,0.0,134.0,,1.0,,0.026464,,,2027-01-13 00:50:00
5999339.572192996,0.0,133.0,,1.0,,0.027637,,,2027-01-13 00:55:00
5999340.572338555,0.0,132.0,,1.0,,0.039967,,,2027-01-13 01:00:00
5999341.572484114,0.0,130.0,,1.0,,0.065156,,,2027-01-13 01:05:00
5999342.572629673,0.0,128.0,,1.0,,0.078716,,,2027-01-13 01:10:00
5999343.572775233,0.0,127.0,,1.0,,0.088939,,,2027-01-13 01:15:00
5999344.572920793,0.0,127.0,,1.0,,0.096339,,,2027-01-13 01:20:00
5999345.573066352,0.0,127.0,,1.0,,0.106403,,,2027-01-13 01:25:00
5999346.573211911,0.0,126.0,,1.0,,0.08743,,,2027-01-13 01:30:00
5999347.57335747,0.0,125.0,,1.0,,0.091214,,,2027-01-13 01:35:00
5999348.5735030295,0.0,124.0,,1.0,,0.0946,,,2027-01-13 01:40:00
5999349.573648589,0.0,124.0,,1.0,,1.118641,,,2027-01-13 01:45:00
5999350.573794148,0.0,123.0,,1.0,,2.354083,,,2027-01-13 01:50:00
5999351.573939708,0.0,124.0,,1.0,,4.405704,,,2027-01-13 01:55:00
5999352.574085267,0.0,124.0,,1.0,,1.902481,,,2027-01-13 02:00:00
5999353.574230826,0.0,124.0,,1.0,,1.52218,,,2027-01-13 02:05:00
5999354.574376386,0.0,124.0,,1.0,,0.796422,,,2027-01-13 02:10:00
5999355.574521945,0.0,124.0,,1.0,,0.887189,,,2027-01-13 02:15:00
5999356.574667504,0.0,125.0,,1.0,,0.52832,,,2027-01-13 02:20:00
5999357.574813063,0.0,128.0,,1.0,,0.465418,,,2027-01-13 02:25:00
5999358.574958623,0.0,131.0,,1.0,,0.491334,,,2027-01-13 02:30:00
5999359.575104183,0.0,133.0,,1.0,,0.484558,,,2027-01-13 02:35:00
5999360.575249742,0.0,136.0,,1.0,,0.675521,,,2027-01-13 02:40:00
5999361.575395301,0.0,140.0,,1.0,,0.51983,,,2027-01-13 02:45:00
5999362.57554086,0.0,143.0,,1.0,,0.351739,,,2027-01-13 02:50:00
5999363.575686419,0.0,145.0,,1.0,,0.289766,,,2027-01-13 02:55:00
5999364.575831979,0.0,147.0,,1.0,,0.274175,,,2027-01-13 03:00:00
5999365.575977539,0.0,150.0,,1.0,,0.266541,,,2027-01-13 03:05:00
5999366.576123098,0.0,154.0,,1.0,,0.150609,,,2027-01-13 03:10:00
5999367.576268657,0.0,157.0,,1.0,,0.17983,,,2027-01-13 03:15:00
5999368.576414216,0.0,161.0,,1.0,,0.486997,,,2027-01-13 03:20:00
5999369.5765597755,0.0,163.0,,1.0,,1.097514,,,2027-01-13 03:25:00
5999370.576705335,0.0,165.0,,1.0,,2.251438,,,2027-01-13 03:30:00
5999371.576850894,0.0,165.0,,1.0,,2.068994,,,2027-01-13 03:35:00
5999372.576996454,0.0,165.0,,1.0,,2.220519,,,2027-01-13 03:40:00
5999373.577142013,0.0,164.0,,1.0,,2.040834,,,2027-01-13 03:45:00
5999374.577287572,0.0,164.0,,1.0,,1.239417,,,2027-01-13 03:50:00
5999375.577433132,0.0,164.0,,1.0,,0.845611,,,2027-01-13 03:55:00
5999376.577578691,0.0,165.0,,1.0,,0.701364,,,2027-01-13 04:00:00
5999377.57772425,0.0,164.0,,1.0,,0.626955,,,2027-01-13 04:05:00
5999378.577869809,0.0,162.0,,1.0,,0.586306,,,2027-01-13 04:10:00
5999379.578015369,0.0,164.0,,1.0,,0.562329,,,2027-01-13 04:15:00
5999380.578160929,0.0,166.0,,1.0,,0.383595,,,2027-01-13 04:20:00
5999381.578306488,0.0,167.0,,1.0,,0.419544,,,2027-01-13 04:25:00
5999382.578452047,0.0,168.0,,1.0,,0.332234,,,2027-01-13 04:30:00
5999383.578597606,0.0,169.0,,1.0,,0.29427,,,2027-01-13 04:35:00
5999384.578743165,0.0,170.0,,1.0,,0.272219,,,2027-01-13 04:40:00
5999385.578888725,0.0,170.0,,1.0,,0.256287,,,2027-01-13 04:45:00
5999386.579034285,0.0,170.0,,1.0,,0.298732,,,2027-01-13 04:50:00
5999387.579179844,0.0,167.0,,1.0,,0.33131,,,2027-01-13 04:55:00
5999388.579325403,0.0,164.0,,1.0,,0.330758,,,2027-01-13 05:00:00
5999389.579470962,0.0,163.0,,1.0,,0.33082,,,2027-01-13 05:05:00
5999390.5796165215,0.0,165.0,,1.0,,0.337694,,,2027-01-13 05:10:00
5999391.579762081,0.0,170.0,,1.0,,0.346106,,,2027-01-13 05:15:00
5999392.57990764,0.0,171.0,,1.0,,0.349029,,,2027-01-13 05:20:00
5999393.5800532,0.0,171.0,,1.0,,0.382924,,,2027-01-13 05:25:00
5999394.580198759,0.0,171.0,,1.0,,0.766397,,,2027-01-13 05:30:00
5999395.580344318,0.0,170.0,,1.0,,0.344923,,,2027-01-13 05:35:00
5999396.580489878,0.0,169.0,,1.0,,0.375259,,,2027-01-13 05:40:00
5999397.580635437,0.0,168.0,,1.0,,0.336467,,,2027-01-13 05:45:00
5999398.580780996,0.0,167.0,,1.0,,0.324268,,,2027-01-13 05:50:00
5999399.580926555,0.0,168.0,,1.0,,0.314871,,,2027-01-13 05:55:00
5999400.581072115,0.0,169.0,,1.0,,0.301945,,,2027-01-13 06:00:00
5999401.581217675,0.0,169.0,,1.0,,0.30351,,,2027-01-13 06:05:00
5999402.581363234,0.0,170.0,,1.0,,0.324458,,,2027-01-13 06:10:00
5999403.581508793,0.0,171.0,,1.0,,0.371346,,,2027-01-13 06:15:00
5999404.581654352,0.0,171.0,,1.0,,0.330114,,,2027-01-13 06:20:00
5999405.581799911,0.0,168.0,,1.0,,0.339897,,,2027-01-13 06:25:00
5999406.5819454705,0.0,165.0,,1.0,,0.217311,,,2027-01-13 06:30:00
5999407.582091031,0.0,161.0,,1.0,,0.082131,,,2027-01-13 06:35:00
5999408.58223659,0.0,161.0,,1.0,,0.018475,,,2027-01-13 06:40:00
5999409.582382149,0.0,163.0,163.0,1.0,,0.0,,4.3,2027-01-13 06:45:00
5999410.582527708,0.0,163.0,,1.0,,,,,2027-01-13 06:50:00
5999411.582673267,0.0,165.0,,1.0,,,,,2027-01-13 06:55:00
5999412.582818827,0.0,167.0,,1.0,,,,,2027-01-13 07:00:00
5999413.582964386,0.0,164.0,,1.0,,,,,2027-01-13 07:05:00
5999414.583109946,0.0,161.0,,1.0,,,,,2027-01-13 07:10:00
5999415.583255505,0.0,159.0,,1.0,,,,,2027-01-13 07:15:00
5999416.583401064,0.0,156.0,,1.0,,,,,2027-01-13 07:20:00
5999417.583546624,0.0,153.0,,1.0,,,,,2027-01-13 07:25:00
5999418.583692183,0.0,150.0,,1.0,,,,,2027-01-13 07:30:00
5999419.583837742,0.0,150.0,,1.0,,,,,2027-01-13 07:35:00
5999420.583983301,0.0,148.0,,1.0,,,,,2027-01-13 07:40:00
5999421.584128861,0.0,147.0,,1.0,,,,,2027-01-13 07:45:00
5999422.5842744205,0.0,145.0,,1.0,,,,,2027-01-13 07:50:00
5999423.58441998,0.0,145.0,,1.0,,,,,2027-01-13 07:55:00
5999424.584565539,0.0,145.0,,1.0,,,,,2027-01-13 08:00:00
5999425.584711098,0.0,144.0,,1.0,,,,,2027-01-13 08:05:00
5999426.584856657,0.0,143.0,,1.0,,,,,2027-01-13 08:10:00
5999427.5850022165,0.0,143.0,,1.0,,,,,2027-01-13 08:15:00
5999428.585147777,0.0,140.0,,1.0,,,,,2027-01-13 08:20:00
5999429.585293336,0.0,138.0,,1.0,,,,,2027-01-13 08:25:00
5999430.585438895,0.0,136.0,,1.0,,,,,2027-01-13 08:30:00
5999431.585584454,0.0,140.0,,1.0,,,,,2027-01-13 08:35:00
5999432.585730013,0.0,137.0,,1.0,,,,,2027-01-13 08:40:00
5999433.585875573,0.0,132.0,,1.0,,,,,2027-01-13 08:45:00
5999434.586021132,0.0,128.0,141.0,1.0,,,,11.1,2027-01-13 08:50:00
5999435.586166692,0.0,126.0,,1.0,,,,,2027-01-13 08:55:00
5999436.586312251,0.0,132.0,,1.0,,,,,2027-01-13 09:00:00
5999437.58645781,0.0,141.0,,1.0,,,,,2027-01-13 09:05:00
5999438.58660337,0.0,150.0,,1.0,,,,,2027-01-13 09:10:00
5999439.586748929,0.0,162.0,,1.0,,,,,2027-01-13 09:15:00
5999440.586894488,0.0,170.0,,1.0,,,,,2027-01-13 09:20:00
5999441.587040047,0.0,174.0,,1.0,,,,,2027-01-13 09:25:00
5999442.587185607,0.0,175.0,,1.0,,,,,2027-01-13 09:30:00
5999443.5873311665,0.0,173.0,,1.0,,,,,2027-01-13 09:35:00
5999444.587476726,0.0,169.0,,1.0,,,,,2027-01-13 09:40:00
5999445.587622285,0.0,161.0,,1.0,,,,,2027-01-13 09:45:00
5999446.587767844,0.0,151.0,,1.0,,,,,2027-01-13 09:50:00
5999447.587913403,0.0,143.0,,1.0,,,,,2027-01-13 09:55:00
5999448.5880589625,0.0,135.0,,1.0,,,,,2027-01-13 10:00:00
5999449.588204523,0.0,127.0,,1.0,,,,,2027-01-13 10:05:00
5999450.588350082,0.0,121.0,,1.0,,,,,2027-01-13 10:10:00
5999451.588495641,0.0,115.0,,1.0,,,,,2027-01-13 10:15:00
5999452.5886412,0.0,111.0,,1.0,,,,,2027-01-13 10:20:00
5999453.588786759,0.0,107.0,,1.0,,,,,2027-01-13 10:25:00
5999454.588932319,0.0,102.0,,1.0,,,,,2027-01-13 10:30:00
5999455.589077878,0.0,97.0,,1.0,,,,,2027-01-13 10:35:00
5999456.589223438,0.0,95.0,,1.0,,,,,2027-01-13 10:40:00
5999457.589368997,1.0,,,1.0,,,,,2027-01-13 10:45:00
5999458.589514556,1.0,,,1.0,,,,,2027-01-13 10:50:00
5999459.589660116,1.0,,,1.0,,,,,2027-01-13 10:55:00
5999460.589805675,1.0,,78.0,1.0,,,,,2027-01-13 11:00:00
5999461.589951234,1.0,,,1.0,,,,,2027-01-13 11:05:00
5999462.590096793,0.0,77.0,78.0,1.0,,,,,2027-01-13 11:10:00
5999463.590242353,0.0,73.0,,1.0,,,,,2027-01-13 11:15:00
5999464.5903879125,0.0,72.0,,1.0,,,,,2027-01-13 11:20:00
5999465.590533472,0.0,75.0,,1.0,,,,,2027-01-13 11:25:00
5999466.590679031,0.0,77.0,,1.0,,,,,2027-01-13 11:30:00
5999467.59082459,0.0,79.0,,1.0,,,,,2027-01-13 11:35:00
5999468.590970149,0.0,79.0,,1.0,,,,,2027-01-13 11:40:00
5999469.591115708,0.0,75.0,,1.0,,,,,2027-01-13 11:45:00
5999470.591261269,0.0,73.0,,1.0,,,,,2027-01-13 11:50:00
5999471.591406828,0.0,73.0,,1.0,,,,,2027-01-13 11:55:00
5999472.591552387,0.0,68.0,,1.0,,,,,2027-01-13 12:00:00
5999473.591697946,0.0,65.0,68.0,1.0,,,,5.9,2027-01-13 12:05:00
5999474.591843505,0.0,63.0,,1.0,,,,,2027-01-13 12:10:00
5999475.591989065,0.0,74.0,,1.0,,,,,2027-01-13 12:15:00
5999476.592134624,0.0,85.0,,1.0,,,,,2027-01-13 12:20:00
5999477.592280184,0.0,99.0,,1.0,,,,,2027-01-13 12:25:00
5999478.592425743,0.0,103.0,,1.0,,,,,2027-01-13 12:30:00
5999479.592571302,0.0,103.0,,1.0,,,,,2027-01-13 12:35:00
5999480.5927168615,0.0,107.0,,1.0,,,,,2027-01-13 12:40:00
5999481.592862421,0.0,115.0,,1.0,,,,,2027-01-13 12:45:00
5999482.59300798,0.0,120.0,,1.0,,,,,2027-01-13 12:50:00
5999483.593153539,0.0,127.0,,1.0,,,,,2027-01-13 12:55:00
5999484.593299099,0.0,138.0,,1.0,,,,,2027-01-13 13:00:00
5999485.593444658,0.0,148.0,,1.0,,,,,2027-01-13 13:05:00
5999486.593590218,0.0,156.0,,1.0,,,,,2027-01-13 13:10:00
5999487.593735777,0.0,168.0,,1.0,,,,,2027-01-13 13:15:00
5999488.593881336,0.0,177.0,,1.0,,,,,2027-01-13 13:20:00
5999489.594026895,0.0,182.0,,1.0,,,,,2027-01-13 13:25:00
5999490.594172454,0.0,186.0,,1.0,,,,,2027-01-13 13:30:00
5999491.594318015,0.0,188.0,,1.0,,,,,2027-01-13 13:35:00
5999492.594463574,0.0,190.0,,1.0,,,,,2027-01-13 13:40:00
5999493.594609133,0.0,191.0,,1.0,,,,,2027-01-13 13:45:00
5999494.594754692,0.0,194.0,,1.0,,,,,2027-01-13 13:50:00
5999495.594900251,0.0,198.0,,1.0,,,,,2027-01-13 13:55:00
5999496.595045811,0.0,200.0,,1.0,,,,,2027-01-13 14:00:00
5999497.59519137,0.0,204.0,,1.0,,,,,2027-01-13 14:05:00
5999498.59533693,0.0,209.0,,1.0,,,,,2027-01-13 14:10:00
5999499.595482489,0.0,214.0,,1.0,,,,,2027-01-13 14:15:00
5999500.595628048,0.0,220.0,,1.0,,,,,2027-01-13 14:20:00
5999501.5957736075,0.0,227.0,,1.0,,,,,2027-01-13 14:25:00
5999502.595919167,0.0,241.0,,1.0,,,,,2027-01-13 14:30:00
5999503.596064726,0.0,254.0,241.0,1.0,,,,18.7,2027-01-13 14:35:00
5999504.596210285,0.0,261.0,,1.0,,,,,2027-01-13 14:40:00
5999505.596355845,0.0,261.0,,1.0,,,,,2027-01-13 14:45:00
5999506.596501404,0.0,266.0,,1.0,,,,,2027-01-13 14:50:00
5999507.596646964,0.0,267.0,,1.0,,,,,2027-01-13 14:55:00
5999508.596792523,0.0,265.0,,1.0,,,,,2027-01-13 15:00:00
5999509.596938082,0.0,262.0,,1.0,,,,,2027-01-13 15:05:00
5999510.597083641,0.0,259.0,,1.0,,,,,2027-01-13 15:10:00
5999511.5972292,0.0,251.0,,1.0,,,,,2027-01-13 15:15:00
5999512.597374761,0.0,242.0,,1.0,,,,,2027-01-13 15:20:00
5999513.59752032,0.0,234.0,,1.0,,,,,2027-01-13 15:25:00
5999514.597665879,0.0,224.0,,1.0,,,,,2027-01-13 15:30:00
5999515.597811438,0.0,220.0,,1.0,,,,,2027-01-13 15:35:00
5999516.597956997,0.0,213.0,,1.0,,,,,2027-01-13 15:40:00
5999517.598102557,0.0,208.0,,1.0,,,,,2027-01-13 15:45:00
5999518.598248116,0.0,207.0,,1.0,,,,,2027-01-13 15:50:00
5999519.598393676,0.0,203.0,,1.0,,,,,2027-01-13 15:55:00
5999520.598539235,0.0,200.0,,1.0,,,,,2027-01-13 16:00:00
5999521.598684794,0.0,197.0,,1.0,,,,,2027-01-13 16:05:00
5999522.5988303535,0.0,190.0,,1.0,,,,,2027-01-13 16:10:00
5999523.598975913,0.0,186.0,,1.0,,,,,2027-01-13 16:15:00
5999524.599121472,0.0,181.0,,1.0,,,,,2027-01-13 16:20:00
5999525.599267031,0.0,178.0,,1.0,,,,,2027-01-13 16:25:00
5999526.599412591,0.0,175.0,,1.0,,,,,2027-01-13 16:30:00
5999527.59955815,0.0,170.0,,1.0,,,,,2027-01-13 16:35:00
5999528.59970371,0.0,166.0,,1.0,,,,,2027-01-13 16:40:00
5999529.599849269,0.0,162.0,,1.0,,,,,2027-01-13 16:45:00
5999530.599994828,0.0,157.0,,1.0,,,,,2027-01-13 16:50:00
5999531.600140387,0.0,154.0,,1.0,,,,,2027-01-13 16:55:00
5999532.600285946,0.0,149.0,,1.0,,,,,2027-01-13 17:00:00
5999533.6004315065,0.0,145.0,,1.0,,,,,2027-01-13 17:05:00
5999534.600577066,0.0,142.0,,1.0,,,,,2027-01-13 17:10:00
5999535.600722625,0.0,139.0,,1.0,,,,,2027-01-13 17:15:00
5999536.600868184,0.0,138.0,,1.0,,,,,2027-01-13 17:20:00
5999537.601013743,0.0,135.0,,1.0,,,,,2027-01-13 17:25:00
5999538.6011593025,0.0,133.0,,1.0,,,,,2027-01-13 17:30:00
5999539.601304862,0.0,131.0,,1.0,,,,,2027-01-13 17:35:00
5999540.601450422,0.0,129.0,,1.0,,,,,2027-01-13 17:40:00
5999541.601595981,0.0,125.0,,1.0,,,,,2027-01-13 17:45:00
5999542.60174154,0.0,119.0,,1.0,,,,,2027-01-13 17:50:00
5999543.601887099,0.0,116.0,,1.0,,,,,2027-01-13 17:55:00
5999544.602032659,0.0,110.0,,1.0,,,,,2027-01-13 18:00:00
5999545.602178218,0.0,103.0,,1.0,,,,,2027-01-13 18:05:00
5999546.602323777,0.0,99.0,,1.0,,,,,2027-01-13 18:10:00
5999547.602469337,0.0,96.0,,1.0,,,,,2027-01-13 18:15:00
5999548.602614896,0.0,91.0,,1.0,,,,,2027-01-13 18:20:00
5999549.602760456,0.0,86.0,,1.0,,,,,2027-01-13 18:25:00
5999550.602906015,0.0,84.0,,1.0,,,,,2027-01-13 18:30:00
5999551.603051574,0.0,86.0,,1.0,,,,,2027-01-13 18:35:00
5999552.603197133,0.0,87.0,,1.0,,,,,2027-01-13 18:40:00
5999553.603342692,0.0,86.0,,1.0,,,,,2027-01-13 18:45:00
5999554.6034882525,0.0,84.0,,1.0,,,,,2027-01-13 18:50:00
5999555.603633812,0.0,83.0,,1.0,,,,,2027-01-13 18:55:00
5999556.603779371,0.0,82.0,,1.0,,,,,2027-01-13 19:00:00
5999557.60392493,0.0,79.0,,1.0,,,,,2027-01-13 19:05:00
5999558.604070489,0.0,78.0,,1.0,,,,,2027-01-13 19:10:00
5999559.6042160485,0.0,78.0,,1.0,,,,,2027-01-13 19:15:00
5999560.604361608,0.0,77.0,,1.0,,,,,2027-01-13 19:20:00
5999561.604507168,0.0,81.0,,1.0,,,,,2027-01-13 19:25:00
5999562.604652727,0.0,82.0,,1.0,,,,,2027-01-13 19:30:00
5999563.604798286,0.0,83.0,82.0,1.0,,,,13.8,2027-01-13 19:35:00
5999564.604943845,0.0,91.0,,1.0,,,,,2027-01-13 19:40:00
5999565.605089405,0.0,105.0,,1.0,,,,,2027-01-13 19:45:00
5999566.605234964,0.0,116.0,,1.0,,,,,2027-01-13 19:50:00
5999567.605380523,0.0,128.0,,1.0,,,,,2027-01-13 19:55:00
5999568.605526083,0.0,137.0,,1.0,,,,,2027-01-13 20:00:00
5999569.605671642,0.0,141.0,,1.0,,,,,2027-01-13 20:05:00
5999570.605817202,0.0,140.0,,1.0,,,,,2027-01-13 20:10:00
5999571.605962761,0.0,136.0,,1.0,,,,,2027-01-13 20:15:00
5999572.60610832,0.0,133.0,,1.0,,,,,2027-01-13 20:20:00
5999573.606253879,0.0,131.0,,1.0,,,,,2027-01-13 20:25:00
5999574.606399438,0.0,135.0,,1.0,,,,,2027-01-13 20:30:00
5999575.6065449985,0.0,138.0,,1.0,,,,,2027-01-13 20:35:00
5999576.606690558,0.0,143.0,,1.0,,,,,2027-01-13 20:40:00
5999577.606836117,0.0,143.0,,1.0,,,,,2027-01-13 20:45:00
5999578.606981676,0.0,139.0,,1.0,,,,,2027-01-13 20:50:00
5999579.607127235,0.0,131.0,115.0,1.0,,,,,2027-01-13 20:55:00
5999580.6072727945,0.0,128.0,,1.0,,,,,2027-01-13 21:00:00
5999581.607418354,0.0,115.0,115.0,1.0,,,,,2027-01-13 21:05:00
5999582.607563914,0.0,111.0,,1.0,,,,,2027-01-13 21:10:00
5999583.607709473,0.0,115.0,,1.0,,,,,2027-01-13 21:15:00
5999584.607855032,0.0,122.0,,1.0,,,,,2027-01-13 21:20:00
5999585.608000591,0.0,126.0,,1.0,,,,,2027-01-13 21:25:00
5999586.608146151,0.0,136.0,,1.0,,,,,2027-01-13 21:30:00
5999587.60829171,0.0,147.0,,1.0,,,,,2027-01-13 21:35:00
5999588.608437269,0.0,166.0,,1.0,,,,,2027-01-13 21:40:00
5999589.608582829,0.0,175.0,,1.0,,,,,2027-01-13 21:45:00
5999590.608728388,0.0,182.0,,1.0,,,,,2027-01-13 21:50:00
5999591.6088739475,0.0,187.0,187.0,1.0,,,,6.8,2027-01-13 21:55:00
5999592.609019507,0.0,188.0,,1.0,,,,,2027-01-13 22:00:00
5999593.609165066,0.0,192.0,,1.0,,,,,2027-01-13 22:05:00
5999594.609310625,0.0,200.0,,1.0,,,,,2027-01-13 22:10:00
5999595.609456184,0.0,205.0,,1.0,,,,,2027-01-13 22:15:00
5999596.609601744,0.0,206.0,,1.0,,,,,2027-01-13 22:20:00
5999597.609747304,0.0,206.0,,1.0,,,,,2027-01-13 22:25:00
5999598.609892863,0.0,206.0,,1.0,,,,,2027-01-13 22:30:00
5999599.610038422,0.0,205.0,,1.0,,,,,2027-01-13 22:35:00
5999600.610183981,0.0,201.0,,1.0,,,,,2027-01-13 22:40:00
5999601.61032954,0.0,196.0,,1.0,,,,,2027-01-13 22:45:00
5999602.6104751,0.0,196.0,,1.0,,,,,2027-01-13 22:50:00
5999603.61062066,0.0,196.0,,1.0,,,,,2027-01-13 22:55:00
5999604.610766219,0.0,197.0,,1.0,,,,,2027-01-13 23:00:00
5999605.610911778,0.0,196.0,,1.0,,,,,2027-01-13 23:05:00
5999606.611057337,0.0,194.0,196.0,1.0,,,,4.6,2027-01-13 23:10:00
5999607.611202897,0.0,190.0,,1.0,,,,,2027-01-13 23:15:00
5999608.611348456,0.0,184.0,,1.0,,,,,2027-01-13 23:20:00
5999609.611494015,0.0,178.0,,1.0,,,,,2027-01-13 23:25:00
5999610.611639575,0.0,171.0,,1.0,,,,,2027-01-13 23:30:00
5999611.611785134,0.0,165.0,,1.0,,,,,2027-01-13 23:35:00
5999612.6119306935,0.0,159.0,,1.0,,,,,2027-01-13 23:40:00
5999613.612076253,0.0,154.0,,1.0,,,,,2027-01-13 23:45:00
5999614.612221812,0.0,149.0,,1.0,,,,,2027-01-13 23:50:00
5999615.612367371,0.0,145.0,,1.0,,,,,2027-01-13 23:55:00
5999616.61251293,0.0,142.0,,1.0,,,,,2027-01-14 00:00:00
5999617.61265849,0.0,138.0,,1.0,,,,,2027-01-14 00:05:00
5999618.61280405,0.0,134.0,,1.0,,,,,2027-01-14 00:10:00
5999619.612949609,0.0,130.0,,1.0,,,,,2027-01-14 00:15:00
5999620.613095168,0.0,127.0,,1.0,,,,,2027-01-14 00:20:00
5999621.613240727,0.0,126.0,,1.0,,,,,2027-01-14 00:25:00
5999622.613386286,0.0,124.0,,1.0,,,,,2027-01-14 00:30:00
5999623.613531846,0.0,120.0,,1.0,,,,,2027-01-14 00:35:00
5999624.613677406,0.0,116.0,,1.0,,,,,2027-01-14 00:40:00
5999625.613822965,0.0,113.0,,1.0,,,,,2027-01-14 00:45:00
5999626.613968524,0.0,111.0,,1.0,,,,,2027-01-14 00:50:00
5999627.614114083,0.0,109.0,,1.0,,,,,2027-01-14 00:55:00
5999628.614259643,0.0,108.0,,1.0,,,,,2027-01-14 01:00:00
5999629.614405202,0.0,104.0,,1.0,,,,,2027-01-14 01:05:00
5999630.614550761,0.0,101.0,,1.0,,,,,2027-01-14 01:10:00
5999631.614696321,0.0,98.0,,1.0,,,,,2027-01-14 01:15:00
5999632.61484188,0.0,97.0,,1.0,,,,,2027-01-14 01:20:00
5999633.6149874395,0.0,96.0,,1.0,,,,,2027-01-14 01:25:00
5999634.615132999,0.0,94.0,,1.0,,,,,2027-01-14 01:30:00
5999635.615278558,0.0,92.0,,1.0,,,,,2027-01-14 01:35:00
5999636.615424117,0.0,90.0,,1.0,,,,,2027-01-14 01:40:00
5999637.615569676,0.0,89.0,,1.0,,,,,2027-01-14 01:45:00
5999638.615715236,0.0,88.0,,1.0,,,,,2027-01-14 01:50:00
5999639.615860796,0.0,86.0,,1.0,,,,,2027-01-14 01:55:00
5999640.616006355,0.0,85.0,,1.0,,,,,2027-01-14 02:00:00
5999641.616151914,0.0,86.0,,1.0,,,,,2027-01-14 02:05:00
5999642.616297473,0.0,88.0,,1.0,,,,,2027-01-14 02:10:00
5999643.616443032,0.0,90.0,,1.0,,,,,2027-01-14 02:15:00
5999644.616588592,0.0,93.0,,1.0,,,,,2027-01-14 02:20:00
5999645.616734152,0.0,97.0,,1.0,,,,,2027-01-14 02:25:00
5999646.616879711,0.0,101.0,,1.0,,,,,2027-01-14 02:30:00
5999647.61702527,0.0,106.0,,1.0,,,,,2027-01-14 02:35:00
5999648.617170829,0.0,109.0,,1.0,,,,,2027-01-14 02:40:00
5999649.6173163885,0.0,111.0,,1.0,,,,,2027-01-14 02:45:00
5999650.617461948,0.0,113.0,,1.0,,,,,2027-01-14 02:50:00
5999651.617607507,0.0,114.0,,1.0,,,,,2027-01-14 02:55:00
5999652.617753067,0.0,114.0,,1.0,,,,,2027-01-14 03:00:00
5999653.617898626,0.0,114.0,,1.0,,,,,2027-01-14 03:05:00
5999654.618044185,0.0,112.0,,1.0,,,,,2027-01-14 03:10:00
5999655.618189745,0.0,109.0,,1.0,,,,,2027-01-14 03:15:00
5999656.618335304,0.0,107.0,,1.0,,,,,2027-01-14 03:20:00
5999657.618480863,0.0,106.0,,1.0,,,,,2027-01-14 03:25:00
5999658.618626422,0.0,107.0,,1.0,,,,,2027-01-14 03:30:00
5999659.618771982,0.0,110.0,,1.0,,,,,2027-01-14 03:35:00
5999660.618917542,0.0,113.0,,1.0,,,,,2027-01-14 03:40:00
5999661.619063101,0.0,115.0,,1.0,,,,,2027-01-14 03:45:00
5999662.61920866,0.0,117.0,,1.0,,,,,2027-01-14 03:50:00
5999663.619354219,0.0,118.0,,1.0,,,,,2027-01-14 03:55:00
5999664.619499778,0.0,120.0,,1.0,,,,,2027-01-14 04:00:00
5999665.619645338,0.0,121.0,,1.0,,,,,2027-01-14 04:05:00
5999666.619790898,0.0,121.0,,1.0,,,,,2027-01-14 04:10:00
5999667.619936457,0.0,122.0,,1.0,,,,,2027-01-14 04:15:00
5999668.620082016,0.0,124.0,,1.0,,,,,2027-01-14 04:20:00
5999669.620227575,0.0,125.0,,1.0,,,,,2027-01-14 04:25:00
5999670.6203731345,0.0,127.0,,1.0,,,,,2027-01-14 04:30:00
5999671.620518694,0.0,129.0,,1.0,,,,,2027-01-14 04:35:00
5999672.620664253,0.0,131.0,,1.0,,,,,2027-01-14 04:40:00
5999673.620809813,0.0,130.0,,1.0,,,,,2027-01-14 04:45:00
5999674.620955372,0.0,129.0,,1.0,,,,,2027-01-14 04:50:00
5999675.621100931,0.0,127.0,,1.0,,,,,2027-01-14 04:55:00
5999676.621246491,0.0,126.0,,1.0,,,,,2027-01-14 05:00:00
5999677.62139205,0.0,125.0,,1.0,,,,,2027-01-14 05:05:00
5999678.621537609,0.0,124.0,,1.0,,,,,2027-01-14 05:10:00
5999679.621683168,0.0,123.0,,1.0,,,,,2027-01-14 05:15:00
5999680.621828728,0.0,121.0,,1.0,,,,,2027-01-14 05:20:00
5999681.621974288,0.0,119.0,,1.0,,,,,2027-01-14 05:25:00
5999682.622119847,0.0,119.0,,1.0,,,,,2027-01-14 05:30:00
5999683.622265406,0.0,120.0,,1.0,,,,,2027-01-14 05:35:00
5999684.622410965,0.0,123.0,,1.0,,,,,2027-01-14 05:40:00
5999685.622556524,0.0,125.0,,1.0,,,,,2027-01-14 05:45:00
5999686.622702084,0.0,126.0,,1.0,,,,,2027-01-14 05:50:00
5999687.622847644,0.0,126.0,,1.0,,,,,2027-01-14 05:55:00
5999688.622993203,0.0,125.0,,1.0,,,,,2027-01-14 06:00:00
5999689.623138762,0.0,123.0,,1.0,,,,,2027-01-14 06:05:00
5999690.623284321,0.0,123.0,,1.0,,,,,2027-01-14 06:10:00
5999691.6234298805,0.0,123.0,,1.0,,,,,2027-01-14 06:15:00
5999692.62357544,0.0,123.0,,1.0,,,,,2027-01-14 06:20:00
5999693.623720999,0.0,123.0,,1.0,,,,,2027-01-14 06:25:00
5999694.623866559,0.0,123.0,,1.0,,,,,2027-01-14 06:30:00
5999695.624012118,0.0,123.0,,1.0,,,,,2027-01-14 06:35:00
5999696.624157677,0.0,124.0,,1.0,,,,,2027-01-14 06:40:00
5999697.624303237,0.0,124.0,,1.0,,,,,2027-01-14 06:45:00
5999698.624448796,0.0,124.0,,1.0,,,,,2027-01-14 06:50:00
5999699.624594355,0.0,124.0,,1.0,,,,,2027-01-14 06:55:00
5999700.624739914,0.0,126.0,,0.0,,,,,2027-01-14 07:00:00
5999701.624885474,0.0,127.0,,0.0,,,,,2027-01-14 07:05:00
5999702.6250310335,0.0,129.0,,0.0,,,,,2027-01-14 07:10:00
5999703.625176593,0.0,128.0,,0.0,,,,,2027-01-14 07:15:00
5999704.625322152,0.0,129.0,,1.0,,,,,2027-01-14 07:20:00
5999705.625467711,0.0,134.0,,1.0,,,,,2027-01-14 07:25:00
5999706.62561327,0.0,138.0,,1.0,,,,,2027-01-14 07:30:00
5999707.6257588295,0.0,141.0,,1.0,,,,,2027-01-14 07:35:00
5999708.62590439,0.0,148.0,,1.0,,,,,2027-01-14 07:40:00
5999709.626049949,0.0,159.0,,1.0,,,,,2027-01-14 07:45:00
5999710.626195508,0.0,176.0,,1.0,,,,,2027-01-14 07:50:00
5999711.626341067,0.0,188.0,,1.0,,,,,2027-01-14 07:55:00
5999712.626486626,0.0,195.0,194.0,1.0,,,,14.9,2027-01-14 08:00:00
5999713.626632186,0.0,201.0,,1.0,,,,,2027-01-14 08:05:00
5999714.626777745,0.0,205.0,,1.0,,,,,2027-01-14 08:10:00
5999715.626923305,0.0,207.0,,1.0,,,,,2027-01-14 08:15:00
5999716.627068864,0.0,206.0,,1.0,,,,,2027-01-14 08:20:00
5999717.627214423,0.0,202.0,,1.0,,,,,2027-01-14 08:25:00
5999718.627359983,0.0,197.0,,1.0,,,45.0,,2027-01-14 08:30:00
5999719.627505542,0.0,192.0,,1.0,,,,,2027-01-14 08:35:00
5999720.627651101,0.0,184.0,,1.0,,,,,2027-01-14 08:40:00
5999721.62779666,0.0,175.0,,1.0,,,,,2027-01-14 08:45:00
5999722.62794222,0.0,165.0,,1.0,,,,,2027-01-14 08:50:00
5999723.6280877795,1.0,,,1.0,,,,,2027-01-14 08:55:00
5999724.628233339,1.0,,,1.0,,,,,2027-01-14 09:00:00
5999725.628378898,1.0,,,1.0,,,,,2027-01-14 09:05:00
5999726.628524457,1.0,,,1.0,,,,,2027-01-14 09:10:00
5999727.628670016,1.0,,,1.0,,,,,2027-01-14 09:15:00
5999728.6288155755,1.0,,,1.0,,,,,2027-01-14 09:20:00
5999729.628961136,1.0,,,1.0,,,,,2027-01-14 09:25:00
5999730.629106695,1.0,,,1.0,,,,,2027-01-14 09:30:00
5999731.629252254,1.0,,,1.0,,,,,2027-01-14 09:35:00
5999732.629397813,1.0,,,1.0,,,,,2027-01-14 09:40:00
5999733.629543372,1.0,,,1.0,,,,,2027-01-14 09:45:00
5999734.629688932,1.0,,,1.0,,,,,2027-01-14 09:50:00
5999735.629834491,1.0,,,1.0,,,,,2027-01-14 09:55:00
5999736.629980051,1.0,,,1.0,,,,,2027-01-14 10:00:00
5999737.63012561,1.0,,,1.0,,,,,2027-01-14 10:05:00
5999738.630271169,1.0,,,1.0,,,,,2027-01-14 10:10:00
5999739.630416729,1.0,,,1.0,,,,,2027-01-14 10:15:00
5999740.630562288,1.0,,,1.0,,,,,2027-01-14 10:20:00
5999741.630707847,1.0,,,1.0,,,,9.0,2027-01-14 10:25:00
5999742.630853406,1.0,,,1.0,,,,,2027-01-14 10:30:00
5999743.630998966,1.0,,,1.0,,,,,2027-01-14 10:35:00
5999744.6311445255,1.0,,,1.0,,,,,2027-01-14 10:40:00
5999745.631290085,1.0,,,1.0,,,,,2027-01-14 10:45:00
5999746.631435644,1.0,,,1.0,,,,,2027-01-14 10:50:00
5999747.631581203,1.0,,,1.0,,,,,2027-01-14 10:55:00
5999748.631726762,1.0,,,1.0,,,,,2027-01-14 11:00:00
5999749.6318723215,1.0,,,1.0,,,,,2027-01-14 11:05:00
5999750.632017882,1.0,,,1.0,,,,,2027-01-14 11:10:00
5999751.632163441,1.0,,,1.0,,,,,2027-01-14 11:15:00
5999752.632309,1.0,,,1.0,,,,,2027-01-14 11:20:00
5999753.632454559,1.0,,,1.0,,,,,2027-01-14 11:25:00
5999754.632600118,1.0,,,1.0,,,87.0,,2027-01-14 11:30:00
5999755.632745678,1.0,,,1.0,,,,,2027-01-14 11:35:00
5999756.632891237,1.0,,79.0,1.0,,,,,2027-01-14 11:40:00
5999757.633036797,1.0,,,1.0,,,,,2027-01-14 11:45:00
5999758.633182356,0.0,72.0,79.0,1.0,,,,,2027-01-14 11:50:00
5999759.633327915,0.0,66.0,,1.0,,,,,2027-01-14 11:55:00
5999760.6334734745,0.0,62.0,,1.0,,,,,2027-01-14 12:00:00
5999761.633619034,0.0,58.0,,1.0,,,,,2027-01-14 12:05:00
5999762.633764593,0.0,53.0,,1.0,,,,,2027-01-14 12:10:00
5999763.633910152,0.0,51.0,,1.0,,,,,2027-01-14 12:15:00
5999764.634055712,0.0,53.0,,1.0,,,,,2027-01-14 12:20:00
5999765.634201271,0.0,56.0,,1.0,,,,,2027-01-14 12:25:00
5999766.634346831,0.0,64.0,,1.0,,,,,2027-01-14 12:30:00
5999767.63449239,0.0,83.0,,1.0,,,,,2027-01-14 12:35:00
5999768.634637949,0.0,86.0,,1.0,,,,,2027-01-14 12:40:00
5999769.634783508,0.0,102.0,86.0,1.0,,,,13.1,2027-01-14 12:45:00
5999770.634929067,0.0,116.0,,1.0,,,,,2027-01-14 12:50:00
5999771.635074628,0.0,126.0,,1.0,,,,,2027-01-14 12:55:00
5999772.635220187,0.0,133.0,,1.0,,,,,2027-01-14 13:00:00
5999773.635365746,0.0,136.0,,1.0,,,,,2027-01-14 13:05:00
5999774.635511305,0.0,136.0,,1.0,,,,,2027-01-14 13:10:00
5999775.635656864,0.0,130.0,,1.0,,,,,2027-01-14 13:15:00
5999776.635802424,0.0,118.0,,1.0,,,,,2027-01-14 13:20:00
5999777.635947983,0.0,102.0,,1.0,,,,,2027-01-14 13:25:00
5999778.636093543,0.0,89.0,,1.0,,,,,2027-01-14 13:30:00
5999779.636239102,0.0,82.0,,1.0,,,,,2027-01-14 13:35:00
5999780.636384661,0.0,75.0,,1.0,,,,,2027-01-14 13:40:00
5999781.6365302205,0.0,69.0,,1.0,,,,,2027-01-14 13:45:00
5999782.63667578,0.0,65.0,,1.0,,,,,2027-01-14 13:50:00
5999783.636821339,0.0,61.0,,1.0,,,,,2027-01-14 13:55:00
5999784.636966898,0.0,59.0,,1.0,,,,,2027-01-14 14:00:00
5999785.637112458,0.0,57.0,,1.0,,,,,2027-01-14 14:05:00
5999786.637258017,0.0,58.0,,1.0,,,,,2027-01-14 14:10:00
5999787.637403577,0.0,59.0,,1.0,,,,,2027-01-14 14:15:00
5999788.637549136,0.0,59.0,,1.0,,,,,2027-01-14 14:20:00
5999789.637694695,0.0,59.0,,1.0,,,,,2027-01-14 14:25:00
5999790.637840254,0.0,58.0,,1.0,,,,,2027-01-14 14:30:00
5999791.637985813,0.0,57.0,,1.0,,,,,2027-01-14 14:35:00
5999792.638131374,0.0,58.0,,1.0,,,,,2027-01-14 14:40:00
5999793.638276933,0.0,59.0,,1.0,,,,,2027-01-14 14:45:00
5999794.638422492,0.0,59.0,,1.0,,,,,2027-01-14 14:50:00
5999795.638568051,0.0,60.0,,1.0,,,,,2027-01-14 14:55:00
5999796.63871361,0.0,61.0,,1.0,,,,,2027-01-14 15:00:00
5999797.63885917,0.0,63.0,,1.0,,,,,2027-01-14 15:05:00
5999798.639004729,0.0,65.0,,1.0,,,,,2027-01-14 15:10:00
5999799.639150289,0.0,66.0,,1.0,,,,,2027-01-14 15:15:00
5999800.639295848,0.0,68.0,,1.0,,,,,2027-01-14 15:20:00
5999801.639441407,0.0,70.0,,1.0,,,,,2027-01-14 15:25:00
5999802.6395869665,0.0,72.0,,1.0,,,,,2027-01-14 15:30:00
5999803.639732526,0.0,75.0,,1.0,,,,,2027-01-14 15:35:00
5999804.639878085,0.0,79.0,,1.0,,,,,2027-01-14 15:40:00
5999805.640023644,0.0,89.0,,1.0,,,,,2027-01-14 15:45:00
5999806.640169204,0.0,99.0,,1.0,,,,,2027-01-14 15:50:00
5999807.640314763,0.0,112.0,,1.0,,,,,2027-01-14 15:55:00
5999808.640460323,0.0,127.0,,1.0,,,,,2027-01-14 16:00:00
5999809.640605882,0.0,143.0,,1.0,,,,,2027-01-14 16:05:00
5999810.640751441,0.0,159.0,,1.0,,,,,2027-01-14 16:10:00
5999811.640897,0.0,179.0,,1.0,,,,,2027-01-14 16:15:00
5999812.641042559,0.0,204.0,,1.0,,,,,2027-01-14 16:20:00
5999813.64118812,0.0,223.0,205.0,1.0,,,,15.3,2027-01-14 16:25:00
5999814.641333679,0.0,239.0,,1.0,,,,,2027-01-14 16:30:00
5999815.641479238,0.0,252.0,,1.0,,,,,2027-01-14 16:35:00
5999816.641624797,0.0,262.0,,1.0,,,,,2027-01-14 16:40:00
5999817.641770356,0.0,267.0,,1.0,,,,,2027-01-14 16:45:00
5999818.6419159155,0.0,263.0,,1.0,,,,,2027-01-14 16:50:00
5999819.642061475,0.0,262.0,,1.0,,,,,2027-01-14 16:55:00
5999820.642207035,0.0,257.0,,1.0,,,,,2027-01-14 17:00:00
5999821.642352594,0.0,252.0,,1.0,,,,,2027-01-14 17:05:00
5999822.642498153,0.0,240.0,,1.0,,,,,2027-01-14 17:10:00
5999823.642643712,0.0,231.0,,1.0,,,,,2027-01-14 17:15:00
5999824.642789272,0.0,225.0,,1.0,,,,,2027-01-14 17:20:00
5999825.642934831,0.0,216.0,,1.0,,,,,2027-01-14 17:25:00
5999826.64308039,0.0,204.0,,1.0,,,,,2027-01-14 17:30:00
5999827.64322595,0.0,195.0,,1.0,,,,,2027-01-14 17:35:00
5999828.643371509,0.0,188.0,,1.0,,,,,2027-01-14 17:40:00
5999829.643517069,0.0,184.0,,1.0,,,,,2027-01-14 17:45:00
5999830.643662628,0.0,180.0,,1.0,,,,,2027-01-14 17:50:00
5999831.643808187,0.0,174.0,,1.0,,,,,2027-01-14 17:55:00
5999832.643953746,0.0,170.0,,1.0,,,,,2027-01-14 18:00:00
5999833.644099305,0.0,167.0,,1.0,,,,,2027-01-14 18:05:00
5999834.6442448655,0.0,162.0,,1.0,,,,,2027-01-14 18:10:00
5999835.644390425,0.0,154.0,,1.0,,,,,2027-01-14 18:15:00
5999836.644535984,0.0,148.0,,1.0,,,,,2027-01-14 18:20:00
5999837.644681543,0.0,144.0,,1.0,,,,,2027-01-14 18:25:00
5999838.644827102,0.0,141.0,,1.0,,,,,2027-01-14 18:30:00
5999839.6449726615,0.0,139.0,,1.0,,,,,2027-01-14 18:35:00
5999840.645118221,0.0,138.0,,1.0,,,,,2027-01-14 18:40:00
5999841.645263781,0.0,140.0,,1.0,,,,,2027-01-14 18:45:00
5999842.64540934,0.0,141.0,,1.0,,,,,2027-01-14 18:50:00
5999843.645554899,0.0,142.0,,1.0,,,,,2027-01-14 18:55:00
5999844.645700458,0.0,143.0,,1.0,,,,,2027-01-14 19:00:00
5999845.645846018,0.0,147.0,,1.0,,,,,2027-01-14 19:05:00
5999846.645991577,0.0,150.0,,1.0,,,,,2027-01-14 19:10:00
5999847.646137136,0.0,154.0,,1.0,,,,,2027-01-14 19:15:00
5999848.646282696,0.0,159.0,,1.0,,,,,2027-01-14 19:20:00
5999849.646428255,0.0,167.0,,1.0,,,,,2027-01-14 19:25:00
5999850.646573815,0.0,177.0,,1.0,,,,,2027-01-14 19:30:00
5999851.646719374,0.0,191.0,,1.0,,,,,2027-01-14 19:35:00
5999852.646864933,0.0,209.0,194.0,0.0,,,,6.6,2027-01-14 19:40:00
5999853.647010492,0.0,223.0,,0.0,,,,,2027-01-14 19:45:00
5999854.647156051,0.0,234.0,,0.0,,,,,2027-01-14 19:50:00
5999855.6473016115,0.0,242.0,,0.0,,,,,2027-01-14 19:55:00
5999856.647447171,0.0,244.0,,0.0,,,,,2027-01-14 20:00:00
5999857.64759273,0.0,244.0,,0.0,,,,,2027-01-14 20:05:00
5999858.647738289,0.0,245.0,,0.0,,,,,2027-01-14 20:10:00
5999859.647883848,0.0,248.0,,0.0,,,,,2027-01-14 20:15:00
5999860.6480294075,0.0,254.0,,0.0,,,,,2027-01-14 20:20:00
5999861.648174967,0.0,260.0,,0.0,,,,,2027-01-14 20:25:00
5999862.648320527,0.0,265.0,,0.0,,,,,2027-01-14 20:30:00
5999863.648466086,0.0,270.0,,0.0,,,,,2027-01-14 20:35:00
5999864.648611645,0.0,276.0,,0.0,,,,,2027-01-14 20:40:00
5999865.648757204,0.0,283.0,,0.0,,,,,2027-01-14 20:45:00
5999866.648902764,0.0,291.0,,0.0,,,,,2027-01-14 20:50:00
5999867.649048323,0.0,296.0,,0.0,,,,,2027-01-14 20:55:00
5999868.649193882,0.0,294.0,,0.0,,,,,2027-01-14 21:00:00
5999869.649339442,0.0,288.0,,0.0,,,,,2027-01-14 21:05:00
5999870.649485001,0.0,287.0,,0.0,,,,,2027-01-14 21:10:00
5999871.649630561,0.0,287.0,,1.0,,,,,2027-01-14 21:15:00
5999872.64977612,0.0,284.0,,1.0,,,,,2027-01-14 21:20:00
5999873.649921679,0.0,285.0,,1.0,,,,,2027-01-14 21:25:00
5999874.650067238,0.0,286.0,,1.0,,,,,2027-01-14 21:30:00
5999875.650212797,0.0,288.0,,1.0,,,,,2027-01-14 21:35:00
5999876.6503583575,0.0,290.0,,1.0,,,,,2027-01-14 21:40:00
5999877.650503917,0.0,291.0,,1.0,,,,,2027-01-14 21:45:00
5999878.650649476,0.0,293.0,291.0,1.0,,,,15.8,2027-01-14 21:50:00
5999879.650795035,0.0,287.0,,1.0,,,,,2027-01-14 21:55:00
5999880.650940594,0.0,279.0,,1.0,,,,,2027-01-14 22:00:00
5999881.651086153,0.0,277.0,,1.0,,,,,2027-01-14 22:05:00
5999882.651231713,0.0,270.0,,1.0,,0.051768,,,2027-01-14 22:10:00
5999883.651377273,0.0,262.0,,1.0,,0.036603,,,2027-01-14 22:15:00
5999884.651522832,0.0,254.0,,1.0,,0.035006,,,2027-01-14 22:20:00
5999885.651668391,0.0,249.0,,1.0,,0.041134,,,2027-01-14 22:25:00
5999886.65181395,0.0,249.0,,1.0,,0.042552,,,2027-01-14 22:30:00
5999887.65195951,0.0,249.0,,1.0,,0.0465,,,2027-01-14 22:35:00
5999888.652105069,0.0,250.0,,1.0,,0.044285,,,2027-01-14 22:40:00
5999889.652250628,0.0,255.0,,1.0,,0.055639,,,2027-01-14 22:45:00
5999890.652396188,0.0,262.0,,1.0,,0.04652,,,2027-01-14 22:50:00
5999891.652541747,0.0,268.0,,1.0,,0.061521,,,2027-01-14 22:55:00
5999892.6526873065,0.0,272.0,,1.0,,0.064477,,,2027-01-14 23:00:00
5999893.652832866,0.0,274.0,,1.0,,0.068979,,,2027-01-14 23:05:00
5999894.652978425,0.0,275.0,,1.0,,0.070212,,,2027-01-14 23:10:00
5999895.653123984,0.0,272.0,,1.0,,0.076599,,,2027-01-14 23:15:00
5999896.653269543,0.0,269.0,,1.0,,0.056025,,,2027-01-14 23:20:00
5999897.6534151025,0.0,261.0,,1.0,,0.012948,,,2027-01-14 23:25:00
5999898.653560663,0.0,250.0,,1.0,,0.020828,,,2027-01-14 23:30:00
5999899.653706222,0.0,238.0,249.0,1.0,,0.021591,,5.8,2027-01-14 23:35:00
5999900.653851781,1.0,,,1.0,,0.029738,,,2027-01-14 23:40:00
5999901.65399734,1.0,,,1.0,,0.04465,,,2027-01-14 23:45:00
5999902.654142899,0.0,233.0,249.0,1.0,,0.058193,,,2027-01-14 23:50:00
5999903.654288459,0.0,224.0,,1.0,,0.079137,,,2027-01-14 23:55:00
5999904.654434018,0.0,217.0,,1.0,,0.094905,,,2027-01-15 00:00:00
5999905.654579578,0.0,208.0,,1.0,,0.111516,,,2027-01-15 00:05:00
5999906.654725137,0.0,192.0,,1.0,,0.129637,,,2027-01-15 00:10:00
5999907.654870696,0.0,175.0,,1.0,,0.123654,,,2027-01-15 00:15:00
5999908.655016256,0.0,161.0,,1.0,,0.144319,,,2027-01-15 00:20:00
5999909.655161815,0.0,151.0,,1.0,,0.144356,,,2027-01-15 00:25:00
5999910.655307374,0.0,143.0,,1.0,,0.152547,,,2027-01-15 00:30:00
5999911.655452933,0.0,138.0,,1.0,,0.159439,,,2027-01-15 00:35:00
5999912.655598493,0.0,130.0,,1.0,,0.164752,,,2027-01-15 00:40:00
5999913.6557440525,0.0,122.0,,1.0,,0.17031,,,2027-01-15 00:45:00
5999914.655889612,0.0,115.0,,1.0,,0.173007,,,2027-01-15 00:50:00
5999915.656035171,0.0,111.0,,1.0,,0.18281,,,2027-01-15 00:55:00
5999916.65618073,0.0,110.0,,1.0,,0.213793,,,2027-01-15 01:00:00
5999917.656326289,0.0,110.0,,1.0,,0.224061,,,2027-01-15 01:05:00
5999918.6564718485,0.0,108.0,,1.0,,0.211674,,,2027-01-15 01:10:00
5999919.656617409,0.0,102.0,,1.0,,0.231477,,,2027-01-15 01:15:00
5999920.656762968,0.0,96.0,,1.0,,0.266774,,,2027-01-15 01:20:00
5999921.656908527,0.0,91.0,,1.0,,0.286592,,,2027-01-15 01:25:00
5999922.657054086,0.0,88.0,,1.0,,0.282839,,,2027-01-15 01:30:00
5999923.657199645,0.0,84.0,,1.0,,0.284928,,,2027-01-15 01:35:00
5999924.657345205,0.0,79.0,,1.0,,0.265635,,,2027-01-15 01:40:00
5999925.657490764,0.0,72.0,,1.0,,0.262755,,,2027-01-15 01:45:00
5999926.657636324,0.0,67.0,,1.0,,0.262372,,,2027-01-15 01:50:00
5999927.657781883,0.0,62.0,,1.0,,0.255117,,,2027-01-15 01:55:00
5999928.657927442,0.0,57.0,,1.0,,0.195853,,,2027-01-15 02:00:00
5999929.658073002,0.0,54.0,,1.0,,0.259586,,,2027-01-15 02:05:00
5999930.658218561,0.0,51.0,,1.0,,0.272763,,,2027-01-15 02:10:00
5999931.65836412,0.0,47.0,,1.0,,0.287232,,,2027-01-15 02:15:00
5999932.658509679,0.0,44.0,,1.0,,0.293453,,,2027-01-15 02:20:00
5999933.658655239,0.0,42.0,,1.0,,0.29673,,,2027-01-15 02:25:00
5999934.6588007985,0.0,40.0,,1.0,,0.298397,,,2027-01-15 02:30:00
5999935.658946358,0.0,40.0,,1.0,,1.462874,,,2027-01-15 02:35:00
5999936.659091917,0.0,40.0,,1.0,,1.940854,,,2027-01-15 02:40:00
5999937.659237476,0.0,40.0,,1.0,,8.454737,,,2027-01-15 02:45:00
5999938.659383035,0.0,40.0,,1.0,,5.766802,,,2027-01-15 02:50:00
5999939.659528594,0.0,40.0,,1.0,,5.85829,,,2027-01-15 02:55:00
5999940.659674155,0.0,40.0,,1.0,,3.630575,,,2027-01-15 03:00:00
5999941.659819714,0.0,40.0,,1.0,,3.730016,,,2027-01-15 03:05:00
5999942.659965273,0.0,40.0,,1.0,,6.331521,,,2027-01-15 03:10:00
5999943.660110832,0.0,44.0,,1.0,,12.755874,,,2027-01-15 03:15:00
5999944.660256391,0.0,45.0,,1.0,,9.230847,,,2027-01-15 03:20:00
5999945.660401951,0.0,44.0,,1.0,,10.354841,,,2027-01-15 03:25:00
5999946.66054751,0.0,43.0,,1.0,,17.536395,,,2027-01-15 03:30:00
5999947.66069307,0.0,44.0,,1.0,,15.619218,,,2027-01-15 03:35:00
5999948.660838629,0.0,43.0,,1.0,,10.712799,,,2027-01-15 03:40:00
5999949.660984188,0.0,41.0,,1.0,,7.154227,,,2027-01-15 03:45:00
5999950.6611297475,0.0,40.0,,1.0,,4.87527,,,2027-01-15 03:50:00
5999951.661275307,0.0,40.0,,1.0,,4.438309,,,2027-01-15 03:55:00
5999952.661420866,0.0,40.0,,1.0,,4.559747,,,2027-01-15 04:00:00
5999953.661566425,0.0,41.0,,1.0,,3.913911,,,2027-01-15 04:05:00
5999954.661711985,0.0,44.0,,1.0,,3.992598,,,2027-01-15 04:10:00
5999955.661857544,0.0,43.0,,1.0,,3.995557,,,2027-01-15 04:15:00
5999956.662003104,0.0,42.0,,1.0,,4.434525,,,2027-01-15 04:20:00
5999957.662148663,0.0,42.0,,1.0,,3.757863,,,2027-01-15 04:25:00
5999958.662294222,0.0,42.0,,1.0,,2.811704,,,2027-01-15 04:30:00
5999959.662439781,0.0,42.0,,1.0,,2.366085,,,2027-01-15 04:35:00
5999960.66258534,0.0,42.0,,1.0,,2.067948,,,2027-01-15 04:40:00
5999961.662730901,0.0,46.0,,1.0,,1.827213,,,2027-01-15 04:45:00
5999962.66287646,0.0,52.0,,1.0,,3.233513,,,2027-01-15 04:50:00
5999963.663022019,0.0,52.0,,1.0,,2.581456,,,2027-01-15 04:55:00
5999964.663167578,0.0,51.0,,1.0,,2.341514,,,2027-01-15 05:00:00
5999965.663313137,0.0,50.0,,1.0,,2.114989,,,2027-01-15 05:05:00
5999966.663458697,0.0,49.0,,1.0,,1.844501,,,2027-01-15 05:10:00
5999967.663604256,0.0,49.0,,1.0,,1.694058,,,2027-01-15 05:15:00
5999968.663749816,0.0,49.0,,1.0,,1.349158,,,2027-01-15 05:20:00
5999969.663895375,0.0,48.0,,1.0,,1.394798,,,2027-01-15 05:25:00
5999970.664040934,0.0,48.0,,1.0,,1.245027,,,2027-01-15 05:30:00
5999971.6641864935,0.0,49.0,,1.0,,1.152431,,,2027-01-15 05:35:00
5999972.664332053,0.0,48.0,,1.0,,1.541069,,,2027-01-15 05:40:00
5999973.664477612,0.0,52.0,,1.0,,0.131394,,,2027-01-15 05:45:00
5999974.664623171,0.0,56.0,,1.0,,0.141722,,,2027-01-15 05:50:00
5999975.664768731,0.0,55.0,,1.0,,0.147173,,,2027-01-15 05:55:00
5999976.66491429,0.0,54.0,,1.0,,0.128876,,,2027-01-15 06:00:00
5999977.66505985,0.0,52.0,,1.0,,0.14325,,,2027-01-15 06:05:00
5999978.665205409,0.0,53.0,,1.0,,0.156954,,,2027-01-15 06:10:00
5999979.665350968,0.0,54.0,,1.0,,0.165948,,,2027-01-15 06:15:00
5999980.665496527,0.0,53.0,,1.0,,0.195696,,,2027-01-15 06:20:00
5999981.665642086,0.0,52.0,,1.0,,0.222307,,,2027-01-15 06:25:00
5999982.665787647,0.0,52.0,,1.0,,0.235564,,,2027-01-15 06:30:00
5999983.665933206,0.0,52.0,,1.0,,0.23908,,,2027-01-15 06:35:00
5999984.666078765,0.0,52.0,,1.0,,0.22101,,,2027-01-15 06:40:00
5999985.666224324,0.0,52.0,,1.0,,0.217187,,,2027-01-15 06:45:00
5999986.666369883,0.0,52.0,,1.0,,0.209138,,,2027-01-15 06:50:00
5999987.666515443,0.0,52.0,,1.0,,0.148052,,,2027-01-15 06:55:00
5999988.666661002,0.0,52.0,,1.0,,0.061618,,,2027-01-15 07:00:00
5999989.666806562,0.0,52.0,,1.0,,0.0,,,2027-01-15 07:05:00
5999990.666952121,0.0,51.0,,1.0,,,,,2027-01-15 07:10:00
5999991.66709768,0.0,51.0,,0.0,,,,,2027-01-15 07:15:00
5999992.6672432395,0.0,57.0,,0.0,,,,,2027-01-15 07:20:00
5999993.667388799,0.0,67.0,,0.0,,,,,2027-01-15 07:25:00
5999994.667534358,0.0,80.0,,0.0,,,,,2027-01-15 07:30:00
5999995.667679917,0.0,91.0,,0.0,,0.037609,,,2027-01-15 07:35:00
5999996.667825477,0.0,99.0,,0.0,,0.03007,,,2027-01-15 07:40:00
5999997.667971036,0.0,103.0,,1.0,,0.047426,,,2027-01-15 07:45:00
5999998.668116596,0.0,118.0,,1.0,,0.051248,,,2027-01-15 07:50:00
5999999.668262155,0.0,132.0,,1.0,,0.046555,,,2027-01-15 07:55:00
6000000.668407714,0.0,141.0,,1.0,,0.04679,,,2027-01-15 08:00:00
6000001.668553273,0.0,149.0,,1.0,,0.04488,,,2027-01-15 08:05:00
6000002.668698832,0.0,156.0,,1.0,,0.049477,,,2027-01-15 08:10:00
6000003.6688443925,0.0,161.0,,1.0,,0.044577,,,2027-01-15 08:15:00
6000004.668989952,0.0,164.0,,1.0,,1.041416,,,2027-01-15 08:20:00
6000005.669135511,0.0,167.0,,1.0,,0.649357,,,2027-01-15 08:25:00
6000006.66928107,0.0,169.0,,1.0,,0.22792,,,2027-01-15 08:30:00
6000007.669426629,0.0,170.0,,1.0,,0.061022,,,2027-01-15 08:35:00
6000008.6695721885,0.0,171.0,,1.0,,0.069785,,,2027-01-15 08:40:00
6000009.669717748,0.0,175.0,,1.0,,0.073816,,,2027-01-15 08:45:00
6000010.669863308,0.0,185.0,,1.0,,0.085387,,,2027-01-15 08:50:00
6000011.670008867,0.0,185.0,,1.0,,0.078355,,,2027-01-15 08:55:00
6000012.670154426,0.0,184.0,,1.0,,0.07387,,,2027-01-15 09:00:00
6000013.670299985,0.0,187.0,,1.0,,0.074489,,,2027-01-15 09:05:00
6000014.670445545,0.0,190.0,187.0,1.0,,0.075968,,12.3,2027-01-15 09:10:00
6000015.670591104,0.0,193.0,,1.0,,0.076282,,,2027-01-15 09:15:00
6000016.670736663,0.0,199.0,,1.0,,0.087211,,,2027-01-15 09:20:00
6000017.670882223,0.0,217.0,,1.0,,0.080215,,,2027-01-15 09:25:00
6000018.671027782,0.0,221.0,,1.0,,0.08187,,,2027-01-15 09:30:00
6000019.671173342,0.0,237.0,,1.0,,0.081316,,,2027-01-15 09:35:00
6000020.671318901,0.0,250.0,,1.0,,0.076756,,,2027-01-15 09:40:00
6000021.67146446,0.0,263.0,,1.0,,0.078218,,,2027-01-15 09:45:00
6000022.671610019,0.0,272.0,,1.0,,0.077012,,,2027-01-15 09:50:00
6000023.671755578,0.0,276.0,,1.0,,0.070487,,,2027-01-15 09:55:00
6000024.6719011385,0.0,275.0,,1.0,,0.073636,,,2027-01-15 10:00:00
6000025.672046698,0.0,272.0,,1.0,,0.068835,,,2027-01-15 10:05:00
6000026.672192257,0.0,266.0,,1.0,,0.072592,,,2027-01-15 10:10:00
6000027.672337816,0.0,261.0,,1.0,,0.081929,,,2027-01-15 10:15:00
6000028.672483375,0.0,253.0,,1.0,,0.035714,,,2027-01-15 10:20:00
6000029.6726289345,0.0,256.0,,1.0,,0.031063,,,2027-01-15 10:25:00
6000030.672774494,0.0,249.0,,1.0,,0.040469,,,2027-01-15 10:30:00
6000031.672920054,0.0,237.0,,1.0,,0.054189,,,2027-01-15 10:35:00
6000032.673065613,0.0,227.0,,1.0,,0.061319,,,2027-01-15 10:40:00
6000033.673211172,0.0,220.0,,1.0,,0.055823,,,2027-01-15 10:45:00
6000034.673356731,0.0,212.0,,1.0,,0.056248,,,2027-01-15 10:50:00
6000035.673502291,0.0,208.0,,1.0,,0.062028,,,2027-01-15 10:55:00
6000036.67364785,0.0,204.0,,1.0,,0.064875,,,2027-01-15 11:00:00
6000037.673793409,0.0,199.0,,1.0,,0.018474,,,2027-01-15 11:05:00
6000038.673938969,0.0,192.0,,1.0,,0.012791,,,2027-01-15 11:10:00
6000039.674084528,0.0,186.0,,1.0,,0.017465,,,2027-01-15 11:15:00
6000040.674230088,0.0,183.0,,1.0,,0.031778,,,2027-01-15 11:20:00
6000041.674375647,0.0,179.0,,1.0,,0.030128,,,2027-01-15 11:25:00
6000042.674521206,0.0,174.0,,1.0,,0.04901,,,2027-01-15 11:30:00
6000043.674666765,0.0,169.0,,1.0,,0.25627,,,2027-01-15 11:35:00
6000044.674812324,1.0,,,1.0,,0.528561,,,2027-01-15 11:40:00
6000045.6749578845,1.0,,157.0,1.0,,0.129899,,2.4,2027-01-15 11:45:00
6000046.675103444,1.0,,,1.0,,0.036223,,,2027-01-15 11:50:00
6000047.675249003,0.0,153.0,157.0,1.0,,0.030092,,,2027-01-15 11:55:00
6000048.675394562,0.0,150.0,,1.0,,0.074304,,,2027-01-15 12:00:00
6000049.675540121,0.0,145.0,,1.0,,0.10485,,,2027-01-15 12:05:00
6000050.6756856805,0.0,139.0,,1.0,,0.099199,,,2027-01-15 12:10:00
6000051.67583124,0.0,135.0,,1.0,,0.097408,,,2027-01-15 12:15:00
6000052.6759768,0.0,130.0,,1.0,,0.155493,,,2027-01-15 12:20:00
6000053.676122359,0.0,125.0,,1.0,,0.060525,,,2027-01-15 12:25:00
6000054.676267918,0.0,118.0,,1.0,,0.074726,,,2027-01-15 12:30:00
6000055.676413477,0.0,115.0,,1.0,,0.060133,,,2027-01-15 12:35:00
6000056.676559037,0.0,112.0,,1.0,,0.063254,,,2027-01-15 12:40:00
6000057.676704596,0.0,109.0,,1.0,,0.062581,,,2027-01-15 12:45:00
6000058.676850155,0.0,105.0,,1.0,,0.050359,,,2027-01-15 12:50:00
6000059.676995715,0.0,103.0,,1.0,,1.435068,,,2027-01-15 12:55:00
6000060.677141274,0.0,99.0,,1.0,,1.473856,,,2027-01-15 13:00:00
6000061.6772868335,0.0,94.0,,1.0,,1.57902,,,2027-01-15 13:05:00
6000062.677432393,0.0,88.0,,1.0,,1.015072,,,2027-01-15 13:10:00
6000063.677577952,0.0,84.0,,1.0,,0.668581,,,2027-01-15 13:15:00
6000064.677723511,0.0,86.0,,1.0,,0.423389,,,2027-01-15 13:20:00
6000065.67786907,0.0,98.0,86.0,1.0,,1.083537,,14.9,2027-01-15 13:25:00
6000066.67801463,0.0,105.0,,1.0,,1.00828,,,2027-01-15 13:30:00
6000067.67816019,0.0,114.0,,1.0,,0.349027,,,2027-01-15 13:35:00
6000068.678305749,0.0,124.0,,1.0,,0.201249,,,2027-01-15 13:40:00
6000069.678451308,0.0,126.0,,1.0,,0.092187,,,2027-01-15 13:45:00
6000070.678596867,0.0,128.0,,1.0,,0.154775,,,2027-01-15 13:50:00
6000071.678742426,0.0,130.0,,1.0,,0.112471,,,2027-01-15 13:55:00
6000072.678887986,1.0,,,1.0,,0.104706,,,2027-01-15 14:00:00
6000073.679033546,1.0,,,1.0,,0.034791,,,2027-01-15 14:05:00
6000074.679179105,1.0,,,1.0,,0.059268,,,2027-01-15 14:10:00
6000075.679324664,1.0,,,1.0,,0.072435,,,2027-01-15 14:15:00
6000076.679470223,1.0,,,1.0,,0.509428,,,2027-01-15 14:20:00
6000077.679615783,1.0,,,1.0,,0.320372,,,2027-01-15 14:25:00
6000078.679761342,1.0,,,1.0,,0.406573,,,2027-01-15 14:30:00
6000079.679906901,1.0,,,1.0,,0.193384,,,2027-01-15 14:35:00
6000080.680052461,1.0,,,1.0,,0.128394,,,2027-01-15 14:40:00
6000081.68019802,1.0,,,1.0,,0.095055,,,2027-01-15 14:45:00
6000082.6803435795,1.0,,,1.0,,0.048924,,,2027-01-15 14:50:00
6000083.680489139,1.0,,,1.0,,0.119499,,,2027-01-15 14:55:00
6000084.680634698,1.0,,,1.0,,0.013692,,,2027-01-15 15:00:00
6000085.680780257,1.0,,,1.0,,0.027584,,,2027-01-15 15:05:00
6000086.680925816,1.0,,,1.0,,0.114463,,,2027-01-15 15:10:00
6000087.681071376,1.0,,,1.0,,0.447527,,,2027-01-15 15:15:00
6000088.681216936,1.0,,,1.0,,20.014925,,,2027-01-15 15:20:00
6000089.681362495,1.0,,,1.0,,23.672542,,,2027-01-15 15:25:00
6000090.681508054,1.0,,,1.0,,17.769083,,,2027-01-15 15:30:00
6000091.681653613,1.0,,,1.0,,2.932485,,,2027-01-15 15:35:00
6000092.681799172,1.0,,,1.0,,8.837958,,,2027-01-15 15:40:00
6000093.681944732,1.0,,,1.0,,4.653231,,,2027-01-15 15:45:00
6000094.682090292,1.0,,,1.0,,5.054637,,,2027-01-15 15:50:00
6000095.682235851,1.0,,,1.0,,6.038864,,11.0,2027-01-15 15:55:00
6000096.68238141,1.0,,,1.0,,5.605974,,,2027-01-15 16:00:00
6000097.682526969,1.0,,,1.0,,6.313389,,,2027-01-15 16:05:00
6000098.682672529,1.0,,,1.0,,6.054024,,,2027-01-15 16:10:00
6000099.682818088,1.0,,,1.0,,8.127672,,,2027-01-15 16:15:00
6000100.682963647,1.0,,,1.0,,11.983722,,,2027-01-15 16:20:00
6000101.683109207,1.0,,,1.0,,10.958128,,,2027-01-15 16:25:00
6000102.683254766,1.0,,,1.0,,10.846135,,,2027-01-15 16:30:00
6000103.6834003255,1.0,,,1.0,,9.358694,,,2027-01-15 16:35:00
6000104.683545885,1.0,,,1.0,,10.591253,,,2027-01-15 16:40:00
6000105.683691444,1.0,,,1.0,,7.108029,,,2027-01-15 16:45:00
6000106.683837003,1.0,,,1.0,,5.206717,,,2027-01-15 16:50:00
6000107.683982562,1.0,,,1.0,,5.932436,,,2027-01-15 16:55:00
6000108.684128122,1.0,,,1.0,,0.508481,,,2027-01-15 17:00:00
6000109.684273682,1.0,,,1.0,,0.586284,,,2027-01-15 17:05:00
6000110.684419241,1.0,,,1.0,,0.911552,,,2027-01-15 17:10:00
6000111.6845648,1.0,,,1.0,,1.274831,,,2027-01-15 17:15:00
6000112.684710359,1.0,,,1.0,,0.840644,,,2027-01-15 17:20:00
6000113.684855918,1.0,,,1.0,,2.148324,,,2027-01-15 17:25:00
6000114.685001478,1.0,,,1.0,,2.938267,,,2027-01-15 17:30:00
6000115.685147038,1.0,,,1.0,,2.720362,,,2027-01-15 17:35:00
6000116.685292597,1.0,,,1.0,,2.210561,,,2027-01-15 17:40:00
6000117.685438156,1.0,,,1.0,,2.271721,,,2027-01-15 17:45:00
6000118.685583715,1.0,,,1.0,,2.88902,,,2027-01-15 17:50:00
6000119.6857292745,1.0,,,1.0,,4.511837,,,2027-01-15 17:55:00
6000120.685874834,1.0,,,1.0,,7.142326,,,2027-01-15 18:00:00
6000121.686020393,1.0,,,1.0,,6.790491,,,2027-01-15 18:05:00
6000122.686165953,1.0,,,1.0,,11.411129,,,2027-01-15 18:10:00
6000123.686311512,1.0,,,1.0,,17.329692,,,2027-01-15 18:15:00
6000124.686457071,1.0,,,1.0,,15.763562,,,2027-01-15 18:20:00
6000125.686602631,1.0,,,1.0,,9.965944,,,2027-01-15 18:25:00
6000126.68674819,1.0,,,1.0,,9.565623,,,2027-01-15 18:30:00
6000127.686893749,1.0,,,1.0,,7.010754,,,2027-01-15 18:35:00
6000128.687039308,1.0,,,1.0,,5.061117,,,2027-01-15 18:40:00
6000129.687184868,1.0,,,1.0,,3.68864,,,2027-01-15 18:45:00
6000130.687330428,1.0,,,1.0,,2.989749,,,2027-01-15 18:50:00
6000131.687475987,1.0,,,1.0,,1.498259,,,2027-01-15 18:55:00
6000132.687621546,1.0,,,1.0,,0.707653,,,2027-01-15 19:00:00
6000133.687767105,1.0,,,1.0,,0.292961,,,2027-01-15 19:05:00
6000134.687912664,1.0,,,1.0,,0.119531,,,2027-01-15 19:10:00
6000135.688058224,1.0,,,1.0,,0.191402,,,2027-01-15 19:15:00
6000136.688203784,1.0,,,1.0,,0.046761,,,2027-01-15 19:20:00
6000137.688349343,1.0,,,1.0,,0.078363,,,2027-01-15 19:25:00
6000138.688494902,1.0,,,1.0,,0.625593,,,2027-01-15 19:30:00
6000139.688640461,1.0,,,1.0,,0.657803,,,2027-01-15 19:35:00
6000140.6887860205,1.0,,,1.0,,1.754464,,,2027-01-15 19:40:00
6000141.68893158,1.0,,,1.0,,2.140164,,,2027-01-15 19:45:00
6000142.689077139,1.0,,,1.0,,3.426243,,,2027-01-15 19:50:00
6000143.689222699,1.0,,,1.0,,3.05872,,,2027-01-15 19:55:00
6000144.689368258,1.0,,,1.0,,0.320922,,,2027-01-15 20:00:00
6000145.689513817,1.0,,,1.0,,3.104462,,,2027-01-15 20:05:00
6000146.689659377,1.0,,,1.0,,5.815288,,,2027-01-15 20:10:00
6000147.689804936,1.0,,,1.0,,5.272441,,,2027-01-15 20:15:00
6000148.689950495,1.0,,,1.0,,4.449968,,,2027-01-15 20:20:00
6000149.690096054,1.0,,,1.0,,3.470953,,,2027-01-15 20:25:00
6000150.690241614,1.0,,,1.0,,3.094105,,,2027-01-15 20:30:00
6000151.690387174,1.0,,,1.0,,0.97138,,16.5,2027-01-15 20:35:00
6000152.690532733,1.0,,,1.0,,0.971251,,,2027-01-15 20:40:00
6000153.690678292,1.0,,,1.0,,0.699177,,,2027-01-15 20:45:00
6000154.690823851,1.0,,,1.0,,0.847433,,,2027-01-15 20:50:00
6000155.69096941,1.0,,,1.0,,0.829723,,,2027-01-15 20:55:00
6000156.69111497,1.0,,,1.0,,0.0,,,2027-01-15 21:00:00
6000157.69126053,1.0,,,1.0,,,,,2027-01-15 21:05:00
6000158.691406089,1.0,,,1.0,,,,,2027-01-15 21:10:00
6000159.691551648,1.0,,,0.0,,,,,2027-01-15 21:15:00
6000160.691697207,1.0,,,0.0,,0.108927,,,2027-01-15 21:20:00
6000161.6918427665,1.0,,,0.0,,0.11544,,,2027-01-15 21:25:00
6000162.691988326,1.0,,,0.0,,0.055968,,,2027-01-15 21:30:00
6000163.692133885,1.0,,,1.0,,0.023428,,,2027-01-15 21:35:00
6000164.692279445,1.0,,,1.0,,0.021278,,,2027-01-15 21:40:00
6000165.692425004,1.0,,,1.0,,0.057544,,,2027-01-15 21:45:00
6000166.692570563,1.0,,,1.0,,0.049192,,,2027-01-15 21:50:00
6000167.692716123,1.0,,,1.0,,0.052229,,,2027-01-15 21:55:00
6000168.692861682,1.0,,,1.0,,0.0,,,2027-01-15 22:00:00
6000169.693007241,1.0,,,1.0,,,,,2027-01-15 22:05:00
6000170.6931528,1.0,,,1.0,,,,,2027-01-15 22:10:00
6000171.69329836,1.0,,148.0,1.0,,,,2.7,2027-01-15 22:15:00
6000172.6934439195,1.0,,,1.0,,,,,2027-01-15 22:20:00
6000173.693589479,1.0,,,1.0,,,,,2027-01-15 22:25:00
6000174.693735038,1.0,,,1.0,,,,,2027-01-15 22:30:00
6000175.693880597,1.0,,,1.0,,,,,2027-01-15 22:35:00
6000176.694026156,1.0,,,1.0,,,,,2027-01-15 22:40:00
6000177.6941717155,1.0,,,1.0,,,,,2027-01-15 22:45:00
6000178.694317276,1.0,,,1.0,,,,,2027-01-15 22:50:00
6000179.694462835,1.0,,,1.0,,,,,2027-01-15 22:55:00
6000180.694608394,1.0,,,1.0,,,,,2027-01-15 23:00:00
6000181.694753953,1.0,,,1.0,,,,,2027-01-15 23:05:00
6000182.694899512,1.0,,,1.0,,,,,2027-01-15 23:10:00
6000183.695045072,1.0,,,1.0,,,,,2027-01-15 23:15:00
6000184.695190631,1.0,,,1.0,,,,,2027-01-15 23:20:00
6000185.695336191,1.0,,,1.0,,,,,2027-01-15 23:25:00
6000186.69548175,1.0,,,1.0,,,,,2027-01-15 23:30:00
6000187.695627309,1.0,,,1.0,,,,,2027-01-15 23:35:00
6000188.695772869,1.0,,,1.0,,0.01523,,,2027-01-15 23:40:00
6000189.695918428,1.0,,,1.0,,0.034149,,,2027-01-15 23:45:00
6000190.696063987,1.0,,,1.0,,0.055813,,,2027-01-15 23:50:00
6000191.696209546,1.0,,196.0,1.0,,0.071841,,8.0,2027-01-15 23:55:00
6000192.696355106,1.0,,,1.0,,0.085862,,,2027-01-16 00:00:00
6000193.6965006655,1.0,,,1.0,,0.1003,,,2027-01-16 00:05:00
6000194.696646225,1.0,,,1.0,,0.112265,,,2027-01-16 00:10:00
6000195.696791784,1.0,,,1.0,,0.124843,,,2027-01-16 00:15:00
6000196.696937343,1.0,,,1.0,,0.159544,,,2027-01-16 00:20:00
6000197.697082902,1.0,,,1.0,,0.116908,,,2027-01-16 00:25:00
6000198.6972284615,1.0,,,1.0,,0.090762,,,2027-01-16 00:30:00
6000199.697374022,1.0,,,1.0,,0.092406,,,2027-01-16 00:35:00
6000200.697519581,1.0,,,1.0,,0.094471,,,2027-01-16 00:40:00
6000201.69766514,1.0,,,1.0,,0.096746,,,2027-01-16 00:45:00
6000202.697810699,1.0,,,1.0,,0.095837,,,2027-01-16 00:50:00
6000203.697956258,1.0,,,1.0,,0.118117,,,2027-01-16 00:55:00
6000204.698101818,1.0,,,1.0,,0.135772,,,2027-01-16 01:00:00
6000205.698247377,1.0,,,1.0,,0.149882,,,2027-01-16 01:05:00
6000206.698392937,1.0,,,1.0,,0.160766,,,2027-01-16 01:10:00
6000207.698538496,1.0,,,1.0,,0.169402,,,2027-01-16 01:15:00
6000208.698684055,1.0,,,1.0,,0.875636,,,2027-01-16 01:20:00
6000209.698829615,1.0,,,1.0,,0.316501,,,2027-01-16 01:25:00
6000210.698975174,1.0,,,1.0,,0.400857,,,2027-01-16 01:30:00
6000211.699120733,1.0,,,1.0,,0.434488,,,2027-01-16 01:35:00
6000212.699266292,1.0,,,1.0,,0.735108,,,2027-01-16 01:40:00
6000213.699411852,1.0,,,1.0,,0.442303,,,2027-01-16 01:45:00
6000214.6995574115,1.0,,,1.0,,0.593298,,,2027-01-16 01:50:00
6000215.699702971,1.0,,,1.0,,0.440263,,,2027-01-16 01:55:00
6000216.69984853,1.0,,,1.0,,0.566306,,,2027-01-16 02:00:00
6000217.699994089,1.0,,,1.0,,1.12937,,,2027-01-16 02:05:00
6000218.700139648,1.0,,,1.0,,2.335334,,,2027-01-16 02:10:00
6000219.7002852075,1.0,,,1.0,,3.900023,,,2027-01-16 02:15:00
6000220.700430768,1.0,,,1.0,,3.690848,,,2027-01-16 02:20:00
6000221.700576327,1.0,,,1.0,,2.421567,,,2027-01-16 02:25:00
6000222.700721886,1.0,,,1.0,,2.559955,,,2027-01-16 02:30:00
6000223.700867445,1.0,,,1.0,,2.054502,,,2027-01-16 02:35:00
6000224.701013004,1.0,,,1.0,,1.741625,,,2027-01-16 02:40:00
6000225.701158564,1.0,,,1.0,,1.485731,,,2027-01-16 02:45:00
6000226.701304123,1.0,,,1.0,,1.258046,,,2027-01-16 02:50:00
6000227.701449683,1.0,,,1.0,,1.394863,,,2027-01-16 02:55:00
6000228.701595242,1.0,,,1.0,,2.071009,,,2027-01-16 03:00:00
6000229.701740801,1.0,,,1.0,,1.978565,,,2027-01-16 03:05:00
6000230.7018863605,1.0,,,1.0,,1.602412,,,2027-01-16 03:10:00
6000231.70203192,1.0,,,1.0,,1.365377,,,2027-01-16 03:15:00
6000232.702177479,1.0,,,1.0,,1.413377,,,2027-01-16 03:20:00
6000233.702323038,1.0,,,1.0,,1.030413,,,2027-01-16 03:25:00
6000234.702468598,1.0,,,1.0,,1.172361,,,2027-01-16 03:30:00
6000235.702614157,1.0,,,1.0,,1.722103,,,2027-01-16 03:35:00
6000236.702759717,1.0,,,1.0,,3.028177,,,2027-01-16 03:40:00
6000237.702905276,1.0,,,1.0,,3.44229,,,2027-01-16 03:45:00
6000238.703050835,1.0,,,1.0,,3.585587,,,2027-01-16 03:50:00
6000239.703196394,1.0,,,1.0,,3.428715,,,2027-01-16 03:55:00
6000240.703341953,1.0,,,1.0,,3.340944,,,2027-01-16 04:00:00
6000241.703487514,1.0,,,1.0,,3.084594,,,2027-01-16 04:05:00
6000242.703633073,1.0,,,1.0,,2.575579,,,2027-01-16 04:10:00
6000243.703778632,1.0,,,1.0,,2.307231,,,2027-01-16 04:15:00
6000244.703924191,1.0,,,1.0,,2.096121,,,2027-01-16 04:20:00
6000245.70406975,1.0,,,1.0,,1.949527,,,2027-01-16 04:25:00
6000246.70421531,1.0,,,1.0,,1.827479,,,2027-01-16 04:30:00
6000247.704360869,1.0,,,1.0,,1.711447,,,2027-01-16 04:35:00
6000248.704506429,1.0,,,1.0,,1.080766,,,2027-01-16 04:40:00
6000249.704651988,1.0,,,1.0,,0.847466,,,2027-01-16 04:45:00
6000250.704797547,1.0,,,1.0,,0.723532,,,2027-01-16 04:50:00
6000251.7049431065,1.0,,,1.0,,0.747272,,,2027-01-16 04:55:00
6000252.705088666,1.0,,,1.0,,0.744517,,,2027-01-16 05:00:00
6000253.705234225,1.0,,,1.0,,0.73117,,,2027-01-16 05:05:00
6000254.705379784,1.0,,,1.0,,0.726767,,,2027-01-16 05:10:00
6000255.705525344,1.0,,,1.0,,0.69607,,,2027-01-16 05:15:00
6000256.705670903,1.0,,,1.0,,0.668523,,,2027-01-16 05:20:00
6000257.705816463,1.0,,,1.0,,0.695984,,,2027-01-16 05:25:00
6000258.705962022,1.0,,,1.0,,0.665958,,,2027-01-16 05:30:00
6000259.706107581,1.0,,,1.0,,0.613364,,,2027-01-16 05:35:00
6000260.70625314,1.0,,,1.0,,0.621779,,,2027-01-16 05:40:00
6000261.706398699,1.0,,,1.0,,0.580249,,,2027-01-16 05:45:00
6000262.70654426,1.0,,,1.0,,0.567991,,,2027-01-16 05:50:00
6000263.706689819,1.0,,,1.0,,0.548641,,,2027-01-16 05:55:00
6000264.706835378,1.0,,,1.0,,0.524932,,,2027-01-16 06:00:00
6000265.706980937,1.0,,,1.0,,0.502616,,,2027-01-16 06:05:00
6000266.707126496,1.0,,,1.0,,0.483329,,,2027-01-16 06:10:00
6000267.707272056,1.0,,,1.0,,0.470146,,,2027-01-16 06:15:00
6000268.707417615,1.0,,,1.0,,0.451029,,,2027-01-16 06:20:00
6000269.707563175,1.0,,,1.0,,0.455945,,,2027-01-16 06:25:00
6000270.707708734,1.0,,,1.0,,0.434233,,,2027-01-16 06:30:00
6000271.707854293,1.0,,,1.0,,0.410078,,,2027-01-16 06:35:00
6000272.7079998525,1.0,,,1.0,,0.403606,,,2027-01-16 06:40:00
6000273.708145412,1.0,,,1.0,,0.40231,,,2027-01-16 06:45:00
6000274.708290971,1.0,,,1.0,,0.40464,,,2027-01-16 06:50:00
6000275.70843653,1.0,,,1.0,,0.406774,,,2027-01-16 06:55:00
6000276.70858209,1.0,,,1.0,,0.416615,,,2027-01-16 07:00:00
6000277.708727649,1.0,,,1.0,,0.414994,,,2027-01-16 07:05:00
6000278.708873209,1.0,,,1.0,,0.412252,,,2027-01-16 07:10:00
6000279.709018768,1.0,,,1.0,,0.390712,,,2027-01-16 07:15:00
6000280.709164327,1.0,,,1.0,,0.390025,,,2027-01-16 07:20:00
6000281.709309886,1.0,,,1.0,,0.281901,,,2027-01-16 07:25:00
6000282.709455445,1.0,,,1.0,,0.424463,,,2027-01-16 07:30:00
6000283.709601006,1.0,,,1.0,,0.450307,,,2027-01-16 07:35:00
6000284.709746565,1.0,,,1.0,,0.469279,,,2027-01-16 07:40:00
6000285.709892124,1.0,,,1.0,,0.482269,,,2027-01-16 07:45:00
6000286.710037683,1.0,,,1.0,,0.501211,,,2027-01-16 07:50:00
6000287.710183242,1.0,,,1.0,,0.513077,,,2027-01-16 07:55:00
6000288.710328802,1.0,,,1.0,,0.521272,,,2027-01-16 08:00:00
6000289.710474361,1.0,,,1.0,,0.488726,,,2027-01-16 08:05:00
6000290.710619921,1.0,,,1.0,,0.536656,,,2027-01-16 08:10:00
6000291.71076548,1.0,,,1.0,,0.535054,,,2027-01-16 08:15:00
6000292.710911039,1.0,,,1.0,,0.532853,,,2027-01-16 08:20:00
6000293.711056598,1.0,,,1.0,,0.534028,,,2027-01-16 08:25:00
6000294.711202158,1.0,,,1.0,,0.539155,,,2027-01-16 08:30:00
6000295.711347717,1.0,,,1.0,,0.357383,,,2027-01-16 08:35:00
6000296.711493276,1.0,,,1.0,,0.390487,,,2027-01-16 08:40:00
6000297.711638836,1.0,,,1.0,,0.381316,,,2027-01-16 08:45:00
6000298.711784395,1.0,,,1.0,,0.376094,,,2027-01-16 08:50:00
6000299.711929955,1.0,,,1.0,,0.372101,,,2027-01-16 08:55:00
6000300.712075514,1.0,,,1.0,,0.380549,,,2027-01-16 09:00:00
6000301.712221073,1.0,,,1.0,,0.353218,,,2027-01-16 09:05:00
6000302.712366632,1.0,,,1.0,,0.38525,,,2027-01-16 09:10:00
6000303.712512191,1.0,,,1.0,,0.386847,,,2027-01-16 09:15:00
6000304.7126577515,1.0,,,1.0,,0.396798,,,2027-01-16 09:20:00
6000305.712803311,1.0,,,1.0,,0.407027,,,2027-01-16 09:25:00
6000306.71294887,1.0,,,1.0,,0.428695,,,2027-01-16 09:30:00
6000307.713094429,1.0,,,1.0,,0.331872,,,2027-01-16 09:35:00
6000308.713239988,1.0,,,1.0,,0.320544,,,2027-01-16 09:40:00
6000309.7133855475,1.0,,,1.0,,0.310796,,,2027-01-16 09:45:00
6000310.713531107,1.0,,,1.0,,0.308925,,,2027-01-16 09:50:00
6000311.713676667,1.0,,,1.0,,0.162284,,,2027-01-16 09:55:00
6000312.713822226,1.0,,,1.0,,0.039763,,,2027-01-16 10:00:00
6000313.713967785,1.0,,,1.0,,0.022469,,,2027-01-16 10:05:00
6000314.714113344,1.0,,,1.0,,0.036737,,,2027-01-16 10:10:00
6000315.714258904,1.0,,,1.0,,0.042603,,,2027-01-16 10:15:00
6000316.714404463,1.0,,,1.0,,0.042597,,,2027-01-16 10:20:00
6000317.714550022,1.0,,,1.0,,0.052112,,,2027-01-16 10:25:00
6000318.714695582,1.0,,131.0,1.0,,0.025635,,9.1,2027-01-16 10:30:00
6000319.714841141,1.0,,,1.0,,0.027141,,,2027-01-16 10:35:00
6000320.714986701,1.0,,,1.0,,0.02787,,,2027-01-16 10:40:00
6000321.71513226,0.0,134.0,131.0,1.0,,0.03298,,,2027-01-16 10:45:00
6000322.715277819,0.0,146.0,,1.0,,0.02713,,,2027-01-16 10:50:00
6000323.715423378,0.0,161.0,,1.0,,0.039949,,,2027-01-16 10:55:00
6000324.715568937,0.0,184.0,,1.0,,0.04728,,,2027-01-16 11:00:00
6000325.7157144975,0.0,194.0,,1.0,,0.050906,,,2027-01-16 11:05:00
6000326.715860057,0.0,208.0,,1.0,,0.043326,,,2027-01-16 11:10:00
6000327.716005616,0.0,220.0,,1.0,,0.048401,,,2027-01-16 11:15:00
6000328.716151175,0.0,227.0,,1.0,,0.042748,,,2027-01-16 11:20:00
6000329.716296734,0.0,233.0,,1.0,,0.050837,,,2027-01-16 11:25:00
6000330.7164422935,0.0,240.0,,1.0,,0.049766,,,2027-01-16 11:30:00
6000331.716587853,0.0,248.0,,1.0,,0.047585,,,2027-01-16 11:35:00
6000332.716733413,0.0,251.0,,1.0,,0.053333,,,2027-01-16 11:40:00
6000333.716878972,0.0,248.0,,1.0,,0.055515,,,2027-01-16 11:45:00
6000334.717024531,0.0,250.0,,1.0,,0.046482,,,2027-01-16 11:50:00
6000335.71717009,0.0,248.0,,1.0,,0.060991,,,2027-01-16 11:55:00
6000336.71731565,0.0,242.0,,1.0,,0.043984,,,2027-01-16 12:00:00
6000337.717461209,0.0,246.0,,1.0,,0.037038,,,2027-01-16 12:05:00
6000338.717606768,0.0,264.0,,1.0,,0.051636,,,2027-01-16 12:10:00
6000339.717752328,0.0,266.0,,1.0,,0.031216,,,2027-01-16 12:15:00
6000340.717897887,0.0,265.0,,1.0,,0.043938,,,2027-01-16 12:20:00
6000341.718043447,0.0,263.0,,1.0,,0.062814,,,2027-01-16 12:25:00
6000342.718189006,0.0,266.0,,1.0,,0.068255,,,2027-01-16 12:30:00
6000343.718334565,0.0,262.0,,1.0,,0.049399,,,2027-01-16 12:35:00
6000344.718480124,0.0,252.0,,1.0,,0.07142,,,2027-01-16 12:40:00
6000345.718625683,0.0,261.0,,1.0,,0.036797,,,2027-01-16 12:45:00
6000346.7187712435,0.0,268.0,269.0,1.0,,0.056806,,25.0,2027-01-16 12:50:00
6000347.718916803,0.0,272.0,,1.0,,0.066366,,,2027-01-16 12:55:00
6000348.719062362,0.0,273.0,,1.0,,0.062896,,,2027-01-16 13:00:00
6000349.719207921,0.0,272.0,,1.0,,0.036268,,,2027-01-16 13:05:00
6000350.71935348,0.0,272.0,,1.0,,0.044536,,,2027-01-16 13:10:00
6000351.719499039,0.0,272.0,,1.0,,0.012459,,,2027-01-16 13:15:00
6000352.719644599,0.0,272.0,,1.0,,0.017354,,,2027-01-16 13:20:00
6000353.719790159,0.0,266.0,,1.0,,0.014724,,,2027-01-16 13:25:00
6000354.719935718,0.0,265.0,,1.0,,0.040583,,,2027-01-16 13:30:00
6000355.720081277,0.0,278.0,,1.0,,0.038866,,,2027-01-16 13:35:00
6000356.720226836,0.0,279.0,,1.0,,0.050033,,,2027-01-16 13:40:00
6000357.720372396,0.0,261.0,,1.0,,0.083423,,,2027-01-16 13:45:00
6000358.720517955,0.0,242.0,,1.0,,0.065447,,,2027-01-16 13:50:00
6000359.720663514,0.0,226.0,,1.0,,0.061576,,,2027-01-16 13:55:00
6000360.720809074,0.0,213.0,,1.0,,0.085943,,,2027-01-16 14:00:00
6000361.720954633,0.0,207.0,,1.0,,0.048906,,,2027-01-16 14:05:00
6000362.7211001925,0.0,206.0,,1.0,,0.086956,,,2027-01-16 14:10:00
6000363.721245752,0.0,205.0,,1.0,,0.018319,,,2027-01-16 14:15:00
6000364.721391311,0.0,203.0,,1.0,,0.016897,,,2027-01-16 14:20:00
6000365.72153687,0.0,202.0,,1.0,,0.030707,,,2027-01-16 14:25:00
6000366.721682429,0.0,199.0,,1.0,,0.034339,,,2027-01-16 14:30:00
6000367.721827989,0.0,198.0,,1.0,,0.047833,,,2027-01-16 14:35:00
6000368.721973549,0.0,196.0,,1.0,,0.056362,,,2027-01-16 14:40:00
6000369.722119108,0.0,200.0,,1.0,,0.059912,,,2027-01-16 14:45:00
6000370.722264667,0.0,197.0,,1.0,,0.059673,,,2027-01-16 14:50:00
6000371.722410226,0.0,184.0,,1.0,,0.064809,,,2027-01-16 14:55:00
6000372.722555785,0.0,179.0,,1.0,,0.025045,,,2027-01-16 15:00:00
6000373.722701345,0.0,176.0,,1.0,,0.016531,,,2027-01-16 15:05:00
6000374.722846905,0.0,173.0,,1.0,,0.032007,,,2027-01-16 15:10:00
6000375.722992464,0.0,171.0,,1.0,,0.022717,,,2027-01-16 15:15:00
6000376.723138023,0.0,169.0,,1.0,,0.021486,,,2027-01-16 15:20:00
6000377.723283582,0.0,171.0,,1.0,,0.027588,,,2027-01-16 15:25:00
6000378.723429142,0.0,171.0,,1.0,,2.701638,,,2027-01-16 15:30:00
6000379.723574701,0.0,180.0,,1.0,,7.955863,,,2027-01-16 15:35:00
6000380.72372026,0.0,195.0,,1.0,,15.474074,,,2027-01-16 15:40:00
6000381.72386582,0.0,193.0,,1.0,,18.552822,,,2027-01-16 15:45:00
6000382.724011379,0.0,189.0,,1.0,,15.062345,,,2027-01-16 15:50:00
6000383.7241569385,0.0,183.0,,1.0,,14.292928,,,2027-01-16 15:55:00
6000384.724302498,0.0,173.0,,1.0,,6.983436,,,2027-01-16 16:00:00
6000385.724448057,0.0,161.0,,1.0,,5.301794,,,2027-01-16 16:05:00
6000386.724593616,0.0,150.0,,1.0,,3.937555,,,2027-01-16 16:10:00
6000387.724739175,0.0,137.0,,1.0,,3.224434,,,2027-01-16 16:15:00
6000388.724884735,0.0,123.0,,1.0,,3.177378,,,2027-01-16 16:20:00
6000389.725030295,0.0,107.0,,1.0,,2.398944,,,2027-01-16 16:25:00
6000390.725175854,0.0,102.0,,1.0,,2.120239,,,2027-01-16 16:30:00
6000391.725321413,1.0,,,1.0,,1.42248,,,2027-01-16 16:35:00
6000392.725466972,1.0,,,1.0,,1.299849,,,2027-01-16 16:40:00
6000393.725612531,1.0,,,1.0,,1.172476,,,2027-01-16 16:45:00
6000394.725758091,1.0,,,1.0,,0.714509,,,2027-01-16 16:50:00
6000395.725903651,1.0,,,1.0,,0.273587,,,2027-01-16 16:55:00
6000396.72604921,1.0,,,1.0,,0.212874,,,2027-01-16 17:00:00
6000397.726194769,1.0,,,1.0,,0.711393,,,2027-01-16 17:05:00
6000398.726340328,1.0,,,1.0,,2.426054,,,2027-01-16 17:10:00
6000399.726485888,1.0,,,1.0,,3.417831,,,2027-01-16 17:15:00
6000400.726631447,1.0,,,1.0,,5.649577,,,2027-01-16 17:20:00
6000401.726777006,1.0,,,1.0,,11.895114,,,2027-01-16 17:25:00
6000402.726922566,1.0,,,1.0,,9.035502,,,2027-01-16 17:30:00
6000403.727068125,1.0,,,1.0,,5.454864,,,2027-01-16 17:35:00
6000404.7272136845,1.0,,,1.0,,4.474988,,,2027-01-16 17:40:00
6000405.727359244,1.0,,,1.0,,3.936044,,,2027-01-16 17:45:00
6000406.727504803,1.0,,,1.0,,0.56778,,,2027-01-16 17:50:00
6000407.727650362,1.0,,,1.0,,0.212361,,,2027-01-16 17:55:00
6000408.727795921,1.0,,,1.0,,0.064904,,,2027-01-16 18:00:00
6000409.727941481,1.0,,,1.0,,0.309089,,,2027-01-16 18:05:00
6000410.728087041,1.0,,,1.0,,0.32469,,,2027-01-16 18:10:00
6000411.7282326,1.0,,,1.0,,0.286346,,,2027-01-16 18:15:00
6000412.728378159,1.0,,248.0,1.0,,1.262402,,22.6,2027-01-16 18:20:00
6000413.728523718,1.0,,,1.0,,1.462643,,,2027-01-16 18:25:00
6000414.728669277,1.0,,,1.0,,2.909471,,,2027-01-16 18:30:00
6000415.728814837,0.0,266.0,248.0,1.0,,0.920051,,,2027-01-16 18:35:00
6000416.728960397,0.0,272.0,,1.0,,1.40409,,,2027-01-16 18:40:00
6000417.729105956,0.0,273.0,,1.0,,0.981643,,,2027-01-16 18:45:00
6000418.729251515,0.0,267.0,,1.0,,0.026422,,,2027-01-16 18:50:00
6000419.729397074,0.0,256.0,,1.0,,0.03604,,,2027-01-16 18:55:00
6000420.7295426335,0.0,237.0,,1.0,,0.034755,,,2027-01-16 19:00:00
6000421.729688193,0.0,215.0,,1.0,,0.048581,,,2027-01-16 19:05:00
6000422.729833752,0.0,193.0,,1.0,,0.060164,,,2027-01-16 19:10:00
6000423.729979312,0.0,175.0,,1.0,,0.041473,,,2027-01-16 19:15:00
6000424.730124871,0.0,163.0,,1.0,,0.046661,,,2027-01-16 19:20:00
6000425.73027043,0.0,158.0,,1.0,,0.044187,,,2027-01-16 19:25:00
6000426.73041599,0.0,156.0,,1.0,,0.018353,,,2027-01-16 19:30:00
6000427.730561549,0.0,152.0,,1.0,,0.029935,,,2027-01-16 19:35:00
6000428.730707108,0.0,144.0,,1.0,,0.030343,,,2027-01-16 19:40:00
6000429.730852667,0.0,135.0,135.0,1.0,,0.025405,,15.0,2027-01-16 19:45:00
6000430.730998227,0.0,114.0,,1.0,,0.034706,,,2027-01-16 19:50:00
6000431.731143787,0.0,109.0,,1.0,,0.015657,,,2027-01-16 19:55:00
6000432.731289346,0.0,112.0,,1.0,,0.013589,,,2027-01-16 20:00:00
6000433.731434905,0.0,118.0,,1.0,,0.037371,,,2027-01-16 20:05:00
6000434.731580464,0.0,123.0,,1.0,,0.042868,,,2027-01-16 20:10:00
6000435.731726023,0.0,119.0,,1.0,,0.056847,,,2027-01-16 20:15:00
6000436.731871583,0.0,113.0,,1.0,,0.050374,,,2027-01-16 20:20:00
6000437.732017143,0.0,109.0,,1.0,,0.050854,,,2027-01-16 20:25:00
6000438.732162702,0.0,99.0,,1.0,,0.041938,,,2027-01-16 20:30:00
6000439.732308261,0.0,85.0,,1.0,,0.070735,,,2027-01-16 20:35:00
6000440.73245382,0.0,70.0,,1.0,,0.038102,,,2027-01-16 20:40:00
6000441.7325993795,0.0,59.0,,1.0,,0.435467,,,2027-01-16 20:45:00
6000442.732744939,0.0,56.0,,1.0,,3.438178,,,2027-01-16 20:50:00
6000443.732890498,0.0,60.0,,1.0,,5.961134,,,2027-01-16 20:55:00
6000444.733036058,0.0,65.0,,1.0,,6.926236,,,2027-01-16 21:00:00
6000445.733181617,0.0,74.0,,1.0,,6.23636,,,2027-01-16 21:05:00
6000446.733327176,0.0,79.0,,1.0,,5.892619,,,2027-01-16 21:10:00
6000447.733472736,0.0,78.0,,1.0,,2.866648,,,2027-01-16 21:15:00
6000448.733618295,0.0,79.0,,1.0,,4.606425,,,2027-01-16 21:20:00
6000449.733763854,0.0,79.0,,1.0,,5.472475,,,2027-01-16 21:25:00
6000450.733909413,0.0,80.0,,1.0,,6.838058,,,2027-01-16 21:30:00
6000451.734054973,0.0,80.0,,1.0,,6.313912,,,2027-01-16 21:35:00
6000452.734200533,0.0,82.0,,1.0,,6.524118,,,2027-01-16 21:40:00
6000453.734346092,0.0,84.0,,1.0,,3.40414,,,2027-01-16 21:45:00
6000454.734491651,0.0,86.0,,1.0,,3.075421,,,2027-01-16 21:50:00
6000455.73463721,0.0,88.0,,1.0,,2.817816,,,2027-01-16 21:55:00
6000456.734782769,0.0,89.0,,1.0,,1.350611,,,2027-01-16 22:00:00
6000457.734928329,0.0,95.0,,1.0,,4.582338,,,2027-01-16 22:05:00
6000458.735073889,0.0,96.0,,1.0,,5.092662,,,2027-01-16 22:10:00
6000459.735219448,0.0,97.0,,1.0,,4.870731,,,2027-01-16 22:15:00
6000460.735365007,0.0,98.0,,1.0,,3.620105,,,2027-01-16 22:20:00
6000461.735510566,0.0,101.0,,1.0,,2.467764,,,2027-01-16 22:25:00
6000462.7356561255,0.0,102.0,,1.0,,2.915911,,,2027-01-16 22:30:00
6000463.735801685,0.0,102.0,,1.0,,1.526251,,,2027-01-16 22:35:00
6000464.735947244,0.0,102.0,,1.0,,1.267231,,,2027-01-16 22:40:00
6000465.736092804,0.0,101.0,,1.0,,1.237727,,,2027-01-16 22:45:00
6000466.736238363,0.0,104.0,,1.0,,1.420996,,,2027-01-16 22:50:00
6000467.736383922,0.0,108.0,,1.0,,0.966892,,,2027-01-16 22:55:00
6000468.736529482,0.0,116.0,,1.0,,1.12438,,,2027-01-16 23:00:00
6000469.736675041,0.0,127.0,,1.0,,0.910295,,,2027-01-16 23:05:00
6000470.7368206,0.0,134.0,,1.0,,0.90656,,,2027-01-16 23:10:00
6000471.736966159,0.0,142.0,,1.0,,1.145989,,,2027-01-16 23:15:00
6000472.737111719,0.0,151.0,,1.0,,1.265537,,,2027-01-16 23:20:00
6000473.7372572785,0.0,161.0,,1.0,,1.396915,,,2027-01-16 23:25:00
6000474.737402838,0.0,171.0,,1.0,,1.321823,,,2027-01-16 23:30:00
6000475.737548397,0.0,178.0,,1.0,,1.352961,,,2027-01-16 23:35:00
6000476.737693956,0.0,181.0,193.0,1.0,,1.070789,,9.3,2027-01-16 23:40:00
6000477.737839515,0.0,186.0,,1.0,,0.780776,,,2027-01-16 23:45:00
6000478.7379850745,0.0,190.0,,1.0,,1.001373,,,2027-01-16 23:50:00
6000479.738130635,0.0,192.0,,1.0,,0.966959,,,2027-01-16 23:55:00
6000480.738276194,0.0,195.0,166.0,1.0,,0.972155,,,2027-01-17 00:00:00
6000481.738421753,0.0,199.0,,1.0,,0.984991,,,2027-01-17 00:05:00
6000482.738567312,0.0,172.0,166.0,1.0,,1.016797,,,2027-01-17 00:10:00
6000483.738712871,0.0,162.0,,1.0,,1.033181,,,2027-01-17 00:15:00
6000484.738858431,0.0,150.0,,1.0,,1.043476,,,2027-01-17 00:20:00
6000485.73900399,0.0,138.0,,1.0,,1.05478,,,2027-01-17 00:25:00
6000486.73914955,0.0,127.0,,1.0,,1.073891,,,2027-01-17 00:30:00
6000487.739295109,0.0,116.0,,1.0,,1.106515,,,2027-01-17 00:35:00
6000488.739440668,0.0,108.0,,1.0,,1.14611,,,2027-01-17 00:40:00
6000489.739586228,0.0,102.0,,1.0,,1.161238,,,2027-01-17 00:45:00
6000490.739731787,0.0,97.0,,1.0,,1.182603,,,2027-01-17 00:50:00
6000491.739877346,0.0,92.0,,1.0,,1.191345,,,2027-01-17 00:55:00
6000492.740022905,0.0,90.0,,1.0,,1.147657,,,2027-01-17 01:00:00
6000493.740168465,0.0,90.0,,1.0,,1.107554,,,2027-01-17 01:05:00
6000494.7403140245,0.0,87.0,,1.0,,1.075497,,,2027-01-17 01:10:00
6000495.740459584,0.0,85.0,,1.0,,1.253,,,2027-01-17 01:15:00
6000496.740605143,0.0,89.0,,1.0,,1.958057,,,2027-01-17 01:20:00
6000497.740750702,0.0,92.0,,1.0,,3.017719,,,2027-01-17 01:25:00
6000498.740896261,0.0,90.0,,1.0,,2.822718,,,2027-01-17 01:30:00
6000499.7410418205,0.0,86.0,,1.0,,2.841507,,,2027-01-17 01:35:00
6000500.741187381,0.0,85.0,,1.0,,2.676306,,,2027-01-17 01:40:00
6000501.74133294,0.0,84.0,,1.0,,2.529545,,,2027-01-17 01:45:00
6000502.741478499,0.0,85.0,,1.0,,2.434823,,,2027-01-17 01:50:00
6000503.741624058,0.0,86.0,,1.0,,2.170781,,,2027-01-17 01:55:00
6000504.741769617,0.0,88.0,,1.0,,2.05182,,,2027-01-17 02:00:00
6000505.741915177,0.0,88.0,,1.0,,1.967174,,,2027-01-17 02:05:00
6000506.742060736,0.0,89.0,,1.0,,1.884398,,,2027-01-17 02:10:00
6000507.742206296,0.0,90.0,,1.0,,1.540406,,,2027-01-17 02:15:00
6000508.742351855,0.0,93.0,,1.0,,0.968363,,,2027-01-17 02:20:00
6000509.742497414,0.0,98.0,,1.0,,0.961207,,,2027-01-17 02:25:00
6000510.742642974,0.0,103.0,,1.0,,0.949645,,,2027-01-17 02:30:00
6000511.742788533,0.0,108.0,,1.0,,0.943092,,,2027-01-17 02:35:00
6000512.742934092,0.0,109.0,,1.0,,0.937834,,,2027-01-17 02:40:00
6000513.743079651,0.0,109.0,,1.0,,1.195072,,,2027-01-17 02:45:00
6000514.743225211,0.0,107.0,,1.0,,1.269006,,,2027-01-17 02:50:00
6000515.7433707705,0.0,106.0,,1.0,,1.261128,,,2027-01-17 02:55:00
6000516.74351633,0.0,106.0,,1.0,,1.434862,,,2027-01-17 03:00:00
6000517.743661889,0.0,105.0,,1.0,,1.385144,,,2027-01-17 03:05:00
6000518.743807448,0.0,102.0,,1.0,,1.373183,,,2027-01-17 03:10:00
6000519.743953007,0.0,100.0,,1.0,,1.361547,,,2027-01-17 03:15:00
6000520.7440985665,0.0,98.0,,1.0,,1.328929,,,2027-01-17 03:20:00
6000521.744244127,0.0,100.0,,1.0,,1.272169,,,2027-01-17 03:25:00
6000522.744389686,0.0,100.0,,1.0,,1.256519,,,2027-01-17 03:30:00
6000523.744535245,0.0,100.0,,1.0,,1.232126,,,2027-01-17 03:35:00
6000524.744680804,0.0,100.0,,1.0,,1.264601,,,2027-01-17 03:40:00
6000525.744826363,0.0,104.0,,1.0,,1.168408,,,2027-01-17 03:45:00
6000526.744971923,0.0,106.0,,1.0,,1.128295,,,2027-01-17 03:50:00
6000527.745117482,0.0,107.0,,1.0,,1.072735,,,2027-01-17 03:55:00
6000528.745263042,0.0,107.0,,1.0,,1.139585,,,2027-01-17 04:00:00
6000529.745408601,0.0,108.0,,1.0,,1.154783,,,2027-01-17 04:05:00
6000530.74555416,0.0,109.0,,1.0,,0.948827,,,2027-01-17 04:10:00
6000531.7456997195,0.0,109.0,,1.0,,1.067267,,,2027-01-17 04:15:00
6000532.745845279,0.0,111.0,,1.0,,1.30747,,,2027-01-17 04:20:00
6000533.745990838,0.0,111.0,,1.0,,1.288914,,,2027-01-17 04:25:00
6000534.746136397,0.0,110.0,,1.0,,1.153442,,,2027-01-17 04:30:00
6000535.746281957,0.0,108.0,,1.0,,0.54076,,,2027-01-17 04:35:00
6000536.746427516,0.0,107.0,,1.0,,0.580629,,,2027-01-17 04:40:00
6000537.746573076,0.0,106.0,,1.0,,0.504991,,,2027-01-17 04:45:00
6000538.746718635,0.0,105.0,,1.0,,0.530054,,,2027-01-17 04:50:00
6000539.746864194,0.0,104.0,,1.0,,0.573474,,,2027-01-17 04:55:00
6000540.747009753,0.0,103.0,,1.0,,0.602881,,,2027-01-17 05:00:00
6000541.747155312,0.0,102.0,,1.0,,0.759094,,,2027-01-17 05:05:00
6000542.747300873,0.0,101.0,,1.0,,0.831231,,,2027-01-17 05:10:00
6000543.747446432,0.0,99.0,,1.0,,1.045881,,,2027-01-17 05:15:00
6000544.747591991,0.0,97.0,,1.0,,1.026013,,,2027-01-17 05:20:00
6000545.74773755,0.0,96.0,,1.0,,0.764097,,,2027-01-17 05:25:00
6000546.747883109,0.0,95.0,,1.0,,0.667265,,,2027-01-17 05:30:00
6000547.748028669,0.0,93.0,,1.0,,0.608973,,,2027-01-17 05:35:00
6000548.748174228,0.0,93.0,,1.0,,0.671365,,,2027-01-17 05:40:00
6000549.748319788,0.0,95.0,,1.0,,0.719124,,,2027-01-17 05:45:00
6000550.748465347,0.0,95.0,,1.0,,0.73673,,,2027-01-17 05:50:00
6000551.748610906,0.0,96.0,,1.0,,0.68014,,,2027-01-17 05:55:00
6000552.7487564655,0.0,95.0,,1.0,,0.663112,,,2027-01-17 06:00:00
6000553.748902025,0.0,91.0,,1.0,,0.663734,,,2027-01-17 06:05:00
6000554.749047584,0.0,92.0,,1.0,,0.687855,,,2027-01-17 06:10:00
6000555.749193143,0.0,94.0,,1.0,,0.495661,,,2027-01-17 06:15:00
6000556.749338703,0.0,98.0,,1.0,,0.459491,,,2027-01-17 06:20:00
6000557.749484262,0.0,99.0,,1.0,,0.419898,,,2027-01-17 06:25:00
6000558.749629822,0.0,99.0,,1.0,,0.484217,,,2027-01-17 06:30:00
6000559.749775381,0.0,99.0,,1.0,,0.511534,,,2027-01-17 06:35:00
6000560.74992094,0.0,96.0,,1.0,,0.535572,,,2027-01-17 06:40:00
6000561.750066499,0.0,96.0,,1.0,,0.551342,,,2027-01-17 06:45:00
6000562.750212058,0.0,95.0,,1.0,,0.592859,,,2027-01-17 06:50:00
6000563.750357619,0.0,95.0,,1.0,,0.61589,,,2027-01-17 06:55:00
6000564.750503178,0.0,95.0,,1.0,,0.603262,,,2027-01-17 07:00:00
6000565.750648737,0.0,96.0,,1.0,,0.465564,,,2027-01-17 07:05:00
6000566.750794296,0.0,98.0,,1.0,,0.461166,,,2027-01-17 07:10:00
6000567.750939855,0.0,100.0,,1.0,,0.0,,,2027-01-17 07:15:00
6000568.751085415,0.0,102.0,,1.0,,,,,2027-01-17 07:20:00
6000569.751230974,0.0,104.0,,1.0,,,,,2027-01-17 07:25:00
6000570.751376534,0.0,109.0,,1.0,,,,,2027-01-17 07:30:00
6000571.751522093,0.0,111.0,,1.0,,,,,2027-01-17 07:35:00
6000572.751667652,0.0,112.0,,1.0,,,,,2027-01-17 07:40:00
6000573.7518132115,0.0,107.0,,1.0,,,,,2027-01-17 07:45:00
6000574.751958771,0.0,105.0,,1.0,,,,,2027-01-17 07:50:00
6000575.75210433,0.0,106.0,,1.0,,,,,2027-01-17 07:55:00
6000576.752249889,0.0,109.0,,1.0,,,,,2027-01-17 08:00:00
6000577.752395449,0.0,109.0,,1.0,,,,,2027-01-17 08:05:00
6000578.752541008,0.0,109.0,,1.0,,,,,2027-01-17 08:10:00
6000579.752686568,0.0,108.0,,1.0,,,,,2027-01-17 08:15:00
6000580.752832127,0.0,108.0,,1.0,,,,,2027-01-17 08:20:00
6000581.752977686,0.0,108.0,,1.0,,,,,2027-01-17 08:25:00
6000582.753123245,0.0,108.0,,1.0,,,,,2027-01-17 08:30:00
6000583.753268804,0.0,107.0,,1.0,,,,,2027-01-17 08:35:00
6000584.7534143645,0.0,105.0,,1.0,,,,,2027-01-17 08:40:00
6000585.753559924,0.0,104.0,,1.0,,,,,2027-01-17 08:45:00
6000586.753705483,0.0,103.0,,1.0,,,,,2027-01-17 08:50:00
6000587.753851042,0.0,102.0,,1.0,,,,,2027-01-17 08:55:00
6000588.753996601,0.0,101.0,,1.0,,,,,2027-01-17 09:00:00
6000589.7541421605,0.0,101.0,,1.0,,,,,2027-01-17 09:05:00
6000590.75428772,0.0,101.0,,1.0,,,,,2027-01-17 09:10:00
6000591.75443328,0.0,102.0,,1.0,,,,,2027-01-17 09:15:00
6000592.754578839,0.0,102.0,,1.0,,,,,2027-01-17 09:20:00
6000593.754724398,0.0,102.0,,1.0,,,,,2027-01-17 09:25:00
6000594.754869957,0.0,103.0,,1.0,,,,,2027-01-17 09:30:00
6000595.755015517,0.0,104.0,,1.0,,,,,2027-01-17 09:35:00
6000596.755161076,0.0,106.0,,1.0,,,,,2027-01-17 09:40:00
6000597.755306635,0.0,108.0,,1.0,,,,,2027-01-17 09:45:00
6000598.755452195,0.0,112.0,,1.0,,,,,2027-01-17 09:50:00
6000599.755597754,0.0,120.0,,1.0,,,,,2027-01-17 09:55:00
6000600.755743314,0.0,121.0,,1.0,,,,,2027-01-17 10:00:00
6000601.755888873,0.0,121.0,,1.0,,,,,2027-01-17 10:05:00
6000602.756034432,0.0,127.0,,1.0,,,,,2027-01-17 10:10:00
6000603.756179991,0.0,134.0,,1.0,,,,,2027-01-17 10:15:00
6000604.75632555,0.0,144.0,,1.0,,,,,2027-01-17 10:20:00
6000605.7564711105,0.0,161.0,,1.0,,,,,2027-01-17 10:25:00
6000606.75661667,0.0,175.0,,1.0,,,,,2027-01-17 10:30:00
6000607.756762229,0.0,197.0,204.0,1.0,,,,20.0,2027-01-17 10:35:00
6000608.756907788,0.0,212.0,,1.0,,,,,2027-01-17 10:40:00
6000609.757053347,0.0,221.0,,1.0,,,,,2027-01-17 10:45:00
6000610.7571989065,0.0,235.0,,1.0,,,,,2027-01-17 10:50:00
6000611.757344466,0.0,240.0,,1.0,,,,,2027-01-17 10:55:00
6000612.757490026,0.0,242.0,,1.0,,,,,2027-01-17 11:00:00
6000613.757635585,0.0,242.0,,1.0,,,,,2027-01-17 11:05:00
6000614.757781144,0.0,239.0,,1.0,,,,,2027-01-17 11:10:00
6000615.757926703,0.0,230.0,,1.0,,,,,2027-01-17 11:15:00
6000616.758072263,0.0,217.0,,1.0,,,,,2027-01-17 11:20:00
6000617.758217822,0.0,208.0,,1.0,,,,,2027-01-17 11:25:00
6000618.758363381,0.0,191.0,,1.0,,,,,2027-01-17 11:30:00
6000619.758508941,0.0,172.0,,1.0,,,,,2027-01-17 11:35:00
6000620.7586545,0.0,159.0,,1.0,,,,,2027-01-17 11:40:00
6000621.75880006,0.0,147.0,,1.0,,,,,2027-01-17 11:45:00
6000622.758945619,0.0,140.0,,1.0,,,,,2027-01-17 11:50:00
6000623.759091178,0.0,134.0,,1.0,,,,,2027-01-17 11:55:00
6000624.759236737,1.0,,,1.0,,,,,2027-01-17 12:00:00
6000625.759382296,1.0,,,1.0,,,,,2027-01-17 12:05:00
6000626.7595278565,1.0,,,1.0,,,,,2027-01-17 12:10:00
6000627.759673416,1.0,,,1.0,,,,,2027-01-17 12:15:00
6000628.759818975,1.0,,,1.0,,,,,2027-01-17 12:20:00
6000629.759964534,1.0,,,1.0,,1.312,,,2027-01-17 12:25:00
6000630.760110093,1.0,,,1.0,,1.068605,,,2027-01-17 12:30:00
6000631.7602556525,1.0,,,1.0,,0.88491,,,2027-01-17 12:35:00
6000632.760401212,1.0,,,1.0,,0.849644,,,2027-01-17 12:40:00
6000633.760546772,1.0,,,1.0,,0.770673,,,2027-01-17 12:45:00
6000634.760692331,1.0,,,1.0,,0.6863,,,2027-01-17 12:50:00
6000635.76083789,1.0,,,1.0,,0.70642,,,2027-01-17 12:55:00
6000636.760983449,1.0,,,1.0,,0.63009,,,2027-01-17 13:00:00
6000637.761129009,1.0,,,1.0,,0.565151,,,2027-01-17 13:05:00
6000638.761274568,1.0,,,1.0,,0.562129,,9.95,2027-01-17 13:10:00
6000639.761420127,1.0,,,1.0,,0.488353,,,2027-01-17 13:15:00
6000640.761565687,1.0,,,0.0,,0.428487,,,2027-01-17 13:20:00
6000641.761711246,1.0,,,0.0,,0.337113,,,2027-01-17 13:25:00
6000642.7618568055,1.0,,,0.0,,0.306175,,,2027-01-17 13:30:00
6000643.762002365,1.0,,,0.0,,0.258486,,,2027-01-17 13:35:00
6000644.762147924,1.0,,,0.0,,0.239443,,,2027-01-17 13:40:00
6000645.762293483,1.0,,,0.0,,0.235223,,,2027-01-17 13:45:00
6000646.762439042,1.0,,,0.0,,0.249714,,,2027-01-17 13:50:00
6000647.762584602,1.0,,,0.0,,0.052472,,,2027-01-17 13:55:00
6000648.762730162,1.0,,,0.0,,0.033776,,,2027-01-17 14:00:00
6000649.762875721,1.0,,,0.0,,0.05469,,,2027-01-17 14:05:00
6000650.76302128,1.0,,,0.0,,0.092955,,,2027-01-17 14:10:00
6000651.763166839,1.0,,,0.0,,0.250018,,,2027-01-17 14:15:00
6000652.763312398,1.0,,,0.0,,0.272408,,,2027-01-17 14:20:00
6000653.763457958,1.0,,127.0,1.0,,0.080104,,,2027-01-17 14:25:00
6000654.763603518,1.0,,,1.0,,0.084927,,,2027-01-17 14:30:00
6000655.763749077,0.0,134.0,127.0,1.0,,0.603816,,,2027-01-17 14:35:00
6000656.763894636,0.0,133.0,,1.0,,6.767295,,,2027-01-17 14:40:00
6000657.764040195,0.0,132.0,,1.0,,9.274176,,,2027-01-17 14:45:00
6000658.764185755,0.0,133.0,,1.0,,11.985366,,,2027-01-17 14:50:00
6000659.764331314,0.0,134.0,,1.0,,8.196834,,,2027-01-17 14:55:00
6000660.764476873,0.0,133.0,,1.0,,6.876706,,,2027-01-17 15:00:00
6000661.764622433,0.0,129.0,,1.0,,6.321905,,,2027-01-17 15:05:00
6000662.764767992,0.0,125.0,,1.0,,5.338448,,,2027-01-17 15:10:00
6000663.7649135515,0.0,122.0,,1.0,,4.116939,,,2027-01-17 15:15:00
6000664.765059111,0.0,116.0,,1.0,,3.641944,,,2027-01-17 15:20:00
6000665.76520467,0.0,110.0,,1.0,,2.88694,,,2027-01-17 15:25:00
6000666.765350229,0.0,107.0,,1.0,,1.196328,,,2027-01-17 15:30:00
6000667.765495788,0.0,101.0,,1.0,,0.663191,,,2027-01-17 15:35:00
6000668.765641348,0.0,96.0,,1.0,,0.799917,,,2027-01-17 15:40:00
6000669.765786908,0.0,91.0,,1.0,,1.010814,,,2027-01-17 15:45:00
6000670.765932467,0.0,91.0,,1.0,,0.989463,,,2027-01-17 15:50:00
6000671.766078026,0.0,92.0,,1.0,,1.197179,,,2027-01-17 15:55:00
6000672.766223585,0.0,89.0,,1.0,,1.211224,,,2027-01-17 16:00:00
6000673.766369144,0.0,89.0,,1.0,,1.330564,,,2027-01-17 16:05:00
6000674.766514704,0.0,91.0,,1.0,,1.238281,,,2027-01-17 16:10:00
6000675.766660264,0.0,90.0,,1.0,,1.936906,,,2027-01-17 16:15:00
6000676.766805823,0.0,89.0,,1.0,,1.618201,,,2027-01-17 16:20:00
6000677.766951382,0.0,87.0,,1.0,,1.827533,,,2027-01-17 16:25:00
6000678.767096941,0.0,85.0,,1.0,,2.335175,,,2027-01-17 16:30:00
6000679.767242501,0.0,83.0,,1.0,,2.432102,,,2027-01-17 16:35:00
6000680.76738806,0.0,80.0,,1.0,,1.569525,,,2027-01-17 16:40:00
6000681.767533619,0.0,77.0,,1.0,,3.66688,,,2027-01-17 16:45:00
6000682.767679179,0.0,75.0,,1.0,,8.678235,,,2027-01-17 16:50:00
6000683.767824738,0.0,73.0,,1.0,,11.000038,,,2027-01-17 16:55:00
6000684.7679702975,0.0,69.0,,1.0,,2.285225,,,2027-01-17 17:00:00
6000685.768115857,0.0,68.0,,1.0,,4.47088,,,2027-01-17 17:05:00
6000686.768261416,0.0,67.0,,1.0,,0.086593,,,2027-01-17 17:10:00
6000687.768406975,0.0,68.0,,1.0,,0.129038,,,2027-01-17 17:15:00
6000688.768552534,0.0,70.0,,1.0,,0.277399,,,2027-01-17 17:20:00
6000689.768698094,0.0,71.0,,1.0,,0.349874,,,2027-01-17 17:25:00
6000690.768843654,0.0,72.0,,1.0,,0.345838,,,2027-01-17 17:30:00
6000691.768989213,0.0,74.0,,1.0,,0.38571,,,2027-01-17 17:35:00
6000692.769134772,0.0,74.0,,1.0,,0.499799,,,2027-01-17 17:40:00
6000693.769280331,0.0,73.0,,1.0,,0.361211,,,2027-01-17 17:45:00
6000694.76942589,0.0,72.0,,1.0,,0.49816,,,2027-01-17 17:50:00
6000695.76957145,0.0,75.0,,1.0,,0.305062,,,2027-01-17 17:55:00
6000696.76971701,0.0,76.0,,1.0,,0.383284,,,2027-01-17 18:00:00
6000697.769862569,0.0,71.0,,1.0,,0.431844,,,2027-01-17 18:05:00
6000698.770008128,0.0,73.0,,1.0,,0.100144,,,2027-01-17 18:10:00
6000699.770153687,0.0,83.0,,1.0,,0.0,,,2027-01-17 18:15:00
6000700.770299247,0.0,95.0,,1.0,,,,,2027-01-17 18:20:00
6000701.770444806,0.0,110.0,,1.0,,,,,2027-01-17 18:25:00
6000702.770590365,0.0,113.0,,0.0,,,,,2027-01-17 18:30:00
6000703.770735924,0.0,130.0,,0.0,,,,,2027-01-17 18:35:00
6000704.770881484,0.0,144.0,,0.0,,,,,2027-01-17 18:40:00
6000705.771027043,0.0,156.0,,0.0,,,,,2027-01-17 18:45:00
6000706.771172603,0.0,165.0,,0.0,,,,,2027-01-17 18:50:00
6000707.771318162,0.0,171.0,,0.0,,,,,2027-01-17 18:55:00
6000708.771463721,0.0,175.0,,0.0,,,,,2027-01-17 19:00:00
6000709.77160928,0.0,188.0,,1.0,,5.380863,,,2027-01-17 19:05:00
6000710.771754839,0.0,193.0,,1.0,,0.925935,,,2027-01-17 19:10:00
6000711.7719004,0.0,194.0,,1.0,,0.996079,,,2027-01-17 19:15:00
6000712.772045959,0.0,197.0,,1.0,,0.389708,,,2027-01-17 19:20:00
6000713.772191518,0.0,198.0,,1.0,,0.24426,,,2027-01-17 19:25:00
6000714.772337077,0.0,198.0,,1.0,,0.181041,,,2027-01-17 19:30:00
6000715.772482636,0.0,207.0,,1.0,,0.148401,,,2027-01-17 19:35:00
6000716.772628196,0.0,217.0,,1.0,,0.044253,,,2027-01-17 19:40:00
6000717.772773755,0.0,232.0,,1.0,,0.098617,,,2027-01-17 19:45:00
6000718.772919315,0.0,242.0,,1.0,,0.022713,,,2027-01-17 19:50:00
6000719.773064874,0.0,251.0,258.0,1.0,,0.023758,,24.3,2027-01-17 19:55:00
6000720.773210433,0.0,258.0,,1.0,,0.032252,,,2027-01-17 20:00:00
6000721.7733559925,0.0,265.0,,1.0,,0.040756,,,2027-01-17 20:05:00
6000722.773501552,0.0,271.0,,1.0,,0.052435,,,2027-01-17 20:10:00
6000723.773647111,0.0,276.0,,1.0,,0.03714,,,2027-01-17 20:15:00
6000724.77379267,0.0,278.0,,1.0,,0.037711,,,2027-01-17 20:20:00
6000725.77393823,0.0,273.0,,1.0,,0.02946,,,2027-01-17 20:25:00
6000726.774083789,0.0,272.0,,1.0,,0.053683,,,2027-01-17 20:30:00
6000727.774229349,0.0,277.0,,1.0,,0.382492,,,2027-01-17 20:35:00
6000728.774374908,0.0,276.0,,1.0,,0.492791,,,2027-01-17 20:40:00
6000729.774520467,0.0,265.0,,1.0,,0.821627,,,2027-01-17 20:45:00
6000730.774666026,0.0,262.0,,1.0,,9.744171,,,2027-01-17 20:50:00
6000731.774811585,0.0,250.0,,1.0,,2.700051,,,2027-01-17 20:55:00
6000732.774957146,0.0,243.0,,1.0,,0.900087,,,2027-01-17 21:00:00
6000733.775102705,0.0,239.0,,1.0,,0.367449,,,2027-01-17 21:05:00
6000734.775248264,0.0,232.0,,1.0,,0.219306,,,2027-01-17 21:10:00
6000735.775393823,0.0,224.0,,1.0,,0.069467,,,2027-01-17 21:15:00
6000736.775539382,0.0,215.0,,1.0,,0.037113,,,2027-01-17 21:20:00
6000737.775684942,0.0,207.0,,1.0,,0.023126,,,2027-01-17 21:25:00
6000738.775830501,0.0,202.0,,1.0,,0.03103,,,2027-01-17 21:30:00
6000739.775976061,0.0,199.0,,1.0,,0.034842,,,2027-01-17 21:35:00
6000740.77612162,0.0,195.0,,1.0,,0.032209,,,2027-01-17 21:40:00
6000741.776267179,0.0,194.0,,1.0,,0.040693,,,2027-01-17 21:45:00
6000742.7764127385,0.0,191.0,,1.0,,0.031407,,,2027-01-17 21:50:00
6000743.776558298,0.0,187.0,,1.0,,0.033897,,,2027-01-17 21:55:00
6000744.776703857,0.0,184.0,,1.0,,0.027773,,,2027-01-17 22:00:00
6000745.776849416,0.0,179.0,,1.0,,0.036841,,,2027-01-17 22:05:00
6000746.776994976,0.0,175.0,,1.0,,0.01548,,,2027-01-17 22:10:00
6000747.777140535,0.0,176.0,,1.0,,0.01306,,,2027-01-17 22:15:00
6000748.777286095,0.0,172.0,,1.0,,0.014446,,,2027-01-17 22:20:00
6000749.777431654,0.0,170.0,,1.0,,0.014977,,,2027-01-17 22:25:00
6000750.777577213,0.0,172.0,,1.0,,0.019336,,,2027-01-17 22:30:00
6000751.777722772,0.0,171.0,179.0,1.0,,0.010835,,7.0,2027-01-17 22:35:00
6000752.777868331,0.0,166.0,,1.0,,0.0,,,2027-01-17 22:40:00
6000753.778013892,0.0,172.0,179.0,1.0,,0.029108,,,2027-01-17 22:45:00
6000754.778159451,0.0,173.0,,1.0,,0.049389,,,2027-01-17 22:50:00
6000755.77830501,0.0,175.0,,1.0,,0.093338,,,2027-01-17 22:55:00
6000756.778450569,0.0,178.0,,1.0,,0.146935,,,2027-01-17 23:00:00
6000757.778596128,0.0,188.0,,1.0,,0.233006,,,2027-01-17 23:05:00
6000758.778741688,0.0,192.0,,1.0,,0.400505,,,2027-01-17 23:10:00
6000759.778887247,0.0,189.0,,1.0,,1.280567,,,2027-01-17 23:15:00
6000760.779032807,0.0,186.0,,1.0,,3.159226,,,2027-01-17 23:20:00
6000761.779178366,0.0,184.0,,1.0,,0.742224,,,2027-01-17 23:25:00
6000762.779323925,0.0,182.0,,1.0,,0.865061,,,2027-01-17 23:30:00
6000763.779469484,0.0,178.0,,1.0,,0.789293,,,2027-01-17 23:35:00
6000764.779615044,0.0,174.0,,1.0,,0.428516,,,2027-01-17 23:40:00
6000765.779760603,0.0,169.0,,1.0,,0.423258,,,2027-01-17 23:45:00
6000766.779906162,0.0,164.0,,1.0,,0.375781,,,2027-01-17 23:50:00
6000767.780051722,0.0,159.0,,1.0,,0.282759,,,2027-01-17 23:55:00
6000768.780197281,0.0,154.0,,0.85,,0.818386,,,2027-01-18 00:00:00
6000769.780342841,0.0,149.0,,0.85,,3.04728,,,2027-01-18 00:05:00
6000770.7804884,0.0,146.0,,0.85,,4.595753,,,2027-01-18 00:10:00
6000771.780633959,0.0,143.0,,0.85,,9.291262,,,2027-01-18 00:15:00
6000772.780779518,0.0,142.0,,0.85,,14.172474,,,2027-01-18 00:20:00
6000773.780925077,0.0,138.0,,0.85,,17.947751,,,2027-01-18 00:25:00
6000774.7810706375,0.0,132.0,,0.85,,7.431879,,,2027-01-18 00:30:00
6000775.781216197,0.0,126.0,,0.85,,7.518424,,,2027-01-18 00:35:00
6000776.781361756,0.0,120.0,,0.85,,6.90435,,,2027-01-18 00:40:00
6000777.781507315,0.0,114.0,,0.85,,6.88778,,,2027-01-18 00:45:00
6000778.781652874,0.0,109.0,,0.85,,9.535146,,,2027-01-18 00:50:00
6000779.7817984335,0.0,107.0,,0.85,,12.168659,,,2027-01-18 00:55:00
6000780.781943993,0.0,104.0,,0.85,,12.394833,,,2027-01-18 01:00:00
6000781.782089553,0.0,102.0,,0.85,,12.23168,,,2027-01-18 01:05:00
6000782.782235112,0.0,101.0,,0.85,,10.119491,,,2027-01-18 01:10:00
6000783.782380671,0.0,100.0,,0.85,,9.055097,,,2027-01-18 01:15:00
6000784.78252623,0.0,99.0,,0.85,,7.671754,,,2027-01-18 01:20:00
6000785.78267179,0.0,99.0,,0.85,,8.947588,,,2027-01-18 01:25:00
6000786.782817349,0.0,97.0,,0.85,,8.700819,,,2027-01-18 01:30:00
6000787.782962908,0.0,95.0,,0.85,,7.81231,,,2027-01-18 01:35:00
6000788.783108468,0.0,92.0,,0.85,,8.014935,,,2027-01-18 01:40:00
6000789.783254027,0.0,89.0,,0.85,,8.128812,,,2027-01-18 01:45:00
6000790.783399587,0.0,86.0,,0.85,,7.987657,,,2027-01-18 01:50:00
6000791.783545146,0.0,84.0,,0.85,,6.353833,,,2027-01-18 01:55:00
6000792.783690705,0.0,81.0,,0.85,,6.538843,,,2027-01-18 02:00:00
6000793.783836264,0.0,79.0,,0.85,,8.161646,,,2027-01-18 02:05:00
6000794.783981823,0.0,78.0,,0.85,,6.821461,,,2027-01-18 02:10:00
6000795.7841273835,0.0,79.0,,0.85,,4.770041,,,2027-01-18 02:15:00
6000796.784272943,0.0,81.0,,0.85,,3.710334,,,2027-01-18 02:20:00
6000797.784418502,0.0,80.0,,0.85,,2.954984,,,2027-01-18 02:25:00
6000798.784564061,0.0,79.0,,0.85,,1.480986,,,2027-01-18 02:30:00
6000799.78470962,0.0,78.0,,0.85,,3.217105,,,2027-01-18 02:35:00
6000800.7848551795,0.0,78.0,,0.85,,3.677969,,,2027-01-18 02:40:00
6000801.785000739,0.0,79.0,,0.85,,3.268995,,,2027-01-18 02:45:00
6000802.785146299,0.0,80.0,,0.85,,1.810604,,,2027-01-18 02:50:00
6000803.785291858,0.0,82.0,,0.85,,2.087222,,,2027-01-18 02:55:00
6000804.785437417,0.0,81.0,,1.75,,2.573494,,,2027-01-18 03:00:00
6000805.785582976,0.0,82.0,,1.75,,3.497213,,,2027-01-18 03:05:00
6000806.785728536,0.0,84.0,,1.75,,4.91545,,,2027-01-18 03:10:00
6000807.785874095,0.0,87.0,,1.75,,6.209961,,,2027-01-18 03:15:00
6000808.786019654,0.0,88.0,,1.75,,7.146056,,,2027-01-18 03:20:00
6000809.786165214,0.0,89.0,,1.75,,8.225373,,,2027-01-18 03:25:00
6000810.786310773,0.0,90.0,,1.75,,9.792438,,,2027-01-18 03:30:00
6000811.786456333,0.0,90.0,,1.75,,10.831923,,,2027-01-18 03:35:00
6000812.786601892,0.0,91.0,,1.75,,3.428929,,,2027-01-18 03:40:00
6000813.786747451,0.0,91.0,,1.75,,5.879338,,,2027-01-18 03:45:00
6000814.78689301,0.0,91.0,,1.75,,9.439714,,,2027-01-18 03:50:00
6000815.787038569,0.0,91.0,,1.75,,9.470617,,,2027-01-18 03:55:00
6000816.7871841295,0.0,91.0,,1.75,,5.387511,,,2027-01-18 04:00:00
6000817.787329689,0.0,92.0,,1.75,,5.103164,,,2027-01-18 04:05:00
6000818.787475248,0.0,91.0,,1.75,,0.968408,,,2027-01-18 04:10:00
6000819.787620807,0.0,89.0,,1.75,,1.010544,,,2027-01-18 04:15:00
6000820.787766366,0.0,88.0,,1.75,,1.064933,,,2027-01-18 04:20:00
6000821.787911925,0.0,87.0,,1.75,,1.093678,,,2027-01-18 04:25:00
6000822.788057485,0.0,88.0,,1.75,,1.10298,,,2027-01-18 04:30:00
6000823.788203045,0.0,91.0,,1.75,,0.950639,,,2027-01-18 04:35:00
6000824.788348604,0.0,90.0,,1.75,,1.383927,,,2027-01-18 04:40:00
6000825.788494163,0.0,89.0,,1.75,,2.603369,,,2027-01-18 04:45:00
6000826.788639722,0.0,87.0,,1.75,,4.013169,,,2027-01-18 04:50:00
6000827.788785282,0.0,86.0,,1.75,,3.366391,,,2027-01-18 04:55:00
6000828.788930841,0.0,85.0,,1.75,,4.080762,,,2027-01-18 05:00:00
6000829.7890764,0.0,84.0,,1.75,,2.61487,,,2027-01-18 05:05:00
6000830.78922196,0.0,83.0,,1.75,,0.908972,,,2027-01-18 05:10:00
6000831.789367519,0.0,83.0,,1.75,,0.398923,,,2027-01-18 05:15:00
6000832.7895130785,0.0,81.0,,1.75,,0.483553,,,2027-01-18 05:20:00
6000833.789658638,0.0,79.0,,1.75,,0.473525,,,2027-01-18 05:25:00
6000834.789804197,0.0,79.0,,1.75,,0.509269,,,2027-01-18 05:30:00
6000835.789949756,0.0,79.0,,1.75,,0.568196,,,2027-01-18 05:35:00
6000836.790095315,0.0,80.0,,1.75,,0.620285,,,2027-01-18 05:40:00
6000837.790240875,0.0,81.0,,1.75,,0.116123,,,2027-01-18 05:45:00
6000838.790386435,0.0,81.0,,1.75,,0.234232,,,2027-01-18 05:50:00
6000839.790531994,0.0,80.0,,1.75,,0.413408,,,2027-01-18 05:55:00
6000840.790677553,0.0,79.0,,1.75,,0.326071,,,2027-01-18 06:00:00
6000841.790823112,0.0,79.0,,1.75,,0.05842,,,2027-01-18 06:05:00
6000842.790968671,0.0,77.0,,1.75,,0.081721,,,2027-01-18 06:10:00
6000843.791114231,0.0,77.0,,1.75,,0.104922,,,2027-01-18 06:15:00
6000844.791259791,0.0,77.0,,1.75,,0.016412,,,2027-01-18 06:20:00
6000845.79140535,0.0,80.0,,1.75,,0.043833,,,2027-01-18 06:25:00
6000846.791550909,0.0,84.0,,1.75,,0.055445,,,2027-01-18 06:30:00
6000847.791696468,0.0,86.0,,1.75,,0.070347,,,2027-01-18 06:35:00
6000848.791842028,0.0,90.0,,1.75,,0.087315,,,2027-01-18 06:40:00
6000849.791987587,0.0,94.0,,1.75,,0.103053,,,2027-01-18 06:45:00
6000850.792133146,0.0,99.0,,1.75,,0.06501,,,2027-01-18 06:50:00
6000851.792278706,0.0,97.0,,1.75,,0.08254,,,2027-01-18 06:55:00
6000852.792424265,0.0,94.0,,1.75,,0.123261,,,2027-01-18 07:00:00
6000853.7925698245,0.0,95.0,,1.75,,0.029553,,,2027-01-18 07:05:00
6000854.792715384,0.0,96.0,,1.75,,0.010777,,,2027-01-18 07:10:00
6000855.792860943,0.0,96.0,,1.75,,0.012338,,,2027-01-18 07:15:00
6000856.793006502,0.0,96.0,,1.75,,0.021882,,,2027-01-18 07:20:00
6000857.793152061,0.0,95.0,,1.75,,0.020971,,,2027-01-18 07:25:00
6000858.793297621,0.0,92.0,,1.75,,0.014233,,,2027-01-18 07:30:00
6000859.793443181,0.0,89.0,,1.75,,0.015072,,,2027-01-18 07:35:00
6000860.79358874,0.0,88.0,,1.75,,0.027782,,,2027-01-18 07:40:00
6000861.793734299,0.0,90.0,,1.75,,0.03003,,,2027-01-18 07:45:00
6000862.793879858,0.0,92.0,,1.75,,0.084548,,,2027-01-18 07:50:00
6000863.794025417,0.0,93.0,,1.75,,0.032458,,,2027-01-18 07:55:00
6000864.794170977,0.0,96.0,,1.35,,0.06819,,,2027-01-18 08:00:00
6000865.794316537,0.0,102.0,,1.35,,2.034209,,,2027-01-18 08:05:00
6000866.794462096,0.0,102.0,,1.35,,2.866829,,,2027-01-18 08:10:00
6000867.794607655,0.0,100.0,100.0,1.35,,1.19843,,6.6,2027-01-18 08:15:00
6000868.794753214,0.0,103.0,,1.35,,1.584002,,,2027-01-18 08:20:00
6000869.794898774,0.0,104.0,,1.35,,0.171403,40.0,,2027-01-18 08:25:00
6000870.795044333,0.0,107.0,,1.35,,0.501906,,,2027-01-18 08:30:00
6000871.795189892,0.0,113.0,,1.35,,0.151763,,,2027-01-18 08:35:00
6000872.795335452,0.0,119.0,,1.35,,0.174795,,,2027-01-18 08:40:00
6000873.795481011,0.0,125.0,,1.35,,1.138767,,,2027-01-18 08:45:00
6000874.7956265705,0.0,127.0,,1.35,,0.67077,,,2027-01-18 08:50:00
6000875.79577213,0.0,125.0,,1.35,,0.192545,,,2027-01-18 08:55:00
6000876.795917689,0.0,130.0,,1.35,,0.106575,,,2027-01-18 09:00:00
6000877.796063248,0.0,134.0,,1.35,,0.0,,,2027-01-18 09:05:00
6000878.796208807,0.0,140.0,,1.35,,,,,2027-01-18 09:10:00
6000879.796354367,0.0,136.0,,1.35,,,,,2027-01-18 09:15:00
6000880.796499927,0.0,132.0,,1.35,,,,,2027-01-18 09:20:00
6000881.796645486,0.0,127.0,,1.35,,,,,2027-01-18 09:25:00
6000882.796791045,0.0,122.0,,1.35,,,,,2027-01-18 09:30:00
6000883.796936604,0.0,118.0,,1.35,,,,,2027-01-18 09:35:00
6000884.797082163,0.0,115.0,,1.35,,,,,2027-01-18 09:40:00
6000885.797227723,0.0,112.0,,1.35,,,,,2027-01-18 09:45:00
6000886.797373283,0.0,113.0,,1.35,,,,,2027-01-18 09:50:00
6000887.797518842,0.0,112.0,,1.35,,,,,2027-01-18 09:55:00
6000888.797664401,0.0,109.0,,1.15,,,,,2027-01-18 10:00:00
6000889.79780996,0.0,106.0,,1.15,,,,,2027-01-18 10:05:00
6000890.7979555195,0.0,106.0,,1.15,,,,,2027-01-18 10:10:00
6000891.798101079,0.0,103.0,,1.15,,0.186069,,,2027-01-18 10:15:00
6000892.798246638,0.0,99.0,,1.15,,0.409205,,,2027-01-18 10:20:00
6000893.798392198,0.0,97.0,,1.15,,2.684582,,,2027-01-18 10:25:00
6000894.798537757,0.0,94.0,,1.15,,0.376486,,,2027-01-18 10:30:00
6000895.798683316,1.0,,,1.15,,0.053581,,,2027-01-18 10:35:00
6000896.798828876,1.0,,,1.15,,0.078885,,,2027-01-18 10:40:00
6000897.798974435,1.0,,,1.15,,0.027434,,,2027-01-18 10:45:00
6000898.799119994,1.0,,,1.15,,0.046331,,,2027-01-18 10:50:00
6000899.799265553,1.0,,,1.15,,0.028344,,,2027-01-18 10:55:00
6000900.799411113,1.0,,,1.15,,0.061494,,,2027-01-18 11:00:00
6000901.799556673,1.0,,,1.15,,0.092233,,,2027-01-18 11:05:00
6000902.799702232,1.0,,,1.15,,0.094071,,,2027-01-18 11:10:00
6000903.799847791,1.0,,,1.15,,0.192743,,,2027-01-18 11:15:00
6000904.79999335,1.0,,,1.15,,0.113325,,,2027-01-18 11:20:00
6000905.800138909,1.0,,,1.15,,0.013665,,,2027-01-18 11:25:00
6000906.800284469,1.0,,,1.15,,0.116022,,,2027-01-18 11:30:00
6000907.800430029,1.0,,,1.15,,0.199232,,,2027-01-18 11:35:00
6000908.800575588,1.0,,,1.15,,0.159408,,,2027-01-18 11:40:00
6000909.800721147,1.0,,,1.15,,0.182764,,,2027-01-18 11:45:00
6000910.800866706,1.0,,,1.15,,0.156073,,,2027-01-18 11:50:00
6000911.8010122655,1.0,,,1.15,,0.256094,,,2027-01-18 11:55:00
6000912.801157825,1.0,,,1.15,,0.244579,,,2027-01-18 12:00:00
6000913.801303384,1.0,,,1.15,,0.108216,,,2027-01-18 12:05:00
6000914.801448944,1.0,,180.0,1.15,,0.043094,,,2027-01-18 12:10:00
6000915.801594503,1.0,,,1.15,,0.065237,,,2027-01-18 12:15:00
6000916.801740062,1.0,,,1.15,,0.072778,,,2027-01-18 12:20:00
6000917.801885622,1.0,,,1.15,,0.089467,75.0,,2027-01-18 12:25:00
6000918.802031181,1.0,,,1.1,,0.06012,,,2027-01-18 12:30:00
6000919.80217674,1.0,,,1.1,,0.053691,,,2027-01-18 12:35:00
6000920.802322299,1.0,,189.0,1.1,,0.072901,,19.4,2027-01-18 12:40:00
6000921.802467859,1.0,,,1.1,,0.116417,,,2027-01-18 12:45:00
6000922.802613419,1.0,,,1.1,,0.108294,,,2027-01-18 12:50:00
6000923.802758978,0.0,187.0,189.0,1.1,,0.21427,,,2027-01-18 12:55:00
6000924.802904537,0.0,195.0,,1.1,,0.268043,,,2027-01-18 13:00:00
6000925.803050096,0.0,199.0,,1.1,,0.150361,,,2027-01-18 13:05:00
6000926.803195655,0.0,201.0,,1.1,,0.163933,,,2027-01-18 13:10:00
6000927.803341215,0.0,202.0,,1.1,,0.243157,,,2027-01-18 13:15:00
6000928.803486775,0.0,200.0,,1.1,,0.23285,,,2027-01-18 13:20:00
6000929.803632334,0.0,197.0,,1.1,,0.096478,,,2027-01-18 13:25:00
6000930.803777893,0.0,197.0,,1.1,,0.150152,,,2027-01-18 13:30:00
6000931.803923452,0.0,194.0,,1.1,,0.162605,,,2027-01-18 13:35:00
6000932.8040690115,0.0,192.0,,1.1,,0.167329,,,2027-01-18 13:40:00
6000933.804214571,0.0,194.0,,1.1,,0.058976,,,2027-01-18 13:45:00
6000934.80436013,0.0,196.0,,1.1,,0.025868,,,2027-01-18 13:50:00
6000935.80450569,0.0,191.0,,1.1,,0.04919,,,2027-01-18 13:55:00
6000936.804651249,0.0,196.0,,1.1,,0.19324,,,2027-01-18 14:00:00
6000937.804796808,0.0,197.0,,1.1,,0.438351,,,2027-01-18 14:05:00
6000938.804942368,0.0,192.0,,1.1,,0.250319,,,2027-01-18 14:10:00
6000939.805087927,0.0,191.0,,1.1,,0.25307,,,2027-01-18 14:15:00
6000940.805233486,0.0,199.0,,1.1,,0.194388,,,2027-01-18 14:20:00
6000941.805379045,0.0,201.0,,1.1,,0.292062,,,2027-01-18 14:25:00
6000942.805524605,0.0,198.0,,1.1,,0.197974,,,2027-01-18 14:30:00
6000943.8056701645,0.0,202.0,,1.1,,0.111507,,,2027-01-18 14:35:00
6000944.805815724,0.0,205.0,,1.1,,0.175348,,,2027-01-18 14:40:00
6000945.805961283,0.0,206.0,,1.1,,0.153205,,,2027-01-18 14:45:00
6000946.806106842,0.0,212.0,,1.1,,0.148267,,,2027-01-18 14:50:00
6000947.806252401,0.0,215.0,,1.1,,0.163095,,,2027-01-18 14:55:00
6000948.8063979605,0.0,214.0,,1.1,,0.1751,,,2027-01-18 15:00:00
6000949.806543521,0.0,217.0,,1.1,,0.193102,,,2027-01-18 15:05:00
6000950.80668908,0.0,218.0,,1.1,,0.245968,,,2027-01-18 15:10:00
6000951.806834639,0.0,215.0,,1.1,,0.27457,,,2027-01-18 15:15:00
6000952.806980198,0.0,212.0,,1.1,,0.22006,,,2027-01-18 15:20:00
6000953.807125757,0.0,207.0,,1.1,,0.19127,,,2027-01-18 15:25:00
6000954.807271317,0.0,205.0,,1.1,,0.261133,,,2027-01-18 15:30:00
6000955.807416876,0.0,203.0,,1.1,,0.295294,,,2027-01-18 15:35:00
6000956.807562436,0.0,201.0,,1.1,,0.312089,,,2027-01-18 15:40:00
6000957.807707995,0.0,197.0,,1.1,,0.046241,,,2027-01-18 15:45:00
6000958.807853554,0.0,190.0,,1.1,,0.090849,,,2027-01-18 15:50:00
6000959.807999114,0.0,184.0,,1.1,,0.394355,,,2027-01-18 15:55:00
6000960.808144673,0.0,181.0,,1.1,,0.511817,,,2027-01-18 16:00:00
6000961.808290232,0.0,179.0,,1.1,,0.485662,,,2027-01-18 16:05:00
6000962.808435791,0.0,175.0,,1.1,,0.396451,,,2027-01-18 16:10:00
6000963.808581351,0.0,176.0,,1.1,,0.359202,,,2027-01-18 16:15:00
6000964.8087269105,0.0,175.0,,1.1,,0.469541,,,2027-01-18 16:20:00
6000965.80887247,0.0,171.0,,1.1,,0.274623,,,2027-01-18 16:25:00
6000966.809018029,0.0,170.0,,1.1,,0.026517,,,2027-01-18 16:30:00
6000967.809163588,0.0,171.0,,1.1,,0.060699,,,2027-01-18 16:35:00
6000968.809309147,0.0,171.0,,1.1,,0.035846,,,2027-01-18 16:40:00
6000969.8094547065,0.0,172.0,,1.1,,0.029968,,,2027-01-18 16:45:00
6000970.809600267,0.0,175.0,,1.1,,0.056413,,,2027-01-18 16:50:00
6000971.809745826,0.0,174.0,,1.1,,0.038527,,,2027-01-18 16:55:00
6000972.809891385,0.0,175.0,,1.1,,0.062975,,,2027-01-18 17:00:00
6000973.810036944,0.0,178.0,,1.1,,0.082128,,,2027-01-18 17:05:00
6000974.810182503,0.0,181.0,190.0,1.1,,0.086467,,7.0,2027-01-18 17:10:00
6000975.810328063,0.0,183.0,,1.1,,0.084409,,,2027-01-18 17:15:00
6000976.810473622,0.0,182.0,,1.1,,0.056311,,,2027-01-18 17:20:00
6000977.810619182,0.0,176.0,,1.1,,0.089054,,,2027-01-18 17:25:00
6000978.810764741,0.0,174.0,,1.1,,0.116059,,,2027-01-18 17:30:00
6000979.8109103,0.0,174.0,,1.1,,0.078819,,,2027-01-18 17:35:00
6000980.81105586,0.0,169.0,,1.1,,0.062041,,,2027-01-18 17:40:00
6000981.811201419,0.0,163.0,,1.1,,0.03526,,,2027-01-18 17:45:00
6000982.811346978,0.0,160.0,,1.1,,0.065083,,,2027-01-18 17:50:00
6000983.811492537,0.0,155.0,,1.1,,0.084225,,,2027-01-18 17:55:00
6000984.811638097,0.0,145.0,,1.2,,0.11414,,,2027-01-18 18:00:00
6000985.8117836565,0.0,140.0,,1.2,,0.135864,,,2027-01-18 18:05:00
6000986.811929216,0.0,129.0,,1.2,,0.135003,,,2027-01-18 18:10:00
6000987.812074775,0.0,119.0,,1.2,,0.133347,,,2027-01-18 18:15:00
6000988.812220334,0.0,113.0,,1.2,,0.157425,,,2027-01-18 18:20:00
6000989.812365893,0.0,107.0,,1.2,,0.169892,,,2027-01-18 18:25:00
6000990.8125114525,0.0,103.0,,1.2,,0.23362,,,2027-01-18 18:30:00
6000991.812657013,0.0,102.0,,1.2,,0.35513,,,2027-01-18 18:35:00
6000992.812802572,0.0,99.0,,1.2,,0.603904,,,2027-01-18 18:40:00
6000993.812948131,0.0,93.0,,1.2,,1.976734,,,2027-01-18 18:45:00
6000994.81309369,0.0,87.0,,1.2,,1.339903,,,2027-01-18 18:50:00
6000995.813239249,0.0,82.0,,1.2,,0.747027,,,2027-01-18 18:55:00
6000996.813384809,0.0,78.0,,1.2,,0.228078,,,2027-01-18 19:00:00
6000997.813530368,0.0,76.0,,1.2,,1.808331,,,2027-01-18 19:05:00
6000998.813675928,0.0,76.0,,1.2,,0.631483,,,2027-01-18 19:10:00
6000999.813821487,0.0,79.0,,1.2,,0.465038,,,2027-01-18 19:15:00
6001000.813967046,0.0,83.0,,1.2,,0.36898,,,2027-01-18 19:20:00
6001001.8141126055,0.0,91.0,,1.2,,0.341152,,,2027-01-18 19:25:00
6001002.814258165,0.0,99.0,,1.2,,0.267362,,,2027-01-18 19:30:00
6001003.814403724,0.0,109.0,,1.2,,0.267746,,,2027-01-18 19:35:00
6001004.814549283,0.0,123.0,109.0,1.2,,0.189712,,17.8,2027-01-18 19:40:00
6001005.814694843,0.0,140.0,,1.2,,0.312946,,,2027-01-18 19:45:00
6001006.814840402,0.0,159.0,,1.2,,0.349114,,,2027-01-18 19:50:00
6001007.814985962,0.0,177.0,,1.2,,0.085533,,,2027-01-18 19:55:00
6001008.815131521,0.0,193.0,,1.2,,0.10412,,,2027-01-18 20:00:00
6001009.81527708,0.0,207.0,,1.2,,0.061703,,,2027-01-18 20:05:00
6001010.815422639,0.0,218.0,,1.2,,0.060029,,,2027-01-18 20:10:00
6001011.815568198,0.0,216.0,,1.2,,0.08242,,,2027-01-18 20:15:00
6001012.815713759,0.0,206.0,,1.2,,0.085739,,,2027-01-18 20:20:00
6001013.815859318,0.0,201.0,,1.2,,2.964292,,,2027-01-18 20:25:00
6001014.816004877,0.0,193.0,,1.2,,1.325868,,,2027-01-18 20:30:00
6001015.816150436,0.0,190.0,,1.2,,0.456099,,,2027-01-18 20:35:00
6001016.816295995,0.0,188.0,,1.2,,0.20984,,,2027-01-18 20:40:00
6001017.816441555,0.0,186.0,,1.2,,0.025576,,,2027-01-18 20:45:00
6001018.816587114,0.0,186.0,,1.2,,0.048282,,,2027-01-18 20:50:00
6001019.816732674,0.0,185.0,,1.2,,0.071954,,,2027-01-18 20:55:00
6001020.816878233,0.0,175.0,,1.2,,0.022286,,,2027-01-18 21:00:00
6001021.817023792,0.0,165.0,,1.2,,0.025174,,,2027-01-18 21:05:00
6001022.8171693515,0.0,160.0,,1.2,,0.039389,,,2027-01-18 21:10:00
6001023.817314911,0.0,165.0,,1.2,,0.027956,,,2027-01-18 21:15:00
6001024.81746047,0.0,174.0,,1.2,,0.02648,,,2027-01-18 21:20:00
6001025.817606029,0.0,185.0,,1.2,,0.046032,,,2027-01-18 21:25:00
6001026.817751589,0.0,197.0,,1.2,,0.078108,,,2027-01-18 21:30:00
6001027.817897148,0.0,211.0,,1.2,,0.075356,,,2027-01-18 21:35:00
6001028.818042708,0.0,224.0,,1.2,,0.015868,,,2027-01-18 21:40:00
6001029.818188267,0.0,232.0,,1.2,,0.031105,,,2027-01-18 21:45:00
6001030.818333826,0.0,240.0,,1.2,,0.047336,,,2027-01-18 21:50:00
6001031.818479385,0.0,250.0,,1.2,,0.013206,,,2027-01-18 21:55:00
6001032.818624944,0.0,262.0,,1.0,,0.033374,,,2027-01-18 22:00:00
6001033.818770505,0.0,269.0,,1.0,,0.030018,,,2027-01-18 22:05:00
6001034.818916064,0.0,270.0,,1.0,,0.030579,,,2027-01-18 22:10:00
6001035.819061623,0.0,270.0,,1.0,,0.044573,,,2027-01-18 22:15:00
6001036.819207182,0.0,268.0,,1.0,,0.051399,,,2027-01-18 22:20:00
6001037.819352741,0.0,264.0,264.0,1.0,,0.062446,,10.9,2027-01-18 22:25:00
6001038.819498301,0.0,258.0,,1.0,,0.072145,,,2027-01-18 22:30:00
6001039.81964386,0.0,256.0,,1.0,,0.086248,,,2027-01-18 22:35:00
6001040.81978942,0.0,256.0,,1.0,,0.1015,,,2027-01-18 22:40:00
6001041.819934979,0.0,256.0,,1.0,,0.108611,,,2027-01-18 22:45:00
6001042.820080538,0.0,256.0,,1.0,,0.135755,,,2027-01-18 22:50:00
6001043.8202260975,0.0,255.0,,1.0,,0.096519,,,2027-01-18 22:55:00
6001044.820371657,0.0,252.0,,1.0,,0.104661,,,2027-01-18 23:00:00
6001045.820517216,0.0,248.0,,1.0,,0.135845,,,2027-01-18 23:05:00
6001046.820662775,0.0,245.0,,1.0,,0.128694,,,2027-01-18 23:10:00
6001047.820808335,0.0,239.0,,1.0,,0.155508,,,2027-01-18 23:15:00
6001048.820953894,0.0,226.0,,1.0,,0.251108,,,2027-01-18 23:20:00
6001049.821099454,0.0,215.0,,1.0,,0.298602,,,2027-01-18 23:25:00
6001050.821245013,0.0,208.0,201.0,1.0,,0.329402,,1.0,2027-01-18 23:30:00
6001051.821390572,0.0,204.0,,1.0,,0.345193,,,2027-01-18 23:35:00
6001052.821536131,0.0,201.0,,1.0,,0.369483,,,2027-01-18 23:40:00
6001053.82168169,0.0,194.0,,1.0,,0.40668,,,2027-01-18 23:45:00
6001054.8218272505,0.0,185.0,201.0,1.0,,0.4645,,,2027-01-18 23:50:00
6001055.82197281,0.0,177.0,,1.0,,0.662122,,,2027-01-18 23:55:00
6001056.822118369,0.0,169.0,,0.85,,1.567246,,,2027-01-19 00:00:00
6001057.822263928,0.0,163.0,,0.85,,0.192923,,,2027-01-19 00:05:00
6001058.822409487,0.0,158.0,,0.85,,0.278004,,,2027-01-19 00:10:00
6001059.8225550465,0.0,153.0,,0.85,,0.354968,,,2027-01-19 00:15:00
6001060.822700606,0.0,148.0,,0.85,,0.301327,,,2027-01-19 00:20:00
6001061.822846166,0.0,142.0,,0.85,,0.24914,,,2027-01-19 00:25:00
6001062.822991725,0.0,135.0,,0.85,,0.249806,,,2027-01-19 00:30:00
6001063.823137284,0.0,129.0,,0.85,,0.262783,,,2027-01-19 00:35:00
6001064.823282843,0.0,123.0,,0.85,,0.257834,,,2027-01-19 00:40:00
6001065.823428403,0.0,116.0,,0.85,,0.280763,,,2027-01-19 00:45:00
6001066.823573962,0.0,110.0,,0.85,,0.283568,,,2027-01-19 00:50:00
6001067.823719521,0.0,105.0,,0.85,,0.282828,,,2027-01-19 00:55:00
6001068.823865081,0.0,98.0,,0.85,,0.283208,,,2027-01-19 01:00:00
6001069.82401064,0.0,93.0,,0.85,,0.385386,,,2027-01-19 01:05:00
6001070.8241562,0.0,90.0,,0.85,,0.453136,,,2027-01-19 01:10:00
6001071.824301759,0.0,87.0,,0.85,,0.500205,,,2027-01-19 01:15:00
6001072.824447318,0.0,86.0,,0.85,,0.532853,,,2027-01-19 01:20:00
6001073.824592877,0.0,85.0,,0.85,,0.564973,,,2027-01-19 01:25:00
6001074.824738436,0.0,84.0,,0.85,,0.597295,,,2027-01-19 01:30:00
6001075.8248839965,0.0,83.0,,0.85,,0.423792,,,2027-01-19 01:35:00
6001076.825029556,0.0,82.0,,0.85,,0.382019,,,2027-01-19 01:40:00
6001077.825175115,0.0,81.0,,0.85,,0.372783,,,2027-01-19 01:45:00
6001078.825320674,0.0,81.0,,0.85,,0.358032,,,2027-01-19 01:50:00
6001079.825466233,0.0,81.0,,0.85,,0.344546,,,2027-01-19 01:55:00
6001080.8256117925,0.0,81.0,,0.85,,0.463886,,,2027-01-19 02:00:00
6001081.825757352,0.0,81.0,,0.85,,0.49513,,,2027-01-19 02:05:00
6001082.825902912,0.0,81.0,,0.85,,0.525658,,,2027-01-19 02:10:00
6001083.826048471,0.0,81.0,,0.85,,0.582002,,,2027-01-19 02:15:00
6001084.82619403,0.0,81.0,,0.85,,0.603848,,,2027-01-19 02:20:00
6001085.826339589,0.0,82.0,,0.85,,0.624092,,,2027-01-19 02:25:00
6001086.826485149,0.0,85.0,,0.85,,0.645944,,,2027-01-19 02:30:00
6001087.826630708,0.0,87.0,,0.85,,0.584031,,,2027-01-19 02:35:00
6001088.826776267,0.0,90.0,,0.85,,0.575231,,,2027-01-19 02:40:00
6001089.826921827,0.0,94.0,,0.85,,0.561773,,,2027-01-19 02:45:00
6001090.827067386,0.0,98.0,,0.85,,0.573593,,,2027-01-19 02:50:00
6001091.827212946,0.0,100.0,,0.85,,0.586621,,,2027-01-19 02:55:00
6001092.827358505,0.0,102.0,,1.75,,0.605163,,,2027-01-19 03:00:00
6001093.827504064,0.0,104.0,,1.75,,0.608714,,,2027-01-19 03:05:00
6001094.827649623,0.0,105.0,,1.75,,0.709065,,,2027-01-19 03:10:00
6001095.827795182,0.0,105.0,,1.75,,0.975396,,,2027-01-19 03:15:00
6001096.8279407425,0.0,106.0,,1.75,,0.536741,,,2027-01-19 03:20:00
6001097.828086302,0.0,108.0,,1.75,,0.478445,,,2027-01-19 03:25:00
6001098.828231861,0.0,109.0,,1.75,,0.411594,,,2027-01-19 03:30:00
6001099.82837742,0.0,109.0,,1.75,,0.433914,,,2027-01-19 03:35:00
6001100.828522979,0.0,107.0,,1.75,,0.438202,,,2027-01-19 03:40:00
6001101.8286685385,0.0,104.0,,1.75,,0.376888,,,2027-01-19 03:45:00
6001102.828814098,0.0,104.0,,1.75,,0.35205,,,2027-01-19 03:50:00
6001103.828959658,0.0,104.0,,1.75,,0.334886,,,2027-01-19 03:55:00
6001104.829105217,0.0,104.0,,1.75,,0.318942,,,2027-01-19 04:00:00
6001105.829250776,0.0,104.0,,1.75,,0.413374,,,2027-01-19 04:05:00
6001106.829396335,0.0,106.0,,1.75,,0.454308,,,2027-01-19 04:10:00
6001107.829541895,0.0,106.0,,1.75,,0.484459,,,2027-01-19 04:15:00
6001108.829687454,0.0,106.0,,1.75,,0.511727,,,2027-01-19 04:20:00
6001109.829833013,0.0,104.0,,1.75,,0.534961,,,2027-01-19 04:25:00
6001110.829978573,0.0,101.0,,1.75,,0.562124,,,2027-01-19 04:30:00
6001111.830124132,0.0,99.0,,1.75,,0.583221,,,2027-01-19 04:35:00
6001112.830269692,0.0,97.0,,1.75,,0.6117,,,2027-01-19 04:40:00
6001113.830415251,0.0,94.0,,1.75,,0.677574,,,2027-01-19 04:45:00
6001114.83056081,0.0,92.0,,1.75,,1.126722,,,2027-01-19 04:50:00
6001115.830706369,0.0,91.0,,1.75,,1.138647,,,2027-01-19 04:55:00
6001116.830851928,0.0,90.0,,1.75,,1.406036,,,2027-01-19 05:00:00
6001117.830997488,0.0,89.0,,1.75,,1.056475,,,2027-01-19 05:05:00
6001118.831143048,0.0,89.0,,1.75,,1.01589,,,2027-01-19 05:10:00
6001119.831288607,0.0,89.0,,1.75,,1.021837,,,2027-01-19 05:15:00
6001120.831434166,0.0,89.0,,1.75,,1.140672,,,2027-01-19 05:20:00
6001121.831579725,0.0,88.0,,1.75,,1.040519,,,2027-01-19 05:25:00
6001122.831725284,0.0,88.0,,1.75,,0.983485,,,2027-01-19 05:30:00
6001123.831870844,0.0,87.0,,1.75,,0.949947,,,2027-01-19 05:35:00
6001124.832016404,0.0,86.0,,1.75,,0.957316,,,2027-01-19 05:40:00
6001125.832161963,0.0,85.0,,1.75,,0.98073,,,2027-01-19 05:45:00
6001126.832307522,0.0,84.0,,1.75,,1.01263,,,2027-01-19 05:50:00
6001127.832453081,0.0,85.0,,1.75,,1.016596,,,2027-01-19 05:55:00
6001128.832598641,0.0,86.0,,1.75,,1.067739,,,2027-01-19 06:00:00
6001129.8327442,0.0,86.0,,1.75,,1.058133,,,2027-01-19 06:05:00
6001130.832889759,0.0,84.0,,1.75,,0.871508,,,2027-01-19 06:10:00
6001131.833035319,0.0,83.0,,1.75,,0.899648,,,2027-01-19 06:15:00
6001132.833180878,0.0,81.0,,1.75,,0.112946,,,2027-01-19 06:20:00
6001133.8333264375,0.0,80.0,,1.75,,0.018172,,,2027-01-19 06:25:00
6001134.833471997,0.0,80.0,,1.75,,0.041533,,,2027-01-19 06:30:00
6001135.833617556,0.0,80.0,,1.75,,0.043461,,,2027-01-19 06:35:00
6001136.833763115,0.0,79.0,,1.75,,0.025579,,,2027-01-19 06:40:00
6001137.833908674,0.0,78.0,,1.75,,0.014948,,,2027-01-19 06:45:00
6001138.834054234,0.0,79.0,,1.75,,0.0,,,2027-01-19 06:50:00
6001139.834199794,0.0,79.0,,1.75,,,,,2027-01-19 06:55:00
6001140.834345353,0.0,81.0,,0.0,,,,,2027-01-19 07:00:00
6001141.834490912,0.0,85.0,,0.0,,,,,2027-01-19 07:05:00
6001142.834636471,0.0,88.0,,0.0,,,,,2027-01-19 07:10:00
6001143.83478203,0.0,91.0,,0.0,,0.011133,,,2027-01-19 07:15:00
6001144.83492759,0.0,94.0,,0.0,,0.043457,,,2027-01-19 07:20:00
6001145.83507315,0.0,99.0,,1.75,,0.058433,,,2027-01-19 07:25:00
6001146.835218709,0.0,107.0,,1.75,,0.063955,,,2027-01-19 07:30:00
6001147.835364268,0.0,110.0,,1.75,,0.068771,,,2027-01-19 07:35:00
6001148.835509827,0.0,116.0,,1.75,,0.070452,,,2027-01-19 07:40:00
6001149.835655387,0.0,120.0,,1.75,,0.06727,,,2027-01-19 07:45:00
6001150.835800946,0.0,123.0,,1.75,,0.046918,,,2027-01-19 07:50:00
6001151.835946505,0.0,128.0,,1.75,,0.015149,,,2027-01-19 07:55:00
6001152.836092065,0.0,133.0,,1.35,,0.021292,,,2027-01-19 08:00:00
6001153.836237624,0.0,137.0,,1.35,,0.042256,,,2027-01-19 08:05:00
6001154.8363831835,0.0,142.0,,1.35,,0.035509,,,2027-01-19 08:10:00
6001155.836528743,0.0,145.0,,1.35,,0.045852,,,2027-01-19 08:15:00
6001156.836674302,0.0,147.0,,1.35,,0.051298,,,2027-01-19 08:20:00
6001157.836819861,0.0,156.0,,1.35,,0.047656,,,2027-01-19 08:25:00
6001158.83696542,0.0,161.0,,1.35,,0.06316,70.0,,2027-01-19 08:30:00
6001159.83711098,0.0,161.0,,1.35,,0.070924,,,2027-01-19 08:35:00
6001160.83725654,0.0,166.0,,1.35,,0.044399,,,2027-01-19 08:40:00
6001161.837402099,0.0,172.0,166.0,1.35,,0.043043,,16.2,2027-01-19 08:45:00
6001162.837547658,0.0,183.0,,1.35,,0.015838,,,2027-01-19 08:50:00
6001163.837693217,0.0,201.0,,1.35,,0.039489,,,2027-01-19 08:55:00
6001164.837838776,0.0,220.0,,1.35,,0.038161,,,2027-01-19 09:00:00
6001165.837984336,0.0,215.0,,1.35,,0.053601,,,2027-01-19 09:05:00
6001166.838129896,0.0,223.0,,1.35,,0.138545,,,2027-01-19 09:10:00
6001167.838275455,0.0,232.0,,1.35,,0.077313,,,2027-01-19 09:15:00
6001168.838421014,0.0,239.0,,1.35,,0.028887,,,2027-01-19 09:20:00
6001169.838566573,0.0,239.0,,1.35,,0.155027,,,2027-01-19 09:25:00
6001170.838712133,0.0,236.0,,1.35,,0.051789,,,2027-01-19 09:30:00
6001171.838857692,0.0,231.0,,1.35,,0.042059,,,2027-01-19 09:35:00
6001172.839003251,0.0,223.0,,1.35,,0.062723,,,2027-01-19 09:40:00
6001173.839148811,0.0,213.0,,1.35,,0.0,,,2027-01-19 09:45:00
6001174.83929437,0.0,204.0,,1.35,,,,,2027-01-19 09:50:00
6001175.839439929,0.0,190.0,,1.35,,,,,2027-01-19 09:55:00
6001176.839585489,0.0,178.0,,1.15,,,,,2027-01-19 10:00:00
6001177.839731048,0.0,167.0,,1.15,,,,,2027-01-19 10:05:00
6001178.839876607,0.0,155.0,,1.15,,,,,2027-01-19 10:10:00
6001179.840022166,0.0,145.0,,1.15,,,,,2027-01-19 10:15:00
6001180.840167726,0.0,139.0,,1.15,,,,,2027-01-19 10:20:00
6001181.840313286,0.0,132.0,,1.15,,,,,2027-01-19 10:25:00
6001182.840458845,0.0,125.0,,1.15,,,,,2027-01-19 10:30:00
6001183.840604404,0.0,122.0,,1.15,,,,,2027-01-19 10:35:00
6001184.840749963,0.0,120.0,,1.15,,,,,2027-01-19 10:40:00
6001185.840895522,0.0,116.0,,1.15,,,,,2027-01-19 10:45:00
6001186.841041082,0.0,112.0,,1.15,,,,,2027-01-19 10:50:00
6001187.841186642,0.0,110.0,,1.15,,,,,2027-01-19 10:55:00
6001188.841332201,0.0,108.0,,1.15,,,,,2027-01-19 11:00:00
6001189.84147776,0.0,106.0,,1.15,,,,,2027-01-19 11:05:00
6001190.841623319,0.0,97.0,,1.15,,,,,2027-01-19 11:10:00
6001191.8417688785,0.0,95.0,,1.15,,,,,2027-01-19 11:15:00
6001192.841914438,0.0,91.0,,1.15,,0.290828,,,2027-01-19 11:20:00
6001193.842059997,0.0,89.0,,1.15,,0.167969,,,2027-01-19 11:25:00
6001194.842205557,0.0,88.0,,1.15,,0.081411,,,2027-01-19 11:30:00
6001195.842351116,1.0,,,1.15,,0.062786,,,2027-01-19 11:35:00
6001196.842496675,1.0,,,1.15,,0.052326,,,2027-01-19 11:40:00
6001197.842642235,1.0,,,1.15,,0.028321,,,2027-01-19 11:45:00
6001198.842787794,1.0,,,1.15,,0.022012,,,2027-01-19 11:50:00
6001199.842933353,1.0,,,1.15,,0.041398,,,2027-01-19 11:55:00
6001200.843078912,1.0,,,1.15,,0.03234,,,2027-01-19 12:00:00
6001201.843224472,1.0,,,1.15,,0.054577,,,2027-01-19 12:05:00
6001202.843370032,1.0,,,1.15,,0.090549,,,2027-01-19 12:10:00
6001203.843515591,1.0,,,1.15,,0.086542,,,2027-01-19 12:15:00
6001204.84366115,1.0,,,1.15,,0.099338,,,2027-01-19 12:20:00
6001205.843806709,1.0,,179.0,1.15,,0.057373,,15.9,2027-01-19 12:25:00
6001206.843952268,1.0,,,1.1,,0.056265,,,2027-01-19 12:30:00
6001207.844097828,1.0,,,1.1,,0.063964,,,2027-01-19 12:35:00
6001208.844243388,0.0,195.0,179.0,1.1,,0.115257,,,2027-01-19 12:40:00
6001209.844388947,0.0,204.0,,1.1,,0.223847,,,2027-01-19 12:45:00
6001210.844534506,0.0,211.0,,1.1,,0.144046,,,2027-01-19 12:50:00
6001211.844680065,0.0,214.0,,1.1,,0.076611,,,2027-01-19 12:55:00
6001212.8448256245,0.0,216.0,,1.1,,0.021912,,,2027-01-19 13:00:00
6001213.844971184,0.0,212.0,,1.1,,0.023224,,,2027-01-19 13:05:00
6001214.845116743,0.0,203.0,,1.1,,0.029987,,,2027-01-19 13:10:00
6001215.845262303,0.0,192.0,,1.1,,0.031389,,,2027-01-19 13:15:00
6001216.845407862,0.0,183.0,,1.1,,0.058207,,,2027-01-19 13:20:00
6001217.845553421,0.0,177.0,,1.1,,0.030429,,,2027-01-19 13:25:00
6001218.845698981,0.0,168.0,,1.1,,0.038566,,,2027-01-19 13:30:00
6001219.84584454,0.0,163.0,,1.1,,0.068467,,,2027-01-19 13:35:00
6001220.845990099,0.0,160.0,,1.1,,0.028235,,,2027-01-19 13:40:00
6001221.846135658,0.0,159.0,,1.1,,0.08099,,,2027-01-19 13:45:00
6001222.846281218,0.0,155.0,,1.1,,0.070589,,,2027-01-19 13:50:00
6001223.846426778,0.0,152.0,,1.1,,0.089643,,,2027-01-19 13:55:00
6001224.846572337,0.0,152.0,,1.1,,0.11166,,,2027-01-19 14:00:00
6001225.846717896,0.0,153.0,,1.1,,0.131071,,,2027-01-19 14:05:00
6001226.846863455,0.0,155.0,,1.1,,0.166062,,,2027-01-19 14:10:00
6001227.847009014,0.0,157.0,,1.1,,0.089338,,,2027-01-19 14:15:00
6001228.847154574,0.0,161.0,,1.1,,0.056376,,,2027-01-19 14:20:00
6001229.847300134,0.0,162.0,,1.1,,0.0371,,,2027-01-19 14:25:00
6001230.847445693,0.0,162.0,,1.1,,0.034113,,,2027-01-19 14:30:00
6001231.847591252,0.0,162.0,,1.1,,0.188599,,,2027-01-19 14:35:00
6001232.847736811,0.0,159.0,,1.1,,0.080769,,,2027-01-19 14:40:00
6001233.84788237,0.0,160.0,,1.1,,0.036041,,,2027-01-19 14:45:00
6001234.84802793,0.0,160.0,,1.1,,1.044844,,,2027-01-19 14:50:00
6001235.848173489,0.0,153.0,,1.1,,13.394058,,,2027-01-19 14:55:00
6001236.848319049,0.0,147.0,,1.1,,18.751469,,,2027-01-19 15:00:00
6001237.848464608,0.0,144.0,,1.1,,15.169752,,,2027-01-19 15:05:00
6001238.848610167,0.0,144.0,,1.1,,9.767415,,,2027-01-19 15:10:00
6001239.848755727,0.0,139.0,,1.1,,6.271739,,,2027-01-19 15:15:00
6001240.848901286,0.0,133.0,,1.1,,5.399044,,,2027-01-19 15:20:00
6001241.849046845,0.0,129.0,,1.1,,4.343075,,,2027-01-19 15:25:00
6001242.849192404,0.0,124.0,,1.1,,3.434628,,,2027-01-19 15:30:00
6001243.849337964,0.0,120.0,,1.1,,3.69826,,,2027-01-19 15:35:00
6001244.8494835235,0.0,115.0,,1.1,,4.676831,,,2027-01-19 15:40:00
6001245.849629083,0.0,112.0,,1.1,,4.012063,,,2027-01-19 15:45:00
6001246.849774642,0.0,114.0,,1.1,,3.205972,,,2027-01-19 15:50:00
6001247.849920201,0.0,118.0,,1.1,,3.18152,,,2027-01-19 15:55:00
6001248.85006576,0.0,123.0,,1.1,,2.499212,,,2027-01-19 16:00:00
6001249.8502113195,0.0,130.0,,1.1,,3.885538,,,2027-01-19 16:05:00
6001250.85035688,0.0,134.0,,1.1,,8.841104,,,2027-01-19 16:10:00
6001251.850502439,0.0,137.0,,1.1,,10.740125,,,2027-01-19 16:15:00
6001252.850647998,0.0,143.0,,1.1,,16.458787,,,2027-01-19 16:20:00
6001253.850793557,0.0,151.0,,1.1,,19.057481,,,2027-01-19 16:25:00
6001254.850939116,0.0,156.0,,1.1,,11.556004,,,2027-01-19 16:30:00
6001255.851084676,0.0,161.0,,1.1,,7.529739,,,2027-01-19 16:35:00
6001256.851230235,0.0,160.0,,1.1,,2.752736,,,2027-01-19 16:40:00
6001257.851375795,0.0,155.0,,1.1,,1.974288,,,2027-01-19 16:45:00
6001258.851521354,0.0,150.0,,1.1,,1.507483,,,2027-01-19 16:50:00
6001259.851666913,0.0,147.0,,1.1,,1.150495,,,2027-01-19 16:55:00
6001260.851812473,0.0,147.0,,1.1,,2.581115,,,2027-01-19 17:00:00
6001261.851958032,0.0,145.0,,1.1,,0.282463,,,2027-01-19 17:05:00
6001262.852103591,0.0,145.0,,1.1,,0.317421,,,2027-01-19 17:10:00
6001263.85224915,0.0,144.0,,1.1,,0.317412,,,2027-01-19 17:15:00
6001264.85239471,0.0,141.0,,1.1,,0.246358,,,2027-01-19 17:20:00
6001265.8525402695,0.0,137.0,,1.1,,0.211483,,,2027-01-19 17:25:00
6001266.852685829,0.0,135.0,,1.1,,0.219787,,,2027-01-19 17:30:00
6001267.852831388,0.0,134.0,,1.1,,0.243376,,,2027-01-19 17:35:00
6001268.852976947,0.0,133.0,,1.1,,0.206668,,,2027-01-19 17:40:00
6001269.853122506,0.0,132.0,,1.1,,0.174597,,,2027-01-19 17:45:00
6001270.8532680655,0.0,132.0,,1.1,,0.113309,,,2027-01-19 17:50:00
6001271.853413626,0.0,131.0,,1.1,,0.043382,,,2027-01-19 17:55:00
6001272.853559185,0.0,131.0,,1.2,,0.066147,,,2027-01-19 18:00:00
6001273.853704744,0.0,130.0,,1.2,,0.100976,,,2027-01-19 18:05:00
6001274.853850303,0.0,130.0,,1.2,,0.117213,,,2027-01-19 18:10:00
6001275.853995862,0.0,131.0,,1.2,,0.130307,,,2027-01-19 18:15:00
6001276.854141422,0.0,128.0,,1.2,,0.027883,,,2027-01-19 18:20:00
6001277.854286981,0.0,128.0,,1.2,,0.036896,,,2027-01-19 18:25:00
6001278.854432541,0.0,127.0,,1.2,,0.055392,,,2027-01-19 18:30:00
6001279.8545781,0.0,127.0,,1.2,,0.024094,,,2027-01-19 18:35:00
6001280.854723659,0.0,127.0,,1.2,,0.063273,,,2027-01-19 18:40:00
6001281.854869219,0.0,127.0,,1.2,,0.067635,,,2027-01-19 18:45:00
6001282.855014778,0.0,127.0,,1.2,,0.191357,,,2027-01-19 18:50:00
6001283.855160337,0.0,127.0,,1.2,,0.051208,,,2027-01-19 18:55:00
6001284.855305896,0.0,126.0,,1.2,,0.019625,,,2027-01-19 19:00:00
6001285.855451456,0.0,125.0,,1.2,,0.050323,,,2027-01-19 19:05:00
6001286.8555970155,0.0,123.0,,1.2,,0.091606,,,2027-01-19 19:10:00
6001287.855742575,0.0,120.0,,1.2,,0.120966,,,2027-01-19 19:15:00
6001288.855888134,0.0,118.0,,1.2,,0.178804,,,2027-01-19 19:20:00
6001289.856033693,0.0,119.0,,1.2,,0.153725,,,2027-01-19 19:25:00
6001290.856179252,0.0,115.0,,1.2,,0.128672,,,2027-01-19 19:30:00
6001291.8563248115,0.0,116.0,,1.2,,0.190236,,,2027-01-19 19:35:00
6001292.856470372,0.0,114.0,,1.2,,0.152503,140.0,,2027-01-19 19:40:00
6001293.856615931,0.0,113.0,,1.2,,0.164295,,,2027-01-19 19:45:00
6001294.85676149,0.0,110.0,,1.2,,0.206951,,,2027-01-19 19:50:00
6001295.856907049,0.0,111.0,115.0,1.2,,0.231017,,23.3,2027-01-19 19:55:00
6001296.857052608,0.0,113.0,,1.2,,0.26597,,,2027-01-19 20:00:00
6001297.857198168,0.0,123.0,,1.2,,0.288521,,,2027-01-19 20:05:00
6001298.857343727,0.0,130.0,,1.2,,0.252772,,,2027-01-19 20:10:00
6001299.857489287,0.0,150.0,,1.2,,0.241887,,,2027-01-19 20:15:00
6001300.857634846,0.0,172.0,,1.2,,0.027737,,,2027-01-19 20:20:00
6001301.857780405,0.0,189.0,,1.2,,0.016374,,,2027-01-19 20:25:00
6001302.8579259645,0.0,195.0,,1.2,,0.024112,,,2027-01-19 20:30:00
6001303.858071524,0.0,195.0,,1.2,,0.047625,,,2027-01-19 20:35:00
6001304.858217083,0.0,189.0,,1.2,,0.034818,,,2027-01-19 20:40:00
6001305.858362642,0.0,180.0,,1.2,,0.052885,,,2027-01-19 20:45:00
6001306.858508202,0.0,171.0,,1.2,,0.065602,,,2027-01-19 20:50:00
6001307.858653761,0.0,162.0,,1.2,,0.022452,,,2027-01-19 20:55:00
6001308.858799321,0.0,154.0,,1.2,,0.014869,,,2027-01-19 21:00:00
6001309.85894488,0.0,149.0,,1.2,,0.0,,,2027-01-19 21:05:00
6001310.859090439,0.0,145.0,,1.2,,,,,2027-01-19 21:10:00
6001311.859235998,0.0,144.0,,1.2,,,,,2027-01-19 21:15:00
6001312.859381557,0.0,148.0,,1.2,,0.01178,,,2027-01-19 21:20:00
6001313.859527118,0.0,152.0,,1.2,,0.034903,,,2027-01-19 21:25:00
6001314.859672677,0.0,156.0,,1.2,,0.016694,,,2027-01-19 21:30:00
6001315.859818236,0.0,159.0,,1.2,,0.037517,,,2027-01-19 21:35:00
6001316.859963795,0.0,162.0,,1.2,,0.0293,,,2027-01-19 21:40:00
6001317.860109354,0.0,160.0,,1.2,,0.083167,,,2027-01-19 21:45:00
6001318.860254914,0.0,157.0,,1.2,,0.195932,,,2027-01-19 21:50:00
6001319.860400473,0.0,158.0,,1.2,,0.64199,,,2027-01-19 21:55:00
6001320.860546033,0.0,162.0,,1.0,,0.489078,,,2027-01-19 22:00:00
6001321.860691592,0.0,167.0,,1.0,,0.30682,,,2027-01-19 22:05:00
6001322.860837151,0.0,169.0,,1.0,,0.124639,,,2027-01-19 22:10:00
6001323.8609827105,0.0,176.0,,1.0,,0.168001,,,2027-01-19 22:15:00
6001324.86112827,0.0,186.0,,1.0,,0.207302,,,2027-01-19 22:20:00
6001325.861273829,0.0,196.0,,1.0,,0.179825,,,2027-01-19 22:25:00
6001326.861419388,0.0,210.0,,1.0,,0.181933,,,2027-01-19 22:30:00
6001327.861564948,0.0,225.0,,1.0,,0.222158,,,2027-01-19 22:35:00
6001328.861710507,0.0,241.0,,1.0,,0.243235,,,2027-01-19 22:40:00
6001329.861856067,0.0,256.0,,1.0,,0.272553,,,2027-01-19 22:45:00
6001330.862001626,0.0,268.0,,1.0,,0.182128,,,2027-01-19 22:50:00
6001331.862147185,0.0,277.0,268.0,1.0,,0.408105,,11.3,2027-01-19 22:55:00
6001332.862292744,0.0,284.0,,1.0,,0.748054,,,2027-01-19 23:00:00
6001333.862438303,0.0,288.0,,1.0,,0.802943,,,2027-01-19 23:05:00
6001334.862583864,0.0,291.0,,1.0,,0.848387,,,2027-01-19 23:10:00
6001335.862729423,0.0,289.0,255.0,1.0,,0.867338,,6.7,2027-01-19 23:15:00
6001336.862874982,0.0,283.0,,1.0,,0.939841,,,2027-01-19 23:20:00
6001337.863020541,0.0,267.0,,1.0,,0.977093,,,2027-01-19 23:25:00
6001338.8631661,0.0,257.0,,1.0,,1.093394,,,2027-01-19 23:30:00
6001339.86331166,0.0,240.0,255.0,1.0,,1.169851,,,2027-01-19 23:35:00
6001340.863457219,0.0,237.0,,1.0,,1.272565,,,2027-01-19 23:40:00
6001341.863602779,0.0,233.0,,1.0,,1.39475,,,2027-01-19 23:45:00
6001342.863748338,0.0,227.0,,1.0,,1.525915,,,2027-01-19 23:50:00
6001343.863893897,0.0,216.0,,1.0,,1.642055,,,2027-01-19 23:55:00
6001344.8640394565,0.0,202.0,,1.0,,1.954761,,,2027-01-20 00:00:00
6001345.864185016,0.0,187.0,,1.0,,2.165903,,,2027-01-20 00:05:00
6001346.864330575,0.0,175.0,,1.0,,2.306704,,,2027-01-20 00:10:00
6001347.864476134,0.0,168.0,,1.0,,2.332821,,,2027-01-20 00:15:00
6001348.864621694,0.0,163.0,,1.0,,2.365845,,,2027-01-20 00:20:00
6001349.864767253,0.0,159.0,,1.0,,2.412459,,,2027-01-20 00:25:00
6001350.864912813,0.0,154.0,,1.0,,2.441315,,,2027-01-20 00:30:00
6001351.865058372,0.0,150.0,,1.0,,2.333468,,,2027-01-20 00:35:00
6001352.865203931,0.0,146.0,,1.0,,2.559034,,,2027-01-20 00:40:00
6001353.86534949,0.0,143.0,,1.0,,2.802014,,,2027-01-20 00:45:00
6001354.865495049,0.0,141.0,,1.0,,2.933576,,,2027-01-20 00:50:00
6001355.8656406095,0.0,140.0,,1.0,,3.667647,,,2027-01-20 00:55:00
6001356.865786169,0.0,140.0,,1.0,,5.283893,,,2027-01-20 01:00:00
6001357.865931728,0.0,138.0,,1.0,,8.432742,,,2027-01-20 01:05:00
6001358.866077287,0.0,137.0,,1.0,,11.763183,,,2027-01-20 01:10:00
6001359.866222846,0.0,135.0,,1.0,,11.386529,,,2027-01-20 01:15:00
6001360.8663684055,0.0,132.0,,1.0,,10.693431,,,2027-01-20 01:20:00
6001361.866513965,0.0,131.0,,1.0,,13.231526,,,2027-01-20 01:25:00
6001362.866659525,0.0,130.0,,1.0,,15.944424,,,2027-01-20 01:30:00
6001363.866805084,0.0,128.0,,1.0,,18.16959,,,2027-01-20 01:35:00
6001364.866950643,0.0,128.0,,1.0,,9.577608,,,2027-01-20 01:40:00
6001365.867096202,0.0,129.0,,1.0,,8.575531,,,2027-01-20 01:45:00
6001366.867241762,0.0,131.0,,1.0,,7.704547,,,2027-01-20 01:50:00
6001367.867387321,0.0,132.0,,1.0,,6.944687,,,2027-01-20 01:55:00
6001368.86753288,0.0,132.0,,1.0,,6.312553,,,2027-01-20 02:00:00
6001369.86767844,0.0,133.0,,1.0,,5.839587,,,2027-01-20 02:05:00
6001370.867823999,0.0,136.0,,1.0,,5.471522,,,2027-01-20 02:10:00
6001371.867969559,0.0,137.0,,1.0,,5.207113,,,2027-01-20 02:15:00
6001372.868115118,0.0,139.0,,1.0,,4.957721,,,2027-01-20 02:20:00
6001373.868260677,0.0,141.0,,1.0,,4.765889,,,2027-01-20 02:25:00
6001374.868406236,0.0,143.0,,1.0,,4.597016,,,2027-01-20 02:30:00
6001375.868551795,0.0,146.0,,1.0,,4.489243,,,2027-01-20 02:35:00
6001376.8686973555,0.0,150.0,,1.0,,4.39083,,,2027-01-20 02:40:00
6001377.868842915,0.0,155.0,,1.0,,4.314044,,,2027-01-20 02:45:00
6001378.868988474,0.0,161.0,,1.0,,4.283243,,,2027-01-20 02:50:00
6001379.869134033,0.0,166.0,,1.0,,4.60634,,,2027-01-20 02:55:00
6001380.869279592,0.0,171.0,,1.0,,7.265538,,,2027-01-20 03:00:00
6001381.8694251515,0.0,176.0,,1.0,,5.280575,,,2027-01-20 03:05:00
6001382.869570711,0.0,180.0,,1.0,,5.553651,,,2027-01-20 03:10:00
6001383.869716271,0.0,183.0,,1.0,,5.354475,,,2027-01-20 03:15:00
6001384.86986183,0.0,181.0,,1.0,,5.731703,,,2027-01-20 03:20:00
6001385.870007389,0.0,181.0,,1.0,,5.794928,,,2027-01-20 03:25:00
6001386.870152948,0.0,186.0,,1.0,,4.739506,,,2027-01-20 03:30:00
6001387.870298508,0.0,193.0,,1.0,,4.363519,,,2027-01-20 03:35:00
6001388.870444067,0.0,198.0,,1.0,,4.229867,,,2027-01-20 03:40:00
6001389.870589626,0.0,205.0,230.0,1.0,,3.933344,,11.0,2027-01-20 03:45:00
6001390.870735186,0.0,211.0,,1.0,,3.757269,,,2027-01-20 03:50:00
6001391.870880745,0.0,216.0,,1.0,,3.827423,,,2027-01-20 03:55:00
6001392.871026305,0.0,223.0,,1.0,,3.712047,,,2027-01-20 04:00:00
6001393.871171864,0.0,227.0,,1.0,,3.533144,,,2027-01-20 04:05:00
6001394.871317423,0.0,229.0,,1.0,,3.353813,,,2027-01-20 04:10:00
6001395.871462982,0.0,229.0,,1.0,,3.130409,,,2027-01-20 04:15:00
6001396.871608541,0.0,226.0,,1.0,,2.962057,,,2027-01-20 04:20:00
6001397.8717541015,0.0,220.0,,1.0,,2.796209,,,2027-01-20 04:25:00
6001398.871899661,0.0,214.0,,1.0,,2.682371,,,2027-01-20 04:30:00
6001399.87204522,0.0,208.0,,1.0,,2.57944,,,2027-01-20 04:35:00
6001400.872190779,0.0,201.0,,1.0,,2.397891,,,2027-01-20 04:40:00
6001401.872336338,0.0,196.0,,1.0,,3.308824,,,2027-01-20 04:45:00
6001402.8724818975,0.0,190.0,,1.0,,3.312014,,,2027-01-20 04:50:00
6001403.872627457,0.0,185.0,,1.0,,3.304995,,,2027-01-20 04:55:00
6001404.872773017,0.0,180.0,,1.0,,2.320259,,,2027-01-20 05:00:00
6001405.872918576,0.0,176.0,,1.0,,2.291941,,,2027-01-20 05:05:00
6001406.873064135,0.0,171.0,,1.0,,2.177719,,,2027-01-20 05:10:00
6001407.873209694,0.0,167.0,,1.0,,2.14275,,,2027-01-20 05:15:00
6001408.873355254,0.0,163.0,,1.0,,2.153394,,,2027-01-20 05:20:00
6001409.873500813,0.0,158.0,,1.0,,2.25044,,,2027-01-20 05:25:00
6001410.873646372,0.0,155.0,,1.0,,2.248896,,,2027-01-20 05:30:00
6001411.873791932,0.0,152.0,,1.0,,3.006167,,,2027-01-20 05:35:00
6001412.873937491,0.0,149.0,,1.0,,3.154648,,,2027-01-20 05:40:00
6001413.8740830505,0.0,147.0,,1.0,,2.937458,,,2027-01-20 05:45:00
6001414.87422861,0.0,145.0,,1.0,,2.890383,,,2027-01-20 05:50:00
6001415.874374169,0.0,143.0,,1.0,,2.949377,,,2027-01-20 05:55:00
6001416.874519728,0.0,142.0,,1.0,,2.724929,,,2027-01-20 06:00:00
6001417.874665287,0.0,141.0,,1.0,,2.255973,,,2027-01-20 06:05:00
6001418.874810847,0.0,139.0,,1.0,,2.253223,,,2027-01-20 06:10:00
6001419.874956407,0.0,138.0,,1.0,,2.232365,,,2027-01-20 06:15:00
6001420.875101966,0.0,136.0,,1.0,,1.879092,,,2027-01-20 06:20:00
6001421.875247525,0.0,134.0,,1.0,,1.675754,,,2027-01-20 06:25:00
6001422.875393084,0.0,133.0,,1.0,,1.446333,,,2027-01-20 06:30:00
6001423.875538643,0.0,132.0,,1.0,,1.34327,,,2027-01-20 06:35:00
6001424.875684203,0.0,131.0,,1.0,,0.009694,,,2027-01-20 06:40:00
6001425.875829763,0.0,131.0,,1.0,,0.0,,,2027-01-20 06:45:00
6001426.875975322,0.0,132.0,,1.0,,,,,2027-01-20 06:50:00
6001427.876120881,0.0,133.0,,0.0,,0.008783,,,2027-01-20 06:55:00
6001428.87626644,0.0,136.0,,0.0,,0.019273,,,2027-01-20 07:00:00
6001429.876412,0.0,138.0,,0.0,,0.007715,,,2027-01-20 07:05:00
6001430.876557559,0.0,138.0,,0.0,,0.131513,,,2027-01-20 07:10:00
6001431.876703118,0.0,138.0,,0.0,,0.349674,,,2027-01-20 07:15:00
6001432.876848678,0.0,139.0,,0.0,,0.34503,,,2027-01-20 07:20:00
6001433.876994237,0.0,144.0,,1.0,,0.267418,,,2027-01-20 07:25:00
6001434.8771397965,0.0,146.0,,1.0,,0.2331,,,2027-01-20 07:30:00
6001435.877285356,0.0,150.0,,1.0,,0.20997,,,2027-01-20 07:35:00
6001436.877430915,0.0,151.0,,1.0,,0.15372,,,2027-01-20 07:40:00
6001437.877576474,0.0,153.0,,1.0,,0.151347,,,2027-01-20 07:45:00
6001438.877722033,0.0,155.0,,1.0,,0.142746,,,2027-01-20 07:50:00
6001439.877867593,0.0,158.0,,1.0,,0.399633,,,2027-01-20 07:55:00
6001440.878013153,0.0,161.0,,1.0,,0.354912,,,2027-01-20 08:00:00
6001441.878158712,0.0,162.0,,1.0,,0.311999,,,2027-01-20 08:05:00
6001442.878304271,0.0,165.0,,1.0,,0.38491,,,2027-01-20 08:10:00
6001443.87844983,0.0,169.0,,1.0,,0.370305,,,2027-01-20 08:15:00
6001444.878595389,0.0,170.0,170.0,1.0,,0.347265,,12.5,2027-01-20 08:20:00
6001445.878740949,0.0,169.0,,1.0,,0.351304,,,2027-01-20 08:25:00
6001446.878886509,0.0,172.0,,1.0,,0.438764,,,2027-01-20 08:30:00
6001447.879032068,0.0,175.0,,1.0,,0.196287,,,2027-01-20 08:35:00
6001448.879177627,0.0,178.0,,1.0,,0.195919,,,2027-01-20 08:40:00
6001449.879323186,0.0,181.0,,1.0,,0.245783,,,2027-01-20 08:45:00
6001450.879468746,0.0,180.0,,1.0,,0.260265,,,2027-01-20 08:50:00
6001451.879614305,0.0,177.0,,1.0,,0.269222,,,2027-01-20 08:55:00
6001452.879759864,0.0,171.0,,1.0,,0.297726,,,2027-01-20 09:00:00
6001453.879905424,0.0,162.0,,1.0,,0.286106,,,2027-01-20 09:05:00
6001454.880050983,0.0,153.0,,1.0,,0.25791,,,2027-01-20 09:10:00
6001455.8801965425,0.0,147.0,,1.0,,0.242089,,,2027-01-20 09:15:00
6001456.880342102,0.0,142.0,,1.0,,0.168137,,,2027-01-20 09:20:00
6001457.880487661,0.0,139.0,,1.0,,0.103257,,,2027-01-20 09:25:00
6001458.88063322,0.0,137.0,,1.0,,0.091705,,,2027-01-20 09:30:00
6001459.880778779,0.0,135.0,,1.0,,0.06587,,,2027-01-20 09:35:00
6001460.880924339,0.0,132.0,,1.0,,0.112327,,,2027-01-20 09:40:00
6001461.881069899,0.0,134.0,,1.0,,0.114263,,,2027-01-20 09:45:00
6001462.881215458,0.0,131.0,,1.0,,0.138347,,,2027-01-20 09:50:00
6001463.881361017,0.0,127.0,,1.0,,0.152553,,,2027-01-20 09:55:00
6001464.881506576,0.0,129.0,,1.0,,0.154296,,,2027-01-20 10:00:00
6001465.881652135,0.0,131.0,,1.0,,0.081483,,,2027-01-20 10:05:00
6001466.881797695,0.0,129.0,,1.0,,0.327699,,,2027-01-20 10:10:00
6001467.881943255,0.0,130.0,,1.0,,0.192792,,,2027-01-20 10:15:00
6001468.882088814,0.0,130.0,,1.0,,0.235695,,,2027-01-20 10:20:00
6001469.882234373,0.0,132.0,,1.0,,1.289889,,,2027-01-20 10:25:00
6001470.882379932,0.0,137.0,,1.0,,13.530733,,,2027-01-20 10:30:00
6001471.8825254915,0.0,134.0,,1.0,,1.553399,,,2027-01-20 10:35:00
6001472.882671051,0.0,132.0,,1.0,,1.094951,,,2027-01-20 10:40:00
6001473.88281661,0.0,133.0,,1.0,,0.855045,,,2027-01-20 10:45:00
6001474.88296217,0.0,129.0,,1.0,,0.736955,,,2027-01-20 10:50:00
6001475.883107729,0.0,125.0,,1.0,,0.60835,,,2027-01-20 10:55:00
6001476.883253288,0.0,124.0,,1.0,,0.524191,,,2027-01-20 11:00:00
6001477.883398848,0.0,124.0,,1.0,,0.493409,,,2027-01-20 11:05:00
6001478.883544407,0.0,123.0,,1.0,,0.449971,,,2027-01-20 11:10:00
6001479.883689966,0.0,122.0,,1.0,,0.459171,,,2027-01-20 11:15:00
6001480.883835525,1.0,,,1.0,,0.459479,,,2027-01-20 11:20:00
6001481.883981085,1.0,,,1.0,,0.424465,,,2027-01-20 11:25:00
6001482.884126645,1.0,,,1.0,,0.091761,,,2027-01-20 11:30:00
6001483.884272204,1.0,,,1.0,,0.130731,,,2027-01-20 11:35:00
6001484.884417763,1.0,,,1.0,,0.166756,,,2027-01-20 11:40:00
6001485.884563322,1.0,,,1.0,,0.23749,,,2027-01-20 11:45:00
6001486.884708881,1.0,,,1.0,,0.260285,,,2027-01-20 11:50:00
6001487.884854441,1.0,,,1.0,,0.289177,,,2027-01-20 11:55:00
6001488.885000001,1.0,,,1.0,,0.313712,,,2027-01-20 12:00:00
6001489.88514556,1.0,,,1.0,,0.335268,,,2027-01-20 12:05:00
6001490.885291119,1.0,,,1.0,,0.04552,,8.5,2027-01-20 12:10:00
6001491.885436678,1.0,,,1.0,,0.050375,,,2027-01-20 12:15:00
6001492.8855822375,1.0,,,1.0,,0.087292,,,2027-01-20 12:20:00
6001493.885727797,1.0,,,1.0,,0.062457,,,2027-01-20 12:25:00
6001494.885873356,1.0,,,1.0,,0.098412,,,2027-01-20 12:30:00
6001495.886018915,1.0,,,1.0,,0.144401,,,2027-01-20 12:35:00
6001496.886164475,1.0,,,1.0,,0.138419,,,2027-01-20 12:40:00
6001497.886310034,1.0,,,1.0,,0.0,,,2027-01-20 12:45:00
6001498.886455594,1.0,,,1.0,,,,,2027-01-20 12:50:00
6001499.886601153,1.0,,,1.0,,,,,2027-01-20 12:55:00
6001500.886746712,1.0,,,1.0,,,,,2027-01-20 13:00:00
6001501.886892271,1.0,,,1.0,,,,,2027-01-20 13:05:00
6001502.88703783,1.0,,,1.0,,,,,2027-01-20 13:10:00
6001503.887183391,1.0,,146.0,1.0,,,,,2027-01-20 13:15:00
6001504.88732895,1.0,,146.0,1.0,,,,11.6,2027-01-20 13:20:00
6001505.887474509,0.0,146.0,146.0,1.0,,,,,2027-01-20 13:25:00
6001506.887620068,0.0,146.0,,1.0,,,,,2027-01-20 13:30:00
6001507.887765627,0.0,148.0,,1.0,,,,,2027-01-20 13:35:00
6001508.887911187,0.0,150.0,,1.0,,,,,2027-01-20 13:40:00
6001509.888056746,0.0,153.0,,1.0,,,,,2027-01-20 13:45:00
6001510.888202306,0.0,152.0,,1.0,,,,,2027-01-20 13:50:00
6001511.888347865,0.0,151.0,,1.0,,,,,2027-01-20 13:55:00
6001512.888493424,0.0,150.0,,1.0,,,,,2027-01-20 14:00:00
6001513.8886389835,0.0,146.0,,1.0,,,,,2027-01-20 14:05:00
6001514.888784543,0.0,146.0,,1.0,,,,,2027-01-20 14:10:00
6001515.888930102,0.0,147.0,,1.0,,0.015338,,,2027-01-20 14:15:00
6001516.889075661,0.0,150.0,,1.0,,0.043027,,,2027-01-20 14:20:00
6001517.889221221,0.0,152.0,,1.0,,0.061956,,,2027-01-20 14:25:00
6001518.88936678,0.0,154.0,,1.0,,0.030311,,,2027-01-20 14:30:00
6001519.88951234,0.0,155.0,,1.0,,0.07326,,,2027-01-20 14:35:00
6001520.889657899,0.0,155.0,,1.0,,0.075944,,,2027-01-20 14:40:00
6001521.889803458,0.0,155.0,,1.0,,0.048863,,,2027-01-20 14:45:00
6001522.889949017,0.0,153.0,,1.0,,0.070424,,,2027-01-20 14:50:00
6001523.890094576,0.0,152.0,,1.0,,0.083722,,,2027-01-20 14:55:00
6001524.8902401365,0.0,150.0,,1.0,,0.09296,,,2027-01-20 15:00:00
6001525.890385696,0.0,148.0,,1.0,,0.099938,,,2027-01-20 15:05:00
6001526.890531255,0.0,149.0,,1.0,,0.123706,,,2027-01-20 15:10:00
6001527.890676814,0.0,153.0,,1.0,,0.104536,,,2027-01-20 15:15:00
6001528.890822373,0.0,157.0,,1.0,,0.12232,,,2027-01-20 15:20:00
6001529.8909679325,0.0,160.0,,1.0,,0.157735,,,2027-01-20 15:25:00
6001530.891113492,0.0,165.0,,1.0,,0.141795,,,2027-01-20 15:30:00
6001531.891259052,0.0,170.0,,1.0,,0.063778,,,2027-01-20 15:35:00
6001532.891404611,0.0,171.0,180.0,1.0,,0.087448,,10.8,2027-01-20 15:40:00
6001533.89155017,0.0,168.0,,1.0,,0.047855,,,2027-01-20 15:45:00
6001534.891695729,0.0,163.0,,1.0,,0.018346,,,2027-01-20 15:50:00
6001535.891841289,0.0,162.0,,1.0,,0.06984,,,2027-01-20 15:55:00
6001536.891986848,0.0,156.0,,1.0,,0.095145,,,2027-01-20 16:00:00
6001537.892132407,0.0,149.0,,1.0,,0.058514,,,2027-01-20 16:05:00
6001538.892277967,0.0,141.0,,1.0,,0.061378,,,2027-01-20 16:10:00
6001539.892423526,0.0,133.0,,1.0,,0.090066,,,2027-01-20 16:15:00
6001540.892569086,0.0,127.0,,1.0,,0.056337,,,2027-01-20 16:20:00
6001541.892714645,0.0,115.0,,1.0,,0.058526,,,2027-01-20 16:25:00
6001542.892860204,0.0,106.0,,1.0,,0.060265,,,2027-01-20 16:30:00
6001543.893005763,0.0,101.0,,1.0,,0.302658,,,2027-01-20 16:35:00
6001544.893151322,0.0,98.0,,1.0,,0.025402,,,2027-01-20 16:40:00
6001545.8932968825,0.0,96.0,,1.0,,0.103699,,,2027-01-20 16:45:00
6001546.893442442,0.0,94.0,,1.0,,0.037454,,,2027-01-20 16:50:00
6001547.893588001,0.0,92.0,,1.0,,0.014702,,,2027-01-20 16:55:00
6001548.89373356,0.0,90.0,,1.0,,0.024921,,,2027-01-20 17:00:00
6001549.893879119,0.0,89.0,,1.0,,0.033317,,,2027-01-20 17:05:00
6001550.8940246785,0.0,87.0,,1.0,,0.032912,,,2027-01-20 17:10:00
6001551.894170238,0.0,85.0,,1.0,,0.072197,,,2027-01-20 17:15:00
6001552.894315798,0.0,82.0,,1.0,,0.085618,,,2027-01-20 17:20:00
6001553.894461357,0.0,80.0,,1.0,,0.105803,,,2027-01-20 17:25:00
6001554.894606916,0.0,75.0,,1.0,,0.024953,,,2027-01-20 17:30:00
6001555.894752475,0.0,70.0,,1.0,,0.02633,,,2027-01-20 17:35:00
6001556.894898035,0.0,65.0,,1.0,,0.055603,,,2027-01-20 17:40:00
6001557.895043594,0.0,62.0,,1.0,,0.027368,,,2027-01-20 17:45:00
6001558.895189153,0.0,58.0,,1.0,,0.047765,,,2027-01-20 17:50:00
6001559.895334713,0.0,56.0,,1.0,,0.100402,,,2027-01-20 17:55:00
6001560.895480272,0.0,53.0,,1.0,,0.076626,,,2027-01-20 18:00:00
6001561.895625832,0.0,52.0,,1.0,,0.159298,,,2027-01-20 18:05:00
6001562.895771391,0.0,53.0,,1.0,,0.095309,,,2027-01-20 18:10:00
6001563.89591695,0.0,53.0,,1.0,,0.092133,,,2027-01-20 18:15:00
6001564.896062509,0.0,52.0,,1.0,,0.108495,,,2027-01-20 18:20:00
6001565.896208068,0.0,52.0,,1.0,,0.1138,,,2027-01-20 18:25:00
6001566.8963536285,0.0,55.0,,1.0,,0.09483,,,2027-01-20 18:30:00
6001567.896499188,0.0,64.0,,1.0,,0.091991,,,2027-01-20 18:35:00
6001568.896644747,0.0,80.0,,1.0,,7.879328,,,2027-01-20 18:40:00
6001569.896790306,0.0,97.0,,1.0,,0.348605,,,2027-01-20 18:45:00
6001570.896935865,0.0,105.0,,1.0,,0.141002,,,2027-01-20 18:50:00
6001571.8970814245,0.0,107.0,,1.0,,0.126172,,,2027-01-20 18:55:00
6001572.897226984,0.0,114.0,,1.0,,0.124455,,,2027-01-20 19:00:00
6001573.897372544,0.0,119.0,,1.0,,0.135819,,,2027-01-20 19:05:00
6001574.897518103,0.0,122.0,,1.0,,0.041474,,,2027-01-20 19:10:00
6001575.897663662,0.0,123.0,,1.0,,0.060682,75.0,,2027-01-20 19:15:00
6001576.897809221,0.0,122.0,,1.0,,0.08934,,,2027-01-20 19:20:00
6001577.897954781,0.0,119.0,,1.0,,0.088249,,,2027-01-20 19:25:00
6001578.89810034,0.0,116.0,,1.0,,0.095017,,,2027-01-20 19:30:00
6001579.898245899,0.0,114.0,,1.0,,0.109721,,,2027-01-20 19:35:00
6001580.898391459,0.0,112.0,,1.0,,0.103482,,,2027-01-20 19:40:00
6001581.898537018,0.0,111.0,,1.0,,0.090604,,,2027-01-20 19:45:00
6001582.898682578,0.0,116.0,,1.0,,0.167211,,,2027-01-20 19:50:00
6001583.898828137,0.0,125.0,,1.0,,0.148094,,,2027-01-20 19:55:00
6001584.898973696,0.0,134.0,,1.0,,0.19603,,,2027-01-20 20:00:00
6001585.899119255,0.0,141.0,,1.0,,0.228152,,,2027-01-20 20:05:00
6001586.899264814,0.0,146.0,148.0,1.0,,0.104239,,10.3,2027-01-20 20:10:00
6001587.899410374,0.0,150.0,,1.0,,0.076502,,,2027-01-20 20:15:00
6001588.899555934,0.0,156.0,,1.0,,0.312467,,,2027-01-20 20:20:00
6001589.899701493,0.0,159.0,,1.0,,0.197804,,,2027-01-20 20:25:00
6001590.899847052,0.0,158.0,,1.0,,0.020757,,,2027-01-20 20:30:00
6001591.899992611,0.0,151.0,,1.0,,0.02932,,,2027-01-20 20:35:00
6001592.90013817,0.0,144.0,,1.0,,0.03982,,,2027-01-20 20:40:00
6001593.90028373,0.0,138.0,,1.0,,0.053632,,,2027-01-20 20:45:00
6001594.90042929,0.0,135.0,,1.0,,0.058479,,,2027-01-20 20:50:00
6001595.900574849,0.0,135.0,,1.0,,0.072498,,,2027-01-20 20:55:00
6001596.900720408,0.0,138.0,,1.0,,0.114149,,,2027-01-20 21:00:00
6001597.900865967,0.0,143.0,,1.0,,0.096139,,,2027-01-20 21:05:00
6001598.901011527,0.0,150.0,,1.0,,0.261593,,,2027-01-20 21:10:00
6001599.901157086,0.0,154.0,,1.0,,0.333516,,,2027-01-20 21:15:00
6001600.901302645,0.0,155.0,,1.0,,0.442681,,,2027-01-20 21:20:00
6001601.901448205,0.0,154.0,,1.0,,0.535153,,,2027-01-20 21:25:00
6001602.901593764,0.0,152.0,,1.0,,0.491091,,,2027-01-20 21:30:00
6001603.9017393235,0.0,151.0,,1.0,,0.548708,,,2027-01-20 21:35:00
6001604.901884883,0.0,153.0,,1.0,,0.604326,,,2027-01-20 21:40:00
6001605.902030442,0.0,153.0,,1.0,,0.650636,,,2027-01-20 21:45:00
6001606.902176001,0.0,155.0,,1.0,,0.657558,,,2027-01-20 21:50:00
6001607.90232156,0.0,156.0,,1.0,,0.741627,,,2027-01-20 21:55:00
6001608.90246712,0.0,156.0,,1.0,,0.723241,,,2027-01-20 22:00:00
6001609.90261268,0.0,157.0,,1.0,,0.677772,,,2027-01-20 22:05:00
6001610.902758239,0.0,155.0,,1.0,,0.721812,,,2027-01-20 22:10:00
6001611.902903798,0.0,152.0,,1.0,,0.859733,,,2027-01-20 22:15:00
6001612.903049357,0.0,149.0,,1.0,,0.570998,,,2027-01-20 22:20:00
6001613.903194916,0.0,145.0,,1.0,,0.642982,,,2027-01-20 22:25:00
6001614.903340476,0.0,142.0,,1.0,,0.014307,,,2027-01-20 22:30:00
6001615.903486036,0.0,137.0,,1.0,,0.025446,,,2027-01-20 22:35:00
6001616.903631595,0.0,132.0,,1.0,,0.030549,,,2027-01-20 22:40:00
6001617.903777154,0.0,127.0,120.0,1.0,,0.068482,,,2027-01-20 22:45:00
6001618.903922713,0.0,122.0,,1.0,,0.121422,,,2027-01-20 22:50:00
6001619.904068273,0.0,113.0,,1.0,,0.097767,,,2027-01-20 22:55:00
6001620.904213832,0.0,105.0,,1.0,,0.02144,,,2027-01-20 23:00:00
6001621.904359391,0.0,105.0,120.0,1.0,,0.010826,,,2027-01-20 23:05:00
6001622.904504951,0.0,100.0,,1.0,,0.0,,,2027-01-20 23:10:00
6001623.90465051,0.0,100.0,,1.0,,,,,2027-01-20 23:15:00
6001624.9047960695,0.0,99.0,,1.0,,,,,2027-01-20 23:20:00
6001625.904941629,0.0,95.0,,1.0,,,,,2027-01-20 23:25:00
6001626.905087188,0.0,92.0,,1.0,,0.01427,,,2027-01-20 23:30:00
6001627.905232747,0.0,89.0,,1.0,,0.017555,,,2027-01-20 23:35:00
6001628.905378306,0.0,86.0,,1.0,,0.013651,,,2027-01-20 23:40:00
6001629.905523866,0.0,86.0,,1.0,,0.066493,,,2027-01-20 23:45:00
6001630.905669426,0.0,86.0,,1.0,,0.096498,,,2027-01-20 23:50:00
6001631.905814985,0.0,86.0,,1.0,,0.110545,,,2027-01-20 23:55:00
6001632.905960544,0.0,88.0,,1.0,,0.093281,,,2027-01-21 00:00:00
6001633.906106103,0.0,92.0,,1.0,,0.095434,,,2027-01-21 00:05:00
6001634.906251662,0.0,99.0,,1.0,,0.098579,,,2027-01-21 00:10:00
6001635.906397222,0.0,104.0,,1.0,,0.102204,,,2027-01-21 00:15:00
6001636.906542782,0.0,109.0,,1.0,,0.103331,,,2027-01-21 00:20:00
6001637.906688341,0.0,113.0,,1.0,,0.107773,,,2027-01-21 00:25:00
6001638.9068339,0.0,113.0,,1.0,,0.111583,,,2027-01-21 00:30:00
6001639.906979459,0.0,112.0,,1.0,,0.119996,,,2027-01-21 00:35:00
6001640.907125019,0.0,110.0,,1.0,,0.123497,,,2027-01-21 00:40:00
6001641.907270578,0.0,109.0,,1.0,,0.016666,,,2027-01-21 00:45:00
6001642.907416137,0.0,108.0,,1.0,,0.040256,,,2027-01-21 00:50:00
6001643.907561697,0.0,108.0,,1.0,,0.056694,,,2027-01-21 00:55:00
6001644.907707256,0.0,106.0,,1.0,,0.071111,,,2027-01-21 01:00:00
6001645.907852815,0.0,104.0,,1.0,,0.11504,,,2027-01-21 01:05:00
6001646.907998375,0.0,102.0,,1.0,,0.278741,,,2027-01-21 01:10:00
6001647.908143934,0.0,101.0,,1.0,,0.996571,,,2027-01-21 01:15:00
6001648.908289493,0.0,98.0,,1.0,,0.942636,,,2027-01-21 01:20:00
6001649.908435052,0.0,95.0,,1.0,,2.119733,,,2027-01-21 01:25:00
6001650.908580612,0.0,91.0,,1.0,,3.921783,,,2027-01-21 01:30:00
6001651.908726172,0.0,90.0,,1.0,,0.608202,,,2027-01-21 01:35:00
6001652.908871731,0.0,89.0,,1.0,,0.562384,,,2027-01-21 01:40:00
6001653.90901729,0.0,89.0,,1.0,,0.601916,,,2027-01-21 01:45:00
6001654.909162849,0.0,89.0,,1.0,,0.617605,,,2027-01-21 01:50:00
6001655.909308408,0.0,89.0,,1.0,,1.178245,,,2027-01-21 01:55:00
6001656.909453968,0.0,89.0,,1.0,,1.471006,,,2027-01-21 02:00:00
6001657.909599528,0.0,90.0,,1.0,,1.513442,,,2027-01-21 02:05:00
6001658.909745087,0.0,92.0,,1.0,,1.604966,,,2027-01-21 02:10:00
6001659.909890646,0.0,94.0,,1.0,,1.45413,,,2027-01-21 02:15:00
6001660.910036205,0.0,96.0,,1.0,,1.547628,,,2027-01-21 02:20:00
6001661.9101817645,0.0,99.0,,1.0,,0.847892,,,2027-01-21 02:25:00
6001662.910327324,0.0,103.0,,1.0,,0.611065,,,2027-01-21 02:30:00
6001663.910472883,0.0,106.0,,1.0,,0.598331,,,2027-01-21 02:35:00
6001664.910618443,0.0,110.0,,1.0,,1.272137,,,2027-01-21 02:40:00
6001665.910764002,0.0,115.0,,1.0,,1.583642,,,2027-01-21 02:45:00
6001666.910909561,0.0,120.0,,1.0,,1.186561,,,2027-01-21 02:50:00
6001667.911055121,0.0,125.0,,1.0,,1.890277,,,2027-01-21 02:55:00
6001668.91120068,0.0,128.0,,1.0,,3.587612,,,2027-01-21 03:00:00
6001669.911346239,0.0,127.0,,1.0,,3.735862,,,2027-01-21 03:05:00
6001670.911491798,0.0,126.0,,1.0,,2.579441,,,2027-01-21 03:10:00
6001671.911637358,0.0,128.0,,1.0,,3.445005,,,2027-01-21 03:15:00
6001672.911782918,0.0,129.0,,1.0,,4.141761,,,2027-01-21 03:20:00
6001673.911928477,0.0,131.0,,1.0,,3.112851,,,2027-01-21 03:25:00
6001674.912074036,0.0,134.0,,1.0,,2.486968,,,2027-01-21 03:30:00
6001675.912219595,0.0,139.0,,1.0,,2.540562,,,2027-01-21 03:35:00
6001676.912365154,0.0,144.0,,1.0,,2.377621,,,2027-01-21 03:40:00
6001677.912510714,0.0,148.0,,1.0,,1.814136,,,2027-01-21 03:45:00
6001678.912656274,0.0,153.0,,1.0,,1.618564,,,2027-01-21 03:50:00
6001679.912801833,0.0,156.0,,1.0,,1.532846,,,2027-01-21 03:55:00
6001680.912947392,0.0,160.0,,1.0,,1.499254,,,2027-01-21 04:00:00
6001681.913092951,0.0,161.0,,1.0,,0.895831,,,2027-01-21 04:05:00
6001682.9132385105,0.0,162.0,,1.0,,1.008667,,,2027-01-21 04:10:00
6001683.91338407,0.0,162.0,,1.0,,0.958607,,,2027-01-21 04:15:00
6001684.913529629,0.0,161.0,,1.0,,0.953081,,,2027-01-21 04:20:00
6001685.913675189,0.0,160.0,,1.0,,0.950609,,,2027-01-21 04:25:00
6001686.913820748,0.0,158.0,,1.0,,0.96661,,,2027-01-21 04:30:00
6001687.913966307,0.0,157.0,,1.0,,1.049228,,,2027-01-21 04:35:00
6001688.914111867,0.0,155.0,,1.0,,0.589379,,,2027-01-21 04:40:00
6001689.914257426,0.0,154.0,,1.0,,0.595419,,,2027-01-21 04:45:00
6001690.914402985,0.0,153.0,,1.0,,0.446694,,,2027-01-21 04:50:00
6001691.914548544,0.0,152.0,,1.0,,0.479573,,,2027-01-21 04:55:00
6001692.914694104,0.0,152.0,,1.0,,0.512618,,,2027-01-21 05:00:00
6001693.914839664,0.0,152.0,,1.0,,0.485842,,,2027-01-21 05:05:00
6001694.914985223,0.0,152.0,,1.0,,1.757822,,,2027-01-21 05:10:00
6001695.915130782,0.0,150.0,,1.0,,0.033306,,,2027-01-21 05:15:00
6001696.915276341,0.0,149.0,,1.0,,0.056056,,,2027-01-21 05:20:00
6001697.9154219,0.0,147.0,,1.0,,0.059291,,,2027-01-21 05:25:00
6001698.91556746,0.0,144.0,,1.0,,0.062439,,,2027-01-21 05:30:00
6001699.91571302,0.0,147.0,,1.0,,0.037745,,,2027-01-21 05:35:00
6001700.915858579,0.0,150.0,,1.0,,0.0,,,2027-01-21 05:40:00
6001701.916004138,0.0,149.0,,1.0,,,,,2027-01-21 05:45:00
6001702.916149697,0.0,148.0,,1.0,,,,,2027-01-21 05:50:00
6001703.9162952565,0.0,148.0,,0.0,,,,,2027-01-21 05:55:00
6001704.916440816,0.0,149.0,,0.0,,0.1482,,,2027-01-21 06:00:00
6001705.916586375,0.0,149.0,,0.0,,0.133471,,,2027-01-21 06:05:00
6001706.916731935,0.0,149.0,,0.0,,0.10433,,,2027-01-21 06:10:00
6001707.916877494,0.0,148.0,,0.0,,0.08427,,,2027-01-21 06:15:00
6001708.917023053,0.0,148.0,,0.0,,0.104074,,,2027-01-21 06:20:00
6001709.917168613,0.0,148.0,,0.0,,0.112154,,,2027-01-21 06:25:00
6001710.917314172,0.0,149.0,,1.0,,0.106419,,,2027-01-21 06:30:00
6001711.917459731,0.0,150.0,,1.0,,0.088432,,,2027-01-21 06:35:00
6001712.91760529,0.0,151.0,,1.0,,0.007681,,,2027-01-21 06:40:00
6001713.91775085,0.0,150.0,,1.0,,0.0,,,2027-01-21 06:45:00
6001714.9178964095,0.0,148.0,,1.0,,,,,2027-01-21 06:50:00
6001715.918041969,0.0,147.0,,1.0,,0.010753,,,2027-01-21 06:55:00
6001716.918187528,0.0,148.0,,1.0,,0.013508,,,2027-01-21 07:00:00
6001717.918333087,0.0,146.0,,1.0,,0.023427,,,2027-01-21 07:05:00
6001718.918478646,0.0,145.0,,1.0,,0.015144,,,2027-01-21 07:10:00
6001719.9186242055,0.0,146.0,,1.0,,0.019973,,,2027-01-21 07:15:00
6001720.918769766,0.0,150.0,,1.0,,0.012436,,,2027-01-21 07:20:00
6001721.918915325,0.0,153.0,,1.0,,0.0,,,2027-01-21 07:25:00
6001722.919060884,0.0,156.0,,1.0,,0.01422,,,2027-01-21 07:30:00
6001723.919206443,0.0,161.0,,1.0,,0.013759,,,2027-01-21 07:35:00
6001724.919352002,0.0,164.0,,1.0,,0.012535,,,2027-01-21 07:40:00
6001725.919497562,0.0,167.0,,1.0,,0.0,,,2027-01-21 07:45:00
6001726.919643121,0.0,172.0,,1.0,,0.016336,,,2027-01-21 07:50:00
6001727.919788681,0.0,175.0,,1.0,,0.013781,,,2027-01-21 07:55:00
6001728.91993424,0.0,178.0,,1.0,,0.018088,,,2027-01-21 08:00:00
6001729.920079799,0.0,182.0,,1.0,,0.027741,,,2027-01-21 08:05:00
6001730.920225359,0.0,189.0,,1.0,,0.015365,,,2027-01-21 08:10:00
6001731.920370918,0.0,196.0,,1.0,,0.0,82.0,,2027-01-21 08:15:00
6001732.920516477,0.0,200.0,,1.0,,,,,2027-01-21 08:20:00
6001733.920662036,0.0,203.0,,1.0,,,,,2027-01-21 08:25:00
6001734.920807596,0.0,208.0,,1.0,,,,,2027-01-21 08:30:00
6001735.9209531555,0.0,211.0,211.0,1.0,,,,22.7,2027-01-21 08:35:00
6001736.921098715,0.0,213.0,,1.0,,,,,2027-01-21 08:40:00
6001737.921244274,0.0,214.0,,1.0,,,,,2027-01-21 08:45:00
6001738.921389833,0.0,213.0,,1.0,,,,,2027-01-21 08:50:00
6001739.921535392,0.0,213.0,,1.0,,,,,2027-01-21 08:55:00
6001740.9216809515,0.0,213.0,,1.0,,,,,2027-01-21 09:00:00
6001741.921826512,0.0,213.0,,1.0,,,,,2027-01-21 09:05:00
6001742.921972071,0.0,214.0,,1.0,,,,,2027-01-21 09:10:00
6001743.92211763,0.0,211.0,,1.0,,,,,2027-01-21 09:15:00
6001744.922263189,0.0,201.0,,1.0,,,,,2027-01-21 09:20:00
6001745.922408748,0.0,195.0,,1.0,,0.015782,,,2027-01-21 09:25:00
6001746.922554308,0.0,196.0,,1.0,,0.015816,,,2027-01-21 09:30:00
6001747.922699867,0.0,198.0,,1.0,,0.009488,,,2027-01-21 09:35:00
6001748.922845427,0.0,200.0,,1.0,,0.020289,,,2027-01-21 09:40:00
6001749.922990986,0.0,206.0,,1.0,,0.02488,,,2027-01-21 09:45:00
6001750.923136545,0.0,213.0,,1.0,,0.018148,,,2027-01-21 09:50:00
6001751.923282105,0.0,214.0,,1.0,,0.01405,,,2027-01-21 09:55:00
6001752.923427664,0.0,213.0,,1.0,,0.011642,,,2027-01-21 10:00:00
6001753.923573223,0.0,214.0,,1.0,,0.02548,,,2027-01-21 10:05:00
6001754.923718782,0.0,216.0,,1.0,,0.010743,,,2027-01-21 10:10:00
6001755.923864342,0.0,218.0,,1.0,,0.011489,,,2027-01-21 10:15:00
6001756.9240099015,0.0,221.0,,1.0,,0.012162,,,2027-01-21 10:20:00
6001757.924155461,0.0,221.0,,1.0,,0.018323,,,2027-01-21 10:25:00
6001758.92430102,0.0,219.0,,1.0,,0.014617,,,2027-01-21 10:30:00
6001759.924446579,0.0,214.0,,1.0,,0.013396,,,2027-01-21 10:35:00
6001760.924592138,0.0,206.0,,1.0,,0.02486,,,2027-01-21 10:40:00
6001761.9247376975,0.0,198.0,,1.0,,0.022905,,,2027-01-21 10:45:00
6001762.924883258,1.0,,,1.0,,0.047286,,,2027-01-21 10:50:00
6001763.925028817,1.0,,,1.0,,0.031485,,,2027-01-21 10:55:00
6001764.925174376,1.0,,,1.0,,0.064943,,,2027-01-21 11:00:00
6001765.925319935,1.0,,,1.0,,0.052673,,,2027-01-21 11:05:00
6001766.925465494,1.0,,,1.0,,0.057702,,,2027-01-21 11:10:00
6001767.925611054,1.0,,,1.0,,0.044231,,,2027-01-21 11:15:00
6001768.925756613,1.0,,,1.0,,0.042555,,,2027-01-21 11:20:00
6001769.925902173,1.0,,,1.0,,0.01578,,,2027-01-21 11:25:00
6001770.926047732,1.0,,,1.0,,0.017937,,,2027-01-21 11:30:00
6001771.926193291,1.0,,,1.0,,0.016668,,,2027-01-21 11:35:00
6001772.9263388505,1.0,,,1.0,,0.036327,,,2027-01-21 11:40:00
6001773.92648441,1.0,,,1.0,,0.017034,,,2027-01-21 11:45:00
6001774.926629969,1.0,,,1.0,,0.019483,,,2027-01-21 11:50:00
6001775.926775528,1.0,,,1.0,,0.018244,,,2027-01-21 11:55:00
6001776.926921088,1.0,,,1.0,,0.030509,,,2027-01-21 12:00:00
6001777.927066647,1.0,,,1.0,,0.032725,,,2027-01-21 12:05:00
6001778.927212207,1.0,,,1.0,,0.038627,,,2027-01-21 12:10:00
6001779.927357766,1.0,,,1.0,,0.0447,,,2027-01-21 12:15:00
6001780.927503325,1.0,,112.0,1.0,,0.050724,,,2027-01-21 12:20:00
6001781.927648884,1.0,,,1.0,,0.020061,,,2027-01-21 12:25:00
6001782.927794443,1.0,,,1.0,,0.028104,,,2027-01-21 12:30:00
6001783.927940004,0.0,110.0,112.0,1.0,,0.026541,,,2027-01-21 12:35:00
6001784.928085563,0.0,112.0,,1.0,,0.040439,,,2027-01-21 12:40:00
6001785.928231122,0.0,119.0,,1.0,,0.040953,,,2027-01-21 12:45:00
6001786.928376681,0.0,127.0,,1.0,,0.041588,,,2027-01-21 12:50:00
6001787.92852224,0.0,138.0,,1.0,,0.036371,,,2027-01-21 12:55:00
6001788.9286678,0.0,154.0,,1.0,,0.051991,85.0,,2027-01-21 13:00:00
6001789.928813359,0.0,171.0,,1.0,,0.043186,,,2027-01-21 13:05:00
6001790.928958919,0.0,186.0,186.0,1.0,,0.046181,,21.6,2027-01-21 13:10:00
6001791.929104478,0.0,181.0,,1.0,,0.057052,,,2027-01-21 13:15:00
6001792.929250037,0.0,185.0,,1.0,,0.055396,,,2027-01-21 13:20:00
6001793.9293955965,0.0,189.0,,1.0,,0.052497,,,2027-01-21 13:25:00
6001794.929541156,0.0,196.0,,1.0,,0.05803,,,2027-01-21 13:30:00
6001795.929686715,0.0,203.0,,1.0,,0.027658,,,2027-01-21 13:35:00
6001796.929832274,0.0,206.0,,1.0,,0.041624,,,2027-01-21 13:40:00
6001797.929977834,0.0,205.0,,1.0,,0.049895,,,2027-01-21 13:45:00
6001798.930123393,0.0,200.0,,1.0,,0.065599,,,2027-01-21 13:50:00
6001799.930268953,0.0,194.0,,1.0,,0.040483,,,2027-01-21 13:55:00
6001800.930414512,0.0,188.0,,1.0,,0.061122,,,2027-01-21 14:00:00
6001801.930560071,0.0,184.0,,1.0,,0.058441,,,2027-01-21 14:05:00
6001802.93070563,0.0,179.0,,1.0,,0.058605,,,2027-01-21 14:10:00
6001803.930851189,0.0,174.0,,1.0,,0.058619,,,2027-01-21 14:15:00
6001804.93099675,0.0,164.0,,1.0,,0.014082,,,2027-01-21 14:20:00
6001805.931142309,0.0,157.0,,1.0,,0.038352,,,2027-01-21 14:25:00
6001806.931287868,0.0,152.0,,1.0,,0.030861,,,2027-01-21 14:30:00
6001807.931433427,0.0,146.0,,1.0,,0.015169,,,2027-01-21 14:35:00
6001808.931578986,0.0,141.0,,1.0,,0.026959,,,2027-01-21 14:40:00
6001809.931724546,0.0,138.0,,1.0,,0.032866,,,2027-01-21 14:45:00
6001810.931870105,0.0,134.0,,1.0,,0.043257,,,2027-01-21 14:50:00
6001811.932015665,0.0,129.0,,1.0,,0.045486,,,2027-01-21 14:55:00
6001812.932161224,0.0,124.0,,1.0,,0.052982,,,2027-01-21 15:00:00
6001813.932306783,0.0,120.0,,1.0,,0.061271,,,2027-01-21 15:05:00
6001814.9324523425,0.0,118.0,,1.0,,0.053172,,,2027-01-21 15:10:00
6001815.932597902,0.0,120.0,,1.0,,0.054737,,,2027-01-21 15:15:00
6001816.932743461,0.0,121.0,,1.0,,0.054003,,,2027-01-21 15:20:00
6001817.93288902,0.0,125.0,,1.0,,0.066276,,,2027-01-21 15:25:00
6001818.93303458,0.0,129.0,,1.0,,0.049544,,,2027-01-21 15:30:00
6001819.933180139,0.0,128.0,,1.0,,0.049681,,,2027-01-21 15:35:00
6001820.933325699,0.0,130.0,,1.0,,0.0418,,,2027-01-21 15:40:00
6001821.933471258,0.0,128.0,,1.0,,0.052502,,,2027-01-21 15:45:00
6001822.933616817,0.0,123.0,,1.0,,0.013205,,,2027-01-21 15:50:00
6001823.933762376,0.0,119.0,,1.0,,0.018305,,,2027-01-21 15:55:00
6001824.933907935,0.0,118.0,,1.0,,0.014122,,,2027-01-21 16:00:00
6001825.9340534955,0.0,119.0,,1.0,,0.032693,,,2027-01-21 16:05:00
6001826.934199055,0.0,122.0,,1.0,,0.039525,,,2027-01-21 16:10:00
6001827.934344614,0.0,123.0,,1.0,,0.04151,,,2027-01-21 16:15:00
6001828.934490173,0.0,121.0,,1.0,,0.038377,,,2027-01-21 16:20:00
6001829.934635732,0.0,119.0,,1.0,,0.055527,,,2027-01-21 16:25:00
6001830.9347812915,0.0,117.0,,1.0,,0.05663,,,2027-01-21 16:30:00
6001831.934926851,0.0,113.0,,1.0,,0.056475,,,2027-01-21 16:35:00
6001832.935072411,0.0,109.0,,1.0,,0.046219,,,2027-01-21 16:40:00
6001833.93521797,0.0,106.0,,1.0,,0.060377,,,2027-01-21 16:45:00
6001834.935363529,0.0,102.0,,1.0,,0.063984,,,2027-01-21 16:50:00
6001835.935509088,0.0,99.0,,1.0,,0.072458,,,2027-01-21 16:55:00
6001836.935654648,0.0,99.0,,1.0,,0.046229,,,2027-01-21 17:00:00
6001837.935800207,0.0,100.0,,1.0,,0.055174,,,2027-01-21 17:05:00
6001838.935945766,0.0,98.0,,1.0,,0.0499,,,2027-01-21 17:10:00
6001839.936091326,0.0,96.0,,1.0,,0.038258,,,2027-01-21 17:15:00
6001840.936236885,0.0,95.0,,1.0,,0.053961,,,2027-01-21 17:20:00
6001841.936382445,0.0,92.0,,1.0,,0.04719,,,2027-01-21 17:25:00
6001842.936528004,0.0,90.0,,1.0,,0.032765,,,2027-01-21 17:30:00
6001843.936673563,0.0,89.0,,1.0,,0.039641,,,2027-01-21 17:35:00
6001844.936819122,0.0,89.0,,1.0,,0.037694,,,2027-01-21 17:40:00
6001845.936964681,0.0,90.0,,1.0,,0.037744,,,2027-01-21 17:45:00
6001846.9371102415,0.0,91.0,,1.0,,0.056471,,,2027-01-21 17:50:00
6001847.937255801,0.0,92.0,,1.0,,0.031974,,,2027-01-21 17:55:00
6001848.93740136,0.0,92.0,,1.0,,0.017789,,,2027-01-21 18:00:00
6001849.937546919,0.0,96.0,,1.0,,0.038753,,,2027-01-21 18:05:00
6001850.937692478,0.0,101.0,,1.0,,0.055047,,,2027-01-21 18:10:00
6001851.9378380375,0.0,105.0,,1.0,,0.059483,,,2027-01-21 18:15:00
6001852.937983597,0.0,107.0,,1.0,,0.050551,,,2027-01-21 18:20:00
6001853.938129157,0.0,107.0,,1.0,,0.039835,,,2027-01-21 18:25:00
6001854.938274716,0.0,107.0,,1.0,,0.030646,,,2027-01-21 18:30:00
6001855.938420275,0.0,109.0,,1.0,,0.055281,,,2027-01-21 18:35:00
6001856.938565834,0.0,113.0,,1.0,,0.065726,,,2027-01-21 18:40:00
6001857.938711394,0.0,120.0,,1.0,,0.057473,,,2027-01-21 18:45:00
6001858.938856953,0.0,128.0,,1.0,,0.035758,,,2027-01-21 18:50:00
6001859.939002512,0.0,136.0,,1.0,,0.036191,,,2027-01-21 18:55:00
6001860.939148072,0.0,143.0,,1.0,,0.028328,,,2027-01-21 19:00:00
6001861.939293631,0.0,152.0,,1.0,,0.053863,,,2027-01-21 19:05:00
6001862.939439191,0.0,160.0,,1.0,,0.055043,,,2027-01-21 19:10:00
6001863.93958475,0.0,170.0,179.0,1.0,,0.053506,,20.4,2027-01-21 19:15:00
6001864.939730309,0.0,182.0,,1.0,,0.043502,,,2027-01-21 19:20:00
6001865.939875868,0.0,192.0,,1.0,,0.014402,,,2027-01-21 19:25:00
6001866.940021427,0.0,202.0,,1.0,,0.018472,,,2027-01-21 19:30:00
6001867.9401669875,0.0,211.0,,1.0,,0.011266,,,2027-01-21 19:35:00
6001868.940312547,0.0,217.0,,1.0,,0.0,,,2027-01-21 19:40:00
6001869.940458106,0.0,218.0,,1.0,,,,,2027-01-21 19:45:00
6001870.940603665,0.0,216.0,,0.0,,,,,2027-01-21 19:50:00
6001871.940749224,0.0,212.0,,0.0,,,,,2027-01-21 19:55:00
6001872.9408947835,0.0,204.0,,0.0,,,,,2027-01-21 20:00:00
6001873.941040343,0.0,195.0,,0.0,,0.048702,,,2027-01-21 20:05:00
6001874.941185903,0.0,186.0,,0.0,,0.056959,,,2027-01-21 20:10:00
6001875.941331462,0.0,180.0,,1.0,,0.048046,,,2027-01-21 20:15:00
6001876.941477021,0.0,174.0,,1.0,,0.048497,,,2027-01-21 20:20:00
6001877.94162258,0.0,168.0,,1.0,,0.044786,,,2027-01-21 20:25:00
6001878.94176814,0.0,161.0,,1.0,,0.022913,,,2027-01-21 20:30:00
6001879.941913699,0.0,156.0,,1.0,,0.027714,,,2027-01-21 20:35:00
6001880.942059258,0.0,152.0,,1.0,,0.02673,,,2027-01-21 20:40:00
6001881.942204818,0.0,155.0,,1.0,,0.034381,,,2027-01-21 20:45:00
6001882.942350377,0.0,164.0,,1.0,,0.024623,,,2027-01-21 20:50:00
6001883.9424959365,0.0,173.0,,1.0,,0.021563,,,2027-01-21 20:55:00
6001884.942641496,0.0,186.0,,1.0,,0.038308,,,2027-01-21 21:00:00
6001885.942787055,0.0,194.0,,1.0,,0.039476,,,2027-01-21 21:05:00
6001886.942932614,0.0,201.0,,1.0,,0.025958,,,2027-01-21 21:10:00
6001887.943078173,0.0,202.0,,1.0,,0.030095,,,2027-01-21 21:15:00
6001888.943223733,0.0,198.0,,1.0,,0.021186,,,2027-01-21 21:20:00
6001889.943369293,0.0,189.0,,1.0,,0.03371,,,2027-01-21 21:25:00
6001890.943514852,0.0,175.0,,1.0,,0.033817,,,2027-01-21 21:30:00
6001891.943660411,0.0,159.0,,1.0,,0.032169,,,2027-01-21 21:35:00
6001892.94380597,0.0,145.0,,1.0,,0.037118,,,2027-01-21 21:40:00
6001893.943951529,0.0,134.0,,1.0,,0.040951,,,2027-01-21 21:45:00
6001894.944097089,0.0,124.0,,1.0,,0.041785,,,2027-01-21 21:50:00
6001895.944242649,0.0,116.0,,1.0,,0.038004,,,2027-01-21 21:55:00
6001896.944388208,0.0,109.0,,1.0,,0.041816,,,2027-01-21 22:00:00
6001897.944533767,0.0,104.0,,1.0,,0.043395,,,2027-01-21 22:05:00
6001898.944679326,0.0,104.0,,1.0,,0.04663,,,2027-01-21 22:10:00
6001899.944824886,0.0,114.0,,1.0,,0.049615,,,2027-01-21 22:15:00
6001900.944970445,0.0,124.0,,1.0,,0.051993,,,2027-01-21 22:20:00
6001901.945116004,0.0,137.0,,1.0,,0.054975,,,2027-01-21 22:25:00
6001902.945261564,0.0,148.0,,1.0,,0.058525,,,2027-01-21 22:30:00
6001903.945407123,0.0,155.0,,1.0,,0.06107,,,2027-01-21 22:35:00
6001904.9455526825,0.0,162.0,,1.0,,0.063991,,,2027-01-21 22:40:00
6001905.945698242,0.0,165.0,,1.0,,0.109235,,,2027-01-21 22:45:00
6001906.945843801,0.0,164.0,,1.0,,0.096551,,,2027-01-21 22:50:00
6001907.94598936,0.0,166.0,,1.0,,0.067235,,,2027-01-21 22:55:00
6001908.946134919,0.0,170.0,,1.0,,0.067543,,,2027-01-21 23:00:00
6001909.946280479,0.0,171.0,172.0,1.0,,0.068461,,6.2,2027-01-21 23:05:00
6001910.946426039,0.0,172.0,,1.0,,0.068236,,,2027-01-21 23:10:00
6001911.946571598,0.0,171.0,172.0,1.0,,0.068344,,,2027-01-21 23:15:00
6001912.946717157,0.0,167.0,,1.0,,0.068435,,,2027-01-21 23:20:00
6001913.946862716,0.0,162.0,,1.0,,0.068806,,,2027-01-21 23:25:00
6001914.947008275,0.0,159.0,,1.0,,0.069491,,,2027-01-21 23:30:00
6001915.947153835,0.0,165.0,,1.0,,0.070317,,,2027-01-21 23:35:00
6001916.947299395,0.0,174.0,,1.0,,0.022228,,,2027-01-21 23:40:00
6001917.947444954,0.0,179.0,,1.0,,0.018313,,,2027-01-21 23:45:00
6001918.947590513,0.0,185.0,,1.0,,0.019691,,,2027-01-21 23:50:00
6001919.947736072,0.0,192.0,,1.0,,0.021004,,,2027-01-21 23:55:00
6001920.947881632,0.0,195.0,,1.0,,0.025376,,,2027-01-22 00:00:00
6001921.948027191,0.0,200.0,,1.0,,0.024617,,,2027-01-22 00:05:00
6001922.94817275,0.0,204.0,,1.0,,0.026839,,,2027-01-22 00:10:00
6001923.94831831,0.0,209.0,,1.0,,0.031917,,,2027-01-22 00:15:00
6001924.948463869,0.0,215.0,,1.0,,0.037703,,,2027-01-22 00:20:00
6001925.9486094285,0.0,216.0,,1.0,,0.048972,,,2027-01-22 00:25:00
6001926.948754988,0.0,215.0,,1.0,,0.045619,,,2027-01-22 00:30:00
6001927.948900547,0.0,214.0,,1.0,,0.116995,,,2027-01-22 00:35:00
6001928.949046106,0.0,211.0,,1.0,,0.11724,,,2027-01-22 00:40:00
6001929.949191665,0.0,207.0,,1.0,,0.066416,,,2027-01-22 00:45:00
6001930.949337225,0.0,204.0,,1.0,,0.068,,,2027-01-22 00:50:00
6001931.949482785,0.0,199.0,,1.0,,0.07183,,,2027-01-22 00:55:00
6001932.949628344,0.0,196.0,,1.0,,0.080738,,,2027-01-22 01:00:00
6001933.949773903,0.0,192.0,,1.0,,0.087538,,,2027-01-22 01:05:00
6001934.949919462,0.0,191.0,,1.0,,0.094191,,,2027-01-22 01:10:00
6001935.950065021,0.0,190.0,,1.0,,0.100289,,,2027-01-22 01:15:00
6001936.950210581,0.0,184.0,,1.0,,0.102866,,5.2,2027-01-22 01:20:00
6001937.950356141,0.0,177.0,,1.0,,0.151141,,,2027-01-22 01:25:00
6001938.9505017,0.0,171.0,,1.0,,0.16384,,,2027-01-22 01:30:00
6001939.950647259,0.0,165.0,,1.0,,0.17166,,,2027-01-22 01:35:00
6001940.950792818,0.0,159.0,,1.0,,0.179003,,,2027-01-22 01:40:00
6001941.9509383775,0.0,154.0,,1.0,,0.183821,,,2027-01-22 01:45:00
6001942.951083937,0.0,147.0,,1.0,,0.211337,,,2027-01-22 01:50:00
6001943.951229496,0.0,141.0,,1.0,,0.220764,,,2027-01-22 01:55:00
6001944.951375056,0.0,136.0,,1.0,,0.149891,,,2027-01-22 02:00:00
6001945.951520615,0.0,131.0,,1.0,,0.145444,,,2027-01-22 02:05:00
6001946.951666174,0.0,127.0,,1.0,,0.160194,,,2027-01-22 02:10:00
6001947.951811734,0.0,124.0,,1.0,,0.322054,,,2027-01-22 02:15:00
6001948.951957293,0.0,121.0,,1.0,,0.44418,,,2027-01-22 02:20:00
6001949.952102852,0.0,118.0,,1.0,,0.280437,,,2027-01-22 02:25:00
6001950.952248411,0.0,114.0,,1.0,,0.25687,,,2027-01-22 02:30:00
6001951.952393971,0.0,111.0,,1.0,,0.229844,,,2027-01-22 02:35:00
6001952.952539531,0.0,108.0,,1.0,,0.225576,,,2027-01-22 02:40:00
6001953.95268509,0.0,106.0,,1.0,,0.213016,,,2027-01-22 02:45:00
6001954.952830649,0.0,103.0,,1.0,,0.217857,,,2027-01-22 02:50:00
6001955.952976208,0.0,99.0,,1.0,,0.221073,,,2027-01-22 02:55:00
6001956.953121767,0.0,95.0,,1.0,,0.220093,,,2027-01-22 03:00:00
6001957.953267327,0.0,92.0,,1.0,,0.221184,,,2027-01-22 03:05:00
6001958.953412887,0.0,88.0,,1.0,,0.221819,,,2027-01-22 03:10:00
6001959.953558446,0.0,85.0,,1.0,,0.224528,,,2027-01-22 03:15:00
6001960.953704005,0.0,82.0,,1.0,,0.157584,,,2027-01-22 03:20:00
6001961.953849564,0.0,79.0,,1.0,,0.147233,,,2027-01-22 03:25:00
6001962.9539951235,0.0,77.0,,1.0,,0.235244,,,2027-01-22 03:30:00
6001963.954140683,0.0,75.0,,1.0,,0.252189,,,2027-01-22 03:35:00
6001964.954286242,0.0,73.0,,1.0,,0.264332,,,2027-01-22 03:40:00
6001965.954431802,0.0,71.0,,1.0,,0.27163,,,2027-01-22 03:45:00
6001966.954577361,0.0,70.0,,1.0,,0.28119,,,2027-01-22 03:50:00
6001967.95472292,0.0,68.0,,1.0,,0.284671,,,2027-01-22 03:55:00
6001968.95486848,0.0,67.0,,1.0,,0.288502,,,2027-01-22 04:00:00
6001969.955014039,0.0,65.0,,1.0,,0.291083,,,2027-01-22 04:05:00
6001970.955159598,0.0,64.0,,1.0,,0.25859,,,2027-01-22 04:10:00
6001971.955305157,0.0,62.0,,1.0,,0.237032,,,2027-01-22 04:15:00
6001972.955450717,0.0,61.0,,1.0,,0.234263,,,2027-01-22 04:20:00
6001973.955596277,0.0,59.0,,1.0,,0.131478,,,2027-01-22 04:25:00
6001974.955741836,0.0,58.0,,1.0,,0.119848,,,2027-01-22 04:30:00
6001975.955887395,0.0,56.0,,1.0,,0.138825,,,2027-01-22 04:35:00
6001976.956032954,0.0,54.0,,1.0,,0.14455,,,2027-01-22 04:40:00
6001977.956178513,0.0,52.0,,1.0,,0.144636,,,2027-01-22 04:45:00
6001978.956324073,0.0,52.0,,1.0,,0.145273,,,2027-01-22 04:50:00
6001979.956469633,0.0,52.0,,1.0,,0.147135,,,2027-01-22 04:55:00
6001980.956615192,0.0,52.0,,1.0,,0.126128,,,2027-01-22 05:00:00
6001981.956760751,0.0,51.0,,1.0,,0.143653,,,2027-01-22 05:05:00
6001982.95690631,0.0,50.0,,1.0,,0.133382,,,2027-01-22 05:10:00
6001983.9570518695,0.0,49.0,,1.0,,0.127364,,,2027-01-22 05:15:00
6001984.957197429,0.0,48.0,,1.0,,0.147278,,,2027-01-22 05:20:00
6001985.957342988,0.0,50.0,,1.0,,0.134145,,,2027-01-22 05:25:00
6001986.957488548,0.0,53.0,,1.0,,0.116263,,,2027-01-22 05:30:00
6001987.957634107,0.0,53.0,,1.0,,0.011826,,,2027-01-22 05:35:00
6001988.957779666,0.0,54.0,,1.0,,0.0,,,2027-01-22 05:40:00
6001989.957925226,0.0,57.0,,1.0,,,,,2027-01-22 05:45:00
6001990.958070785,0.0,59.0,,1.0,,,,,2027-01-22 05:50:00
6001991.958216344,0.0,62.0,,1.0,,,,,2027-01-22 05:55:00
6001992.958361903,0.0,65.0,,1.0,,,,,2027-01-22 06:00:00
6001993.958507463,0.0,66.0,,1.0,,,,,2027-01-22 06:05:00
6001994.958653023,0.0,65.0,,1.0,,,,,2027-01-22 06:10:00
6001995.958798582,0.0,64.0,,1.0,,,,,2027-01-22 06:15:00
6001996.958944141,0.0,63.0,,1.0,,,,,2027-01-22 06:20:00
6001997.9590897,0.0,62.0,,1.0,,,,,2027-01-22 06:25:00
6001998.959235259,0.0,60.0,,1.0,,,,,2027-01-22 06:30:00
6001999.9593808185,0.0,59.0,,1.0,,,,,2027-01-22 06:35:00
6002000.959526379,0.0,58.0,,1.0,,,,,2027-01-22 06:40:00
6002001.959671938,0.0,58.0,,1.0,,,,,2027-01-22 06:45:00
6002002.959817497,0.0,57.0,,1.0,,,,,2027-01-22 06:50:00
6002003.959963056,0.0,57.0,,1.0,,,,,2027-01-22 06:55:00
6002004.960108615,0.0,57.0,,1.0,,0.026751,,,2027-01-22 07:00:00
6002005.960254175,0.0,57.0,,1.0,,0.036104,,,2027-01-22 07:05:00
6002006.960399734,0.0,59.0,,1.0,,0.043566,,,2027-01-22 07:10:00
6002007.960545294,0.0,62.0,,1.0,,0.013896,,,2027-01-22 07:15:00
6002008.960690853,0.0,64.0,,1.0,,0.0,,,2027-01-22 07:20:00
6002009.960836412,0.0,66.0,,1.0,,0.014572,,,2027-01-22 07:25:00
6002010.960981972,0.0,68.0,,1.0,,0.014431,,,2027-01-22 07:30:00
6002011.961127531,0.0,72.0,,1.0,,0.021471,,,2027-01-22 07:35:00
6002012.96127309,0.0,82.0,,1.0,,0.014985,,,2027-01-22 07:40:00
6002013.961418649,0.0,93.0,,1.0,,0.015419,,,2027-01-22 07:45:00
6002014.961564209,0.0,99.0,,1.0,,0.014523,,,2027-01-22 07:50:00
6002015.9617097685,0.0,103.0,,1.0,,0.034667,,,2027-01-22 07:55:00
6002016.961855328,0.0,107.0,,1.0,,0.047884,,,2027-01-22 08:00:00
6002017.962000887,0.0,110.0,,1.0,,0.033278,,,2027-01-22 08:05:00
6002018.962146446,0.0,112.0,,1.0,,0.03352,,,2027-01-22 08:10:00
6002019.962292005,0.0,112.0,,1.0,,0.037855,,,2027-01-22 08:15:00
6002020.9624375645,0.0,114.0,,1.0,,0.038672,,,2027-01-22 08:20:00
6002021.962583125,0.0,113.0,,1.0,,0.043845,,,2027-01-22 08:25:00
6002022.962728684,0.0,111.0,,1.0,,0.044036,,,2027-01-22 08:30:00
6002023.962874243,0.0,110.0,,1.0,,0.052175,70.0,,2027-01-22 08:35:00
6002024.963019802,0.0,111.0,,1.0,,0.019079,,,2027-01-22 08:40:00
6002025.963165361,0.0,117.0,,1.0,,0.038032,,,2027-01-22 08:45:00
6002026.963310921,0.0,127.0,130.0,1.0,,0.043971,,12.6,2027-01-22 08:50:00
6002027.96345648,0.0,139.0,,1.0,,0.039437,,,2027-01-22 08:55:00
6002028.96360204,0.0,149.0,,1.0,,0.042345,,,2027-01-22 09:00:00
6002029.963747599,0.0,163.0,,1.0,,0.017115,,,2027-01-22 09:05:00
6002030.963893158,0.0,174.0,,1.0,,0.017623,,,2027-01-22 09:10:00
6002031.964038718,0.0,181.0,,1.0,,0.019878,,,2027-01-22 09:15:00
6002032.964184277,0.0,190.0,,1.0,,0.037998,,,2027-01-22 09:20:00
6002033.964329836,0.0,191.0,,1.0,,0.03687,,,2027-01-22 09:25:00
6002034.964475395,0.0,192.0,,1.0,,0.050197,,,2027-01-22 09:30:00
6002035.964620955,0.0,192.0,,1.0,,0.030864,,,2027-01-22 09:35:00
6002036.9647665145,0.0,191.0,,1.0,,0.013966,,,2027-01-22 09:40:00
6002037.964912074,0.0,191.0,,1.0,,0.02862,,,2027-01-22 09:45:00
6002038.965057633,0.0,190.0,,1.0,,0.048043,,,2027-01-22 09:50:00
6002039.965203192,0.0,186.0,,1.0,,0.061011,,,2027-01-22 09:55:00
6002040.965348751,0.0,182.0,,1.0,,0.067562,,,2027-01-22 10:00:00
6002041.9654943105,0.0,178.0,,1.0,,0.016114,,,2027-01-22 10:05:00
6002042.965639871,0.0,173.0,,1.0,,0.018088,,,2027-01-22 10:10:00
6002043.96578543,0.0,166.0,,1.0,,0.015566,,,2027-01-22 10:15:00
6002044.965930989,0.0,162.0,,1.0,,0.021539,,,2027-01-22 10:20:00
6002045.966076548,1.0,,,1.0,,0.017256,,,2027-01-22 10:25:00
6002046.966222107,1.0,,,1.0,,0.027999,,,2027-01-22 10:30:00
6002047.966367667,1.0,,,1.0,,0.038029,,,2027-01-22 10:35:00
6002048.966513226,1.0,,,1.0,,0.039332,,,2027-01-22 10:40:00
6002049.966658786,1.0,,,1.0,,0.02472,,,2027-01-22 10:45:00
6002050.966804345,1.0,,,1.0,,0.033296,,,2027-01-22 10:50:00
6002051.966949904,1.0,,,1.0,,0.038004,,,2027-01-22 10:55:00
6002052.967095464,1.0,,,1.0,,0.035005,,,2027-01-22 11:00:00
6002053.967241023,1.0,,,1.0,,0.04089,,,2027-01-22 11:05:00
6002054.967386582,1.0,,,1.0,,0.048307,,,2027-01-22 11:10:00
6002055.967532141,1.0,,,1.0,,0.049897,,,2027-01-22 11:15:00
6002056.967677701,1.0,,,1.0,,0.052907,,,2027-01-22 11:20:00
6002057.96782326,1.0,,,1.0,,0.05348,,,2027-01-22 11:25:00
6002058.96796882,1.0,,,1.0,,0.065148,,,2027-01-22 11:30:00
6002059.968114379,1.0,,,1.0,,0.066072,,,2027-01-22 11:35:00
6002060.968259938,1.0,,,1.0,,0.07825,,,2027-01-22 11:40:00
6002061.968405497,1.0,,,1.0,,0.066512,,,2027-01-22 11:45:00
6002062.968551056,1.0,,,1.0,,0.019398,,,2027-01-22 11:50:00
6002063.968696617,1.0,,,1.0,,0.031965,,,2027-01-22 11:55:00
6002064.968842176,1.0,,,1.0,,0.045807,,,2027-01-22 12:00:00
6002065.968987735,1.0,,,1.0,,0.012723,,,2027-01-22 12:05:00
6002066.969133294,1.0,,,1.0,,0.013278,,,2027-01-22 12:10:00
6002067.969278853,1.0,,,1.0,,0.015943,,,2027-01-22 12:15:00
6002068.969424413,1.0,,,1.0,,0.012532,,,2027-01-22 12:20:00
6002069.969569972,1.0,,,1.0,,0.016161,,,2027-01-22 12:25:00
6002070.969715532,1.0,,,1.0,,0.014303,,,2027-01-22 12:30:00
6002071.969861091,1.0,,,1.0,,0.026636,,,2027-01-22 12:35:00
6002072.97000665,1.0,,,1.0,,0.03293,,,2027-01-22 12:40:00
6002073.9701522095,1.0,,,1.0,,0.034442,,,2027-01-22 12:45:00
6002074.970297769,1.0,,,1.0,,0.055241,,,2027-01-22 12:50:00
6002075.970443328,1.0,,,1.0,,0.021525,,,2027-01-22 12:55:00
6002076.970588887,1.0,,,1.0,,0.047534,,,2027-01-22 13:00:00
6002077.970734447,1.0,,,1.0,,0.040994,,,2027-01-22 13:05:00
6002078.970880006,1.0,,,1.0,,0.038818,,,2027-01-22 13:10:00
6002079.971025566,1.0,,,1.0,,0.0,,,2027-01-22 13:15:00
6002080.971171125,1.0,,,1.0,,,,,2027-01-22 13:20:00
6002081.971316684,1.0,,,1.0,,,,,2027-01-22 13:25:00
6002082.971462243,1.0,,,1.0,,,,,2027-01-22 13:30:00
6002083.971607802,1.0,,,1.0,,,,,2027-01-22 13:35:00
6002084.971753363,1.0,,,1.0,,,,10.0,2027-01-22 13:40:00
6002085.971898922,1.0,,,1.0,,,,,2027-01-22 13:45:00
6002086.972044481,1.0,,,1.0,,,,,2027-01-22 13:50:00
6002087.97219004,1.0,,,1.0,,,,,2027-01-22 13:55:00
6002088.972335599,1.0,,,1.0,,,,,2027-01-22 14:00:00
6002089.972481159,1.0,,,1.0,,,,,2027-01-22 14:05:00
6002090.972626718,1.0,,,1.0,,,,,2027-01-22 14:10:00
6002091.972772278,1.0,,,1.0,,,,,2027-01-22 14:15:00
6002092.972917837,1.0,,,1.0,,,,,2027-01-22 14:20:00
6002093.973063396,1.0,,,1.0,,,,,2027-01-22 14:25:00
6002094.9732089555,1.0,,,1.0,,,,,2027-01-22 14:30:00
6002095.973354515,1.0,,,1.0,,,,,2027-01-22 14:35:00
6002096.973500074,1.0,,,1.0,,,,,2027-01-22 14:40:00
6002097.973645633,1.0,,,1.0,,,,,2027-01-22 14:45:00
6002098.973791193,1.0,,,1.0,,,,,2027-01-22 14:50:00
6002099.973936752,1.0,,,1.0,,,,,2027-01-22 14:55:00
6002100.974082312,1.0,,,1.0,,,,,2027-01-22 15:00:00
6002101.974227871,1.0,,,1.0,,,,,2027-01-22 15:05:00
6002102.97437343,1.0,,,1.0,,0.012613,,,2027-01-22 15:10:00
6002103.974518989,1.0,,,1.0,,0.013241,,,2027-01-22 15:15:00
6002104.974664548,1.0,,,1.0,,0.009603,,,2027-01-22 15:20:00
6002105.974810109,1.0,,,1.0,,0.010957,,,2027-01-22 15:25:00
6002106.974955668,1.0,,,1.0,,0.0,,,2027-01-22 15:30:00
6002107.975101227,1.0,,,1.0,,,,,2027-01-22 15:35:00
6002108.975246786,1.0,,,1.0,,,,,2027-01-22 15:40:00
6002109.975392345,1.0,,,1.0,,0.010577,,,2027-01-22 15:45:00
6002110.975537905,1.0,,,1.0,,0.011045,,,2027-01-22 15:50:00
6002111.975683464,1.0,,,1.0,,0.015687,,,2027-01-22 15:55:00
6002112.975829024,1.0,,,1.0,,0.019975,,,2027-01-22 16:00:00
6002113.975974583,1.0,,,1.0,,0.012566,,,2027-01-22 16:05:00
6002114.976120142,1.0,,188.0,1.0,,0.045108,,14.3,2027-01-22 16:10:00
6002115.976265701,1.0,,,1.0,,0.016677,,,2027-01-22 16:15:00
6002116.976411261,1.0,,,1.0,,0.016375,,,2027-01-22 16:20:00
6002117.97655682,1.0,,,1.0,,0.008431,,,2027-01-22 16:25:00
6002118.976702379,1.0,,,1.0,,0.00995,,,2027-01-22 16:30:00
6002119.976847939,1.0,,,1.0,,0.010409,,,2027-01-22 16:35:00
6002120.976993498,1.0,,,1.0,,0.011021,,,2027-01-22 16:40:00
6002121.977139058,1.0,,,1.0,,0.010527,,,2027-01-22 16:45:00
6002122.977284617,1.0,,,1.0,,0.011548,,,2027-01-22 16:50:00
6002123.977430176,1.0,,,1.0,,1.133694,,,2027-01-22 16:55:00
6002124.977575735,1.0,,,1.0,,2.94229,,,2027-01-22 17:00:00
6002125.977721294,1.0,,,1.0,,2.685274,,,2027-01-22 17:05:00
6002126.9778668545,1.0,,,1.0,,3.076818,,,2027-01-22 17:10:00
6002127.978012414,1.0,,,1.0,,3.172136,,,2027-01-22 17:15:00
6002128.978157973,1.0,,,1.0,,3.14256,,,2027-01-22 17:20:00
6002129.978303532,1.0,,,1.0,,3.249583,,,2027-01-22 17:25:00
6002130.978449091,1.0,,,1.0,,5.205147,,,2027-01-22 17:30:00
6002131.9785946505,1.0,,,1.0,,3.891833,,,2027-01-22 17:35:00
6002132.97874021,1.0,,,1.0,,4.079252,,,2027-01-22 17:40:00
6002133.97888577,1.0,,,1.0,,13.507035,,,2027-01-22 17:45:00
6002134.979031329,1.0,,,1.0,,11.423037,,,2027-01-22 17:50:00
6002135.979176888,1.0,,,1.0,,11.129584,,,2027-01-22 17:55:00
6002136.979322447,1.0,,,1.0,,19.363715,,,2027-01-22 18:00:00
6002137.979468007,1.0,,,1.0,,30.320775,,,2027-01-22 18:05:00
6002138.979613566,1.0,,,1.0,,22.897942,,,2027-01-22 18:10:00
6002139.979759125,1.0,,,1.0,,19.21845,,,2027-01-22 18:15:00
6002140.979904685,1.0,,,1.0,,9.361749,,,2027-01-22 18:20:00
6002141.980050244,1.0,,,1.0,,5.295514,,,2027-01-22 18:25:00
6002142.980195804,1.0,,,1.0,,5.737912,,,2027-01-22 18:30:00
6002143.980341363,1.0,,,1.0,,3.796772,,,2027-01-22 18:35:00
6002144.980486922,1.0,,,1.0,,1.617277,,,2027-01-22 18:40:00
6002145.980632481,1.0,,,1.0,,0.623713,,,2027-01-22 18:45:00
6002146.98077804,1.0,,,1.0,,0.440303,,,2027-01-22 18:50:00
6002147.9809236005,1.0,,,1.0,,0.470232,,,2027-01-22 18:55:00
6002148.98106916,1.0,,,1.0,,0.531152,,,2027-01-22 19:00:00
6002149.981214719,1.0,,,1.0,,0.325438,,,2027-01-22 19:05:00
6002150.981360278,1.0,,,1.0,,0.222365,,,2027-01-22 19:10:00
6002151.981505837,1.0,,,1.0,,0.338592,,,2027-01-22 19:15:00
6002152.9816513965,1.0,,,1.0,,0.200272,,,2027-01-22 19:20:00
6002153.981796956,1.0,,,1.0,,0.341478,,,2027-01-22 19:25:00
6002154.981942516,1.0,,,1.0,,0.168911,,,2027-01-22 19:30:00
6002155.982088075,1.0,,,1.0,,0.349008,,,2027-01-22 19:35:00
6002156.982233634,1.0,,,1.0,,0.29675,,,2027-01-22 19:40:00
6002157.982379193,1.0,,,1.0,,0.28914,,,2027-01-22 19:45:00
6002158.982524753,1.0,,,1.0,,0.024212,,,2027-01-22 19:50:00
6002159.982670312,1.0,,,1.0,,0.05893,,,2027-01-22 19:55:00
6002160.982815871,1.0,,,1.0,,0.116861,,,2027-01-22 20:00:00
6002161.982961431,1.0,,,1.0,,0.014401,,,2027-01-22 20:05:00
6002162.98310699,1.0,,,1.0,,0.034278,,,2027-01-22 20:10:00
6002163.98325255,1.0,,,1.0,,0.015514,,,2027-01-22 20:15:00
6002164.983398109,1.0,,,1.0,,0.01292,,,2027-01-22 20:20:00
6002165.983543668,1.0,,,1.0,,0.012767,,,2027-01-22 20:25:00
6002166.983689227,1.0,,,1.0,,0.0,,,2027-01-22 20:30:00
6002167.983834786,1.0,,,1.0,,,,16.5,2027-01-22 20:35:00
6002168.9839803465,1.0,,,1.0,,13.950688,,,2027-01-22 20:40:00
6002169.984125906,1.0,,,1.0,,0.366757,,,2027-01-22 20:45:00
6002170.984271465,1.0,,,1.0,,0.101761,,,2027-01-22 20:50:00
6002171.984417024,1.0,,,1.0,,0.054293,,,2027-01-22 20:55:00
6002172.984562583,1.0,,,1.0,,0.03695,,,2027-01-22 21:00:00
6002173.9847081425,1.0,,,1.0,,0.05733,,,2027-01-22 21:05:00
6002174.984853702,1.0,,97.0,1.0,,0.045447,,,2027-01-22 21:10:00
6002175.984999262,1.0,,,1.0,,0.015636,,,2027-01-22 21:15:00
6002176.985144821,1.0,,,1.0,,0.022651,,,2027-01-22 21:20:00
6002177.98529038,1.0,,,1.0,,0.051043,,,2027-01-22 21:25:00
6002178.985435939,1.0,,,1.0,,0.014971,,,2027-01-22 21:30:00
6002179.985581499,1.0,,,1.0,,0.023073,,,2027-01-22 21:35:00
6002180.985727058,1.0,,,1.0,,0.015204,,,2027-01-22 21:40:00
6002181.985872617,1.0,,,1.0,,0.013503,,,2027-01-22 21:45:00
6002182.986018177,1.0,,,1.0,,0.028271,,,2027-01-22 21:50:00
6002183.986163736,1.0,,,1.0,,0.017836,,,2027-01-22 21:55:00
6002184.9863092955,1.0,,,1.0,,0.057565,,,2027-01-22 22:00:00
6002185.986454855,1.0,,,1.0,,0.130426,,,2027-01-22 22:05:00
6002186.986600414,1.0,,,1.0,,0.28221,,,2027-01-22 22:10:00
6002187.986745973,1.0,,,1.0,,0.39395,,,2027-01-22 22:15:00
6002188.986891532,1.0,,,1.0,,0.426681,,,2027-01-22 22:20:00
6002189.987037092,1.0,,,1.0,,0.531185,,,2027-01-22 22:25:00
6002190.987182652,1.0,,,1.0,,0.607083,,,2027-01-22 22:30:00
6002191.987328211,1.0,,,1.0,,0.405394,,,2027-01-22 22:35:00
6002192.98747377,1.0,,,1.0,,0.234633,,,2027-01-22 22:40:00
6002193.987619329,1.0,,,1.0,,0.241108,,,2027-01-22 22:45:00
6002194.987764888,1.0,,,1.0,,0.22933,,,2027-01-22 22:50:00
6002195.987910448,1.0,,,1.0,,0.21346,,,2027-01-22 22:55:00
6002196.988056008,1.0,,,1.0,,0.206235,,,2027-01-22 23:00:00
6002197.988201567,1.0,,,1.0,,0.184069,,,2027-01-22 23:05:00
6002198.988347126,1.0,,,1.0,,0.171601,,,2027-01-22 23:10:00
6002199.988492685,1.0,,,1.0,,0.169951,,,2027-01-22 23:15:00
6002200.988638245,1.0,,,1.0,,0.168099,,,2027-01-22 23:20:00
6002201.988783804,1.0,,,1.0,,0.167738,,,2027-01-22 23:25:00
6002202.988929363,1.0,,,1.0,,0.162369,,,2027-01-22 23:30:00
6002203.989074923,1.0,,,1.0,,0.150521,,,2027-01-22 23:35:00
6002204.989220482,1.0,,,1.0,,0.144055,,,2027-01-22 23:40:00
6002205.9893660415,1.0,,,1.0,,0.137922,,,2027-01-22 23:45:00
6002206.989511601,1.0,,,1.0,,0.135024,,,2027-01-22 23:50:00
6002207.98965716,1.0,,,1.0,,0.14914,,,2027-01-22 23:55:00
6002208.989802719,1.0,,,1.0,,0.191437,,,2027-01-23 00:00:00
6002209.989948278,1.0,,,1.0,,0.024367,,,2027-01-23 00:05:00
6002210.990093838,1.0,,,1.0,,0.057818,,,2027-01-23 00:10:00
6002211.990239398,1.0,,,1.0,,0.081855,,,2027-01-23 00:15:00
6002212.990384957,1.0,,,1.0,,0.106397,,,2027-01-23 00:20:00
6002213.990530516,1.0,,,1.0,,0.170456,,,2027-01-23 00:25:00
6002214.990676075,1.0,,,1.0,,0.378364,,,2027-01-23 00:30:00
6002215.990821634,1.0,,,1.0,,0.600393,,,2027-01-23 00:35:00
6002216.990967194,1.0,,,1.0,,0.837841,,,2027-01-23 00:40:00
6002217.991112754,1.0,,,1.0,,1.092258,,,2027-01-23 00:45:00
6002218.991258313,1.0,,,1.0,,1.26398,,,2027-01-23 00:50:00
6002219.991403872,1.0,,,1.0,,0.900931,,,2027-01-23 00:55:00
6002220.991549431,1.0,,,1.0,,0.832929,,,2027-01-23 01:00:00
6002221.991694991,1.0,,,1.0,,0.59063,,,2027-01-23 01:05:00
6002222.99184055,1.0,,,1.0,,0.550971,,,2027-01-23 01:10:00
6002223.991986109,1.0,,,1.0,,0.525457,,,2027-01-23 01:15:00
6002224.992131669,1.0,,,1.0,,0.512677,,,2027-01-23 01:20:00
6002225.992277228,1.0,,,1.0,,0.630186,,,2027-01-23 01:25:00
6002226.9924227875,1.0,,,1.0,,0.792024,,,2027-01-23 01:30:00
6002227.992568347,1.0,,,1.0,,1.008156,,,2027-01-23 01:35:00
6002228.992713906,1.0,,,1.0,,0.972237,,,2027-01-23 01:40:00
6002229.992859465,1.0,,,1.0,,0.630898,,,2027-01-23 01:45:00
6002230.993005024,1.0,,,1.0,,0.540573,,,2027-01-23 01:50:00
6002231.993150584,1.0,,,1.0,,0.48473,,,2027-01-23 01:55:00
6002232.993296144,1.0,,,1.0,,0.460628,,,2027-01-23 02:00:00
6002233.993441703,1.0,,,1.0,,0.450899,,,2027-01-23 02:05:00
6002234.993587262,1.0,,,1.0,,0.451298,,,2027-01-23 02:10:00
6002235.993732821,1.0,,,1.0,,0.449936,,,2027-01-23 02:15:00
6002236.99387838,1.0,,,1.0,,0.458454,,,2027-01-23 02:20:00
6002237.99402394,1.0,,,1.0,,0.471153,,,2027-01-23 02:25:00
6002238.9941695,1.0,,,1.0,,0.575205,,,2027-01-23 02:30:00
6002239.994315059,1.0,,,1.0,,0.706086,,,2027-01-23 02:35:00
6002240.994460618,1.0,,,1.0,,0.903774,,,2027-01-23 02:40:00
6002241.994606177,1.0,,,1.0,,1.018485,,,2027-01-23 02:45:00
6002242.9947517365,1.0,,,1.0,,1.389932,,,2027-01-23 02:50:00
6002243.994897296,1.0,,,1.0,,1.550856,,,2027-01-23 02:55:00
6002244.995042855,1.0,,,1.0,,1.71502,,,2027-01-23 03:00:00
6002245.995188415,1.0,,,1.0,,1.887977,,,2027-01-23 03:05:00
6002246.995333974,1.0,,,1.0,,2.037061,,,2027-01-23 03:10:00
6002247.995479533,1.0,,,1.0,,2.179083,,,2027-01-23 03:15:00
6002248.995625093,1.0,,,1.0,,2.252407,,,2027-01-23 03:20:00
6002249.995770652,1.0,,,1.0,,2.319427,,,2027-01-23 03:25:00
6002250.995916211,1.0,,,1.0,,2.385291,,,2027-01-23 03:30:00
6002251.99606177,1.0,,,1.0,,2.082115,,,2027-01-23 03:35:00
6002252.99620733,1.0,,,1.0,,2.038186,,,2027-01-23 03:40:00
6002253.99635289,1.0,,,1.0,,2.021289,,,2027-01-23 03:45:00
6002254.996498449,1.0,,,1.0,,2.008367,,,2027-01-23 03:50:00
6002255.996644008,1.0,,,1.0,,2.504898,,,2027-01-23 03:55:00
6002256.996789567,1.0,,,1.0,,2.635812,,,2027-01-23 04:00:00
6002257.996935126,1.0,,,1.0,,2.696803,,,2027-01-23 04:05:00
6002258.997080686,1.0,,,1.0,,2.853944,,,2027-01-23 04:10:00
6002259.997226246,1.0,,,1.0,,3.221495,,,2027-01-23 04:15:00
6002260.997371805,1.0,,,1.0,,3.052619,,,2027-01-23 04:20:00
6002261.997517364,1.0,,,1.0,,3.120634,,,2027-01-23 04:25:00
6002262.997662923,1.0,,,1.0,,3.231479,,,2027-01-23 04:30:00
6002263.9978084825,1.0,,,1.0,,3.277361,,,2027-01-23 04:35:00
6002264.997954042,1.0,,,1.0,,3.369139,,,2027-01-23 04:40:00
6002265.998099601,1.0,,,1.0,,3.541725,,,2027-01-23 04:45:00
6002266.998245161,1.0,,,1.0,,3.574983,,,2027-01-23 04:50:00
6002267.99839072,1.0,,,1.0,,3.632284,,,2027-01-23 04:55:00
6002268.998536279,1.0,,,1.0,,4.229095,,,2027-01-23 05:00:00
6002269.998681839,1.0,,,1.0,,5.159553,,,2027-01-23 05:05:00
6002270.998827398,1.0,,,1.0,,4.571402,,,2027-01-23 05:10:00
6002271.998972957,1.0,,,1.0,,4.420209,,,2027-01-23 05:15:00
6002272.999118516,1.0,,,1.0,,4.242462,,,2027-01-23 05:20:00
6002273.999264076,1.0,,,1.0,,3.993061,,,2027-01-23 05:25:00
6002274.999409636,1.0,,,1.0,,3.778308,,,2027-01-23 05:30:00
6002275.999555195,1.0,,,1.0,,3.432104,,,2027-01-23 05:35:00
6002276.999700754,1.0,,,1.0,,3.547601,,,2027-01-23 05:40:00
6002277.999846313,1.0,,,1.0,,3.73976,,,2027-01-23 05:45:00
6002278.999991872,1.0,,,1.0,,3.733902,,,2027-01-23 05:50:00
6002280.000137432,1.0,,,1.0,,3.70775,,,2027-01-23 06:00:00
6002281.000282992,1.0,,,1.0,,3.747648,,,2027-01-23 06:05:00
6002282.000428551,1.0,,,1.0,,3.742205,,,2027-01-23 06:10:00
6002283.00057411,1.0,,,1.0,,3.731712,,,2027-01-23 06:15:00
6002284.000719669,1.0,,,1.0,,3.72194,,,2027-01-23 06:20:00
6002285.0008652285,1.0,,,1.0,,4.164362,,,2027-01-23 06:25:00
6002286.001010788,1.0,,,1.0,,4.182698,,,2027-01-23 06:30:00
6002287.001156347,1.0,,,1.0,,5.101058,,,2027-01-23 06:35:00
6002288.001301907,1.0,,,1.0,,3.716106,,,2027-01-23 06:40:00
6002289.001447466,1.0,,,1.0,,3.807402,,,2027-01-23 06:45:00
6002290.001593025,1.0,,,1.0,,3.957005,,,2027-01-23 06:50:00
6002291.001738585,1.0,,,1.0,,3.905709,,,2027-01-23 06:55:00
6002292.001884144,1.0,,,1.0,,3.838789,,,2027-01-23 07:00:00
6002293.002029703,1.0,,,1.0,,3.144784,,,2027-01-23 07:05:00
6002294.002175262,1.0,,,1.0,,2.859808,,,2027-01-23 07:10:00
6002295.002320821,1.0,,,1.0,,1.783529,,,2027-01-23 07:15:00
6002296.0024663815,1.0,,,1.0,,0.606578,,,2027-01-23 07:20:00
6002297.002611941,1.0,,,1.0,,0.625653,,,2027-01-23 07:25:00
6002298.0027575,1.0,,,1.0,,0.571251,,,2027-01-23 07:30:00
6002299.002903059,1.0,,,1.0,,0.553087,,,2027-01-23 07:35:00
6002300.003048618,1.0,,,1.0,,0.737531,,,2027-01-23 07:40:00
6002301.0031941775,1.0,,,1.0,,0.826583,,,2027-01-23 07:45:00
6002302.003339737,1.0,,,1.0,,0.567346,,,2027-01-23 07:50:00
6002303.003485297,1.0,,,1.0,,0.624183,,,2027-01-23 07:55:00
6002304.003630856,1.0,,,1.0,,0.689983,,,2027-01-23 08:00:00
6002305.003776415,1.0,,,1.0,,0.917386,,,2027-01-23 08:05:00
6002306.003921974,1.0,,,1.0,,1.003427,,,2027-01-23 08:10:00
6002307.004067534,1.0,,,1.0,,0.955692,,,2027-01-23 08:15:00
6002308.004213093,1.0,,,1.0,,1.051333,,,2027-01-23 08:20:00
6002309.004358652,1.0,,,1.0,,1.12302,,,2027-01-23 08:25:00
6002310.004504212,1.0,,,1.0,,1.184569,,,2027-01-23 08:30:00
6002311.004649771,1.0,,,1.0,,1.246815,,,2027-01-23 08:35:00
6002312.004795331,1.0,,,1.0,,1.17995,,,2027-01-23 08:40:00
6002313.00494089,1.0,,,1.0,,1.170172,,,2027-01-23 08:45:00
6002314.005086449,1.0,,,1.0,,1.192824,,,2027-01-23 08:50:00
6002315.005232008,1.0,,,1.0,,0.656936,,,2027-01-23 08:55:00
6002316.005377567,1.0,,,1.0,,0.038529,,,2027-01-23 09:00:00
6002317.0055231275,1.0,,,1.0,,0.047413,,,2027-01-23 09:05:00
6002318.005668687,1.0,,,1.0,,0.069976,,,2027-01-23 09:10:00
6002319.005814246,1.0,,,1.0,,0.09477,,,2027-01-23 09:15:00
6002320.005959805,1.0,,,1.0,,0.120682,,,2027-01-23 09:20:00
6002321.006105364,1.0,,,1.0,,0.150072,,,2027-01-23 09:25:00
6002322.0062509235,1.0,,,1.0,,0.188544,,,2027-01-23 09:30:00
6002323.006396483,1.0,,,1.0,,0.240619,,,2027-01-23 09:35:00
6002324.006542043,1.0,,,1.0,,0.094886,,,2027-01-23 09:40:00
6002325.006687602,1.0,,,1.0,,0.160574,,,2027-01-23 09:45:00
6002326.006833161,1.0,,,1.0,,0.097846,,,2027-01-23 09:50:00
6002327.00697872,1.0,,,1.0,,0.097582,,,2027-01-23 09:55:00
6002328.00712428,1.0,,,1.0,,0.104941,,,2027-01-23 10:00:00
6002329.007269839,1.0,,,1.0,,0.068468,,,2027-01-23 10:05:00
6002330.007415398,1.0,,,1.0,,0.0141,,,2027-01-23 10:10:00
6002331.007560958,1.0,,,1.0,,0.039783,,,2027-01-23 10:15:00
6002332.007706517,1.0,,,1.0,,0.076106,,,2027-01-23 10:20:00
6002333.007852077,1.0,,72.0,1.0,,0.009691,,,2027-01-23 10:25:00
6002334.007997636,1.0,,,1.0,,0.008308,,,2027-01-23 10:30:00
6002335.008143195,1.0,,,1.0,,0.0,,,2027-01-23 10:35:00
6002336.008288754,1.0,,,1.0,,0.009576,,,2027-01-23 10:40:00
6002337.008434313,1.0,,,1.0,,0.007328,,,2027-01-23 10:45:00
6002338.0085798735,1.0,,82.0,1.0,,0.007338,,8.2,2027-01-23 10:50:00
6002339.008725433,1.0,,,1.0,,0.031585,,,2027-01-23 10:55:00
6002340.008870992,1.0,,,1.0,,0.028475,,,2027-01-23 11:00:00
6002341.009016551,1.0,,,1.0,,0.621717,,,2027-01-23 11:05:00
6002342.00916211,1.0,,,1.0,,0.764726,,,2027-01-23 11:10:00
6002343.0093076695,1.0,,,1.0,,0.01284,,,2027-01-23 11:15:00
6002344.009453229,1.0,,,1.0,,0.00976,,,2027-01-23 11:20:00
6002345.009598789,1.0,,,1.0,,0.014638,,,2027-01-23 11:25:00
6002346.009744348,1.0,,,1.0,,0.069632,,,2027-01-23 11:30:00
6002347.009889907,1.0,,,1.0,,0.101188,,,2027-01-23 11:35:00
6002348.010035466,1.0,,,1.0,,0.009169,,,2027-01-23 11:40:00
6002349.010181026,1.0,,,1.0,,0.008986,,,2027-01-23 11:45:00
6002350.010326585,1.0,,,1.0,,0.007868,,,2027-01-23 11:50:00
6002351.010472144,1.0,,,1.0,,0.015901,,,2027-01-23 11:55:00
6002352.010617704,1.0,,,1.0,,0.00922,,,2027-01-23 12:00:00
6002353.010763263,1.0,,,1.0,,0.014508,,,2027-01-23 12:05:00
6002354.0109088225,1.0,,,1.0,,0.010209,,,2027-01-23 12:10:00
6002355.011054382,1.0,,,1.0,,0.021027,,,2027-01-23 12:15:00
6002356.011199941,1.0,,,1.0,,0.01174,,,2027-01-23 12:20:00
6002357.0113455,1.0,,,1.0,,0.030771,,,2027-01-23 12:25:00
6002358.011491059,1.0,,,1.0,,0.010364,,,2027-01-23 12:30:00
6002359.011636619,1.0,,142.0,1.0,,0.011372,,12.0,2027-01-23 12:35:00
6002360.011782179,1.0,,,1.0,,0.011507,,,2027-01-23 12:40:00
6002361.011927738,0.0,147.0,142.0,1.0,,0.017753,,,2027-01-23 12:45:00
6002362.012073297,0.0,158.0,,1.0,,0.019502,,,2027-01-23 12:50:00
6002363.012218856,0.0,160.0,,1.0,,0.038669,,,2027-01-23 12:55:00
6002364.012364415,0.0,160.0,,1.0,,0.01319,,,2027-01-23 13:00:00
6002365.012509975,0.0,157.0,,1.0,,0.021489,,,2027-01-23 13:05:00
6002366.012655535,0.0,156.0,,1.0,,0.013972,,,2027-01-23 13:10:00
6002367.012801094,0.0,153.0,,1.0,,0.012621,,,2027-01-23 13:15:00
6002368.012946653,0.0,153.0,,1.0,,0.016708,,,2027-01-23 13:20:00
6002369.013092212,0.0,154.0,,1.0,,0.011122,,,2027-01-23 13:25:00
6002370.013237772,0.0,156.0,,1.0,,0.052305,,,2027-01-23 13:30:00
6002371.013383331,0.0,161.0,,1.0,,0.086018,,,2027-01-23 13:35:00
6002372.01352889,0.0,163.0,,1.0,,0.140403,,,2027-01-23 13:40:00
6002373.01367445,0.0,166.0,,1.0,,0.362608,,,2027-01-23 13:45:00
6002374.013820009,0.0,170.0,,1.0,,0.484502,,,2027-01-23 13:50:00
6002375.0139655685,0.0,173.0,,1.0,,0.903849,,,2027-01-23 13:55:00
6002376.014111128,0.0,168.0,,1.0,,3.603798,,,2027-01-23 14:00:00
6002377.014256687,0.0,164.0,,1.0,,6.488209,,,2027-01-23 14:05:00
6002378.014402246,0.0,161.0,,1.0,,5.753203,,,2027-01-23 14:10:00
6002379.014547805,0.0,155.0,,1.0,,4.843721,,,2027-01-23 14:15:00
6002380.014693365,0.0,151.0,,1.0,,4.415734,,,2027-01-23 14:20:00
6002381.014838925,0.0,149.0,,1.0,,4.157387,,,2027-01-23 14:25:00
6002382.014984484,0.0,146.0,,1.0,,3.978143,,,2027-01-23 14:30:00
6002383.015130043,0.0,147.0,,1.0,,3.813137,,,2027-01-23 14:35:00
6002384.015275602,0.0,150.0,,1.0,,3.709515,,,2027-01-23 14:40:00
6002385.015421161,0.0,154.0,,1.0,,3.689395,,,2027-01-23 14:45:00
6002386.015566721,0.0,157.0,,1.0,,3.67087,,,2027-01-23 14:50:00
6002387.015712281,0.0,164.0,,1.0,,3.696016,,,2027-01-23 14:55:00
6002388.01585784,0.0,177.0,,1.0,,3.729906,,,2027-01-23 15:00:00
6002389.016003399,0.0,188.0,,1.0,,3.749801,,,2027-01-23 15:05:00
6002390.016148958,0.0,181.0,,1.0,,3.768201,,,2027-01-23 15:10:00
6002391.016294518,0.0,173.0,,1.0,,3.792818,,,2027-01-23 15:15:00
6002392.016440077,0.0,167.0,,1.0,,3.837568,,,2027-01-23 15:20:00
6002393.016585636,0.0,162.0,,1.0,,3.846439,,,2027-01-23 15:25:00
6002394.016731196,0.0,160.0,,1.0,,3.881947,,,2027-01-23 15:30:00
6002395.016876755,0.0,161.0,,1.0,,3.916619,,,2027-01-23 15:35:00
6002396.0170223145,0.0,164.0,,1.0,,3.949837,,,2027-01-23 15:40:00
6002397.017167874,0.0,169.0,,1.0,,3.977938,,,2027-01-23 15:45:00
6002398.017313433,0.0,174.0,,1.0,,4.04103,,,2027-01-23 15:50:00
6002399.017458992,0.0,177.0,,1.0,,4.04536,,,2027-01-23 15:55:00
6002400.017604551,0.0,180.0,,1.0,,4.07942,,,2027-01-23 16:00:00
6002401.017750111,0.0,182.0,,1.0,,0.042305,,,2027-01-23 16:05:00
6002402.017895671,0.0,189.0,194.0,1.0,,0.020565,,7.4,2027-01-23 16:10:00
6002403.01804123,0.0,199.0,,1.0,,0.020477,,,2027-01-23 16:15:00
6002404.018186789,0.0,213.0,,1.0,,0.009304,,,2027-01-23 16:20:00
6002405.018332348,0.0,219.0,,1.0,,0.00536,,,2027-01-23 16:25:00
6002406.018477907,0.0,217.0,,1.0,,0.005958,,,2027-01-23 16:30:00
6002407.018623467,0.0,219.0,,1.0,,0.023626,,,2027-01-23 16:35:00
6002408.018769027,0.0,234.0,,1.0,,0.015578,,,2027-01-23 16:40:00
6002409.018914586,0.0,243.0,,1.0,,0.014201,,,2027-01-23 16:45:00
6002410.019060145,0.0,247.0,,1.0,,0.019788,,,2027-01-23 16:50:00
6002411.019205704,0.0,248.0,,1.0,,0.010784,,,2027-01-23 16:55:00
6002412.0193512635,0.0,245.0,,1.0,,0.008113,,,2027-01-23 17:00:00
6002413.019496823,0.0,239.0,,1.0,,0.0,,,2027-01-23 17:05:00
6002414.019642382,0.0,240.0,,1.0,,0.075393,,,2027-01-23 17:10:00
6002415.019787942,0.0,246.0,,1.0,,0.541387,,,2027-01-23 17:15:00
6002416.019933501,0.0,251.0,,1.0,,2.087405,,,2027-01-23 17:20:00
6002417.02007906,0.0,261.0,,1.0,,7.034895,,,2027-01-23 17:25:00
6002418.02022462,0.0,277.0,,1.0,,8.559199,,,2027-01-23 17:30:00
6002419.020370179,0.0,281.0,,1.0,,11.114843,,,2027-01-23 17:35:00
6002420.020515738,0.0,288.0,,1.0,,13.544717,,,2027-01-23 17:40:00
6002421.020661297,0.0,290.0,,1.0,,14.776432,,,2027-01-23 17:45:00
6002422.020806857,0.0,291.0,,1.0,,0.92794,,,2027-01-23 17:50:00
6002423.020952417,0.0,292.0,,1.0,,0.041107,,,2027-01-23 17:55:00
6002424.021097976,0.0,295.0,,1.0,,0.143655,,,2027-01-23 18:00:00
6002425.021243535,0.0,299.0,,1.0,,0.024518,,,2027-01-23 18:05:00
6002426.021389094,0.0,302.0,,1.0,,0.049329,,,2027-01-23 18:10:00
6002427.021534653,0.0,301.0,,1.0,,0.082984,,,2027-01-23 18:15:00
6002428.021680213,0.0,308.0,308.0,1.0,,0.12559,,17.4,2027-01-23 18:20:00
6002429.021825773,0.0,326.0,,1.0,,0.163069,,,2027-01-23 18:25:00
6002430.021971332,0.0,331.0,,1.0,,0.416395,,,2027-01-23 18:30:00
6002431.022116891,1.0,,,1.0,,1.063658,,,2027-01-23 18:35:00
6002432.02226245,1.0,,,1.0,,2.293684,,,2027-01-23 18:40:00
6002433.0224080095,1.0,,,1.0,,0.845255,,,2027-01-23 18:45:00
6002434.022553569,1.0,,,1.0,,0.442448,,,2027-01-23 18:50:00
6002435.022699128,1.0,,,1.0,,1.104698,,,2027-01-23 18:55:00
6002436.022844688,1.0,,,1.0,,1.746415,,,2027-01-23 19:00:00
6002437.022990247,1.0,,,1.0,,1.77094,,,2027-01-23 19:05:00
6002438.023135806,1.0,,,1.0,,1.380327,,,2027-01-23 19:10:00
6002439.023281366,1.0,,,1.0,,1.189545,,,2027-01-23 19:15:00
6002440.023426925,1.0,,,1.0,,1.144327,,,2027-01-23 19:20:00
6002441.023572484,1.0,,,1.0,,0.029717,,,2027-01-23 19:25:00
6002442.023718043,1.0,,,1.0,,0.060463,,,2027-01-23 19:30:00
6002443.023863603,1.0,,,1.0,,0.012299,,,2027-01-23 19:35:00
6002444.024009163,1.0,,,1.0,,0.052632,,,2027-01-23 19:40:00
6002445.024154722,1.0,,,1.0,,0.54793,,,2027-01-23 19:45:00
6002446.024300281,1.0,,,1.0,,0.432313,,,2027-01-23 19:50:00
6002447.02444584,1.0,,,1.0,,0.243807,,,2027-01-23 19:55:00
6002448.024591399,1.0,,,1.0,,0.067793,,,2027-01-23 20:00:00
6002449.024736959,1.0,,,1.0,,0.081112,,,2027-01-23 20:05:00
6002450.024882519,1.0,,,1.0,,0.136884,,,2027-01-23 20:10:00
6002451.025028078,1.0,,,1.0,,0.270139,,,2027-01-23 20:15:00
6002452.025173637,1.0,,,1.0,,0.118476,,,2027-01-23 20:20:00
6002453.025319196,1.0,,,1.0,,0.160287,,,2027-01-23 20:25:00
6002454.0254647555,1.0,,,1.0,,0.32574,,,2027-01-23 20:30:00
6002455.025610315,1.0,,,1.0,,0.387921,,,2027-01-23 20:35:00
6002456.025755874,1.0,,,1.0,,0.383838,,,2027-01-23 20:40:00
6002457.025901434,1.0,,,1.0,,0.191143,,,2027-01-23 20:45:00
6002458.026046993,1.0,,,1.0,,0.334376,,,2027-01-23 20:50:00
6002459.026192552,1.0,,103.0,1.0,,0.579831,,9.0,2027-01-23 20:55:00
6002460.026338112,1.0,,,1.0,,0.244736,,,2027-01-23 21:00:00
6002461.026483671,1.0,,,1.0,,0.470218,,,2027-01-23 21:05:00
6002462.02662923,0.0,106.0,103.0,1.0,,0.401377,,,2027-01-23 21:10:00
6002463.026774789,0.0,107.0,,1.0,,0.613166,,,2027-01-23 21:15:00
6002464.026920349,0.0,107.0,,1.0,,0.269259,,,2027-01-23 21:20:00
6002465.027065909,0.0,105.0,,1.0,,0.390643,,,2027-01-23 21:25:00
6002466.027211468,0.0,100.0,,1.0,,0.286435,,,2027-01-23 21:30:00
6002467.027357027,0.0,94.0,,1.0,,0.26076,,,2027-01-23 21:35:00
6002468.027502586,0.0,90.0,,1.0,,0.282294,,,2027-01-23 21:40:00
6002469.027648145,0.0,96.0,,1.0,,0.333663,,,2027-01-23 21:45:00
6002470.0277937045,0.0,100.0,,1.0,,0.214928,,,2027-01-23 21:50:00
6002471.027939265,0.0,93.0,,1.0,,0.201714,,,2027-01-23 21:55:00
6002472.028084824,0.0,89.0,,1.0,,0.268025,,,2027-01-23 22:00:00
6002473.028230383,0.0,94.0,,1.0,,0.237246,,,2027-01-23 22:05:00
6002474.028375942,0.0,97.0,,1.0,,0.319187,,,2027-01-23 22:10:00
6002475.028521501,0.0,98.0,,1.0,,0.324977,,,2027-01-23 22:15:00
6002476.028667061,0.0,96.0,,1.0,,0.0,,,2027-01-23 22:20:00
6002477.02881262,0.0,96.0,,1.0,,,,,2027-01-23 22:25:00
6002478.02895818,0.0,93.0,,1.0,,,,,2027-01-23 22:30:00
6002479.029103739,0.0,90.0,,1.0,,,,,2027-01-23 22:35:00
6002480.029249298,0.0,88.0,,1.0,,,,,2027-01-23 22:40:00
6002481.029394858,0.0,86.0,,1.0,,,,,2027-01-23 22:45:00
6002482.029540417,0.0,86.0,,1.0,,,,,2027-01-23 22:50:00
6002483.029685976,0.0,86.0,,1.0,,,,,2027-01-23 22:55:00
6002484.029831535,0.0,85.0,,1.0,,,,,2027-01-23 23:00:00
6002485.029977095,0.0,84.0,,1.0,,,,,2027-01-23 23:05:00
6002486.0301226545,0.0,91.0,,1.0,,,,,2027-01-23 23:10:00
6002487.030268214,0.0,105.0,,1.0,,,,,2027-01-23 23:15:00
6002488.030413773,0.0,107.0,,1.0,,,,,2027-01-23 23:20:00
6002489.030559332,0.0,102.0,,1.0,,,,,2027-01-23 23:25:00
6002490.030704891,0.0,99.0,,1.0,,,,,2027-01-23 23:30:00
6002491.0308504505,0.0,96.0,,1.0,,,,,2027-01-23 23:35:00
6002492.030996011,0.0,95.0,,1.0,,,,,2027-01-23 23:40:00
6002493.03114157,0.0,95.0,,1.0,,,,,2027-01-23 23:45:00
6002494.031287129,0.0,96.0,,1.0,,,,,2027-01-23 23:50:00
6002495.031432688,0.0,96.0,,1.0,,,,,2027-01-23 23:55:00
6002496.031578247,0.0,94.0,,1.0,,,,,2027-01-24 00:00:00
6002497.031723807,0.0,90.0,,0.85,,0.00871,,,2027-01-24 00:05:00
6002498.031869366,0.0,89.0,,0.85,,0.0,,,2027-01-24 00:10:00
6002499.032014926,0.0,89.0,,0.85,,,,,2027-01-24 00:15:00
6002500.032160485,0.0,93.0,,0.0,,,,,2027-01-24 00:20:00
6002501.032306044,0.0,104.0,,0.0,,,,,2027-01-24 00:25:00
6002502.032451604,0.0,110.0,,0.0,,,,,2027-01-24 00:30:00
6002503.032597163,0.0,110.0,,0.0,,0.018907,,,2027-01-24 00:35:00
6002504.032742722,0.0,110.0,,0.0,,0.043461,,,2027-01-24 00:40:00
6002505.032888281,0.0,110.0,,0.0,,0.022829,,,2027-01-24 00:45:00
6002506.033033841,0.0,110.0,,0.0,,0.019949,,,2027-01-24 00:50:00
6002507.0331794005,0.0,113.0,,0.85,,0.019499,,,2027-01-24 00:55:00
6002508.03332496,0.0,115.0,,0.85,,0.018206,,,2027-01-24 01:00:00
6002509.033470519,0.0,115.0,,0.85,,0.016266,,,2027-01-24 01:05:00
6002510.033616078,0.0,116.0,,0.85,,0.016317,,,2027-01-24 01:10:00
6002511.033761637,0.0,117.0,,0.85,,0.015982,,,2027-01-24 01:15:00
6002512.0339071965,0.0,115.0,,0.85,,0.02976,,,2027-01-24 01:20:00
6002513.034052757,0.0,113.0,,0.85,,0.033819,,,2027-01-24 01:25:00
6002514.034198316,0.0,113.0,,0.85,,0.037571,,,2027-01-24 01:30:00
6002515.034343875,0.0,114.0,,0.85,,0.040901,,,2027-01-24 01:35:00
6002516.034489434,0.0,121.0,,0.85,,0.042832,,,2027-01-24 01:40:00
6002517.034634993,0.0,124.0,,0.85,,0.157836,,,2027-01-24 01:45:00
6002518.034780553,0.0,124.0,,0.85,,0.370751,,,2027-01-24 01:50:00
6002519.034926112,0.0,125.0,,0.85,,1.89299,,,2027-01-24 01:55:00
6002520.035071672,0.0,126.0,,0.85,,2.658132,,,2027-01-24 02:00:00
6002521.035217231,0.0,126.0,,0.85,,0.628801,,,2027-01-24 02:05:00
6002522.03536279,0.0,125.0,,0.85,,0.550791,,,2027-01-24 02:10:00
6002523.03550835,0.0,125.0,,0.85,,0.86785,,,2027-01-24 02:15:00
6002524.035653909,0.0,125.0,,0.85,,0.399706,,,2027-01-24 02:20:00
6002525.035799468,0.0,124.0,,0.85,,0.212208,,,2027-01-24 02:25:00
6002526.035945027,0.0,124.0,,0.85,,0.395502,,,2027-01-24 02:30:00
6002527.036090587,0.0,124.0,,0.85,,0.295407,,,2027-01-24 02:35:00
6002528.036236146,0.0,124.0,,0.85,,0.339776,,,2027-01-24 02:40:00
6002529.036381706,0.0,130.0,,0.85,,0.53734,,,2027-01-24 02:45:00
6002530.036527265,0.0,139.0,,0.85,,0.335479,,,2027-01-24 02:50:00
6002531.036672824,0.0,140.0,,0.85,,0.255945,,,2027-01-24 02:55:00
6002532.036818383,0.0,141.0,,0.85,,0.204064,,,2027-01-24 03:00:00
6002533.036963942,0.0,142.0,,1.75,,0.208605,,,2027-01-24 03:05:00
6002534.037109503,0.0,143.0,,1.75,,0.108399,,,2027-01-24 03:10:00
6002535.037255062,0.0,143.0,,1.75,,0.063284,,,2027-01-24 03:15:00
6002536.037400621,0.0,145.0,,1.75,,0.027984,,,2027-01-24 03:20:00
6002537.03754618,0.0,150.0,,1.75,,0.034666,,,2027-01-24 03:25:00
6002538.037691739,0.0,151.0,,1.75,,0.040068,,,2027-01-24 03:30:00
6002539.037837299,0.0,151.0,,1.75,,0.037035,,,2027-01-24 03:35:00
6002540.037982858,0.0,152.0,,1.75,,0.044976,,,2027-01-24 03:40:00
6002541.038128418,0.0,153.0,,1.75,,0.049381,,,2027-01-24 03:45:00
6002542.038273977,0.0,150.0,,1.75,,0.08473,,,2027-01-24 03:50:00
6002543.038419536,0.0,149.0,,1.75,,0.235265,,,2027-01-24 03:55:00
6002544.0385650955,0.0,148.0,,1.75,,0.028771,,,2027-01-24 04:00:00
6002545.038710655,0.0,144.0,,1.75,,0.024983,,,2027-01-24 04:05:00
6002546.038856214,0.0,142.0,,1.75,,0.038389,,,2027-01-24 04:10:00
6002547.039001773,0.0,140.0,,1.75,,0.037062,,,2027-01-24 04:15:00
6002548.039147333,0.0,146.0,,1.75,,0.038005,,,2027-01-24 04:20:00
6002549.039292892,0.0,149.0,,1.75,,0.039127,,,2027-01-24 04:25:00
6002550.039438452,0.0,148.0,,1.75,,0.040209,,,2027-01-24 04:30:00
6002551.039584011,0.0,148.0,,1.75,,0.031729,,,2027-01-24 04:35:00
6002552.03972957,0.0,145.0,,1.75,,0.026175,,,2027-01-24 04:40:00
6002553.039875129,0.0,138.0,,1.75,,0.033891,,,2027-01-24 04:45:00
6002554.040020688,0.0,132.0,,1.75,,0.043328,,,2027-01-24 04:50:00
6002555.040166249,0.0,127.0,,1.75,,0.041225,,,2027-01-24 04:55:00
6002556.040311808,0.0,125.0,,1.75,,0.019629,,,2027-01-24 05:00:00
6002557.040457367,0.0,122.0,,1.75,,0.041995,,,2027-01-24 05:05:00
6002558.040602926,0.0,119.0,,1.75,,0.057787,,,2027-01-24 05:10:00
6002559.040748485,0.0,117.0,,1.75,,0.077445,,,2027-01-24 05:15:00
6002560.040894045,0.0,120.0,,1.75,,0.092708,,,2027-01-24 05:20:00
6002561.041039604,0.0,122.0,,1.75,,0.021733,,,2027-01-24 05:25:00
6002562.041185164,0.0,121.0,,1.75,,0.031764,,,2027-01-24 05:30:00
6002563.041330723,0.0,121.0,,1.75,,0.028181,,,2027-01-24 05:35:00
6002564.041476282,0.0,122.0,,1.75,,0.039008,,,2027-01-24 05:40:00
6002565.0416218415,0.0,123.0,,1.75,,0.047008,,,2027-01-24 05:45:00
6002566.041767401,0.0,124.0,,1.75,,0.053211,,,2027-01-24 05:50:00
6002567.04191296,0.0,127.0,,1.75,,0.063441,,,2027-01-24 05:55:00
6002568.042058519,0.0,130.0,,1.75,,0.072194,,,2027-01-24 06:00:00
6002569.042204079,0.0,129.0,,1.75,,0.074143,,,2027-01-24 06:05:00
6002570.042349638,0.0,129.0,,1.75,,0.061223,,,2027-01-24 06:10:00
6002571.042495198,0.0,128.0,,1.75,,0.058278,,,2027-01-24 06:15:00
6002572.042640757,0.0,128.0,,1.75,,0.067434,,,2027-01-24 06:20:00
6002573.042786316,0.0,127.0,,1.75,,0.022332,,,2027-01-24 06:25:00
6002574.042931875,0.0,122.0,,1.75,,0.045088,,,2027-01-24 06:30:00
6002575.043077434,0.0,116.0,,1.75,,0.060662,,,2027-01-24 06:35:00
6002576.043222995,0.0,111.0,,1.75,,0.076354,,,2027-01-24 06:40:00
6002577.043368554,0.0,109.0,,1.75,,0.077574,,,2027-01-24 06:45:00
6002578.043514113,0.0,106.0,,1.75,,0.091159,,,2027-01-24 06:50:00
6002579.043659672,0.0,107.0,,1.75,,0.108138,,,2027-01-24 06:55:00
6002580.043805231,0.0,111.0,,1.75,,0.125307,,,2027-01-24 07:00:00
6002581.043950791,0.0,112.0,,1.75,,0.154043,,,2027-01-24 07:05:00
6002582.04409635,0.0,111.0,,1.75,,0.145089,,,2027-01-24 07:10:00
6002583.04424191,0.0,111.0,,1.75,,0.013649,,,2027-01-24 07:15:00
6002584.044387469,0.0,111.0,,1.75,,0.013859,,,2027-01-24 07:20:00
6002585.044533028,0.0,111.0,,1.75,,0.014175,,,2027-01-24 07:25:00
6002586.0446785875,0.0,110.0,,1.75,,8.711741,,,2027-01-24 07:30:00
6002587.044824147,0.0,110.0,,1.75,,2.963645,,,2027-01-24 07:35:00
6002588.044969706,0.0,111.0,,1.75,,0.177062,,,2027-01-24 07:40:00
6002589.045115265,0.0,116.0,,1.75,,0.036256,,,2027-01-24 07:45:00
6002590.045260825,0.0,118.0,,1.75,,0.042588,,,2027-01-24 07:50:00
6002591.045406384,0.0,114.0,,1.75,,0.035003,,,2027-01-24 07:55:00
6002592.045551944,0.0,109.0,,1.75,,0.014058,,,2027-01-24 08:00:00
6002593.045697503,0.0,109.0,,1.35,,0.016265,,,2027-01-24 08:05:00
6002594.045843062,0.0,114.0,,1.35,,0.083679,,,2027-01-24 08:10:00
6002595.045988621,0.0,113.0,,1.35,,0.019999,,,2027-01-24 08:15:00
6002596.04613418,0.0,113.0,,1.35,,0.014154,,,2027-01-24 08:20:00
6002597.0462797405,0.0,113.0,,1.35,,0.014681,,,2027-01-24 08:25:00
6002598.0464253,0.0,114.0,,1.35,,0.01535,,,2027-01-24 08:30:00
6002599.046570859,0.0,121.0,,1.35,,0.01338,,,2027-01-24 08:35:00
6002600.046716418,0.0,124.0,,1.35,,0.01412,,,2027-01-24 08:40:00
6002601.046861977,0.0,126.0,,1.35,,0.014631,,,2027-01-24 08:45:00
6002602.0470075365,0.0,127.0,,1.35,,0.019974,,,2027-01-24 08:50:00
6002603.047153096,0.0,130.0,,1.35,,0.012481,,,2027-01-24 08:55:00
6002604.047298656,1.0,,,1.35,,0.013516,,,2027-01-24 09:00:00
6002605.047444215,1.0,,164.0,1.35,,0.022854,,4.4,2027-01-24 09:05:00
6002606.047589774,1.0,,,1.35,,0.014672,,,2027-01-24 09:10:00
6002607.047735333,0.0,158.0,164.0,1.35,,0.015142,,,2027-01-24 09:15:00
6002608.047880893,0.0,155.0,,1.35,,0.010171,,,2027-01-24 09:20:00
6002609.048026452,0.0,152.0,,1.35,,0.0,,,2027-01-24 09:25:00
6002610.048172011,0.0,155.0,,1.35,,,,,2027-01-24 09:30:00
6002611.048317571,0.0,169.0,,1.35,,,,,2027-01-24 09:35:00
6002612.04846313,0.0,181.0,,1.35,,0.01326,,,2027-01-24 09:40:00
6002613.04860869,0.0,186.0,,1.35,,0.0,,,2027-01-24 09:45:00
6002614.048754249,0.0,192.0,,1.35,,0.011267,,,2027-01-24 09:50:00
6002615.048899808,0.0,198.0,,1.35,,0.013164,,,2027-01-24 09:55:00
6002616.049045367,0.0,203.0,,1.35,,0.013563,,,2027-01-24 10:00:00
6002617.049190926,0.0,207.0,,1.15,,0.017363,,,2027-01-24 10:05:00
6002618.0493364865,0.0,211.0,,1.15,,0.016315,,,2027-01-24 10:10:00
6002619.049482046,0.0,215.0,,1.15,,0.027421,,,2027-01-24 10:15:00
6002620.049627605,0.0,216.0,,1.15,,0.015366,,,2027-01-24 10:20:00
6002621.049773164,0.0,208.0,,1.15,,0.0,,,2027-01-24 10:25:00
6002622.049918723,0.0,206.0,210.0,1.15,,0.019244,,18.6,2027-01-24 10:30:00
6002623.0500642825,0.0,213.0,,1.15,,0.021614,,,2027-01-24 10:35:00
6002624.050209842,0.0,218.0,,1.15,,0.03039,,,2027-01-24 10:40:00
6002625.050355402,0.0,218.0,,1.15,,0.022043,,,2027-01-24 10:45:00
6002626.050500961,0.0,219.0,,1.15,,0.026159,,,2027-01-24 10:50:00
6002627.05064652,0.0,222.0,,1.15,,0.031442,,,2027-01-24 10:55:00
6002628.050792079,0.0,222.0,,1.15,,0.033273,,,2027-01-24 11:00:00
6002629.050937639,0.0,219.0,,1.15,,0.020268,,,2027-01-24 11:05:00
6002630.051083198,0.0,216.0,,1.15,,0.019342,,,2027-01-24 11:10:00
6002631.051228757,0.0,211.0,,1.15,,0.029004,,,2027-01-24 11:15:00
6002632.051374317,0.0,203.0,,1.15,,0.041249,,,2027-01-24 11:20:00
6002633.051519876,0.0,198.0,,1.15,,0.060294,,,2027-01-24 11:25:00
6002634.051665436,0.0,199.0,,1.15,,0.086772,,,2027-01-24 11:30:00
6002635.051810995,0.0,196.0,,1.15,,0.103423,,,2027-01-24 11:35:00
6002636.051956554,0.0,196.0,,1.15,,0.139723,,,2027-01-24 11:40:00
6002637.052102113,0.0,196.0,,1.15,,0.049803,,,2027-01-24 11:45:00
6002638.052247672,0.0,194.0,,1.15,,0.118929,,,2027-01-24 11:50:00
6002639.0523932325,0.0,193.0,,1.15,,0.291785,,,2027-01-24 11:55:00
6002640.052538792,0.0,192.0,,1.15,,0.629662,,,2027-01-24 12:00:00
6002641.052684351,0.0,190.0,,1.15,,0.996571,,,2027-01-24 12:05:00
6002642.05282991,0.0,187.0,,1.15,,1.511509,,,2027-01-24 12:10:00
6002643.052975469,0.0,182.0,,1.15,,1.901841,,,2027-01-24 12:15:00
6002644.0531210285,0.0,178.0,,1.15,,0.090066,,,2027-01-24 12:20:00
6002645.053266588,0.0,174.0,,1.15,,0.235318,,,2027-01-24 12:25:00
6002646.053412148,0.0,179.0,,1.15,,0.085391,,,2027-01-24 12:30:00
6002647.053557707,0.0,177.0,,1.1,,0.046187,,,2027-01-24 12:35:00
6002648.053703266,0.0,163.0,,1.1,,0.103809,,,2027-01-24 12:40:00
6002649.053848825,0.0,150.0,,1.1,,0.117954,,,2027-01-24 12:45:00
6002650.053994385,0.0,141.0,,1.1,,0.142828,,,2027-01-24 12:50:00
6002651.054139944,0.0,133.0,,1.1,,0.173282,,,2027-01-24 12:55:00
6002652.054285503,0.0,125.0,,1.1,,0.116005,,,2027-01-24 13:00:00
6002653.054431063,0.0,118.0,,1.1,,0.206061,,,2027-01-24 13:05:00
6002654.054576622,0.0,110.0,,1.1,,0.38398,,,2027-01-24 13:10:00
6002655.0547221815,0.0,105.0,,1.1,,0.441261,,,2027-01-24 13:15:00
6002656.054867741,0.0,107.0,,1.1,,0.370352,,,2027-01-24 13:20:00
6002657.0550133,0.0,110.0,,1.1,,0.686411,,,2027-01-24 13:25:00
6002658.055158859,0.0,111.0,,1.1,,0.589625,,,2027-01-24 13:30:00
6002659.055304418,0.0,110.0,,1.1,,0.82495,,,2027-01-24 13:35:00
6002660.055449978,0.0,109.0,,1.1,,1.180359,,,2027-01-24 13:40:00
6002661.055595538,0.0,109.0,,1.1,,0.519671,,,2027-01-24 13:45:00
6002662.055741097,0.0,106.0,,1.1,,0.145416,,,2027-01-24 13:50:00
6002663.055886656,0.0,101.0,,1.1,,0.183365,,,2027-01-24 13:55:00
6002664.056032215,0.0,98.0,,1.1,,0.60193,,,2027-01-24 14:00:00
6002665.056177774,0.0,99.0,,1.1,,0.325583,,,2027-01-24 14:05:00
6002666.056323334,0.0,106.0,,1.1,,0.33935,,,2027-01-24 14:10:00
6002667.056468894,0.0,113.0,,1.1,,0.108084,,,2027-01-24 14:15:00
6002668.056614453,0.0,120.0,,1.1,,0.211465,,,2027-01-24 14:20:00
6002669.056760012,0.0,130.0,,1.1,,0.219884,,,2027-01-24 14:25:00
6002670.056905571,0.0,141.0,,1.1,,0.271521,,,2027-01-24 14:30:00
6002671.057051131,0.0,151.0,,1.1,,0.031102,,,2027-01-24 14:35:00
6002672.05719669,0.0,160.0,184.0,1.1,,0.03625,,15.0,2027-01-24 14:40:00
6002673.057342249,0.0,167.0,,1.1,,0.040209,,,2027-01-24 14:45:00
6002674.057487809,0.0,174.0,,1.1,,0.03134,,,2027-01-24 14:50:00
6002675.057633368,0.0,183.0,,1.1,,0.041174,,,2027-01-24 14:55:00
6002676.0577789275,0.0,191.0,,1.1,,0.051301,,,2027-01-24 15:00:00
6002677.057924487,0.0,197.0,,1.1,,0.017494,,,2027-01-24 15:05:00
6002678.058070046,0.0,200.0,,1.1,,0.029431,,,2027-01-24 15:10:00
6002679.058215605,0.0,206.0,,1.1,,0.042142,,,2027-01-24 15:15:00
6002680.058361164,0.0,206.0,,1.1,,0.056942,,,2027-01-24 15:20:00
6002681.058506724,0.0,196.0,,1.1,,0.022187,,,2027-01-24 15:25:00
6002682.058652284,0.0,188.0,,1.1,,0.07327,,,2027-01-24 15:30:00
6002683.058797843,0.0,180.0,,1.1,,0.018031,,,2027-01-24 15:35:00
6002684.058943402,0.0,171.0,,1.1,,0.025394,,,2027-01-24 15:40:00
6002685.059088961,0.0,162.0,,1.1,,0.024233,,,2027-01-24 15:45:00
6002686.05923452,0.0,154.0,,1.1,,0.026257,,,2027-01-24 15:50:00
6002687.05938008,0.0,147.0,,1.1,,0.039751,,,2027-01-24 15:55:00
6002688.05952564,0.0,141.0,,1.1,,0.0,,,2027-01-24 16:00:00
6002689.059671199,0.0,133.0,,1.1,,,,,2027-01-24 16:05:00
6002690.059816758,0.0,127.0,,1.1,,,,,2027-01-24 16:10:00
6002691.059962317,0.0,114.0,,1.1,,,,,2027-01-24 16:15:00
6002692.060107877,0.0,101.0,,1.1,,,,,2027-01-24 16:20:00
6002693.060253436,0.0,92.0,,1.1,,,,,2027-01-24 16:25:00
6002694.060398995,0.0,85.0,,1.1,,,,,2027-01-24 16:30:00
6002695.060544555,0.0,80.0,,1.1,,,,,2027-01-24 16:35:00
6002696.060690114,0.0,77.0,,1.1,,,,,2027-01-24 16:40:00
6002697.0608356735,0.0,74.0,,1.1,,,,,2027-01-24 16:45:00
6002698.060981233,0.0,76.0,,1.1,,,,,2027-01-24 16:50:00
6002699.061126792,0.0,81.0,,1.1,,,,,2027-01-24 16:55:00
6002700.061272351,0.0,85.0,,1.1,,,,,2027-01-24 17:00:00
6002701.06141791,0.0,89.0,,1.1,,,,,2027-01-24 17:05:00
6002702.06156347,0.0,87.0,,1.1,,,,,2027-01-24 17:10:00
6002703.06170903,0.0,81.0,,1.1,,,,,2027-01-24 17:15:00
6002704.061854589,0.0,75.0,,1.1,,,,,2027-01-24 17:20:00
6002705.062000148,0.0,69.0,,1.1,,,,,2027-01-24 17:25:00
6002706.062145707,0.0,62.0,,1.1,,,,,2027-01-24 17:30:00
6002707.062291266,0.0,60.0,,1.1,,,,,2027-01-24 17:35:00
6002708.062436826,0.0,56.0,,1.1,,,,,2027-01-24 17:40:00
6002709.062582386,0.0,51.0,,1.1,,,,,2027-01-24 17:45:00
6002710.062727945,0.0,51.0,,1.1,,,,,2027-01-24 17:50:00
6002711.062873504,0.0,49.0,,1.1,,,,,2027-01-24 17:55:00
6002712.063019063,0.0,49.0,,1.1,,,,,2027-01-24 18:00:00
6002713.0631646225,0.0,51.0,,1.2,,,,,2027-01-24 18:05:00
6002714.063310182,0.0,52.0,,1.2,,,,,2027-01-24 18:10:00
6002715.063455741,0.0,54.0,,1.2,,,,,2027-01-24 18:15:00
6002716.063601301,0.0,59.0,,1.2,,,,,2027-01-24 18:20:00
6002717.06374686,0.0,72.0,,1.2,,,,,2027-01-24 18:25:00
6002718.063892419,0.0,87.0,,1.2,,,,,2027-01-24 18:30:00
6002719.064037979,0.0,97.0,,1.2,,,,,2027-01-24 18:35:00
6002720.064183538,0.0,111.0,,1.2,,,,,2027-01-24 18:40:00
6002721.064329097,0.0,125.0,,1.2,,,,,2027-01-24 18:45:00
6002722.064474656,0.0,137.0,,1.2,,,,,2027-01-24 18:50:00
6002723.064620216,0.0,146.0,,1.2,,,,,2027-01-24 18:55:00
6002724.064765776,0.0,150.0,,1.2,,,,,2027-01-24 19:00:00
6002725.064911335,0.0,152.0,,1.2,,,,,2027-01-24 19:05:00
6002726.065056894,0.0,155.0,,1.2,,,,,2027-01-24 19:10:00
6002727.065202453,0.0,161.0,,1.2,,,,,2027-01-24 19:15:00
6002728.065348012,0.0,168.0,,1.2,,,,,2027-01-24 19:20:00
6002729.065493572,0.0,176.0,,1.2,,,,,2027-01-24 19:25:00
6002730.065639132,0.0,182.0,,1.2,,,,,2027-01-24 19:30:00
6002731.065784691,0.0,186.0,,1.2,,,,,2027-01-24 19:35:00
6002732.06593025,0.0,193.0,,1.2,,,,,2027-01-24 19:40:00
6002733.066075809,0.0,204.0,,1.2,,,,,2027-01-24 19:45:00
6002734.0662213685,0.0,205.0,,1.2,,,,,2027-01-24 19:50:00
6002735.066366928,0.0,201.0,,1.2,,,,,2027-01-24 19:55:00
6002736.066512487,0.0,196.0,,1.2,,,,,2027-01-24 20:00:00
6002737.066658047,0.0,190.0,,1.2,,,,,2027-01-24 20:05:00
6002738.066803606,0.0,184.0,,1.2,,,,,2027-01-24 20:10:00
6002739.066949165,0.0,178.0,,1.2,,,,,2027-01-24 20:15:00
6002740.067094725,0.0,172.0,,1.2,,,,,2027-01-24 20:20:00
6002741.067240284,0.0,167.0,177.0,1.2,,,,9.2,2027-01-24 20:25:00
6002742.067385843,0.0,159.0,,1.2,,,,,2027-01-24 20:30:00
6002743.067531402,0.0,152.0,,1.2,,,,,2027-01-24 20:35:00
6002744.067676962,0.0,146.0,,1.2,,,,,2027-01-24 20:40:00
6002745.067822522,0.0,144.0,,1.2,,,,,2027-01-24 20:45:00
6002746.067968081,0.0,146.0,,1.2,,,,,2027-01-24 20:50:00
6002747.06811364,0.0,155.0,,1.2,,,,,2027-01-24 20:55:00
6002748.068259199,0.0,163.0,,1.2,,,,,2027-01-24 21:00:00
6002749.068404758,1.0,,,1.2,,,,,2027-01-24 21:05:00
6002750.068550318,1.0,,,1.2,,,,,2027-01-24 21:10:00
6002751.068695878,1.0,,,1.2,,,,,2027-01-24 21:15:00
6002752.068841437,1.0,,,1.2,,,,,2027-01-24 21:20:00
6002753.068986996,1.0,,,1.2,,,,,2027-01-24 21:25:00
6002754.069132555,1.0,,,1.2,,,,,2027-01-24 21:30:00
6002755.0692781145,1.0,,146.0,1.2,,,,5.4,2027-01-24 21:35:00
6002756.069423674,1.0,,,1.2,,,,,2027-01-24 21:40:00
6002757.069569233,0.0,139.0,146.0,1.2,,,,,2027-01-24 21:45:00
6002758.069714793,0.0,133.0,,1.2,,,,,2027-01-24 21:50:00
6002759.069860352,0.0,129.0,,1.2,,,,,2027-01-24 21:55:00
6002760.070005911,0.0,133.0,,1.2,,,,,2027-01-24 22:00:00
6002761.070151471,0.0,137.0,,1.0,,,,,2027-01-24 22:05:00
6002762.07029703,0.0,138.0,,1.0,,,,,2027-01-24 22:10:00
6002763.070442589,0.0,135.0,,1.0,,,,,2027-01-24 22:15:00
6002764.070588148,0.0,132.0,,1.0,,,,,2027-01-24 22:20:00
6002765.070733708,0.0,134.0,,1.0,,,,,2027-01-24 22:25:00
6002766.0708792675,0.0,132.0,,1.0,,0.019742,,,2027-01-24 22:30:00
6002767.071024827,0.0,130.0,,1.0,,0.00566,,,2027-01-24 22:35:00
6002768.071170386,0.0,133.0,,1.0,,0.025149,,,2027-01-24 22:40:00
6002769.071315945,0.0,140.0,,1.0,,0.032166,,,2027-01-24 22:45:00
6002770.071461504,0.0,140.0,,1.0,,0.053012,,,2027-01-24 22:50:00
6002771.0716070635,0.0,140.0,,1.0,,0.086344,,,2027-01-24 22:55:00
6002772.071752624,0.0,144.0,150.0,1.0,,0.13486,,4.8,2027-01-24 23:00:00
6002773.071898183,0.0,148.0,,1.0,,0.191188,,,2027-01-24 23:05:00
6002774.072043742,0.0,144.0,,1.0,,0.265285,,,2027-01-24 23:10:00
6002775.072189301,0.0,139.0,,1.0,,0.32033,,,2027-01-24 23:15:00
6002776.07233486,0.0,135.0,,1.0,,0.371851,,,2027-01-24 23:20:00
6002777.07248042,0.0,133.0,,1.0,,0.425228,,,2027-01-24 23:25:00
6002778.072625979,0.0,130.0,,1.0,,0.458784,,,2027-01-24 23:30:00
6002779.072771539,0.0,131.0,,1.0,,0.518325,,,2027-01-24 23:35:00
6002780.072917098,0.0,131.0,,1.0,,0.565189,,,2027-01-24 23:40:00
6002781.073062657,0.0,131.0,,1.0,,0.601394,,,2027-01-24 23:45:00
6002782.073208217,0.0,131.0,,1.0,,0.63924,,,2027-01-24 23:50:00
6002783.073353776,0.0,135.0,,1.0,,0.686069,,,2027-01-24 23:55:00
6002784.073499335,0.0,135.0,,1.0,,0.715123,,,2027-01-25 00:00:00
6002785.073644894,0.0,133.0,,0.85,,0.748006,,,2027-01-25 00:05:00
6002786.073790454,0.0,132.0,,0.85,,0.775198,,,2027-01-25 00:10:00
6002787.0739360135,0.0,131.0,,0.85,,0.824955,,,2027-01-25 00:15:00
6002788.074081573,0.0,130.0,,0.85,,0.838208,,,2027-01-25 00:20:00
6002789.074227132,0.0,127.0,,0.85,,0.86352,,,2027-01-25 00:25:00
6002790.074372691,0.0,123.0,,0.85,,0.897895,,,2027-01-25 00:30:00
6002791.07451825,0.0,121.0,,0.85,,1.219338,,,2027-01-25 00:35:00
6002792.0746638095,0.0,116.0,,0.85,,3.297749,,,2027-01-25 00:40:00
6002793.07480937,0.0,108.0,,0.85,,4.757004,,,2027-01-25 00:45:00
6002794.074954929,0.0,104.0,,0.85,,7.17212,,,2027-01-25 00:50:00
6002795.075100488,0.0,102.0,,0.85,,5.142906,,,2027-01-25 00:55:00
6002796.075246047,0.0,106.0,,0.85,,4.178139,,,2027-01-25 01:00:00
6002797.075391606,0.0,110.0,,0.85,,3.850677,,,2027-01-25 01:05:00
6002798.075537166,0.0,110.0,,0.85,,3.164775,,,2027-01-25 01:10:00
6002799.075682725,0.0,110.0,,0.85,,3.500506,,,2027-01-25 01:15:00
6002800.075828285,0.0,110.0,,0.85,,4.376385,,,2027-01-25 01:20:00
6002801.075973844,0.0,109.0,,0.85,,3.454496,,,2027-01-25 01:25:00
6002802.076119403,0.0,110.0,,0.85,,4.029448,,,2027-01-25 01:30:00
6002803.076264963,0.0,111.0,,0.85,,4.358968,,,2027-01-25 01:35:00
6002804.076410522,0.0,113.0,,0.85,,4.475151,,,2027-01-25 01:40:00
6002805.076556081,0.0,120.0,,0.85,,4.335009,,,2027-01-25 01:45:00
6002806.07670164,0.0,125.0,,0.85,,4.232208,,,2027-01-25 01:50:00
6002807.0768472,0.0,126.0,,0.85,,3.929021,,,2027-01-25 01:55:00
6002808.0769927595,0.0,126.0,,0.85,,4.485934,,,2027-01-25 02:00:00
6002809.077138319,0.0,126.0,,0.85,,3.079006,,,2027-01-25 02:05:00
6002810.077283878,0.0,126.0,,0.85,,3.339532,,,2027-01-25 02:10:00
6002811.077429437,0.0,126.0,,0.85,,3.525637,,,2027-01-25 02:15:00
6002812.077574996,0.0,128.0,,0.85,,3.368942,,,2027-01-25 02:20:00
6002813.0777205555,0.0,130.0,,0.85,,4.130061,,,2027-01-25 02:25:00
6002814.077866116,0.0,131.0,,0.85,,5.056314,,,2027-01-25 02:30:00
6002815.078011675,0.0,135.0,,0.85,,6.703035,,,2027-01-25 02:35:00
6002816.078157234,0.0,140.0,,0.85,,7.859265,,,2027-01-25 02:40:00
6002817.078302793,0.0,144.0,,0.85,,5.443871,,,2027-01-25 02:45:00
6002818.078448352,0.0,146.0,,0.85,,4.211549,,,2027-01-25 02:50:00
6002819.078593912,0.0,151.0,,0.85,,3.837558,,,2027-01-25 02:55:00
6002820.078739471,0.0,158.0,,0.85,,3.899345,,,2027-01-25 03:00:00
6002821.078885031,0.0,169.0,,1.75,,4.835014,,,2027-01-25 03:05:00
6002822.07903059,0.0,179.0,,1.75,,4.972305,,,2027-01-25 03:10:00
6002823.079176149,0.0,179.0,,1.75,,4.950739,,,2027-01-25 03:15:00
6002824.0793217085,0.0,179.0,,1.75,,4.696335,,,2027-01-25 03:20:00
6002825.079467268,0.0,180.0,,1.75,,0.792092,,,2027-01-25 03:25:00
6002826.079612827,0.0,181.0,,1.75,,0.648763,,,2027-01-25 03:30:00
6002827.079758386,0.0,182.0,,1.75,,0.743554,,,2027-01-25 03:35:00
6002828.079903946,0.0,183.0,,1.75,,0.818215,,,2027-01-25 03:40:00
6002829.080049505,0.0,183.0,,1.75,,0.854147,,,2027-01-25 03:45:00
6002830.080195065,0.0,180.0,,1.75,,0.987346,,,2027-01-25 03:50:00
6002831.080340624,0.0,178.0,,1.75,,0.262803,,,2027-01-25 03:55:00
6002832.080486183,0.0,176.0,,1.75,,0.348496,,,2027-01-25 04:00:00
6002833.080631742,0.0,175.0,,1.75,,0.473313,,,2027-01-25 04:05:00
6002834.080777301,0.0,176.0,181.0,1.75,,0.109767,,6.1,2027-01-25 04:10:00
6002835.080922862,0.0,177.0,,1.75,,0.278619,,,2027-01-25 04:15:00
6002836.081068421,0.0,177.0,,1.75,,0.372456,,,2027-01-25 04:20:00
6002837.08121398,0.0,175.0,,1.75,,0.472902,,,2027-01-25 04:25:00
6002838.081359539,0.0,178.0,,1.75,,0.598664,,,2027-01-25 04:30:00
6002839.081505098,0.0,178.0,,1.75,,0.741462,,,2027-01-25 04:35:00
6002840.081650658,0.0,174.0,,1.75,,0.85431,,,2027-01-25 04:40:00
6002841.081796217,0.0,170.0,,1.75,,0.946581,,,2027-01-25 04:45:00
6002842.081941777,0.0,166.0,,1.75,,0.864642,,,2027-01-25 04:50:00
6002843.082087336,0.0,159.0,,1.75,,1.051682,,,2027-01-25 04:55:00
6002844.082232895,0.0,151.0,,1.75,,1.02911,,,2027-01-25 05:00:00
6002845.0823784545,0.0,146.0,,1.75,,1.130229,,,2027-01-25 05:05:00
6002846.082524014,0.0,142.0,,1.75,,0.970026,,,2027-01-25 05:10:00
6002847.082669573,0.0,139.0,,1.75,,0.611474,,,2027-01-25 05:15:00
6002848.082815132,0.0,134.0,,1.75,,0.841715,,,2027-01-25 05:20:00
6002849.082960692,0.0,130.0,,1.75,,1.017792,,,2027-01-25 05:25:00
6002850.083106251,0.0,127.0,,1.75,,1.163444,,,2027-01-25 05:30:00
6002851.083251811,0.0,125.0,,1.75,,1.400038,,,2027-01-25 05:35:00
6002852.08339737,0.0,120.0,,1.75,,1.512437,,,2027-01-25 05:40:00
6002853.083542929,0.0,115.0,,1.75,,1.600366,,,2027-01-25 05:45:00
6002854.083688488,0.0,111.0,,1.75,,1.605683,,,2027-01-25 05:50:00
6002855.083834047,0.0,109.0,,1.75,,1.632749,,,2027-01-25 05:55:00
6002856.083979608,0.0,107.0,,1.75,,1.724594,,,2027-01-25 06:00:00
6002857.084125167,0.0,105.0,,1.75,,0.943228,,,2027-01-25 06:05:00
6002858.084270726,0.0,106.0,,1.75,,0.837881,,,2027-01-25 06:10:00
6002859.084416285,0.0,102.0,,1.75,,0.781656,,,2027-01-25 06:15:00
6002860.084561844,0.0,98.0,,1.75,,1.058741,,,2027-01-25 06:20:00
6002861.084707404,0.0,91.0,,1.75,,1.242021,,,2027-01-25 06:25:00
6002862.084852963,0.0,85.0,,1.75,,1.38306,,,2027-01-25 06:30:00
6002863.084998523,0.0,82.0,,1.75,,0.713666,,,2027-01-25 06:35:00
6002864.085144082,0.0,82.0,,1.75,,0.082704,,,2027-01-25 06:40:00
6002865.085289641,0.0,82.0,,1.75,,0.0,,,2027-01-25 06:45:00
6002866.0854352005,0.0,80.0,,1.75,,,,,2027-01-25 06:50:00
6002867.08558076,0.0,85.0,,1.75,,0.019846,,,2027-01-25 06:55:00
6002868.085726319,0.0,88.0,,0.0,,0.055407,,,2027-01-25 07:00:00
6002869.085871878,0.0,87.0,,0.0,,0.022841,,,2027-01-25 07:05:00
6002870.086017438,0.0,85.0,,0.0,,0.024453,,,2027-01-25 07:10:00
6002871.086162997,0.0,88.0,,0.0,,0.148456,,,2027-01-25 07:15:00
6002872.086308557,0.0,86.0,,0.0,,0.138037,,,2027-01-25 07:20:00
6002873.086454116,0.0,83.0,,0.0,,0.012576,,,2027-01-25 07:25:00
6002874.086599675,0.0,82.0,,1.75,,0.0,,,2027-01-25 07:30:00
6002875.086745234,0.0,82.0,,1.75,,,,,2027-01-25 07:35:00
6002876.086890793,0.0,84.0,,1.75,,0.013376,,,2027-01-25 07:40:00
6002877.087036354,0.0,86.0,,1.75,,0.0,,,2027-01-25 07:45:00
6002878.087181913,0.0,86.0,,1.75,,,,,2027-01-25 07:50:00
6002879.087327472,0.0,88.0,,1.75,,0.070055,,,2027-01-25 07:55:00
6002880.087473031,0.0,92.0,,1.75,,0.041321,,,2027-01-25 08:00:00
6002881.08761859,0.0,94.0,,1.35,,0.025829,,,2027-01-25 08:05:00
6002882.0877641495,0.0,97.0,,1.35,,0.016009,,,2027-01-25 08:10:00
6002883.087909709,0.0,108.0,,1.35,,0.023161,,,2027-01-25 08:15:00
6002884.088055269,0.0,120.0,,1.35,,0.01366,,,2027-01-25 08:20:00
6002885.088200828,0.0,129.0,,1.35,,0.0,,,2027-01-25 08:25:00
6002886.088346387,0.0,135.0,137.0,1.35,,,,11.2,2027-01-25 08:30:00
6002887.088491946,0.0,139.0,,1.35,,,,,2027-01-25 08:35:00
6002888.088637506,0.0,146.0,,1.35,,,,,2027-01-25 08:40:00
6002889.088783065,0.0,156.0,,1.35,,,,,2027-01-25 08:45:00
6002890.088928624,0.0,166.0,,1.35,,,,,2027-01-25 08:50:00
6002891.089074184,0.0,177.0,,1.35,,,,,2027-01-25 08:55:00
6002892.089219743,0.0,185.0,,1.35,,,,,2027-01-25 09:00:00
6002893.089365303,0.0,187.0,,1.35,,,,,2027-01-25 09:05:00
6002894.089510862,0.0,193.0,,1.35,,,,,2027-01-25 09:10:00
6002895.089656421,0.0,192.0,,1.35,,,,,2027-01-25 09:15:00
6002896.08980198,0.0,186.0,,1.35,,,,,2027-01-25 09:20:00
6002897.089947539,0.0,180.0,,1.35,,,,,2027-01-25 09:25:00
6002898.0900930995,0.0,180.0,,1.35,,,,,2027-01-25 09:30:00
6002899.090238659,1.0,,,1.35,,0.015724,,,2027-01-25 09:35:00
6002900.090384218,1.0,,,1.35,,0.017421,,,2027-01-25 09:40:00
6002901.090529777,1.0,,,1.35,,0.01864,,,2027-01-25 09:45:00
6002902.090675336,1.0,,,1.35,,0.020851,,,2027-01-25 09:50:00
6002903.0908208955,1.0,,,1.35,,0.023314,,,2027-01-25 09:55:00
6002904.090966455,1.0,,,1.35,,0.02729,,,2027-01-25 10:00:00
6002905.091112015,1.0,,,1.15,,0.016583,,,2027-01-25 10:05:00
6002906.091257574,1.0,,,1.15,,0.0,,,2027-01-25 10:10:00
6002907.091403133,1.0,,,1.15,,0.025316,,,2027-01-25 10:15:00
6002908.091548692,1.0,,,1.15,,0.020364,,,2027-01-25 10:20:00
6002909.091694252,1.0,,,1.15,,0.038572,,,2027-01-25 10:25:00
6002910.091839811,1.0,,,1.15,,0.061237,,,2027-01-25 10:30:00
6002911.09198537,1.0,,,1.15,,0.100115,,,2027-01-25 10:35:00
6002912.09213093,1.0,,,1.15,,0.094955,,,2027-01-25 10:40:00
6002913.092276489,1.0,,,1.15,,0.0385,,,2027-01-25 10:45:00
6002914.092422049,1.0,,,1.15,,0.062279,,,2027-01-25 10:50:00
6002915.092567608,1.0,,,1.15,,0.074846,,,2027-01-25 10:55:00
6002916.092713167,1.0,,,1.15,,0.082039,,,2027-01-25 11:00:00
6002917.092858726,1.0,,,1.15,,0.097085,,,2027-01-25 11:05:00
6002918.093004285,1.0,,,1.15,,0.089088,,,2027-01-25 11:10:00
6002919.0931498455,1.0,,,1.15,,0.088769,,,2027-01-25 11:15:00
6002920.093295405,1.0,,,1.15,,0.077056,,,2027-01-25 11:20:00
6002921.093440964,1.0,,,1.15,,0.073505,,,2027-01-25 11:25:00
6002922.093586523,1.0,,,1.15,,0.013293,,,2027-01-25 11:30:00
6002923.093732082,1.0,,,1.15,,0.020535,,,2027-01-25 11:35:00
6002924.0938776415,1.0,,,1.15,,0.022073,,,2027-01-25 11:40:00
6002925.094023201,1.0,,,1.15,,0.014199,,,2027-01-25 11:45:00
6002926.094168761,1.0,,,1.15,,0.017415,,,2027-01-25 11:50:00
6002927.09431432,1.0,,,1.15,,0.046915,,,2027-01-25 11:55:00
6002928.094459879,1.0,,,1.15,,0.044863,,,2027-01-25 12:00:00
6002929.094605438,1.0,,,1.15,,0.046757,,,2027-01-25 12:05:00
6002930.094750998,1.0,,,1.15,,0.034601,,,2027-01-25 12:10:00
6002931.094896557,1.0,,,1.15,,0.054209,,,2027-01-25 12:15:00
6002932.095042116,1.0,,,1.15,,0.04655,,,2027-01-25 12:20:00
6002933.095187676,1.0,,,1.15,,0.052384,,,2027-01-25 12:25:00
6002934.095333235,1.0,,,1.15,,0.043202,,,2027-01-25 12:30:00
6002935.095478795,1.0,,,1.1,,0.057557,,,2027-01-25 12:35:00
6002936.095624354,1.0,,,1.1,,0.047156,,,2027-01-25 12:40:00
6002937.095769913,1.0,,185.0,1.1,,0.046081,,21.6,2027-01-25 12:45:00
6002938.095915472,1.0,,,1.1,,0.009704,,,2027-01-25 12:50:00
6002939.096061031,0.0,185.0,185.0,1.1,,0.010142,,,2027-01-25 12:55:00
6002940.096206591,0.0,193.0,,1.1,,0.011989,,,2027-01-25 13:00:00
6002941.096352151,0.0,198.0,,1.1,,0.012696,,,2027-01-25 13:05:00
6002942.09649771,0.0,197.0,,1.1,,0.016342,,,2027-01-25 13:10:00
6002943.096643269,0.0,194.0,,1.1,,0.011459,,,2027-01-25 13:15:00
6002944.096788828,0.0,193.0,,1.1,,0.023282,,,2027-01-25 13:20:00
6002945.096934387,0.0,182.0,,1.1,,0.032086,,,2027-01-25 13:25:00
6002946.097079947,0.0,169.0,,1.1,,0.01966,,,2027-01-25 13:30:00
6002947.097225507,0.0,164.0,,1.1,,0.034748,,,2027-01-25 13:35:00
6002948.097371066,0.0,153.0,,1.1,,0.038573,,,2027-01-25 13:40:00
6002949.097516625,0.0,147.0,,1.1,,0.021177,,,2027-01-25 13:45:00
6002950.097662184,0.0,139.0,,1.1,,0.011681,,,2027-01-25 13:50:00
6002951.097807744,0.0,126.0,,1.1,,0.011157,,,2027-01-25 13:55:00
6002952.097953303,0.0,122.0,156.0,1.1,,0.023699,,13.1,2027-01-25 14:00:00
6002953.098098862,0.0,119.0,,1.1,,0.025913,,,2027-01-25 14:05:00
6002954.098244422,0.0,116.0,,1.1,,0.011837,,,2027-01-25 14:10:00
6002955.098389981,0.0,113.0,,1.1,,0.015924,,,2027-01-25 14:15:00
6002956.0985355405,0.0,115.0,,1.1,,0.01367,,,2027-01-25 14:20:00
6002957.0986811,0.0,119.0,,1.1,,0.023797,,,2027-01-25 14:25:00
6002958.098826659,0.0,116.0,,1.1,,0.012461,,,2027-01-25 14:30:00
6002959.098972218,0.0,106.0,,1.1,,0.013595,,,2027-01-25 14:35:00
6002960.099117777,0.0,95.0,,1.1,,0.014172,,,2027-01-25 14:40:00
6002961.099263337,0.0,87.0,,1.1,,0.016643,,,2027-01-25 14:45:00
6002962.099408897,0.0,83.0,,1.1,,0.023832,,,2027-01-25 14:50:00
6002963.099554456,0.0,81.0,,1.1,,0.029825,,,2027-01-25 14:55:00
6002964.099700015,0.0,85.0,,1.1,,0.039165,,,2027-01-25 15:00:00
6002965.099845574,0.0,88.0,,1.1,,0.061847,,,2027-01-25 15:05:00
6002966.099991133,0.0,91.0,,1.1,,0.089867,,,2027-01-25 15:10:00
6002967.100136693,0.0,93.0,,1.1,,0.017391,,,2027-01-25 15:15:00
6002968.100282253,0.0,96.0,,1.1,,0.026139,,,2027-01-25 15:20:00
6002969.100427812,0.0,97.0,,1.1,,0.018187,,,2027-01-25 15:25:00
6002970.100573371,0.0,96.0,,1.1,,0.01388,,,2027-01-25 15:30:00
6002971.10071893,0.0,98.0,,1.1,,0.017254,,,2027-01-25 15:35:00
6002972.10086449,0.0,95.0,,1.1,,0.014827,,,2027-01-25 15:40:00
6002973.101010049,0.0,98.0,,1.1,,0.011984,,,2027-01-25 15:45:00
6002974.101155608,0.0,102.0,,1.1,,0.01895,,,2027-01-25 15:50:00
6002975.101301168,0.0,98.0,,1.1,,0.017607,,,2027-01-25 15:55:00
6002976.101446727,0.0,101.0,,1.1,,0.016383,,,2027-01-25 16:00:00
6002977.1015922865,0.0,102.0,,1.1,,0.02279,,,2027-01-25 16:05:00
6002978.101737846,0.0,103.0,,1.1,,0.014932,,,2027-01-25 16:10:00
6002979.101883405,0.0,106.0,,1.1,,0.035445,,,2027-01-25 16:15:00
6002980.102028964,0.0,112.0,,1.1,,0.020734,,,2027-01-25 16:20:00
6002981.102174523,0.0,114.0,,1.1,,0.036743,,,2027-01-25 16:25:00
6002982.102320083,0.0,120.0,,1.1,,0.026788,,,2027-01-25 16:30:00
6002983.102465643,0.0,131.0,,1.1,,0.046353,,,2027-01-25 16:35:00
6002984.102611202,0.0,136.0,,1.1,,0.038413,,,2027-01-25 16:40:00
6002985.102756761,0.0,142.0,,1.1,,0.025435,,,2027-01-25 16:45:00
6002986.10290232,0.0,141.0,,1.1,,0.050945,,,2027-01-25 16:50:00
6002987.103047879,0.0,148.0,,1.1,,0.045813,,,2027-01-25 16:55:00
6002988.103193439,0.0,160.0,,1.1,,0.0674,,,2027-01-25 17:00:00
6002989.103338999,0.0,166.0,,1.1,,0.050029,,,2027-01-25 17:05:00
6002990.103484558,0.0,165.0,,1.1,,0.063981,,,2027-01-25 17:10:00
6002991.103630117,0.0,163.0,,1.1,,0.028875,,,2027-01-25 17:15:00
6002992.103775676,0.0,165.0,,1.1,,0.070867,,,2027-01-25 17:20:00
6002993.103921236,0.0,173.0,,1.1,,0.040444,,,2027-01-25 17:25:00
6002994.104066795,0.0,178.0,,1.1,,0.04105,,,2027-01-25 17:30:00
6002995.104212354,0.0,176.0,,1.1,,0.042179,,,2027-01-25 17:35:00
6002996.104357914,0.0,176.0,,1.1,,0.059381,,,2027-01-25 17:40:00
6002997.104503473,0.0,178.0,,1.1,,0.054095,,,2027-01-25 17:45:00
6002998.1046490325,0.0,179.0,,1.1,,0.023884,,,2027-01-25 17:50:00
6002999.104794592,0.0,183.0,189.0,1.1,,0.035928,,10.2,2027-01-25 17:55:00
6003000.104940151,0.0,185.0,,1.1,,0.048406,,,2027-01-25 18:00:00
6003001.10508571,0.0,183.0,,1.2,,0.015133,,,2027-01-25 18:05:00
6003002.105231269,0.0,180.0,,1.2,,0.014323,,,2027-01-25 18:10:00
6003003.105376829,0.0,180.0,,1.2,,0.013441,,,2027-01-25 18:15:00
6003004.105522389,0.0,181.0,,1.2,,0.017042,,,2027-01-25 18:20:00
6003005.105667948,0.0,181.0,,1.2,,0.018305,,,2027-01-25 18:25:00
6003006.105813507,0.0,176.0,,1.2,,0.04241,,,2027-01-25 18:30:00
6003007.105959066,0.0,165.0,,1.2,,0.048576,,,2027-01-25 18:35:00
6003008.106104625,0.0,152.0,,1.2,,0.054301,,,2027-01-25 18:40:00
6003009.106250185,0.0,143.0,,1.2,,0.009964,,,2027-01-25 18:45:00
6003010.106395745,0.0,134.0,,1.2,,0.0,,,2027-01-25 18:50:00
6003011.106541304,0.0,124.0,,1.2,,0.011061,,,2027-01-25 18:55:00
6003012.106686863,0.0,115.0,,1.2,,0.021271,,,2027-01-25 19:00:00
6003013.106832422,0.0,108.0,,1.2,,0.017138,,,2027-01-25 19:05:00
6003014.1069779815,0.0,96.0,,1.2,,0.018778,,,2027-01-25 19:10:00
6003015.107123541,0.0,91.0,,1.2,,0.024386,,,2027-01-25 19:15:00
6003016.1072691,0.0,92.0,,1.2,,0.0142,,,2027-01-25 19:20:00
6003017.10741466,0.0,92.0,,1.2,,0.012825,,,2027-01-25 19:25:00
6003018.107560219,0.0,87.0,,1.2,,0.0,,,2027-01-25 19:30:00
6003019.107705778,0.0,83.0,,1.2,,,,,2027-01-25 19:35:00
6003020.107851338,0.0,82.0,,1.2,,0.010002,,,2027-01-25 19:40:00
6003021.107996897,0.0,81.0,,1.2,,0.013677,,,2027-01-25 19:45:00
6003022.108142456,0.0,81.0,,1.2,,0.017217,,,2027-01-25 19:50:00
6003023.108288015,0.0,77.0,,1.2,,0.011986,,,2027-01-25 19:55:00
6003024.108433575,0.0,74.0,,1.2,,0.012103,,,2027-01-25 20:00:00
6003025.108579135,0.0,78.0,,1.2,,0.016479,,,2027-01-25 20:05:00
6003026.108724694,0.0,82.0,,1.2,,0.023281,,,2027-01-25 20:10:00
6003027.108870253,0.0,82.0,,1.2,,0.01937,,,2027-01-25 20:15:00
6003028.109015812,0.0,87.0,,1.2,,0.013671,,,2027-01-25 20:20:00
6003029.109161371,0.0,106.0,87.0,1.2,,0.012305,,4.9,2027-01-25 20:25:00
6003030.109306931,0.0,128.0,,1.2,,0.012056,,,2027-01-25 20:30:00
6003031.109452491,0.0,144.0,,1.2,,0.0,,,2027-01-25 20:35:00
6003032.10959805,0.0,155.0,,1.2,,,,,2027-01-25 20:40:00
6003033.109743609,0.0,166.0,,1.2,,,,,2027-01-25 20:45:00
6003034.109889168,0.0,167.0,,1.2,,,,,2027-01-25 20:50:00
6003035.1100347275,0.0,161.0,,1.2,,,,,2027-01-25 20:55:00
6003036.110180287,0.0,152.0,,1.2,,,,,2027-01-25 21:00:00
6003037.110325846,0.0,139.0,,1.2,,,,,2027-01-25 21:05:00
6003038.110471406,0.0,125.0,,1.2,,,,,2027-01-25 21:10:00
6003039.110616965,0.0,117.0,,1.2,,0.031251,,,2027-01-25 21:15:00
6003040.110762524,0.0,115.0,,1.2,,1.384444,,,2027-01-25 21:20:00
6003041.110908084,0.0,118.0,,1.2,,1.066069,,,2027-01-25 21:25:00
6003042.111053643,0.0,122.0,,1.2,,0.458574,,,2027-01-25 21:30:00
6003043.111199202,0.0,128.0,,1.2,,0.377563,,,2027-01-25 21:35:00
6003044.111344761,0.0,134.0,,1.2,,0.325156,,,2027-01-25 21:40:00
6003045.111490321,0.0,138.0,,1.2,,0.05985,,,2027-01-25 21:45:00
6003046.111635881,0.0,143.0,,1.2,,0.058505,,,2027-01-25 21:50:00
6003047.11178144,0.0,151.0,,1.2,,0.053312,,,2027-01-25 21:55:00
6003048.111926999,0.0,161.0,,1.2,,0.08139,,,2027-01-25 22:00:00
6003049.112072558,0.0,169.0,,1.0,,0.114131,,,2027-01-25 22:05:00
6003050.112218117,0.0,175.0,,1.0,,0.107536,,,2027-01-25 22:10:00
6003051.112363677,0.0,180.0,,1.0,,0.013767,,,2027-01-25 22:15:00
6003052.112509237,0.0,185.0,202.0,1.0,,0.031864,,7.6,2027-01-25 22:20:00
6003053.112654796,0.0,190.0,,1.0,,0.056197,,,2027-01-25 22:25:00
6003054.112800355,0.0,195.0,,1.0,,0.067681,,,2027-01-25 22:30:00
6003055.112945914,0.0,198.0,,1.0,,0.08856,,,2027-01-25 22:35:00
6003056.1130914735,0.0,201.0,,1.0,,0.012984,,,2027-01-25 22:40:00
6003057.113237033,0.0,200.0,,1.0,,0.037955,,,2027-01-25 22:45:00
6003058.113382592,0.0,192.0,,1.0,,0.03638,,,2027-01-25 22:50:00
6003059.113528152,0.0,186.0,,1.0,,0.034243,,,2027-01-25 22:55:00
6003060.113673711,0.0,182.0,,1.0,,0.012451,,,2027-01-25 23:00:00
6003061.11381927,0.0,171.0,,1.0,,0.024591,,,2027-01-25 23:05:00
6003062.11396483,0.0,161.0,,1.0,,0.01357,,,2027-01-25 23:10:00
6003063.114110389,0.0,150.0,,1.0,,0.023687,,,2027-01-25 23:15:00
6003064.114255948,0.0,150.0,,1.0,,0.046587,,,2027-01-25 23:20:00
6003065.114401507,0.0,156.0,,1.0,,0.067334,,,2027-01-25 23:25:00
6003066.114547067,0.0,162.0,136.0,1.0,,0.090648,,,2027-01-25 23:30:00
6003067.1146926265,0.0,163.0,,1.0,,0.112364,,,2027-01-25 23:35:00
6003068.114838186,0.0,142.0,136.0,1.0,,0.104555,,,2027-01-25 23:40:00
6003069.114983745,0.0,145.0,,1.0,,0.110912,,,2027-01-25 23:45:00
6003070.115129304,0.0,148.0,,1.0,,0.143533,,,2027-01-25 23:50:00
6003071.115274863,0.0,155.0,,1.0,,0.16848,,,2027-01-25 23:55:00
6003072.1154204225,0.0,167.0,,1.0,,0.218327,,,2027-01-26 00:00:00
6003073.115565983,0.0,175.0,,1.0,,0.245639,,,2027-01-26 00:05:00
6003074.115711542,0.0,181.0,,1.0,,0.269932,,,2027-01-26 00:10:00
6003075.115857101,0.0,184.0,,1.0,,0.28877,,,2027-01-26 00:15:00
6003076.11600266,0.0,189.0,,1.0,,0.305192,,,2027-01-26 00:20:00
6003077.116148219,0.0,190.0,,1.0,,0.322847,,,2027-01-26 00:25:00
6003078.116293779,0.0,190.0,,1.0,,0.338205,,,2027-01-26 00:30:00
6003079.116439338,0.0,190.0,,1.0,,0.35379,,,2027-01-26 00:35:00
6003080.116584897,0.0,189.0,,1.0,,0.36487,,,2027-01-26 00:40:00
6003081.116730457,0.0,188.0,,1.0,,0.243727,,,2027-01-26 00:45:00
6003082.116876016,0.0,188.0,,1.0,,0.241347,,,2027-01-26 00:50:00
6003083.117021576,0.0,188.0,,1.0,,0.241802,,,2027-01-26 00:55:00
6003084.117167135,0.0,186.0,,1.0,,0.290501,,,2027-01-26 01:00:00
6003085.117312694,0.0,185.0,,1.0,,0.318885,,,2027-01-26 01:05:00
6003086.117458253,0.0,184.0,,1.0,,0.388226,,,2027-01-26 01:10:00
6003087.117603812,0.0,182.0,,1.0,,0.417049,,,2027-01-26 01:15:00
6003088.1177493725,0.0,180.0,,1.0,,1.073218,,,2027-01-26 01:20:00
6003089.117894932,0.0,179.0,,1.0,,2.482205,,,2027-01-26 01:25:00
6003090.118040491,0.0,180.0,181.0,1.0,,4.667286,,6.1,2027-01-26 01:30:00
6003091.11818605,0.0,183.0,,1.0,,9.64421,,,2027-01-26 01:35:00
6003092.118331609,0.0,184.0,,1.0,,7.137912,,,2027-01-26 01:40:00
6003093.1184771685,0.0,182.0,,1.0,,4.90581,,,2027-01-26 01:45:00
6003094.118622728,0.0,178.0,,1.0,,4.31772,,,2027-01-26 01:50:00
6003095.118768288,0.0,173.0,,1.0,,3.209404,,,2027-01-26 01:55:00
6003096.118913847,0.0,166.0,,1.0,,3.132597,,,2027-01-26 02:00:00
6003097.119059406,0.0,160.0,,1.0,,3.1442,,,2027-01-26 02:05:00
6003098.119204965,0.0,154.0,,1.0,,3.504782,,,2027-01-26 02:10:00
6003099.119350525,0.0,150.0,,1.0,,3.249381,,,2027-01-26 02:15:00
6003100.119496084,0.0,146.0,,1.0,,3.012805,,,2027-01-26 02:20:00
6003101.119641643,0.0,140.0,,1.0,,2.520187,,,2027-01-26 02:25:00
6003102.119787203,0.0,135.0,,1.0,,2.301585,,,2027-01-26 02:30:00
6003103.119932762,0.0,130.0,,1.0,,2.192939,,,2027-01-26 02:35:00
6003104.120078322,0.0,126.0,,1.0,,2.129482,,,2027-01-26 02:40:00
6003105.120223881,0.0,123.0,,1.0,,2.202263,,,2027-01-26 02:45:00
6003106.12036944,0.0,120.0,,1.0,,2.360944,,,2027-01-26 02:50:00
6003107.120514999,0.0,117.0,,1.0,,2.409436,,,2027-01-26 02:55:00
6003108.120660558,0.0,115.0,,1.0,,0.028127,,,2027-01-26 03:00:00
6003109.1208061185,0.0,112.0,,1.0,,0.020327,,,2027-01-26 03:05:00
6003110.120951678,0.0,110.0,,1.0,,0.025207,,,2027-01-26 03:10:00
6003111.121097237,0.0,110.0,,1.0,,0.02922,,,2027-01-26 03:15:00
6003112.121242796,0.0,110.0,,1.0,,0.02968,,,2027-01-26 03:20:00
6003113.121388355,0.0,108.0,,1.0,,0.031813,,,2027-01-26 03:25:00
6003114.1215339145,0.0,110.0,,1.0,,0.019847,,,2027-01-26 03:30:00
6003115.121679474,0.0,109.0,,1.0,,0.022937,,,2027-01-26 03:35:00
6003116.121825034,0.0,109.0,,1.0,,0.025006,,,2027-01-26 03:40:00
6003117.121970593,0.0,109.0,,1.0,,0.024552,,,2027-01-26 03:45:00
6003118.122116152,0.0,109.0,,1.0,,0.035007,,,2027-01-26 03:50:00
6003119.122261711,0.0,109.0,,1.0,,0.031745,,,2027-01-26 03:55:00
6003120.122407271,0.0,109.0,,1.0,,0.033125,,,2027-01-26 04:00:00
6003121.12255283,0.0,108.0,,1.0,,0.066322,,,2027-01-26 04:05:00
6003122.122698389,0.0,107.0,,1.0,,0.090406,,,2027-01-26 04:10:00
6003123.122843949,0.0,107.0,,1.0,,0.115971,,,2027-01-26 04:15:00
6003124.122989508,0.0,106.0,,1.0,,0.134262,,,2027-01-26 04:20:00
6003125.1231350675,0.0,106.0,,1.0,,0.150531,,,2027-01-26 04:25:00
6003126.123280627,0.0,105.0,,1.0,,0.129516,,,2027-01-26 04:30:00
6003127.123426186,0.0,104.0,,1.0,,0.130093,,,2027-01-26 04:35:00
6003128.123571745,0.0,104.0,,1.0,,0.130311,,,2027-01-26 04:40:00
6003129.123717304,0.0,103.0,,1.0,,0.135793,,,2027-01-26 04:45:00
6003130.123862864,0.0,103.0,,1.0,,0.156809,,,2027-01-26 04:50:00
6003131.124008424,0.0,104.0,,1.0,,0.179523,,,2027-01-26 04:55:00
6003132.124153983,0.0,105.0,,1.0,,0.22582,,,2027-01-26 05:00:00
6003133.124299542,0.0,105.0,,1.0,,0.167681,,,2027-01-26 05:05:00
6003134.124445101,0.0,106.0,,1.0,,0.176334,,,2027-01-26 05:10:00
6003135.12459066,0.0,109.0,,1.0,,0.119552,,,2027-01-26 05:15:00
6003136.12473622,0.0,110.0,,1.0,,0.153025,,,2027-01-26 05:20:00
6003137.12488178,0.0,109.0,,1.0,,0.160483,,,2027-01-26 05:25:00
6003138.125027339,0.0,109.0,,1.0,,0.162657,,,2027-01-26 05:30:00
6003139.125172898,0.0,109.0,,1.0,,0.165697,,,2027-01-26 05:35:00
6003140.125318457,0.0,104.0,,1.0,,0.177991,,,2027-01-26 05:40:00
6003141.125464017,0.0,100.0,,1.0,,0.210633,,,2027-01-26 05:45:00
6003142.125609576,0.0,98.0,,1.0,,0.063823,,,2027-01-26 05:50:00
6003143.125755135,0.0,96.0,,1.0,,0.079355,,,2027-01-26 05:55:00
6003144.125900695,0.0,94.0,,1.0,,0.093572,,,2027-01-26 06:00:00
6003145.126046254,0.0,94.0,,1.0,,0.032541,,,2027-01-26 06:05:00
6003146.1261918135,0.0,96.0,,1.0,,0.03146,,,2027-01-26 06:10:00
6003147.126337373,0.0,97.0,,1.0,,0.032339,,,2027-01-26 06:15:00
6003148.126482932,0.0,96.0,,1.0,,0.032615,,,2027-01-26 06:20:00
6003149.126628491,0.0,98.0,,1.0,,0.051231,,,2027-01-26 06:25:00
6003150.12677405,0.0,100.0,,1.0,,0.052447,,,2027-01-26 06:30:00
6003151.12691961,0.0,99.0,,1.0,,0.05364,,,2027-01-26 06:35:00
6003152.12706517,0.0,100.0,,1.0,,0.046959,,,2027-01-26 06:40:00
6003153.127210729,0.0,100.0,,1.0,,0.014871,,,2027-01-26 06:45:00
6003154.127356288,0.0,101.0,,1.0,,0.0,,,2027-01-26 06:50:00
6003155.127501847,0.0,100.0,,1.0,,,,,2027-01-26 06:55:00
6003156.127647406,0.0,101.0,,0.0,,,,,2027-01-26 07:00:00
6003157.127792966,0.0,102.0,,0.0,,,,,2027-01-26 07:05:00
6003158.127938526,0.0,105.0,,0.0,,,,,2027-01-26 07:10:00
6003159.128084085,0.0,108.0,,0.0,,,,,2027-01-26 07:15:00
6003160.128229644,0.0,109.0,,0.0,,,,,2027-01-26 07:20:00
6003161.128375203,0.0,111.0,,1.0,,0.013648,,,2027-01-26 07:25:00
6003162.128520763,0.0,118.0,,1.0,,0.0,,,2027-01-26 07:30:00
6003163.128666322,0.0,126.0,,1.0,,,,,2027-01-26 07:35:00
6003164.128811881,0.0,132.0,,1.0,,,,,2027-01-26 07:40:00
6003165.128957441,0.0,138.0,,1.0,,,,,2027-01-26 07:45:00
6003166.129103,0.0,140.0,,1.0,,,,,2027-01-26 07:50:00
6003167.1292485595,0.0,138.0,,1.0,,0.015449,,,2027-01-26 07:55:00
6003168.129394119,0.0,139.0,,1.0,,0.0,,,2027-01-26 08:00:00
6003169.129539678,0.0,139.0,,1.0,,,,,2027-01-26 08:05:00
6003170.129685237,0.0,139.0,,1.0,,,,,2027-01-26 08:10:00
6003171.129830796,0.0,147.0,,1.0,,0.015317,,,2027-01-26 08:15:00
6003172.129976356,0.0,150.0,,1.0,,0.0,,,2027-01-26 08:20:00
6003173.130121916,0.0,151.0,,1.0,,0.014689,,,2027-01-26 08:25:00
6003174.130267475,0.0,152.0,,1.0,,0.02009,,,2027-01-26 08:30:00
6003175.130413034,0.0,156.0,,1.0,,0.013491,,,2027-01-26 08:35:00
6003176.130558593,0.0,159.0,,1.0,,0.014368,,,2027-01-26 08:40:00
6003177.130704152,0.0,162.0,,1.0,,0.014958,,,2027-01-26 08:45:00
6003178.130849712,0.0,168.0,,1.0,,0.017317,,,2027-01-26 08:50:00
6003179.130995272,0.0,177.0,175.0,1.0,,0.022208,,17.1,2027-01-26 08:55:00
6003180.131140831,0.0,188.0,,1.0,,0.013767,,,2027-01-26 09:00:00
6003181.13128639,0.0,199.0,,1.0,,0.0,,,2027-01-26 09:05:00
6003182.131431949,0.0,209.0,,1.0,,0.036441,,,2027-01-26 09:10:00
6003183.1315775085,0.0,216.0,,1.0,,0.010843,,,2027-01-26 09:15:00
6003184.131723068,0.0,217.0,,1.0,,0.0,,,2027-01-26 09:20:00
6003185.131868627,0.0,214.0,,1.0,,,,,2027-01-26 09:25:00
6003186.132014187,0.0,207.0,,1.0,,,,,2027-01-26 09:30:00
6003187.132159746,0.0,197.0,,1.0,,,,,2027-01-26 09:35:00
6003188.132305305,0.0,183.0,,1.0,,0.011005,,,2027-01-26 09:40:00
6003189.132450865,0.0,170.0,,1.0,,0.0,,,2027-01-26 09:45:00
6003190.132596424,0.0,158.0,,1.0,,,,,2027-01-26 09:50:00
6003191.132741983,0.0,147.0,,1.0,,0.013746,,,2027-01-26 09:55:00
6003192.132887542,0.0,138.0,,1.0,,0.031557,,,2027-01-26 10:00:00
6003193.133033102,0.0,132.0,,1.0,,0.019907,,,2027-01-26 10:05:00
6003194.133178662,0.0,126.0,,1.0,,0.034336,,,2027-01-26 10:10:00
6003195.133324221,0.0,122.0,,1.0,,0.018356,,,2027-01-26 10:15:00
6003196.13346978,0.0,121.0,,1.0,,0.014242,,,2027-01-26 10:20:00
6003197.133615339,0.0,116.0,,1.0,,0.019047,,,2027-01-26 10:25:00
6003198.133760898,0.0,111.0,,1.0,,0.028065,,,2027-01-26 10:30:00
6003199.133906458,0.0,106.0,,1.0,,0.016933,,,2027-01-26 10:35:00
6003200.134052018,0.0,101.0,,1.0,,0.019301,,,2027-01-26 10:40:00
6003201.134197577,0.0,98.0,,1.0,,0.014169,,,2027-01-26 10:45:00
6003202.134343136,0.0,94.0,,1.0,,0.013717,,,2027-01-26 10:50:00
6003203.134488695,0.0,92.0,,1.0,,0.036532,,,2027-01-26 10:55:00
6003204.1346342545,0.0,93.0,,1.0,,0.024034,,,2027-01-26 11:00:00
6003205.134779814,0.0,97.0,,1.0,,0.025659,,,2027-01-26 11:05:00
6003206.134925373,0.0,108.0,,1.0,,0.0,,,2027-01-26 11:10:00
6003207.135070933,0.0,114.0,,1.0,,,,,2027-01-26 11:15:00
6003208.135216492,0.0,122.0,,1.0,,,,,2027-01-26 11:20:00
6003209.135362051,0.0,129.0,,1.0,,,,,2027-01-26 11:25:00
6003210.135507611,1.0,,,1.0,,,,,2027-01-26 11:30:00
6003211.13565317,1.0,,,1.0,,,,,2027-01-26 11:35:00
6003212.135798729,1.0,,,1.0,,,,,2027-01-26 11:40:00
6003213.135944288,1.0,,,1.0,,,,,2027-01-26 11:45:00
6003214.136089848,1.0,,,1.0,,,,,2027-01-26 11:50:00
6003215.136235408,1.0,,,1.0,,0.360879,,,2027-01-26 11:55:00
6003216.136380967,1.0,,,1.0,,5.383011,,,2027-01-26 12:00:00
6003217.136526526,1.0,,207.0,1.0,,16.152699,,0.15,2027-01-26 12:05:00
6003218.136672085,1.0,,,1.0,,6.424462,,,2027-01-26 12:10:00
6003219.136817644,0.0,212.0,207.0,1.0,,0.926729,,,2027-01-26 12:15:00
6003220.136963204,0.0,215.0,,1.0,,1.35341,,18.3,2027-01-26 12:20:00
6003221.137108764,0.0,205.0,,1.0,,0.933666,,,2027-01-26 12:25:00
6003222.137254323,0.0,194.0,,1.0,,1.134765,,,2027-01-26 12:30:00
6003223.137399882,0.0,182.0,,1.0,,1.175229,,,2027-01-26 12:35:00
6003224.137545441,0.0,172.0,,1.0,,1.802217,,,2027-01-26 12:40:00
6003225.1376910005,0.0,161.0,,1.0,,0.331444,,,2027-01-26 12:45:00
6003226.13783656,0.0,150.0,,1.0,,0.223613,,,2027-01-26 12:50:00
6003227.137982119,0.0,130.0,,1.0,,0.503381,,,2027-01-26 12:55:00
6003228.138127679,0.0,113.0,,1.0,,0.328175,,,2027-01-26 13:00:00
6003229.138273238,0.0,101.0,,1.0,,0.074314,,,2027-01-26 13:05:00
6003230.138418797,0.0,93.0,,1.0,,0.059902,,,2027-01-26 13:10:00
6003231.138564357,0.0,88.0,,1.0,,0.091621,,,2027-01-26 13:15:00
6003232.138709916,0.0,85.0,,1.0,,0.069089,,,2027-01-26 13:20:00
6003233.138855475,0.0,84.0,,1.0,,0.22502,,,2027-01-26 13:25:00
6003234.139001034,0.0,84.0,,0.0,,1.004918,,,2027-01-26 13:30:00
6003235.139146594,0.0,86.0,,0.0,,4.259018,,,2027-01-26 13:35:00
6003236.1392921535,0.0,91.0,,0.0,,3.847823,,,2027-01-26 13:40:00
6003237.139437713,0.0,103.0,,0.0,,0.010331,,,2027-01-26 13:45:00
6003238.139583272,0.0,109.0,,0.0,,0.0,,,2027-01-26 13:50:00
6003239.139728831,0.0,112.0,,0.0,,,,,2027-01-26 13:55:00
6003240.13987439,0.0,118.0,,1.0,,0.043962,,,2027-01-26 14:00:00
6003241.1400199495,0.0,130.0,,1.0,,0.0089,,,2027-01-26 14:05:00
6003242.14016551,0.0,141.0,,1.0,,0.0,,,2027-01-26 14:10:00
6003243.140311069,0.0,150.0,,1.0,,,,,2027-01-26 14:15:00
6003244.140456628,0.0,154.0,,1.0,,,,,2027-01-26 14:20:00
6003245.140602187,0.0,163.0,,1.0,,,,,2027-01-26 14:25:00
6003246.140747746,0.0,166.0,,1.0,,,,,2027-01-26 14:30:00
6003247.140893306,0.0,172.0,,1.0,,,,,2027-01-26 14:35:00
6003248.141038865,0.0,173.0,,1.0,,0.054886,,,2027-01-26 14:40:00
6003249.141184425,0.0,169.0,,1.0,,0.010841,,,2027-01-26 14:45:00
6003250.141329984,0.0,163.0,,1.0,,0.063559,,,2027-01-26 14:50:00
6003251.141475543,0.0,157.0,,1.0,,0.029141,,,2027-01-26 14:55:00
6003252.141621103,0.0,146.0,,1.0,,0.017381,,,2027-01-26 15:00:00
6003253.141766662,0.0,140.0,,1.0,,0.015443,,,2027-01-26 15:05:00
6003254.141912221,0.0,132.0,,1.0,,0.226423,,,2027-01-26 15:10:00
6003255.14205778,0.0,122.0,,1.0,,0.260129,,,2027-01-26 15:15:00
6003256.14220334,0.0,118.0,,1.0,,0.468881,,,2027-01-26 15:20:00
6003257.1423488995,0.0,116.0,,1.0,,0.450024,,,2027-01-26 15:25:00
6003258.142494459,0.0,114.0,,1.0,,0.400474,,,2027-01-26 15:30:00
6003259.142640018,0.0,112.0,,1.0,,0.14978,,,2027-01-26 15:35:00
6003260.142785577,0.0,109.0,,1.0,,1.398896,,,2027-01-26 15:40:00
6003261.142931136,0.0,108.0,,1.0,,0.895952,,,2027-01-26 15:45:00
6003262.1430766955,0.0,106.0,,1.0,,0.777407,,,2027-01-26 15:50:00
6003263.143222256,0.0,104.0,,1.0,,0.950449,,,2027-01-26 15:55:00
6003264.143367815,0.0,102.0,,1.0,,0.451049,,,2027-01-26 16:00:00
6003265.143513374,0.0,101.0,,1.0,,0.839428,,,2027-01-26 16:05:00
6003266.143658933,0.0,103.0,,1.0,,1.967721,,,2027-01-26 16:10:00
6003267.143804492,0.0,104.0,,1.0,,2.48507,,,2027-01-26 16:15:00
6003268.143950052,0.0,105.0,,1.0,,0.284327,,,2027-01-26 16:20:00
6003269.144095611,0.0,107.0,,1.0,,1.684284,,,2027-01-26 16:25:00
6003270.144241171,0.0,107.0,,1.0,,4.918826,,,2027-01-26 16:30:00
6003271.14438673,0.0,104.0,,1.0,,3.592468,,,2027-01-26 16:35:00
6003272.144532289,0.0,105.0,,1.0,,1.840014,,,2027-01-26 16:40:00
6003273.144677849,0.0,104.0,,1.0,,1.972405,,,2027-01-26 16:45:00
6003274.144823408,0.0,100.0,,1.0,,2.923859,,,2027-01-26 16:50:00
6003275.144968967,0.0,98.0,,1.0,,0.037954,,,2027-01-26 16:55:00
6003276.145114526,0.0,100.0,,1.0,,0.005491,,,2027-01-26 17:00:00
6003277.145260086,0.0,106.0,,1.0,,0.0,,,2027-01-26 17:05:00
6003278.1454056455,0.0,113.0,,1.0,,,,,2027-01-26 17:10:00
6003279.145551205,0.0,128.0,113.0,1.0,,,,6.6,2027-01-26 17:15:00
6003280.145696764,0.0,149.0,,1.0,,0.020019,,,2027-01-26 17:20:00
6003281.145842323,0.0,154.0,,1.0,,0.008186,,,2027-01-26 17:25:00
6003282.145987882,0.0,181.0,,1.0,,0.008118,,,2027-01-26 17:30:00
6003283.1461334415,0.0,206.0,,1.0,,0.0,,,2027-01-26 17:35:00
6003284.146279002,0.0,225.0,,1.0,,,,,2027-01-26 17:40:00
6003285.146424561,0.0,235.0,,1.0,,,,,2027-01-26 17:45:00
6003286.14657012,0.0,240.0,,1.0,,0.007972,,,2027-01-26 17:50:00
6003287.146715679,0.0,241.0,,1.0,,0.0,,,2027-01-26 17:55:00
6003288.146861238,0.0,238.0,,1.0,,0.009888,,,2027-01-26 18:00:00
6003289.147006798,0.0,233.0,,1.0,,0.008897,,,2027-01-26 18:05:00
6003290.147152357,0.0,226.0,,1.0,,0.009433,,,2027-01-26 18:10:00
6003291.147297917,0.0,219.0,,1.0,,0.009167,,,2027-01-26 18:15:00
6003292.147443476,0.0,213.0,,1.0,,0.01087,,,2027-01-26 18:20:00
6003293.147589035,0.0,207.0,,1.0,,0.013194,,,2027-01-26 18:25:00
6003294.1477345945,0.0,202.0,,1.0,,0.036134,,,2027-01-26 18:30:00
6003295.147880154,0.0,201.0,,1.0,,0.029691,,,2027-01-26 18:35:00
6003296.148025713,0.0,191.0,,1.0,,0.025515,,,2027-01-26 18:40:00
6003297.148171272,0.0,192.0,193.0,1.0,,0.009748,,24.0,2027-01-26 18:45:00
6003298.148316832,0.0,203.0,,1.0,,0.006791,,,2027-01-26 18:50:00
6003299.148462391,0.0,208.0,,1.0,,0.0,,,2027-01-26 18:55:00
6003300.148607951,0.0,224.0,,1.0,,,,,2027-01-26 19:00:00
6003301.14875351,0.0,240.0,,1.0,,,,,2027-01-26 19:05:00
6003302.148899069,0.0,255.0,,1.0,,,,,2027-01-26 19:10:00
6003303.149044628,0.0,271.0,,1.0,,0.008031,,,2027-01-26 19:15:00
6003304.149190187,0.0,285.0,,1.0,,0.018068,,,2027-01-26 19:20:00
6003305.149335748,0.0,294.0,,1.0,,0.009141,,,2027-01-26 19:25:00
6003306.149481307,0.0,299.0,,1.0,,0.010578,,,2027-01-26 19:30:00
6003307.149626866,0.0,304.0,,1.0,,0.021586,,,2027-01-26 19:35:00
6003308.149772425,0.0,308.0,,1.0,,0.019208,,,2027-01-26 19:40:00
6003309.149917984,0.0,315.0,,1.0,,0.021471,,,2027-01-26 19:45:00
6003310.150063544,0.0,317.0,,1.0,,0.042267,,,2027-01-26 19:50:00
6003311.150209103,0.0,315.0,,1.0,,0.030112,,,2027-01-26 19:55:00
6003312.150354663,0.0,317.0,,1.0,,0.06066,,,2027-01-26 20:00:00
6003313.150500222,0.0,318.0,,1.0,,0.032555,,,2027-01-26 20:05:00
6003314.150645781,0.0,315.0,,1.0,,0.022966,,,2027-01-26 20:10:00
6003315.1507913405,0.0,312.0,,1.0,,0.049789,,,2027-01-26 20:15:00
6003316.1509369,0.0,307.0,,1.0,,0.284701,,,2027-01-26 20:20:00
6003317.151082459,0.0,297.0,,1.0,,0.029652,,,2027-01-26 20:25:00
6003318.151228018,0.0,291.0,,1.0,,0.020403,,,2027-01-26 20:30:00
6003319.151373578,0.0,282.0,,1.0,,0.064234,,,2027-01-26 20:35:00
6003320.151519137,0.0,271.0,,1.0,,0.033688,,,2027-01-26 20:40:00
6003321.151664697,0.0,262.0,,1.0,,0.011139,,,2027-01-26 20:45:00
6003322.151810256,0.0,254.0,,1.0,,0.0,,,2027-01-26 20:50:00
6003323.151955815,0.0,242.0,254.0,1.0,,,,8.0,2027-01-26 20:55:00
6003324.152101374,0.0,225.0,,0.0,,,,,2027-01-26 21:00:00
6003325.152246933,0.0,211.0,,0.0,,,,,2027-01-26 21:05:00
6003326.152392494,0.0,199.0,,0.0,,,,,2027-01-26 21:10:00
6003327.152538053,0.0,192.0,,0.0,,,,,2027-01-26 21:15:00
6003328.152683612,0.0,188.0,,0.0,,0.052882,,,2027-01-26 21:20:00
6003329.152829171,0.0,188.0,,0.0,,0.007442,,,2027-01-26 21:25:00
6003330.15297473,0.0,182.0,,0.0,,0.027521,,,2027-01-26 21:30:00
6003331.15312029,0.0,179.0,,1.0,,0.007854,,,2027-01-26 21:35:00
6003332.153265849,0.0,181.0,142.0,1.0,,0.010375,,,2027-01-26 21:40:00
6003333.153411409,0.0,178.0,,1.0,,0.010409,,,2027-01-26 21:45:00
6003334.153556968,0.0,145.0,142.0,1.0,,0.021491,,,2027-01-26 21:50:00
6003335.153702527,0.0,144.0,,1.0,,0.013704,,,2027-01-26 21:55:00
6003336.1538480865,0.0,146.0,,1.0,,0.012262,,,2027-01-26 22:00:00
6003337.153993646,0.0,150.0,,1.0,,0.015241,,,2027-01-26 22:05:00
6003338.154139205,0.0,151.0,,1.0,,0.014046,,,2027-01-26 22:10:00
6003339.154284764,0.0,150.0,,1.0,,0.01537,,,2027-01-26 22:15:00
6003340.154430324,0.0,149.0,,1.0,,0.022552,,,2027-01-26 22:20:00
6003341.154575883,0.0,149.0,,1.0,,0.013413,,,2027-01-26 22:25:00
6003342.154721443,0.0,147.0,,1.0,,0.014458,,,2027-01-26 22:30:00
6003343.154867002,0.0,143.0,,1.0,,0.026404,,,2027-01-26 22:35:00
6003344.155012561,0.0,138.0,,1.0,,0.023443,,,2027-01-26 22:40:00
6003345.15515812,0.0,132.0,,1.0,,0.043766,,,2027-01-26 22:45:00
6003346.155303679,0.0,129.0,,1.0,,0.015915,,,2027-01-26 22:50:00
6003347.15544924,0.0,124.0,,1.0,,0.049352,,,2027-01-26 22:55:00
6003348.155594799,0.0,119.0,,1.0,,0.068261,,,2027-01-26 23:00:00
6003349.155740358,0.0,112.0,,1.0,,0.07751,,,2027-01-26 23:05:00
6003350.155885917,0.0,106.0,,1.0,,0.074617,,,2027-01-26 23:10:00
6003351.156031476,0.0,101.0,,1.0,,0.060873,,,2027-01-26 23:15:00
6003352.1561770355,0.0,97.0,,1.0,,0.012479,,,2027-01-26 23:20:00
6003353.156322595,0.0,92.0,,1.0,,0.027868,,,2027-01-26 23:25:00
6003354.156468155,0.0,87.0,,1.0,,0.010887,,,2027-01-26 23:30:00
6003355.156613714,0.0,82.0,,1.0,,0.012564,,,2027-01-26 23:35:00
6003356.156759273,0.0,78.0,,1.0,,0.018645,,,2027-01-26 23:40:00
6003357.156904832,0.0,73.0,,1.0,,0.0262,,,2027-01-26 23:45:00
6003358.157050392,0.0,70.0,,1.0,,0.047246,,,2027-01-26 23:50:00
6003359.157195951,0.0,66.0,,1.0,,0.070681,,,2027-01-26 23:55:00
6003360.15734151,0.0,60.0,,1.0,,0.100012,,,2027-01-27 00:00:00
6003361.15748707,0.0,55.0,,0.0,,0.131886,,,2027-01-27 00:05:00
6003362.157632629,0.0,51.0,,0.0,,0.16168,,,2027-01-27 00:10:00
6003363.157778189,0.0,49.0,,0.0,,0.244876,,,2027-01-27 00:15:00
6003364.157923748,0.0,50.0,,0.0,,0.679722,,,2027-01-27 00:20:00
6003365.158069307,0.0,55.0,,0.0,,0.383635,,,2027-01-27 00:25:00
6003366.158214866,0.0,62.0,,0.0,,0.354433,,,2027-01-27 00:30:00
6003367.158360425,0.0,67.0,,0.0,,0.900452,,,2027-01-27 00:35:00
6003368.1585059855,0.0,70.0,,0.0,,0.469474,,,2027-01-27 00:40:00
6003369.158651545,0.0,72.0,,0.0,,0.402545,,,2027-01-27 00:45:00
6003370.158797104,0.0,71.0,,0.0,,0.394594,,,2027-01-27 00:50:00
6003371.158942663,0.0,69.0,,0.0,,0.381156,,,2027-01-27 00:55:00
6003372.159088222,0.0,69.0,,0.0,,0.393782,,,2027-01-27 01:00:00
6003373.1592337815,0.0,68.0,,0.0,,0.395449,,,2027-01-27 01:05:00
6003374.159379341,0.0,65.0,,0.0,,0.341859,,,2027-01-27 01:10:00
6003375.159524901,0.0,62.0,,0.0,,0.276653,,,2027-01-27 01:15:00
6003376.15967046,0.0,60.0,,0.0,,0.26141,,,2027-01-27 01:20:00
6003377.159816019,0.0,59.0,,0.0,,0.250246,,,2027-01-27 01:25:00
6003378.159961578,0.0,59.0,,0.0,,0.345566,,,2027-01-27 01:30:00
6003379.160107138,0.0,61.0,,0.0,,0.356036,,,2027-01-27 01:35:00
6003380.160252697,0.0,62.0,,0.0,,0.17516,,,2027-01-27 01:40:00
6003381.160398256,0.0,63.0,,0.0,,0.29814,,,2027-01-27 01:45:00
6003382.160543816,0.0,64.0,,0.0,,0.277316,,,2027-01-27 01:50:00
6003383.160689375,0.0,67.0,,0.0,,0.413002,,,2027-01-27 01:55:00
6003384.160834935,0.0,70.0,,0.0,,0.221975,,,2027-01-27 02:00:00
6003385.160980494,0.0,73.0,,0.85,,0.222837,,,2027-01-27 02:05:00
6003386.161126053,0.0,75.0,,0.85,,0.222064,,,2027-01-27 02:10:00
6003387.161271612,0.0,79.0,,0.85,,0.228463,,,2027-01-27 02:15:00
6003388.161417171,0.0,84.0,,0.85,,0.24651,,,2027-01-27 02:20:00
6003389.1615627315,0.0,89.0,,0.85,,0.0,,,2027-01-27 02:25:00
6003390.161708291,0.0,93.0,,0.85,,,,,2027-01-27 02:30:00
6003391.16185385,0.0,97.0,,0.85,,,,,2027-01-27 02:35:00
6003392.161999409,0.0,98.0,,0.85,,,,,2027-01-27 02:40:00
6003393.162144968,0.0,102.0,,0.85,,,,,2027-01-27 02:45:00
6003394.1622905275,0.0,106.0,,0.85,,,,,2027-01-27 02:50:00
6003395.162436087,0.0,108.0,,0.85,,,,,2027-01-27 02:55:00
6003396.162581647,0.0,106.0,,0.85,,,,,2027-01-27 03:00:00
6003397.162727206,0.0,100.0,,1.75,,,,,2027-01-27 03:05:00
6003398.162872765,0.0,99.0,,1.75,,,,,2027-01-27 03:10:00
6003399.163018324,0.0,99.0,,1.75,,,,,2027-01-27 03:15:00
6003400.163163884,0.0,100.0,,1.75,,,,,2027-01-27 03:20:00
6003401.163309443,0.0,102.0,,1.75,,,,,2027-01-27 03:25:00
6003402.163455002,0.0,104.0,,1.75,,,,,2027-01-27 03:30:00
6003403.163600562,0.0,107.0,,1.75,,,,,2027-01-27 03:35:00
6003404.163746121,0.0,111.0,,1.75,,,,,2027-01-27 03:40:00
6003405.163891681,0.0,114.0,,1.75,,,,,2027-01-27 03:45:00
6003406.16403724,0.0,118.0,,1.75,,,,,2027-01-27 03:50:00
6003407.164182799,0.0,121.0,,1.75,,,,,2027-01-27 03:55:00
6003408.164328358,0.0,125.0,,1.75,,,,,2027-01-27 04:00:00
6003409.164473917,0.0,128.0,,1.75,,,,,2027-01-27 04:05:00
6003410.1646194775,0.0,130.0,,1.75,,,,,2027-01-27 04:10:00
6003411.164765037,0.0,131.0,,1.75,,,,,2027-01-27 04:15:00
6003412.164910596,0.0,131.0,,1.75,,,,,2027-01-27 04:20:00
6003413.165056155,0.0,131.0,,1.75,,,,,2027-01-27 04:25:00
6003414.165201714,0.0,131.0,,1.75,,,,,2027-01-27 04:30:00
6003415.165347273,0.0,132.0,,1.75,,,,,2027-01-27 04:35:00
6003416.165492833,0.0,133.0,,1.75,,,,,2027-01-27 04:40:00
6003417.165638393,0.0,130.0,,1.75,,,,,2027-01-27 04:45:00
6003418.165783952,0.0,130.0,,1.75,,,,,2027-01-27 04:50:00
6003419.165929511,0.0,130.0,,1.75,,,,,2027-01-27 04:55:00
6003420.16607507,0.0,130.0,,1.75,,,,,2027-01-27 05:00:00
6003421.16622063,0.0,132.0,,1.75,,,,,2027-01-27 05:05:00
6003422.166366189,0.0,136.0,,1.75,,,,,2027-01-27 05:10:00
6003423.166511748,0.0,140.0,,1.75,,,,,2027-01-27 05:15:00
6003424.166657308,0.0,142.0,,1.75,,,,,2027-01-27 05:20:00
6003425.166802867,0.0,140.0,,1.75,,,,,2027-01-27 05:25:00
6003426.1669484265,0.0,139.0,,1.75,,,,,2027-01-27 05:30:00
6003427.167093986,0.0,140.0,,1.75,,,,,2027-01-27 05:35:00
6003428.167239545,0.0,142.0,,1.75,,,,,2027-01-27 05:40:00
6003429.167385104,0.0,150.0,,1.75,,,,,2027-01-27 05:45:00
6003430.167530663,0.0,153.0,,1.75,,,,,2027-01-27 05:50:00
6003431.167676223,0.0,157.0,,1.75,,,,,2027-01-27 05:55:00
6003432.167821783,0.0,158.0,,1.75,,,,,2027-01-27 06:00:00
6003433.167967342,0.0,158.0,,1.75,,,,,2027-01-27 06:05:00
6003434.168112901,0.0,158.0,,1.75,,,,,2027-01-27 06:10:00
6003435.16825846,0.0,157.0,,1.75,,,,,2027-01-27 06:15:00
6003436.168404019,0.0,156.0,,1.75,,,,,2027-01-27 06:20:00
6003437.168549579,0.0,156.0,,1.75,,,,,2027-01-27 06:25:00
6003438.168695139,0.0,156.0,,1.75,,,,,2027-01-27 06:30:00
6003439.168840698,0.0,155.0,,1.75,,,,,2027-01-27 06:35:00
6003440.168986257,0.0,152.0,,1.75,,,,,2027-01-27 06:40:00
6003441.169131816,0.0,149.0,,1.75,,,,,2027-01-27 06:45:00
6003442.169277376,0.0,145.0,,1.75,,,,,2027-01-27 06:50:00
6003443.169422935,0.0,143.0,,1.75,,,,,2027-01-27 06:55:00
6003444.169568494,0.0,141.0,,1.75,,,,,2027-01-27 07:00:00
6003445.169714054,0.0,140.0,,1.75,,,,,2027-01-27 07:05:00
6003446.169859613,0.0,140.0,,1.75,,,,,2027-01-27 07:10:00
6003447.1700051725,0.0,140.0,,1.75,,,,,2027-01-27 07:15:00
6003448.170150732,0.0,139.0,,1.75,,,,,2027-01-27 07:20:00
6003449.170296291,0.0,139.0,,1.75,,,,,2027-01-27 07:25:00
6003450.17044185,0.0,142.0,,1.75,,,,,2027-01-27 07:30:00
6003451.170587409,0.0,154.0,,1.75,,,,,2027-01-27 07:35:00
6003452.170732969,0.0,158.0,,1.75,,,,,2027-01-27 07:40:00
6003453.170878529,0.0,157.0,,1.75,,,,,2027-01-27 07:45:00
6003454.171024088,0.0,155.0,,1.75,,,,,2027-01-27 07:50:00
6003455.171169647,0.0,159.0,,1.75,,,,,2027-01-27 07:55:00
6003456.171315206,0.0,163.0,,1.75,,,,,2027-01-27 08:00:00
6003457.171460765,0.0,168.0,,1.35,,,,,2027-01-27 08:05:00
6003458.171606325,0.0,171.0,,1.35,,,,,2027-01-27 08:10:00
6003459.171751885,0.0,173.0,,1.35,,,,,2027-01-27 08:15:00
6003460.171897444,0.0,172.0,,1.35,,,,,2027-01-27 08:20:00
6003461.172043003,0.0,170.0,,1.35,,,,,2027-01-27 08:25:00
6003462.172188562,0.0,173.0,,1.35,,,,,2027-01-27 08:30:00
6003463.172334122,0.0,173.0,,1.35,,,,,2027-01-27 08:35:00
6003464.172479681,0.0,173.0,,1.35,,,,,2027-01-27 08:40:00
6003465.17262524,0.0,172.0,,1.35,,,,,2027-01-27 08:45:00
6003466.1727708,0.0,168.0,,1.35,,,,,2027-01-27 08:50:00
6003467.172916359,0.0,169.0,,1.35,,,,,2027-01-27 08:55:00
6003468.1730619185,0.0,172.0,,1.35,,,,,2027-01-27 09:00:00
6003469.173207478,0.0,173.0,,1.35,,,,,2027-01-27 09:05:00
6003470.173353037,0.0,174.0,,1.35,,,,,2027-01-27 09:10:00
6003471.173498596,0.0,178.0,,1.35,,,,,2027-01-27 09:15:00
6003472.173644155,0.0,181.0,,1.35,,,,,2027-01-27 09:20:00
6003473.173789715,0.0,185.0,187.0,1.35,,,,6.7,2027-01-27 09:25:00
6003474.173935275,0.0,191.0,,1.35,,,,,2027-01-27 09:30:00
6003475.174080834,0.0,196.0,,1.35,,,,,2027-01-27 09:35:00
6003476.174226393,1.0,,,1.35,,,,,2027-01-27 09:40:00
6003477.174371952,1.0,,233.0,1.35,,,,,2027-01-27 09:45:00
6003478.174517511,1.0,,233.0,1.35,,,,17.4,2027-01-27 09:50:00
6003479.174663071,1.0,,,1.35,,,,,2027-01-27 09:55:00
6003480.174808631,0.0,229.0,233.0,1.35,,,,,2027-01-27 10:00:00
6003481.17495419,0.0,226.0,,1.15,,,,,2027-01-27 10:05:00
6003482.175099749,0.0,220.0,,1.15,,,,,2027-01-27 10:10:00
6003483.175245308,0.0,219.0,,1.15,,,,,2027-01-27 10:15:00
6003484.1753908675,0.0,226.0,,1.15,,,,,2027-01-27 10:20:00
6003485.175536427,0.0,234.0,,1.15,,,,,2027-01-27 10:25:00
6003486.175681986,0.0,224.0,,1.15,,,,,2027-01-27 10:30:00
6003487.175827546,1.0,,,1.15,,,,,2027-01-27 10:35:00
6003488.175973105,1.0,,,1.15,,,,,2027-01-27 10:40:00
6003489.176118664,1.0,,,1.15,,,,,2027-01-27 10:45:00
6003490.176264224,1.0,,,1.15,,,,,2027-01-27 10:50:00
6003491.176409783,1.0,,,1.15,,,,,2027-01-27 10:55:00
6003492.176555342,1.0,,,1.15,,,,,2027-01-27 11:00:00
6003493.176700901,1.0,,,1.15,,,,,2027-01-27 11:05:00
6003494.176846461,1.0,,,1.15,,,,,2027-01-27 11:10:00
6003495.176992021,1.0,,,1.15,,,,,2027-01-27 11:15:00
6003496.17713758,1.0,,,1.15,,,,,2027-01-27 11:20:00
6003497.177283139,1.0,,,1.15,,,,,2027-01-27 11:25:00
6003498.177428698,1.0,,,1.15,,,,,2027-01-27 11:30:00
6003499.177574257,1.0,,,1.15,,,,,2027-01-27 11:35:00
6003500.177719817,1.0,,,1.15,,,,,2027-01-27 11:40:00
6003501.177865377,1.0,,,1.15,,,,,2027-01-27 11:45:00
6003502.178010936,1.0,,,1.15,,,,,2027-01-27 11:50:00
6003503.178156495,1.0,,,1.15,,,,,2027-01-27 11:55:00
6003504.178302054,1.0,,,1.15,,,,,2027-01-27 12:00:00
6003505.1784476135,1.0,,,1.15,,,,,2027-01-27 12:05:00
6003506.178593173,1.0,,,1.15,,,,,2027-01-27 12:10:00
6003507.178738732,1.0,,,1.15,,,,,2027-01-27 12:15:00
6003508.178884292,1.0,,,1.15,,,,,2027-01-27 12:20:00
6003509.179029851,1.0,,,1.15,,,,,2027-01-27 12:25:00
6003510.17917541,1.0,,,1.15,,,,,2027-01-27 12:30:00
6003511.17932097,1.0,,,1.1,,,,,2027-01-27 12:35:00
6003512.179466529,1.0,,,1.1,,,,,2027-01-27 12:40:00
6003513.179612088,1.0,,,1.1,,,,,2027-01-27 12:45:00
6003514.179757647,1.0,,,1.1,,,,9.0,2027-01-27 12:50:00
6003515.179903207,1.0,,,1.1,,,,,2027-01-27 12:55:00
6003516.180048767,1.0,,,1.1,,,,,2027-01-27 13:00:00
6003517.180194326,1.0,,,1.1,,,,,2027-01-27 13:05:00
6003518.180339885,1.0,,,1.1,,0.024487,,,2027-01-27 13:10:00
6003519.180485444,1.0,,,1.1,,0.013663,,,2027-01-27 13:15:00
6003520.180631003,1.0,,170.0,1.1,,0.018603,,,2027-01-27 13:20:00
6003521.180776563,1.0,,,1.1,,0.072747,,,2027-01-27 13:25:00
6003522.180922123,1.0,,,1.1,,0.054143,,,2027-01-27 13:30:00
6003523.181067682,1.0,,,1.1,,0.013898,,,2027-01-27 13:35:00
6003524.181213241,1.0,,,1.1,,0.0,,,2027-01-27 13:40:00
6003525.1813588,1.0,,,1.1,,0.014582,,,2027-01-27 13:45:00
6003526.1815043595,1.0,,,1.1,,0.017748,,,2027-01-27 13:50:00
6003527.181649919,1.0,,,1.1,,0.024622,,,2027-01-27 13:55:00
6003528.181795478,1.0,,,1.1,,0.022361,,,2027-01-27 14:00:00
6003529.181941038,1.0,,,1.1,,0.017107,,,2027-01-27 14:05:00
6003530.182086597,1.0,,,1.1,,0.015085,,,2027-01-27 14:10:00
6003531.182232156,1.0,,,1.1,,0.030381,,,2027-01-27 14:15:00
6003532.182377716,1.0,,,1.1,,0.015225,,16.5,2027-01-27 14:20:00
6003533.182523275,1.0,,,1.1,,0.0,,,2027-01-27 14:25:00
6003534.182668834,1.0,,,1.1,,0.01584,,,2027-01-27 14:30:00
6003535.182814393,1.0,,,1.1,,0.017994,,,2027-01-27 14:35:00
6003536.182959953,1.0,,,1.1,,0.014971,,,2027-01-27 14:40:00
6003537.1831055125,1.0,,,1.1,,0.026356,,,2027-01-27 14:45:00
6003538.183251072,1.0,,,1.1,,0.039608,,,2027-01-27 14:50:00
6003539.183396631,1.0,,,1.1,,0.031434,,,2027-01-27 14:55:00
6003540.18354219,1.0,,,1.1,,0.022554,,,2027-01-27 15:00:00
6003541.183687749,1.0,,,1.1,,0.016756,,,2027-01-27 15:05:00
6003542.1838333085,1.0,,,1.1,,0.018708,,,2027-01-27 15:10:00
6003543.183978869,1.0,,,1.1,,0.025569,,,2027-01-27 15:15:00
6003544.184124428,1.0,,,1.1,,0.016432,,,2027-01-27 15:20:00
6003545.184269987,1.0,,,1.1,,0.013862,,,2027-01-27 15:25:00
6003546.184415546,1.0,,,1.1,,0.161193,,,2027-01-27 15:30:00
6003547.184561105,1.0,,,1.1,,0.020956,,,2027-01-27 15:35:00
6003548.184706665,1.0,,,1.1,,0.016531,,,2027-01-27 15:40:00
6003549.184852224,1.0,,,1.1,,0.013615,,,2027-01-27 15:45:00
6003550.184997784,1.0,,,1.1,,0.018382,,,2027-01-27 15:50:00
6003551.185143343,1.0,,,1.1,,0.022691,,,2027-01-27 15:55:00
6003552.185288902,1.0,,,1.1,,0.020386,,,2027-01-27 16:00:00
6003553.185434462,1.0,,,1.1,,0.022878,,,2027-01-27 16:05:00
6003554.185580021,1.0,,,1.1,,0.062709,,,2027-01-27 16:10:00
6003555.18572558,1.0,,,1.1,,0.027722,,,2027-01-27 16:15:00
6003556.185871139,1.0,,,1.1,,0.022113,,,2027-01-27 16:20:00
6003557.186016699,1.0,,,1.1,,0.035813,,9.1,2027-01-27 16:25:00
6003558.1861622585,1.0,,,1.1,,0.018509,,,2027-01-27 16:30:00
6003559.186307818,1.0,,,1.1,,0.085764,,,2027-01-27 16:35:00
6003560.186453377,1.0,,,1.1,,0.028594,,,2027-01-27 16:40:00
6003561.186598936,1.0,,,1.1,,0.025761,,,2027-01-27 16:45:00
6003562.186744495,1.0,,,1.1,,0.020842,,,2027-01-27 16:50:00
6003563.1868900545,1.0,,,1.1,,0.054599,,,2027-01-27 16:55:00
6003564.187035615,1.0,,,1.1,,0.012789,,,2027-01-27 17:00:00
6003565.187181174,1.0,,,1.1,,0.025467,,,2027-01-27 17:05:00
6003566.187326733,1.0,,,1.1,,0.0545,,,2027-01-27 17:10:00
6003567.187472292,1.0,,,1.1,,0.063357,,,2027-01-27 17:15:00
6003568.187617851,1.0,,,1.1,,0.020419,,,2027-01-27 17:20:00
6003569.187763411,1.0,,,1.1,,0.03008,,,2027-01-27 17:25:00
6003570.18790897,1.0,,148.0,1.1,,0.041765,,,2027-01-27 17:30:00
6003571.18805453,1.0,,,1.1,,0.057681,,,2027-01-27 17:35:00
6003572.188200089,1.0,,,1.1,,0.039078,,,2027-01-27 17:40:00
6003573.188345648,1.0,,,1.1,,0.020692,,,2027-01-27 17:45:00
6003574.188491208,1.0,,,1.1,,0.025401,,,2027-01-27 17:50:00
6003575.188636767,1.0,,,1.1,,0.020102,,,2027-01-27 17:55:00
6003576.188782326,1.0,,,1.1,,0.087077,,,2027-01-27 18:00:00
6003577.188927885,1.0,,,1.2,,0.011761,,,2027-01-27 18:05:00
6003578.189073445,1.0,,,1.2,,0.010879,,,2027-01-27 18:10:00
6003579.1892190045,1.0,,,1.2,,0.011576,,,2027-01-27 18:15:00
6003580.189364564,1.0,,,1.2,,0.009272,,,2027-01-27 18:20:00
6003581.189510123,1.0,,,1.2,,0.009663,,,2027-01-27 18:25:00
6003582.189655682,1.0,,,1.2,,0.016926,,,2027-01-27 18:30:00
6003583.189801241,1.0,,,1.2,,0.01179,,,2027-01-27 18:35:00
6003584.1899468005,1.0,,,1.2,,0.00879,,,2027-01-27 18:40:00
6003585.190092361,1.0,,,1.2,,0.038302,,,2027-01-27 18:45:00
6003586.19023792,1.0,,,1.2,,0.012069,,,2027-01-27 18:50:00
6003587.190383479,1.0,,,1.2,,0.087135,,,2027-01-27 18:55:00
6003588.190529038,1.0,,,1.2,,0.235207,,,2027-01-27 19:00:00
6003589.190674597,1.0,,,1.2,,0.357969,,,2027-01-27 19:05:00
6003590.190820157,1.0,,,1.2,,0.83003,,,2027-01-27 19:10:00
6003591.190965716,1.0,,,1.2,,0.545129,,,2027-01-27 19:15:00
6003592.191111276,1.0,,,1.2,,0.444598,,,2027-01-27 19:20:00
6003593.191256835,1.0,,,1.2,,0.433693,,,2027-01-27 19:25:00
6003594.191402394,1.0,,,1.2,,0.47429,,,2027-01-27 19:30:00
6003595.1915479535,1.0,,,1.2,,0.475773,,,2027-01-27 19:35:00
6003596.191693513,1.0,,,1.2,,0.479697,,,2027-01-27 19:40:00
6003597.191839072,1.0,,,1.2,,0.509663,,,2027-01-27 19:45:00
6003598.191984631,1.0,,,1.2,,0.531909,,11.0,2027-01-27 19:50:00
6003599.192130191,1.0,,,1.2,,0.513131,,,2027-01-27 19:55:00
6003600.19227575,1.0,,,1.2,,0.013912,,,2027-01-27 20:00:00
6003601.19242131,1.0,,,1.2,,0.018197,,,2027-01-27 20:05:00
6003602.192566869,1.0,,,1.2,,0.027504,,,2027-01-27 20:10:00
6003603.192712428,1.0,,,1.2,,0.032485,,,2027-01-27 20:15:00
6003604.192857987,1.0,,,1.2,,0.037117,,,2027-01-27 20:20:00
6003605.193003546,1.0,,,1.2,,0.04084,,,2027-01-27 20:25:00
6003606.193149107,1.0,,,1.2,,0.049038,,,2027-01-27 20:30:00
6003607.193294666,1.0,,,1.2,,0.047137,,,2027-01-27 20:35:00
6003608.193440225,1.0,,,1.2,,0.022537,,,2027-01-27 20:40:00
6003609.193585784,1.0,,,1.2,,0.04167,,,2027-01-27 20:45:00
6003610.193731343,1.0,,,1.2,,0.052592,,,2027-01-27 20:50:00
6003611.193876903,1.0,,,1.2,,0.021077,,,2027-01-27 20:55:00
6003612.194022462,1.0,,,1.2,,0.023347,,,2027-01-27 21:00:00
6003613.194168022,1.0,,,1.2,,0.02474,,,2027-01-27 21:05:00
6003614.194313581,1.0,,,1.2,,0.026998,,,2027-01-27 21:10:00
6003615.19445914,1.0,,,1.2,,0.035246,,,2027-01-27 21:15:00
6003616.1946046995,1.0,,,1.2,,0.033736,,,2027-01-27 21:20:00
6003617.194750259,1.0,,,1.2,,0.042103,,,2027-01-27 21:25:00
6003618.194895818,1.0,,,1.2,,0.047543,,,2027-01-27 21:30:00
6003619.195041377,1.0,,,1.2,,0.051648,,,2027-01-27 21:35:00
6003620.195186937,1.0,,,1.2,,0.05575,,,2027-01-27 21:40:00
6003621.195332496,1.0,,,1.2,,0.04307,,,2027-01-27 21:45:00
6003622.195478056,1.0,,,1.2,,0.042029,,,2027-01-27 21:50:00
6003623.195623615,1.0,,,1.2,,0.029835,,,2027-01-27 21:55:00
6003624.195769174,1.0,,,1.2,,0.027983,,,2027-01-27 22:00:00
6003625.195914733,1.0,,,1.0,,0.026744,,,2027-01-27 22:05:00
6003626.196060292,1.0,,,1.0,,0.037725,,,2027-01-27 22:10:00
6003627.196205853,1.0,,,1.0,,0.039892,,,2027-01-27 22:15:00
6003628.196351412,1.0,,,1.0,,0.047125,,,2027-01-27 22:20:00
6003629.196496971,1.0,,,1.0,,0.061099,,,2027-01-27 22:25:00
6003630.19664253,1.0,,,1.0,,0.072279,,,2027-01-27 22:30:00
6003631.196788089,1.0,,,1.0,,0.080298,,,2027-01-27 22:35:00
6003632.196933649,1.0,,,1.0,,0.029236,,,2027-01-27 22:40:00
6003633.197079208,1.0,,,1.0,,0.030133,,,2027-01-27 22:45:00
6003634.197224768,1.0,,,1.0,,0.033803,,,2027-01-27 22:50:00
6003635.197370327,1.0,,,1.0,,0.034464,,,2027-01-27 22:55:00
6003636.197515886,1.0,,,1.0,,0.044661,,,2027-01-27 23:00:00
6003637.1976614455,1.0,,,1.0,,0.052541,,,2027-01-27 23:05:00
6003638.197807005,1.0,,,1.0,,0.066342,,,2027-01-27 23:10:00
6003639.197952564,1.0,,,1.0,,0.048303,,,2027-01-27 23:15:00
6003640.198098123,1.0,,,1.0,,0.011471,,,2027-01-27 23:20:00
6003641.198243683,1.0,,,1.0,,0.0,,,2027-01-27 23:25:00
6003642.198389242,1.0,,,1.0,,,,,2027-01-27 23:30:00
6003643.198534802,1.0,,,1.0,,,,,2027-01-27 23:35:00
6003644.198680361,1.0,,,1.0,,,,,2027-01-27 23:40:00
6003645.19882592,1.0,,,1.0,,,,,2027-01-27 23:45:00
6003646.198971479,1.0,,,1.0,,,,,2027-01-27 23:50:00
6003647.199117038,1.0,,,1.0,,,,,2027-01-27 23:55:00
6003648.1992625985,1.0,,,1.0,,0.021077,,,2027-01-28 00:00:00
6003649.199408158,1.0,,,1.0,,0.029857,,,2027-01-28 00:05:00
6003650.199553717,1.0,,,1.0,,0.057602,,,2027-01-28 00:10:00
6003651.199699276,1.0,,224.0,1.0,,0.074621,,14.0,2027-01-28 00:15:00
6003652.199844835,1.0,,,1.0,,0.08512,,,2027-01-28 00:20:00
6003653.1999903945,1.0,,,1.0,,0.095325,,,2027-01-28 00:25:00
6003654.200135954,1.0,,,1.0,,0.10568,,,2027-01-28 00:30:00
6003655.200281514,1.0,,,1.0,,0.112025,,,2027-01-28 00:35:00
6003656.200427073,1.0,,,1.0,,0.117279,,,2027-01-28 00:40:00
6003657.200572632,1.0,,,1.0,,0.087098,,,2027-01-28 00:45:00
6003658.200718191,1.0,,,1.0,,0.065337,,,2027-01-28 00:50:00
6003659.200863751,1.0,,,1.0,,0.070957,,,2027-01-28 00:55:00
6003660.20100931,1.0,,,1.0,,0.073239,,,2027-01-28 01:00:00
6003661.201154869,1.0,,,1.0,,0.073987,,,2027-01-28 01:05:00
6003662.201300429,1.0,,,1.0,,0.08071,,,2027-01-28 01:10:00
6003663.201445988,1.0,,,1.0,,0.083509,,,2027-01-28 01:15:00
6003664.201591548,1.0,,,1.0,,0.047492,,,2027-01-28 01:20:00
6003665.201737107,1.0,,,1.0,,0.049605,,,2027-01-28 01:25:00
6003666.201882666,1.0,,,1.0,,0.049565,,,2027-01-28 01:30:00
6003667.202028225,1.0,,,1.0,,0.052795,,,2027-01-28 01:35:00
6003668.202173784,1.0,,,1.0,,0.051517,,,2027-01-28 01:40:00
6003669.2023193445,1.0,,,1.0,,0.050713,,,2027-01-28 01:45:00
6003670.202464904,1.0,,,1.0,,0.06896,,,2027-01-28 01:50:00
6003671.202610463,1.0,,,1.0,,0.180091,,,2027-01-28 01:55:00
6003672.202756022,1.0,,,1.0,,0.063763,,,2027-01-28 02:00:00
6003673.202901581,1.0,,,1.0,,0.055343,,,2027-01-28 02:05:00
6003674.2030471405,1.0,,,1.0,,0.035685,,,2027-01-28 02:10:00
6003675.2031927,1.0,,,1.0,,0.039079,,,2027-01-28 02:15:00
6003676.20333826,1.0,,,1.0,,0.044562,,,2027-01-28 02:20:00
6003677.203483819,1.0,,,1.0,,0.05537,,,2027-01-28 02:25:00
6003678.203629378,1.0,,,1.0,,0.051129,,,2027-01-28 02:30:00
6003679.203774937,1.0,,,1.0,,0.055282,,,2027-01-28 02:35:00
6003680.203920497,1.0,,,1.0,,0.062784,,,2027-01-28 02:40:00
6003681.204066056,1.0,,,1.0,,0.065409,,,2027-01-28 02:45:00
6003682.204211615,1.0,,,1.0,,0.063545,,,2027-01-28 02:50:00
6003683.204357175,1.0,,,1.0,,0.074713,,,2027-01-28 02:55:00
6003684.204502734,1.0,,,1.0,,0.08105,,,2027-01-28 03:00:00
6003685.204648294,1.0,,,1.75,,0.042638,,,2027-01-28 03:05:00
6003686.204793853,1.0,,,1.75,,0.039246,,,2027-01-28 03:10:00
6003687.204939412,1.0,,,1.75,,0.039697,,,2027-01-28 03:15:00
6003688.205084971,1.0,,,1.75,,0.037844,,,2027-01-28 03:20:00
6003689.20523053,1.0,,,1.75,,0.037514,,,2027-01-28 03:25:00
6003690.2053760905,1.0,,,1.75,,0.05755,,,2027-01-28 03:30:00
6003691.20552165,1.0,,,1.75,,0.06068,,,2027-01-28 03:35:00
6003692.205667209,1.0,,,1.75,,0.074923,,,2027-01-28 03:40:00
6003693.205812768,1.0,,,1.75,,0.42889,,,2027-01-28 03:45:00
6003694.205958327,1.0,,,1.75,,0.217292,,,2027-01-28 03:50:00
6003695.2061038865,1.0,,,1.75,,0.153422,,,2027-01-28 03:55:00
6003696.206249446,1.0,,,1.75,,0.109052,,,2027-01-28 04:00:00
6003697.206395006,1.0,,,1.75,,0.092298,,,2027-01-28 04:05:00
6003698.206540565,1.0,,,1.75,,0.080636,,,2027-01-28 04:10:00
6003699.206686124,1.0,,,1.75,,0.074454,,,2027-01-28 04:15:00
6003700.206831683,1.0,,,1.75,,0.062848,,,2027-01-28 04:20:00
6003701.206977243,1.0,,,1.75,,0.038928,,,2027-01-28 04:25:00
6003702.207122802,1.0,,,1.75,,0.042718,,,2027-01-28 04:30:00
6003703.207268361,1.0,,,1.75,,0.04896,,,2027-01-28 04:35:00
6003704.207413921,1.0,,,1.75,,0.052287,,,2027-01-28 04:40:00
6003705.20755948,1.0,,,1.75,,0.051749,,,2027-01-28 04:45:00
6003706.2077050395,1.0,,,1.75,,0.068745,,,2027-01-28 04:50:00
6003707.207850599,1.0,,,1.75,,0.06995,,,2027-01-28 04:55:00
6003708.207996158,1.0,,,1.75,,0.081866,,,2027-01-28 05:00:00
6003709.208141717,1.0,,,1.75,,0.091324,,,2027-01-28 05:05:00
6003710.208287276,1.0,,,1.75,,0.097558,,,2027-01-28 05:10:00
6003711.208432836,1.0,,,1.75,,0.275191,,,2027-01-28 05:15:00
6003712.208578396,1.0,,,1.75,,0.401817,,,2027-01-28 05:20:00
6003713.208723955,1.0,,,1.75,,0.781506,,,2027-01-28 05:25:00
6003714.208869514,1.0,,,1.75,,0.370345,,,2027-01-28 05:30:00
6003715.209015073,1.0,,,1.75,,0.222624,,,2027-01-28 05:35:00
6003716.209160632,1.0,,,1.75,,0.166985,,,2027-01-28 05:40:00
6003717.209306192,1.0,,,1.75,,0.139842,,,2027-01-28 05:45:00
6003718.209451752,1.0,,,1.75,,0.253449,,,2027-01-28 05:50:00
6003719.209597311,1.0,,,1.75,,0.229664,,,2027-01-28 05:55:00
6003720.20974287,1.0,,,1.75,,0.232603,,,2027-01-28 06:00:00
6003721.209888429,1.0,,,1.75,,0.168271,,,2027-01-28 06:05:00
6003722.210033989,1.0,,,1.75,,0.145806,,,2027-01-28 06:10:00
6003723.210179548,1.0,,,1.75,,0.136746,,,2027-01-28 06:15:00
6003724.210325107,1.0,,,1.75,,0.168258,,,2027-01-28 06:20:00
6003725.210470667,1.0,,,1.75,,0.022906,,,2027-01-28 06:25:00
6003726.210616226,1.0,,,1.75,,0.024468,,,2027-01-28 06:30:00
6003727.2107617855,1.0,,,1.75,,0.03334,,,2027-01-28 06:35:00
6003728.210907345,1.0,,,1.75,,0.033242,,,2027-01-28 06:40:00
6003729.211052904,1.0,,,1.75,,0.037604,,,2027-01-28 06:45:00
6003730.211198463,1.0,,,1.75,,0.025938,,,2027-01-28 06:50:00
6003731.211344022,1.0,,,1.75,,0.030603,,,2027-01-28 06:55:00
6003732.211489582,1.0,,,1.75,,0.024661,,,2027-01-28 07:00:00
6003733.211635142,1.0,,,1.75,,0.0,,,2027-01-28 07:05:00
6003734.211780701,1.0,,,1.75,,,,,2027-01-28 07:10:00
6003735.21192626,1.0,,,1.75,,0.016697,,,2027-01-28 07:15:00
6003736.212071819,1.0,,,1.75,,0.026513,,,2027-01-28 07:20:00
6003737.212217378,1.0,,,1.75,,0.018991,,,2027-01-28 07:25:00
6003738.212362938,1.0,,,1.75,,0.016921,,,2027-01-28 07:30:00
6003739.212508498,1.0,,,1.75,,0.021792,,,2027-01-28 07:35:00
6003740.212654057,1.0,,130.0,1.75,,0.026941,,1.0,2027-01-28 07:40:00
6003741.212799616,1.0,,,1.75,,0.028487,,,2027-01-28 07:45:00
6003742.212945175,0.0,139.0,130.0,1.75,,0.03053,,,2027-01-28 07:50:00
6003743.213090735,0.0,143.0,,1.75,,0.03125,,,2027-01-28 07:55:00
6003744.213236294,0.0,145.0,,1.75,,0.036482,,,2027-01-28 08:00:00
6003745.213381853,0.0,146.0,,1.35,,0.041259,,,2027-01-28 08:05:00
6003746.213527413,0.0,149.0,,1.35,,0.048285,,,2027-01-28 08:10:00
6003747.213672972,0.0,153.0,,1.35,,0.043762,,,2027-01-28 08:15:00
6003748.2138185315,0.0,162.0,,1.35,,0.052438,,,2027-01-28 08:20:00
6003749.213964091,0.0,170.0,,1.35,,0.05513,,,2027-01-28 08:25:00
6003750.21410965,0.0,181.0,,1.35,,0.055075,,,2027-01-28 08:30:00
6003751.214255209,0.0,187.0,,1.35,,0.08587,,,2027-01-28 08:35:00
6003752.214400768,0.0,189.0,,1.35,,0.018432,,,2027-01-28 08:40:00
6003753.214546328,0.0,190.0,,1.35,,0.01692,,,2027-01-28 08:45:00
6003754.214691888,0.0,190.0,,1.35,,0.032129,,,2027-01-28 08:50:00
6003755.214837447,0.0,197.0,,1.35,,0.043716,,,2027-01-28 08:55:00
6003756.214983006,0.0,199.0,,1.35,,0.016886,,,2027-01-28 09:00:00
6003757.215128565,0.0,196.0,,1.35,,0.019138,,,2027-01-28 09:05:00
6003758.215274124,0.0,191.0,,1.35,,0.017135,,,2027-01-28 09:10:00
6003759.215419684,0.0,184.0,,1.35,,0.026844,,,2027-01-28 09:15:00
6003760.215565244,0.0,191.0,,1.35,,0.035662,,,2027-01-28 09:20:00
6003761.215710803,0.0,198.0,,1.35,,0.032244,,,2027-01-28 09:25:00
6003762.215856362,0.0,204.0,,1.35,,0.04131,,,2027-01-28 09:30:00
6003763.216001921,0.0,208.0,,1.35,,0.047632,,,2027-01-28 09:35:00
6003764.2161474805,0.0,212.0,214.0,1.35,,0.048123,,18.1,2027-01-28 09:40:00
6003765.21629304,0.0,217.0,,1.35,,0.019052,,,2027-01-28 09:45:00
6003766.216438599,0.0,223.0,,1.35,,0.025739,,,2027-01-28 09:50:00
6003767.216584159,0.0,231.0,,1.35,,0.027072,,,2027-01-28 09:55:00
6003768.216729718,0.0,239.0,,1.35,,0.026745,,,2027-01-28 10:00:00
6003769.216875277,0.0,243.0,,1.15,,0.030469,,,2027-01-28 10:05:00
6003770.217020837,0.0,248.0,,1.15,,0.03783,,,2027-01-28 10:10:00
6003771.217166396,0.0,252.0,,1.15,,0.047738,,,2027-01-28 10:15:00
6003772.217311955,0.0,250.0,,1.15,,0.050629,,,2027-01-28 10:20:00
6003773.217457514,0.0,250.0,,1.15,,0.052966,,,2027-01-28 10:25:00
6003774.217603074,0.0,252.0,,1.15,,0.043953,,,2027-01-28 10:30:00
6003775.217748634,0.0,247.0,,1.15,,0.0484,,,2027-01-28 10:35:00
6003776.217894193,0.0,238.0,,1.15,,0.053511,,,2027-01-28 10:40:00
6003777.218039752,0.0,231.0,,1.15,,0.057098,,,2027-01-28 10:45:00
6003778.218185311,0.0,230.0,,1.15,,0.056369,,,2027-01-28 10:50:00
6003779.21833087,0.0,230.0,,1.15,,0.063595,,,2027-01-28 10:55:00
6003780.21847643,0.0,230.0,,1.15,,0.027946,,,2027-01-28 11:00:00
6003781.21862199,0.0,229.0,,1.15,,0.037354,,,2027-01-28 11:05:00
6003782.218767549,0.0,225.0,,1.15,,0.03964,,,2027-01-28 11:10:00
6003783.218913108,0.0,218.0,,1.15,,0.048731,,,2027-01-28 11:15:00
6003784.219058667,0.0,213.0,,1.15,,0.04767,,,2027-01-28 11:20:00
6003785.2192042265,0.0,224.0,,1.15,,0.019341,,,2027-01-28 11:25:00
6003786.219349786,0.0,223.0,,1.15,,0.028008,,,2027-01-28 11:30:00
6003787.219495345,0.0,224.0,,1.15,,0.031539,,,2027-01-28 11:35:00
6003788.219640905,0.0,216.0,,1.15,,0.029733,,,2027-01-28 11:40:00
6003789.219786464,0.0,207.0,,1.15,,0.030801,,,2027-01-28 11:45:00
6003790.219932023,0.0,204.0,,1.15,,0.041198,,,2027-01-28 11:50:00
6003791.220077583,0.0,199.0,,1.15,,0.041672,,,2027-01-28 11:55:00
6003792.220223142,0.0,194.0,,1.15,,0.04017,,,2027-01-28 12:00:00
6003793.220368701,0.0,190.0,,1.15,,0.037738,,,2027-01-28 12:05:00
6003794.22051426,0.0,187.0,,1.15,,0.041789,,,2027-01-28 12:10:00
6003795.22065982,0.0,185.0,,1.15,,0.040708,,,2027-01-28 12:15:00
6003796.22080538,0.0,185.0,,1.15,,0.01864,,,2027-01-28 12:20:00
6003797.220950939,0.0,188.0,,1.15,,0.021945,,,2027-01-28 12:25:00
6003798.221096498,0.0,192.0,,1.15,,0.028162,,,2027-01-28 12:30:00
6003799.221242057,0.0,185.0,,1.1,,0.038061,,,2027-01-28 12:35:00
6003800.221387616,0.0,192.0,,1.1,,0.035969,,,2027-01-28 12:40:00
6003801.221533176,0.0,203.0,,1.1,,0.043035,,,2027-01-28 12:45:00
6003802.221678736,0.0,205.0,210.0,1.1,,0.048627,,17.3,2027-01-28 12:50:00
6003803.221824295,0.0,213.0,,1.1,,0.056418,,,2027-01-28 12:55:00
6003804.221969854,0.0,221.0,,1.1,,0.056965,,,2027-01-28 13:00:00
6003805.222115413,0.0,225.0,,1.1,,0.063362,,,2027-01-28 13:05:00
6003806.2222609725,0.0,224.0,,1.1,,0.045909,,,2027-01-28 13:10:00
6003807.222406532,0.0,224.0,,1.1,,0.062699,,,2027-01-28 13:15:00
6003808.222552091,0.0,226.0,,1.1,,0.060524,,,2027-01-28 13:20:00
6003809.222697651,0.0,228.0,,1.1,,0.036459,,,2027-01-28 13:25:00
6003810.22284321,0.0,222.0,,1.1,,0.038974,,,2027-01-28 13:30:00
6003811.222988769,0.0,226.0,,1.1,,0.044993,,,2027-01-28 13:35:00
6003812.223134329,1.0,,,1.1,,0.056265,,,2027-01-28 13:40:00
6003813.223279888,1.0,,,1.1,,0.0539,,,2027-01-28 13:45:00
6003814.223425447,1.0,,,1.1,,0.062179,,,2027-01-28 13:50:00
6003815.223571006,1.0,,,1.1,,0.053424,,,2027-01-28 13:55:00
6003816.223716566,1.0,,,1.1,,0.013951,,,2027-01-28 14:00:00
6003817.223862126,1.0,,,1.1,,0.02538,,,2027-01-28 14:05:00
6003818.224007685,1.0,,,1.1,,0.019803,,,2027-01-28 14:10:00
6003819.224153244,1.0,,,1.1,,0.019693,,,2027-01-28 14:15:00
6003820.224298803,1.0,,,1.1,,0.040928,,,2027-01-28 14:20:00
6003821.224444362,1.0,,,1.1,,0.096123,,,2027-01-28 14:25:00
6003822.2245899215,1.0,,,1.1,,0.016905,,,2027-01-28 14:30:00
6003823.224735482,1.0,,,1.1,,0.023512,,,2027-01-28 14:35:00
6003824.224881041,1.0,,,1.1,,0.023996,,,2027-01-28 14:40:00
6003825.2250266,1.0,,,1.1,,0.012386,,,2027-01-28 14:45:00
6003826.225172159,1.0,,,1.1,,0.018963,,,2027-01-28 14:50:00
6003827.225317718,1.0,,,1.1,,0.020202,,,2027-01-28 14:55:00
6003828.225463278,1.0,,,1.1,,0.011002,,,2027-01-28 15:00:00
6003829.225608837,1.0,,,1.1,,0.016994,,,2027-01-28 15:05:00
6003830.225754397,1.0,,,1.1,,0.016657,,,2027-01-28 15:10:00
6003831.225899956,1.0,,,1.1,,0.02239,,,2027-01-28 15:15:00
6003832.226045515,1.0,,102.0,1.1,,0.030417,,,2027-01-28 15:20:00
6003833.226191075,1.0,,,1.1,,0.039811,,,2027-01-28 15:25:00
6003834.226336634,0.0,105.0,102.0,1.1,,0.050122,,,2027-01-28 15:30:00
6003835.226482193,0.0,105.0,,1.1,,0.044035,,,2027-01-28 15:35:00
6003836.226627752,0.0,103.0,,1.1,,0.042805,,,2027-01-28 15:40:00
6003837.226773312,0.0,101.0,,1.1,,0.045337,,,2027-01-28 15:45:00
6003838.2269188715,0.0,98.0,,1.1,,0.049256,,,2027-01-28 15:50:00
6003839.227064431,0.0,97.0,,1.1,,0.054289,,,2027-01-28 15:55:00
6003840.22720999,0.0,114.0,,1.1,,0.056999,,,2027-01-28 16:00:00
6003841.227355549,0.0,129.0,,1.1,,0.063346,,,2027-01-28 16:05:00
6003842.227501108,0.0,124.0,,1.1,,0.037888,,,2027-01-28 16:10:00
6003843.2276466675,0.0,128.0,,1.1,,0.057057,,,2027-01-28 16:15:00
6003844.227792228,0.0,130.0,,1.1,,0.031094,,,2027-01-28 16:20:00
6003845.227937787,0.0,129.0,,1.1,,0.018244,,,2027-01-28 16:25:00
6003846.228083346,0.0,128.0,,1.1,,0.019298,,,2027-01-28 16:30:00
6003847.228228905,0.0,128.0,,1.1,,0.01663,,,2027-01-28 16:35:00
6003848.228374464,0.0,129.0,,1.1,,0.02185,,,2027-01-28 16:40:00
6003849.228520024,0.0,129.0,,1.1,,0.121434,,,2027-01-28 16:45:00
6003850.228665583,0.0,132.0,,1.1,,0.813369,,,2027-01-28 16:50:00
6003851.228811143,0.0,135.0,,1.1,,6.688533,,,2027-01-28 16:55:00
6003852.228956702,0.0,139.0,,1.1,,10.66108,,,2027-01-28 17:00:00
6003853.229102261,0.0,144.0,,1.1,,9.710407,,,2027-01-28 17:05:00
6003854.229247821,0.0,148.0,,1.1,,6.361491,,,2027-01-28 17:10:00
6003855.22939338,0.0,151.0,,1.1,,4.444519,,,2027-01-28 17:15:00
6003856.229538939,0.0,156.0,,1.1,,3.569543,,,2027-01-28 17:20:00
6003857.229684498,0.0,159.0,,1.1,,0.674229,,,2027-01-28 17:25:00
6003858.229830058,0.0,161.0,,1.1,,0.65681,,,2027-01-28 17:30:00
6003859.2299756175,0.0,160.0,,1.1,,0.0,,,2027-01-28 17:35:00
6003860.230121177,0.0,159.0,,1.1,,,,,2027-01-28 17:40:00
6003861.230266736,0.0,160.0,,1.1,,,,,2027-01-28 17:45:00
6003862.230412295,0.0,159.0,,1.1,,,,,2027-01-28 17:50:00
6003863.230557854,0.0,162.0,,1.1,,,,,2027-01-28 17:55:00
6003864.2307034135,0.0,162.0,,1.1,,,,,2027-01-28 18:00:00
6003865.230848974,0.0,165.0,,1.2,,,,,2027-01-28 18:05:00
6003866.230994533,0.0,167.0,,1.2,,,,,2027-01-28 18:10:00
6003867.231140092,0.0,169.0,,1.2,,,,,2027-01-28 18:15:00
6003868.231285651,0.0,171.0,,1.2,,,,,2027-01-28 18:20:00
6003869.23143121,0.0,175.0,,1.2,,,,,2027-01-28 18:25:00
6003870.23157677,0.0,177.0,,1.2,,,,,2027-01-28 18:30:00
6003871.231722329,0.0,175.0,,1.2,,,,,2027-01-28 18:35:00
6003872.231867889,0.0,170.0,,1.2,,,,,2027-01-28 18:40:00
6003873.232013448,0.0,168.0,,1.2,,,,,2027-01-28 18:45:00
6003874.232159007,0.0,173.0,,1.2,,,,,2027-01-28 18:50:00
6003875.232304567,0.0,175.0,,1.2,,,,,2027-01-28 18:55:00
6003876.232450126,0.0,172.0,,1.2,,,,,2027-01-28 19:00:00
6003877.232595685,0.0,175.0,,1.2,,,,,2027-01-28 19:05:00
6003878.232741244,0.0,176.0,,1.2,,,,,2027-01-28 19:10:00
6003879.232886804,0.0,173.0,,1.2,,,,,2027-01-28 19:15:00
6003880.2330323635,0.0,172.0,,1.2,,,,,2027-01-28 19:20:00
6003881.233177923,0.0,178.0,,1.2,,,,,2027-01-28 19:25:00
6003882.233323482,0.0,184.0,188.0,1.2,,,,19.3,2027-01-28 19:30:00
6003883.233469041,0.0,192.0,,1.2,,,,,2027-01-28 19:35:00
6003884.2336146,0.0,198.0,,1.2,,,,,2027-01-28 19:40:00
6003885.233760159,0.0,206.0,,1.2,,,,,2027-01-28 19:45:00
6003886.23390572,0.0,216.0,,1.2,,,,,2027-01-28 19:50:00
6003887.234051279,0.0,225.0,,1.2,,,,,2027-01-28 19:55:00
6003888.234196838,0.0,230.0,,1.2,,,,,2027-01-28 20:00:00
6003889.234342397,0.0,230.0,,1.2,,,,,2027-01-28 20:05:00
6003890.234487956,0.0,227.0,,1.2,,,,,2027-01-28 20:10:00
6003891.234633516,0.0,227.0,,1.2,,,,,2027-01-28 20:15:00
6003892.234779075,0.0,228.0,,1.2,,,,,2027-01-28 20:20:00
6003893.234924634,0.0,229.0,,1.2,,,,,2027-01-28 20:25:00
6003894.235070194,0.0,229.0,,1.2,,,,,2027-01-28 20:30:00
6003895.235215753,0.0,225.0,,1.2,,,,,2027-01-28 20:35:00
6003896.2353613125,0.0,224.0,,1.2,,,,,2027-01-28 20:40:00
6003897.235506872,0.0,225.0,,1.2,,,,,2027-01-28 20:45:00
6003898.235652431,0.0,227.0,,1.2,,,,,2027-01-28 20:50:00
6003899.23579799,0.0,231.0,,1.2,,,,,2027-01-28 20:55:00
6003900.235943549,0.0,236.0,,1.2,,,,,2027-01-28 21:00:00
6003901.236089109,0.0,239.0,,1.2,,0.025261,,,2027-01-28 21:05:00
6003902.236234669,0.0,243.0,,1.2,,0.044662,,,2027-01-28 21:10:00
6003903.236380228,0.0,246.0,,1.2,,0.047518,,,2027-01-28 21:15:00
6003904.236525787,0.0,251.0,,1.2,,0.057774,,,2027-01-28 21:20:00
6003905.236671346,0.0,256.0,,1.2,,0.055995,,,2027-01-28 21:25:00
6003906.236816905,0.0,261.0,,1.2,,0.060269,,,2027-01-28 21:30:00
6003907.236962465,0.0,265.0,,1.2,,0.046207,,,2027-01-28 21:35:00
6003908.237108025,0.0,268.0,268.0,1.2,,0.049674,,10.7,2027-01-28 21:40:00
6003909.237253584,0.0,272.0,,1.2,,0.04807,,,2027-01-28 21:45:00
6003910.237399143,0.0,276.0,,1.2,,0.058972,,,2027-01-28 21:50:00
6003911.237544702,0.0,281.0,,1.2,,0.018064,,,2027-01-28 21:55:00
6003912.237690262,0.0,284.0,,1.2,,0.029069,,,2027-01-28 22:00:00
6003913.237835821,0.0,282.0,,1.0,,0.040394,,,2027-01-28 22:05:00
6003914.23798138,0.0,282.0,,1.0,,0.059747,,,2027-01-28 22:10:00
6003915.23812694,0.0,288.0,,1.0,,0.067413,,,2027-01-28 22:15:00
6003916.238272499,0.0,287.0,,1.0,,0.089417,,,2027-01-28 22:20:00
6003917.2384180585,0.0,278.0,294.0,1.0,,0.102114,,10.0,2027-01-28 22:25:00
6003918.238563618,0.0,273.0,,1.0,,0.034896,,,2027-01-28 22:30:00
6003919.238709177,0.0,268.0,,1.0,,0.028275,,,2027-01-28 22:35:00
6003920.238854736,0.0,275.0,294.0,1.0,,0.029412,,,2027-01-28 22:40:00
6003921.239000295,0.0,272.0,,1.0,,0.031408,,,2027-01-28 22:45:00
6003922.239145855,0.0,267.0,,1.0,,0.017456,,,2027-01-28 22:50:00
6003923.239291415,0.0,263.0,,1.0,,0.034809,,,2027-01-28 22:55:00
6003924.239436974,0.0,257.0,,1.0,,0.023746,,,2027-01-28 23:00:00
6003925.239582533,0.0,251.0,,1.0,,0.043805,,,2027-01-28 23:05:00
6003926.239728092,0.0,245.0,,1.0,,0.060218,,,2027-01-28 23:10:00
6003927.239873651,0.0,238.0,,1.0,,0.09761,,,2027-01-28 23:15:00
6003928.240019211,0.0,232.0,,1.0,,0.138578,,,2027-01-28 23:20:00
6003929.240164771,0.0,225.0,,1.0,,0.189668,,,2027-01-28 23:25:00
6003930.24031033,0.0,217.0,,1.0,,0.262163,,,2027-01-28 23:30:00
6003931.240455889,0.0,212.0,,1.0,,0.388013,,,2027-01-28 23:35:00
6003932.240601448,0.0,205.0,,1.0,,0.369821,,,2027-01-28 23:40:00
6003933.240747008,0.0,194.0,,1.0,,0.435963,,,2027-01-28 23:45:00
6003934.240892567,0.0,186.0,,1.0,,0.549825,,,2027-01-28 23:50:00
6003935.241038126,0.0,183.0,,1.0,,0.492162,,,2027-01-28 23:55:00
6003936.241183686,0.0,188.0,,1.0,,0.486977,,,2027-01-29 00:00:00
6003937.241329245,0.0,189.0,,0.85,,0.492653,,,2027-01-29 00:05:00
6003938.2414748045,0.0,183.0,,0.85,,0.523835,,,2027-01-29 00:10:00
6003939.241620364,0.0,177.0,,0.85,,0.692654,,,2027-01-29 00:15:00
6003940.241765923,0.0,171.0,,0.85,,2.152268,,,2027-01-29 00:20:00
6003941.241911482,0.0,165.0,,0.85,,3.461037,,,2027-01-29 00:25:00
6003942.242057041,0.0,160.0,,0.85,,0.189063,,,2027-01-29 00:30:00
6003943.242202601,0.0,156.0,,0.85,,0.140491,,,2027-01-29 00:35:00
6003944.242348161,0.0,154.0,,0.85,,0.159959,,,2027-01-29 00:40:00
6003945.24249372,0.0,150.0,,0.85,,0.250927,,,2027-01-29 00:45:00
6003946.242639279,0.0,146.0,,0.85,,0.235148,,,2027-01-29 00:50:00
6003947.242784838,0.0,140.0,,0.85,,0.35628,,,2027-01-29 00:55:00
6003948.242930397,0.0,136.0,,0.85,,0.306388,,,2027-01-29 01:00:00
6003949.243075957,0.0,132.0,,0.85,,0.98728,,,2027-01-29 01:05:00
6003950.243221517,0.0,128.0,,0.85,,0.639525,,,2027-01-29 01:10:00
6003951.243367076,0.0,127.0,,0.85,,0.440003,,,2027-01-29 01:15:00
6003952.243512635,0.0,127.0,,0.85,,0.635536,,,2027-01-29 01:20:00
6003953.243658194,0.0,127.0,,0.85,,0.457025,,,2027-01-29 01:25:00
6003954.2438037535,0.0,127.0,,0.85,,0.360288,,,2027-01-29 01:30:00
6003955.243949313,0.0,127.0,,0.85,,0.306608,,,2027-01-29 01:35:00
6003956.244094872,0.0,128.0,,0.85,,0.339353,,,2027-01-29 01:40:00
6003957.244240432,0.0,129.0,,0.85,,0.657747,,,2027-01-29 01:45:00
6003958.244385991,0.0,132.0,,0.85,,0.644674,,,2027-01-29 01:50:00
6003959.24453155,0.0,134.0,,0.85,,0.613078,,,2027-01-29 01:55:00
6003960.24467711,0.0,135.0,,0.85,,0.499697,,,2027-01-29 02:00:00
6003961.244822669,0.0,135.0,,0.85,,0.501025,,,2027-01-29 02:05:00
6003962.244968228,0.0,136.0,,0.85,,0.443136,,,2027-01-29 02:10:00
6003963.245113787,0.0,137.0,,0.85,,0.41632,,,2027-01-29 02:15:00
6003964.245259347,0.0,138.0,,0.85,,0.312161,,,2027-01-29 02:20:00
6003965.245404907,0.0,138.0,,0.85,,0.305271,,,2027-01-29 02:25:00
6003966.245550466,0.0,139.0,,0.85,,0.423565,,,2027-01-29 02:30:00
6003967.245696025,0.0,139.0,,0.85,,0.814404,,,2027-01-29 02:35:00
6003968.245841584,0.0,141.0,,0.85,,0.70377,,,2027-01-29 02:40:00
6003969.245987143,0.0,144.0,,0.85,,1.246358,,,2027-01-29 02:45:00
6003970.246132703,0.0,146.0,,0.85,,0.822088,,,2027-01-29 02:50:00
6003971.246278263,0.0,148.0,,0.85,,0.693412,,,2027-01-29 02:55:00
6003972.246423822,0.0,149.0,,0.85,,0.646706,,,2027-01-29 03:00:00
6003973.246569381,0.0,151.0,,1.75,,0.95923,,,2027-01-29 03:05:00
6003974.24671494,0.0,151.0,,1.75,,1.24233,,,2027-01-29 03:10:00
6003975.2468604995,0.0,150.0,,1.75,,1.820077,,,2027-01-29 03:15:00
6003976.247006059,0.0,150.0,,1.75,,2.175667,,,2027-01-29 03:20:00
6003977.247151618,0.0,151.0,,1.75,,2.863262,,,2027-01-29 03:25:00
6003978.247297178,0.0,151.0,,1.75,,2.205082,,,2027-01-29 03:30:00
6003979.247442737,0.0,151.0,,1.75,,1.713124,,,2027-01-29 03:35:00
6003980.247588296,0.0,153.0,,1.75,,1.54978,,,2027-01-29 03:40:00
6003981.247733856,0.0,158.0,,1.75,,1.455415,,,2027-01-29 03:45:00
6003982.247879415,0.0,168.0,,1.75,,1.378358,,,2027-01-29 03:50:00
6003983.248024974,0.0,170.0,,1.75,,1.320887,,,2027-01-29 03:55:00
6003984.248170533,0.0,169.0,,1.75,,1.287181,,,2027-01-29 04:00:00
6003985.248316093,0.0,168.0,,1.75,,1.223251,,,2027-01-29 04:05:00
6003986.248461653,0.0,166.0,,1.75,,1.16274,,,2027-01-29 04:10:00
6003987.248607212,0.0,165.0,,1.75,,1.142373,,,2027-01-29 04:15:00
6003988.248752771,0.0,164.0,,1.75,,1.063073,,,2027-01-29 04:20:00
6003989.24889833,0.0,162.0,,1.75,,0.950387,,,2027-01-29 04:25:00
6003990.249043889,0.0,159.0,,1.75,,1.015291,,,2027-01-29 04:30:00
6003991.249189449,0.0,157.0,,1.75,,1.075215,,,2027-01-29 04:35:00
6003992.249335009,0.0,160.0,,1.75,,0.736467,,,2027-01-29 04:40:00
6003993.249480568,0.0,162.0,,1.75,,0.524051,,,2027-01-29 04:45:00
6003994.249626127,0.0,163.0,,1.75,,0.487098,,,2027-01-29 04:50:00
6003995.249771686,0.0,164.0,,1.75,,0.468104,,,2027-01-29 04:55:00
6003996.2499172455,0.0,164.0,,1.75,,0.447772,,,2027-01-29 05:00:00
6003997.250062805,0.0,162.0,,1.75,,0.434005,,,2027-01-29 05:05:00
6003998.250208364,0.0,164.0,,1.75,,0.43443,,,2027-01-29 05:10:00
6003999.250353924,0.0,168.0,,1.75,,0.526312,,,2027-01-29 05:15:00
6004000.250499483,0.0,169.0,,1.75,,0.559489,,,2027-01-29 05:20:00
6004001.250645042,0.0,169.0,,1.75,,0.512664,,,2027-01-29 05:25:00
6004002.250790602,0.0,168.0,,1.75,,0.41148,,,2027-01-29 05:30:00
6004003.250936161,0.0,166.0,,1.75,,0.412803,,,2027-01-29 05:35:00
6004004.25108172,0.0,166.0,,1.75,,0.415113,,,2027-01-29 05:40:00
6004005.251227279,0.0,167.0,,1.75,,0.420427,,,2027-01-29 05:45:00
6004006.251372839,0.0,177.0,,1.75,,0.427906,,,2027-01-29 05:50:00
6004007.2515183985,0.0,180.0,,1.75,,0.407019,,,2027-01-29 05:55:00
6004008.251663958,0.0,179.0,,1.75,,0.382433,,,2027-01-29 06:00:00
6004009.251809517,0.0,177.0,,1.75,,0.410189,,,2027-01-29 06:05:00
6004010.251955076,0.0,174.0,,1.75,,0.400624,,,2027-01-29 06:10:00
6004011.252100635,0.0,168.0,,1.75,,0.391818,,,2027-01-29 06:15:00
6004012.2522461945,0.0,164.0,,1.75,,0.534123,,,2027-01-29 06:20:00
6004013.252391755,0.0,162.0,,1.75,,0.551642,,,2027-01-29 06:25:00
6004014.252537314,0.0,161.0,,1.75,,0.561403,,,2027-01-29 06:30:00
6004015.252682873,0.0,161.0,,1.75,,0.476342,,,2027-01-29 06:35:00
6004016.252828432,0.0,163.0,,1.75,,0.478395,,,2027-01-29 06:40:00
6004017.252973991,0.0,165.0,,1.75,,0.434157,,,2027-01-29 06:45:00
6004018.253119551,0.0,165.0,,1.75,,0.35712,,,2027-01-29 06:50:00
6004019.25326511,0.0,166.0,,1.75,,0.307603,,,2027-01-29 06:55:00
6004020.25341067,0.0,166.0,,1.75,,0.017071,,,2027-01-29 07:00:00
6004021.253556229,0.0,166.0,,1.75,,0.0,,,2027-01-29 07:05:00
6004022.253701788,0.0,168.0,,1.75,,,,,2027-01-29 07:10:00
6004023.253847348,0.0,169.0,,1.75,,,,,2027-01-29 07:15:00
6004024.253992907,0.0,170.0,,0.0,,,,,2027-01-29 07:20:00
6004025.254138466,0.0,172.0,,0.0,,,,,2027-01-29 07:25:00
6004026.254284025,0.0,179.0,,0.0,,0.021729,,,2027-01-29 07:30:00
6004027.254429585,0.0,179.0,,0.0,,0.037885,,,2027-01-29 07:35:00
6004028.2545751445,0.0,182.0,,1.75,,0.040723,,,2027-01-29 07:40:00
6004029.254720704,0.0,196.0,183.0,1.75,,0.041531,,6.3,2027-01-29 07:45:00
6004030.254866263,0.0,206.0,,1.75,,0.026565,,,2027-01-29 07:50:00
6004031.255011822,0.0,211.0,,1.75,,0.032111,,,2027-01-29 07:55:00
6004032.255157381,0.0,217.0,,1.75,,0.029298,,,2027-01-29 08:00:00
6004033.2553029405,0.0,217.0,,1.35,,0.02698,,,2027-01-29 08:05:00
6004034.255448501,0.0,214.0,,1.35,,0.022923,,,2027-01-29 08:10:00
6004035.25559406,0.0,210.0,,1.35,,0.036668,,,2027-01-29 08:15:00
6004036.255739619,0.0,206.0,,1.35,,0.044707,,,2027-01-29 08:20:00
6004037.255885178,0.0,204.0,,1.35,,0.053129,,,2027-01-29 08:25:00
6004038.256030737,0.0,206.0,,1.35,,0.049785,,,2027-01-29 08:30:00
6004039.256176297,0.0,210.0,,1.35,,0.057201,,,2027-01-29 08:35:00
6004040.256321856,0.0,207.0,,1.35,,0.052333,,,2027-01-29 08:40:00
6004041.256467416,0.0,204.0,,1.35,,0.060669,,,2027-01-29 08:45:00
6004042.256612975,0.0,195.0,,1.35,,0.055509,,,2027-01-29 08:50:00
6004043.256758534,0.0,188.0,195.0,1.35,,0.031717,,13.8,2027-01-29 08:55:00
6004044.256904094,0.0,187.0,,1.35,,0.034294,,,2027-01-29 09:00:00
6004045.257049653,0.0,183.0,,1.35,,0.020876,,,2027-01-29 09:05:00
6004046.257195212,0.0,178.0,,1.35,,0.042012,,,2027-01-29 09:10:00
6004047.257340771,0.0,174.0,,1.35,,0.048123,,,2027-01-29 09:15:00
6004048.257486331,0.0,174.0,,1.35,,0.06553,,,2027-01-29 09:20:00
6004049.2576318905,0.0,176.0,,1.35,,0.061652,,,2027-01-29 09:25:00
6004050.25777745,0.0,177.0,,1.35,,0.061536,,,2027-01-29 09:30:00
6004051.257923009,0.0,181.0,,1.35,,0.012429,,,2027-01-29 09:35:00
6004052.258068568,0.0,186.0,,1.35,,0.027671,,,2027-01-29 09:40:00
6004053.258214127,0.0,193.0,,1.35,,0.01998,,,2027-01-29 09:45:00
6004054.2583596865,0.0,198.0,,1.35,,0.023062,,,2027-01-29 09:50:00
6004055.258505247,0.0,203.0,,1.35,,0.013578,,,2027-01-29 09:55:00
6004056.258650806,0.0,209.0,,1.35,,0.022492,,,2027-01-29 10:00:00
6004057.258796365,0.0,216.0,,1.15,,0.035379,,,2027-01-29 10:05:00
6004058.258941924,0.0,223.0,,1.15,,0.041856,,,2027-01-29 10:10:00
6004059.259087483,0.0,235.0,,1.15,,0.046535,,,2027-01-29 10:15:00
6004060.259233043,0.0,240.0,,1.15,,0.016507,,,2027-01-29 10:20:00
6004061.259378602,1.0,,,1.15,,0.031351,,,2027-01-29 10:25:00
6004062.259524162,1.0,,,1.15,,0.019456,,,2027-01-29 10:30:00
6004063.259669721,1.0,,,1.15,,0.034782,,,2027-01-29 10:35:00
6004064.25981528,1.0,,,1.15,,0.034772,,,2027-01-29 10:40:00
6004065.2599608395,1.0,,,1.15,,0.026804,,,2027-01-29 10:45:00
6004066.260106399,1.0,,,1.15,,0.026192,,,2027-01-29 10:50:00
6004067.260251958,1.0,,,1.15,,0.018827,,,2027-01-29 10:55:00
6004068.260397517,1.0,,,1.15,,0.025387,,,2027-01-29 11:00:00
6004069.260543077,1.0,,,1.15,,0.024709,,,2027-01-29 11:05:00
6004070.260688636,1.0,,,1.15,,0.026574,,,2027-01-29 11:10:00
6004071.260834196,1.0,,,1.15,,0.018023,,,2027-01-29 11:15:00
6004072.260979755,1.0,,,1.15,,0.037648,,,2027-01-29 11:20:00
6004073.261125314,1.0,,,1.15,,0.018558,,,2027-01-29 11:25:00
6004074.261270873,1.0,,,1.15,,0.031452,,,2027-01-29 11:30:00
6004075.261416432,1.0,,,1.15,,0.04219,,,2027-01-29 11:35:00
6004076.261561993,1.0,,,1.15,,0.047739,,,2027-01-29 11:40:00
6004077.261707552,1.0,,,1.15,,0.055154,,,2027-01-29 11:45:00
6004078.261853111,1.0,,,1.15,,0.056057,,,2027-01-29 11:50:00
6004079.26199867,1.0,,,1.15,,0.065369,,,2027-01-29 11:55:00
6004080.262144229,1.0,,,1.15,,0.06394,,,2027-01-29 12:00:00
6004081.262289789,1.0,,,1.15,,0.067388,,,2027-01-29 12:05:00
6004082.262435348,1.0,,,1.15,,0.070224,,,2027-01-29 12:10:00
6004083.262580908,1.0,,,1.15,,0.063774,,,2027-01-29 12:15:00
6004084.262726467,1.0,,,1.15,,0.066238,,,2027-01-29 12:20:00
6004085.262872026,1.0,,,1.15,,0.050953,,,2027-01-29 12:25:00
6004086.2630175855,1.0,,,1.15,,0.059631,,,2027-01-29 12:30:00
6004087.263163145,1.0,,107.0,1.1,,0.057408,,8.1,2027-01-29 12:35:00
6004088.263308704,1.0,,,1.1,,0.028319,,,2027-01-29 12:40:00
6004089.263454263,0.0,101.0,107.0,1.1,,0.047195,,,2027-01-29 12:45:00
6004090.263599823,0.0,97.0,,1.1,,0.050062,,,2027-01-29 12:50:00
6004091.263745382,0.0,100.0,,1.1,,0.01518,,,2027-01-29 12:55:00
6004092.263890942,0.0,101.0,,1.1,,0.025,,,2027-01-29 13:00:00
6004093.264036501,0.0,101.0,,1.1,,0.021838,,,2027-01-29 13:05:00
6004094.26418206,0.0,103.0,,1.1,,0.025132,,,2027-01-29 13:10:00
6004095.264327619,0.0,109.0,,1.1,,0.031552,,,2027-01-29 13:15:00
6004096.264473178,0.0,119.0,,1.1,,0.038867,,,2027-01-29 13:20:00
6004097.264618739,0.0,128.0,,1.1,,0.043808,,,2027-01-29 13:25:00
6004098.264764298,0.0,135.0,,1.1,,0.038861,,,2027-01-29 13:30:00
6004099.264909857,0.0,145.0,,1.1,,0.046289,,,2027-01-29 13:35:00
6004100.265055416,0.0,153.0,,1.1,,0.046045,,,2027-01-29 13:40:00
6004101.265200975,0.0,161.0,,1.1,,0.050629,,,2027-01-29 13:45:00
6004102.265346535,0.0,170.0,,1.1,,0.055871,,,2027-01-29 13:50:00
6004103.265492094,0.0,177.0,,1.1,,0.054766,,,2027-01-29 13:55:00
6004104.265637654,0.0,185.0,,1.1,,0.04236,,,2027-01-29 14:00:00
6004105.265783213,0.0,193.0,,1.1,,0.054353,,,2027-01-29 14:05:00
6004106.265928772,0.0,201.0,,1.1,,0.026919,,,2027-01-29 14:10:00
6004107.2660743315,0.0,214.0,,1.1,,0.025319,,,2027-01-29 14:15:00
6004108.266219891,0.0,224.0,,1.1,,0.03026,,,2027-01-29 14:20:00
6004109.26636545,0.0,235.0,,1.1,,0.033599,,,2027-01-29 14:25:00
6004110.266511009,0.0,246.0,,1.1,,0.034346,,,2027-01-29 14:30:00
6004111.266656569,0.0,248.0,,1.1,,0.041371,,,2027-01-29 14:35:00
6004112.266802128,0.0,248.0,,1.1,,0.05397,,,2027-01-29 14:40:00
6004113.266947688,0.0,247.0,,1.1,,0.054293,,,2027-01-29 14:45:00
6004114.267093247,0.0,246.0,,1.1,,0.045743,,,2027-01-29 14:50:00
6004115.267238806,0.0,243.0,,1.1,,0.046865,,,2027-01-29 14:55:00
6004116.267384365,0.0,239.0,,1.1,,0.021163,,,2027-01-29 15:00:00
6004117.267529924,0.0,234.0,,1.1,,0.038246,,,2027-01-29 15:05:00
6004118.2676754845,0.0,236.0,,1.1,,0.045345,,,2027-01-29 15:10:00
6004119.267821044,0.0,240.0,,1.1,,0.014892,,,2027-01-29 15:15:00
6004120.267966603,0.0,239.0,,1.1,,0.045549,,,2027-01-29 15:20:00
6004121.268112162,0.0,239.0,,1.1,,0.036456,,,2027-01-29 15:25:00
6004122.268257721,0.0,238.0,248.0,1.1,,0.045403,,20.9,2027-01-29 15:30:00
6004123.2684032805,0.0,238.0,,1.1,,0.047828,,,2027-01-29 15:35:00
6004124.26854884,0.0,237.0,,1.1,,0.044009,,,2027-01-29 15:40:00
6004125.2686944,0.0,239.0,,1.1,,0.042777,,,2027-01-29 15:45:00
6004126.268839959,0.0,236.0,,1.1,,0.052756,,,2027-01-29 15:50:00
6004127.268985518,0.0,235.0,,1.1,,0.049452,,,2027-01-29 15:55:00
6004128.269131077,0.0,228.0,,1.1,,0.05663,,,2027-01-29 16:00:00
6004129.269276637,0.0,220.0,,1.1,,0.047273,,,2027-01-29 16:05:00
6004130.269422196,0.0,209.0,,1.1,,0.051281,,,2027-01-29 16:10:00
6004131.269567755,0.0,202.0,,1.1,,0.057987,,,2027-01-29 16:15:00
6004132.269713315,0.0,196.0,,1.1,,0.065257,,,2027-01-29 16:20:00
6004133.269858874,0.0,195.0,,1.1,,0.063868,,,2027-01-29 16:25:00
6004134.270004434,0.0,199.0,,1.1,,0.021268,,,2027-01-29 16:30:00
6004135.270149993,0.0,193.0,,1.1,,0.033282,,,2027-01-29 16:35:00
6004136.270295552,0.0,186.0,,1.1,,0.055416,,,2027-01-29 16:40:00
6004137.270441111,0.0,176.0,,1.1,,0.061911,,,2027-01-29 16:45:00
6004138.27058667,0.0,170.0,,1.1,,0.056744,,,2027-01-29 16:50:00
6004139.2707322305,0.0,166.0,,1.1,,0.060846,,,2027-01-29 16:55:00
6004140.27087779,0.0,169.0,,1.1,,0.081343,,,2027-01-29 17:00:00
6004141.271023349,0.0,162.0,,1.1,,0.065048,,,2027-01-29 17:05:00
6004142.271168908,0.0,152.0,,1.1,,0.051097,,,2027-01-29 17:10:00
6004143.271314467,0.0,146.0,,1.1,,0.059374,,,2027-01-29 17:15:00
6004144.2714600265,0.0,141.0,,1.1,,0.069522,,,2027-01-29 17:20:00
6004145.271605586,0.0,135.0,,1.1,,0.077682,,,2027-01-29 17:25:00
6004146.271751146,0.0,132.0,,1.1,,0.064031,,,2027-01-29 17:30:00
6004147.271896705,0.0,133.0,,1.1,,0.066568,,,2027-01-29 17:35:00
6004148.272042264,0.0,137.0,,1.1,,0.073973,,,2027-01-29 17:40:00
6004149.272187823,0.0,141.0,,1.1,,0.058392,,,2027-01-29 17:45:00
6004150.272333383,0.0,147.0,,1.1,,0.012822,,,2027-01-29 17:50:00
6004151.272478942,0.0,147.0,,1.1,,0.0,,,2027-01-29 17:55:00
6004152.272624501,0.0,145.0,,1.1,,0.015994,,,2027-01-29 18:00:00
6004153.272770061,0.0,141.0,,1.2,,0.018641,,,2027-01-29 18:05:00
6004154.27291562,0.0,135.0,,1.2,,0.043451,,,2027-01-29 18:10:00
6004155.27306118,0.0,126.0,,1.2,,0.038366,,,2027-01-29 18:15:00
6004156.273206739,0.0,118.0,,1.2,,0.015092,,,2027-01-29 18:20:00
6004157.273352298,0.0,114.0,,1.2,,0.013816,,,2027-01-29 18:25:00
6004158.273497857,0.0,106.0,,1.2,,0.0,,,2027-01-29 18:30:00
6004159.273643416,0.0,102.0,,1.2,,0.013999,,,2027-01-29 18:35:00
6004160.2737889765,0.0,100.0,,1.2,,0.0,,,2027-01-29 18:40:00
6004161.273934536,0.0,91.0,,1.2,,,,,2027-01-29 18:45:00
6004162.274080095,0.0,84.0,,1.2,,,,,2027-01-29 18:50:00
6004163.274225654,0.0,78.0,,1.2,,0.017092,,,2027-01-29 18:55:00
6004164.274371213,0.0,73.0,,1.2,,0.014816,,,2027-01-29 19:00:00
6004165.2745167725,0.0,69.0,,1.2,,0.013035,,,2027-01-29 19:05:00
6004166.274662332,0.0,65.0,,1.2,,0.021597,,,2027-01-29 19:10:00
6004167.274807892,0.0,63.0,,1.2,,0.015279,,,2027-01-29 19:15:00
6004168.274953451,0.0,64.0,,1.2,,0.024099,,,2027-01-29 19:20:00
6004169.27509901,0.0,65.0,,1.2,,0.011832,,,2027-01-29 19:25:00
6004170.275244569,0.0,64.0,,1.2,,0.397586,,,2027-01-29 19:30:00
6004171.275390129,0.0,65.0,,1.2,,0.064293,,,2027-01-29 19:35:00
6004172.275535688,0.0,68.0,,1.2,,0.066068,,,2027-01-29 19:40:00
6004173.275681247,0.0,67.0,,1.2,,0.068367,,,2027-01-29 19:45:00
6004174.275826807,0.0,69.0,,1.2,,0.088276,,,2027-01-29 19:50:00
6004175.275972366,0.0,70.0,,1.2,,0.086826,,,2027-01-29 19:55:00
6004176.2761179255,0.0,72.0,,1.2,,0.085404,,,2027-01-29 20:00:00
6004177.276263485,0.0,74.0,,1.2,,0.080976,,,2027-01-29 20:05:00
6004178.276409044,0.0,78.0,,1.2,,0.095116,,,2027-01-29 20:10:00
6004179.276554603,0.0,87.0,,1.2,,0.06315,,,2027-01-29 20:15:00
6004180.276700162,0.0,100.0,,1.2,,0.064175,,,2027-01-29 20:20:00
6004181.276845722,0.0,117.0,101.0,1.2,,0.078923,,12.8,2027-01-29 20:25:00
6004182.276991282,0.0,136.0,,1.2,,0.100509,,,2027-01-29 20:30:00
6004183.277136841,0.0,151.0,,1.2,,0.096292,,,2027-01-29 20:35:00
6004184.2772824,0.0,160.0,,1.2,,0.130482,,,2027-01-29 20:40:00
6004185.277427959,0.0,167.0,,1.2,,0.127977,,,2027-01-29 20:45:00
6004186.277573518,0.0,171.0,,1.2,,0.134569,,,2027-01-29 20:50:00
6004187.277719078,0.0,175.0,,1.2,,0.153587,,,2027-01-29 20:55:00
6004188.277864638,0.0,182.0,,1.2,,0.160275,,,2027-01-29 21:00:00
6004189.278010197,0.0,191.0,,1.2,,0.166542,,,2027-01-29 21:05:00
6004190.278155756,0.0,195.0,,1.2,,0.158329,,,2027-01-29 21:10:00
6004191.278301315,0.0,200.0,,1.2,,0.111414,,,2027-01-29 21:15:00
6004192.278446875,0.0,202.0,,1.2,,0.008494,,,2027-01-29 21:20:00
6004193.278592434,0.0,204.0,,1.2,,0.0,,,2027-01-29 21:25:00
6004194.278737993,0.0,211.0,,1.2,,,,,2027-01-29 21:30:00
6004195.278883553,0.0,217.0,,1.2,,,,,2027-01-29 21:35:00
6004196.279029112,0.0,214.0,,1.2,,,,,2027-01-29 21:40:00
6004197.2791746715,0.0,207.0,,1.2,,,,,2027-01-29 21:45:00
6004198.279320231,0.0,204.0,,1.2,,,,,2027-01-29 21:50:00
6004199.27946579,0.0,206.0,,1.2,,,,,2027-01-29 21:55:00
6004200.279611349,0.0,211.0,,1.2,,,,,2027-01-29 22:00:00
6004201.279756908,0.0,219.0,,1.0,,,,,2027-01-29 22:05:00
6004202.279902468,0.0,230.0,212.0,1.0,,,,10.0,2027-01-29 22:10:00
6004203.280048028,0.0,240.0,,1.0,,,,,2027-01-29 22:15:00
6004204.280193587,0.0,249.0,,1.0,,,,,2027-01-29 22:20:00
6004205.280339146,0.0,256.0,,1.0,,,,,2027-01-29 22:25:00
6004206.280484705,0.0,262.0,,1.0,,,,,2027-01-29 22:30:00
6004207.280630264,0.0,265.0,,1.0,,,,,2027-01-29 22:35:00
6004208.280775824,0.0,268.0,,1.0,,,,,2027-01-29 22:40:00
6004209.280921384,0.0,270.0,,1.0,,,,,2027-01-29 22:45:00
6004210.281066943,0.0,270.0,,1.0,,,,,2027-01-29 22:50:00
6004211.281212502,0.0,268.0,,1.0,,,,,2027-01-29 22:55:00
6004212.281358061,0.0,265.0,,1.0,,,,,2027-01-29 23:00:00
6004213.281503621,0.0,264.0,,1.0,,,,,2027-01-29 23:05:00
6004214.28164918,0.0,265.0,,1.0,,,,,2027-01-29 23:10:00
6004215.281794739,0.0,268.0,,1.0,,,,,2027-01-29 23:15:00
6004216.281940299,0.0,270.0,,1.0,,,,,2027-01-29 23:20:00
6004217.282085858,0.0,271.0,,1.0,,,,,2027-01-29 23:25:00
6004218.2822314175,0.0,270.0,,1.0,,,,,2027-01-29 23:30:00
6004219.282376977,0.0,268.0,,1.0,,,,,2027-01-29 23:35:00
6004220.282522536,0.0,266.0,,1.0,,,,,2027-01-29 23:40:00
6004221.282668095,0.0,265.0,,1.0,,,,,2027-01-29 23:45:00
6004222.282813654,0.0,264.0,,1.0,,,,,2027-01-29 23:50:00
6004223.282959214,0.0,261.0,,1.0,,,,,2027-01-29 23:55:00
6004224.283104774,0.0,259.0,,1.0,,,,,2027-01-30 00:00:00
6004225.283250333,0.0,258.0,,1.0,,,,,2027-01-30 00:05:00
6004226.283395892,0.0,257.0,,1.0,,,,,2027-01-30 00:10:00
6004227.283541451,0.0,257.0,,1.0,,,,,2027-01-30 00:15:00
6004228.28368701,0.0,257.0,,1.0,,0.018532,,,2027-01-30 00:20:00
6004229.28383257,0.0,257.0,,1.0,,0.013611,,,2027-01-30 00:25:00
6004230.28397813,0.0,259.0,,1.0,,0.032318,,,2027-01-30 00:30:00
6004231.284123689,1.0,,266.0,1.0,,0.050566,,14.0,2027-01-30 00:35:00
6004232.284269248,1.0,,,1.0,,0.066047,,,2027-01-30 00:40:00
6004233.284414807,0.0,270.0,266.0,1.0,,0.08268,,,2027-01-30 00:45:00
6004234.2845603665,0.0,270.0,,1.0,,0.125094,,,2027-01-30 00:50:00
6004235.284705926,0.0,268.0,,1.0,,0.154373,,,2027-01-30 00:55:00
6004236.284851485,0.0,265.0,,1.0,,0.163747,,,2027-01-30 01:00:00
6004237.284997045,0.0,262.0,,1.0,,0.133541,,,2027-01-30 01:05:00
6004238.285142604,0.0,259.0,,1.0,,0.195403,,,2027-01-30 01:10:00
6004239.285288163,0.0,254.0,,1.0,,0.085308,,,2027-01-30 01:15:00
6004240.285433723,0.0,248.0,,1.0,,0.045223,,,2027-01-30 01:20:00
6004241.285579282,0.0,241.0,,1.0,,0.063909,,,2027-01-30 01:25:00
6004242.285724841,0.0,233.0,,1.0,,0.078717,,,2027-01-30 01:30:00
6004243.2858704,0.0,225.0,,1.0,,0.094758,,,2027-01-30 01:35:00
6004244.28601596,0.0,216.0,,1.0,,0.341224,,,2027-01-30 01:40:00
6004245.28616152,0.0,209.0,,1.0,,0.60271,,,2027-01-30 01:45:00
6004246.286307079,0.0,200.0,,1.0,,0.319169,,,2027-01-30 01:50:00
6004247.286452638,0.0,191.0,,1.0,,0.279926,,,2027-01-30 01:55:00
6004248.286598197,0.0,181.0,,1.0,,0.220758,,,2027-01-30 02:00:00
6004249.286743756,0.0,173.0,,1.0,,0.52339,,,2027-01-30 02:05:00
6004250.286889316,0.0,165.0,,1.0,,0.441384,,,2027-01-30 02:10:00
6004251.287034876,0.0,157.0,,1.0,,0.774748,,,2027-01-30 02:15:00
6004252.287180435,0.0,151.0,,1.0,,1.256152,,,2027-01-30 02:20:00
6004253.287325994,0.0,146.0,,1.0,,1.943113,,,2027-01-30 02:25:00
6004254.287471553,0.0,143.0,,1.0,,1.289039,,,2027-01-30 02:30:00
6004255.2876171125,0.0,137.0,,1.0,,1.189625,,,2027-01-30 02:35:00
6004256.287762672,0.0,130.0,,1.0,,0.493622,,,2027-01-30 02:40:00
6004257.287908231,0.0,126.0,,1.0,,0.412511,,,2027-01-30 02:45:00
6004258.288053791,0.0,126.0,,1.0,,0.376738,,,2027-01-30 02:50:00
6004259.28819935,0.0,127.0,,1.0,,0.085633,,,2027-01-30 02:55:00
6004260.288344909,0.0,126.0,,1.0,,0.128369,,,2027-01-30 03:00:00
6004261.288490469,0.0,124.0,,1.0,,0.147815,,,2027-01-30 03:05:00
6004262.288636028,0.0,119.0,,1.0,,0.085599,,,2027-01-30 03:10:00
6004263.288781587,0.0,115.0,,1.0,,0.127173,,,2027-01-30 03:15:00
6004264.288927146,0.0,112.0,,1.0,,0.145438,,,2027-01-30 03:20:00
6004265.289072706,0.0,109.0,,1.0,,0.35515,,,2027-01-30 03:25:00
6004266.289218266,0.0,110.0,,1.0,,0.776844,,,2027-01-30 03:30:00
6004267.289363825,0.0,109.0,,1.0,,1.243814,,,2027-01-30 03:35:00
6004268.289509384,0.0,106.0,,1.0,,1.717275,,,2027-01-30 03:40:00
6004269.289654943,0.0,102.0,,1.0,,1.983491,,,2027-01-30 03:45:00
6004270.289800502,0.0,99.0,,1.0,,2.120572,,,2027-01-30 03:50:00
6004271.289946062,0.0,96.0,,1.0,,2.276267,,,2027-01-30 03:55:00
6004272.290091622,0.0,94.0,,1.0,,0.733629,,,2027-01-30 04:00:00
6004273.290237181,0.0,93.0,,1.0,,0.831497,,,2027-01-30 04:05:00
6004274.29038274,0.0,91.0,,1.0,,0.846982,,,2027-01-30 04:10:00
6004275.290528299,0.0,92.0,,1.0,,0.516292,,,2027-01-30 04:15:00
6004276.2906738585,0.0,92.0,,1.0,,0.463126,,,2027-01-30 04:20:00
6004277.290819418,0.0,93.0,,1.0,,0.641967,,,2027-01-30 04:25:00
6004278.290964977,0.0,94.0,,1.0,,0.578155,,,2027-01-30 04:30:00
6004279.291110537,0.0,93.0,,1.0,,0.540669,,,2027-01-30 04:35:00
6004280.291256096,0.0,94.0,,1.0,,0.844957,,,2027-01-30 04:40:00
6004281.291401655,0.0,94.0,,1.0,,0.482257,,,2027-01-30 04:45:00
6004282.291547215,0.0,95.0,,1.0,,0.507235,,,2027-01-30 04:50:00
6004283.291692774,0.0,95.0,,1.0,,0.517381,,,2027-01-30 04:55:00
6004284.291838333,0.0,95.0,,1.0,,0.616084,,,2027-01-30 05:00:00
6004285.291983892,0.0,95.0,,1.0,,0.440393,,,2027-01-30 05:05:00
6004286.292129452,0.0,97.0,,1.0,,0.459323,,,2027-01-30 05:10:00
6004287.292275012,0.0,97.0,,1.0,,0.465086,,,2027-01-30 05:15:00
6004288.292420571,0.0,98.0,,1.0,,0.491819,,,2027-01-30 05:20:00
6004289.29256613,0.0,98.0,,1.0,,0.5163,,,2027-01-30 05:25:00
6004290.292711689,0.0,97.0,,1.0,,0.573806,,,2027-01-30 05:30:00
6004291.292857248,0.0,96.0,,1.0,,0.515465,,,2027-01-30 05:35:00
6004292.293002808,0.0,95.0,,1.0,,0.656603,,,2027-01-30 05:40:00
6004293.293148368,0.0,96.0,,1.0,,0.729119,,,2027-01-30 05:45:00
6004294.293293927,0.0,95.0,,1.0,,0.496204,,,2027-01-30 05:50:00
6004295.293439486,0.0,97.0,,1.0,,0.63428,,,2027-01-30 05:55:00
6004296.293585045,0.0,99.0,,1.0,,0.716462,,,2027-01-30 06:00:00
6004297.293730604,0.0,98.0,,1.0,,0.786815,,,2027-01-30 06:05:00
6004298.293876164,0.0,99.0,,1.0,,0.803923,,,2027-01-30 06:10:00
6004299.294021723,0.0,101.0,,1.0,,0.395246,,,2027-01-30 06:15:00
6004300.294167283,0.0,101.0,,1.0,,0.225911,,,2027-01-30 06:20:00
6004301.294312842,0.0,100.0,,1.0,,0.05052,,,2027-01-30 06:25:00
6004302.294458401,0.0,98.0,,1.0,,0.068975,,,2027-01-30 06:30:00
6004303.294603961,0.0,98.0,,1.0,,0.086009,,,2027-01-30 06:35:00
6004304.29474952,0.0,100.0,,1.0,,0.112865,,,2027-01-30 06:40:00
6004305.294895079,0.0,101.0,,1.0,,0.133148,,,2027-01-30 06:45:00
6004306.295040638,0.0,100.0,,1.0,,0.131623,,,2027-01-30 06:50:00
6004307.295186198,0.0,99.0,,1.0,,0.253759,,,2027-01-30 06:55:00
6004308.2953317575,0.0,98.0,,1.0,,0.285078,,,2027-01-30 07:00:00
6004309.295477317,0.0,97.0,,1.0,,0.239493,,,2027-01-30 07:05:00
6004310.295622876,0.0,96.0,,1.0,,0.236725,,,2027-01-30 07:10:00
6004311.295768435,0.0,95.0,,1.0,,0.260267,,,2027-01-30 07:15:00
6004312.295913994,0.0,95.0,,1.0,,0.236082,,,2027-01-30 07:20:00
6004313.2960595535,0.0,95.0,,1.0,,0.08856,,,2027-01-30 07:25:00
6004314.296205114,0.0,96.0,,1.0,,0.012627,,,2027-01-30 07:30:00
6004315.296350673,0.0,95.0,,1.0,,0.0,,,2027-01-30 07:35:00
6004316.296496232,0.0,95.0,,1.0,,,,,2027-01-30 07:40:00
6004317.296641791,0.0,94.0,,1.0,,,,,2027-01-30 07:45:00
6004318.29678735,0.0,96.0,,1.0,,0.016761,,,2027-01-30 07:50:00
6004319.29693291,0.0,100.0,,1.0,,0.010072,,,2027-01-30 07:55:00
6004320.297078469,0.0,104.0,,1.0,,0.009196,,,2027-01-30 08:00:00
6004321.297224029,0.0,110.0,,1.0,,0.008806,,,2027-01-30 08:05:00
6004322.297369588,0.0,118.0,,1.0,,0.013326,,,2027-01-30 08:10:00
6004323.297515147,0.0,126.0,,1.0,,0.020828,,,2027-01-30 08:15:00
6004324.297660707,0.0,134.0,,1.0,,0.022723,,,2027-01-30 08:20:00
6004325.297806266,0.0,139.0,,1.0,,0.119744,,,2027-01-30 08:25:00
6004326.297951825,0.0,142.0,165.0,1.0,,0.029983,,19.8,2027-01-30 08:30:00
6004327.298097384,0.0,146.0,,1.0,,0.014727,,,2027-01-30 08:35:00
6004328.298242944,0.0,155.0,,1.0,,0.012994,,,2027-01-30 08:40:00
6004329.2983885035,0.0,166.0,,1.0,,0.006028,,,2027-01-30 08:45:00
6004330.298534063,0.0,176.0,,1.0,,0.015247,,,2027-01-30 08:50:00
6004331.298679622,0.0,184.0,,1.0,,0.009092,,,2027-01-30 08:55:00
6004332.298825181,0.0,189.0,,1.0,,0.009959,,,2027-01-30 09:00:00
6004333.29897074,0.0,196.0,,1.0,,0.029279,,,2027-01-30 09:05:00
6004334.2991162995,0.0,202.0,,1.0,,0.005023,,,2027-01-30 09:10:00
6004335.29926186,0.0,206.0,,1.0,,0.016807,,,2027-01-30 09:15:00
6004336.299407419,0.0,206.0,,1.0,,0.054425,,,2027-01-30 09:20:00
6004337.299552978,0.0,208.0,,1.0,,0.028894,,,2027-01-30 09:25:00
6004338.299698537,0.0,206.0,,1.0,,0.037943,,,2027-01-30 09:30:00
6004339.299844096,0.0,204.0,,1.0,,0.043589,,,2027-01-30 09:35:00
6004340.299989656,0.0,199.0,,1.0,,0.052075,,,2027-01-30 09:40:00
6004341.300135215,0.0,194.0,,1.0,,0.057748,,,2027-01-30 09:45:00
6004342.300280775,0.0,189.0,,1.0,,0.066222,,,2027-01-30 09:50:00
6004343.300426334,0.0,183.0,,1.0,,0.060247,,,2027-01-30 09:55:00
6004344.300571893,0.0,177.0,,1.0,,0.063113,,,2027-01-30 10:00:00
6004345.300717453,0.0,170.0,,1.0,,0.063286,,,2027-01-30 10:05:00
6004346.300863012,0.0,163.0,,1.0,,0.038226,,,2027-01-30 10:10:00
6004347.301008571,0.0,156.0,,1.0,,0.066204,,,2027-01-30 10:15:00
6004348.30115413,0.0,150.0,,1.0,,0.070356,,,2027-01-30 10:20:00
6004349.30129969,0.0,143.0,,1.0,,0.173648,,,2027-01-30 10:25:00
6004350.3014452495,0.0,137.0,,1.0,,0.720939,,,2027-01-30 10:30:00
6004351.301590809,0.0,134.0,,1.0,,1.140935,,,2027-01-30 10:35:00
6004352.301736368,0.0,128.0,,1.0,,0.465656,,,2027-01-30 10:40:00
6004353.301881927,0.0,123.0,,1.0,,0.085515,,,2027-01-30 10:45:00
6004354.302027486,0.0,116.0,,1.0,,0.777044,,,2027-01-30 10:50:00
6004355.302173045,0.0,109.0,,1.0,,0.213129,,,2027-01-30 10:55:00
6004356.302318606,0.0,106.0,,1.0,,0.102564,,,2027-01-30 11:00:00
6004357.302464165,0.0,108.0,,1.0,,0.096362,,,2027-01-30 11:05:00
6004358.302609724,0.0,101.0,,1.0,,0.117915,,,2027-01-30 11:10:00
6004359.302755283,0.0,95.0,,1.0,,0.139856,,,2027-01-30 11:15:00
6004360.302900842,0.0,93.0,,1.0,,0.137845,,,2027-01-30 11:20:00
6004361.303046402,0.0,92.0,,1.0,,0.110806,,,2027-01-30 11:25:00
6004362.303191961,0.0,88.0,,1.0,,0.102791,,,2027-01-30 11:30:00
6004363.303337521,0.0,85.0,,1.0,,0.110373,,,2027-01-30 11:35:00
6004364.30348308,0.0,84.0,,1.0,,0.118047,,,2027-01-30 11:40:00
6004365.303628639,0.0,85.0,,1.0,,0.082741,,,2027-01-30 11:45:00
6004366.3037741985,0.0,89.0,,1.0,,0.086203,,,2027-01-30 11:50:00
6004367.303919758,0.0,94.0,,1.0,,0.077541,,,2027-01-30 11:55:00
6004368.304065317,0.0,100.0,,1.0,,0.095705,,,2027-01-30 12:00:00
6004369.304210876,0.0,107.0,,1.0,,0.008922,,,2027-01-30 12:05:00
6004370.304356436,0.0,109.0,,1.0,,0.0,,,2027-01-30 12:10:00
6004371.304501995,0.0,114.0,,1.0,,,,,2027-01-30 12:15:00
6004372.304647555,0.0,121.0,,1.0,,,,,2027-01-30 12:20:00
6004373.304793114,0.0,127.0,,1.0,,,,,2027-01-30 12:25:00
6004374.304938673,0.0,139.0,,1.0,,,,,2027-01-30 12:30:00
6004375.305084232,1.0,,,1.0,,,,,2027-01-30 12:35:00
6004376.305229791,1.0,,,1.0,,,,,2027-01-30 12:40:00
6004377.305375352,1.0,,,1.0,,,,,2027-01-30 12:45:00
6004378.305520911,1.0,,,1.0,,,,,2027-01-30 12:50:00
6004379.30566647,1.0,,,1.0,,,,,2027-01-30 12:55:00
6004380.305812029,1.0,,,1.0,,,,,2027-01-30 13:00:00
6004381.305957588,1.0,,,1.0,,,,,2027-01-30 13:05:00
6004382.306103148,1.0,,,1.0,,,,,2027-01-30 13:10:00
6004383.306248707,1.0,,,1.0,,,,11.0,2027-01-30 13:15:00
6004384.306394267,1.0,,,1.0,,,,,2027-01-30 13:20:00
6004385.306539826,1.0,,,1.0,,,,,2027-01-30 13:25:00
6004386.306685385,1.0,,,1.0,,,,,2027-01-30 13:30:00
6004387.3068309445,1.0,,,1.0,,,,,2027-01-30 13:35:00
6004388.306976504,1.0,,,1.0,,,,,2027-01-30 13:40:00
6004389.307122063,1.0,,,1.0,,,,,2027-01-30 13:45:00
6004390.307267622,1.0,,,1.0,,,,,2027-01-30 13:50:00
6004391.307413182,1.0,,,1.0,,,,,2027-01-30 13:55:00
6004392.307558741,1.0,,,1.0,,,,,2027-01-30 14:00:00
6004393.307704301,1.0,,,1.0,,,,,2027-01-30 14:05:00
6004394.30784986,1.0,,,1.0,,,,10.0,2027-01-30 14:10:00
6004395.307995419,1.0,,,1.0,,,,,2027-01-30 14:15:00
6004396.308140978,1.0,,,1.0,,,,,2027-01-30 14:20:00
6004397.308286537,1.0,,,1.0,,,,,2027-01-30 14:25:00
6004398.308432098,1.0,,,1.0,,,,,2027-01-30 14:30:00
6004399.308577657,1.0,,,1.0,,,,,2027-01-30 14:35:00
6004400.308723216,1.0,,272.0,1.0,,,,8.0,2027-01-30 14:40:00
6004401.308868775,1.0,,,1.0,,,,,2027-01-30 14:45:00
6004402.309014334,0.0,265.0,272.0,1.0,,,,,2027-01-30 14:50:00
6004403.309159894,0.0,257.0,,1.0,,,,,2027-01-30 14:55:00
6004404.309305453,0.0,252.0,,1.0,,,,,2027-01-30 15:00:00
6004405.309451013,0.0,248.0,,1.0,,,,,2027-01-30 15:05:00
6004406.309596572,0.0,245.0,,1.0,,,,,2027-01-30 15:10:00
6004407.309742131,0.0,240.0,,1.0,,,,,2027-01-30 15:15:00
6004408.3098876905,0.0,232.0,,1.0,,,,,2027-01-30 15:20:00
6004409.31003325,0.0,228.0,,1.0,,,,,2027-01-30 15:25:00
6004410.310178809,0.0,226.0,,1.0,,,,,2027-01-30 15:30:00
6004411.310324368,0.0,215.0,,1.0,,,,,2027-01-30 15:35:00
6004412.310469928,0.0,202.0,,1.0,,,,,2027-01-30 15:40:00
6004413.310615487,0.0,189.0,,1.0,,,,,2027-01-30 15:45:00
6004414.310761047,0.0,178.0,,1.0,,,,,2027-01-30 15:50:00
6004415.310906606,0.0,171.0,,1.0,,,,,2027-01-30 15:55:00
6004416.311052165,0.0,165.0,,1.0,,,,,2027-01-30 16:00:00
6004417.311197724,0.0,161.0,,1.0,,,,,2027-01-30 16:05:00
6004418.311343283,0.0,157.0,,1.0,,,,,2027-01-30 16:10:00
6004419.3114888435,0.0,151.0,,1.0,,,,,2027-01-30 16:15:00
6004420.311634403,0.0,140.0,,1.0,,,,,2027-01-30 16:20:00
6004421.311779962,0.0,130.0,,1.0,,,,,2027-01-30 16:25:00
6004422.311925521,0.0,123.0,,1.0,,,,,2027-01-30 16:30:00
6004423.31207108,0.0,117.0,,1.0,,,,,2027-01-30 16:35:00
6004424.3122166395,0.0,113.0,,1.0,,,,,2027-01-30 16:40:00
6004425.312362199,0.0,110.0,,1.0,,,,,2027-01-30 16:45:00
6004426.312507759,0.0,105.0,,1.0,,,,,2027-01-30 16:50:00
6004427.312653318,0.0,104.0,,1.0,,,,,2027-01-30 16:55:00
6004428.312798877,0.0,104.0,,1.0,,,,,2027-01-30 17:00:00
6004429.312944436,0.0,103.0,,1.0,,,,,2027-01-30 17:05:00
6004430.313089996,0.0,101.0,,1.0,,,,,2027-01-30 17:10:00
6004431.313235555,0.0,102.0,,1.0,,,,,2027-01-30 17:15:00
6004432.313381114,0.0,104.0,,1.0,,,,,2027-01-30 17:20:00
6004433.313526674,0.0,103.0,,1.0,,,,,2027-01-30 17:25:00
6004434.313672233,0.0,103.0,,1.0,,,,,2027-01-30 17:30:00
6004435.313817793,0.0,103.0,,1.0,,,,,2027-01-30 17:35:00
6004436.313963352,0.0,103.0,,1.0,,,,,2027-01-30 17:40:00
6004437.314108911,0.0,101.0,,1.0,,,,,2027-01-30 17:45:00
6004438.31425447,0.0,98.0,,1.0,,,,,2027-01-30 17:50:00
6004439.314400029,0.0,95.0,,1.0,,,,,2027-01-30 17:55:00
6004440.3145455895,0.0,92.0,,1.0,,,,,2027-01-30 18:00:00
6004441.314691149,0.0,91.0,,1.0,,,,,2027-01-30 18:05:00
6004442.314836708,0.0,90.0,,1.0,,,,,2027-01-30 18:10:00
6004443.314982267,0.0,91.0,,1.0,,,,,2027-01-30 18:15:00
6004444.315127826,0.0,90.0,,1.0,,,,,2027-01-30 18:20:00
6004445.3152733855,0.0,91.0,92.0,1.0,,,,13.3,2027-01-30 18:25:00
6004446.315418945,0.0,101.0,,1.0,,,,,2027-01-30 18:30:00
6004447.315564505,0.0,113.0,,1.0,,,,,2027-01-30 18:35:00
6004448.315710064,0.0,127.0,,1.0,,,,,2027-01-30 18:40:00
6004449.315855623,0.0,139.0,,1.0,,,,,2027-01-30 18:45:00
6004450.316001182,0.0,147.0,,1.0,,,,,2027-01-30 18:50:00
6004451.316146742,0.0,154.0,,1.0,,,,,2027-01-30 18:55:00
6004452.316292301,0.0,157.0,,1.0,,,,,2027-01-30 19:00:00
6004453.31643786,0.0,154.0,,1.0,,,,,2027-01-30 19:05:00
6004454.31658342,0.0,150.0,,1.0,,,,,2027-01-30 19:10:00
6004455.316728979,0.0,146.0,,1.0,,,,,2027-01-30 19:15:00
6004456.316874539,0.0,146.0,,1.0,,,,,2027-01-30 19:20:00
6004457.317020098,0.0,148.0,,1.0,,,,,2027-01-30 19:25:00
6004458.317165657,0.0,149.0,,1.0,,,,,2027-01-30 19:30:00
6004459.317311216,0.0,149.0,,1.0,,,,,2027-01-30 19:35:00
6004460.317456775,0.0,146.0,,1.0,,,,,2027-01-30 19:40:00
6004461.3176023355,0.0,147.0,,1.0,,,,,2027-01-30 19:45:00
6004462.317747895,0.0,144.0,,1.0,,,,,2027-01-30 19:50:00
6004463.317893454,0.0,141.0,,1.0,,,,,2027-01-30 19:55:00
6004464.318039013,0.0,138.0,,1.0,,,,,2027-01-30 20:00:00
6004465.318184572,0.0,137.0,141.0,1.0,,,,8.5,2027-01-30 20:05:00
6004466.3183301315,0.0,141.0,,1.0,,,,,2027-01-30 20:10:00
6004467.318475691,0.0,148.0,,1.0,,,,,2027-01-30 20:15:00
6004468.318621251,0.0,157.0,,1.0,,,,,2027-01-30 20:20:00
6004469.31876681,0.0,166.0,,1.0,,,,,2027-01-30 20:25:00
6004470.318912369,0.0,174.0,,1.0,,,,,2027-01-30 20:30:00
6004471.319057928,0.0,182.0,,1.0,,,,,2027-01-30 20:35:00
6004472.319203488,0.0,191.0,,1.0,,,,,2027-01-30 20:40:00
6004473.319349047,0.0,195.0,,1.0,,,,,2027-01-30 20:45:00
6004474.319494606,0.0,198.0,,1.0,,,,,2027-01-30 20:50:00
6004475.319640166,0.0,196.0,,0.0,,,,,2027-01-30 20:55:00
6004476.319785725,0.0,192.0,,0.0,,,,,2027-01-30 21:00:00
6004477.3199312845,0.0,189.0,,0.0,,,,,2027-01-30 21:05:00
6004478.320076844,0.0,180.0,,0.0,,,,,2027-01-30 21:10:00
6004479.320222403,0.0,172.0,,0.0,,,,,2027-01-30 21:15:00
6004480.320367962,0.0,167.0,,0.0,,,,,2027-01-30 21:20:00
6004481.320513521,0.0,167.0,,0.0,,,,,2027-01-30 21:25:00
6004482.320659081,0.0,168.0,,0.0,,,,,2027-01-30 21:30:00
6004483.320804641,0.0,171.0,,1.0,,,,,2027-01-30 21:35:00
6004484.3209502,0.0,174.0,,1.0,,,,,2027-01-30 21:40:00
6004485.321095759,0.0,176.0,,1.0,,,,,2027-01-30 21:45:00
6004486.321241318,0.0,176.0,,1.0,,,,,2027-01-30 21:50:00
6004487.321386877,0.0,179.0,,1.0,,,,,2027-01-30 21:55:00
6004488.321532437,0.0,183.0,,1.0,,,,,2027-01-30 22:00:00
6004489.321677997,0.0,191.0,,1.0,,,,,2027-01-30 22:05:00
6004490.321823556,0.0,199.0,,1.0,,,,,2027-01-30 22:10:00
6004491.321969115,0.0,205.0,,1.0,,,,,2027-01-30 22:15:00
6004492.322114674,0.0,213.0,,1.0,,,,,2027-01-30 22:20:00
6004493.322260234,0.0,222.0,,1.0,,,,,2027-01-30 22:25:00
6004494.322405793,0.0,231.0,,1.0,,,,,2027-01-30 22:30:00
6004495.322551352,0.0,238.0,,1.0,,,,,2027-01-30 22:35:00
6004496.322696912,0.0,242.0,,1.0,,,,,2027-01-30 22:40:00
6004497.322842471,0.0,248.0,,1.0,,,,,2027-01-30 22:45:00
6004498.3229880305,0.0,254.0,,1.0,,,,,2027-01-30 22:50:00
6004499.32313359,0.0,261.0,,1.0,,,,,2027-01-30 22:55:00
6004500.323279149,0.0,272.0,,1.0,,,,,2027-01-30 23:00:00
6004501.323424708,0.0,288.0,,1.0,,,,,2027-01-30 23:05:00
6004502.323570267,0.0,305.0,,1.0,,,,,2027-01-30 23:10:00
6004503.323715827,0.0,317.0,,1.0,,,,,2027-01-30 23:15:00
6004504.323861387,0.0,321.0,,1.0,,,,,2027-01-30 23:20:00
6004505.324006946,0.0,324.0,322.0,1.0,,,,18.2,2027-01-30 23:25:00
6004506.324152505,0.0,325.0,,1.0,,,,,2027-01-30 23:30:00
6004507.324298064,0.0,321.0,322.0,1.0,,,,,2027-01-30 23:35:00
6004508.324443623,0.0,316.0,,1.0,,,,,2027-01-30 23:40:00
6004509.324589183,0.0,312.0,,1.0,,,,,2027-01-30 23:45:00
6004510.324734743,0.0,307.0,,1.0,,,,,2027-01-30 23:50:00
6004511.324880302,0.0,298.0,,1.0,,,,,2027-01-30 23:55:00
6004512.325025861,0.0,286.0,,1.0,,,,,2027-01-31 00:00:00
6004513.32517142,0.0,274.0,,1.0,,,,,2027-01-31 00:05:00
6004514.32531698,0.0,263.0,,1.0,,,,,2027-01-31 00:10:00
6004515.325462539,0.0,253.0,,1.0,,,,,2027-01-31 00:15:00
6004516.325608098,0.0,243.0,,1.0,,,,,2027-01-31 00:20:00
6004517.325753658,0.0,233.0,,1.0,,,,,2027-01-31 00:25:00
6004518.325899217,0.0,223.0,,1.0,,,,,2027-01-31 00:30:00
6004519.3260447765,0.0,213.0,,1.0,,,,,2027-01-31 00:35:00
6004520.326190336,0.0,202.0,,1.0,,,,,2027-01-31 00:40:00
6004521.326335895,0.0,192.0,,1.0,,,,,2027-01-31 00:45:00
6004522.326481454,0.0,183.0,,1.0,,,,,2027-01-31 00:50:00
6004523.326627013,0.0,174.0,,1.0,,,,,2027-01-31 00:55:00
6004524.326772573,0.0,165.0,,1.0,,,,,2027-01-31 01:00:00
6004525.326918133,0.0,156.0,,1.0,,,,,2027-01-31 01:05:00
6004526.327063692,0.0,148.0,,1.0,,,,,2027-01-31 01:10:00
6004527.327209251,0.0,142.0,,1.0,,,,,2027-01-31 01:15:00
6004528.32735481,0.0,137.0,,1.0,,,,,2027-01-31 01:20:00
6004529.327500369,0.0,130.0,,1.0,,,,,2027-01-31 01:25:00
6004530.327645929,0.0,124.0,,1.0,,,,,2027-01-31 01:30:00
6004531.327791489,0.0,118.0,,1.0,,,,,2027-01-31 01:35:00
6004532.327937048,0.0,113.0,,1.0,,,,,2027-01-31 01:40:00
6004533.328082607,0.0,111.0,,1.0,,,,,2027-01-31 01:45:00
6004534.328228166,0.0,110.0,,1.0,,,,,2027-01-31 01:50:00
6004535.3283737255,0.0,111.0,,1.0,,,,,2027-01-31 01:55:00
6004536.328519285,0.0,111.0,,1.0,,,,,2027-01-31 02:00:00
6004537.328664844,0.0,112.0,,1.0,,,,,2027-01-31 02:05:00
6004538.328810404,0.0,114.0,,1.0,,,,,2027-01-31 02:10:00
6004539.328955963,0.0,115.0,,1.0,,,,,2027-01-31 02:15:00
6004540.329101522,0.0,114.0,,1.0,,,,,2027-01-31 02:20:00
6004541.329247082,0.0,112.0,,1.0,,,,,2027-01-31 02:25:00
6004542.329392641,0.0,113.0,,1.0,,,,,2027-01-31 02:30:00
6004543.3295382,0.0,116.0,,1.0,,,,,2027-01-31 02:35:00
6004544.329683759,0.0,118.0,,1.0,,,,,2027-01-31 02:40:00
6004545.329829319,0.0,118.0,,1.0,,,,,2027-01-31 02:45:00
6004546.329974879,0.0,116.0,,1.0,,,,,2027-01-31 02:50:00
6004547.330120438,0.0,116.0,,1.0,,,,,2027-01-31 02:55:00
6004548.330265997,0.0,120.0,,1.0,,,,,2027-01-31 03:00:00
6004549.330411556,0.0,124.0,,1.0,,,,,2027-01-31 03:05:00
6004550.330557115,0.0,124.0,,1.0,,,,,2027-01-31 03:10:00
6004551.330702675,0.0,125.0,,1.0,,,,,2027-01-31 03:15:00
6004552.330848235,0.0,130.0,,1.0,,,,,2027-01-31 03:20:00
6004553.330993794,0.0,135.0,,1.0,,,,,2027-01-31 03:25:00
6004554.331139353,0.0,138.0,,1.0,,,,,2027-01-31 03:30:00
6004555.331284912,0.0,141.0,,1.0,,,,,2027-01-31 03:35:00
6004556.3314304715,0.0,146.0,,1.0,,,,,2027-01-31 03:40:00
6004557.331576031,0.0,150.0,,1.0,,,,,2027-01-31 03:45:00
6004558.33172159,0.0,154.0,,1.0,,,,,2027-01-31 03:50:00
6004559.33186715,0.0,158.0,,1.0,,,,,2027-01-31 03:55:00
6004560.332012709,0.0,163.0,,1.0,,,,,2027-01-31 04:00:00
6004561.332158268,0.0,169.0,,1.0,,,,,2027-01-31 04:05:00
6004562.332303828,0.0,174.0,,1.0,,,,,2027-01-31 04:10:00
6004563.332449387,0.0,179.0,,1.0,,,,,2027-01-31 04:15:00
6004564.332594946,0.0,183.0,,1.0,,,,,2027-01-31 04:20:00
6004565.332740505,0.0,187.0,,1.0,,,,,2027-01-31 04:25:00
6004566.332886065,0.0,193.0,,1.0,,,,,2027-01-31 04:30:00
6004567.333031625,0.0,197.0,,1.0,,,,,2027-01-31 04:35:00
6004568.333177184,0.0,200.0,,1.0,,,,,2027-01-31 04:40:00
6004569.333322743,0.0,200.0,,1.0,,,,,2027-01-31 04:45:00
6004570.333468302,0.0,200.0,,1.0,,,,,2027-01-31 04:50:00
6004571.333613861,0.0,200.0,,1.0,,,,,2027-01-31 04:55:00
6004572.333759421,0.0,200.0,,1.0,,,,,2027-01-31 05:00:00
6004573.333904981,0.0,201.0,,1.0,,,,,2027-01-31 05:05:00
6004574.33405054,0.0,201.0,,1.0,,,,,2027-01-31 05:10:00
6004575.334196099,0.0,202.0,,1.0,,,,,2027-01-31 05:15:00
6004576.334341658,0.0,202.0,205.0,1.0,,,,8.5,2027-01-31 05:20:00
6004577.3344872175,0.0,203.0,,1.0,,,,,2027-01-31 05:25:00
6004578.334632777,0.0,204.0,,1.0,,,,,2027-01-31 05:30:00
6004579.334778336,0.0,203.0,,1.0,,,,,2027-01-31 05:35:00
6004580.334923896,0.0,201.0,,1.0,,,,,2027-01-31 05:40:00
6004581.335069455,0.0,199.0,,1.0,,,,,2027-01-31 05:45:00
6004582.335215014,0.0,194.0,,1.0,,,,,2027-01-31 05:50:00
6004583.335360574,0.0,189.0,,1.0,,,,,2027-01-31 05:55:00
6004584.335506133,0.0,185.0,,1.0,,,,,2027-01-31 06:00:00
6004585.335651692,0.0,181.0,,1.0,,,,,2027-01-31 06:05:00
6004586.335797251,0.0,178.0,,1.0,,,,,2027-01-31 06:10:00
6004587.335942811,0.0,173.0,,1.0,,,,,2027-01-31 06:15:00
6004588.3360883705,0.0,168.0,,1.0,,,,,2027-01-31 06:20:00
6004589.33623393,0.0,164.0,,1.0,,,,,2027-01-31 06:25:00
6004590.336379489,0.0,161.0,,1.0,,,,,2027-01-31 06:30:00
6004591.336525048,0.0,158.0,,1.0,,,,,2027-01-31 06:35:00
6004592.336670607,0.0,154.0,,1.0,,,,,2027-01-31 06:40:00
6004593.3368161665,0.0,151.0,,1.0,,,,,2027-01-31 06:45:00
6004594.336961727,0.0,148.0,,1.0,,,,,2027-01-31 06:50:00
6004595.337107286,0.0,144.0,,1.0,,,,,2027-01-31 06:55:00
6004596.337252845,0.0,141.0,,1.0,,,,,2027-01-31 07:00:00
6004597.337398404,0.0,138.0,,1.0,,,,,2027-01-31 07:05:00
6004598.337543963,0.0,134.0,,1.0,,,,,2027-01-31 07:10:00
6004599.337689523,0.0,131.0,,1.0,,,,,2027-01-31 07:15:00
6004600.337835082,0.0,129.0,,1.0,,,,,2027-01-31 07:20:00
6004601.337980642,0.0,127.0,,1.0,,,,,2027-01-31 07:25:00
6004602.338126201,0.0,125.0,,1.0,,,,,2027-01-31 07:30:00
6004603.33827176,0.0,125.0,,1.0,,,,,2027-01-31 07:35:00
6004604.33841732,0.0,125.0,,1.0,,,,,2027-01-31 07:40:00
6004605.338562879,0.0,125.0,,1.0,,,,,2027-01-31 07:45:00
6004606.338708438,0.0,126.0,,1.0,,,,,2027-01-31 07:50:00
6004607.338853997,0.0,128.0,,1.0,,,,,2027-01-31 07:55:00
6004608.338999557,0.0,131.0,,1.0,,,,,2027-01-31 08:00:00
6004609.3391451165,0.0,138.0,,1.0,,,,,2027-01-31 08:05:00
6004610.339290676,0.0,147.0,,1.0,,,,,2027-01-31 08:10:00
6004611.339436235,0.0,155.0,,1.0,,,,,2027-01-31 08:15:00
6004612.339581794,0.0,165.0,161.0,1.0,,,,17.7,2027-01-31 08:20:00
6004613.339727353,0.0,174.0,,1.0,,,,,2027-01-31 08:25:00
6004614.3398729125,0.0,187.0,,1.0,,,,,2027-01-31 08:30:00
6004615.340018473,0.0,199.0,,1.0,,,,,2027-01-31 08:35:00
6004616.340164032,0.0,211.0,,1.0,,,,,2027-01-31 08:40:00
6004617.340309591,0.0,219.0,,1.0,,,,,2027-01-31 08:45:00
6004618.34045515,0.0,219.0,,1.0,,,,,2027-01-31 08:50:00
6004619.340600709,0.0,220.0,,1.0,,,,,2027-01-31 08:55:00
6004620.340746269,0.0,219.0,,1.0,,,,,2027-01-31 09:00:00
6004621.340891828,0.0,213.0,,1.0,,,,,2027-01-31 09:05:00
6004622.341037388,0.0,204.0,,1.0,,,,,2027-01-31 09:10:00
6004623.341182947,0.0,198.0,,1.0,,,,,2027-01-31 09:15:00
6004624.341328506,0.0,193.0,,1.0,,,,,2027-01-31 09:20:00
6004625.341474066,0.0,183.0,,1.0,,,,,2027-01-31 09:25:00
6004626.341619625,0.0,169.0,,1.0,,,,,2027-01-31 09:30:00
6004627.341765184,0.0,158.0,,1.0,,,,,2027-01-31 09:35:00
6004628.341910743,0.0,140.0,,1.0,,,,,2027-01-31 09:40:00
6004629.342056303,0.0,132.0,,1.0,,,,,2027-01-31 09:45:00
6004630.3422018625,0.0,122.0,,1.0,,,,,2027-01-31 09:50:00
6004631.342347422,0.0,112.0,,1.0,,,,,2027-01-31 09:55:00
6004632.342492981,0.0,105.0,,1.0,,,,,2027-01-31 10:00:00
6004633.34263854,0.0,98.0,,1.0,,,,,2027-01-31 10:05:00
6004634.342784099,0.0,88.0,,1.0,,,,,2027-01-31 10:10:00
6004635.3429296585,0.0,78.0,,1.0,,,,,2027-01-31 10:15:00
6004636.343075219,0.0,74.0,,1.0,,,,,2027-01-31 10:20:00
6004637.343220778,0.0,70.0,,1.0,,,,,2027-01-31 10:25:00
6004638.343366337,0.0,65.0,40.0,1.0,,,,,2027-01-31 10:30:00
6004639.343511896,0.0,60.0,,1.0,,,,,2027-01-31 10:35:00
6004640.343657455,0.0,49.0,40.0,1.0,,,,,2027-01-31 10:40:00
6004641.343803015,0.0,48.0,,1.0,,,,,2027-01-31 10:45:00
6004642.343948574,0.0,48.0,,1.0,,,,,2027-01-31 10:50:00
6004643.344094134,0.0,49.0,,1.0,,,,,2027-01-31 10:55:00
6004644.344239693,0.0,50.0,,1.0,,,,,2027-01-31 11:00:00
6004645.344385252,0.0,48.0,,1.0,,,,,2027-01-31 11:05:00
6004646.3445308115,0.0,47.0,,1.0,,,,,2027-01-31 11:10:00
6004647.344676371,0.0,47.0,,1.0,,,,,2027-01-31 11:15:00
6004648.34482193,0.0,46.0,,1.0,,,,,2027-01-31 11:20:00
6004649.344967489,0.0,47.0,,1.0,,,,,2027-01-31 11:25:00
6004650.345113049,0.0,54.0,,1.0,,,,,2027-01-31 11:30:00
6004651.345258608,0.0,70.0,,1.0,,,,,2027-01-31 11:35:00
6004652.345404168,0.0,74.0,,1.0,,,,,2027-01-31 11:40:00
6004653.345549727,0.0,88.0,,1.0,,,,,2027-01-31 11:45:00
6004654.345695286,0.0,96.0,,1.0,,,,,2027-01-31 11:50:00
6004655.345840845,0.0,99.0,,1.0,,,,,2027-01-31 11:55:00
6004656.345986404,0.0,98.0,,1.0,,,,,2027-01-31 12:00:00
6004657.346131965,0.0,95.0,,1.0,,,,,2027-01-31 12:05:00
6004658.346277524,0.0,91.0,,1.0,,,,,2027-01-31 12:10:00
6004659.346423083,0.0,90.0,,1.0,,,,,2027-01-31 12:15:00
6004660.346568642,0.0,88.0,97.0,1.0,,,,,2027-01-31 12:20:00
6004661.346714201,0.0,88.0,,1.0,,,,,2027-01-31 12:25:00
6004662.346859761,0.0,89.0,,1.0,,,,,2027-01-31 12:30:00
6004663.34700532,0.0,95.0,,1.0,,,,,2027-01-31 12:35:00
6004664.34715088,0.0,104.0,,1.0,,,,,2027-01-31 12:40:00
6004665.347296439,0.0,118.0,,1.0,,,,,2027-01-31 12:45:00
6004666.347441998,0.0,134.0,,1.0,,,,,2027-01-31 12:50:00
6004667.3475875575,0.0,148.0,,1.0,,,,,2027-01-31 12:55:00
6004668.347733117,0.0,161.0,,1.0,,,,,2027-01-31 13:00:00
6004669.347878676,0.0,173.0,,1.0,,,,,2027-01-31 13:05:00
6004670.348024235,0.0,185.0,188.0,1.0,,,,6.8,2027-01-31 13:10:00
6004671.348169795,0.0,196.0,,1.0,,,,,2027-01-31 13:15:00
6004672.348315354,0.0,204.0,,1.0,,,,,2027-01-31 13:20:00
6004673.348460914,0.0,217.0,,1.0,,,,,2027-01-31 13:25:00
6004674.348606473,0.0,220.0,,1.0,,,,,2027-01-31 13:30:00
6004675.348752032,0.0,219.0,,1.0,,,,,2027-01-31 13:35:00
6004676.348897591,0.0,217.0,,1.0,,,,,2027-01-31 13:40:00
6004677.34904315,0.0,213.0,,1.0,,,,,2027-01-31 13:45:00
6004678.34918871,0.0,215.0,,1.0,,,,,2027-01-31 13:50:00
6004679.34933427,0.0,213.0,,1.0,,,,,2027-01-31 13:55:00
6004680.349479829,0.0,209.0,,1.0,,,,,2027-01-31 14:00:00
6004681.349625388,0.0,201.0,,1.0,,,,,2027-01-31 14:05:00
6004682.349770947,0.0,196.0,,1.0,,,,,2027-01-31 14:10:00
6004683.349916507,0.0,194.0,,1.0,,,,,2027-01-31 14:15:00
6004684.350062066,0.0,194.0,,1.0,,,,,2027-01-31 14:20:00
6004685.350207625,0.0,194.0,,1.0,,,,,2027-01-31 14:25:00
6004686.350353185,0.0,193.0,,1.0,,,,,2027-01-31 14:30:00
6004687.350498744,0.0,191.0,,1.0,,,,,2027-01-31 14:35:00
6004688.3506443035,0.0,188.0,,1.0,,,,,2027-01-31 14:40:00
6004689.350789863,0.0,186.0,,1.0,,,,,2027-01-31 14:45:00
6004690.350935422,0.0,184.0,,1.0,,,,,2027-01-31 14:50:00
6004691.351080981,0.0,183.0,,1.0,,,,,2027-01-31 14:55:00
6004692.35122654,0.0,180.0,,1.0,,,,,2027-01-31 15:00:00
6004693.3513721,0.0,179.0,,1.0,,,,,2027-01-31 15:05:00
6004694.35151766,0.0,182.0,,1.0,,,,,2027-01-31 15:10:00
6004695.351663219,0.0,190.0,,1.0,,,,,2027-01-31 15:15:00
6004696.351808778,0.0,197.0,200.0,1.0,,,,20.3,2027-01-31 15:20:00
6004697.351954337,0.0,201.0,,1.0,,,,,2027-01-31 15:25:00
6004698.352099896,0.0,205.0,,1.0,,,,,2027-01-31 15:30:00
6004699.352245456,0.0,209.0,,1.0,,,,,2027-01-31 15:35:00
6004700.352391016,0.0,212.0,,1.0,,,,,2027-01-31 15:40:00
6004701.352536575,0.0,215.0,,1.0,,,,,2027-01-31 15:45:00
6004702.352682134,0.0,214.0,,1.0,,,,,2027-01-31 15:50:00
6004703.352827693,0.0,216.0,,1.0,,,,,2027-01-31 15:55:00
6004704.352973253,0.0,215.0,,1.0,,,,,2027-01-31 16:00:00
6004705.353118812,0.0,213.0,,1.0,,,,,2027-01-31 16:05:00
6004706.353264371,0.0,210.0,,1.0,,,,,2027-01-31 16:10:00
6004707.353409931,0.0,204.0,,1.0,,,,,2027-01-31 16:15:00
6004708.35355549,0.0,198.0,,1.0,,,,,2027-01-31 16:20:00
6004709.353701049,0.0,197.0,,1.0,,,,,2027-01-31 16:25:00
6004710.353846609,0.0,194.0,,1.0,,,,,2027-01-31 16:30:00
6004711.353992168,0.0,188.0,,1.0,,,,,2027-01-31 16:35:00
6004712.354137727,0.0,182.0,,1.0,,,,,2027-01-31 16:40:00
6004713.354283286,0.0,178.0,,1.0,,,,,2027-01-31 16:45:00
6004714.354428846,0.0,179.0,,1.0,,,,,2027-01-31 16:50:00
6004715.354574406,0.0,180.0,,1.0,,,,,2027-01-31 16:55:00
6004716.354719965,0.0,181.0,,1.0,,,,,2027-01-31 17:00:00
6004717.354865524,0.0,180.0,,1.0,,,,,2027-01-31 17:05:00
6004718.355011083,0.0,178.0,,1.0,,,,,2027-01-31 17:10:00
6004719.355156642,0.0,176.0,,1.0,,,,,2027-01-31 17:15:00
6004720.355302202,0.0,174.0,,1.0,,,,,2027-01-31 17:20:00
6004721.355447762,0.0,170.0,,1.0,,,,,2027-01-31 17:25:00
6004722.355593321,0.0,166.0,,1.0,,,,,2027-01-31 17:30:00
6004723.35573888,0.0,157.0,,1.0,,,,,2027-01-31 17:35:00
6004724.355884439,0.0,154.0,,1.0,,,,,2027-01-31 17:40:00
6004725.3560299985,0.0,153.0,,1.0,,,,,2027-01-31 17:45:00
6004726.356175558,0.0,149.0,,1.0,,,,,2027-01-31 17:50:00
6004727.356321117,0.0,145.0,,1.0,,,,,2027-01-31 17:55:00
6004728.356466677,0.0,142.0,,1.0,,,,,2027-01-31 18:00:00
6004729.356612236,0.0,137.0,,1.0,,,,,2027-01-31 18:05:00
6004730.356757795,0.0,134.0,,1.0,,,,,2027-01-31 18:10:00
6004731.356903355,0.0,134.0,,1.0,,,,,2027-01-31 18:15:00
6004732.357048914,0.0,137.0,,1.0,,,,,2027-01-31 18:20:00
6004733.357194473,0.0,138.0,,1.0,,,,,2027-01-31 18:25:00
6004734.357340032,0.0,151.0,,1.0,,,,,2027-01-31 18:30:00
6004735.357485592,0.0,164.0,,1.0,,,,,2027-01-31 18:35:00
6004736.357631152,0.0,175.0,,1.0,,,,,2027-01-31 18:40:00
6004737.357776711,0.0,183.0,,1.0,,,,,2027-01-31 18:45:00
6004738.35792227,0.0,175.0,186.0,1.0,,,,6.6,2027-01-31 18:50:00
6004739.358067829,0.0,169.0,,1.0,,,,,2027-01-31 18:55:00
6004740.358213388,0.0,160.0,,1.0,,,,,2027-01-31 19:00:00
6004741.358358948,0.0,158.0,,1.0,,,,,2027-01-31 19:05:00
6004742.358504508,0.0,166.0,,1.0,,,,,2027-01-31 19:10:00
6004743.358650067,0.0,179.0,,1.0,,,,,2027-01-31 19:15:00
6004744.358795626,0.0,192.0,,1.0,,,,,2027-01-31 19:20:00
6004745.358941185,0.0,203.0,,1.0,,,,,2027-01-31 19:25:00
6004746.3590867445,0.0,209.0,,1.0,,,,,2027-01-31 19:30:00
6004747.359232304,0.0,210.0,,1.0,,,,,2027-01-31 19:35:00
6004748.359377863,0.0,216.0,,1.0,,,,,2027-01-31 19:40:00
6004749.359523423,0.0,224.0,,1.0,,,,,2027-01-31 19:45:00
6004750.359668982,0.0,230.0,,1.0,,,,,2027-01-31 19:50:00
6004751.359814541,0.0,235.0,242.0,1.0,,,,18.3,2027-01-31 19:55:00
6004752.359960101,0.0,238.0,,1.0,,,,,2027-01-31 20:00:00
6004753.36010566,0.0,239.0,,1.0,,,,,2027-01-31 20:05:00
6004754.360251219,0.0,239.0,,1.0,,,,,2027-01-31 20:10:00
6004755.360396778,0.0,238.0,,1.0,,,,,2027-01-31 20:15:00
6004756.360542338,0.0,235.0,,1.0,,,,,2027-01-31 20:20:00
6004757.360687898,0.0,232.0,,1.0,,,,,2027-01-31 20:25:00
6004758.360833457,0.0,230.0,,1.0,,,,,2027-01-31 20:30:00
6004759.360979016,0.0,221.0,,1.0,,,,,2027-01-31 20:35:00
6004760.361124575,0.0,213.0,,1.0,,,,,2027-01-31 20:40:00
6004761.361270134,0.0,210.0,,1.0,,,,,2027-01-31 20:45:00
6004762.361415694,0.0,205.0,,1.0,,,,,2027-01-31 20:50:00
6004763.361561254,0.0,195.0,,1.0,,,,,2027-01-31 20:55:00
6004764.361706813,0.0,182.0,,1.0,,,,,2027-01-31 21:00:00
6004765.361852372,0.0,186.0,,1.0,,,,,2027-01-31 21:05:00
6004766.361997931,0.0,178.0,,1.0,,,,,2027-01-31 21:10:00
6004767.36214349,0.0,170.0,93.0,1.0,,,,5.0,2027-01-31 21:15:00
6004768.36228905,0.0,163.0,,1.0,,,,,2027-01-31 21:20:00
6004769.362434609,0.0,153.0,,1.0,,,,,2027-01-31 21:25:00
6004770.362580169,0.0,177.0,191.0,1.0,,,,,2027-01-31 21:30:00
6004771.362725728,0.0,170.0,,1.0,,,,,2027-01-31 21:35:00
6004772.362871287,0.0,163.0,,1.0,,,,,2027-01-31 21:40:00
6004773.363016847,0.0,161.0,,1.0,,,,,2027-01-31 21:45:00
6004774.363162406,0.0,158.0,,1.0,,,,,2027-01-31 21:50:00
6004775.363307965,0.0,153.0,,1.0,,,,,2027-01-31 21:55:00
6004776.363453524,0.0,149.0,,1.0,,,,,2027-01-31 22:00:00
6004777.363599084,0.0,146.0,,1.0,,,,,2027-01-31 22:05:00
6004778.3637446435,0.0,143.0,,1.0,,,,,2027-01-31 22:10:00
6004779.363890203,0.0,140.0,,1.0,,,,,2027-01-31 22:15:00
6004780.364035762,0.0,133.0,,1.0,,,,,2027-01-31 22:20:00
6004781.364181321,0.0,129.0,,1.0,,,,,2027-01-31 22:25:00
6004782.36432688,0.0,126.0,,1.0,,,,,2027-01-31 22:30:00
6004783.3644724395,0.0,124.0,,1.0,,,,,2027-01-31 22:35:00
6004784.364618,0.0,122.0,,1.0,,,,,2027-01-31 22:40:00
6004785.364763559,0.0,118.0,,1.0,,,,,2027-01-31 22:45:00
6004786.364909118,0.0,115.0,,1.0,,,,,2027-01-31 22:50:00
6004787.365054677,0.0,113.0,,1.0,,,,,2027-01-31 22:55:00
6004788.365200236,0.0,113.0,,1.0,,,,,2027-01-31 23:00:00
6004789.365345796,0.0,113.0,,1.0,,,,,2027-01-31 23:05:00
6004790.365491355,0.0,113.0,,1.0,,,,,2027-01-31 23:10:00
6004791.365636915,0.0,112.0,,1.0,,,,,2027-01-31 23:15:00
6004792.365782474,0.0,110.0,113.0,1.0,,,,4.0,2027-01-31 23:20:00
6004793.365928033,0.0,106.0,,1.0,,,,,2027-01-31 23:25:00
6004794.366073593,0.0,106.0,,1.0,,,,,2027-01-31 23:30:00
6004795.366219152,0.0,114.0,,1.0,,,,,2027-01-31 23:35:00
6004796.366364711,0.0,123.0,,1.0,,,,,2027-01-31 23:40:00
6004797.36651027,0.0,136.0,,1.0,,,,,2027-01-31 23:45:00
6004798.36665583,0.0,150.0,,1.0,,,,,2027-01-31 23:50:00
6004799.3668013895,0.0,160.0,,1.0,,,,,2027-01-31 23:55:00
6004800.366946949,0.0,167.0,,1.0,,,,,2027-02-01 00:00:00
6004801.367092508,0.0,173.0,,1.0,,,,,2027-02-01 00:05:00
6004802.367238067,0.0,175.0,,1.0,,,,,2027-02-01 00:10:00
6004803.367383626,0.0,176.0,,1.0,,,,,2027-02-01 00:15:00
6004804.3675291855,0.0,176.0,,1.0,,,,,2027-02-01 00:20:00
6004805.367674746,0.0,176.0,,1.0,,,,,2027-02-01 00:25:00
6004806.367820305,0.0,174.0,,1.0,,,,,2027-02-01 00:30:00
6004807.367965864,0.0,171.0,,1.0,,,,,2027-02-01 00:35:00
6004808.368111423,0.0,167.0,,1.0,,,,,2027-02-01 00:40:00
6004809.368256982,0.0,164.0,,1.0,,,,,2027-02-01 00:45:00
6004810.368402542,0.0,160.0,,1.0,,,,,2027-02-01 00:50:00
6004811.368548101,0.0,157.0,,1.0,,,,,2027-02-01 00:55:00
6004812.368693661,0.0,153.0,,1.0,,,,,2027-02-01 01:00:00
6004813.36883922,0.0,151.0,,1.0,,,,,2027-02-01 01:05:00
6004814.368984779,0.0,149.0,,1.0,,,,,2027-02-01 01:10:00
6004815.369130339,0.0,149.0,,1.0,,,,,2027-02-01 01:15:00
6004816.369275898,0.0,147.0,,1.0,,,,,2027-02-01 01:20:00
6004817.369421457,0.0,146.0,,1.0,,,,,2027-02-01 01:25:00
6004818.369567016,0.0,146.0,,1.0,,,,,2027-02-01 01:30:00
6004819.369712576,0.0,145.0,,1.0,,,,,2027-02-01 01:35:00
6004820.3698581355,0.0,144.0,,1.0,,,,,2027-02-01 01:40:00
6004821.370003695,0.0,142.0,,1.0,,,,,2027-02-01 01:45:00
6004822.370149254,0.0,142.0,,1.0,,,,,2027-02-01 01:50:00
6004823.370294813,0.0,144.0,,1.0,,,,,2027-02-01 01:55:00
6004824.370440372,0.0,145.0,,1.0,,,,,2027-02-01 02:00:00
6004825.370585931,0.0,147.0,,1.0,,,,,2027-02-01 02:05:00
6004826.370731492,0.0,150.0,,1.0,,,,,2027-02-01 02:10:00
6004827.370877051,0.0,153.0,,1.0,,,,,2027-02-01 02:15:00
6004828.37102261,0.0,155.0,,1.0,,,,,2027-02-01 02:20:00
6004829.371168169,0.0,158.0,,1.0,,,,,2027-02-01 02:25:00
6004830.371313728,0.0,160.0,,1.0,,,,,2027-02-01 02:30:00
6004831.371459288,0.0,162.0,,1.0,,,,,2027-02-01 02:35:00
6004832.371604847,0.0,164.0,,1.0,,,,,2027-02-01 02:40:00
6004833.371750407,0.0,167.0,,1.0,,,,,2027-02-01 02:45:00
6004834.371895966,0.0,168.0,,1.0,,,,,2027-02-01 02:50:00
6004835.372041525,0.0,172.0,,1.0,,,,,2027-02-01 02:55:00
6004836.3721870845,0.0,176.0,,1.0,,,,,2027-02-01 03:00:00
6004837.372332644,0.0,179.0,,1.0,,,,,2027-02-01 03:05:00
6004838.372478203,0.0,183.0,,1.0,,,,,2027-02-01 03:10:00
6004839.372623762,0.0,187.0,,1.0,,,,,2027-02-01 03:15:00
6004840.372769322,0.0,191.0,,1.0,,,,,2027-02-01 03:20:00
6004841.372914881,0.0,195.0,,1.0,,,,,2027-02-01 03:25:00
6004842.373060441,0.0,201.0,,1.0,,,,,2027-02-01 03:30:00
6004843.373206,0.0,206.0,,1.0,,,,,2027-02-01 03:35:00
6004844.373351559,0.0,212.0,,1.0,,,,,2027-02-01 03:40:00
6004845.373497118,0.0,217.0,,1.0,,,,,2027-02-01 03:45:00
6004846.373642677,0.0,223.0,,1.0,,,,,2027-02-01 03:50:00
6004847.373788238,0.0,231.0,,1.0,,,,,2027-02-01 03:55:00
6004848.373933797,0.0,237.0,,1.0,,,,,2027-02-01 04:00:00
6004849.374079356,0.0,243.0,,1.0,,,,,2027-02-01 04:05:00
6004850.374224915,0.0,249.0,,1.0,,,,,2027-02-01 04:10:00
6004851.374370474,0.0,255.0,,1.0,,,,,2027-02-01 04:15:00
6004852.374516034,0.0,262.0,,1.0,,,,,2027-02-01 04:20:00
6004853.374661593,0.0,268.0,,1.0,,,,,2027-02-01 04:25:00
6004854.374807153,0.0,273.0,,1.0,,,,,2027-02-01 04:30:00
6004855.374952712,0.0,278.0,,1.0,,,,,2027-02-01 04:35:00
6004856.375098271,0.0,282.0,,1.0,,,,,2027-02-01 04:40:00
6004857.3752438305,0.0,286.0,,1.0,,,,,2027-02-01 04:45:00
6004858.37538939,0.0,290.0,,1.0,,,,,2027-02-01 04:50:00
6004859.375534949,0.0,293.0,,1.0,,,,,2027-02-01 04:55:00
6004860.375680508,0.0,298.0,,1.0,,,,,2027-02-01 05:00:00
6004861.375826068,0.0,301.0,,1.0,,,,,2027-02-01 05:05:00
6004862.375971627,0.0,302.0,,1.0,,,,,2027-02-01 05:10:00
6004863.376117187,0.0,302.0,,1.0,,,,,2027-02-01 05:15:00
6004864.376262746,0.0,302.0,,1.0,,,,,2027-02-01 05:20:00
6004865.376408305,0.0,303.0,,1.0,,,,,2027-02-01 05:25:00
6004866.376553864,0.0,304.0,,1.0,,,,,2027-02-01 05:30:00
6004867.376699423,0.0,305.0,,1.0,,,,,2027-02-01 05:35:00
6004868.376844984,0.0,306.0,,1.0,,,,,2027-02-01 05:40:00
6004869.376990543,0.0,308.0,,1.0,,,,,2027-02-01 05:45:00
6004870.377136102,0.0,308.0,,1.0,,,,,2027-02-01 05:50:00
6004871.377281661,0.0,307.0,,1.0,,,,,2027-02-01 05:55:00
6004872.37742722,0.0,307.0,,1.0,,,,,2027-02-01 06:00:00
6004873.37757278,0.0,305.0,,1.0,,,,,2027-02-01 06:05:00
6004874.377718339,0.0,307.0,,1.0,,,,,2027-02-01 06:10:00
6004875.377863899,0.0,310.0,,1.0,,,,,2027-02-01 06:15:00
6004876.378009458,0.0,309.0,,1.0,,,,,2027-02-01 06:20:00
6004877.378155017,0.0,308.0,,1.0,,,,,2027-02-01 06:25:00
6004878.3783005765,0.0,307.0,,1.0,,,,,2027-02-01 06:30:00
6004879.378446136,0.0,306.0,,1.0,,,,,2027-02-01 06:35:00
6004880.378591695,0.0,305.0,307.0,1.0,,,,18.7,2027-02-01 06:40:00
6004881.378737254,0.0,305.0,,1.0,,,,,2027-02-01 06:45:00
6004882.378882814,0.0,307.0,,1.0,,,,,2027-02-01 06:50:00
6004883.379028373,0.0,306.0,,1.0,,,,,2027-02-01 06:55:00
6004884.379173933,0.0,303.0,,1.0,,,,,2027-02-01 07:00:00
6004885.379319492,0.0,300.0,,1.0,,,,,2027-02-01 07:05:00
6004886.379465051,0.0,297.0,,1.0,,,,,2027-02-01 07:10:00
6004887.37961061,0.0,293.0,,1.0,,,,,2027-02-01 07:15:00
6004888.379756169,0.0,285.0,,1.0,,,,,2027-02-01 07:20:00
6004889.3799017295,0.0,276.0,,1.0,,,,,2027-02-01 07:25:00
6004890.380047289,0.0,265.0,,1.0,,,,,2027-02-01 07:30:00
6004891.380192848,0.0,264.0,,1.0,,,,,2027-02-01 07:35:00
6004892.380338407,0.0,259.0,,1.0,,,,,2027-02-01 07:40:00
6004893.380483966,0.0,257.0,263.0,1.0,,,,13.6,2027-02-01 07:45:00
6004894.3806295255,0.0,261.0,,1.0,,,,,2027-02-01 07:50:00
6004895.380775085,0.0,258.0,,1.0,,,,,2027-02-01 07:55:00
6004896.380920645,0.0,256.0,,1.0,,,,,2027-02-01 08:00:00
6004897.381066204,0.0,254.0,,1.0,,,,,2027-02-01 08:05:00
6004898.381211763,0.0,255.0,,1.0,,,,,2027-02-01 08:10:00
6004899.381357322,0.0,255.0,,1.0,,,,,2027-02-01 08:15:00
6004900.381502882,0.0,253.0,,1.0,,,,,2027-02-01 08:20:00
6004901.381648441,0.0,234.0,,1.0,,,,,2027-02-01 08:25:00
6004902.381794,0.0,238.0,,1.0,,,,,2027-02-01 08:30:00
6004903.38193956,0.0,246.0,,1.0,,,,,2027-02-01 08:35:00
6004904.382085119,0.0,253.0,,1.0,,,,,2027-02-01 08:40:00
6004905.382230679,0.0,256.0,,1.0,,,,,2027-02-01 08:45:00
6004906.382376238,0.0,257.0,,1.0,,,,11.0,2027-02-01 08:50:00
6004907.382521797,0.0,258.0,,1.0,,,,,2027-02-01 08:55:00
6004908.382667356,0.0,259.0,,1.0,,,,,2027-02-01 09:00:00
6004909.382812915,0.0,238.0,,1.0,,,,,2027-02-01 09:05:00
6004910.3829584755,0.0,200.0,,1.0,,,,,2027-02-01 09:10:00
6004911.383104035,1.0,,,1.0,,,,,2027-02-01 09:15:00
6004912.383249594,1.0,,,1.0,,,,,2027-02-01 09:20:00
6004913.383395153,1.0,,,1.0,,,,,2027-02-01 09:25:00
6004914.383540712,1.0,,,1.0,,,,,2027-02-01 09:30:00
6004915.3836862715,1.0,,,1.0,,,,,2027-02-01 09:35:00
6004916.383831831,1.0,,,1.0,,,,,2027-02-01 09:40:00
6004917.383977391,1.0,,,1.0,,,,,2027-02-01 09:45:00
6004918.38412295,1.0,,,1.0,,,,,2027-02-01 09:50:00
6004919.384268509,1.0,,,1.0,,,,,2027-02-01 09:55:00
6004920.384414068,1.0,,,1.0,,,,,2027-02-01 10:00:00
6004921.384559628,1.0,,,1.0,,,,,2027-02-01 10:05:00
6004922.384705187,1.0,,,1.0,,,,,2027-02-01 10:10:00
6004923.384850746,1.0,,,1.0,,,,,2027-02-01 10:15:00
6004924.384996306,1.0,,,1.0,,,,,2027-02-01 10:20:00
6004925.385141865,1.0,,,1.0,,,,,2027-02-01 10:25:00
6004926.385287425,1.0,,,1.0,,,,,2027-02-01 10:30:00
6004927.385432984,1.0,,,1.0,,,,,2027-02-01 10:35:00
6004928.385578543,1.0,,,1.0,,,,,2027-02-01 10:40:00
6004929.385724102,1.0,,,1.0,,,,,2027-02-01 10:45:00
6004930.385869661,1.0,,,1.0,,,,,2027-02-01 10:50:00
6004931.3860152215,1.0,,,1.0,,,,,2027-02-01 10:55:00
6004932.386160781,1.0,,,1.0,,,,,2027-02-01 11:00:00
6004933.38630634,1.0,,,1.0,,,,,2027-02-01 11:05:00
6004934.386451899,1.0,,,1.0,,,,,2027-02-01 11:10:00
6004935.386597458,1.0,,,1.0,,,,,2027-02-01 11:15:00
6004936.3867430175,1.0,,,1.0,,,,,2027-02-01 11:20:00
6004937.386888577,1.0,,,1.0,,,,,2027-02-01 11:25:00
6004938.387034137,1.0,,,1.0,,,,,2027-02-01 11:30:00
6004939.387179696,1.0,,,1.0,,,,,2027-02-01 11:35:00
6004940.387325255,1.0,,,1.0,,,,,2027-02-01 11:40:00
6004941.387470814,1.0,,,1.0,,,,,2027-02-01 11:45:00
6004942.387616374,1.0,,,1.0,,,,,2027-02-01 11:50:00
6004943.387761933,1.0,,,1.0,,,,,2027-02-01 11:55:00
6004944.387907492,1.0,,,1.0,,,,,2027-02-01 12:00:00
6004945.388053052,1.0,,,1.0,,,,,2027-02-01 12:05:00
6004946.388198611,1.0,,,1.0,,,,,2027-02-01 12:10:00
6004947.3883441705,1.0,,,1.0,,,,,2027-02-01 12:15:00
6004948.38848973,1.0,,,1.0,,,,,2027-02-01 12:20:00
6004949.388635289,1.0,,,1.0,,,,,2027-02-01 12:25:00
6004950.388780848,1.0,,,1.0,,,,,2027-02-01 12:30:00
6004951.388926407,1.0,,,1.0,,,,,2027-02-01 12:35:00
6004952.389071967,1.0,,,1.0,,,,,2027-02-01 12:40:00
6004953.389217527,1.0,,,1.0,,,,,2027-02-01 12:45:00
6004954.389363086,1.0,,,1.0,,,,,2027-02-01 12:50:00
6004955.389508645,1.0,,,1.0,,,,,2027-02-01 12:55:00
6004956.389654204,1.0,,,1.0,,,,,2027-02-01 13:00:00
6004957.389799763,1.0,,143.0,1.0,,,,8.9,2027-02-01 13:05:00
6004958.389945323,1.0,,,1.0,,,,,2027-02-01 13:10:00
6004959.390090883,0.0,139.0,143.0,1.0,,,,,2027-02-01 13:15:00
6004960.390236442,0.0,137.0,,1.0,,,,,2027-02-01 13:20:00
6004961.390382001,0.0,142.0,,1.0,,,,,2027-02-01 13:25:00
6004962.39052756,0.0,146.0,,1.0,,,,,2027-02-01 13:30:00
6004963.39067312,0.0,150.0,,1.0,,,,,2027-02-01 13:35:00
6004964.390818679,0.0,153.0,,1.0,,,,,2027-02-01 13:40:00
6004965.390964238,0.0,158.0,,1.0,,,,,2027-02-01 13:45:00
6004966.391109798,0.0,162.0,,1.0,,,,,2027-02-01 13:50:00
6004967.391255357,0.0,163.0,,1.0,,,,,2027-02-01 13:55:00
6004968.3914009165,0.0,162.0,,1.0,,,,,2027-02-01 14:00:00
6004969.391546476,0.0,163.0,,1.0,,,,,2027-02-01 14:05:00
6004970.391692035,0.0,161.0,,1.0,,,,,2027-02-01 14:10:00
6004971.391837594,0.0,158.0,,1.0,,,,,2027-02-01 14:15:00
6004972.391983153,0.0,157.0,,1.0,,,,,2027-02-01 14:20:00
6004973.392128713,0.0,143.0,,1.0,,,,,2027-02-01 14:25:00
6004974.392274273,0.0,150.0,,1.0,,,,,2027-02-01 14:30:00
6004975.392419832,0.0,153.0,,1.0,,,,,2027-02-01 14:35:00
6004976.392565391,0.0,158.0,,1.0,,,,,2027-02-01 14:40:00
6004977.39271095,0.0,165.0,,1.0,,,,,2027-02-01 14:45:00
6004978.392856509,0.0,173.0,,1.0,,,,,2027-02-01 14:50:00
6004979.393002069,0.0,179.0,,1.0,,,,,2027-02-01 14:55:00
6004980.393147629,0.0,184.0,,1.0,,,,,2027-02-01 15:00:00
6004981.393293188,0.0,188.0,191.0,1.0,,,,5.0,2027-02-01 15:05:00
6004982.393438747,0.0,192.0,,1.0,,,,,2027-02-01 15:10:00
6004983.393584306,0.0,198.0,,1.0,,,,,2027-02-01 15:15:00
6004984.393729866,0.0,202.0,,1.0,,,,,2027-02-01 15:20:00
6004985.393875425,0.0,195.0,,1.0,,,,,2027-02-01 15:25:00
6004986.394020984,0.0,175.0,,1.0,,,,,2027-02-01 15:30:00
6004987.394166544,0.0,183.0,,1.0,,,,,2027-02-01 15:35:00
6004988.394312103,0.0,188.0,,1.0,,,,,2027-02-01 15:40:00
6004989.3944576625,0.0,189.0,,1.0,,,,,2027-02-01 15:45:00
6004990.394603222,0.0,185.0,,1.0,,,,,2027-02-01 15:50:00
6004991.394748781,0.0,181.0,,1.0,,,,,2027-02-01 15:55:00
6004992.39489434,0.0,176.0,,1.0,,,,,2027-02-01 16:00:00
6004993.395039899,0.0,170.0,,1.0,,,,,2027-02-01 16:05:00
6004994.395185459,0.0,174.0,,1.0,,,,,2027-02-01 16:10:00
6004995.395331019,0.0,173.0,,1.0,,,,,2027-02-01 16:15:00
6004996.395476578,0.0,167.0,,1.0,,,,,2027-02-01 16:20:00
6004997.395622137,0.0,175.0,,1.0,,,,,2027-02-01 16:25:00
6004998.395767696,0.0,198.0,,1.0,,,,,2027-02-01 16:30:00
6004999.395913255,0.0,216.0,,1.0,,,,,2027-02-01 16:35:00
6005000.396058815,0.0,228.0,,1.0,,,,,2027-02-01 16:40:00
6005001.396204375,0.0,236.0,,1.0,,,,,2027-02-01 16:45:00
6005002.396349934,0.0,220.0,,1.0,,,,,2027-02-01 16:50:00
6005003.396495493,0.0,200.0,,1.0,,,,,2027-02-01 16:55:00
6005004.396641052,0.0,191.0,,1.0,,,,,2027-02-01 17:00:00
6005005.3967866115,0.0,186.0,,1.0,,,,,2027-02-01 17:05:00
6005006.396932171,0.0,189.0,,1.0,,,,,2027-02-01 17:10:00
6005007.39707773,0.0,190.0,,1.0,,,,,2027-02-01 17:15:00
6005008.39722329,0.0,194.0,,1.0,,,,,2027-02-01 17:20:00
6005009.397368849,0.0,214.0,,1.0,,,,,2027-02-01 17:25:00
6005010.397514408,0.0,238.0,,1.0,,,,,2027-02-01 17:30:00
6005011.397659968,0.0,257.0,,1.0,,,,,2027-02-01 17:35:00
6005012.397805527,0.0,279.0,286.0,1.0,,,,16.1,2027-02-01 17:40:00
6005013.397951086,0.0,294.0,,1.0,,,,,2027-02-01 17:45:00
6005014.398096645,0.0,299.0,,1.0,,,,,2027-02-01 17:50:00
6005015.398242205,0.0,284.0,,1.0,,,,,2027-02-01 17:55:00
6005016.398387765,0.0,244.0,,1.0,,,,,2027-02-01 18:00:00
6005017.398533324,0.0,241.0,,1.0,,,,,2027-02-01 18:05:00
6005018.398678883,0.0,268.0,,1.0,,,,,2027-02-01 18:10:00
6005019.398824442,0.0,283.0,,1.0,,,,,2027-02-01 18:15:00
6005020.398970001,0.0,286.0,,1.0,,,,,2027-02-01 18:20:00
6005021.399115561,0.0,285.0,,1.0,,,,,2027-02-01 18:25:00
6005022.399261121,0.0,280.0,,1.0,,,,,2027-02-01 18:30:00
6005023.39940668,0.0,277.0,280.0,1.0,,,,19.4,2027-02-01 18:35:00
6005024.399552239,0.0,280.0,,1.0,,,,,2027-02-01 18:40:00
6005025.399697798,0.0,278.0,,1.0,,,,,2027-02-01 18:45:00
6005026.3998433575,0.0,263.0,,1.0,,,,,2027-02-01 18:50:00
6005027.399988917,0.0,269.0,,1.0,,,,,2027-02-01 18:55:00
6005028.400134476,0.0,280.0,,1.0,,,,,2027-02-01 19:00:00
6005029.400280036,0.0,287.0,,1.0,,,,,2027-02-01 19:05:00
6005030.400425595,0.0,258.0,,1.0,,,,,2027-02-01 19:10:00
6005031.400571154,0.0,250.0,,1.0,,,,,2027-02-01 19:15:00
6005032.400716714,0.0,266.0,,1.0,,,,,2027-02-01 19:20:00
6005033.400862273,0.0,279.0,,1.0,,,,,2027-02-01 19:25:00
6005034.401007832,0.0,256.0,,1.0,,,,,2027-02-01 19:30:00
6005035.401153391,0.0,206.0,,0.0,,,,,2027-02-01 19:35:00
6005036.401298951,0.0,203.0,,0.0,,,,,2027-02-01 19:40:00
6005037.401444511,0.0,227.0,,0.0,,,,,2027-02-01 19:45:00
6005038.40159007,0.0,244.0,,0.0,,,,,2027-02-01 19:50:00
6005039.401735629,0.0,256.0,,0.0,,,,,2027-02-01 19:55:00
6005040.401881188,0.0,253.0,,1.0,,,,,2027-02-01 20:00:00
6005041.402026747,0.0,250.0,,1.0,,,,,2027-02-01 20:05:00
6005042.402172307,0.0,257.0,,1.0,,,,,2027-02-01 20:10:00
6005043.402317867,0.0,262.0,,1.0,,,,,2027-02-01 20:15:00
6005044.402463426,0.0,265.0,,1.0,,,,,2027-02-01 20:20:00
6005045.402608985,0.0,268.0,,1.0,,,,,2027-02-01 20:25:00
6005046.402754544,0.0,271.0,,1.0,,,,,2027-02-01 20:30:00
6005047.4029001035,0.0,273.0,,1.0,,,,,2027-02-01 20:35:00
6005048.403045663,0.0,272.0,,1.0,,,,,2027-02-01 20:40:00
6005049.403191222,0.0,268.0,,1.0,,,,,2027-02-01 20:45:00
6005050.403336782,0.0,263.0,,1.0,,,,,2027-02-01 20:50:00
6005051.403482341,0.0,258.0,,1.0,,,,,2027-02-01 20:55:00
6005052.4036279,0.0,249.0,,1.0,,,,,2027-02-01 21:00:00
6005053.40377346,0.0,245.0,,1.0,,,,,2027-02-01 21:05:00
6005054.403919019,0.0,244.0,254.0,1.0,,,,11.2,2027-02-01 21:10:00
6005055.404064578,0.0,244.0,,1.0,,,,,2027-02-01 21:15:00
6005056.404210137,0.0,244.0,,1.0,,,,,2027-02-01 21:20:00
6005057.404355697,0.0,242.0,,1.0,,,,,2027-02-01 21:25:00
6005058.4045012565,0.0,241.0,,1.0,,,,,2027-02-01 21:30:00
6005059.404646816,0.0,241.0,,1.0,,,,,2027-02-01 21:35:00
6005060.404792375,0.0,239.0,,1.0,,,,,2027-02-01 21:40:00
6005061.404937934,0.0,234.0,,1.0,,,,,2027-02-01 21:45:00
6005062.405083493,0.0,228.0,,1.0,,,,,2027-02-01 21:50:00
6005063.4052290525,0.0,222.0,234.0,1.0,,,,9.0,2027-02-01 21:55:00
6005064.405374613,0.0,217.0,,1.0,,,,,2027-02-01 22:00:00
6005065.405520172,0.0,208.0,,1.0,,,,,2027-02-01 22:05:00
6005066.405665731,0.0,214.0,234.0,1.0,,,,,2027-02-01 22:10:00
6005067.40581129,0.0,212.0,,1.0,,,,,2027-02-01 22:15:00
6005068.405956849,0.0,210.0,,1.0,,,,,2027-02-01 22:20:00
6005069.406102409,0.0,205.0,,1.0,,,,,2027-02-01 22:25:00
6005070.406247968,0.0,200.0,,1.0,,,,,2027-02-01 22:30:00
6005071.406393528,0.0,195.0,,1.0,,,,,2027-02-01 22:35:00
6005072.406539087,0.0,189.0,,1.0,,,,,2027-02-01 22:40:00
6005073.406684646,0.0,183.0,,1.0,,,,,2027-02-01 22:45:00
6005074.406830206,0.0,179.0,,1.0,,,,,2027-02-01 22:50:00
6005075.406975765,0.0,173.0,,1.0,,,,,2027-02-01 22:55:00
6005076.407121324,0.0,168.0,,1.0,,,,,2027-02-01 23:00:00
6005077.407266883,0.0,164.0,,1.0,,,,,2027-02-01 23:05:00
6005078.407412443,0.0,160.0,,1.0,,,,,2027-02-01 23:10:00
6005079.4075580025,0.0,157.0,,1.0,,,,,2027-02-01 23:15:00
6005080.407703562,0.0,155.0,,1.0,,,,,2027-02-01 23:20:00
6005081.407849121,0.0,150.0,,1.0,,,,,2027-02-01 23:25:00
6005082.40799468,0.0,144.0,,1.0,,,,,2027-02-01 23:30:00
6005083.408140239,0.0,139.0,,1.0,,,,,2027-02-01 23:35:00
6005084.4082857985,0.0,131.0,,1.0,,,,,2027-02-01 23:40:00
6005085.408431359,0.0,124.0,,1.0,,,,,2027-02-01 23:45:00
6005086.408576918,0.0,119.0,,1.0,,,,,2027-02-01 23:50:00
6005087.408722477,0.0,112.0,,1.0,,,,,2027-02-01 23:55:00
6005088.408868036,0.0,106.0,,1.0,,,,,2027-02-02 00:00:00
6005089.409013595,0.0,101.0,,1.0,,,,,2027-02-02 00:05:00
6005090.409159155,0.0,99.0,,1.0,,,,,2027-02-02 00:10:00
6005091.409304714,0.0,97.0,,1.0,,,,,2027-02-02 00:15:00
6005092.409450274,0.0,94.0,,1.0,,,,,2027-02-02 00:20:00
6005093.409595833,0.0,92.0,,1.0,,,,,2027-02-02 00:25:00
6005094.409741392,0.0,92.0,,1.0,,,,,2027-02-02 00:30:00
6005095.409886952,0.0,92.0,,1.0,,,,,2027-02-02 00:35:00
6005096.410032511,0.0,91.0,,1.0,,,,,2027-02-02 00:40:00
6005097.41017807,0.0,90.0,,1.0,,,,,2027-02-02 00:45:00
6005098.410323629,0.0,90.0,,1.0,,,,,2027-02-02 00:50:00
6005099.410469189,0.0,91.0,,1.0,,,,,2027-02-02 00:55:00
6005100.4106147485,0.0,91.0,,1.0,,,,,2027-02-02 01:00:00
6005101.410760308,0.0,91.0,,1.0,,,,,2027-02-02 01:05:00
6005102.410905867,0.0,93.0,,1.0,,,,,2027-02-02 01:10:00
6005103.411051426,0.0,94.0,,1.0,,,,,2027-02-02 01:15:00
6005104.411196985,0.0,95.0,,1.0,,,,,2027-02-02 01:20:00
6005105.4113425445,0.0,97.0,,1.0,,,,,2027-02-02 01:25:00
6005106.411488105,0.0,98.0,,1.0,,,,,2027-02-02 01:30:00
6005107.411633664,0.0,98.0,,1.0,,,,,2027-02-02 01:35:00
6005108.411779223,0.0,99.0,,1.0,,,,,2027-02-02 01:40:00
6005109.411924782,0.0,102.0,,1.0,,,,,2027-02-02 01:45:00
6005110.412070341,0.0,105.0,,1.0,,,,,2027-02-02 01:50:00
6005111.412215901,0.0,109.0,,1.0,,,,,2027-02-02 01:55:00
6005112.41236146,0.0,112.0,,1.0,,,,,2027-02-02 02:00:00
6005113.41250702,0.0,117.0,,1.0,,,,,2027-02-02 02:05:00
6005114.412652579,0.0,122.0,,1.0,,,,,2027-02-02 02:10:00
6005115.412798138,0.0,126.0,,1.0,,,,,2027-02-02 02:15:00
6005116.412943698,0.0,132.0,,1.0,,,,,2027-02-02 02:20:00
6005117.413089257,0.0,138.0,,1.0,,,,,2027-02-02 02:25:00
6005118.413234816,0.0,144.0,,1.0,,,,,2027-02-02 02:30:00
6005119.413380375,0.0,151.0,,1.0,,,,,2027-02-02 02:35:00
6005120.413525935,0.0,158.0,,1.0,,,,,2027-02-02 02:40:00
6005121.413671494,0.0,164.0,,1.0,,,,,2027-02-02 02:45:00
6005122.413817054,0.0,169.0,,1.0,,,,,2027-02-02 02:50:00
6005123.413962613,0.0,172.0,,1.0,,,,,2027-02-02 02:55:00
6005124.414108172,0.0,176.0,,1.0,,,,,2027-02-02 03:00:00
6005125.414253731,0.0,179.0,,1.0,,,,,2027-02-02 03:05:00
6005126.41439929,0.0,182.0,,1.0,,,,,2027-02-02 03:10:00
6005127.414544851,0.0,183.0,190.0,1.0,,,,7.0,2027-02-02 03:15:00
6005128.41469041,0.0,184.0,,1.0,,,,,2027-02-02 03:20:00
6005129.414835969,0.0,189.0,,1.0,,,,,2027-02-02 03:25:00
6005130.414981528,0.0,198.0,,1.0,,,,,2027-02-02 03:30:00
6005131.415127087,0.0,201.0,,1.0,,,,,2027-02-02 03:35:00
6005132.415272647,0.0,201.0,,1.0,,,,,2027-02-02 03:40:00
6005133.415418206,0.0,199.0,,1.0,,,,,2027-02-02 03:45:00
6005134.415563766,0.0,196.0,,1.0,,,,,2027-02-02 03:50:00
6005135.415709325,0.0,193.0,,1.0,,,,,2027-02-02 03:55:00
6005136.415854884,0.0,191.0,,1.0,,,,,2027-02-02 04:00:00
6005137.4160004435,0.0,187.0,,1.0,,,,,2027-02-02 04:05:00
6005138.416146003,0.0,184.0,,1.0,,,,,2027-02-02 04:10:00
6005139.416291562,0.0,181.0,,1.0,,,,,2027-02-02 04:15:00
6005140.416437121,0.0,178.0,,1.0,,,,,2027-02-02 04:20:00
6005141.416582681,0.0,174.0,,1.0,,,,,2027-02-02 04:25:00
6005142.41672824,0.0,172.0,,1.0,,,,,2027-02-02 04:30:00
6005143.4168738,0.0,169.0,,1.0,,,,,2027-02-02 04:35:00
6005144.417019359,0.0,166.0,,1.0,,,,,2027-02-02 04:40:00
6005145.417164918,0.0,163.0,,1.0,,,,,2027-02-02 04:45:00
6005146.417310477,0.0,161.0,,1.0,,,,,2027-02-02 04:50:00
6005147.417456036,0.0,159.0,,1.0,,,,,2027-02-02 04:55:00
6005148.417601597,0.0,156.0,,1.0,,,,,2027-02-02 05:00:00
6005149.417747156,0.0,154.0,,1.0,,,,,2027-02-02 05:05:00
6005150.417892715,0.0,153.0,,1.0,,,,,2027-02-02 05:10:00
6005151.418038274,0.0,152.0,,1.0,,,,,2027-02-02 05:15:00
6005152.418183833,0.0,151.0,,1.0,,,,,2027-02-02 05:20:00
6005153.418329393,0.0,150.0,,1.0,,,,,2027-02-02 05:25:00
6005154.418474952,0.0,149.0,,1.0,,,,,2027-02-02 05:30:00
6005155.418620512,0.0,149.0,,1.0,,,,,2027-02-02 05:35:00
6005156.418766071,0.0,149.0,,1.0,,,,,2027-02-02 05:40:00
6005157.41891163,0.0,148.0,,1.0,,,,,2027-02-02 05:45:00
6005158.4190571895,0.0,147.0,,1.0,,,,,2027-02-02 05:50:00
6005159.419202749,0.0,148.0,,1.0,,,,,2027-02-02 05:55:00
6005160.419348308,0.0,152.0,,1.0,,,,,2027-02-02 06:00:00
6005161.419493867,0.0,153.0,,1.0,,,,,2027-02-02 06:05:00
6005162.419639427,0.0,153.0,,1.0,,,,,2027-02-02 06:10:00
6005163.419784986,0.0,154.0,,1.0,,,,,2027-02-02 06:15:00
6005164.419930546,0.0,156.0,,1.0,,,,,2027-02-02 06:20:00
6005165.420076105,0.0,156.0,,1.0,,,,,2027-02-02 06:25:00
6005166.420221664,0.0,157.0,,1.0,,,,,2027-02-02 06:30:00
6005167.420367223,0.0,158.0,,1.0,,,,,2027-02-02 06:35:00
6005168.420512782,0.0,157.0,,1.0,,,,,2027-02-02 06:40:00
6005169.420658343,0.0,157.0,,1.0,,,,,2027-02-02 06:45:00
6005170.420803902,0.0,157.0,,1.0,,,,,2027-02-02 06:50:00
6005171.420949461,0.0,157.0,,1.0,,,,,2027-02-02 06:55:00
6005172.42109502,0.0,157.0,,1.0,,,,,2027-02-02 07:00:00
6005173.421240579,0.0,155.0,,1.0,,,,,2027-02-02 07:05:00
6005174.421386139,0.0,152.0,,1.0,,,,,2027-02-02 07:10:00
6005175.421531698,0.0,154.0,,1.0,,,,,2027-02-02 07:15:00
6005176.421677258,0.0,149.0,,1.0,,,,,2027-02-02 07:20:00
6005177.421822817,0.0,149.0,,1.0,,,,,2027-02-02 07:25:00
6005178.421968376,0.0,158.0,,1.0,,,,,2027-02-02 07:30:00
6005179.422113935,0.0,170.0,,1.0,,,,,2027-02-02 07:35:00
6005180.422259495,0.0,172.0,,1.0,,,,,2027-02-02 07:40:00
6005181.422405054,0.0,170.0,,1.0,,,,,2027-02-02 07:45:00
6005182.422550613,0.0,171.0,,1.0,,,,,2027-02-02 07:50:00
6005183.422696173,0.0,176.0,177.0,1.0,,,,14.7,2027-02-02 07:55:00
6005184.422841732,0.0,187.0,,1.0,,,,,2027-02-02 08:00:00
6005185.422987292,0.0,194.0,,1.0,,,,,2027-02-02 08:05:00
6005186.423132851,0.0,201.0,,1.0,,,,,2027-02-02 08:10:00
6005187.42327841,0.0,212.0,,1.0,,,,,2027-02-02 08:15:00
6005188.423423969,0.0,220.0,,1.0,,,,,2027-02-02 08:20:00
6005189.423569528,0.0,227.0,,1.0,,,,,2027-02-02 08:25:00
6005190.4237150885,0.0,208.0,,1.0,,,,,2027-02-02 08:30:00
6005191.423860648,0.0,184.0,,1.0,,,,,2027-02-02 08:35:00
6005192.424006207,0.0,194.0,,1.0,,,,,2027-02-02 08:40:00
6005193.424151766,0.0,215.0,,1.0,,,,,2027-02-02 08:45:00
6005194.424297325,0.0,228.0,,1.0,,,,,2027-02-02 08:50:00
6005195.4244428845,0.0,231.0,,1.0,,,,,2027-02-02 08:55:00
6005196.424588444,0.0,230.0,,1.0,,,,9.5,2027-02-02 09:00:00
6005197.424734004,0.0,230.0,,1.0,,,,,2027-02-02 09:05:00
6005198.424879563,0.0,226.0,,1.0,,,,,2027-02-02 09:10:00
6005199.425025122,0.0,204.0,,1.0,,,,,2027-02-02 09:15:00
6005200.425170681,0.0,202.0,,1.0,,,,,2027-02-02 09:20:00
6005201.425316241,0.0,201.0,,1.0,,,,,2027-02-02 09:25:00
6005202.4254618,0.0,199.0,,1.0,,,,,2027-02-02 09:30:00
6005203.425607359,0.0,204.0,,1.0,,,,,2027-02-02 09:35:00
6005204.425752919,0.0,205.0,,1.0,,,,,2027-02-02 09:40:00
6005205.425898478,0.0,201.0,,1.0,,,,,2027-02-02 09:45:00
6005206.426044038,0.0,189.0,,1.0,,,,,2027-02-02 09:50:00
6005207.426189597,1.0,,,1.0,,,,,2027-02-02 09:55:00
6005208.426335156,1.0,,,1.0,,,,,2027-02-02 10:00:00
6005209.426480715,1.0,,,1.0,,,,,2027-02-02 10:05:00
6005210.426626274,1.0,,,1.0,,,,,2027-02-02 10:10:00
6005211.4267718345,1.0,,,1.0,,,,,2027-02-02 10:15:00
6005212.426917394,1.0,,,1.0,,,,,2027-02-02 10:20:00
6005213.427062953,1.0,,,1.0,,,,,2027-02-02 10:25:00
6005214.427208512,1.0,,,1.0,,,,,2027-02-02 10:30:00
6005215.427354071,1.0,,,1.0,,,,,2027-02-02 10:35:00
6005216.4274996305,1.0,,,1.0,,,,,2027-02-02 10:40:00
6005217.42764519,1.0,,,1.0,,,,,2027-02-02 10:45:00
6005218.42779075,1.0,,,1.0,,,,,2027-02-02 10:50:00
6005219.427936309,1.0,,,1.0,,,,,2027-02-02 10:55:00
6005220.428081868,1.0,,,1.0,,,,,2027-02-02 11:00:00
6005221.428227427,1.0,,,1.0,,,,,2027-02-02 11:05:00
6005222.428372987,1.0,,,1.0,,,,,2027-02-02 11:10:00
6005223.428518546,1.0,,,1.0,,,,11.0,2027-02-02 11:15:00
6005224.428664105,1.0,,,1.0,,,,,2027-02-02 11:20:00
6005225.428809665,1.0,,,1.0,,,,,2027-02-02 11:25:00
6005226.428955224,1.0,,,1.0,,,,,2027-02-02 11:30:00
6005227.429100784,1.0,,,1.0,,,,,2027-02-02 11:35:00
6005228.429246343,1.0,,,1.0,,,,,2027-02-02 11:40:00
6005229.429391902,1.0,,,1.0,,,,,2027-02-02 11:45:00
6005230.429537461,1.0,,,1.0,,,,,2027-02-02 11:50:00
6005231.42968302,1.0,,,1.0,,,,,2027-02-02 11:55:00
6005232.4298285805,1.0,,,1.0,,,,,2027-02-02 12:00:00
6005233.42997414,1.0,,,1.0,,,,,2027-02-02 12:05:00
6005234.430119699,1.0,,,1.0,,,,,2027-02-02 12:10:00
6005235.430265258,1.0,,,1.0,,,,,2027-02-02 12:15:00
6005236.430410817,1.0,,,1.0,,,,,2027-02-02 12:20:00
6005237.430556376,1.0,,,1.0,,,,,2027-02-02 12:25:00
6005238.430701936,1.0,,,1.0,,,,,2027-02-02 12:30:00
6005239.430847496,1.0,,,1.0,,,,,2027-02-02 12:35:00
6005240.430993055,1.0,,,1.0,,,,,2027-02-02 12:40:00
6005241.431138614,1.0,,,1.0,,,,,2027-02-02 12:45:00
6005242.431284173,1.0,,,1.0,,,,,2027-02-02 12:50:00
6005243.431429733,1.0,,,1.0,,,,,2027-02-02 12:55:00
6005244.431575292,1.0,,,1.0,,,,,2027-02-02 13:00:00
6005245.431720851,1.0,,,1.0,,,,,2027-02-02 13:05:00
6005246.431866411,1.0,,,1.0,,,,,2027-02-02 13:10:00
6005247.43201197,1.0,,,1.0,,,,,2027-02-02 13:15:00
6005248.4321575295,1.0,,,1.0,,,,,2027-02-02 13:20:00
6005249.432303089,1.0,,,1.0,,,,,2027-02-02 13:25:00
6005250.432448648,1.0,,53.0,1.0,,,,3.6,2027-02-02 13:30:00
6005251.432594207,1.0,,,1.0,,,,,2027-02-02 13:35:00
6005252.432739766,0.0,52.0,53.0,1.0,,,,,2027-02-02 13:40:00
6005253.432885326,0.0,52.0,,1.0,,,,,2027-02-02 13:45:00
6005254.433030886,0.0,53.0,,1.0,,,,,2027-02-02 13:50:00
6005255.433176445,0.0,56.0,,1.0,,,,,2027-02-02 13:55:00
6005256.433322004,0.0,64.0,,1.0,,,,,2027-02-02 14:00:00
6005257.433467563,0.0,72.0,,1.0,,,,,2027-02-02 14:05:00
6005258.433613122,0.0,81.0,,1.0,,,,,2027-02-02 14:10:00
6005259.433758682,0.0,87.0,,1.0,,,,,2027-02-02 14:15:00
6005260.433904242,0.0,90.0,,1.0,,,,,2027-02-02 14:20:00
6005261.434049801,0.0,92.0,,1.0,,,,,2027-02-02 14:25:00
6005262.43419536,0.0,96.0,,1.0,,,,,2027-02-02 14:30:00
6005263.434340919,0.0,104.0,,1.0,,,,,2027-02-02 14:35:00
6005264.434486479,0.0,111.0,,1.0,,,,,2027-02-02 14:40:00
6005265.434632038,0.0,118.0,,1.0,,,,,2027-02-02 14:45:00
6005266.434777597,0.0,127.0,,1.0,,,,,2027-02-02 14:50:00
6005267.434923157,0.0,136.0,,1.0,,,,,2027-02-02 14:55:00
6005268.435068716,0.0,144.0,,0.0,,,,,2027-02-02 15:00:00
6005269.4352142755,0.0,150.0,,0.0,,,,,2027-02-02 15:05:00
6005270.435359835,0.0,154.0,,0.0,,,,,2027-02-02 15:10:00
6005271.435505394,0.0,155.0,,0.0,,,,,2027-02-02 15:15:00
6005272.435650953,0.0,158.0,,0.0,,,,,2027-02-02 15:20:00
6005273.435796512,0.0,165.0,,0.0,,,,,2027-02-02 15:25:00
6005274.435942072,0.0,175.0,,0.0,,,,,2027-02-02 15:30:00
6005275.436087632,0.0,188.0,,0.0,,,,,2027-02-02 15:35:00
6005276.436233191,0.0,201.0,,0.0,,,,,2027-02-02 15:40:00
6005277.43637875,0.0,211.0,,0.0,,,,,2027-02-02 15:45:00
6005278.436524309,0.0,219.0,,0.0,,,,,2027-02-02 15:50:00
6005279.436669868,0.0,226.0,,0.0,,,,,2027-02-02 15:55:00
6005280.436815428,0.0,232.0,,0.0,,,,,2027-02-02 16:00:00
6005281.436960988,0.0,236.0,,0.0,,,,,2027-02-02 16:05:00
6005282.437106547,0.0,244.0,,0.0,,,,,2027-02-02 16:10:00
6005283.437252106,0.0,254.0,,0.0,,,,,2027-02-02 16:15:00
6005284.437397665,0.0,267.0,,0.0,,,,,2027-02-02 16:20:00
6005285.437543225,0.0,281.0,,1.0,,,,,2027-02-02 16:25:00
6005286.437688784,0.0,297.0,,1.0,,,,,2027-02-02 16:30:00
6005287.437834343,0.0,309.0,,1.0,,,,,2027-02-02 16:35:00
6005288.437979903,0.0,319.0,,1.0,,,,,2027-02-02 16:40:00
6005289.438125462,0.0,325.0,327.0,1.0,,,,20.7,2027-02-02 16:45:00
6005290.4382710215,0.0,328.0,,1.0,,,,,2027-02-02 16:50:00
6005291.438416581,0.0,329.0,,1.0,,,,,2027-02-02 16:55:00
6005292.43856214,0.0,328.0,,1.0,,,,,2027-02-02 17:00:00
6005293.438707699,0.0,324.0,,1.0,,,,,2027-02-02 17:05:00
6005294.438853258,0.0,319.0,,1.0,,,,,2027-02-02 17:10:00
6005295.438998818,0.0,309.0,,1.0,,,,,2027-02-02 17:15:00
6005296.439144378,0.0,300.0,,1.0,,,,,2027-02-02 17:20:00
6005297.439289937,0.0,292.0,,1.0,,,,,2027-02-02 17:25:00
6005298.439435496,0.0,285.0,,1.0,,,,,2027-02-02 17:30:00
6005299.439581055,0.0,283.0,,1.0,,,,,2027-02-02 17:35:00
6005300.439726614,0.0,275.0,,1.0,,,,,2027-02-02 17:40:00
6005301.439872174,0.0,266.0,,1.0,,,,,2027-02-02 17:45:00
6005302.440017734,0.0,263.0,,1.0,,,,,2027-02-02 17:50:00
6005303.440163293,0.0,260.0,,1.0,,,,,2027-02-02 17:55:00
6005304.440308852,0.0,257.0,,1.0,,,,,2027-02-02 18:00:00
6005305.440454411,0.0,254.0,,1.0,,,,,2027-02-02 18:05:00
6005306.4405999705,0.0,253.0,,1.0,,,,,2027-02-02 18:10:00
6005307.44074553,0.0,249.0,,1.0,,,,,2027-02-02 18:15:00
6005308.440891089,0.0,252.0,,1.0,,,,,2027-02-02 18:20:00
6005309.441036649,0.0,256.0,,1.0,,,,,2027-02-02 18:25:00
6005310.441182208,0.0,259.0,,1.0,,,,,2027-02-02 18:30:00
6005311.441327767,0.0,260.0,,1.0,,,,,2027-02-02 18:35:00
6005312.441473327,0.0,264.0,,1.0,,,,,2027-02-02 18:40:00
6005313.441618886,0.0,269.0,,1.0,,,,,2027-02-02 18:45:00
6005314.441764445,0.0,274.0,,1.0,,,,,2027-02-02 18:50:00
6005315.441910004,0.0,278.0,276.0,1.0,,,,11.3,2027-02-02 18:55:00
6005316.442055564,0.0,276.0,,1.0,,,,,2027-02-02 19:00:00
6005317.442201124,0.0,269.0,,1.0,,,,,2027-02-02 19:05:00
6005318.442346683,0.0,259.0,,1.0,,,,,2027-02-02 19:10:00
6005319.442492242,0.0,251.0,,1.0,,,,,2027-02-02 19:15:00
6005320.442637801,0.0,246.0,,1.0,,,,,2027-02-02 19:20:00
6005321.44278336,0.0,243.0,,1.0,,,,,2027-02-02 19:25:00
6005322.44292892,0.0,246.0,,1.0,,,,,2027-02-02 19:30:00
6005323.44307448,0.0,246.0,246.0,1.0,,,,20.1,2027-02-02 19:35:00
6005324.443220039,0.0,245.0,,1.0,,,,,2027-02-02 19:40:00
6005325.443365598,0.0,244.0,,1.0,,,,,2027-02-02 19:45:00
6005326.443511157,0.0,243.0,,1.0,,,,,2027-02-02 19:50:00
6005327.4436567165,0.0,236.0,,1.0,,,,,2027-02-02 19:55:00
6005328.443802276,0.0,235.0,,1.0,,,,,2027-02-02 20:00:00
6005329.443947835,0.0,238.0,,1.0,,,,,2027-02-02 20:05:00
6005330.444093395,0.0,242.0,,1.0,,,,,2027-02-02 20:10:00
6005331.444238954,0.0,245.0,,1.0,,,,,2027-02-02 20:15:00
6005332.444384513,0.0,246.0,,1.0,,,,,2027-02-02 20:20:00
6005333.444530073,0.0,248.0,,1.0,,,,,2027-02-02 20:25:00
6005334.444675632,0.0,250.0,,1.0,,,,,2027-02-02 20:30:00
6005335.444821191,0.0,251.0,,1.0,,,,,2027-02-02 20:35:00
6005336.44496675,0.0,252.0,,1.0,,,,,2027-02-02 20:40:00
6005337.44511231,0.0,240.0,,1.0,,,,,2027-02-02 20:45:00
6005338.44525787,0.0,215.0,,1.0,,,,,2027-02-02 20:50:00
6005339.445403429,0.0,205.0,,1.0,,,,,2027-02-02 20:55:00
6005340.445548988,0.0,215.0,,1.0,,,,,2027-02-02 21:00:00
6005341.445694547,0.0,223.0,,1.0,,,,,2027-02-02 21:05:00
6005342.445840106,0.0,228.0,,1.0,,,,,2027-02-02 21:10:00
6005343.445985666,0.0,232.0,,1.0,,,,,2027-02-02 21:15:00
6005344.446131226,0.0,236.0,,1.0,,,,,2027-02-02 21:20:00
6005345.446276785,0.0,240.0,,1.0,,,,,2027-02-02 21:25:00
6005346.446422344,0.0,245.0,,1.0,,,,,2027-02-02 21:30:00
6005347.446567903,0.0,248.0,,1.0,,,,,2027-02-02 21:35:00
6005348.4467134625,0.0,249.0,,1.0,,,,,2027-02-02 21:40:00
6005349.446859022,0.0,249.0,,1.0,,,,,2027-02-02 21:45:00
6005350.447004581,0.0,241.0,256.0,1.0,,,,20.0,2027-02-02 21:50:00
6005351.447150141,0.0,233.0,,1.0,,,,,2027-02-02 21:55:00
6005352.4472957,0.0,253.0,256.0,1.0,,,,,2027-02-02 22:00:00
6005353.447441259,0.0,257.0,,1.0,,,,,2027-02-02 22:05:00
6005354.447586819,0.0,250.0,,1.0,,,,,2027-02-02 22:10:00
6005355.447732378,0.0,249.0,,1.0,,,,,2027-02-02 22:15:00
6005356.447877937,0.0,259.0,,1.0,,,,,2027-02-02 22:20:00
6005357.448023496,0.0,268.0,,1.0,,,,,2027-02-02 22:25:00
6005358.448169056,0.0,276.0,,1.0,,,,,2027-02-02 22:30:00
6005359.4483146155,0.0,281.0,,1.0,,,,,2027-02-02 22:35:00
6005360.448460175,0.0,284.0,,1.0,,,,,2027-02-02 22:40:00
6005361.448605734,0.0,285.0,,1.0,,,,,2027-02-02 22:45:00
6005362.448751293,0.0,283.0,,1.0,,,,,2027-02-02 22:50:00
6005363.448896852,0.0,280.0,,1.0,,,,,2027-02-02 22:55:00
6005364.4490424115,0.0,276.0,,1.0,,,,,2027-02-02 23:00:00
6005365.449187972,0.0,268.0,,1.0,,,,,2027-02-02 23:05:00
6005366.449333531,0.0,251.0,268.0,1.0,,,,10.0,2027-02-02 23:10:00
6005367.44947909,0.0,244.0,,1.0,,,,,2027-02-02 23:15:00
6005368.449624649,0.0,238.0,,1.0,,,,,2027-02-02 23:20:00
6005369.449770208,0.0,231.0,,1.0,,,,,2027-02-02 23:25:00
6005370.449915768,0.0,224.0,,1.0,,,,,2027-02-02 23:30:00
6005371.450061327,0.0,217.0,,1.0,,,,,2027-02-02 23:35:00
6005372.450206887,0.0,209.0,,1.0,,,,,2027-02-02 23:40:00
6005373.450352446,0.0,198.0,,1.0,,,,,2027-02-02 23:45:00
6005374.450498005,0.0,185.0,,1.0,,,,,2027-02-02 23:50:00
6005375.450643565,0.0,173.0,,1.0,,,,,2027-02-02 23:55:00
6005376.450789124,0.0,165.0,,1.0,,,,,2027-02-03 00:00:00
6005377.450934683,0.0,158.0,,1.0,,,,,2027-02-03 00:05:00
6005378.451080242,0.0,150.0,,1.0,,,,,2027-02-03 00:10:00
6005379.451225802,0.0,143.0,,1.0,,,,,2027-02-03 00:15:00
6005380.4513713615,0.0,137.0,,1.0,,,,,2027-02-03 00:20:00
6005381.451516921,0.0,112.0,,1.0,,,,,2027-02-03 00:25:00
6005382.45166248,0.0,105.0,,1.0,,,,,2027-02-03 00:30:00
6005383.451808039,0.0,100.0,,1.0,,,,,2027-02-03 00:35:00
6005384.451953598,0.0,98.0,,1.0,,,,,2027-02-03 00:40:00
6005385.4520991575,0.0,95.0,,1.0,,,,,2027-02-03 00:45:00
6005386.452244718,0.0,94.0,,1.0,,,,,2027-02-03 00:50:00
6005387.452390277,0.0,95.0,,1.0,,,,,2027-02-03 00:55:00
6005388.452535836,0.0,99.0,,1.0,,,,,2027-02-03 01:00:00
6005389.452681395,0.0,104.0,,1.0,,,,,2027-02-03 01:05:00
6005390.452826954,0.0,108.0,,1.0,,,,,2027-02-03 01:10:00
6005391.452972514,0.0,111.0,,1.0,,,,,2027-02-03 01:15:00
6005392.453118073,0.0,112.0,,1.0,,,,,2027-02-03 01:20:00
6005393.453263633,0.0,113.0,,1.0,,,,,2027-02-03 01:25:00
6005394.453409192,0.0,110.0,,1.0,,,,,2027-02-03 01:30:00
6005395.453554751,0.0,107.0,,1.0,,,,,2027-02-03 01:35:00
6005396.453700311,0.0,104.0,,1.0,,,,,2027-02-03 01:40:00
6005397.45384587,0.0,101.0,,1.0,,,,,2027-02-03 01:45:00
6005398.453991429,0.0,96.0,,1.0,,,,,2027-02-03 01:50:00
6005399.454136988,0.0,92.0,,1.0,,,,,2027-02-03 01:55:00
6005400.454282548,0.0,89.0,,1.0,,,,,2027-02-03 02:00:00
6005401.4544281075,0.0,91.0,,1.0,,,,,2027-02-03 02:05:00
6005402.454573667,0.0,92.0,,1.0,,,,,2027-02-03 02:10:00
6005403.454719226,0.0,92.0,,1.0,,,,,2027-02-03 02:15:00
6005404.454864785,0.0,89.0,,1.0,,,,,2027-02-03 02:20:00
6005405.455010344,0.0,95.0,,1.0,,,,,2027-02-03 02:25:00
6005406.4551559035,0.0,96.0,,1.0,,,,,2027-02-03 02:30:00
6005407.455301464,0.0,95.0,,1.0,,,,,2027-02-03 02:35:00
6005408.455447023,0.0,94.0,,1.0,,,,,2027-02-03 02:40:00
6005409.455592582,0.0,94.0,,1.0,,,,,2027-02-03 02:45:00
6005410.455738141,0.0,92.0,,1.0,,,,,2027-02-03 02:50:00
6005411.4558837,0.0,90.0,,1.0,,,,,2027-02-03 02:55:00
6005412.45602926,0.0,89.0,,1.0,,,,,2027-02-03 03:00:00
6005413.456174819,0.0,86.0,,1.0,,,,,2027-02-03 03:05:00
6005414.456320379,0.0,84.0,,1.0,,,,,2027-02-03 03:10:00
6005415.456465938,0.0,83.0,,1.0,,,,,2027-02-03 03:15:00
6005416.456611497,0.0,83.0,,1.0,,,,,2027-02-03 03:20:00
6005417.4567570565,0.0,83.0,,1.0,,,,,2027-02-03 03:25:00
6005418.456902616,0.0,82.0,,1.0,,,,,2027-02-03 03:30:00
6005419.457048175,0.0,83.0,,1.0,,,,,2027-02-03 03:35:00
6005420.457193734,0.0,84.0,,1.0,,,,,2027-02-03 03:40:00
6005421.457339294,0.0,85.0,,1.0,,,,,2027-02-03 03:45:00
6005422.457484853,0.0,86.0,,1.0,,,,,2027-02-03 03:50:00
6005423.457630413,0.0,87.0,,1.0,,,,,2027-02-03 03:55:00
6005424.457775972,0.0,88.0,,1.0,,,,,2027-02-03 04:00:00
6005425.457921531,0.0,89.0,,1.0,,,,,2027-02-03 04:05:00
6005426.45806709,0.0,92.0,,1.0,,,,,2027-02-03 04:10:00
6005427.458212649,0.0,93.0,,1.0,,,,,2027-02-03 04:15:00
6005428.45835821,0.0,94.0,,1.0,,,,,2027-02-03 04:20:00
6005429.458503769,0.0,95.0,,1.0,,,,,2027-02-03 04:25:00
6005430.458649328,0.0,95.0,,1.0,,,,,2027-02-03 04:30:00
6005431.458794887,0.0,94.0,,1.0,,,,,2027-02-03 04:35:00
6005432.458940446,0.0,95.0,,1.0,,,,,2027-02-03 04:40:00
6005433.459086006,0.0,95.0,,1.0,,,,,2027-02-03 04:45:00
6005434.459231565,0.0,95.0,,1.0,,,,,2027-02-03 04:50:00
6005435.459377125,0.0,95.0,,1.0,,,,,2027-02-03 04:55:00
6005436.459522684,0.0,95.0,,1.0,,,,,2027-02-03 05:00:00
6005437.459668243,0.0,95.0,,1.0,,,,,2027-02-03 05:05:00
6005438.4598138025,0.0,95.0,,1.0,,,,,2027-02-03 05:10:00
6005439.459959362,0.0,96.0,,1.0,,,,,2027-02-03 05:15:00
6005440.460104921,0.0,97.0,,1.0,,,,,2027-02-03 05:20:00
6005441.46025048,0.0,98.0,,1.0,,,,,2027-02-03 05:25:00
6005442.46039604,0.0,100.0,,1.0,,,,,2027-02-03 05:30:00
6005443.460541599,0.0,103.0,,1.0,,,,,2027-02-03 05:35:00
6005444.460687159,0.0,108.0,,1.0,,,,,2027-02-03 05:40:00
6005445.460832718,0.0,111.0,,1.0,,,,,2027-02-03 05:45:00
6005446.460978277,0.0,112.0,,1.0,,,,,2027-02-03 05:50:00
6005447.461123836,0.0,111.0,,1.0,,,,,2027-02-03 05:55:00
6005448.461269395,0.0,116.0,,1.0,,,,,2027-02-03 06:00:00
6005449.461414956,0.0,121.0,,1.0,,,,,2027-02-03 06:05:00
6005450.461560515,0.0,114.0,,1.0,,,,,2027-02-03 06:10:00
6005451.461706074,0.0,104.0,,0.0,,,,,2027-02-03 06:15:00
6005452.461851633,0.0,109.0,,0.0,,,,,2027-02-03 06:20:00
6005453.461997192,0.0,116.0,,0.0,,,,,2027-02-03 06:25:00
6005454.462142752,0.0,128.0,,0.0,,,,,2027-02-03 06:30:00
6005455.462288311,0.0,138.0,,0.0,,,,,2027-02-03 06:35:00
6005456.462433871,0.0,148.0,,0.0,,,,,2027-02-03 06:40:00
6005457.46257943,0.0,152.0,,1.0,,,,,2027-02-03 06:45:00
6005458.462724989,0.0,153.0,152.0,1.0,,,,3.2,2027-02-03 06:50:00
6005459.4628705485,0.0,157.0,,1.0,,,,,2027-02-03 06:55:00
6005460.463016108,0.0,164.0,,1.0,,,,,2027-02-03 07:00:00
6005461.463161667,0.0,164.0,,1.0,,,,,2027-02-03 07:05:00
6005462.463307226,0.0,173.0,,1.0,,,,,2027-02-03 07:10:00
6005463.463452786,0.0,182.0,,1.0,,,,,2027-02-03 07:15:00
6005464.463598345,0.0,189.0,221.0,1.0,,,,14.3,2027-02-03 07:20:00
6005465.463743905,0.0,195.0,,1.0,,,,,2027-02-03 07:25:00
6005466.463889464,1.0,,,1.0,,,,,2027-02-03 07:30:00
6005467.464035023,1.0,,,1.0,,,,,2027-02-03 07:35:00
6005468.464180582,1.0,,,1.0,,,,,2027-02-03 07:40:00
6005469.464326141,1.0,,,1.0,,,,,2027-02-03 07:45:00
6005470.4644717015,1.0,,,1.0,,,,,2027-02-03 07:50:00
6005471.464617261,1.0,,,1.0,,,,,2027-02-03 07:55:00
6005472.46476282,1.0,,,1.0,,,,,2027-02-03 08:00:00
6005473.464908379,1.0,,,1.0,,,,,2027-02-03 08:05:00
6005474.465053938,1.0,,,1.0,,,,,2027-02-03 08:10:00
6005475.4651994975,1.0,,,1.0,,,,,2027-02-03 08:15:00
6005476.465345057,1.0,,,1.0,,,,,2027-02-03 08:20:00
6005477.465490617,1.0,,,1.0,,,,,2027-02-03 08:25:00
6005478.465636176,1.0,,,1.0,,,,,2027-02-03 08:30:00
6005479.465781735,1.0,,,1.0,,,,,2027-02-03 08:35:00
6005480.465927294,1.0,,,1.0,,,,,2027-02-03 08:40:00
6005481.466072854,1.0,,,1.0,,,,,2027-02-03 08:45:00
6005482.466218413,1.0,,,1.0,,,,,2027-02-03 08:50:00
6005483.466363972,1.0,,,1.0,,,,,2027-02-03 08:55:00
6005484.466509531,1.0,,,1.0,,,,,2027-02-03 09:00:00
6005485.466655091,1.0,,,1.0,,,,,2027-02-03 09:05:00
6005486.466800651,1.0,,,1.0,,,,,2027-02-03 09:10:00
6005487.46694621,1.0,,,1.0,,,,,2027-02-03 09:15:00
6005488.467091769,1.0,,,1.0,,,,,2027-02-03 09:20:00
6005489.467237328,1.0,,,1.0,,,,15.0,2027-02-03 09:25:00
6005490.467382887,1.0,,,1.0,,,,,2027-02-03 09:30:00
6005491.467528447,1.0,,,1.0,,,,,2027-02-03 09:35:00
6005492.467674007,1.0,,,1.0,,,,,2027-02-03 09:40:00
6005493.467819566,1.0,,,1.0,,,,,2027-02-03 09:45:00
6005494.467965125,1.0,,,1.0,,,,,2027-02-03 09:50:00
6005495.468110684,1.0,,,1.0,,,,,2027-02-03 09:55:00
6005496.4682562435,1.0,,,1.0,,,,,2027-02-03 10:00:00
6005497.468401803,1.0,,,1.0,,,,,2027-02-03 10:05:00
6005498.468547362,1.0,,,1.0,,,,,2027-02-03 10:10:00
6005499.468692922,1.0,,,1.0,,,,,2027-02-03 10:15:00
6005500.468838481,1.0,,,1.0,,,,,2027-02-03 10:20:00
6005501.46898404,1.0,,,1.0,,,,,2027-02-03 10:25:00
6005502.4691296,1.0,,,1.0,,,,,2027-02-03 10:30:00
6005503.469275159,1.0,,,1.0,,,,,2027-02-03 10:35:00
6005504.469420718,1.0,,,1.0,,,,,2027-02-03 10:40:00
6005505.469566277,1.0,,,1.0,,,,,2027-02-03 10:45:00
6005506.469711837,1.0,,,1.0,,,,,2027-02-03 10:50:00
6005507.469857397,1.0,,,1.0,,,,,2027-02-03 10:55:00
6005508.470002956,1.0,,,1.0,,,,,2027-02-03 11:00:00
6005509.470148515,1.0,,,1.0,,,,,2027-02-03 11:05:00
6005510.470294074,1.0,,,1.0,,,,,2027-02-03 11:10:00
6005511.470439633,1.0,,,1.0,,,,,2027-02-03 11:15:00
6005512.470585193,1.0,,,1.0,,,,,2027-02-03 11:20:00
6005513.470730753,1.0,,,1.0,,,,,2027-02-03 11:25:00
6005514.470876312,1.0,,,1.0,,,,,2027-02-03 11:30:00
6005515.471021871,1.0,,,1.0,,,,,2027-02-03 11:35:00
6005516.47116743,1.0,,,1.0,,,,,2027-02-03 11:40:00
6005517.4713129895,1.0,,,1.0,,,,,2027-02-03 11:45:00
6005518.471458549,1.0,,,1.0,,,,,2027-02-03 11:50:00
6005519.471604108,1.0,,,1.0,,,,,2027-02-03 11:55:00
6005520.471749668,1.0,,,1.0,,,,,2027-02-03 12:00:00
6005521.471895227,1.0,,,1.0,,,,,2027-02-03 12:05:00
6005522.472040786,1.0,,,1.0,,,,,2027-02-03 12:10:00
6005523.472186346,1.0,,,1.0,,,,,2027-02-03 12:15:00
6005524.472331905,1.0,,,1.0,,,,,2027-02-03 12:20:00
6005525.472477464,1.0,,,1.0,,,,,2027-02-03 12:25:00
6005526.472623023,1.0,,,1.0,,,,,2027-02-03 12:30:00
6005527.472768583,1.0,,,1.0,,,,,2027-02-03 12:35:00
6005528.4729141425,1.0,,,1.0,,,,,2027-02-03 12:40:00
6005529.473059702,1.0,,,1.0,,,,,2027-02-03 12:45:00
6005530.473205261,1.0,,,1.0,,,,,2027-02-03 12:50:00
6005531.47335082,1.0,,,1.0,,,,,2027-02-03 12:55:00
6005532.473496379,1.0,,,1.0,,,,,2027-02-03 13:00:00
6005533.4736419385,1.0,,,1.0,,,,,2027-02-03 13:05:00
6005534.473787499,1.0,,,1.0,,,,,2027-02-03 13:10:00
6005535.473933058,1.0,,,1.0,,,,,2027-02-03 13:15:00
6005536.474078617,1.0,,,1.0,,,,,2027-02-03 13:20:00
6005537.474224176,1.0,,,1.0,,,,,2027-02-03 13:25:00
6005538.474369735,1.0,,,1.0,,,,,2027-02-03 13:30:00
6005539.474515295,1.0,,,1.0,,,,,2027-02-03 13:35:00
6005540.474660854,1.0,,,1.0,,,,,2027-02-03 13:40:00
6005541.474806414,1.0,,,1.0,,,,15.5,2027-02-03 13:45:00
6005542.474951973,1.0,,,1.0,,,,,2027-02-03 13:50:00
6005543.475097532,1.0,,,1.0,,,,,2027-02-03 13:55:00
6005544.475243092,1.0,,,1.0,,,,,2027-02-03 14:00:00
6005545.475388651,1.0,,,1.0,,,,,2027-02-03 14:05:00
6005546.47553421,1.0,,,1.0,,,,,2027-02-03 14:10:00
6005547.475679769,1.0,,,1.0,,,,,2027-02-03 14:15:00
6005548.475825329,1.0,,,1.0,,,,,2027-02-03 14:20:00
6005549.4759708885,1.0,,,1.0,,,,,2027-02-03 14:25:00
6005550.476116448,1.0,,,1.0,,,,,2027-02-03 14:30:00
6005551.476262007,1.0,,,1.0,,,,,2027-02-03 14:35:00
6005552.476407566,1.0,,,1.0,,,,,2027-02-03 14:40:00
6005553.476553125,1.0,,,1.0,,,,,2027-02-03 14:45:00
6005554.4766986845,1.0,,,1.0,,,,,2027-02-03 14:50:00
6005555.476844245,1.0,,,1.0,,,,,2027-02-03 14:55:00
6005556.476989804,1.0,,,1.0,,,,,2027-02-03 15:00:00
6005557.477135363,1.0,,,1.0,,,,,2027-02-03 15:05:00
6005558.477280922,1.0,,,1.0,,,,,2027-02-03 15:10:00
6005559.477426481,1.0,,,1.0,,,,,2027-02-03 15:15:00
6005560.477572041,1.0,,,1.0,,,,,2027-02-03 15:20:00
6005561.4777176,1.0,,,1.0,,,,,2027-02-03 15:25:00
6005562.47786316,1.0,,,1.0,,,,,2027-02-03 15:30:00
6005563.478008719,1.0,,,1.0,,,,,2027-02-03 15:35:00
6005564.478154278,1.0,,,1.0,,,,,2027-02-03 15:40:00
6005565.478299838,1.0,,,1.0,,,,,2027-02-03 15:45:00
6005566.478445397,1.0,,,1.0,,,,,2027-02-03 15:50:00
6005567.478590956,1.0,,,1.0,,,,,2027-02-03 15:55:00
6005568.478736515,1.0,,,1.0,,,,,2027-02-03 16:00:00
6005569.478882075,1.0,,,1.0,,,,,2027-02-03 16:05:00
6005570.4790276345,1.0,,,1.0,,,,,2027-02-03 16:10:00
6005571.479173194,1.0,,,1.0,,,,,2027-02-03 16:15:00
6005572.479318753,1.0,,,1.0,,,,,2027-02-03 16:20:00
6005573.479464312,1.0,,,1.0,,,,,2027-02-03 16:25:00
6005574.479609871,1.0,,,1.0,,,,,2027-02-03 16:30:00
6005575.4797554305,1.0,,,1.0,,,,,2027-02-03 16:35:00
6005576.479900991,1.0,,,1.0,,,,,2027-02-03 16:40:00
6005577.48004655,1.0,,,1.0,,,,,2027-02-03 16:45:00
6005578.480192109,1.0,,,1.0,,,,,2027-02-03 16:50:00
6005579.480337668,1.0,,,1.0,,,,,2027-02-03 16:55:00
6005580.480483227,1.0,,,1.0,,,,,2027-02-03 17:00:00
6005581.480628787,1.0,,,1.0,,,,,2027-02-03 17:05:00
6005582.480774346,1.0,,,1.0,,,,,2027-02-03 17:10:00
6005583.480919906,1.0,,,1.0,,,,,2027-02-03 17:15:00
6005584.481065465,1.0,,,1.0,,,,,2027-02-03 17:20:00
6005585.481211024,1.0,,,1.0,,,,,2027-02-03 17:25:00
6005586.481356584,1.0,,,1.0,,,,,2027-02-03 17:30:00
6005587.481502143,1.0,,,1.0,,,,,2027-02-03 17:35:00
6005588.481647702,1.0,,,1.0,,,,,2027-02-03 17:40:00
6005589.481793261,1.0,,,1.0,,,,,2027-02-03 17:45:00
6005590.481938821,1.0,,,1.0,,,,,2027-02-03 17:50:00
6005591.48208438,1.0,,,1.0,,,,,2027-02-03 17:55:00
6005592.48222994,1.0,,,1.0,,,,,2027-02-03 18:00:00
6005593.482375499,1.0,,,1.0,,,,,2027-02-03 18:05:00
6005594.482521058,1.0,,,1.0,,,,,2027-02-03 18:10:00
6005595.482666617,1.0,,,1.0,,,,,2027-02-03 18:15:00
6005596.482812176,1.0,,,1.0,,,,,2027-02-03 18:20:00
6005597.482957737,1.0,,,1.0,,,,,2027-02-03 18:25:00
6005598.483103296,1.0,,,1.0,,,,,2027-02-03 18:30:00
6005599.483248855,1.0,,,1.0,,,,,2027-02-03 18:35:00
6005600.483394414,1.0,,,1.0,,,,,2027-02-03 18:40:00
6005601.483539973,1.0,,,1.0,,,,,2027-02-03 18:45:00
6005602.483685533,1.0,,,1.0,,,,,2027-02-03 18:50:00
6005603.483831092,1.0,,,1.0,,,,,2027-02-03 18:55:00
6005604.483976652,1.0,,,1.0,,,,,2027-02-03 19:00:00
6005605.484122211,1.0,,,1.0,,,,,2027-02-03 19:05:00
6005606.48426777,1.0,,,1.0,,,,,2027-02-03 19:10:00
6005607.4844133295,1.0,,,1.0,,,,,2027-02-03 19:15:00
6005608.484558889,1.0,,,1.0,,,,,2027-02-03 19:20:00
6005609.484704448,1.0,,,1.0,,,,10.5,2027-02-03 19:25:00
6005610.484850007,1.0,,,1.0,,,,,2027-02-03 19:30:00
6005611.484995567,1.0,,,1.0,,,,,2027-02-03 19:35:00
6005612.485141126,1.0,,,1.0,,,,,2027-02-03 19:40:00
6005613.485286686,1.0,,,1.0,,,,,2027-02-03 19:45:00
6005614.485432245,1.0,,,1.0,,,,,2027-02-03 19:50:00
6005615.485577804,1.0,,,1.0,,,,,2027-02-03 19:55:00
6005616.485723363,1.0,,,1.0,,,,,2027-02-03 20:00:00
6005617.485868922,1.0,,,1.0,,,,,2027-02-03 20:05:00
6005618.486014483,1.0,,,1.0,,,,,2027-02-03 20:10:00
6005619.486160042,1.0,,,1.0,,,,,2027-02-03 20:15:00
6005620.486305601,1.0,,,1.0,,,,,2027-02-03 20:20:00
6005621.48645116,1.0,,,1.0,,,,,2027-02-03 20:25:00
6005622.486596719,1.0,,,1.0,,,,,2027-02-03 20:30:00
6005623.486742279,1.0,,,1.0,,,,,2027-02-03 20:35:00
6005624.486887838,1.0,,,1.0,,,,,2027-02-03 20:40:00
6005625.487033398,1.0,,,1.0,,,,,2027-02-03 20:45:00
6005626.487178957,1.0,,,1.0,,,,,2027-02-03 20:50:00
6005627.487324516,1.0,,,1.0,,,,,2027-02-03 20:55:00
6005628.4874700755,1.0,,353.0,1.0,,,,25.0,2027-02-03 21:00:00
6005629.487615635,1.0,,,1.0,,,,,2027-02-03 21:05:00
6005630.487761194,0.0,344.0,353.0,1.0,,,,,2027-02-03 21:10:00
6005631.487906753,0.0,342.0,,1.0,,,,,2027-02-03 21:15:00
6005632.488052313,0.0,344.0,,1.0,,,,,2027-02-03 21:20:00
6005633.488197872,0.0,349.0,,0.0,,,,,2027-02-03 21:25:00
6005634.488343432,0.0,346.0,,0.0,,,,,2027-02-03 21:30:00
6005635.488488991,0.0,341.0,,0.0,,,,,2027-02-03 21:35:00
6005636.48863455,0.0,331.0,,0.0,,,,,2027-02-03 21:40:00
6005637.488780109,0.0,322.0,,0.0,,,,,2027-02-03 21:45:00
6005638.488925668,0.0,319.0,,0.0,,,,,2027-02-03 21:50:00
6005639.489071229,0.0,311.0,,1.0,,,,,2027-02-03 21:55:00
6005640.489216788,0.0,299.0,,1.0,,,,,2027-02-03 22:00:00
6005641.489362347,0.0,288.0,,1.0,,,,,2027-02-03 22:05:00
6005642.489507906,0.0,288.0,,1.0,,,,,2027-02-03 22:10:00
6005643.489653465,0.0,292.0,,1.0,,,,,2027-02-03 22:15:00
6005644.489799025,0.0,296.0,,1.0,,,,,2027-02-03 22:20:00
6005645.489944584,0.0,298.0,,1.0,,,,,2027-02-03 22:25:00
6005646.490090144,0.0,297.0,,1.0,,,,,2027-02-03 22:30:00
6005647.490235703,0.0,295.0,,1.0,,,,,2027-02-03 22:35:00
6005648.490381262,0.0,294.0,,1.0,,,,,2027-02-03 22:40:00
6005649.490526821,0.0,296.0,,1.0,,,,,2027-02-03 22:45:00
6005650.490672381,0.0,297.0,,1.0,,,,,2027-02-03 22:50:00
6005651.49081794,0.0,298.0,,1.0,,,,,2027-02-03 22:55:00
6005652.490963499,0.0,301.0,,1.0,,,,,2027-02-03 23:00:00
6005653.491109059,0.0,303.0,,1.0,,,,,2027-02-03 23:05:00
6005654.491254618,0.0,302.0,,1.0,,,,,2027-02-03 23:10:00
6005655.491400178,0.0,299.0,,1.0,,,,,2027-02-03 23:15:00
6005656.491545737,0.0,298.0,,1.0,,,,,2027-02-03 23:20:00
6005657.491691296,0.0,299.0,,1.0,,,,,2027-02-03 23:25:00
6005658.491836855,0.0,294.0,305.0,1.0,,,,13.2,2027-02-03 23:30:00
6005659.491982414,0.0,278.0,,1.0,,,,,2027-02-03 23:35:00
6005660.4921279745,0.0,262.0,,1.0,,,,,2027-02-03 23:40:00
6005661.492273534,0.0,249.0,,1.0,,,,,2027-02-03 23:45:00
6005662.492419093,0.0,239.0,,1.0,,,,,2027-02-03 23:50:00
6005663.492564652,0.0,230.0,,1.0,,,,,2027-02-03 23:55:00
6005664.492710211,0.0,226.0,,1.0,,,,,2027-02-04 00:00:00
6005665.4928557705,0.0,220.0,,1.0,,,,,2027-02-04 00:05:00
6005666.49300133,0.0,196.0,,1.0,,,,,2027-02-04 00:10:00
6005667.49314689,0.0,167.0,,1.0,,,,,2027-02-04 00:15:00
6005668.493292449,0.0,146.0,,1.0,,,,,2027-02-04 00:20:00
6005669.493438008,0.0,133.0,,1.0,,,,,2027-02-04 00:25:00
6005670.493583567,0.0,143.0,,1.0,,,,,2027-02-04 00:30:00
6005671.493729127,0.0,144.0,,1.0,,,,,2027-02-04 00:35:00
6005672.493874686,0.0,136.0,,1.0,,,,,2027-02-04 00:40:00
6005673.494020245,0.0,129.0,,1.0,,,,,2027-02-04 00:45:00
6005674.494165805,0.0,125.0,,1.0,,,,,2027-02-04 00:50:00
6005675.494311364,0.0,127.0,,1.0,,,,,2027-02-04 00:55:00
6005676.494456924,0.0,132.0,,1.0,,,,,2027-02-04 01:00:00
6005677.494602483,0.0,139.0,,1.0,,,,,2027-02-04 01:05:00
6005678.494748042,0.0,144.0,,1.0,,,,,2027-02-04 01:10:00
6005679.494893601,0.0,146.0,,1.0,,,,,2027-02-04 01:15:00
6005680.49503916,0.0,145.0,,1.0,,,,,2027-02-04 01:20:00
6005681.4951847205,0.0,142.0,,1.0,,,,,2027-02-04 01:25:00
6005682.49533028,0.0,137.0,,1.0,,,,,2027-02-04 01:30:00
6005683.495475839,0.0,132.0,,1.0,,,,,2027-02-04 01:35:00
6005684.495621398,0.0,126.0,,1.0,,,,,2027-02-04 01:40:00
6005685.495766957,0.0,122.0,,1.0,,,,,2027-02-04 01:45:00
6005686.4959125165,0.0,120.0,,1.0,,,,,2027-02-04 01:50:00
6005687.496058076,0.0,118.0,,1.0,,,,,2027-02-04 01:55:00
6005688.496203636,0.0,116.0,,1.0,,,,,2027-02-04 02:00:00
6005689.496349195,0.0,114.0,,1.0,,,,,2027-02-04 02:05:00
6005690.496494754,0.0,114.0,,1.0,,,,,2027-02-04 02:10:00
6005691.496640313,0.0,114.0,,1.0,,,,,2027-02-04 02:15:00
6005692.496785873,0.0,113.0,,1.0,,,,,2027-02-04 02:20:00
6005693.496931432,0.0,112.0,,1.0,,,,,2027-02-04 02:25:00
6005694.497076991,0.0,112.0,,1.0,,,,,2027-02-04 02:30:00
6005695.497222551,0.0,112.0,,1.0,,,,,2027-02-04 02:35:00
6005696.49736811,0.0,112.0,,1.0,,,,,2027-02-04 02:40:00
6005697.49751367,0.0,111.0,,1.0,,,,,2027-02-04 02:45:00
6005698.497659229,0.0,110.0,,1.0,,,,,2027-02-04 02:50:00
6005699.497804788,0.0,109.0,,1.0,,,,,2027-02-04 02:55:00
6005700.497950347,1.0,,,1.0,,,,,2027-02-04 03:00:00
6005701.498095906,1.0,,,1.0,,,,,2027-02-04 03:05:00
6005702.4982414665,1.0,,39.0,1.0,,,,,2027-02-04 03:10:00
6005703.498387026,1.0,,40.0,1.0,,,,,2027-02-04 03:15:00
6005704.498532585,1.0,,,1.0,,,,,2027-02-04 03:20:00
6005705.498678144,1.0,,,1.0,,,,,2027-02-04 03:25:00
6005706.498823703,1.0,,,1.0,,,,,2027-02-04 03:30:00
6005707.4989692625,1.0,,,1.0,,,,,2027-02-04 03:35:00
6005708.499114822,1.0,,,1.0,,,,,2027-02-04 03:40:00
6005709.499260382,1.0,,,1.0,,,,,2027-02-04 03:45:00
6005710.499405941,1.0,,,1.0,,,,,2027-02-04 03:50:00
6005711.4995515,1.0,,,1.0,,,,,2027-02-04 03:55:00
6005712.499697059,1.0,,,1.0,,,,,2027-02-04 04:00:00
6005713.499842619,1.0,,,1.0,,,,,2027-02-04 04:05:00
6005714.499988178,1.0,,,1.0,,,,,2027-02-04 04:10:00
6005715.500133737,1.0,,,1.0,,,,,2027-02-04 04:15:00
6005716.500279297,1.0,,,1.0,,,,,2027-02-04 04:20:00
6005717.500424856,1.0,,,1.0,,,,,2027-02-04 04:25:00
6005718.5005704155,1.0,,,1.0,,,,,2027-02-04 04:30:00
6005719.500715975,1.0,,,1.0,,,,,2027-02-04 04:35:00
6005720.500861534,1.0,,,1.0,,,,,2027-02-04 04:40:00
6005721.501007093,1.0,,,1.0,,,,,2027-02-04 04:45:00
6005722.501152652,1.0,,,1.0,,,,,2027-02-04 04:50:00
6005723.501298212,1.0,,,1.0,,,,,2027-02-04 04:55:00
6005724.501443772,1.0,,,1.0,,,,,2027-02-04 05:00:00
6005725.501589331,1.0,,,1.0,,,,,2027-02-04 05:05:00
6005726.50173489,1.0,,,1.0,,,,,2027-02-04 05:10:00
6005727.501880449,1.0,,,1.0,,,,,2027-02-04 05:15:00
6005728.502026008,1.0,,,1.0,,,,,2027-02-04 05:20:00
6005729.502171568,1.0,,,1.0,,,,,2027-02-04 05:25:00
6005730.502317128,1.0,,,1.0,,,,,2027-02-04 05:30:00
6005731.502462687,1.0,,,1.0,,,,,2027-02-04 05:35:00
6005732.502608246,1.0,,,1.0,,,,,2027-02-04 05:40:00
6005733.502753805,1.0,,,1.0,,,,,2027-02-04 05:45:00
6005734.502899365,1.0,,,1.0,,,,,2027-02-04 05:50:00
6005735.503044924,1.0,,,1.0,,,,,2027-02-04 05:55:00
6005736.503190483,1.0,,,1.0,,,,,2027-02-04 06:00:00
6005737.503336043,1.0,,,1.0,,,,,2027-02-04 06:05:00
6005738.503481602,1.0,,,1.0,,,,,2027-02-04 06:10:00
6005739.5036271615,1.0,,,1.0,,,,,2027-02-04 06:15:00
6005740.503772721,1.0,,,1.0,,,,,2027-02-04 06:20:00
6005741.50391828,1.0,,,1.0,,,,,2027-02-04 06:25:00
6005742.504063839,1.0,,,1.0,,,,,2027-02-04 06:30:00
6005743.504209398,1.0,,,1.0,,,,,2027-02-04 06:35:00
6005744.504354958,1.0,,,1.0,,,,,2027-02-04 06:40:00
6005745.504500518,1.0,,,1.0,,,,,2027-02-04 06:45:00
6005746.504646077,1.0,,,1.0,,,,,2027-02-04 06:50:00
6005747.504791636,1.0,,,1.0,,,,,2027-02-04 06:55:00
6005748.504937195,1.0,,,1.0,,,,,2027-02-04 07:00:00
6005749.505082754,1.0,,,1.0,,,,,2027-02-04 07:05:00
6005750.505228314,1.0,,,1.0,,,,,2027-02-04 07:10:00
6005751.505373874,1.0,,,1.0,,,,,2027-02-04 07:15:00
6005752.505519433,1.0,,,1.0,,,,,2027-02-04 07:20:00
6005753.505664992,1.0,,,1.0,,,,,2027-02-04 07:25:00
6005754.505810551,1.0,,121.0,1.0,,,,,2027-02-04 07:30:00
6005755.505956111,1.0,,,1.0,,,,,2027-02-04 07:35:00
6005756.50610167,0.0,104.0,121.0,1.0,,,,,2027-02-04 07:40:00
6005757.506247229,0.0,105.0,,1.0,,,,,2027-02-04 07:45:00
6005758.506392789,0.0,107.0,,1.0,,,,,2027-02-04 07:50:00
6005759.506538348,0.0,108.0,,1.0,,,,,2027-02-04 07:55:00
6005760.5066839075,0.0,111.0,,1.0,,,,,2027-02-04 08:00:00
6005761.506829467,0.0,113.0,,1.0,,,,,2027-02-04 08:05:00
6005762.506975026,0.0,115.0,,1.0,,,,,2027-02-04 08:10:00
6005763.507120585,0.0,117.0,,1.0,,,,,2027-02-04 08:15:00
6005764.507266144,0.0,119.0,,1.0,,,,,2027-02-04 08:20:00
6005765.507411704,0.0,121.0,,1.0,,,,,2027-02-04 08:25:00
6005766.507557264,0.0,118.0,,1.0,,,,,2027-02-04 08:30:00
6005767.507702823,0.0,117.0,,1.0,,,,,2027-02-04 08:35:00
6005768.507848382,0.0,121.0,,1.0,,,,,2027-02-04 08:40:00
6005769.507993941,0.0,130.0,,1.0,,,,,2027-02-04 08:45:00
6005770.5081395,0.0,141.0,,1.0,,,,,2027-02-04 08:50:00
6005771.50828506,0.0,160.0,,1.0,,,,,2027-02-04 08:55:00
6005772.50843062,0.0,174.0,,1.0,,,,,2027-02-04 09:00:00
6005773.508576179,0.0,182.0,,1.0,,,,,2027-02-04 09:05:00
6005774.508721738,0.0,184.0,187.0,1.0,,,,15.5,2027-02-04 09:10:00
6005775.508867297,0.0,182.0,,1.0,,,,,2027-02-04 09:15:00
6005776.5090128565,0.0,192.0,,1.0,,,,,2027-02-04 09:20:00
6005777.509158416,0.0,191.0,,1.0,,,,,2027-02-04 09:25:00
6005778.509303975,0.0,188.0,,1.0,,,,,2027-02-04 09:30:00
6005779.509449535,0.0,190.0,,1.0,,,,,2027-02-04 09:35:00
6005780.509595094,0.0,194.0,,1.0,,,,,2027-02-04 09:40:00
6005781.509740653,0.0,195.0,,1.0,,,,,2027-02-04 09:45:00
6005782.509886213,0.0,195.0,,1.0,,,,,2027-02-04 09:50:00
6005783.510031772,0.0,188.0,,1.0,,,,,2027-02-04 09:55:00
6005784.510177331,0.0,188.0,,1.0,,,,,2027-02-04 10:00:00
6005785.51032289,0.0,188.0,,1.0,,,,,2027-02-04 10:05:00
6005786.51046845,0.0,179.0,,1.0,,,,,2027-02-04 10:10:00
6005787.51061401,0.0,157.0,,1.0,,,,,2027-02-04 10:15:00
6005788.510759569,0.0,154.0,,1.0,,,,,2027-02-04 10:20:00
6005789.510905128,0.0,174.0,,1.0,,,,,2027-02-04 10:25:00
6005790.511050687,0.0,177.0,,1.0,,,,,2027-02-04 10:30:00
6005791.511196246,0.0,166.0,,1.0,,,,,2027-02-04 10:35:00
6005792.511341806,0.0,167.0,,1.0,,,,,2027-02-04 10:40:00
6005793.511487366,0.0,159.0,,1.0,,,,,2027-02-04 10:45:00
6005794.511632925,0.0,146.0,,1.0,,,,,2027-02-04 10:50:00
6005795.511778484,0.0,142.0,,1.0,,,,,2027-02-04 10:55:00
6005796.511924043,0.0,134.0,,1.0,,,,,2027-02-04 11:00:00
6005797.5120696025,0.0,130.0,,1.0,,,,,2027-02-04 11:05:00
6005798.512215162,0.0,130.0,,1.0,,,,,2027-02-04 11:10:00
6005799.512360721,0.0,118.0,,1.0,,,,,2027-02-04 11:15:00
6005800.512506281,0.0,115.0,,1.0,,,,,2027-02-04 11:20:00
6005801.51265184,0.0,112.0,,1.0,,,,,2027-02-04 11:25:00
6005802.512797399,0.0,109.0,,1.0,,,,,2027-02-04 11:30:00
6005803.512942959,0.0,110.0,,1.0,,,,,2027-02-04 11:35:00
6005804.513088518,0.0,113.0,,1.0,,,,,2027-02-04 11:40:00
6005805.513234077,0.0,114.0,,1.0,,,,,2027-02-04 11:45:00
6005806.513379636,0.0,118.0,,1.0,,,,,2027-02-04 11:50:00
6005807.513525196,0.0,114.0,,1.0,,,,,2027-02-04 11:55:00
6005808.513670756,0.0,115.0,,1.0,,,,,2027-02-04 12:00:00
6005809.513816315,0.0,114.0,,1.0,,,,,2027-02-04 12:05:00
6005810.513961874,0.0,109.0,,1.0,,,,,2027-02-04 12:10:00
6005811.514107433,0.0,107.0,,1.0,,,,,2027-02-04 12:15:00
6005812.514252992,0.0,104.0,,1.0,,,,,2027-02-04 12:20:00
6005813.514398552,0.0,113.0,,1.0,,,,,2027-02-04 12:25:00
6005814.514544112,0.0,121.0,,1.0,,,,,2027-02-04 12:30:00
6005815.514689671,0.0,127.0,,1.0,,,,,2027-02-04 12:35:00
6005816.51483523,0.0,122.0,,1.0,,,,,2027-02-04 12:40:00
6005817.514980789,0.0,139.0,,1.0,,,,,2027-02-04 12:45:00
6005818.5151263485,0.0,196.0,,1.0,,,,,2027-02-04 12:50:00
6005819.515271908,0.0,244.0,196.0,1.0,,,,21.4,2027-02-04 12:55:00
6005820.515417467,0.0,279.0,,1.0,,,,,2027-02-04 13:00:00
6005821.515563027,0.0,328.0,,1.0,,,,,2027-02-04 13:05:00
6005822.515708586,0.0,372.0,,1.0,,,,,2027-02-04 13:10:00
6005823.515854145,0.0,400.0,,1.0,,,,,2027-02-04 13:15:00
6005824.515999705,0.0,400.0,,1.0,,,,,2027-02-04 13:20:00
6005825.516145264,0.0,400.0,,1.0,,,,,2027-02-04 13:25:00
6005826.516290823,0.0,400.0,,1.0,,,,,2027-02-04 13:30:00
6005827.516436382,0.0,400.0,,1.0,,,,,2027-02-04 13:35:00
6005828.516581942,0.0,400.0,,1.0,,,,,2027-02-04 13:40:00
6005829.5167275015,0.0,400.0,,1.0,,,,,2027-02-04 13:45:00
6005830.516873061,0.0,400.0,,1.0,,,,,2027-02-04 13:50:00
6005831.51701862,0.0,397.0,,1.0,,,,,2027-02-04 13:55:00
6005832.517164179,0.0,394.0,,1.0,,,,,2027-02-04 14:00:00
6005833.517309738,0.0,400.0,,1.0,,,,,2027-02-04 14:05:00
6005834.5174552975,0.0,400.0,,1.0,,,,,2027-02-04 14:10:00
6005835.517600858,0.0,400.0,,1.0,,,,,2027-02-04 14:15:00
6005836.517746417,0.0,400.0,,1.0,,,,,2027-02-04 14:20:00
6005837.517891976,0.0,400.0,,1.0,,,,,2027-02-04 14:25:00
6005838.518037535,0.0,400.0,,1.0,,,,19.6,2027-02-04 14:30:00
6005839.518183094,0.0,400.0,,1.0,,,,,2027-02-04 14:35:00
6005840.518328654,0.0,400.0,,0.0,,,,,2027-02-04 14:40:00
6005841.518474213,0.0,399.0,,0.0,,,,,2027-02-04 14:45:00
6005842.518619773,0.0,391.0,,0.0,,,,,2027-02-04 14:50:00
6005843.518765332,0.0,375.0,,0.0,,,,,2027-02-04 14:55:00
6005844.518910891,0.0,366.0,,0.0,,,,,2027-02-04 15:00:00
6005845.519056451,0.0,356.0,,1.0,,,,,2027-02-04 15:05:00
6005846.51920201,0.0,330.0,,1.0,,,,,2027-02-04 15:10:00
6005847.519347569,0.0,310.0,,1.0,,,,,2027-02-04 15:15:00
6005848.519493128,0.0,289.0,,1.0,,,,,2027-02-04 15:20:00
6005849.519638688,0.0,271.0,,1.0,,,,,2027-02-04 15:25:00
6005850.5197842475,0.0,254.0,,1.0,,,,,2027-02-04 15:30:00
6005851.519929807,0.0,236.0,,1.0,,,,,2027-02-04 15:35:00
6005852.520075366,0.0,222.0,,1.0,,,,,2027-02-04 15:40:00
6005853.520220925,0.0,209.0,,1.0,,,,,2027-02-04 15:45:00
6005854.520366484,0.0,189.0,,1.0,,,,,2027-02-04 15:50:00
6005855.5205120435,0.0,172.0,,1.0,,,,,2027-02-04 15:55:00
6005856.520657604,0.0,157.0,,1.0,,,,,2027-02-04 16:00:00
6005857.520803163,0.0,140.0,,1.0,,,,,2027-02-04 16:05:00
6005858.520948722,0.0,120.0,,1.0,,,,,2027-02-04 16:10:00
6005859.521094281,0.0,105.0,,1.0,,,,,2027-02-04 16:15:00
6005860.52123984,0.0,100.0,,1.0,,,,,2027-02-04 16:20:00
6005861.5213854,0.0,98.0,,1.0,,,,,2027-02-04 16:25:00
6005862.521530959,0.0,100.0,,1.0,,,,,2027-02-04 16:30:00
6005863.521676519,0.0,100.0,,1.0,,,,,2027-02-04 16:35:00
6005864.521822078,0.0,100.0,,1.0,,,,,2027-02-04 16:40:00
6005865.521967637,0.0,101.0,,1.0,,,,,2027-02-04 16:45:00
6005866.522113197,0.0,99.0,,1.0,,,,,2027-02-04 16:50:00
6005867.522258756,0.0,98.0,,1.0,,,,,2027-02-04 16:55:00
6005868.522404315,0.0,98.0,,1.0,,,,,2027-02-04 17:00:00
6005869.522549874,0.0,99.0,,1.0,,,,,2027-02-04 17:05:00
6005870.522695434,0.0,99.0,,1.0,,,,,2027-02-04 17:10:00
6005871.5228409935,0.0,99.0,,1.0,,,,,2027-02-04 17:15:00
6005872.522986553,0.0,97.0,,1.0,,,,,2027-02-04 17:20:00
6005873.523132112,0.0,95.0,,1.0,,,,,2027-02-04 17:25:00
6005874.523277671,0.0,95.0,,1.0,,,,,2027-02-04 17:30:00
6005875.52342323,0.0,96.0,,1.0,,,,,2027-02-04 17:35:00
6005876.5235687895,0.0,96.0,,1.0,,,,,2027-02-04 17:40:00
6005877.52371435,0.0,95.0,,1.0,,,,,2027-02-04 17:45:00
6005878.523859909,0.0,92.0,,1.0,,,,,2027-02-04 17:50:00
6005879.524005468,0.0,88.0,,1.0,,,,,2027-02-04 17:55:00
6005880.524151027,0.0,89.0,,1.0,,,,,2027-02-04 18:00:00
6005881.524296586,0.0,94.0,,1.0,,,,,2027-02-04 18:05:00
6005882.524442146,0.0,107.0,,1.0,,,,,2027-02-04 18:10:00
6005883.524587705,0.0,128.0,,1.0,,,,,2027-02-04 18:15:00
6005884.524733265,0.0,155.0,,1.0,,,,,2027-02-04 18:20:00
6005885.524878824,0.0,188.0,,1.0,,,,,2027-02-04 18:25:00
6005886.525024383,0.0,217.0,199.0,1.0,,,,21.2,2027-02-04 18:30:00
6005887.5251699425,0.0,238.0,,1.0,,,,,2027-02-04 18:35:00
6005888.525315502,0.0,251.0,,1.0,,,,,2027-02-04 18:40:00
6005889.525461061,0.0,266.0,,1.0,,,,,2027-02-04 18:45:00
6005890.52560662,0.0,281.0,,1.0,,,,,2027-02-04 18:50:00
6005891.52575218,0.0,295.0,,1.0,,,,,2027-02-04 18:55:00
6005892.525897739,0.0,310.0,,1.0,,,,,2027-02-04 19:00:00
6005893.526043299,0.0,320.0,,1.0,,,,,2027-02-04 19:05:00
6005894.526188858,0.0,325.0,,1.0,,,,,2027-02-04 19:10:00
6005895.526334417,0.0,330.0,,1.0,,,,,2027-02-04 19:15:00
6005896.526479976,0.0,331.0,,1.0,,,,,2027-02-04 19:20:00
6005897.526625535,0.0,333.0,,1.0,,,,,2027-02-04 19:25:00
6005898.526771096,1.0,,,1.0,,,,,2027-02-04 19:30:00
6005899.526916655,1.0,,,1.0,,,,,2027-02-04 19:35:00
6005900.527062214,1.0,,,1.0,,,,,2027-02-04 19:40:00
6005901.527207773,1.0,,,1.0,,,,,2027-02-04 19:45:00
6005902.527353332,1.0,,,1.0,,,,,2027-02-04 19:50:00
6005903.527498892,1.0,,,1.0,,,,,2027-02-04 19:55:00
6005904.527644451,1.0,,,1.0,,,,,2027-02-04 20:00:00
6005905.527790011,1.0,,,1.0,,,,,2027-02-04 20:05:00
6005906.52793557,1.0,,205.0,1.0,,,,0.2,2027-02-04 20:10:00
6005907.528081129,1.0,,,1.0,,,,,2027-02-04 20:15:00
6005908.5282266885,0.0,200.0,205.0,1.0,,,,,2027-02-04 20:20:00
6005909.528372248,0.0,200.0,,1.0,,,,,2027-02-04 20:25:00
6005910.528517807,0.0,204.0,,1.0,,,,,2027-02-04 20:30:00
6005911.528663366,0.0,208.0,,1.0,,,,,2027-02-04 20:35:00
6005912.528808926,0.0,214.0,,1.0,,,,,2027-02-04 20:40:00
6005913.528954485,0.0,223.0,,1.0,,,,,2027-02-04 20:45:00
6005914.529100045,0.0,227.0,,1.0,,,,,2027-02-04 20:50:00
6005915.529245604,0.0,226.0,,1.0,,,,,2027-02-04 20:55:00
6005916.529391163,0.0,230.0,,1.0,,,,,2027-02-04 21:00:00
6005917.529536722,0.0,241.0,,1.0,,,,,2027-02-04 21:05:00
6005918.529682281,0.0,247.0,,1.0,,,,,2027-02-04 21:10:00
6005919.529827842,0.0,248.0,,1.0,,,,,2027-02-04 21:15:00
6005920.529973401,0.0,249.0,,1.0,,,,,2027-02-04 21:20:00
6005921.53011896,0.0,247.0,,1.0,,,,,2027-02-04 21:25:00
6005922.530264519,0.0,250.0,,1.0,,,,,2027-02-04 21:30:00
6005923.530410078,0.0,250.0,,1.0,,,,,2027-02-04 21:35:00
6005924.530555638,0.0,249.0,259.0,1.0,,,,13.5,2027-02-04 21:40:00
6005925.530701197,0.0,251.0,,1.0,,,,,2027-02-04 21:45:00
6005926.530846757,0.0,254.0,,1.0,,,,,2027-02-04 21:50:00
6005927.530992316,0.0,258.0,,1.0,,,,,2027-02-04 21:55:00
6005928.531137875,0.0,260.0,,1.0,,,,,2027-02-04 22:00:00
6005929.5312834345,0.0,263.0,,1.0,,,,,2027-02-04 22:05:00
6005930.531428994,0.0,271.0,,1.0,,,,,2027-02-04 22:10:00
6005931.531574553,0.0,271.0,,1.0,,,,,2027-02-04 22:15:00
6005932.531720112,0.0,262.0,,1.0,,,,,2027-02-04 22:20:00
6005933.531865672,0.0,259.0,,1.0,,,,,2027-02-04 22:25:00
6005934.532011231,0.0,257.0,,1.0,,,,,2027-02-04 22:30:00
6005935.532156791,0.0,251.0,,1.0,,,,,2027-02-04 22:35:00
6005936.53230235,0.0,248.0,251.0,1.0,,,,10.0,2027-02-04 22:40:00
6005937.532447909,0.0,243.0,,1.0,,,,,2027-02-04 22:45:00
6005938.532593468,0.0,237.0,,1.0,,,,,2027-02-04 22:50:00
6005939.532739027,0.0,229.0,,1.0,,,,,2027-02-04 22:55:00
6005940.5328845875,0.0,221.0,,1.0,,,,,2027-02-04 23:00:00
6005941.533030147,0.0,214.0,,1.0,,,,,2027-02-04 23:05:00
6005942.533175706,0.0,205.0,,1.0,,,,,2027-02-04 23:10:00
6005943.533321265,0.0,197.0,,1.0,,,,,2027-02-04 23:15:00
6005944.533466824,0.0,188.0,,1.0,,,,,2027-02-04 23:20:00
6005945.5336123835,0.0,179.0,,1.0,,,,,2027-02-04 23:25:00
6005946.533757943,0.0,170.0,,1.0,,,,,2027-02-04 23:30:00
6005947.533903503,0.0,159.0,,1.0,,,,,2027-02-04 23:35:00
6005948.534049062,0.0,146.0,,1.0,,,,,2027-02-04 23:40:00
6005949.534194621,0.0,133.0,,1.0,,,,,2027-02-04 23:45:00
6005950.53434018,0.0,120.0,,1.0,,,,,2027-02-04 23:50:00
6005951.53448574,0.0,109.0,,1.0,,,,,2027-02-04 23:55:00
6005952.534631299,0.0,102.0,,1.0,,,,,2027-02-05 00:00:00
6005953.534776858,0.0,95.0,,1.0,,,,,2027-02-05 00:05:00
6005954.534922418,0.0,87.0,,1.0,,,,,2027-02-05 00:10:00
6005955.535067977,0.0,83.0,,1.0,,,,,2027-02-05 00:15:00
6005956.535213537,0.0,81.0,,1.0,,,,,2027-02-05 00:20:00
6005957.535359096,0.0,78.0,,1.0,,,,,2027-02-05 00:25:00
6005958.535504655,0.0,75.0,,1.0,,,,,2027-02-05 00:30:00
6005959.535650214,0.0,73.0,,1.0,,,,,2027-02-05 00:35:00
6005960.535795773,0.0,72.0,,1.0,,,,,2027-02-05 00:40:00
6005961.5359413335,0.0,70.0,,1.0,,,,,2027-02-05 00:45:00
6005962.536086893,0.0,67.0,,1.0,,,,,2027-02-05 00:50:00
6005963.536232452,0.0,67.0,,1.0,,,,,2027-02-05 00:55:00
6005964.536378011,0.0,66.0,,1.0,,,,,2027-02-05 01:00:00
6005965.53652357,0.0,65.0,,1.0,,,,,2027-02-05 01:05:00
6005966.5366691295,0.0,65.0,,1.0,,,,,2027-02-05 01:10:00
6005967.536814689,0.0,64.0,,1.0,,,,,2027-02-05 01:15:00
6005968.536960249,0.0,63.0,,1.0,,,,,2027-02-05 01:20:00
6005969.537105808,0.0,63.0,,1.0,,,,,2027-02-05 01:25:00
6005970.537251367,0.0,63.0,,1.0,,,,,2027-02-05 01:30:00
6005971.537396926,0.0,62.0,,1.0,,,,,2027-02-05 01:35:00
6005972.537542486,0.0,61.0,,1.0,,,,,2027-02-05 01:40:00
6005973.537688045,0.0,61.0,,1.0,,,,,2027-02-05 01:45:00
6005974.537833604,0.0,67.0,,1.0,,,,,2027-02-05 01:50:00
6005975.537979164,0.0,77.0,,1.0,,,,,2027-02-05 01:55:00
6005976.538124723,0.0,74.0,,1.0,,,,,2027-02-05 02:00:00
6005977.538270283,0.0,73.0,,1.0,,,,,2027-02-05 02:05:00
6005978.538415842,0.0,77.0,,1.0,,,,,2027-02-05 02:10:00
6005979.538561401,0.0,77.0,,1.0,,,,,2027-02-05 02:15:00
6005980.53870696,0.0,77.0,,1.0,,,,,2027-02-05 02:20:00
6005981.538852519,0.0,74.0,,1.0,,,,,2027-02-05 02:25:00
6005982.5389980795,0.0,74.0,,1.0,,,,,2027-02-05 02:30:00
6005983.539143639,0.0,75.0,,1.0,,,,,2027-02-05 02:35:00
6005984.539289198,0.0,76.0,,1.0,,,,,2027-02-05 02:40:00
6005985.539434757,0.0,77.0,,1.0,,,,,2027-02-05 02:45:00
6005986.539580316,0.0,78.0,,1.0,,,,,2027-02-05 02:50:00
6005987.5397258755,0.0,78.0,,1.0,,,,,2027-02-05 02:55:00
6005988.539871435,0.0,78.0,,1.0,,,,,2027-02-05 03:00:00
6005989.540016995,0.0,79.0,,1.0,,,,,2027-02-05 03:05:00
6005990.540162554,0.0,80.0,,1.0,,,,,2027-02-05 03:10:00
6005991.540308113,0.0,82.0,,1.0,,,,,2027-02-05 03:15:00
6005992.540453672,0.0,82.0,,1.0,,,,,2027-02-05 03:20:00
6005993.540599232,0.0,83.0,,1.0,,,,,2027-02-05 03:25:00
6005994.540744791,0.0,84.0,,1.0,,,,,2027-02-05 03:30:00
6005995.54089035,0.0,86.0,,1.0,,,,,2027-02-05 03:35:00
6005996.54103591,0.0,91.0,,1.0,,,,,2027-02-05 03:40:00
6005997.541181469,0.0,97.0,,1.0,,,,,2027-02-05 03:45:00
6005998.541327029,0.0,103.0,,1.0,,,,,2027-02-05 03:50:00
6005999.541472588,0.0,110.0,,1.0,,,,,2027-02-05 03:55:00
6006000.541618147,0.0,122.0,,1.0,,,,,2027-02-05 04:00:00
6006001.541763706,0.0,132.0,,1.0,,,,,2027-02-05 04:05:00
6006002.541909265,0.0,139.0,,1.0,,,,,2027-02-05 04:10:00
6006003.542054825,0.0,145.0,,1.0,,,,,2027-02-05 04:15:00
6006004.542200385,0.0,150.0,,1.0,,,,,2027-02-05 04:20:00
6006005.542345944,0.0,156.0,,1.0,,,,,2027-02-05 04:25:00
6006006.542491503,0.0,161.0,,1.0,,,,,2027-02-05 04:30:00
6006007.542637062,0.0,166.0,,1.0,,,,,2027-02-05 04:35:00
6006008.542782621,0.0,177.0,,1.0,,,,,2027-02-05 04:40:00
6006009.542928181,0.0,185.0,,1.0,,,,,2027-02-05 04:45:00
6006010.543073741,0.0,181.0,,1.0,,,,,2027-02-05 04:50:00
6006011.5432193,0.0,182.0,,1.0,,,,,2027-02-05 04:55:00
6006012.543364859,0.0,185.0,,1.0,,,,,2027-02-05 05:00:00
6006013.543510418,0.0,189.0,,1.0,,,,,2027-02-05 05:05:00
6006014.543655978,0.0,193.0,,1.0,,,,,2027-02-05 05:10:00
6006015.543801537,0.0,194.0,,1.0,,,,,2027-02-05 05:15:00
6006016.543947096,0.0,195.0,,1.0,,,,,2027-02-05 05:20:00
6006017.544092656,0.0,200.0,,1.0,,,,,2027-02-05 05:25:00
6006018.544238215,0.0,206.0,,1.0,,,,,2027-02-05 05:30:00
6006019.5443837745,0.0,210.0,,1.0,,,,,2027-02-05 05:35:00
6006020.544529334,0.0,213.0,,1.0,,,,,2027-02-05 05:40:00
6006021.544674893,0.0,211.0,,1.0,,,,,2027-02-05 05:45:00
6006022.544820452,0.0,208.0,212.0,1.0,,,,9.2,2027-02-05 05:50:00
6006023.544966011,0.0,217.0,,1.0,,,,,2027-02-05 05:55:00
6006024.545111571,0.0,226.0,,1.0,,,,,2027-02-05 06:00:00
6006025.545257131,0.0,230.0,,1.0,,,,,2027-02-05 06:05:00
6006026.54540269,0.0,231.0,,1.0,,,,,2027-02-05 06:10:00
6006027.545548249,0.0,230.0,,1.0,,,,,2027-02-05 06:15:00
6006028.545693808,0.0,227.0,,1.0,,,,,2027-02-05 06:20:00
6006029.545839367,0.0,224.0,,1.0,,,,,2027-02-05 06:25:00
6006030.545984927,0.0,219.0,,1.0,,,,,2027-02-05 06:30:00
6006031.546130487,0.0,213.0,,1.0,,,,,2027-02-05 06:35:00
6006032.546276046,0.0,208.0,,1.0,,,,,2027-02-05 06:40:00
6006033.546421605,0.0,200.0,,1.0,,,,,2027-02-05 06:45:00
6006034.546567164,0.0,192.0,,1.0,,,,,2027-02-05 06:50:00
6006035.546712724,0.0,187.0,,1.0,,,,,2027-02-05 06:55:00
6006036.546858283,0.0,180.0,,1.0,,,,,2027-02-05 07:00:00
6006037.547003842,0.0,175.0,,1.0,,,,,2027-02-05 07:05:00
6006038.547149402,0.0,169.0,,1.0,,,,,2027-02-05 07:10:00
6006039.547294961,0.0,162.0,,0.0,,,,,2027-02-05 07:15:00
6006040.5474405205,0.0,161.0,,0.0,,,,,2027-02-05 07:20:00
6006041.54758608,0.0,159.0,,0.0,,,,,2027-02-05 07:25:00
6006042.547731639,0.0,149.0,,0.0,,,,,2027-02-05 07:30:00
6006043.547877198,0.0,142.0,,0.0,,,,,2027-02-05 07:35:00
6006044.548022757,0.0,143.0,,1.0,,,,,2027-02-05 07:40:00
6006045.548168317,0.0,145.0,,1.0,,,,,2027-02-05 07:45:00
6006046.548313877,0.0,144.0,,1.0,,,,,2027-02-05 07:50:00
6006047.548459436,0.0,142.0,,1.0,,,,,2027-02-05 07:55:00
6006048.548604995,0.0,140.0,,1.0,,,,,2027-02-05 08:00:00
6006049.548750554,0.0,143.0,146.0,1.0,,,,12.8,2027-02-05 08:05:00
6006050.548896113,1.0,,,1.0,,,,,2027-02-05 08:10:00
6006051.549041673,1.0,,,1.0,,,,,2027-02-05 08:15:00
6006052.549187233,1.0,,,1.0,,,,,2027-02-05 08:20:00
6006053.549332792,1.0,,,1.0,,,,,2027-02-05 08:25:00
6006054.549478351,1.0,,,1.0,,,,,2027-02-05 08:30:00
6006055.54962391,1.0,,,1.0,,,,,2027-02-05 08:35:00
6006056.54976947,1.0,,,1.0,,,,,2027-02-05 08:40:00
6006057.549915029,1.0,,,1.0,,,,,2027-02-05 08:45:00
6006058.550060588,1.0,,,1.0,,,,,2027-02-05 08:50:00
6006059.550206148,1.0,,,1.0,,,,,2027-02-05 08:55:00
6006060.550351707,1.0,,,1.0,,,,,2027-02-05 09:00:00
6006061.550497266,1.0,,,1.0,,,,,2027-02-05 09:05:00
6006062.550642826,1.0,,,1.0,,,,,2027-02-05 09:10:00
6006063.550788385,1.0,,,1.0,,,,,2027-02-05 09:15:00
6006064.550933944,1.0,,91.0,1.0,,,,9.2,2027-02-05 09:20:00
6006065.551079503,1.0,,,1.0,,,,,2027-02-05 09:25:00
6006066.551225063,1.0,,,1.0,,,,,2027-02-05 09:30:00
6006067.551370623,1.0,,,1.0,,,,,2027-02-05 09:35:00
6006068.551516182,1.0,,,1.0,,,,,2027-02-05 09:40:00
6006069.551661741,1.0,,,1.0,,,,,2027-02-05 09:45:00
6006070.5518073,1.0,,,1.0,,,,,2027-02-05 09:50:00
6006071.551952859,1.0,,,1.0,,,,,2027-02-05 09:55:00
6006072.552098419,1.0,,,1.0,,,,,2027-02-05 10:00:00
6006073.552243979,1.0,,,1.0,,,,,2027-02-05 10:05:00
6006074.552389538,1.0,,,1.0,,,,,2027-02-05 10:10:00
6006075.552535097,1.0,,,1.0,,,,,2027-02-05 10:15:00
6006076.552680656,1.0,,,1.0,,,,,2027-02-05 10:20:00
6006077.5528262155,1.0,,,1.0,,,,,2027-02-05 10:25:00
6006078.552971775,1.0,,,1.0,,,,,2027-02-05 10:30:00
6006079.553117334,1.0,,,1.0,,,,,2027-02-05 10:35:00
6006080.553262894,1.0,,,1.0,,,,,2027-02-05 10:40:00
6006081.553408453,1.0,,,1.0,,,,,2027-02-05 10:45:00
6006082.553554012,1.0,,,1.0,,,,,2027-02-05 10:50:00
6006083.553699572,1.0,,,1.0,,,,,2027-02-05 10:55:00
6006084.553845131,1.0,,,1.0,,,,,2027-02-05 11:00:00
6006085.55399069,1.0,,,1.0,,,,,2027-02-05 11:05:00
6006086.554136249,1.0,,,1.0,,,,,2027-02-05 11:10:00
6006087.554281809,1.0,,,1.0,,,,,2027-02-05 11:15:00
6006088.554427369,1.0,,,1.0,,,,,2027-02-05 11:20:00
6006089.554572928,1.0,,,1.0,,,,,2027-02-05 11:25:00
6006090.554718487,1.0,,,1.0,,,,,2027-02-05 11:30:00
6006091.554864046,1.0,,,1.0,,,,,2027-02-05 11:35:00
6006092.555009605,1.0,,,1.0,,,,,2027-02-05 11:40:00
6006093.555155165,1.0,,,1.0,,,,,2027-02-05 11:45:00
6006094.555300725,1.0,,,1.0,,,,,2027-02-05 11:50:00
6006095.555446284,1.0,,,1.0,,,,,2027-02-05 11:55:00
6006096.555591843,1.0,,,1.0,,,,,2027-02-05 12:00:00
6006097.555737402,1.0,,,1.0,,,,,2027-02-05 12:05:00
6006098.5558829615,1.0,,,1.0,,,,,2027-02-05 12:10:00
6006099.556028521,1.0,,,1.0,,,,,2027-02-05 12:15:00
6006100.55617408,1.0,,,1.0,,,,,2027-02-05 12:20:00
6006101.55631964,1.0,,,1.0,,,,,2027-02-05 12:25:00
6006102.556465199,1.0,,,1.0,,,,,2027-02-05 12:30:00
6006103.556610758,1.0,,,1.0,,,,,2027-02-05 12:35:00
6006104.556756318,1.0,,,1.0,,,,,2027-02-05 12:40:00
6006105.556901877,1.0,,,1.0,,,,,2027-02-05 12:45:00
6006106.557047436,1.0,,,1.0,,,,,2027-02-05 12:50:00
6006107.557192995,1.0,,,1.0,,,,,2027-02-05 12:55:00
6006108.557338555,1.0,,,1.0,,,,,2027-02-05 13:00:00
6006109.557484115,1.0,,,1.0,,,,,2027-02-05 13:05:00
6006110.557629674,1.0,,,1.0,,,,,2027-02-05 13:10:00
6006111.557775233,1.0,,,1.0,,,,,2027-02-05 13:15:00
6006112.557920792,1.0,,,1.0,,,,,2027-02-05 13:20:00
6006113.558066351,1.0,,,1.0,,,,,2027-02-05 13:25:00
6006114.558211911,1.0,,,1.0,,,,9.0,2027-02-05 13:30:00
6006115.558357471,1.0,,,1.0,,,,,2027-02-05 13:35:00
6006116.55850303,1.0,,,1.0,,,,,2027-02-05 13:40:00
6006117.558648589,1.0,,,1.0,,,,,2027-02-05 13:45:00
6006118.558794148,1.0,,,1.0,,,,,2027-02-05 13:50:00
6006119.558939707,1.0,,,1.0,,,,,2027-02-05 13:55:00
6006120.559085267,1.0,,,1.0,,,,,2027-02-05 14:00:00
6006121.559230826,1.0,,,1.0,,,,,2027-02-05 14:05:00
6006122.559376386,1.0,,,1.0,,,,,2027-02-05 14:10:00
6006123.559521945,1.0,,,1.0,,,,,2027-02-05 14:15:00
6006124.559667504,1.0,,196.0,1.0,,,,10.4,2027-02-05 14:20:00
6006125.559813064,1.0,,,1.0,,,,,2027-02-05 14:25:00
6006126.559958623,0.0,198.0,196.0,1.0,,,,,2027-02-05 14:30:00
6006127.560104182,0.0,194.0,,1.0,,,,,2027-02-05 14:35:00
6006128.560249741,0.0,191.0,,1.0,,,,,2027-02-05 14:40:00
6006129.560395301,0.0,190.0,,1.0,,,,,2027-02-05 14:45:00
6006130.5605408605,0.0,187.0,,1.0,,,,,2027-02-05 14:50:00
6006131.56068642,0.0,182.0,,1.0,,,,,2027-02-05 14:55:00
6006132.560831979,0.0,178.0,,1.0,,,,,2027-02-05 15:00:00
6006133.560977538,0.0,174.0,,1.0,,,,,2027-02-05 15:05:00
6006134.561123097,0.0,168.0,,1.0,,,,,2027-02-05 15:10:00
6006135.5612686565,0.0,165.0,,1.0,,,,,2027-02-05 15:15:00
6006136.561414217,0.0,162.0,,1.0,,,,,2027-02-05 15:20:00
6006137.561559776,0.0,161.0,,1.0,,,,,2027-02-05 15:25:00
6006138.561705335,0.0,167.0,,1.0,,,,,2027-02-05 15:30:00
6006139.561850894,0.0,168.0,,1.0,,,,,2027-02-05 15:35:00
6006140.561996453,0.0,169.0,,1.0,,,,,2027-02-05 15:40:00
6006141.562142013,0.0,167.0,,1.0,,,,,2027-02-05 15:45:00
6006142.562287572,0.0,165.0,,1.0,,,,,2027-02-05 15:50:00
6006143.562433132,0.0,169.0,,1.0,,,,,2027-02-05 15:55:00
6006144.562578691,0.0,171.0,,1.0,,,,,2027-02-05 16:00:00
6006145.56272425,0.0,168.0,,1.0,,,,,2027-02-05 16:05:00
6006146.56286981,0.0,169.0,,1.0,,,,,2027-02-05 16:10:00
6006147.563015369,0.0,178.0,,1.0,,,,,2027-02-05 16:15:00
6006148.563160928,0.0,183.0,,1.0,,,,,2027-02-05 16:20:00
6006149.563306487,0.0,182.0,,1.0,,,,11.0,2027-02-05 16:25:00
6006150.563452047,0.0,177.0,,1.0,,,,,2027-02-05 16:30:00
6006151.5635976065,0.0,180.0,,1.0,,,,,2027-02-05 16:35:00
6006152.563743166,0.0,187.0,,1.0,,,,,2027-02-05 16:40:00
6006153.563888725,0.0,190.0,,1.0,,,,,2027-02-05 16:45:00
6006154.564034284,0.0,189.0,,1.0,,,,,2027-02-05 16:50:00
6006155.564179843,0.0,185.0,,1.0,,,,,2027-02-05 16:55:00
6006156.5643254025,0.0,180.0,,1.0,,,,,2027-02-05 17:00:00
6006157.564470963,0.0,177.0,,1.0,,,,,2027-02-05 17:05:00
6006158.564616522,0.0,173.0,,1.0,,,,,2027-02-05 17:10:00
6006159.564762081,0.0,168.0,,1.0,,,,,2027-02-05 17:15:00
6006160.56490764,0.0,161.0,,1.0,,,,,2027-02-05 17:20:00
6006161.565053199,0.0,150.0,,1.0,,,,,2027-02-05 17:25:00
6006162.565198759,0.0,145.0,,1.0,,,,,2027-02-05 17:30:00
6006163.565344318,0.0,136.0,,1.0,,,,,2027-02-05 17:35:00
6006164.565489878,0.0,129.0,,1.0,,,,,2027-02-05 17:40:00
6006165.565635437,0.0,128.0,,1.0,,,,,2027-02-05 17:45:00
6006166.565780996,0.0,133.0,,1.0,,,,,2027-02-05 17:50:00
6006167.565926556,0.0,135.0,,1.0,,,,,2027-02-05 17:55:00
6006168.566072115,0.0,135.0,,1.0,,,,,2027-02-05 18:00:00
6006169.566217674,0.0,132.0,,1.0,,,,,2027-02-05 18:05:00
6006170.566363233,0.0,127.0,,1.0,,,,,2027-02-05 18:10:00
6006171.566508793,0.0,120.0,,1.0,,,,,2027-02-05 18:15:00
6006172.5666543525,0.0,118.0,,1.0,,,,,2027-02-05 18:20:00
6006173.566799912,0.0,119.0,,1.0,,,,,2027-02-05 18:25:00
6006174.566945471,0.0,117.0,,1.0,,,,,2027-02-05 18:30:00
6006175.56709103,0.0,116.0,,1.0,,,,,2027-02-05 18:35:00
6006176.567236589,0.0,114.0,,1.0,,,,,2027-02-05 18:40:00
6006177.5673821485,0.0,110.0,,1.0,,,,,2027-02-05 18:45:00
6006178.567527709,0.0,107.0,,1.0,,,,,2027-02-05 18:50:00
6006179.567673268,0.0,105.0,,1.0,,,,,2027-02-05 18:55:00
6006180.567818827,0.0,103.0,,1.0,,,,,2027-02-05 19:00:00
6006181.567964386,0.0,103.0,,1.0,,,,,2027-02-05 19:05:00
6006182.568109945,0.0,109.0,,1.0,,,,,2027-02-05 19:10:00
6006183.568255505,0.0,117.0,109.0,1.0,,,,13.8,2027-02-05 19:15:00
6006184.568401064,0.0,126.0,,1.0,,,,,2027-02-05 19:20:00
6006185.568546624,0.0,135.0,,1.0,,,,,2027-02-05 19:25:00
6006186.568692183,0.0,141.0,,1.0,,,,,2027-02-05 19:30:00
6006187.568837742,0.0,148.0,,1.0,,,,,2027-02-05 19:35:00
6006188.5689833015,0.0,152.0,,1.0,,,,,2027-02-05 19:40:00
6006189.569128861,0.0,155.0,,1.0,,,,,2027-02-05 19:45:00
6006190.56927442,0.0,155.0,,1.0,,,,,2027-02-05 19:50:00
6006191.569419979,0.0,152.0,,1.0,,,,,2027-02-05 19:55:00
6006192.569565539,0.0,150.0,,1.0,,,,,2027-02-05 20:00:00
6006193.569711098,0.0,148.0,,1.0,,,,,2027-02-05 20:05:00
6006194.569856658,0.0,146.0,,1.0,,,,,2027-02-05 20:10:00
6006195.570002217,0.0,152.0,,1.0,,,,,2027-02-05 20:15:00
6006196.570147776,0.0,159.0,,1.0,,,,,2027-02-05 20:20:00
6006197.570293335,0.0,156.0,,1.0,,,,,2027-02-05 20:25:00
6006198.570438894,0.0,145.0,,1.0,,,,,2027-02-05 20:30:00
6006199.570584455,0.0,137.0,,1.0,,,,,2027-02-05 20:35:00
6006200.570730014,0.0,136.0,,1.0,,,,,2027-02-05 20:40:00
6006201.570875573,0.0,138.0,,1.0,,,,,2027-02-05 20:45:00
6006202.571021132,0.0,139.0,,1.0,,,,,2027-02-05 20:50:00
6006203.571166691,0.0,142.0,,1.0,,,,,2027-02-05 20:55:00
6006204.571312251,0.0,147.0,,1.0,,,,,2027-02-05 21:00:00
6006205.57145781,0.0,150.0,,1.0,,,,,2027-02-05 21:05:00
6006206.57160337,0.0,151.0,,1.0,,,,,2027-02-05 21:10:00
6006207.571748929,0.0,147.0,,1.0,,,,,2027-02-05 21:15:00
6006208.571894488,0.0,128.0,,1.0,,,,,2027-02-05 21:20:00
6006209.5720400475,0.0,119.0,,1.0,,,,,2027-02-05 21:25:00
6006210.572185607,0.0,127.0,,1.0,,,,,2027-02-05 21:30:00
6006211.572331166,0.0,128.0,,1.0,,,,,2027-02-05 21:35:00
6006212.572476725,0.0,125.0,,1.0,,,,,2027-02-05 21:40:00
6006213.572622285,0.0,125.0,,1.0,,,,,2027-02-05 21:45:00
6006214.572767844,0.0,125.0,,1.0,,,,,2027-02-05 21:50:00
6006215.572913404,0.0,128.0,,1.0,,,,,2027-02-05 21:55:00
6006216.573058963,0.0,132.0,,1.0,,,,,2027-02-05 22:00:00
6006217.573204522,0.0,136.0,,1.0,,,,,2027-02-05 22:05:00
6006218.573350081,0.0,138.0,,1.0,,,,,2027-02-05 22:10:00
6006219.57349564,0.0,138.0,,1.0,,,,,2027-02-05 22:15:00
6006220.573641201,0.0,142.0,,1.0,,,,,2027-02-05 22:20:00
6006221.57378676,0.0,136.0,,1.0,,,,,2027-02-05 22:25:00
6006222.573932319,0.0,118.0,,1.0,,,,,2027-02-05 22:30:00
6006223.574077878,0.0,126.0,,1.0,,,,,2027-02-05 22:35:00
6006224.574223437,0.0,132.0,,1.0,,,,,2027-02-05 22:40:00
6006225.574368997,0.0,134.0,,1.0,,,,,2027-02-05 22:45:00
6006226.574514556,0.0,135.0,,1.0,,,,,2027-02-05 22:50:00
6006227.574660116,0.0,142.0,,1.0,,,,,2027-02-05 22:55:00
6006228.574805675,0.0,152.0,,1.0,,,,,2027-02-05 23:00:00
6006229.574951234,0.0,157.0,,1.0,,,,,2027-02-05 23:05:00
6006230.5750967935,0.0,158.0,,1.0,,,,,2027-02-05 23:10:00
6006231.575242353,0.0,156.0,133.0,1.0,,,,3.0,2027-02-05 23:15:00
6006232.575387912,0.0,137.0,133.0,1.0,,,,,2027-02-05 23:20:00
6006233.575533471,0.0,139.0,,1.0,,,,,2027-02-05 23:25:00
6006234.575679031,0.0,146.0,,1.0,,,,,2027-02-05 23:30:00
6006235.57582459,0.0,154.0,,1.0,,,,,2027-02-05 23:35:00
6006236.57597015,0.0,162.0,,1.0,,,,,2027-02-05 23:40:00
6006237.576115709,0.0,177.0,,1.0,,,,,2027-02-05 23:45:00
6006238.576261268,0.0,185.0,,1.0,,,,,2027-02-05 23:50:00
6006239.576406827,0.0,192.0,,1.0,,,,,2027-02-05 23:55:00
6006240.576552386,0.0,198.0,,1.0,,,,,2027-02-06 00:00:00
6006241.5766979465,0.0,206.0,,1.0,,,,,2027-02-06 00:05:00
6006242.576843506,0.0,210.0,,1.0,,,,,2027-02-06 00:10:00
6006243.576989065,0.0,212.0,211.0,1.0,,,,7.1,2027-02-06 00:15:00
6006244.577134624,0.0,211.0,,1.0,,,,,2027-02-06 00:20:00
6006245.577280183,0.0,211.0,,1.0,,,,,2027-02-06 00:25:00
6006246.5774257425,0.0,208.0,,1.0,,,,,2027-02-06 00:30:00
6006247.577571302,0.0,204.0,,1.0,,,,,2027-02-06 00:35:00
6006248.577716862,0.0,200.0,,1.0,,,,,2027-02-06 00:40:00
6006249.577862421,0.0,195.0,,1.0,,,,,2027-02-06 00:45:00
6006250.57800798,0.0,181.0,,1.0,,,,,2027-02-06 00:50:00
6006251.578153539,0.0,170.0,,1.0,,,,,2027-02-06 00:55:00
6006252.578299099,0.0,164.0,,1.0,,,,,2027-02-06 01:00:00
6006253.578444658,0.0,159.0,,1.0,,,,,2027-02-06 01:05:00
6006254.578590217,0.0,156.0,,1.0,,,,,2027-02-06 01:10:00
6006255.578735777,0.0,151.0,,1.0,,,,,2027-02-06 01:15:00
6006256.578881336,0.0,145.0,,1.0,,,,,2027-02-06 01:20:00
6006257.579026896,0.0,139.0,,1.0,,,,,2027-02-06 01:25:00
6006258.579172455,0.0,132.0,,1.0,,,,,2027-02-06 01:30:00
6006259.579318014,0.0,127.0,,1.0,,,,,2027-02-06 01:35:00
6006260.579463573,0.0,125.0,,1.0,,,,,2027-02-06 01:40:00
6006261.579609132,0.0,121.0,,1.0,,,,,2027-02-06 01:45:00
6006262.5797546925,0.0,116.0,,1.0,,,,,2027-02-06 01:50:00
6006263.579900252,0.0,112.0,,1.0,,,,,2027-02-06 01:55:00
6006264.580045811,0.0,108.0,,1.0,,,,,2027-02-06 02:00:00
6006265.58019137,0.0,104.0,,1.0,,,,,2027-02-06 02:05:00
6006266.580336929,0.0,101.0,,1.0,,,,,2027-02-06 02:10:00
6006267.5804824885,0.0,96.0,,1.0,,,,,2027-02-06 02:15:00
6006268.580628048,0.0,91.0,,1.0,,,,,2027-02-06 02:20:00
6006269.580773607,0.0,91.0,,1.0,,,,,2027-02-06 02:25:00
6006270.580919167,0.0,93.0,,1.0,,,,,2027-02-06 02:30:00
6006271.581064726,0.0,92.0,,1.0,,,,,2027-02-06 02:35:00
6006272.581210285,0.0,93.0,,1.0,,,,,2027-02-06 02:40:00
6006273.581355845,0.0,98.0,,1.0,,,,,2027-02-06 02:45:00
6006274.581501404,0.0,99.0,,1.0,,,,,2027-02-06 02:50:00
6006275.581646963,0.0,100.0,,1.0,,,,,2027-02-06 02:55:00
6006276.581792522,0.0,101.0,,1.0,,,,,2027-02-06 03:00:00
6006277.581938082,0.0,103.0,,1.0,,,,,2027-02-06 03:05:00
6006278.582083642,0.0,104.0,,1.0,,,,,2027-02-06 03:10:00
6006279.582229201,0.0,106.0,,1.0,,,,,2027-02-06 03:15:00
6006280.58237476,0.0,108.0,,1.0,,,,,2027-02-06 03:20:00
6006281.582520319,0.0,110.0,,1.0,,,,,2027-02-06 03:25:00
6006282.582665878,0.0,113.0,,1.0,,,,,2027-02-06 03:30:00
6006283.582811438,0.0,115.0,,1.0,,,,,2027-02-06 03:35:00
6006284.582956998,0.0,117.0,,1.0,,,,,2027-02-06 03:40:00
6006285.583102557,0.0,113.0,,1.0,,,,,2027-02-06 03:45:00
6006286.583248116,0.0,111.0,,1.0,,,,,2027-02-06 03:50:00
6006287.583393675,0.0,111.0,,1.0,,,,,2027-02-06 03:55:00
6006288.5835392345,0.0,113.0,,1.0,,,,,2027-02-06 04:00:00
6006289.583684794,0.0,114.0,,1.0,,,,,2027-02-06 04:05:00
6006290.583830353,0.0,115.0,,1.0,,,,,2027-02-06 04:10:00
6006291.583975913,0.0,116.0,,1.0,,,,,2027-02-06 04:15:00
6006292.584121472,0.0,118.0,,1.0,,,,,2027-02-06 04:20:00
6006293.584267031,0.0,119.0,,1.0,,,,,2027-02-06 04:25:00
6006294.584412591,0.0,121.0,,1.0,,,,,2027-02-06 04:30:00
6006295.58455815,0.0,130.0,,1.0,,,,,2027-02-06 04:35:00
6006296.584703709,0.0,141.0,,1.0,,,,,2027-02-06 04:40:00
6006297.584849268,0.0,144.0,,1.0,,,,,2027-02-06 04:45:00
6006298.584994828,0.0,149.0,,1.0,,,,,2027-02-06 04:50:00
6006299.5851403875,0.0,152.0,,1.0,,,,,2027-02-06 04:55:00
6006300.585285947,0.0,155.0,,1.0,,,,,2027-02-06 05:00:00
6006301.585431506,0.0,157.0,,1.0,,,,,2027-02-06 05:05:00
6006302.585577065,0.0,158.0,,1.0,,,,,2027-02-06 05:10:00
6006303.585722624,0.0,158.0,,1.0,,,,,2027-02-06 05:15:00
6006304.5858681835,0.0,157.0,,1.0,,,,,2027-02-06 05:20:00
6006305.586013744,0.0,156.0,,1.0,,,,,2027-02-06 05:25:00
6006306.586159303,0.0,156.0,,1.0,,,,,2027-02-06 05:30:00
6006307.586304862,0.0,157.0,,1.0,,,,,2027-02-06 05:35:00
6006308.586450421,0.0,157.0,,1.0,,,,,2027-02-06 05:40:00
6006309.58659598,0.0,156.0,,1.0,,,,,2027-02-06 05:45:00
6006310.58674154,0.0,157.0,,1.0,,,,,2027-02-06 05:50:00
6006311.586887099,0.0,157.0,,1.0,,,,,2027-02-06 05:55:00
6006312.587032659,0.0,158.0,,1.0,,,,,2027-02-06 06:00:00
6006313.587178218,0.0,158.0,,1.0,,,,,2027-02-06 06:05:00
6006314.587323777,0.0,159.0,,1.0,,,,,2027-02-06 06:10:00
6006315.587469337,0.0,156.0,,1.0,,,,,2027-02-06 06:15:00
6006316.587614896,0.0,152.0,,1.0,,,,,2027-02-06 06:20:00
6006317.587760455,0.0,151.0,,1.0,,,,,2027-02-06 06:25:00
6006318.587906014,0.0,150.0,,1.0,,,,,2027-02-06 06:30:00
6006319.588051574,0.0,151.0,,1.0,,,,,2027-02-06 06:35:00
6006320.5881971335,0.0,151.0,,1.0,,,,,2027-02-06 06:40:00
6006321.588342693,0.0,152.0,,1.0,,,,,2027-02-06 06:45:00
6006322.588488252,0.0,154.0,,1.0,,,,,2027-02-06 06:50:00
6006323.588633811,0.0,156.0,,1.0,,,,,2027-02-06 06:55:00
6006324.58877937,0.0,158.0,,1.0,,,,,2027-02-06 07:00:00
6006325.5889249295,0.0,160.0,,1.0,,,,,2027-02-06 07:05:00
6006326.58907049,0.0,163.0,,1.0,,,,,2027-02-06 07:10:00
6006327.589216049,0.0,166.0,,1.0,,,,,2027-02-06 07:15:00
6006328.589361608,0.0,163.0,,1.0,,,,,2027-02-06 07:20:00
6006329.589507167,0.0,160.0,,1.0,,,,,2027-02-06 07:25:00
6006330.589652726,0.0,163.0,,1.0,,,,,2027-02-06 07:30:00
6006331.589798286,0.0,166.0,,1.0,,,,,2027-02-06 07:35:00
6006332.589943845,0.0,167.0,,1.0,,,,,2027-02-06 07:40:00
6006333.590089405,0.0,168.0,,1.0,,,,,2027-02-06 07:45:00
6006334.590234964,0.0,175.0,,1.0,,,,,2027-02-06 07:50:00
6006335.590380523,0.0,180.0,,1.0,,,,,2027-02-06 07:55:00
6006336.590526083,0.0,180.0,,1.0,,,,,2027-02-06 08:00:00
6006337.590671642,0.0,179.0,,1.0,,,,,2027-02-06 08:05:00
6006338.590817201,0.0,179.0,,1.0,,,,,2027-02-06 08:10:00
6006339.59096276,0.0,179.0,,1.0,,,,,2027-02-06 08:15:00
6006340.59110832,0.0,179.0,,1.0,,,,,2027-02-06 08:20:00
6006341.5912538795,0.0,182.0,,1.0,,,,,2027-02-06 08:25:00
6006342.591399439,0.0,184.0,,1.0,,,,,2027-02-06 08:30:00
6006343.591544998,0.0,185.0,,1.0,,,,,2027-02-06 08:35:00
6006344.591690557,0.0,187.0,,1.0,,,,,2027-02-06 08:40:00
6006345.591836116,0.0,186.0,,1.0,,,,,2027-02-06 08:45:00
6006346.5919816755,0.0,186.0,,1.0,,,,,2027-02-06 08:50:00
6006347.592127236,0.0,187.0,,1.0,,,,,2027-02-06 08:55:00
6006348.592272795,0.0,188.0,,1.0,,,,,2027-02-06 09:00:00
6006349.592418354,0.0,188.0,,1.0,,,,,2027-02-06 09:05:00
6006350.592563913,0.0,189.0,193.0,1.0,,,,7.3,2027-02-06 09:10:00
6006351.592709472,0.0,187.0,,1.0,,,,,2027-02-06 09:15:00
6006352.592855032,0.0,189.0,,1.0,,,,,2027-02-06 09:20:00
6006353.593000591,0.0,189.0,,1.0,,,,,2027-02-06 09:25:00
6006354.593146151,0.0,186.0,,1.0,,,,,2027-02-06 09:30:00
6006355.59329171,0.0,185.0,,1.0,,,,,2027-02-06 09:35:00
6006356.593437269,0.0,180.0,,1.0,,,,,2027-02-06 09:40:00
6006357.5935828285,0.0,175.0,,1.0,,,,,2027-02-06 09:45:00
6006358.593728388,0.0,165.0,,1.0,,,,,2027-02-06 09:50:00
6006359.593873947,0.0,166.0,,1.0,,,,,2027-02-06 09:55:00
6006360.594019506,0.0,166.0,,1.0,,,,,2027-02-06 10:00:00
6006361.594165066,0.0,163.0,,1.0,,,,,2027-02-06 10:05:00
6006362.594310625,0.0,166.0,,1.0,,,,,2027-02-06 10:10:00
6006363.594456185,0.0,167.0,171.0,1.0,,,,11.3,2027-02-06 10:15:00
6006364.594601744,0.0,170.0,,1.0,,,,,2027-02-06 10:20:00
6006365.594747303,0.0,169.0,,1.0,,,,,2027-02-06 10:25:00
6006366.594892862,0.0,166.0,,1.0,,,,,2027-02-06 10:30:00
6006367.595038421,0.0,167.0,,1.0,,,,,2027-02-06 10:35:00
6006368.595183982,0.0,164.0,,1.0,,,,,2027-02-06 10:40:00
6006369.595329541,0.0,159.0,,1.0,,,,,2027-02-06 10:45:00
6006370.5954751,0.0,151.0,,1.0,,,,,2027-02-06 10:50:00
6006371.595620659,0.0,144.0,,1.0,,,,,2027-02-06 10:55:00
6006372.595766218,0.0,138.0,,1.0,,,,,2027-02-06 11:00:00
6006373.595911778,0.0,132.0,,1.0,,,,,2027-02-06 11:05:00
6006374.596057337,1.0,,,1.0,,,,,2027-02-06 11:10:00
6006375.596202897,1.0,,,1.0,,,,,2027-02-06 11:15:00
6006376.596348456,1.0,,,1.0,,,,,2027-02-06 11:20:00
6006377.596494015,1.0,,,1.0,,,,,2027-02-06 11:25:00
6006378.5966395745,1.0,,,1.0,,,,,2027-02-06 11:30:00
6006379.596785134,1.0,,,1.0,,,,,2027-02-06 11:35:00
6006380.596930693,1.0,,,1.0,,,,,2027-02-06 11:40:00
6006381.597076252,1.0,,,1.0,,,,,2027-02-06 11:45:00
6006382.597221812,1.0,,,1.0,,,,,2027-02-06 11:50:00
6006383.597367371,1.0,,,1.0,,,,,2027-02-06 11:55:00
6006384.597512931,1.0,,,1.0,,,,,2027-02-06 12:00:00
6006385.59765849,1.0,,,1.0,,,,,2027-02-06 12:05:00
6006386.597804049,1.0,,,1.0,,,,,2027-02-06 12:10:00
6006387.597949608,1.0,,,1.0,,,,,2027-02-06 12:15:00
6006388.598095167,1.0,,,1.0,,,,10.0,2027-02-06 12:20:00
6006389.598240728,1.0,,,1.0,,,,,2027-02-06 12:25:00
6006390.598386287,1.0,,,1.0,,,,,2027-02-06 12:30:00
6006391.598531846,1.0,,,1.0,,,,,2027-02-06 12:35:00
6006392.598677405,1.0,,,1.0,,,,,2027-02-06 12:40:00
6006393.598822964,1.0,,,1.0,,,,,2027-02-06 12:45:00
6006394.598968524,1.0,,,1.0,,,,,2027-02-06 12:50:00
6006395.599114083,1.0,,,1.0,,,,,2027-02-06 12:55:00
6006396.599259643,1.0,,,1.0,,,,,2027-02-06 13:00:00
6006397.599405202,1.0,,,1.0,,,,,2027-02-06 13:05:00
6006398.599550761,1.0,,,1.0,,,,,2027-02-06 13:10:00
6006399.5996963205,1.0,,,1.0,,,,,2027-02-06 13:15:00
6006400.59984188,1.0,,,1.0,,,,,2027-02-06 13:20:00
6006401.599987439,1.0,,,1.0,,,,,2027-02-06 13:25:00
6006402.600132998,1.0,,,1.0,,,,,2027-02-06 13:30:00
6006403.600278558,1.0,,,1.0,,,,,2027-02-06 13:35:00
6006404.600424117,1.0,,,1.0,,,,,2027-02-06 13:40:00
6006405.600569677,1.0,,,1.0,,,,,2027-02-06 13:45:00
6006406.600715236,1.0,,,1.0,,,,,2027-02-06 13:50:00
6006407.600860795,1.0,,,1.0,,,,,2027-02-06 13:55:00
6006408.601006354,1.0,,,1.0,,,,,2027-02-06 14:00:00
6006409.601151913,1.0,,,1.0,,,,,2027-02-06 14:05:00
6006410.601297474,1.0,,,1.0,,,,,2027-02-06 14:10:00
6006411.601443033,1.0,,,1.0,,,,,2027-02-06 14:15:00
6006412.601588592,1.0,,,1.0,,,,,2027-02-06 14:20:00
6006413.601734151,1.0,,,1.0,,,,,2027-02-06 14:25:00
6006414.60187971,1.0,,,1.0,,,,,2027-02-06 14:30:00
6006415.6020252695,1.0,,,1.0,,,,,2027-02-06 14:35:00
6006416.602170829,1.0,,,1.0,,,,,2027-02-06 14:40:00
6006417.602316389,1.0,,,1.0,,,,,2027-02-06 14:45:00
6006418.602461948,1.0,,,1.0,,,,,2027-02-06 14:50:00
6006419.602607507,1.0,,,1.0,,,,,2027-02-06 14:55:00
6006420.602753066,1.0,,,1.0,,,,,2027-02-06 15:00:00
6006421.602898626,1.0,,,1.0,,,,,2027-02-06 15:05:00
6006422.603044185,1.0,,,1.0,,,,,2027-02-06 15:10:00
6006423.603189744,1.0,,,1.0,,,,,2027-02-06 15:15:00
6006424.603335304,1.0,,,1.0,,,,,2027-02-06 15:20:00
6006425.603480863,1.0,,,1.0,,,,,2027-02-06 15:25:00
6006426.603626423,1.0,,,1.0,,,,,2027-02-06 15:30:00
6006427.603771982,1.0,,,1.0,,,,,2027-02-06 15:35:00
6006428.603917541,1.0,,,1.0,,,,,2027-02-06 15:40:00
6006429.6040631,1.0,,,1.0,,,,,2027-02-06 15:45:00
6006430.604208659,1.0,,170.0,1.0,,,,12.5,2027-02-06 15:50:00
6006431.6043542195,1.0,,,1.0,,,,,2027-02-06 15:55:00
6006432.604499779,0.0,172.0,170.0,1.0,,,,,2027-02-06 16:00:00
6006433.604645338,0.0,178.0,,1.0,,,,,2027-02-06 16:05:00
6006434.604790897,0.0,175.0,,1.0,,,,,2027-02-06 16:10:00
6006435.604936456,0.0,172.0,,1.0,,,,,2027-02-06 16:15:00
6006436.6050820155,0.0,171.0,,1.0,,,,,2027-02-06 16:20:00
6006437.605227575,0.0,162.0,,1.0,,,,,2027-02-06 16:25:00
6006438.605373135,0.0,154.0,,1.0,,,,,2027-02-06 16:30:00
6006439.605518694,0.0,146.0,,1.0,,,,,2027-02-06 16:35:00
6006440.605664253,0.0,139.0,,1.0,,,,,2027-02-06 16:40:00
6006441.605809812,0.0,138.0,,1.0,,,,,2027-02-06 16:45:00
6006442.605955372,0.0,131.0,,1.0,,,,,2027-02-06 16:50:00
6006443.606100931,0.0,127.0,,1.0,,,,,2027-02-06 16:55:00
6006444.60624649,0.0,129.0,,1.0,,,,,2027-02-06 17:00:00
6006445.60639205,0.0,128.0,,1.0,,,,,2027-02-06 17:05:00
6006446.606537609,0.0,121.0,,1.0,,,,,2027-02-06 17:10:00
6006447.606683169,0.0,123.0,,1.0,,,,,2027-02-06 17:15:00
6006448.606828728,0.0,129.0,,1.0,,,,,2027-02-06 17:20:00
6006449.606974287,0.0,129.0,,1.0,,,,,2027-02-06 17:25:00
6006450.607119846,0.0,126.0,,1.0,,,,,2027-02-06 17:30:00
6006451.607265405,0.0,121.0,,1.0,,,,,2027-02-06 17:35:00
6006452.6074109655,0.0,113.0,,1.0,,,,,2027-02-06 17:40:00
6006453.607556525,0.0,106.0,,1.0,,,,,2027-02-06 17:45:00
6006454.607702084,0.0,101.0,,1.0,,,,,2027-02-06 17:50:00
6006455.607847643,0.0,100.0,,1.0,,,,,2027-02-06 17:55:00
6006456.607993202,0.0,97.0,,1.0,,,,,2027-02-06 18:00:00
6006457.6081387615,0.0,89.0,,1.0,,,,,2027-02-06 18:05:00
6006458.608284321,0.0,83.0,,1.0,,,,,2027-02-06 18:10:00
6006459.608429881,0.0,81.0,,1.0,,,,,2027-02-06 18:15:00
6006460.60857544,0.0,77.0,,1.0,,,,,2027-02-06 18:20:00
6006461.608720999,0.0,75.0,,1.0,,,,,2027-02-06 18:25:00
6006462.608866558,0.0,75.0,,1.0,,,,,2027-02-06 18:30:00
6006463.609012118,0.0,78.0,,1.0,,,,,2027-02-06 18:35:00
6006464.609157677,0.0,81.0,,1.0,,,,,2027-02-06 18:40:00
6006465.609303236,0.0,95.0,,1.0,,,,,2027-02-06 18:45:00
6006466.609448796,0.0,109.0,,1.0,,,,,2027-02-06 18:50:00
6006467.609594355,0.0,118.0,,1.0,,,,,2027-02-06 18:55:00
6006468.609739915,0.0,117.0,,1.0,,,,,2027-02-06 19:00:00
6006469.609885474,0.0,123.0,,1.0,,,,,2027-02-06 19:05:00
6006470.610031033,0.0,132.0,,1.0,,,,,2027-02-06 19:10:00
6006471.610176592,0.0,139.0,,1.0,,,,,2027-02-06 19:15:00
6006472.610322151,0.0,150.0,,1.0,,,,,2027-02-06 19:20:00
6006473.610467711,0.0,151.0,,1.0,,,,,2027-02-06 19:25:00
6006474.610613271,0.0,159.0,,1.0,,,,,2027-02-06 19:30:00
6006475.61075883,0.0,167.0,,1.0,,,,,2027-02-06 19:35:00
6006476.610904389,0.0,183.0,,1.0,,,,,2027-02-06 19:40:00
6006477.611049948,0.0,201.0,189.0,1.0,,,,19.0,2027-02-06 19:45:00
6006478.611195507,0.0,213.0,,1.0,,,,,2027-02-06 19:50:00
6006479.611341067,0.0,215.0,,1.0,,,,,2027-02-06 19:55:00
6006480.611486627,0.0,218.0,,1.0,,,,,2027-02-06 20:00:00
6006481.611632186,0.0,225.0,,1.0,,,,,2027-02-06 20:05:00
6006482.611777745,0.0,228.0,,1.0,,,,,2027-02-06 20:10:00
6006483.611923304,0.0,226.0,,1.0,,,,,2027-02-06 20:15:00
6006484.612068864,0.0,223.0,,1.0,,,,,2027-02-06 20:20:00
6006485.612214423,0.0,216.0,,0.0,,,,,2027-02-06 20:25:00
6006486.612359982,0.0,211.0,,0.0,,,,,2027-02-06 20:30:00
6006487.612505542,0.0,202.0,,0.0,,,,,2027-02-06 20:35:00
6006488.612651101,0.0,187.0,,0.0,,,,,2027-02-06 20:40:00
6006489.6127966605,0.0,177.0,,0.0,,,,,2027-02-06 20:45:00
6006490.61294222,0.0,168.0,,0.0,,,,,2027-02-06 20:50:00
6006491.613087779,0.0,155.0,,0.0,,,,,2027-02-06 20:55:00
6006492.613233338,0.0,145.0,,0.0,,,,,2027-02-06 21:00:00
6006493.613378897,0.0,140.0,,1.0,,,,,2027-02-06 21:05:00
6006494.613524457,0.0,137.0,,1.0,,,,,2027-02-06 21:10:00
6006495.613670017,0.0,135.0,,1.0,,,,,2027-02-06 21:15:00
6006496.613815576,0.0,135.0,,1.0,,,,,2027-02-06 21:20:00
6006497.613961135,0.0,134.0,,1.0,,,,,2027-02-06 21:25:00
6006498.614106694,0.0,134.0,,1.0,,,,,2027-02-06 21:30:00
6006499.614252253,0.0,138.0,,1.0,,,,,2027-02-06 21:35:00
6006500.614397813,0.0,146.0,,1.0,,,,,2027-02-06 21:40:00
6006501.614543373,0.0,150.0,,1.0,,,,,2027-02-06 21:45:00
6006502.614688932,0.0,142.0,,1.0,,,,,2027-02-06 21:50:00
6006503.614834491,0.0,133.0,,1.0,,,,,2027-02-06 21:55:00
6006504.61498005,0.0,135.0,,1.0,,,,,2027-02-06 22:00:00
6006505.61512561,0.0,140.0,,1.0,,,,,2027-02-06 22:05:00
6006506.615271169,0.0,147.0,,1.0,,,,,2027-02-06 22:10:00
6006507.615416728,0.0,155.0,,1.0,,,,,2027-02-06 22:15:00
6006508.615562288,0.0,163.0,,1.0,,,,,2027-02-06 22:20:00
6006509.615707847,0.0,172.0,,1.0,,,,,2027-02-06 22:25:00
6006510.6158534065,0.0,186.0,,1.0,,,,,2027-02-06 22:30:00
6006511.615998966,0.0,182.0,,1.0,,,,,2027-02-06 22:35:00
6006512.616144525,0.0,185.0,,1.0,,,,,2027-02-06 22:40:00
6006513.616290084,0.0,192.0,,1.0,,,,,2027-02-06 22:45:00
6006514.616435643,0.0,194.0,,1.0,,,,,2027-02-06 22:50:00
6006515.616581203,0.0,200.0,,1.0,,,,,2027-02-06 22:55:00
6006516.616726763,0.0,204.0,230.0,1.0,,,,9.0,2027-02-06 23:00:00
6006517.616872322,0.0,208.0,,1.0,,,,,2027-02-06 23:05:00
6006518.617017881,0.0,207.0,,1.0,,,,,2027-02-06 23:10:00
6006519.61716344,0.0,203.0,,1.0,,,,,2027-02-06 23:15:00
6006520.617308999,0.0,204.0,,1.0,,,,,2027-02-06 23:20:00
6006521.617454559,0.0,202.0,,1.0,,,,,2027-02-06 23:25:00
6006522.617600119,0.0,203.0,,1.0,,,,,2027-02-06 23:30:00
6006523.617745678,0.0,210.0,,1.0,,,,,2027-02-06 23:35:00
6006524.617891237,0.0,214.0,,1.0,,,,,2027-02-06 23:40:00
6006525.618036796,0.0,214.0,,1.0,,,,,2027-02-06 23:45:00
6006526.618182356,0.0,215.0,,1.0,,,,,2027-02-06 23:50:00
6006527.618327915,0.0,224.0,,1.0,,,,,2027-02-06 23:55:00
6006528.618473474,0.0,225.0,,1.0,,,,,2027-02-07 00:00:00
6006529.618619034,0.0,223.0,,1.0,,,,,2027-02-07 00:05:00
6006530.618764593,0.0,218.0,,1.0,,,,,2027-02-07 00:10:00
6006531.618910152,0.0,207.0,196.0,1.0,,,,7.0,2027-02-07 00:15:00
6006532.619055712,0.0,200.0,,1.0,,,,,2027-02-07 00:20:00
6006533.619201271,0.0,196.0,,1.0,,,,,2027-02-07 00:25:00
6006534.61934683,0.0,186.0,196.0,1.0,,,,,2027-02-07 00:30:00
6006535.619492389,0.0,184.0,,1.0,,,,,2027-02-07 00:35:00
6006536.619637949,0.0,183.0,,1.0,,,,,2027-02-07 00:40:00
6006537.619783509,0.0,183.0,,1.0,,,,,2027-02-07 00:45:00
6006538.619929068,0.0,174.0,,1.0,,,,,2027-02-07 00:50:00
6006539.620074627,0.0,166.0,,1.0,,,,,2027-02-07 00:55:00
6006540.620220186,0.0,166.0,,1.0,,,,,2027-02-07 01:00:00
6006541.620365745,0.0,171.0,,1.0,,,,,2027-02-07 01:05:00
6006542.620511305,0.0,177.0,,1.0,,,,,2027-02-07 01:10:00
6006543.620656865,0.0,176.0,,1.0,,,,,2027-02-07 01:15:00
6006544.620802424,0.0,176.0,,1.0,,,,,2027-02-07 01:20:00
6006545.620947983,0.0,172.0,,1.0,,,,,2027-02-07 01:25:00
6006546.621093542,0.0,170.0,,1.0,,,,,2027-02-07 01:30:00
6006547.6212391015,0.0,169.0,,1.0,,,,,2027-02-07 01:35:00
6006548.621384661,0.0,167.0,,1.0,,,,,2027-02-07 01:40:00
6006549.62153022,0.0,166.0,,1.0,,,,,2027-02-07 01:45:00
6006550.62167578,0.0,164.0,,1.0,,,,,2027-02-07 01:50:00
6006551.621821339,0.0,159.0,,1.0,,,,,2027-02-07 01:55:00
6006552.621966898,0.0,155.0,,1.0,,,,,2027-02-07 02:00:00
6006553.622112458,0.0,157.0,,1.0,,,,,2027-02-07 02:05:00
6006554.622258017,0.0,157.0,,1.0,,,,,2027-02-07 02:10:00
6006555.622403576,0.0,154.0,,1.0,,,,,2027-02-07 02:15:00
6006556.622549135,0.0,151.0,,1.0,,,,,2027-02-07 02:20:00
6006557.622694695,0.0,150.0,,1.0,,,,,2027-02-07 02:25:00
6006558.622840255,0.0,150.0,,1.0,,,,,2027-02-07 02:30:00
6006559.622985814,0.0,151.0,,1.0,,,,,2027-02-07 02:35:00
6006560.623131373,0.0,152.0,,1.0,,,,,2027-02-07 02:40:00
6006561.623276932,0.0,152.0,,1.0,,,,,2027-02-07 02:45:00
6006562.623422491,0.0,152.0,,1.0,,,,,2027-02-07 02:50:00
6006563.623568051,0.0,151.0,,1.0,,,,,2027-02-07 02:55:00
6006564.623713611,0.0,149.0,,1.0,,,,,2027-02-07 03:00:00
6006565.62385917,0.0,143.0,,1.0,,,,,2027-02-07 03:05:00
6006566.624004729,0.0,141.0,,1.0,,,,,2027-02-07 03:10:00
6006567.624150288,0.0,140.0,,1.0,,,,,2027-02-07 03:15:00
6006568.6242958475,0.0,138.0,,1.0,,,,,2027-02-07 03:20:00
6006569.624441407,0.0,137.0,,1.0,,,,,2027-02-07 03:25:00
6006570.624586966,0.0,137.0,,1.0,,,,,2027-02-07 03:30:00
6006571.624732526,0.0,138.0,,1.0,,,,,2027-02-07 03:35:00
6006572.624878085,0.0,138.0,,1.0,,,,,2027-02-07 03:40:00
6006573.625023644,0.0,138.0,,1.0,,,,,2027-02-07 03:45:00
6006574.625169204,0.0,132.0,,1.0,,,,,2027-02-07 03:50:00
6006575.625314763,0.0,115.0,,1.0,,,,,2027-02-07 03:55:00
6006576.625460322,0.0,111.0,,1.0,,,,,2027-02-07 04:00:00
6006577.625605881,0.0,109.0,,1.0,,,,,2027-02-07 04:05:00
6006578.625751441,0.0,111.0,,1.0,,,,,2027-02-07 04:10:00
6006579.625897001,0.0,111.0,,1.0,,,,,2027-02-07 04:15:00
6006580.62604256,0.0,106.0,,1.0,,,,,2027-02-07 04:20:00
6006581.626188119,0.0,105.0,,1.0,,,,,2027-02-07 04:25:00
6006582.626333678,0.0,106.0,,1.0,,,,,2027-02-07 04:30:00
6006583.626479237,0.0,112.0,,1.0,,,,,2027-02-07 04:35:00
6006584.626624797,0.0,113.0,,1.0,,,,,2027-02-07 04:40:00
6006585.626770357,0.0,110.0,,1.0,,,,,2027-02-07 04:45:00
6006586.626915916,0.0,113.0,,1.0,,,,,2027-02-07 04:50:00
6006587.627061475,0.0,115.0,,1.0,,,,,2027-02-07 04:55:00
6006588.627207034,0.0,118.0,,1.0,,,,,2027-02-07 05:00:00
6006589.6273525935,0.0,125.0,,1.0,,,,,2027-02-07 05:05:00
6006590.627498153,0.0,126.0,,1.0,,,,,2027-02-07 05:10:00
6006591.627643712,0.0,125.0,,1.0,,,,,2027-02-07 05:15:00
6006592.627789272,0.0,117.0,,1.0,,,,,2027-02-07 05:20:00
6006593.627934831,0.0,114.0,,1.0,,,,,2027-02-07 05:25:00
6006594.62808039,0.0,116.0,,1.0,,,,,2027-02-07 05:30:00
6006595.62822595,0.0,116.0,,1.0,,,,,2027-02-07 05:35:00
6006596.628371509,0.0,114.0,,1.0,,,,,2027-02-07 05:40:00
6006597.628517068,0.0,113.0,,1.0,,,,,2027-02-07 05:45:00
6006598.628662627,0.0,113.0,,1.0,,,,,2027-02-07 05:50:00
6006599.628808187,0.0,112.0,,1.0,,,,,2027-02-07 05:55:00
6006600.6289537465,0.0,108.0,,1.0,,,,,2027-02-07 06:00:00
6006601.629099306,0.0,108.0,,1.0,,,,,2027-02-07 06:05:00
6006602.629244865,0.0,104.0,,1.0,,,,,2027-02-07 06:10:00
6006603.629390424,0.0,104.0,,1.0,,,,,2027-02-07 06:15:00
6006604.629535983,0.0,109.0,,1.0,,,,,2027-02-07 06:20:00
6006605.6296815425,0.0,108.0,,1.0,,,,,2027-02-07 06:25:00
6006606.629827103,0.0,107.0,,1.0,,,,,2027-02-07 06:30:00
6006607.629972662,0.0,107.0,,1.0,,,,,2027-02-07 06:35:00
6006608.630118221,0.0,107.0,,1.0,,,,,2027-02-07 06:40:00
6006609.63026378,0.0,108.0,,1.0,,,,,2027-02-07 06:45:00
6006610.630409339,0.0,108.0,,1.0,,,,,2027-02-07 06:50:00
6006611.630554899,0.0,110.0,,1.0,,,,,2027-02-07 06:55:00
6006612.630700458,0.0,109.0,,1.0,,,,,2027-02-07 07:00:00
6006613.630846018,0.0,108.0,,1.0,,,,,2027-02-07 07:05:00
6006614.630991577,0.0,110.0,,1.0,,,,,2027-02-07 07:10:00
6006615.631137136,0.0,110.0,,1.0,,,,,2027-02-07 07:15:00
6006616.631282696,0.0,104.0,,1.0,,,,,2027-02-07 07:20:00
6006617.631428255,0.0,105.0,,1.0,,,,,2027-02-07 07:25:00
6006618.631573814,0.0,110.0,,1.0,,,,,2027-02-07 07:30:00
6006619.631719373,0.0,107.0,,1.0,,,,,2027-02-07 07:35:00
6006620.631864933,0.0,108.0,,1.0,,,,,2027-02-07 07:40:00
6006621.6320104925,0.0,106.0,,1.0,,,,,2027-02-07 07:45:00
6006622.632156052,0.0,104.0,,1.0,,,,,2027-02-07 07:50:00
6006623.632301611,0.0,109.0,,1.0,,,,,2027-02-07 07:55:00
6006624.63244717,0.0,109.0,,1.0,,,,,2027-02-07 08:00:00
6006625.632592729,0.0,114.0,,1.0,,,,,2027-02-07 08:05:00
6006626.6327382885,0.0,123.0,,1.0,,,,,2027-02-07 08:10:00
6006627.632883849,0.0,127.0,,1.0,,,,,2027-02-07 08:15:00
6006628.633029408,0.0,132.0,,1.0,,,,,2027-02-07 08:20:00
6006629.633174967,0.0,134.0,,1.0,,,,,2027-02-07 08:25:00
6006630.633320526,0.0,134.0,144.0,1.0,,,,13.4,2027-02-07 08:30:00
6006631.633466085,0.0,135.0,,1.0,,,,,2027-02-07 08:35:00
6006632.633611645,0.0,147.0,,1.0,,,,,2027-02-07 08:40:00
6006633.633757204,0.0,153.0,,1.0,,,,,2027-02-07 08:45:00
6006634.633902764,0.0,161.0,,1.0,,,,,2027-02-07 08:50:00
6006635.634048323,0.0,174.0,,1.0,,,,,2027-02-07 08:55:00
6006636.634193882,0.0,187.0,,1.0,,,,,2027-02-07 09:00:00
6006637.634339442,0.0,191.0,,1.0,,,,,2027-02-07 09:05:00
6006638.634485001,0.0,190.0,,1.0,,,,,2027-02-07 09:10:00
6006639.63463056,0.0,182.0,,1.0,,,,,2027-02-07 09:15:00
6006640.634776119,0.0,180.0,,1.0,,,,,2027-02-07 09:20:00
6006641.634921679,0.0,183.0,,1.0,,,,,2027-02-07 09:25:00
6006642.6350672385,0.0,186.0,,1.0,,,,,2027-02-07 09:30:00
6006643.635212798,0.0,179.0,,1.0,,,,,2027-02-07 09:35:00
6006644.635358357,0.0,181.0,,1.0,,,,,2027-02-07 09:40:00
6006645.635503916,0.0,187.0,,1.0,,,,,2027-02-07 09:45:00
6006646.635649475,0.0,182.0,,1.0,,,,,2027-02-07 09:50:00
6006647.6357950345,0.0,177.0,,1.0,,,,,2027-02-07 09:55:00
6006648.635940595,0.0,174.0,,1.0,,,,,2027-02-07 10:00:00
6006649.636086154,0.0,173.0,,1.0,,,,,2027-02-07 10:05:00
6006650.636231713,0.0,169.0,,1.0,,,,,2027-02-07 10:10:00
6006651.636377272,0.0,161.0,,1.0,,,,,2027-02-07 10:15:00
6006652.636522831,0.0,157.0,,1.0,,,,,2027-02-07 10:20:00
6006653.636668391,0.0,153.0,,1.0,,,,,2027-02-07 10:25:00
6006654.63681395,0.0,149.0,,1.0,,,,,2027-02-07 10:30:00
6006655.63695951,0.0,143.0,,1.0,,,,,2027-02-07 10:35:00
6006656.637105069,0.0,136.0,,1.0,,,,,2027-02-07 10:40:00
6006657.637250628,0.0,128.0,,1.0,,,,,2027-02-07 10:45:00
6006658.6373961875,0.0,112.0,,1.0,,,,,2027-02-07 10:50:00
6006659.637541747,0.0,106.0,,1.0,,,,,2027-02-07 10:55:00
6006660.637687306,0.0,104.0,,1.0,,,,,2027-02-07 11:00:00
6006661.637832865,0.0,101.0,,1.0,,,,,2027-02-07 11:05:00
6006662.637978425,0.0,93.0,,1.0,,,,,2027-02-07 11:10:00
6006663.638123984,0.0,88.0,,1.0,,,,,2027-02-07 11:15:00
6006664.638269544,0.0,83.0,,1.0,,,,,2027-02-07 11:20:00
6006665.638415103,0.0,83.0,,1.0,,,,,2027-02-07 11:25:00
6006666.638560662,0.0,77.0,,1.0,,,,,2027-02-07 11:30:00
6006667.638706221,0.0,73.0,,1.0,,,,,2027-02-07 11:35:00
6006668.63885178,0.0,71.0,,1.0,,,,,2027-02-07 11:40:00
6006669.638997341,0.0,72.0,,1.0,,,,,2027-02-07 11:45:00
6006670.6391429,0.0,71.0,,1.0,,,,,2027-02-07 11:50:00
6006671.639288459,0.0,68.0,,1.0,,,,,2027-02-07 11:55:00
6006672.639434018,0.0,68.0,,1.0,,,,,2027-02-07 12:00:00
6006673.639579577,0.0,68.0,,1.0,,,,,2027-02-07 12:05:00
6006674.639725137,0.0,68.0,,1.0,,,,,2027-02-07 12:10:00
6006675.639870696,1.0,,,1.0,,,,,2027-02-07 12:15:00
6006676.640016256,1.0,,,1.0,,,,,2027-02-07 12:20:00
6006677.640161815,1.0,,,1.0,,,,,2027-02-07 12:25:00
6006678.640307374,1.0,,,1.0,,,,,2027-02-07 12:30:00
6006679.6404529335,1.0,,73.0,1.0,,,,9.4,2027-02-07 12:35:00
6006680.640598493,1.0,,,1.0,,,,,2027-02-07 12:40:00
6006681.640744052,1.0,,,1.0,,,,,2027-02-07 12:45:00
6006682.640889611,1.0,,,1.0,,,,,2027-02-07 12:50:00
6006683.641035171,1.0,,,1.0,,,,,2027-02-07 12:55:00
6006684.64118073,1.0,,,1.0,,,,,2027-02-07 13:00:00
6006685.64132629,1.0,,,1.0,,,,,2027-02-07 13:05:00
6006686.641471849,1.0,,,1.0,,,,,2027-02-07 13:10:00
6006687.641617408,1.0,,,1.0,,,,,2027-02-07 13:15:00
6006688.641762967,1.0,,,1.0,,,,,2027-02-07 13:20:00
6006689.641908526,1.0,,,1.0,,,,,2027-02-07 13:25:00
6006690.642054087,1.0,,,1.0,,,,,2027-02-07 13:30:00
6006691.642199646,1.0,,,1.0,,,,,2027-02-07 13:35:00
6006692.642345205,1.0,,,1.0,,,,,2027-02-07 13:40:00
6006693.642490764,1.0,,,1.0,,,,,2027-02-07 13:45:00
6006694.642636323,1.0,,,1.0,,,,,2027-02-07 13:50:00
6006695.642781883,1.0,,,1.0,,,,,2027-02-07 13:55:00
6006696.642927442,1.0,,,1.0,,,,,2027-02-07 14:00:00
6006697.643073002,1.0,,,1.0,,,,,2027-02-07 14:05:00
6006698.643218561,1.0,,,1.0,,,,,2027-02-07 14:10:00
6006699.64336412,1.0,,,1.0,,,,,2027-02-07 14:15:00
6006700.6435096795,1.0,,,1.0,,,,,2027-02-07 14:20:00
6006701.643655239,1.0,,,1.0,,,,,2027-02-07 14:25:00
6006702.643800798,1.0,,,1.0,,,,,2027-02-07 14:30:00
6006703.643946357,1.0,,,1.0,,,,,2027-02-07 14:35:00
6006704.644091917,1.0,,,1.0,,,,,2027-02-07 14:40:00
6006705.644237476,1.0,,,1.0,,,,,2027-02-07 14:45:00
6006706.644383036,1.0,,,1.0,,,,,2027-02-07 14:50:00
6006707.644528595,1.0,,,1.0,,,,,2027-02-07 14:55:00
6006708.644674154,1.0,,,1.0,,,,,2027-02-07 15:00:00
6006709.644819713,1.0,,,1.0,,,,,2027-02-07 15:05:00
6006710.644965272,1.0,,,1.0,,,,,2027-02-07 15:10:00
6006711.6451108325,1.0,,,1.0,,,,,2027-02-07 15:15:00
6006712.645256392,1.0,,,1.0,,,,,2027-02-07 15:20:00
6006713.645401951,1.0,,,1.0,,,,,2027-02-07 15:25:00
6006714.64554751,1.0,,,1.0,,,,,2027-02-07 15:30:00
6006715.645693069,1.0,,,1.0,,,,,2027-02-07 15:35:00
6006716.6458386285,1.0,,,1.0,,,,,2027-02-07 15:40:00
6006717.645984188,1.0,,,1.0,,,,,2027-02-07 15:45:00
6006718.646129748,1.0,,,1.0,,,,8.5,2027-02-07 15:50:00
6006719.646275307,1.0,,,1.0,,,,,2027-02-07 15:55:00
6006720.646420866,1.0,,,1.0,,,,,2027-02-07 16:00:00
6006721.646566425,1.0,,194.0,1.0,,,,5.0,2027-02-07 16:05:00
6006722.646711985,1.0,,,1.0,,,,,2027-02-07 16:10:00
6006723.646857544,0.0,189.0,194.0,1.0,,,,,2027-02-07 16:15:00
6006724.647003103,0.0,182.0,,1.0,,,,,2027-02-07 16:20:00
6006725.647148663,0.0,183.0,,1.0,,,,,2027-02-07 16:25:00
6006726.647294222,0.0,181.0,,1.0,,,,,2027-02-07 16:30:00
6006727.647439782,0.0,176.0,,1.0,,,,,2027-02-07 16:35:00
6006728.647585341,0.0,175.0,,1.0,,,,,2027-02-07 16:40:00
6006729.6477309,0.0,177.0,,1.0,,,,,2027-02-07 16:45:00
6006730.647876459,0.0,178.0,,1.0,,,,,2027-02-07 16:50:00
6006731.648022018,0.0,180.0,,1.0,,,,,2027-02-07 16:55:00
6006732.6481675785,0.0,181.0,,1.0,,,,,2027-02-07 17:00:00
6006733.648313138,0.0,186.0,,1.0,,,,,2027-02-07 17:05:00
6006734.648458697,0.0,191.0,,1.0,,,,,2027-02-07 17:10:00
6006735.648604256,0.0,197.0,,1.0,,,,,2027-02-07 17:15:00
6006736.648749815,0.0,200.0,,1.0,,,,,2027-02-07 17:20:00
6006737.6488953745,0.0,211.0,,1.0,,,,,2027-02-07 17:25:00
6006738.649040934,0.0,211.0,213.0,1.0,,,,23.8,2027-02-07 17:30:00
6006739.649186494,0.0,213.0,,1.0,,,,,2027-02-07 17:35:00
6006740.649332053,0.0,215.0,,1.0,,,,,2027-02-07 17:40:00
6006741.649477612,0.0,217.0,,1.0,,,,,2027-02-07 17:45:00
6006742.649623171,0.0,215.0,,1.0,,,,,2027-02-07 17:50:00
6006743.649768731,0.0,221.0,,1.0,,,,,2027-02-07 17:55:00
6006744.64991429,0.0,222.0,,1.0,,,,,2027-02-07 18:00:00
6006745.650059849,0.0,217.0,,1.0,,,,,2027-02-07 18:05:00
6006746.650205409,0.0,218.0,,1.0,,,,,2027-02-07 18:10:00
6006747.650350968,0.0,218.0,,1.0,,,,,2027-02-07 18:15:00
6006748.650496528,0.0,210.0,,1.0,,,,,2027-02-07 18:20:00
6006749.650642087,0.0,199.0,,1.0,,,,,2027-02-07 18:25:00
6006750.650787646,0.0,196.0,,1.0,,,,,2027-02-07 18:30:00
6006751.650933205,0.0,191.0,,1.0,,,,,2027-02-07 18:35:00
6006752.651078764,0.0,187.0,,1.0,,,,,2027-02-07 18:40:00
6006753.6512243245,0.0,185.0,,1.0,,,,,2027-02-07 18:45:00
6006754.651369884,0.0,185.0,,1.0,,,,,2027-02-07 18:50:00
6006755.651515443,0.0,184.0,,1.0,,,,,2027-02-07 18:55:00
6006756.651661002,0.0,187.0,,1.0,,,,,2027-02-07 19:00:00
6006757.651806561,0.0,187.0,,1.0,,,,,2027-02-07 19:05:00
6006758.6519521205,0.0,179.0,,1.0,,,,,2027-02-07 19:10:00
6006759.65209768,0.0,174.0,,1.0,,,,,2027-02-07 19:15:00
6006760.65224324,0.0,172.0,,1.0,,,,,2027-02-07 19:20:00
6006761.652388799,0.0,170.0,178.0,1.0,,,,14.1,2027-02-07 19:25:00
6006762.652534358,0.0,171.0,,1.0,,,,,2027-02-07 19:30:00
6006763.652679917,0.0,165.0,,1.0,,,,,2027-02-07 19:35:00
6006764.652825477,0.0,164.0,,1.0,,,,,2027-02-07 19:40:00
6006765.652971036,0.0,167.0,,1.0,,,,,2027-02-07 19:45:00
6006766.653116595,0.0,170.0,,1.0,,,,,2027-02-07 19:50:00
6006767.653262155,0.0,170.0,,1.0,,,,,2027-02-07 19:55:00
6006768.653407714,0.0,167.0,,1.0,,,,,2027-02-07 20:00:00
6006769.6535532735,0.0,163.0,,1.0,,,,,2027-02-07 20:05:00
6006770.653698833,0.0,143.0,,1.0,,,,,2027-02-07 20:10:00
6006771.653844392,0.0,126.0,,1.0,,,,,2027-02-07 20:15:00
6006772.653989951,0.0,130.0,,0.0,,,,,2027-02-07 20:20:00
6006773.65413551,0.0,125.0,,0.0,,,,,2027-02-07 20:25:00
6006774.65428107,0.0,120.0,,0.0,,,,,2027-02-07 20:30:00
6006775.65442663,0.0,113.0,,0.0,,,,,2027-02-07 20:35:00
6006776.654572189,0.0,106.0,,0.0,,,,,2027-02-07 20:40:00
6006777.654717748,0.0,100.0,,1.0,,,,,2027-02-07 20:45:00
6006778.654863307,0.0,95.0,,1.0,,,,,2027-02-07 20:50:00
6006779.655008866,0.0,92.0,,1.0,,,,,2027-02-07 20:55:00
6006780.655154426,0.0,94.0,,1.0,,,,,2027-02-07 21:00:00
6006781.655299986,0.0,98.0,,1.0,,,,,2027-02-07 21:05:00
6006782.655445545,0.0,101.0,,1.0,,,,,2027-02-07 21:10:00
6006783.655591104,0.0,115.0,,1.0,,,,,2027-02-07 21:15:00
6006784.655736663,0.0,128.0,,1.0,,,,,2027-02-07 21:20:00
6006785.655882223,0.0,136.0,,1.0,,,,,2027-02-07 21:25:00
6006786.656027782,0.0,143.0,,1.0,,,,,2027-02-07 21:30:00
6006787.656173341,0.0,151.0,,1.0,,,,,2027-02-07 21:35:00
6006788.656318901,0.0,156.0,,1.0,,,,,2027-02-07 21:40:00
6006789.65646446,0.0,156.0,,1.0,,,,,2027-02-07 21:45:00
6006790.6566100195,0.0,161.0,,1.0,,,,,2027-02-07 21:50:00
6006791.656755579,0.0,163.0,,1.0,,,,,2027-02-07 21:55:00
6006792.656901138,0.0,167.0,,1.0,,,,,2027-02-07 22:00:00
6006793.657046697,0.0,172.0,,1.0,,,,,2027-02-07 22:05:00
6006794.657192256,0.0,164.0,,1.0,,,,,2027-02-07 22:10:00
6006795.657337816,0.0,160.0,,1.0,,,,,2027-02-07 22:15:00
6006796.657483376,0.0,165.0,,1.0,,,,,2027-02-07 22:20:00
6006797.657628935,0.0,171.0,,1.0,,,,,2027-02-07 22:25:00
6006798.657774494,0.0,177.0,,1.0,,,,,2027-02-07 22:30:00
6006799.657920053,0.0,182.0,,1.0,,,,,2027-02-07 22:35:00
6006800.658065612,0.0,185.0,,1.0,,,,,2027-02-07 22:40:00
6006801.658211172,0.0,183.0,,1.0,,,,,2027-02-07 22:45:00
6006802.658356732,0.0,178.0,,1.0,,,,,2027-02-07 22:50:00
6006803.658502291,0.0,183.0,,1.0,,,,,2027-02-07 22:55:00
6006804.65864785,0.0,191.0,,1.0,,,,,2027-02-07 23:00:00
6006805.658793409,0.0,197.0,,1.0,,,,,2027-02-07 23:05:00
6006806.658938969,0.0,202.0,,1.0,,,,,2027-02-07 23:10:00
6006807.659084528,0.0,205.0,202.0,1.0,,,,12.0,2027-02-07 23:15:00
6006808.659230087,0.0,201.0,224.0,1.0,,,,,2027-02-07 23:20:00
6006809.659375647,0.0,197.0,,1.0,,,,,2027-02-07 23:25:00
6006810.659521206,0.0,216.0,224.0,1.0,,,,,2027-02-07 23:30:00
6006811.6596667655,0.0,225.0,,1.0,,,,,2027-02-07 23:35:00
6006812.659812325,0.0,232.0,,1.0,,,,,2027-02-07 23:40:00
6006813.659957884,0.0,236.0,,1.0,,,,,2027-02-07 23:45:00
6006814.660103443,0.0,239.0,,1.0,,,,,2027-02-07 23:50:00
6006815.660249002,0.0,240.0,,1.0,,,,,2027-02-07 23:55:00
6006816.660394562,0.0,240.0,,1.0,,,,,2027-02-08 00:00:00
6006817.660540122,0.0,238.0,,1.0,,,,,2027-02-08 00:05:00
6006818.660685681,0.0,234.0,,1.0,,,,,2027-02-08 00:10:00
6006819.66083124,0.0,233.0,,1.0,,,,,2027-02-08 00:15:00
6006820.660976799,0.0,234.0,,1.0,,,,,2027-02-08 00:20:00
6006821.661122358,0.0,234.0,,1.0,,,,,2027-02-08 00:25:00
6006822.661267918,0.0,228.0,,1.0,,,,,2027-02-08 00:30:00
6006823.661413478,0.0,226.0,,1.0,,,,,2027-02-08 00:35:00
6006824.661559037,0.0,224.0,,1.0,,,,,2027-02-08 00:40:00
6006825.661704596,0.0,218.0,,1.0,,,,,2027-02-08 00:45:00
6006826.661850155,0.0,214.0,,1.0,,,,,2027-02-08 00:50:00
6006827.6619957145,0.0,212.0,,1.0,,,,,2027-02-08 00:55:00
6006828.662141274,0.0,206.0,,1.0,,,,,2027-02-08 01:00:00
6006829.662286833,0.0,196.0,,1.0,,,,,2027-02-08 01:05:00
6006830.662432393,0.0,190.0,,1.0,,,,,2027-02-08 01:10:00
6006831.662577952,0.0,189.0,,1.0,,,,,2027-02-08 01:15:00
6006832.662723511,0.0,187.0,,1.0,,,,,2027-02-08 01:20:00
6006833.662869071,0.0,183.0,,1.0,,,,,2027-02-08 01:25:00
6006834.66301463,0.0,181.0,,1.0,,,,,2027-02-08 01:30:00
6006835.663160189,0.0,179.0,,1.0,,,,,2027-02-08 01:35:00
6006836.663305748,0.0,178.0,,1.0,,,,,2027-02-08 01:40:00
6006837.663451308,0.0,175.0,,1.0,,,,,2027-02-08 01:45:00
6006838.663596868,0.0,176.0,,1.0,,,,,2027-02-08 01:50:00
6006839.663742427,0.0,171.0,,1.0,,,,,2027-02-08 01:55:00
6006840.663887986,0.0,171.0,,1.0,,,,,2027-02-08 02:00:00
6006841.664033545,0.0,172.0,,1.0,,,,,2027-02-08 02:05:00
6006842.664179104,0.0,167.0,,1.0,,,,,2027-02-08 02:10:00
6006843.664324664,0.0,164.0,,1.0,,,,,2027-02-08 02:15:00
6006844.664470224,0.0,161.0,,1.0,,,,,2027-02-08 02:20:00
6006845.664615783,0.0,164.0,,1.0,,,,,2027-02-08 02:25:00
6006846.664761342,0.0,163.0,,1.0,,,,,2027-02-08 02:30:00
6006847.664906901,0.0,158.0,,1.0,,,,,2027-02-08 02:35:00
6006848.6650524605,0.0,160.0,,1.0,,,,,2027-02-08 02:40:00
6006849.66519802,0.0,166.0,,1.0,,,,,2027-02-08 02:45:00
6006850.665343579,0.0,168.0,,1.0,,,,,2027-02-08 02:50:00
6006851.665489139,0.0,166.0,,1.0,,,,,2027-02-08 02:55:00
6006852.665634698,0.0,168.0,,1.0,,,,,2027-02-08 03:00:00
6006853.665780257,0.0,173.0,,1.0,,,,,2027-02-08 03:05:00
6006854.665925817,0.0,173.0,,1.0,,,,,2027-02-08 03:10:00
6006855.666071376,0.0,172.0,,1.0,,,,,2027-02-08 03:15:00
6006856.666216935,0.0,175.0,,1.0,,,,,2027-02-08 03:20:00
6006857.666362494,0.0,173.0,,1.0,,,,,2027-02-08 03:25:00
6006858.666508054,0.0,170.0,,1.0,,,,,2027-02-08 03:30:00
6006859.666653614,0.0,170.0,,1.0,,,,,2027-02-08 03:35:00
6006860.666799173,0.0,172.0,,1.0,,,,,2027-02-08 03:40:00
6006861.666944732,0.0,180.0,,1.0,,,,,2027-02-08 03:45:00
6006862.667090291,0.0,173.0,,1.0,,,,,2027-02-08 03:50:00
6006863.66723585,0.0,174.0,,1.0,,,,,2027-02-08 03:55:00
6006864.66738141,0.0,184.0,,1.0,,,,,2027-02-08 04:00:00
6006865.66752697,0.0,186.0,,1.0,,,,,2027-02-08 04:05:00
6006866.667672529,0.0,187.0,,1.0,,,,,2027-02-08 04:10:00
6006867.667818088,0.0,187.0,,1.0,,,,,2027-02-08 04:15:00
6006868.667963647,0.0,187.0,,1.0,,,,,2027-02-08 04:20:00
6006869.6681092065,0.0,188.0,,1.0,,,,,2027-02-08 04:25:00
6006870.668254766,0.0,185.0,,1.0,,,,,2027-02-08 04:30:00
6006871.668400325,0.0,173.0,,1.0,,,,,2027-02-08 04:35:00
6006872.668545885,0.0,168.0,,1.0,,,,,2027-02-08 04:40:00
6006873.668691444,0.0,167.0,,1.0,,,,,2027-02-08 04:45:00
6006874.668837003,0.0,167.0,,1.0,,,,,2027-02-08 04:50:00
6006875.668982563,0.0,167.0,,1.0,,,,,2027-02-08 04:55:00
6006876.669128122,0.0,174.0,,1.0,,,,,2027-02-08 05:00:00
6006877.669273681,0.0,182.0,,1.0,,,,,2027-02-08 05:05:00
6006878.66941924,0.0,190.0,,1.0,,,,,2027-02-08 05:10:00
6006879.6695648,0.0,191.0,,1.0,,,,,2027-02-08 05:15:00
6006880.66971036,0.0,193.0,,1.0,,,,,2027-02-08 05:20:00
6006881.669855919,0.0,195.0,,1.0,,,,,2027-02-08 05:25:00
6006882.670001478,0.0,193.0,,1.0,,,,,2027-02-08 05:30:00
6006883.670147037,0.0,192.0,,1.0,,,,,2027-02-08 05:35:00
6006884.670292596,0.0,192.0,,1.0,,,,,2027-02-08 05:40:00
6006885.6704381555,0.0,184.0,,1.0,,,,,2027-02-08 05:45:00
6006886.670583716,0.0,172.0,,1.0,,,,,2027-02-08 05:50:00
6006887.670729275,0.0,169.0,,1.0,,,,,2027-02-08 05:55:00
6006888.670874834,0.0,167.0,,1.0,,,,,2027-02-08 06:00:00
6006889.671020393,0.0,167.0,,1.0,,,,,2027-02-08 06:05:00
6006890.671165952,0.0,175.0,,1.0,,,,,2027-02-08 06:10:00
6006891.671311512,0.0,177.0,,1.0,,,,,2027-02-08 06:15:00
6006892.671457071,0.0,176.0,,1.0,,,,,2027-02-08 06:20:00
6006893.671602631,0.0,175.0,,1.0,,,,,2027-02-08 06:25:00
6006894.67174819,0.0,174.0,,1.0,,,,,2027-02-08 06:30:00
6006895.671893749,0.0,173.0,,1.0,,,,,2027-02-08 06:35:00
6006896.672039309,0.0,171.0,,1.0,,,,,2027-02-08 06:40:00
6006897.672184868,0.0,169.0,,1.0,,,,,2027-02-08 06:45:00
6006898.672330427,0.0,169.0,,1.0,,,,,2027-02-08 06:50:00
6006899.672475986,0.0,173.0,,1.0,,,,,2027-02-08 06:55:00
6006900.672621546,0.0,173.0,,1.0,,,,,2027-02-08 07:00:00
6006901.6727671055,0.0,170.0,173.0,1.0,,,,5.3,2027-02-08 07:05:00
6006902.672912665,0.0,168.0,,1.0,,,,,2027-02-08 07:10:00
6006903.673058224,0.0,166.0,,1.0,,,,,2027-02-08 07:15:00
6006904.673203783,0.0,170.0,,1.0,,,,,2027-02-08 07:20:00
6006905.673349342,0.0,170.0,,1.0,,,,,2027-02-08 07:25:00
6006906.6734949015,0.0,165.0,,1.0,,,,,2027-02-08 07:30:00
6006907.673640462,0.0,159.0,,1.0,,,,,2027-02-08 07:35:00
6006908.673786021,0.0,149.0,,1.0,,,,,2027-02-08 07:40:00
6006909.67393158,0.0,144.0,,1.0,,,,,2027-02-08 07:45:00
6006910.674077139,0.0,144.0,,1.0,,,,,2027-02-08 07:50:00
6006911.674222698,0.0,146.0,,1.0,,,,,2027-02-08 07:55:00
6006912.674368258,0.0,150.0,,1.0,,,,,2027-02-08 08:00:00
6006913.674513817,0.0,153.0,,1.0,,,,,2027-02-08 08:05:00
6006914.674659377,0.0,156.0,,1.0,,,,,2027-02-08 08:10:00
6006915.674804936,0.0,159.0,,1.0,,,,,2027-02-08 08:15:00
6006916.674950495,0.0,159.0,,1.0,,,,,2027-02-08 08:20:00
6006917.675096055,0.0,162.0,,1.0,,,,19.0,2027-02-08 08:25:00
6006918.675241614,0.0,166.0,,1.0,,,,,2027-02-08 08:30:00
6006919.675387173,0.0,168.0,,1.0,,,,,2027-02-08 08:35:00
6006920.675532732,0.0,174.0,,1.0,,,,,2027-02-08 08:40:00
6006921.675678292,0.0,177.0,,1.0,,,,,2027-02-08 08:45:00
6006922.6758238515,0.0,179.0,,1.0,,,,,2027-02-08 08:50:00
6006923.675969411,0.0,176.0,,1.0,,,,,2027-02-08 08:55:00
6006924.67611497,0.0,171.0,,1.0,,,,,2027-02-08 09:00:00
6006925.676260529,0.0,165.0,,1.0,,,,,2027-02-08 09:05:00
6006926.676406088,0.0,154.0,,1.0,,,,,2027-02-08 09:10:00
6006927.6765516475,0.0,148.0,,1.0,,,,,2027-02-08 09:15:00
6006928.676697208,0.0,143.0,,1.0,,,,,2027-02-08 09:20:00
6006929.676842767,0.0,140.0,,1.0,,,,,2027-02-08 09:25:00
6006930.676988326,0.0,140.0,,1.0,,,,,2027-02-08 09:30:00
6006931.677133885,0.0,139.0,,1.0,,,,,2027-02-08 09:35:00
6006932.677279444,0.0,138.0,,1.0,,,,,2027-02-08 09:40:00
6006933.677425004,0.0,135.0,,1.0,,,,,2027-02-08 09:45:00
6006934.677570563,0.0,131.0,,1.0,,,,,2027-02-08 09:50:00
6006935.677716123,0.0,129.0,,1.0,,,,,2027-02-08 09:55:00
6006936.677861682,0.0,126.0,,1.0,,,,,2027-02-08 10:00:00
6006937.678007241,0.0,120.0,,1.0,,,,,2027-02-08 10:05:00
6006938.678152801,0.0,116.0,,1.0,,,,,2027-02-08 10:10:00
6006939.67829836,0.0,112.0,,1.0,,,,,2027-02-08 10:15:00
6006940.678443919,0.0,107.0,,1.0,,,,,2027-02-08 10:20:00
6006941.678589478,0.0,104.0,,1.0,,,,,2027-02-08 10:25:00
6006942.678735038,0.0,102.0,,1.0,,,,,2027-02-08 10:30:00
6006943.678880597,0.0,100.0,,1.0,,,,,2027-02-08 10:35:00
6006944.679026157,0.0,97.0,,1.0,,,,,2027-02-08 10:40:00
6006945.679171716,0.0,96.0,,1.0,,,,,2027-02-08 10:45:00
6006946.679317275,0.0,97.0,,1.0,,,,,2027-02-08 10:50:00
6006947.679462834,0.0,100.0,,1.0,,,,,2027-02-08 10:55:00
6006948.679608393,0.0,102.0,,1.0,,,,,2027-02-08 11:00:00
6006949.679753954,0.0,103.0,,1.0,,,,,2027-02-08 11:05:00
6006950.679899513,0.0,102.0,,1.0,,,,,2027-02-08 11:10:00
6006951.680045072,0.0,99.0,,1.0,,,,,2027-02-08 11:15:00
6006952.680190631,1.0,,,1.0,,,,,2027-02-08 11:20:00
6006953.68033619,1.0,,,1.0,,,,,2027-02-08 11:25:00
6006954.68048175,1.0,,,1.0,,,,,2027-02-08 11:30:00
6006955.680627309,1.0,,,1.0,,,,,2027-02-08 11:35:00
6006956.680772869,1.0,,,1.0,,,,,2027-02-08 11:40:00
6006957.680918428,1.0,,,1.0,,,,,2027-02-08 11:45:00
6006958.681063987,1.0,,,1.0,,,,,2027-02-08 11:50:00
6006959.6812095465,1.0,,,1.0,,,,,2027-02-08 11:55:00
6006960.681355106,1.0,,,1.0,,,,,2027-02-08 12:00:00
6006961.681500665,1.0,,,1.0,,,,,2027-02-08 12:05:00
6006962.681646224,1.0,,,1.0,,,,,2027-02-08 12:10:00
6006963.681791784,1.0,,63.0,1.0,,,,9.6,2027-02-08 12:15:00
6006964.681937343,1.0,,,1.0,,,,,2027-02-08 12:20:00
6006965.682082903,1.0,,,1.0,,,,,2027-02-08 12:25:00
6006966.682228462,0.0,75.0,63.0,1.0,,,,,2027-02-08 12:30:00
6006967.682374021,0.0,83.0,,1.0,,,,,2027-02-08 12:35:00
6006968.68251958,0.0,87.0,,1.0,,,,,2027-02-08 12:40:00
6006969.682665139,0.0,94.0,,1.0,,,,,2027-02-08 12:45:00
6006970.6828107,0.0,100.0,,1.0,,,,,2027-02-08 12:50:00
6006971.682956259,0.0,103.0,,1.0,,,,,2027-02-08 12:55:00
6006972.683101818,0.0,104.0,,1.0,,,,,2027-02-08 13:00:00
6006973.683247377,0.0,107.0,,1.0,,,,,2027-02-08 13:05:00
6006974.683392936,0.0,108.0,,1.0,,,,,2027-02-08 13:10:00
6006975.683538496,0.0,106.0,,1.0,,,,,2027-02-08 13:15:00
6006976.683684055,0.0,106.0,,1.0,,,,,2027-02-08 13:20:00
6006977.683829615,0.0,107.0,,1.0,,,,,2027-02-08 13:25:00
6006978.683975174,0.0,106.0,,1.0,,,,,2027-02-08 13:30:00
6006979.684120733,0.0,108.0,,1.0,,,,,2027-02-08 13:35:00
6006980.6842662925,0.0,113.0,,1.0,,,,,2027-02-08 13:40:00
6006981.684411852,0.0,119.0,,1.0,,,,,2027-02-08 13:45:00
6006982.684557411,0.0,122.0,,1.0,,,,,2027-02-08 13:50:00
6006983.68470297,0.0,122.0,,1.0,,,,,2027-02-08 13:55:00
6006984.68484853,0.0,123.0,,1.0,,,,,2027-02-08 14:00:00
6006985.684994089,0.0,124.0,,1.0,,,,,2027-02-08 14:05:00
6006986.685139649,0.0,125.0,,1.0,,,,,2027-02-08 14:10:00
6006987.685285208,0.0,126.0,,1.0,,,,,2027-02-08 14:15:00
6006988.685430767,0.0,129.0,,1.0,,,,,2027-02-08 14:20:00
6006989.685576326,0.0,132.0,,1.0,,,,,2027-02-08 14:25:00
6006990.685721885,0.0,134.0,,1.0,,,,,2027-02-08 14:30:00
6006991.685867446,0.0,139.0,,1.0,,,,,2027-02-08 14:35:00
6006992.686013005,0.0,141.0,,1.0,,,,,2027-02-08 14:40:00
6006993.686158564,0.0,145.0,,1.0,,,,,2027-02-08 14:45:00
6006994.686304123,0.0,151.0,,1.0,,,,,2027-02-08 14:50:00
6006995.686449682,0.0,153.0,,1.0,,,,,2027-02-08 14:55:00
6006996.686595242,0.0,155.0,,1.0,,,,,2027-02-08 15:00:00
6006997.686740801,0.0,156.0,,1.0,,,,,2027-02-08 15:05:00
6006998.686886361,0.0,160.0,,1.0,,,,,2027-02-08 15:10:00
6006999.68703192,0.0,163.0,,1.0,,,,,2027-02-08 15:15:00
6007000.687177479,0.0,160.0,,1.0,,,,,2027-02-08 15:20:00
6007001.6873230385,0.0,159.0,,1.0,,,,,2027-02-08 15:25:00
6007002.687468598,0.0,163.0,,1.0,,,,,2027-02-08 15:30:00
6007003.687614157,0.0,165.0,,1.0,,,,,2027-02-08 15:35:00
6007004.687759716,0.0,165.0,,1.0,,,,,2027-02-08 15:40:00
6007005.687905276,0.0,167.0,,1.0,,,,,2027-02-08 15:45:00
6007006.688050835,0.0,170.0,,1.0,,,,,2027-02-08 15:50:00
6007007.688196395,0.0,173.0,,1.0,,,,,2027-02-08 15:55:00
6007008.688341954,0.0,177.0,,1.0,,,,,2027-02-08 16:00:00
6007009.688487513,0.0,183.0,,1.0,,,,,2027-02-08 16:05:00
6007010.688633072,0.0,189.0,,1.0,,,,,2027-02-08 16:10:00
6007011.688778631,0.0,194.0,,1.0,,,,,2027-02-08 16:15:00
6007012.6889241915,0.0,196.0,,1.0,,,,,2027-02-08 16:20:00
6007013.689069751,0.0,201.0,,1.0,,,,,2027-02-08 16:25:00
6007014.68921531,0.0,205.0,,1.0,,,,,2027-02-08 16:30:00
6007015.689360869,0.0,204.0,,1.0,,,,,2027-02-08 16:35:00
6007016.689506428,0.0,203.0,,1.0,,,,,2027-02-08 16:40:00
6007017.6896519875,0.0,202.0,,1.0,,,,,2027-02-08 16:45:00
6007018.689797547,0.0,210.0,,1.0,,,,,2027-02-08 16:50:00
6007019.689943107,0.0,219.0,,1.0,,,,,2027-02-08 16:55:00
6007020.690088666,0.0,226.0,,1.0,,,,,2027-02-08 17:00:00
6007021.690234225,0.0,230.0,,1.0,,,,,2027-02-08 17:05:00
6007022.690379784,0.0,232.0,234.0,1.0,,0.641586,,20.5,2027-02-08 17:10:00
6007023.690525344,0.0,234.0,,1.0,,0.672285,,,2027-02-08 17:15:00
6007024.690670903,0.0,232.0,,1.0,,0.460088,,,2027-02-08 17:20:00
6007025.690816462,0.0,232.0,,1.0,,0.53051,,,2027-02-08 17:25:00
6007026.690962022,0.0,236.0,,1.0,,0.521194,,,2027-02-08 17:30:00
6007027.691107581,0.0,236.0,,1.0,,0.566474,,,2027-02-08 17:35:00
6007028.691253141,0.0,236.0,,1.0,,0.587334,,,2027-02-08 17:40:00
6007029.6913987,0.0,233.0,,1.0,,0.617891,,,2027-02-08 17:45:00
6007030.691544259,0.0,231.0,,1.0,,0.094097,,,2027-02-08 17:50:00
6007031.691689818,0.0,230.0,,1.0,,0.227279,,,2027-02-08 17:55:00
6007032.691835377,0.0,227.0,,1.0,,0.338765,,,2027-02-08 18:00:00
6007033.6919809375,0.0,226.0,,1.0,,0.428804,,,2027-02-08 18:05:00
6007034.692126497,0.0,225.0,,1.0,,0.605131,,,2027-02-08 18:10:00
6007035.692272056,0.0,219.0,,1.0,,0.532216,,,2027-02-08 18:15:00
6007036.692417615,0.0,210.0,,1.0,,5.123461,,,2027-02-08 18:20:00
6007037.692563174,0.0,202.0,,1.0,,9.813558,,,2027-02-08 18:25:00
6007038.6927087335,0.0,195.0,,1.0,,14.541834,,,2027-02-08 18:30:00
6007039.692854293,0.0,186.0,,1.0,,9.64596,,,2027-02-08 18:35:00
6007040.692999853,0.0,178.0,,1.0,,7.573972,,,2027-02-08 18:40:00
6007041.693145412,0.0,171.0,,1.0,,7.941793,,,2027-02-08 18:45:00
6007042.693290971,0.0,158.0,,1.0,,0.783502,,,2027-02-08 18:50:00
6007043.69343653,0.0,148.0,,1.0,,0.149859,,,2027-02-08 18:55:00
6007044.69358209,0.0,144.0,,1.0,,0.109718,,,2027-02-08 19:00:00
6007045.693727649,0.0,139.0,,1.0,,0.047344,,,2027-02-08 19:05:00
6007046.693873208,0.0,133.0,,1.0,,0.091289,,,2027-02-08 19:10:00
6007047.694018768,0.0,127.0,,1.0,,0.128466,,,2027-02-08 19:15:00
6007048.694164327,0.0,123.0,,1.0,,0.129511,,,2027-02-08 19:20:00
6007049.694309887,0.0,122.0,,1.0,,0.174002,,,2027-02-08 19:25:00
6007050.694455446,0.0,118.0,124.0,1.0,,0.213143,,15.3,2027-02-08 19:30:00
6007051.694601005,0.0,116.0,,1.0,,0.208915,,,2027-02-08 19:35:00
6007052.694746564,0.0,120.0,,1.0,,0.25438,,,2027-02-08 19:40:00
6007053.694892123,0.0,127.0,,1.0,,0.240758,,,2027-02-08 19:45:00
6007054.6950376835,0.0,135.0,,1.0,,0.31572,,,2027-02-08 19:50:00
6007055.695183243,0.0,140.0,,1.0,,0.368072,,,2027-02-08 19:55:00
6007056.695328802,0.0,144.0,,1.0,,0.519533,,,2027-02-08 20:00:00
6007057.695474361,0.0,148.0,,1.0,,0.594562,,,2027-02-08 20:05:00
6007058.69561992,0.0,150.0,,1.0,,0.593805,,,2027-02-08 20:10:00
6007059.6957654795,0.0,146.0,,1.0,,0.333698,,,2027-02-08 20:15:00
6007060.695911039,0.0,137.0,,1.0,,0.342984,,,2027-02-08 20:20:00
6007061.696056599,0.0,130.0,,1.0,,0.437268,,,2027-02-08 20:25:00
6007062.696202158,0.0,124.0,,1.0,,0.61191,,,2027-02-08 20:30:00
6007063.696347717,0.0,120.0,,1.0,,0.69538,,,2027-02-08 20:35:00
6007064.696493276,0.0,119.0,,1.0,,0.66369,,,2027-02-08 20:40:00
6007065.696638836,0.0,118.0,,1.0,,0.688857,,,2027-02-08 20:45:00
6007066.696784395,0.0,121.0,,1.0,,0.66679,,,2027-02-08 20:50:00
6007067.696929954,0.0,123.0,,1.0,,0.459301,,,2027-02-08 20:55:00
6007068.697075514,0.0,125.0,,1.0,,0.195451,,,2027-02-08 21:00:00
6007069.697221073,0.0,128.0,,1.0,,0.015798,,,2027-02-08 21:05:00
6007070.6973666325,0.0,130.0,,1.0,,0.0,,,2027-02-08 21:10:00
6007071.697512192,0.0,134.0,,1.0,,,,,2027-02-08 21:15:00
6007072.697657751,0.0,134.0,,0.0,,,,,2027-02-08 21:20:00
6007073.69780331,0.0,130.0,,0.0,,,,,2027-02-08 21:25:00
6007074.697948869,0.0,127.0,,0.0,,,,,2027-02-08 21:30:00
6007075.6980944285,0.0,123.0,,0.0,,0.13235,,,2027-02-08 21:35:00
6007076.698239989,0.0,122.0,,0.0,,0.65346,,,2027-02-08 21:40:00
6007077.698385548,0.0,121.0,,0.0,,0.606456,,,2027-02-08 21:45:00
6007078.698531107,0.0,118.0,,0.0,,0.298931,,,2027-02-08 21:50:00
6007079.698676666,0.0,117.0,,1.0,,0.32544,,,2027-02-08 21:55:00
6007080.698822225,0.0,114.0,,1.0,,0.091057,,,2027-02-08 22:00:00
6007081.698967785,0.0,120.0,,1.0,,0.020863,,,2027-02-08 22:05:00
6007082.699113344,0.0,134.0,,1.0,,0.017202,,,2027-02-08 22:10:00
6007083.699258904,0.0,141.0,,1.0,,0.018764,,,2027-02-08 22:15:00
6007084.699404463,0.0,147.0,,1.0,,0.018035,,,2027-02-08 22:20:00
6007085.699550022,0.0,152.0,,1.0,,0.019304,,,2027-02-08 22:25:00
6007086.699695582,0.0,157.0,,1.0,,0.01879,,,2027-02-08 22:30:00
6007087.699841141,0.0,164.0,,1.0,,0.018815,,,2027-02-08 22:35:00
6007088.6999867,0.0,170.0,,1.0,,0.017179,,,2027-02-08 22:40:00
6007089.700132259,0.0,176.0,,1.0,,0.016888,,,2027-02-08 22:45:00
6007090.700277819,0.0,183.0,,1.0,,0.019292,,,2027-02-08 22:50:00
6007091.7004233785,0.0,191.0,188.0,1.0,,0.017901,,11.0,2027-02-08 22:55:00
6007092.700568938,0.0,196.0,,1.0,,0.0,,,2027-02-08 23:00:00
6007093.700714497,0.0,197.0,,1.0,,,,,2027-02-08 23:05:00
6007094.700860056,0.0,200.0,,1.0,,,,,2027-02-08 23:10:00
6007095.701005615,0.0,203.0,,1.0,,,,,2027-02-08 23:15:00
6007096.7011511745,0.0,203.0,,1.0,,,,,2027-02-08 23:20:00
6007097.701296735,0.0,196.0,238.0,1.0,,,,4.0,2027-02-08 23:25:00
6007098.701442294,0.0,187.0,,1.0,,,,,2027-02-08 23:30:00
6007099.701587853,0.0,180.0,,1.0,,,,,2027-02-08 23:35:00
6007100.701733412,0.0,169.0,,1.0,,,,,2027-02-08 23:40:00
6007101.701878971,0.0,204.0,238.0,1.0,,0.024911,,,2027-02-08 23:45:00
6007102.702024531,0.0,198.0,,1.0,,0.039478,,,2027-02-08 23:50:00
6007103.70217009,0.0,194.0,,1.0,,0.061731,,,2027-02-08 23:55:00
6007104.70231565,0.0,191.0,,1.0,,0.052256,,,2027-02-09 00:00:00
6007105.702461209,0.0,185.0,,1.0,,0.052577,,,2027-02-09 00:05:00
6007106.702606768,0.0,178.0,,1.0,,0.038974,,,2027-02-09 00:10:00
6007107.702752328,0.0,174.0,,1.0,,0.03534,,,2027-02-09 00:15:00
6007108.702897887,0.0,170.0,,1.0,,0.043426,,,2027-02-09 00:20:00
6007109.703043446,0.0,166.0,,1.0,,0.119806,,,2027-02-09 00:25:00
6007110.703189005,0.0,161.0,,1.0,,0.913087,,,2027-02-09 00:30:00
6007111.703334565,0.0,158.0,,1.0,,3.136358,,,2027-02-09 00:35:00
6007112.7034801245,0.0,158.0,,1.0,,13.060464,,,2027-02-09 00:40:00
6007113.703625684,0.0,159.0,,1.0,,12.296798,,,2027-02-09 00:45:00
6007114.703771243,0.0,158.0,,1.0,,7.723584,,,2027-02-09 00:50:00
6007115.703916802,0.0,157.0,,1.0,,6.053441,,,2027-02-09 00:55:00
6007116.704062361,0.0,155.0,,1.0,,5.74382,,,2027-02-09 01:00:00
6007117.7042079205,0.0,155.0,,1.0,,5.584979,,,2027-02-09 01:05:00
6007118.704353481,0.0,152.0,,1.0,,5.612364,,,2027-02-09 01:10:00
6007119.70449904,0.0,151.0,,1.0,,4.935531,,,2027-02-09 01:15:00
6007120.704644599,0.0,150.0,,1.0,,5.049593,,,2027-02-09 01:20:00
6007121.704790158,0.0,147.0,,1.0,,4.10172,,,2027-02-09 01:25:00
6007122.704935717,0.0,144.0,,1.0,,3.255054,,,2027-02-09 01:30:00
6007123.705081277,0.0,142.0,,1.0,,2.794514,,,2027-02-09 01:35:00
6007124.705226836,0.0,141.0,,1.0,,2.467425,,,2027-02-09 01:40:00
6007125.705372396,0.0,141.0,,1.0,,0.857598,,,2027-02-09 01:45:00
6007126.705517955,0.0,140.0,,1.0,,1.389449,,,2027-02-09 01:50:00
6007127.705663514,0.0,140.0,,1.0,,1.27743,,,2027-02-09 01:55:00
6007128.7058090735,0.0,140.0,,1.0,,1.380841,,,2027-02-09 02:00:00
6007129.705954633,0.0,140.0,,1.0,,2.238896,,,2027-02-09 02:05:00
6007130.706100192,0.0,139.0,,1.0,,2.768329,,,2027-02-09 02:10:00
6007131.706245751,0.0,138.0,,1.0,,3.202525,,,2027-02-09 02:15:00
6007132.706391311,0.0,137.0,,1.0,,3.478111,,,2027-02-09 02:20:00
6007133.70653687,0.0,137.0,,1.0,,3.478161,,,2027-02-09 02:25:00
6007134.70668243,0.0,138.0,,1.0,,3.29825,,,2027-02-09 02:30:00
6007135.706827989,0.0,139.0,,1.0,,3.489908,,,2027-02-09 02:35:00
6007136.706973548,0.0,140.0,,1.0,,2.954822,,,2027-02-09 02:40:00
6007137.707119107,0.0,141.0,,1.0,,2.895156,,,2027-02-09 02:45:00
6007138.707264666,0.0,140.0,,1.0,,1.649916,,,2027-02-09 02:50:00
6007139.707410227,0.0,132.0,,1.0,,1.613989,,,2027-02-09 02:55:00
6007140.707555786,0.0,129.0,,1.0,,2.656418,,,2027-02-09 03:00:00
6007141.707701345,0.0,127.0,,1.0,,2.40282,,,2027-02-09 03:05:00
6007142.707846904,0.0,125.0,,1.0,,2.227456,,,2027-02-09 03:10:00
6007143.707992463,0.0,127.0,,1.0,,2.029842,,,2027-02-09 03:15:00
6007144.708138023,0.0,130.0,,1.0,,1.911939,,,2027-02-09 03:20:00
6007145.708283582,0.0,133.0,,1.0,,1.757536,,,2027-02-09 03:25:00
6007146.708429142,0.0,136.0,,1.0,,0.412437,,,2027-02-09 03:30:00
6007147.708574701,0.0,138.0,,1.0,,0.864321,,,2027-02-09 03:35:00
6007148.70872026,0.0,141.0,,1.0,,0.32386,,,2027-02-09 03:40:00
6007149.7088658195,0.0,145.0,,1.0,,0.657688,,,2027-02-09 03:45:00
6007150.709011379,0.0,148.0,,1.0,,1.326534,,,2027-02-09 03:50:00
6007151.709156938,0.0,154.0,,1.0,,1.938174,,,2027-02-09 03:55:00
6007152.709302497,0.0,164.0,,1.0,,2.867455,,,2027-02-09 04:00:00
6007153.709448057,0.0,172.0,,1.0,,3.702692,,,2027-02-09 04:05:00
6007154.709593616,0.0,179.0,,1.0,,3.45451,,,2027-02-09 04:10:00
6007155.709739176,0.0,185.0,,1.0,,1.230007,,,2027-02-09 04:15:00
6007156.709884735,0.0,191.0,,1.0,,0.884853,,,2027-02-09 04:20:00
6007157.710030294,0.0,197.0,,1.0,,0.641284,,,2027-02-09 04:25:00
6007158.710175853,0.0,201.0,,1.0,,1.538258,,,2027-02-09 04:30:00
6007159.710321412,0.0,204.0,,1.0,,1.623958,,,2027-02-09 04:35:00
6007160.710466973,0.0,210.0,,1.0,,1.697289,,,2027-02-09 04:40:00
6007161.710612532,0.0,221.0,,1.0,,1.732758,,,2027-02-09 04:45:00
6007162.710758091,0.0,226.0,,1.0,,1.686318,,,2027-02-09 04:50:00
6007163.71090365,0.0,229.0,,1.0,,1.603743,,,2027-02-09 04:55:00
6007164.711049209,0.0,231.0,,1.0,,1.523459,,,2027-02-09 05:00:00
6007165.711194769,0.0,234.0,,1.0,,1.48749,,,2027-02-09 05:05:00
6007166.711340328,0.0,235.0,,1.0,,1.451818,,,2027-02-09 05:10:00
6007167.711485888,0.0,235.0,,1.0,,1.849557,,,2027-02-09 05:15:00
6007168.711631447,0.0,237.0,,1.0,,1.810969,,,2027-02-09 05:20:00
6007169.711777006,0.0,239.0,,1.0,,1.730151,,,2027-02-09 05:25:00
6007170.7119225655,0.0,241.0,,1.0,,0.532086,,,2027-02-09 05:30:00
6007171.712068125,0.0,243.0,,1.0,,0.574824,,,2027-02-09 05:35:00
6007172.712213684,0.0,244.0,,1.0,,0.671841,,,2027-02-09 05:40:00
6007173.712359243,0.0,243.0,,1.0,,1.071721,,,2027-02-09 05:45:00
6007174.712504803,0.0,244.0,246.0,1.0,,1.23668,,12.6,2027-02-09 05:50:00
6007175.712650362,0.0,244.0,,1.0,,0.799186,,,2027-02-09 05:55:00
6007176.712795922,0.0,245.0,,1.0,,0.727951,,,2027-02-09 06:00:00
6007177.712941481,0.0,246.0,,1.0,,0.78178,,,2027-02-09 06:05:00
6007178.71308704,0.0,245.0,,1.0,,0.797197,,,2027-02-09 06:10:00
6007179.713232599,0.0,241.0,,1.0,,0.037582,,,2027-02-09 06:15:00
6007180.713378158,0.0,236.0,,1.0,,0.014987,,,2027-02-09 06:20:00
6007181.7135237185,0.0,230.0,,1.0,,0.0,,,2027-02-09 06:25:00
6007182.713669278,0.0,222.0,,1.0,,0.027318,,,2027-02-09 06:30:00
6007183.713814837,0.0,214.0,,1.0,,0.048273,,,2027-02-09 06:35:00
6007184.713960396,0.0,207.0,,1.0,,0.01877,,,2027-02-09 06:40:00
6007185.714105955,0.0,201.0,,1.0,,0.022499,,,2027-02-09 06:45:00
6007186.7142515145,0.0,195.0,,1.0,,0.016088,,,2027-02-09 06:50:00
6007187.714397074,0.0,191.0,,1.0,,0.0,,,2027-02-09 06:55:00
6007188.714542634,0.0,183.0,,1.0,,,,,2027-02-09 07:00:00
6007189.714688193,0.0,171.0,,1.0,,,,,2027-02-09 07:05:00
6007190.714833752,0.0,163.0,,1.0,,,,,2027-02-09 07:10:00
6007191.714979311,0.0,157.0,,1.0,,,,,2027-02-09 07:15:00
6007192.715124871,0.0,150.0,,1.0,,0.014165,,,2027-02-09 07:20:00
6007193.71527043,0.0,147.0,,1.0,,0.011848,,,2027-02-09 07:25:00
6007194.715415989,0.0,145.0,,1.0,,0.011623,,,2027-02-09 07:30:00
6007195.715561549,0.0,140.0,,1.0,,0.0,,,2027-02-09 07:35:00
6007196.715707108,0.0,137.0,,1.0,,0.01341,,,2027-02-09 07:40:00
6007197.715852668,0.0,133.0,,1.0,,0.020183,,,2027-02-09 07:45:00
6007198.715998227,0.0,125.0,,1.0,,0.013981,,,2027-02-09 07:50:00
6007199.716143786,0.0,121.0,,1.0,,0.013528,,,2027-02-09 07:55:00
6007200.716289345,0.0,120.0,,1.0,,0.071768,,,2027-02-09 08:00:00
6007201.716434904,0.0,122.0,,1.0,,0.147302,,,2027-02-09 08:05:00
6007202.7165804645,0.0,124.0,,1.0,,1.216434,,,2027-02-09 08:10:00
6007203.716726024,0.0,125.0,,1.0,,0.654406,,,2027-02-09 08:15:00
6007204.716871583,0.0,121.0,,1.0,,0.48609,,,2027-02-09 08:20:00
6007205.717017142,0.0,118.0,,1.0,,0.610642,,,2027-02-09 08:25:00
6007206.717162701,0.0,116.0,,1.0,,1.52555,,,2027-02-09 08:30:00
6007207.7173082605,0.0,114.0,,1.0,,1.288009,,,2027-02-09 08:35:00
6007208.71745382,0.0,112.0,118.0,1.0,,0.806695,,11.6,2027-02-09 08:40:00
6007209.71759938,0.0,112.0,,1.0,,0.749678,,,2027-02-09 08:45:00
6007210.717744939,0.0,115.0,,1.0,,1.13479,,,2027-02-09 08:50:00
6007211.717890498,0.0,123.0,,1.0,,0.605634,,,2027-02-09 08:55:00
6007212.718036057,0.0,134.0,,1.0,,0.150936,,,2027-02-09 09:00:00
6007213.718181617,0.0,142.0,,1.0,,1.169832,,,2027-02-09 09:05:00
6007214.718327176,0.0,146.0,,1.0,,0.63238,,,2027-02-09 09:10:00
6007215.718472735,0.0,144.0,,1.0,,0.090779,,,2027-02-09 09:15:00
6007216.718618295,0.0,141.0,,1.0,,0.026606,,,2027-02-09 09:20:00
6007217.718763854,0.0,138.0,,1.0,,0.812355,,,2027-02-09 09:25:00
6007218.718909414,0.0,136.0,,1.0,,0.379206,,,2027-02-09 09:30:00
6007219.719054973,0.0,134.0,,1.0,,0.29593,,,2027-02-09 09:35:00
6007220.719200532,0.0,133.0,,1.0,,0.845648,,,2027-02-09 09:40:00
6007221.719346091,0.0,134.0,,1.0,,1.87167,,,2027-02-09 09:45:00
6007222.71949165,0.0,133.0,,1.0,,2.121929,,,2027-02-09 09:50:00
6007223.7196372105,0.0,134.0,,1.0,,3.675843,,,2027-02-09 09:55:00
6007224.71978277,0.0,136.0,,1.0,,6.839092,,,2027-02-09 10:00:00
6007225.719928329,0.0,137.0,,1.0,,4.827489,,,2027-02-09 10:05:00
6007226.720073888,0.0,137.0,,1.0,,4.119072,,,2027-02-09 10:10:00
6007227.720219447,0.0,137.0,,1.0,,3.088933,,,2027-02-09 10:15:00
6007228.7203650065,0.0,132.0,,1.0,,6.843072,,,2027-02-09 10:20:00
6007229.720510566,0.0,130.0,,1.0,,7.589611,,,2027-02-09 10:25:00
6007230.720656126,0.0,134.0,,1.0,,5.466577,,,2027-02-09 10:30:00
6007231.720801685,0.0,135.0,,1.0,,1.606853,,,2027-02-09 10:35:00
6007232.720947244,0.0,134.0,,1.0,,1.7169,,,2027-02-09 10:40:00
6007233.721092803,0.0,136.0,,1.0,,0.478152,,,2027-02-09 10:45:00
6007234.721238363,0.0,139.0,,1.0,,0.49341,,,2027-02-09 10:50:00
6007235.721383922,0.0,138.0,,1.0,,0.523478,,,2027-02-09 10:55:00
6007236.721529481,0.0,139.0,,1.0,,0.491234,,,2027-02-09 11:00:00
6007237.721675041,0.0,139.0,,1.0,,0.177203,,,2027-02-09 11:05:00
6007238.7218206,0.0,140.0,,1.0,,0.245897,,,2027-02-09 11:10:00
6007239.7219661595,0.0,143.0,,1.0,,0.271557,,,2027-02-09 11:15:00
6007240.722111719,0.0,146.0,,1.0,,1.151784,,,2027-02-09 11:20:00
6007241.722257278,0.0,148.0,,1.0,,1.585519,,,2027-02-09 11:25:00
6007242.722402837,1.0,,,1.0,,4.746581,,,2027-02-09 11:30:00
6007243.722548396,1.0,,,1.0,,1.681675,,,2027-02-09 11:35:00
6007244.722693956,1.0,,,1.0,,0.412385,,,2027-02-09 11:40:00
6007245.722839516,1.0,,,1.0,,1.38711,,,2027-02-09 11:45:00
6007246.722985075,1.0,,,1.0,,0.345175,,,2027-02-09 11:50:00
6007247.723130634,1.0,,206.0,1.0,,0.320918,80.0,4.55,2027-02-09 11:55:00
6007248.723276193,1.0,,,0.0,,0.33803,,,2027-02-09 12:00:00
6007249.723421752,1.0,,,0.0,,0.192927,,,2027-02-09 12:05:00
6007250.723567312,0.0,213.0,206.0,0.0,,0.110704,,,2027-02-09 12:10:00
6007251.723712872,0.0,230.0,,0.0,,0.06124,,,2027-02-09 12:15:00
6007252.723858431,0.0,250.0,,0.0,,0.039198,,,2027-02-09 12:20:00
6007253.72400399,0.0,259.0,,0.0,,0.136431,,,2027-02-09 12:25:00
6007254.724149549,0.0,266.0,,1.0,,0.187917,,,2027-02-09 12:30:00
6007255.724295109,0.0,279.0,,1.0,,0.087375,,,2027-02-09 12:35:00
6007256.724440668,0.0,288.0,,1.0,,0.107703,,,2027-02-09 12:40:00
6007257.724586227,0.0,293.0,,1.0,,0.112584,,,2027-02-09 12:45:00
6007258.724731787,0.0,294.0,,1.0,,0.098199,,,2027-02-09 12:50:00
6007259.724877346,0.0,292.0,,1.0,,0.098242,,,2027-02-09 12:55:00
6007260.7250229055,0.0,288.0,,1.0,,0.137018,,,2027-02-09 13:00:00
6007261.725168465,0.0,284.0,,1.0,,0.05522,,,2027-02-09 13:05:00
6007262.725314024,0.0,278.0,,1.0,,0.02166,,,2027-02-09 13:10:00
6007263.725459583,0.0,279.0,287.0,1.0,,0.076562,,14.3,2027-02-09 13:15:00
6007264.725605142,0.0,270.0,,1.0,,0.018422,,,2027-02-09 13:20:00
6007265.725750702,0.0,261.0,,1.0,,0.036159,,,2027-02-09 13:25:00
6007266.725896262,0.0,259.0,,1.0,,0.055039,,,2027-02-09 13:30:00
6007267.726041821,0.0,254.0,,1.0,,0.111865,,,2027-02-09 13:35:00
6007268.72618738,0.0,254.0,,1.0,,0.150689,,,2027-02-09 13:40:00
6007269.726332939,0.0,249.0,,1.0,,0.151161,,,2027-02-09 13:45:00
6007270.726478498,0.0,247.0,,1.0,,0.15036,,,2027-02-09 13:50:00
6007271.726624058,0.0,244.0,,1.0,,0.041718,,,2027-02-09 13:55:00
6007272.726769618,0.0,242.0,,1.0,,0.081567,,,2027-02-09 14:00:00
6007273.726915177,0.0,242.0,,1.0,,0.041658,,,2027-02-09 14:05:00
6007274.727060736,0.0,241.0,,1.0,,2.332414,,,2027-02-09 14:10:00
6007275.727206295,0.0,237.0,,1.0,,8.870556,,,2027-02-09 14:15:00
6007276.727351855,0.0,234.0,,1.0,,7.93516,,,2027-02-09 14:20:00
6007277.727497414,0.0,228.0,,1.0,,0.875924,,,2027-02-09 14:25:00
6007278.727642973,0.0,229.0,,1.0,,1.406121,,,2027-02-09 14:30:00
6007279.727788533,0.0,226.0,,1.0,,0.834534,,,2027-02-09 14:35:00
6007280.727934092,0.0,222.0,,1.0,,0.834024,,,2027-02-09 14:40:00
6007281.7280796515,0.0,220.0,,1.0,,0.785375,,,2027-02-09 14:45:00
6007282.728225211,0.0,222.0,,1.0,,0.8373,,,2027-02-09 14:50:00
6007283.72837077,0.0,225.0,,1.0,,2.497488,,,2027-02-09 14:55:00
6007284.728516329,0.0,221.0,,1.0,,3.006909,,,2027-02-09 15:00:00
6007285.728661888,0.0,213.0,,1.0,,2.476794,,,2027-02-09 15:05:00
6007286.728807448,0.0,201.0,,1.0,,1.694621,,,2027-02-09 15:10:00
6007287.728953008,0.0,194.0,,1.0,,10.924106,,,2027-02-09 15:15:00
6007288.729098567,0.0,196.0,,1.0,,15.386818,,,2027-02-09 15:20:00
6007289.729244126,0.0,200.0,200.0,1.0,,35.785588,,15.1,2027-02-09 15:25:00
6007290.729389685,0.0,198.0,,1.0,,15.072737,,,2027-02-09 15:30:00
6007291.729535244,0.0,195.0,,1.0,,19.428391,,,2027-02-09 15:35:00
6007292.729680804,0.0,190.0,,1.0,,16.762804,,,2027-02-09 15:40:00
6007293.729826364,0.0,187.0,,1.0,,13.507407,,,2027-02-09 15:45:00
6007294.729971923,0.0,186.0,,1.0,,14.565263,,,2027-02-09 15:50:00
6007295.730117482,0.0,187.0,,1.0,,13.190248,,,2027-02-09 15:55:00
6007296.730263041,0.0,188.0,,1.0,,10.528993,,,2027-02-09 16:00:00
6007297.7304086005,0.0,189.0,,1.0,,0.789907,,,2027-02-09 16:05:00
6007298.73055416,0.0,185.0,,1.0,,0.352416,,,2027-02-09 16:10:00
6007299.730699719,0.0,183.0,,1.0,,0.051397,,,2027-02-09 16:15:00
6007300.730845279,0.0,179.0,,1.0,,0.228286,,,2027-02-09 16:20:00
6007301.730990838,0.0,182.0,,1.0,,2.265749,,,2027-02-09 16:25:00
6007302.731136397,0.0,188.0,,1.0,,4.079657,,,2027-02-09 16:30:00
6007303.731281957,0.0,192.0,,1.0,,14.430612,,,2027-02-09 16:35:00
6007304.731427516,0.0,190.0,,1.0,,7.720502,,,2027-02-09 16:40:00
6007305.731573075,0.0,184.0,,1.0,,24.182505,,,2027-02-09 16:45:00
6007306.731718634,0.0,183.0,,1.0,,17.682049,,,2027-02-09 16:50:00
6007307.731864194,0.0,181.0,,1.0,,15.700736,,,2027-02-09 16:55:00
6007308.732009754,0.0,180.0,,1.0,,9.902788,,,2027-02-09 17:00:00
6007309.732155313,0.0,182.0,,1.0,,5.077475,,,2027-02-09 17:05:00
6007310.732300872,0.0,179.0,,1.0,,0.29491,,,2027-02-09 17:10:00
6007311.732446431,0.0,175.0,,1.0,,4.683687,,,2027-02-09 17:15:00
6007312.73259199,0.0,171.0,,1.0,,9.592114,,,2027-02-09 17:20:00
6007313.73273755,0.0,171.0,,1.0,,6.073706,,,2027-02-09 17:25:00
6007314.73288311,0.0,173.0,,1.0,,2.174035,,,2027-02-09 17:30:00
6007315.733028669,0.0,172.0,,1.0,,1.736768,,,2027-02-09 17:35:00
6007316.733174228,0.0,168.0,,1.0,,1.495999,,,2027-02-09 17:40:00
6007317.733319787,0.0,158.0,,1.0,,3.089436,,,2027-02-09 17:45:00
6007318.7334653465,0.0,151.0,,1.0,,1.975478,,,2027-02-09 17:50:00
6007319.733610906,0.0,142.0,,1.0,,1.214308,,,2027-02-09 17:55:00
6007320.733756465,0.0,132.0,,1.0,,0.436756,,,2027-02-09 18:00:00
6007321.733902025,0.0,126.0,,1.0,,0.404086,,,2027-02-09 18:05:00
6007322.734047584,0.0,127.0,,1.0,,0.153624,,,2027-02-09 18:10:00
6007323.734193143,0.0,128.0,,1.0,,0.22178,,,2027-02-09 18:15:00
6007324.734338703,0.0,130.0,,1.0,,0.154836,,,2027-02-09 18:20:00
6007325.734484262,0.0,134.0,,1.0,,0.222387,,,2027-02-09 18:25:00
6007326.734629821,0.0,137.0,,1.0,,0.243367,,,2027-02-09 18:30:00
6007327.73477538,0.0,140.0,,1.0,,0.250975,,,2027-02-09 18:35:00
6007328.73492094,0.0,140.0,,1.0,,0.135799,,,2027-02-09 18:40:00
6007329.7350665,0.0,139.0,,1.0,,0.515227,,,2027-02-09 18:45:00
6007330.735212059,0.0,132.0,,1.0,,0.36488,,,2027-02-09 18:50:00
6007331.735357618,0.0,127.0,,1.0,,0.937336,,,2027-02-09 18:55:00
6007332.735503177,0.0,124.0,,1.0,,0.475095,,,2027-02-09 19:00:00
6007333.735648736,0.0,128.0,,1.0,,0.291254,80.0,,2027-02-09 19:05:00
6007334.735794296,0.0,131.0,,1.0,,0.071901,,,2027-02-09 19:10:00
6007335.735939856,0.0,141.0,,1.0,,0.203941,,,2027-02-09 19:15:00
6007336.736085415,0.0,148.0,,1.0,,0.198634,,,2027-02-09 19:20:00
6007337.736230974,0.0,152.0,,1.0,,0.306859,,,2027-02-09 19:25:00
6007338.736376533,1.0,,,1.0,,0.34798,,,2027-02-09 19:30:00
6007339.7365220925,1.0,,,1.0,,0.302152,,,2027-02-09 19:35:00
6007340.736667652,1.0,,,1.0,,0.338818,,,2027-02-09 19:40:00
6007341.736813211,1.0,,,1.0,,0.309114,,,2027-02-09 19:45:00
6007342.736958771,1.0,,189.0,1.0,,0.20754,,20.0,2027-02-09 19:50:00
6007343.73710433,1.0,,,1.0,,0.213674,,,2027-02-09 19:55:00
6007344.737249889,1.0,,,1.0,,0.284197,,,2027-02-09 20:00:00
6007345.737395449,1.0,,,1.0,,0.360643,,,2027-02-09 20:05:00
6007346.737541008,1.0,,,1.0,,0.447737,,,2027-02-09 20:10:00
6007347.737686567,1.0,,,1.0,,0.500567,,,2027-02-09 20:15:00
6007348.737832126,1.0,,,1.0,,0.136086,,,2027-02-09 20:20:00
6007349.737977686,1.0,,,1.0,,0.213991,,,2027-02-09 20:25:00
6007350.738123246,1.0,,,1.0,,0.319301,,,2027-02-09 20:30:00
6007351.738268805,1.0,,,1.0,,0.240257,,,2027-02-09 20:35:00
6007352.738414364,1.0,,,1.0,,0.254316,,,2027-02-09 20:40:00
6007353.738559923,1.0,,,1.0,,0.0,,,2027-02-09 20:45:00
6007354.738705482,1.0,,,1.0,,,,,2027-02-09 20:50:00
6007355.7388510415,1.0,,,1.0,,,,,2027-02-09 20:55:00
6007356.738996602,1.0,,,1.0,,,,,2027-02-09 21:00:00
6007357.739142161,1.0,,,0.0,,,,,2027-02-09 21:05:00
6007358.73928772,1.0,,,0.0,,,,,2027-02-09 21:10:00
6007359.739433279,1.0,,,0.0,,,,,2027-02-09 21:15:00
6007360.739578838,1.0,,,0.0,,,,,2027-02-09 21:20:00
6007361.739724398,1.0,,,0.0,,,,,2027-02-09 21:25:00
6007362.739869957,1.0,,,0.0,,,,,2027-02-09 21:30:00
6007363.740015517,1.0,,,1.0,,,,,2027-02-09 21:35:00
6007364.740161076,1.0,,,1.0,,,,,2027-02-09 21:40:00
6007365.740306635,1.0,,,1.0,,,,,2027-02-09 21:45:00
6007366.740452195,1.0,,73.0,1.0,,,,,2027-02-09 21:50:00
6007367.740597754,1.0,,,1.0,,,,,2027-02-09 21:55:00
6007368.740743313,1.0,,,1.0,,,,,2027-02-09 22:00:00
6007369.740888872,1.0,,,1.0,,,,,2027-02-09 22:05:00
6007370.741034432,1.0,,,1.0,,,,,2027-02-09 22:10:00
6007371.7411799915,1.0,,,1.0,,,,,2027-02-09 22:15:00
6007372.741325551,1.0,,,1.0,,,,,2027-02-09 22:20:00
6007373.74147111,1.0,,,1.0,,,,,2027-02-09 22:25:00
6007374.741616669,1.0,,,1.0,,,,,2027-02-09 22:30:00
6007375.741762228,1.0,,,1.0,,,,,2027-02-09 22:35:00
6007376.7419077875,1.0,,,1.0,,,,,2027-02-09 22:40:00
6007377.742053348,1.0,,,1.0,,,,,2027-02-09 22:45:00
6007378.742198907,1.0,,,1.0,,,,,2027-02-09 22:50:00
6007379.742344466,1.0,,,1.0,,,,,2027-02-09 22:55:00
6007380.742490025,1.0,,,1.0,,,,,2027-02-09 23:00:00
6007381.742635584,1.0,,,1.0,,,,,2027-02-09 23:05:00
6007382.742781144,1.0,,,1.0,,,,,2027-02-09 23:10:00
6007383.742926703,1.0,,,1.0,,,,,2027-02-09 23:15:00
6007384.743072263,1.0,,,1.0,,,,,2027-02-09 23:20:00
6007385.743217822,1.0,,,1.0,,,,,2027-02-09 23:25:00
6007386.743363381,1.0,,,1.0,,,,,2027-02-09 23:30:00
6007387.743508941,1.0,,,1.0,,,,,2027-02-09 23:35:00
6007388.7436545,1.0,,,1.0,,,,,2027-02-09 23:40:00
6007389.743800059,1.0,,,1.0,,,,,2027-02-09 23:45:00
6007390.743945618,1.0,,,1.0,,,,,2027-02-09 23:50:00
6007391.744091178,1.0,,,1.0,,,,,2027-02-09 23:55:00
6007392.7442367375,1.0,,,1.0,,,,,2027-02-10 00:00:00
6007393.744382297,1.0,,,0.85,,,,,2027-02-10 00:05:00
6007394.744527856,1.0,,,0.85,,,,,2027-02-10 00:10:00
6007395.744673415,1.0,,,0.85,,,,,2027-02-10 00:15:00
6007396.744818974,1.0,,,0.85,,,,,2027-02-10 00:20:00
6007397.7449645335,1.0,,,0.85,,,,,2027-02-10 00:25:00
6007398.745110094,1.0,,,0.85,,,,,2027-02-10 00:30:00
6007399.745255653,1.0,,,0.85,,,,,2027-02-10 00:35:00
6007400.745401212,1.0,,,0.85,,,,,2027-02-10 00:40:00
6007401.745546771,1.0,,,0.85,,,,,2027-02-10 00:45:00
6007402.74569233,1.0,,,0.85,,,,,2027-02-10 00:50:00
6007403.74583789,1.0,,,0.85,,,,,2027-02-10 00:55:00
6007404.745983449,1.0,,41.0,0.85,,,,,2027-02-10 01:00:00
6007405.746129009,1.0,,,0.85,,,,,2027-02-10 01:05:00
6007406.746274568,1.0,,,0.85,,,,,2027-02-10 01:10:00
6007407.746420127,1.0,,,0.85,,,,,2027-02-10 01:15:00
6007408.746565687,1.0,,,0.85,,,,,2027-02-10 01:20:00
6007409.746711246,1.0,,,0.85,,,,,2027-02-10 01:25:00
6007410.746856805,1.0,,,0.85,,,,,2027-02-10 01:30:00
6007411.747002364,1.0,,,0.85,,,,,2027-02-10 01:35:00
6007412.747147924,1.0,,,0.85,,,,,2027-02-10 01:40:00
6007413.7472934835,1.0,,,0.85,,,,,2027-02-10 01:45:00
6007414.747439043,1.0,,,0.85,,,,,2027-02-10 01:50:00
6007415.747584602,1.0,,,0.85,,,,,2027-02-10 01:55:00
6007416.747730161,1.0,,,0.85,,,,,2027-02-10 02:00:00
6007417.74787572,1.0,,,0.85,,,,,2027-02-10 02:05:00
6007418.748021279,1.0,,,0.85,,,,,2027-02-10 02:10:00
6007419.74816684,1.0,,,0.85,,,,,2027-02-10 02:15:00
6007420.748312399,1.0,,,0.85,,,,,2027-02-10 02:20:00
6007421.748457958,1.0,,,0.85,,,,,2027-02-10 02:25:00
6007422.748603517,1.0,,,0.85,,,,,2027-02-10 02:30:00
6007423.748749076,1.0,,,0.85,,,,,2027-02-10 02:35:00
6007424.748894636,1.0,,,0.85,,,,,2027-02-10 02:40:00
6007425.749040195,1.0,,,0.85,,,,,2027-02-10 02:45:00
6007426.749185755,1.0,,,0.85,,,,,2027-02-10 02:50:00
6007427.749331314,1.0,,,0.85,,,,,2027-02-10 02:55:00
6007428.749476873,1.0,,,0.85,,,,,2027-02-10 03:00:00
6007429.7496224325,1.0,,,1.75,,,,,2027-02-10 03:05:00
6007430.749767992,1.0,,,1.75,,,,,2027-02-10 03:10:00
6007431.749913551,1.0,,,1.75,,,,,2027-02-10 03:15:00
6007432.75005911,1.0,,,1.75,,,,,2027-02-10 03:20:00
6007433.75020467,1.0,,,1.75,,,,,2027-02-10 03:25:00
6007434.750350229,1.0,,,1.75,,,,,2027-02-10 03:30:00
6007435.750495789,1.0,,,1.75,,,,,2027-02-10 03:35:00
6007436.750641348,1.0,,,1.75,,,,,2027-02-10 03:40:00
6007437.750786907,1.0,,,1.75,,,,,2027-02-10 03:45:00
6007438.750932466,1.0,,,1.75,,,,,2027-02-10 03:50:00
6007439.751078025,1.0,,,1.75,,,,,2027-02-10 03:55:00
6007440.751223586,1.0,,,1.75,,,,,2027-02-10 04:00:00
6007441.751369145,1.0,,,1.75,,,,,2027-02-10 04:05:00
6007442.751514704,1.0,,,1.75,,,,,2027-02-10 04:10:00
6007443.751660263,1.0,,,1.75,,,,,2027-02-10 04:15:00
6007444.751805822,1.0,,,1.75,,,,,2027-02-10 04:20:00
6007445.751951382,1.0,,,1.75,,,,,2027-02-10 04:25:00
6007446.752096941,1.0,,,1.75,,,,,2027-02-10 04:30:00
6007447.752242501,1.0,,,1.75,,,,,2027-02-10 04:35:00
6007448.75238806,1.0,,,1.75,,,,,2027-02-10 04:40:00
6007449.752533619,1.0,,,1.75,,,,,2027-02-10 04:45:00
6007450.7526791785,1.0,,,1.75,,,,,2027-02-10 04:50:00
6007451.752824738,1.0,,,1.75,,,,,2027-02-10 04:55:00
6007452.752970297,1.0,,,1.75,,,,,2027-02-10 05:00:00
6007453.753115856,1.0,,,1.75,,,,,2027-02-10 05:05:00
6007454.753261416,1.0,,,1.75,,,,,2027-02-10 05:10:00
6007455.753406975,1.0,,,1.75,,,,,2027-02-10 05:15:00
6007456.753552535,1.0,,,1.75,,,,,2027-02-10 05:20:00
6007457.753698094,1.0,,,1.75,,,,,2027-02-10 05:25:00
6007458.753843653,1.0,,,1.75,,,,,2027-02-10 05:30:00
6007459.753989212,1.0,,,1.75,,,,,2027-02-10 05:35:00
6007460.754134771,1.0,,,1.75,,,,,2027-02-10 05:40:00
6007461.754280332,1.0,,,1.75,,,,,2027-02-10 05:45:00
6007462.754425891,1.0,,,1.75,,,,,2027-02-10 05:50:00
6007463.75457145,1.0,,,1.75,,,,,2027-02-10 05:55:00
6007464.754717009,1.0,,,1.75,,,,,2027-02-10 06:00:00
6007465.754862568,1.0,,,1.75,,,,,2027-02-10 06:05:00
6007466.755008128,1.0,,,1.75,,,,,2027-02-10 06:10:00
6007467.755153687,1.0,,,1.75,,,,,2027-02-10 06:15:00
6007468.755299247,1.0,,,1.75,,,,,2027-02-10 06:20:00
6007469.755444806,1.0,,,1.75,,,,,2027-02-10 06:25:00
6007470.755590365,1.0,,,1.75,,,,,2027-02-10 06:30:00
6007471.7557359245,1.0,,,1.75,,,,,2027-02-10 06:35:00
6007472.755881484,1.0,,,1.75,,,,,2027-02-10 06:40:00
6007473.756027043,1.0,,,1.75,,,,,2027-02-10 06:45:00
6007474.756172602,1.0,,,1.75,,,,,2027-02-10 06:50:00
6007475.756318162,1.0,,,1.75,,,,,2027-02-10 06:55:00
6007476.756463721,1.0,,,1.75,,,,,2027-02-10 07:00:00
6007477.756609281,1.0,,,1.75,,,,,2027-02-10 07:05:00
6007478.75675484,1.0,,,1.75,,,,,2027-02-10 07:10:00
6007479.756900399,1.0,,,1.75,,,,,2027-02-10 07:15:00
6007480.757045958,1.0,,,1.75,,,,,2027-02-10 07:20:00
6007481.757191517,1.0,,,1.75,,,,,2027-02-10 07:25:00
6007482.7573370775,1.0,,,1.75,,,,,2027-02-10 07:30:00
6007483.757482637,1.0,,,1.75,,,,,2027-02-10 07:35:00
6007484.757628196,1.0,,150.0,1.75,,,,,2027-02-10 07:40:00
6007485.757773755,1.0,,,1.75,,,,,2027-02-10 07:45:00
6007486.757919314,0.0,153.0,150.0,1.75,,,,16.5,2027-02-10 07:50:00
6007487.7580648735,0.0,169.0,,1.75,,,,,2027-02-10 07:55:00
6007488.758210433,0.0,181.0,,1.75,,,,,2027-02-10 08:00:00
6007489.758355993,0.0,193.0,,1.35,,,,,2027-02-10 08:05:00
6007490.758501552,0.0,201.0,,1.35,,,,,2027-02-10 08:10:00
6007491.758647111,0.0,221.0,,1.35,,,,,2027-02-10 08:15:00
6007492.75879267,0.0,260.0,,1.35,,,,,2027-02-10 08:20:00
6007493.75893823,0.0,278.0,,1.35,,,,,2027-02-10 08:25:00
6007494.759083789,0.0,284.0,,1.35,,,,,2027-02-10 08:30:00
6007495.759229348,0.0,290.0,,1.35,,,80.0,,2027-02-10 08:35:00
6007496.759374908,0.0,297.0,,1.35,,,,,2027-02-10 08:40:00
6007497.759520467,0.0,290.0,,1.35,,,,,2027-02-10 08:45:00
6007498.759666027,0.0,274.0,,1.35,,,,,2027-02-10 08:50:00
6007499.759811586,0.0,252.0,,1.35,,,,,2027-02-10 08:55:00
6007500.759957145,0.0,242.0,,1.35,,,,,2027-02-10 09:00:00
6007501.760102704,0.0,235.0,,1.35,,,,,2027-02-10 09:05:00
6007502.760248263,0.0,215.0,236.0,1.35,,,,11.0,2027-02-10 09:10:00
6007503.7603938235,0.0,207.0,,1.35,,,,,2027-02-10 09:15:00
6007504.760539383,0.0,212.0,,1.35,,,,,2027-02-10 09:20:00
6007505.760684942,0.0,218.0,,1.35,,,,,2027-02-10 09:25:00
6007506.760830501,0.0,229.0,,1.35,,,,,2027-02-10 09:30:00
6007507.76097606,0.0,240.0,,1.35,,,,,2027-02-10 09:35:00
6007508.7611216195,0.0,248.0,,1.35,,,,,2027-02-10 09:40:00
6007509.761267179,0.0,249.0,,1.35,,,,,2027-02-10 09:45:00
6007510.761412739,0.0,249.0,,1.35,,0.981796,,,2027-02-10 09:50:00
6007511.761558298,0.0,257.0,,1.35,,1.740709,,,2027-02-10 09:55:00
6007512.761703857,0.0,262.0,,1.35,,0.759696,,,2027-02-10 10:00:00
6007513.761849416,0.0,264.0,,1.15,,0.670856,,,2027-02-10 10:05:00
6007514.761994976,0.0,258.0,,1.15,,2.10131,,,2027-02-10 10:10:00
6007515.762140535,0.0,254.0,,1.15,,0.647924,,,2027-02-10 10:15:00
6007516.762286094,0.0,254.0,,1.15,,0.127998,,,2027-02-10 10:20:00
6007517.762431654,0.0,241.0,,1.15,,0.412443,,,2027-02-10 10:25:00
6007518.762577213,0.0,232.0,241.0,1.15,,0.677245,,8.2,2027-02-10 10:30:00
6007519.762722773,0.0,226.0,,1.15,,0.805382,,,2027-02-10 10:35:00
6007520.762868332,0.0,231.0,,1.15,,1.85376,,,2027-02-10 10:40:00
6007521.763013891,0.0,235.0,,1.15,,4.410722,,,2027-02-10 10:45:00
6007522.76315945,0.0,230.0,,1.15,,5.768852,,,2027-02-10 10:50:00
6007523.763305009,0.0,223.0,,1.15,,2.157033,,,2027-02-10 10:55:00
6007524.7634505695,0.0,213.0,,1.15,,1.488134,,,2027-02-10 11:00:00
6007525.763596129,0.0,195.0,,1.15,,1.818525,,,2027-02-10 11:05:00
6007526.763741688,0.0,190.0,,1.15,,0.880843,,,2027-02-10 11:10:00
6007527.763887247,0.0,189.0,,1.15,,1.938451,,,2027-02-10 11:15:00
6007528.764032806,0.0,187.0,,1.15,,4.749054,,,2027-02-10 11:20:00
6007529.7641783655,0.0,176.0,,1.15,,0.262219,,,2027-02-10 11:25:00
6007530.764323925,0.0,165.0,,1.15,,0.13847,,,2027-02-10 11:30:00
6007531.764469485,0.0,142.0,,1.15,,0.15508,,,2027-02-10 11:35:00
6007532.764615044,0.0,132.0,,1.15,,1.131573,,,2027-02-10 11:40:00
6007533.764760603,0.0,135.0,,1.15,,1.567767,,,2027-02-10 11:45:00
6007534.764906162,0.0,144.0,,1.15,,0.638404,,,2027-02-10 11:50:00
6007535.765051722,0.0,165.0,,1.15,,0.230387,,,2027-02-10 11:55:00
6007536.765197281,0.0,183.0,170.0,1.15,,0.227241,,13.7,2027-02-10 12:00:00
6007537.76534284,0.0,203.0,,1.15,,0.652361,,,2027-02-10 12:05:00
6007538.7654884,0.0,222.0,,1.15,,1.982937,,,2027-02-10 12:10:00
6007539.765633959,0.0,236.0,,1.15,,7.514062,,,2027-02-10 12:15:00
6007540.7657795185,0.0,251.0,,1.15,,11.621108,,,2027-02-10 12:20:00
6007541.765925078,0.0,258.0,,1.15,,12.585154,,,2027-02-10 12:25:00
6007542.766070637,0.0,254.0,,1.15,,12.885931,,,2027-02-10 12:30:00
6007543.766216196,0.0,250.0,,1.1,,14.583145,,,2027-02-10 12:35:00
6007544.766361755,0.0,244.0,,1.1,,14.390276,,,2027-02-10 12:40:00
6007545.766507315,0.0,234.0,,1.1,,38.233989,,,2027-02-10 12:45:00
6007546.766652875,0.0,222.0,,1.1,,9.655447,,,2027-02-10 12:50:00
6007547.766798434,0.0,211.0,,1.1,,6.904691,,,2027-02-10 12:55:00
6007548.766943993,0.0,206.0,,1.1,,6.992119,,,2027-02-10 13:00:00
6007549.767089552,0.0,200.0,,1.1,,6.517834,,,2027-02-10 13:05:00
6007550.767235111,0.0,206.0,,1.1,,6.143846,,,2027-02-10 13:10:00
6007551.767380671,0.0,212.0,,1.1,,4.663383,,,2027-02-10 13:15:00
6007552.767526231,0.0,208.0,,1.1,,2.936183,,,2027-02-10 13:20:00
6007553.76767179,0.0,201.0,,1.1,,2.099655,,,2027-02-10 13:25:00
6007554.767817349,0.0,195.0,,1.1,,3.619532,,,2027-02-10 13:30:00
6007555.767962908,0.0,190.0,,1.1,,5.161159,,,2027-02-10 13:35:00
6007556.768108468,1.0,,,1.1,,2.213042,,,2027-02-10 13:40:00
6007557.768254027,1.0,,,1.1,,4.673482,,,2027-02-10 13:45:00
6007558.768399586,1.0,,,1.1,,3.474083,,,2027-02-10 13:50:00
6007559.768545146,1.0,,,1.1,,1.272104,,,2027-02-10 13:55:00
6007560.768690705,1.0,,,1.1,,1.128074,,,2027-02-10 14:00:00
6007561.7688362645,1.0,,57.0,1.1,,0.531322,,,2027-02-10 14:05:00
6007562.768981824,1.0,,,1.1,,0.526587,,,2027-02-10 14:10:00
6007563.769127383,1.0,,,1.1,,0.357263,,,2027-02-10 14:15:00
6007564.769272942,1.0,,,1.1,,0.669128,,,2027-02-10 14:20:00
6007565.769418501,1.0,,,1.1,,0.408444,,,2027-02-10 14:25:00
6007566.769564061,1.0,,,1.1,,1.461587,,,2027-02-10 14:30:00
6007567.769709621,1.0,,,1.1,,0.017565,,,2027-02-10 14:35:00
6007568.76985518,1.0,,,1.1,,0.012703,,,2027-02-10 14:40:00
6007569.770000739,1.0,,,1.1,,0.0,,,2027-02-10 14:45:00
6007570.770146298,1.0,,,1.1,,0.109563,,,2027-02-10 14:50:00
6007571.770291857,1.0,,,1.1,,0.285214,,,2027-02-10 14:55:00
6007572.770437417,1.0,,,1.1,,0.012395,,,2027-02-10 15:00:00
6007573.770582977,1.0,,,1.1,,0.0,,,2027-02-10 15:05:00
6007574.770728536,1.0,,,1.1,,,,,2027-02-10 15:10:00
6007575.770874095,1.0,,,1.1,,0.021675,,,2027-02-10 15:15:00
6007576.771019654,1.0,,,1.1,,0.030814,,,2027-02-10 15:20:00
6007577.771165214,1.0,,,1.1,,0.065467,,,2027-02-10 15:25:00
6007578.771310773,1.0,,,1.1,,0.127215,,,2027-02-10 15:30:00
6007579.771456332,1.0,,,1.1,,0.180942,,,2027-02-10 15:35:00
6007580.771601892,1.0,,,1.1,,0.288677,,,2027-02-10 15:40:00
6007581.771747451,1.0,,,1.1,,0.036487,,,2027-02-10 15:45:00
6007582.7718930105,1.0,,,1.1,,0.036359,,,2027-02-10 15:50:00
6007583.77203857,1.0,,,1.1,,0.026339,,,2027-02-10 15:55:00
6007584.772184129,1.0,,,1.1,,0.015263,,,2027-02-10 16:00:00
6007585.772329688,1.0,,,1.1,,0.013336,,,2027-02-10 16:05:00
6007586.772475247,1.0,,,1.1,,0.022637,,,2027-02-10 16:10:00
6007587.772620807,1.0,,,1.1,,0.022077,,,2027-02-10 16:15:00
6007588.772766367,1.0,,,1.1,,0.033232,,,2027-02-10 16:20:00
6007589.772911926,1.0,,,1.1,,0.05513,,,2027-02-10 16:25:00
6007590.773057485,1.0,,,1.1,,0.082288,,,2027-02-10 16:30:00
6007591.773203044,1.0,,,1.1,,0.021201,,,2027-02-10 16:35:00
6007592.773348603,1.0,,,1.1,,0.028185,,,2027-02-10 16:40:00
6007593.773494163,1.0,,,1.1,,0.045233,,,2027-02-10 16:45:00
6007594.773639723,1.0,,,1.1,,0.018944,,,2027-02-10 16:50:00
6007595.773785282,1.0,,,1.1,,0.025405,,,2027-02-10 16:55:00
6007596.773930841,1.0,,,1.1,,0.01389,,,2027-02-10 17:00:00
6007597.7740764,1.0,,,1.1,,0.013027,,,2027-02-10 17:05:00
6007598.7742219595,1.0,,,1.1,,0.010475,,,2027-02-10 17:10:00
6007599.774367519,1.0,,173.0,1.1,,0.009296,,5.3,2027-02-10 17:15:00
6007600.774513078,1.0,,,1.1,,0.012168,,,2027-02-10 17:20:00
6007601.774658638,0.0,190.0,173.0,1.1,,0.015464,,,2027-02-10 17:25:00
6007602.774804197,0.0,194.0,,1.1,,0.0,,,2027-02-10 17:30:00
6007603.774949756,0.0,197.0,,1.1,,,,,2027-02-10 17:35:00
6007604.775095316,0.0,198.0,,1.1,,0.023622,,,2027-02-10 17:40:00
6007605.775240875,0.0,198.0,,1.1,,0.021871,,,2027-02-10 17:45:00
6007606.775386434,0.0,198.0,,1.1,,0.017252,,,2027-02-10 17:50:00
6007607.775531993,0.0,198.0,,1.1,,0.013256,,,2027-02-10 17:55:00
6007608.775677553,0.0,198.0,,1.1,,0.01513,,,2027-02-10 18:00:00
6007609.775823113,0.0,195.0,,1.2,,0.014532,,,2027-02-10 18:05:00
6007610.775968672,0.0,195.0,,1.2,,0.014414,,,2027-02-10 18:10:00
6007611.776114231,0.0,194.0,,1.2,,0.013921,,,2027-02-10 18:15:00
6007612.77625979,0.0,190.0,,1.2,,0.012756,,,2027-02-10 18:20:00
6007613.776405349,0.0,189.0,,1.2,,0.012821,,,2027-02-10 18:25:00
6007614.776550909,0.0,188.0,,1.2,,0.011903,,,2027-02-10 18:30:00
6007615.776696469,0.0,189.0,215.0,1.2,,0.014684,,24.8,2027-02-10 18:35:00
6007616.776842028,0.0,192.0,,1.2,,0.014561,,,2027-02-10 18:40:00
6007617.776987587,0.0,197.0,,1.2,,0.016378,,,2027-02-10 18:45:00
6007618.777133146,0.0,201.0,,1.2,,0.016407,,,2027-02-10 18:50:00
6007619.7772787055,0.0,203.0,,1.2,,0.019143,,,2027-02-10 18:55:00
6007620.777424265,0.0,201.0,,1.2,,0.016755,,,2027-02-10 19:00:00
6007621.777569824,0.0,202.0,,1.2,,0.01621,,,2027-02-10 19:05:00
6007622.777715384,0.0,204.0,,1.2,,0.016544,,,2027-02-10 19:10:00
6007623.777860943,0.0,203.0,,1.2,,0.0,,,2027-02-10 19:15:00
6007624.778006502,0.0,204.0,,1.2,,,,,2027-02-10 19:20:00
6007625.778152062,0.0,202.0,,1.2,,,,,2027-02-10 19:25:00
6007626.778297621,0.0,196.0,,1.2,,,,,2027-02-10 19:30:00
6007627.77844318,0.0,190.0,,1.2,,0.016194,,,2027-02-10 19:35:00
6007628.778588739,0.0,183.0,,1.2,,0.016925,,,2027-02-10 19:40:00
6007629.778734299,0.0,180.0,,1.2,,0.016251,,,2027-02-10 19:45:00
6007630.778879859,0.0,181.0,,1.2,,0.0,,,2027-02-10 19:50:00
6007631.779025418,0.0,181.0,,1.2,,,,,2027-02-10 19:55:00
6007632.779170977,0.0,178.0,,1.2,,,,,2027-02-10 20:00:00
6007633.779316536,0.0,173.0,,1.2,,,,,2027-02-10 20:05:00
6007634.779462095,0.0,163.0,,1.2,,,,,2027-02-10 20:10:00
6007635.779607655,0.0,157.0,,1.2,,,,,2027-02-10 20:15:00
6007636.779753215,0.0,160.0,,1.2,,,,,2027-02-10 20:20:00
6007637.779898774,0.0,166.0,,1.2,,,,,2027-02-10 20:25:00
6007638.780044333,0.0,171.0,,1.2,,,,,2027-02-10 20:30:00
6007639.780189892,0.0,174.0,,1.2,,,,,2027-02-10 20:35:00
6007640.7803354515,0.0,179.0,,1.2,,,,,2027-02-10 20:40:00
6007641.780481011,0.0,182.0,,1.2,,,,,2027-02-10 20:45:00
6007642.78062657,0.0,184.0,182.0,1.2,,,,6.6,2027-02-10 20:50:00
6007643.78077213,0.0,184.0,,1.2,,,,,2027-02-10 20:55:00
6007644.780917689,0.0,182.0,,1.2,,,,,2027-02-10 21:00:00
6007645.781063248,0.0,184.0,,1.2,,,,,2027-02-10 21:05:00
6007646.781208808,0.0,182.0,,1.2,,,,,2027-02-10 21:10:00
6007647.781354367,0.0,181.0,,1.2,,,,,2027-02-10 21:15:00
6007648.781499926,0.0,180.0,,1.2,,,,,2027-02-10 21:20:00
6007649.781645485,0.0,181.0,,1.2,,,,,2027-02-10 21:25:00
6007650.781791045,0.0,181.0,,1.2,,,,,2027-02-10 21:30:00
6007651.7819366045,0.0,183.0,,1.2,,,,,2027-02-10 21:35:00
6007652.782082164,0.0,183.0,,1.2,,,,,2027-02-10 21:40:00
6007653.782227723,0.0,183.0,,1.2,,,,,2027-02-10 21:45:00
6007654.782373282,0.0,181.0,,1.2,,,,,2027-02-10 21:50:00
6007655.782518841,0.0,185.0,,1.2,,,,,2027-02-10 21:55:00
6007656.7826644005,0.0,186.0,,1.2,,,,,2027-02-10 22:00:00
6007657.782809961,0.0,183.0,,1.0,,,,,2027-02-10 22:05:00
6007658.78295552,0.0,179.0,,1.0,,,,,2027-02-10 22:10:00
6007659.783101079,0.0,174.0,,1.0,,,,,2027-02-10 22:15:00
6007660.783246638,0.0,177.0,,1.0,,,,,2027-02-10 22:20:00
6007661.783392197,0.0,183.0,,1.0,,,,,2027-02-10 22:25:00
6007662.783537757,0.0,189.0,,1.0,,,,,2027-02-10 22:30:00
6007663.783683316,0.0,197.0,,1.0,,,,,2027-02-10 22:35:00
6007664.783828876,0.0,204.0,,1.0,,,,,2027-02-10 22:40:00
6007665.783974435,0.0,211.0,,1.0,,,,,2027-02-10 22:45:00
6007666.784119994,0.0,217.0,,1.0,,,,,2027-02-10 22:50:00
6007667.784265554,0.0,221.0,,1.0,,,,,2027-02-10 22:55:00
6007668.784411113,0.0,227.0,228.0,1.0,,,,7.5,2027-02-10 23:00:00
6007669.784556672,0.0,234.0,,1.0,,,,,2027-02-10 23:05:00
6007670.784702231,0.0,230.0,,1.0,,,,,2027-02-10 23:10:00
6007671.784847791,0.0,223.0,,1.0,,,,,2027-02-10 23:15:00
6007672.7849933505,0.0,225.0,,1.0,,,,,2027-02-10 23:20:00
6007673.78513891,0.0,228.0,,1.0,,,,,2027-02-10 23:25:00
6007674.785284469,0.0,235.0,,1.0,,,,,2027-02-10 23:30:00
6007675.785430028,0.0,239.0,,1.0,,,,,2027-02-10 23:35:00
6007676.785575587,0.0,239.0,,1.0,,,,,2027-02-10 23:40:00
6007677.7857211465,0.0,239.0,,1.0,,,,,2027-02-10 23:45:00
6007678.785866707,0.0,238.0,,1.0,,,,,2027-02-10 23:50:00
6007679.786012266,0.0,233.0,,1.0,,,,,2027-02-10 23:55:00
6007680.786157825,0.0,228.0,,1.0,,,,,2027-02-11 00:00:00
6007681.786303384,0.0,223.0,,0.85,,,,,2027-02-11 00:05:00
6007682.786448943,0.0,217.0,,0.85,,,,,2027-02-11 00:10:00
6007683.786594503,0.0,212.0,,0.85,,,,,2027-02-11 00:15:00
6007684.786740062,0.0,207.0,,0.85,,,,,2027-02-11 00:20:00
6007685.786885622,0.0,206.0,,0.85,,,,,2027-02-11 00:25:00
6007686.787031181,0.0,204.0,213.0,0.85,,,,6.1,2027-02-11 00:30:00
6007687.78717674,0.0,202.0,,0.85,,,,,2027-02-11 00:35:00
6007688.7873223,0.0,196.0,,0.85,,,,,2027-02-11 00:40:00
6007689.787467859,0.0,184.0,,0.85,,,,,2027-02-11 00:45:00
6007690.787613418,0.0,176.0,,0.85,,,,,2027-02-11 00:50:00
6007691.787758977,0.0,170.0,,0.85,,,,,2027-02-11 00:55:00
6007692.787904537,0.0,169.0,,0.85,,,,,2027-02-11 01:00:00
6007693.7880500965,0.0,167.0,,0.85,,,,,2027-02-11 01:05:00
6007694.788195656,0.0,163.0,,0.85,,,,,2027-02-11 01:10:00
6007695.788341215,0.0,162.0,,0.85,,,,,2027-02-11 01:15:00
6007696.788486774,0.0,164.0,,0.85,,,,,2027-02-11 01:20:00
6007697.788632333,0.0,160.0,,0.85,,,,,2027-02-11 01:25:00
6007698.7887778925,0.0,156.0,,0.85,,,,,2027-02-11 01:30:00
6007699.788923453,0.0,155.0,183.0,0.85,,,,10.0,2027-02-11 01:35:00
6007700.789069012,0.0,144.0,,0.85,,,,,2027-02-11 01:40:00
6007701.789214571,0.0,137.0,,0.85,,,,,2027-02-11 01:45:00
6007702.78936013,0.0,153.0,183.0,0.85,,,,,2027-02-11 01:50:00
6007703.789505689,0.0,149.0,,0.85,,,,,2027-02-11 01:55:00
6007704.789651249,0.0,144.0,,0.85,,,,,2027-02-11 02:00:00
6007705.789796808,0.0,139.0,,0.85,,,,,2027-02-11 02:05:00
6007706.789942368,0.0,138.0,,0.85,,,,,2027-02-11 02:10:00
6007707.790087927,0.0,134.0,,0.85,,,,,2027-02-11 02:15:00
6007708.790233486,0.0,125.0,,0.85,,,,,2027-02-11 02:20:00
6007709.7903790455,0.0,117.0,,0.85,,,,,2027-02-11 02:25:00
6007710.790524605,0.0,114.0,,0.85,,,,,2027-02-11 02:30:00
6007711.790670164,0.0,108.0,,0.85,,,,,2027-02-11 02:35:00
6007712.790815723,0.0,101.0,,0.85,,,,,2027-02-11 02:40:00
6007713.790961283,0.0,99.0,,0.85,,,,,2027-02-11 02:45:00
6007714.791106842,0.0,95.0,,0.85,,,,,2027-02-11 02:50:00
6007715.791252402,0.0,90.0,,0.85,,,,,2027-02-11 02:55:00
6007716.791397961,0.0,86.0,,0.85,,,,,2027-02-11 03:00:00
6007717.79154352,0.0,83.0,,1.75,,,,,2027-02-11 03:05:00
6007718.791689079,0.0,80.0,,1.75,,,,,2027-02-11 03:10:00
6007719.791834638,0.0,77.0,,1.75,,,,,2027-02-11 03:15:00
6007720.791980199,0.0,75.0,,1.75,,,,,2027-02-11 03:20:00
6007721.792125758,0.0,71.0,,1.75,,,,,2027-02-11 03:25:00
6007722.792271317,0.0,67.0,,1.75,,,,,2027-02-11 03:30:00
6007723.792416876,0.0,65.0,,1.75,,,,,2027-02-11 03:35:00
6007724.792562435,0.0,63.0,,1.75,,,,,2027-02-11 03:40:00
6007725.792707995,0.0,61.0,,1.75,,,,,2027-02-11 03:45:00
6007726.792853554,0.0,60.0,,1.75,,,,,2027-02-11 03:50:00
6007727.792999114,0.0,59.0,,1.75,,,,,2027-02-11 03:55:00
6007728.793144673,0.0,58.0,,1.75,,,,,2027-02-11 04:00:00
6007729.793290232,0.0,58.0,,1.75,,,,,2027-02-11 04:05:00
6007730.7934357915,0.0,57.0,,1.75,,,,,2027-02-11 04:10:00
6007731.793581351,0.0,57.0,,1.75,,,,,2027-02-11 04:15:00
6007732.79372691,0.0,57.0,,1.75,,,,,2027-02-11 04:20:00
6007733.793872469,0.0,57.0,,1.75,,,,,2027-02-11 04:25:00
6007734.794018029,0.0,57.0,,1.75,,,,,2027-02-11 04:30:00
6007735.794163588,0.0,57.0,,1.75,,,,,2027-02-11 04:35:00
6007736.794309148,0.0,57.0,,1.75,,,,,2027-02-11 04:40:00
6007737.794454707,0.0,57.0,,1.75,,,,,2027-02-11 04:45:00
6007738.794600266,0.0,57.0,,1.75,,,,,2027-02-11 04:50:00
6007739.794745825,0.0,58.0,,1.75,,,,,2027-02-11 04:55:00
6007740.794891384,0.0,59.0,,1.75,,,,,2027-02-11 05:00:00
6007741.795036945,0.0,60.0,,1.75,,,,,2027-02-11 05:05:00
6007742.795182504,0.0,61.0,,1.75,,,,,2027-02-11 05:10:00
6007743.795328063,0.0,62.0,,1.75,,,,,2027-02-11 05:15:00
6007744.795473622,0.0,63.0,,1.75,,,,,2027-02-11 05:20:00
6007745.795619181,0.0,64.0,,1.75,,,,,2027-02-11 05:25:00
6007746.795764741,0.0,66.0,,1.75,,,,,2027-02-11 05:30:00
6007747.7959103,0.0,72.0,,1.75,,,,,2027-02-11 05:35:00
6007748.79605586,0.0,73.0,,1.75,,,,,2027-02-11 05:40:00
6007749.796201419,0.0,72.0,,1.75,,,,,2027-02-11 05:45:00
6007750.796346978,0.0,74.0,,1.75,,,,,2027-02-11 05:50:00
6007751.7964925375,0.0,76.0,,1.75,,,,,2027-02-11 05:55:00
6007752.796638097,0.0,75.0,,1.75,,,,,2027-02-11 06:00:00
6007753.796783656,0.0,72.0,,1.75,,,,,2027-02-11 06:05:00
6007754.796929215,0.0,69.0,,1.75,,,,,2027-02-11 06:10:00
6007755.797074775,0.0,68.0,,1.75,,,,,2027-02-11 06:15:00
6007756.797220334,0.0,73.0,,1.75,,,,,2027-02-11 06:20:00
6007757.797365894,0.0,75.0,,1.75,,,,,2027-02-11 06:25:00
6007758.797511453,0.0,72.0,,1.75,,,,,2027-02-11 06:30:00
6007759.797657012,0.0,70.0,,1.75,,,,,2027-02-11 06:35:00
6007760.797802571,0.0,70.0,,1.75,,,,,2027-02-11 06:40:00
6007761.79794813,0.0,71.0,,1.75,,,,,2027-02-11 06:45:00
6007762.798093691,0.0,71.0,,1.75,,,,,2027-02-11 06:50:00
6007763.79823925,0.0,71.0,,1.75,,,,,2027-02-11 06:55:00
6007764.798384809,0.0,72.0,,1.75,,,,,2027-02-11 07:00:00
6007765.798530368,0.0,77.0,,1.75,,,,,2027-02-11 07:05:00
6007766.798675927,0.0,83.0,,1.75,,,,,2027-02-11 07:10:00
6007767.7988214865,0.0,87.0,,1.75,,,,,2027-02-11 07:15:00
6007768.798967046,0.0,91.0,,1.75,,,,,2027-02-11 07:20:00
6007769.799112606,0.0,93.0,,1.75,,,,,2027-02-11 07:25:00
6007770.799258165,0.0,95.0,,1.75,,,,,2027-02-11 07:30:00
6007771.799403724,0.0,97.0,,1.75,,,,,2027-02-11 07:35:00
6007772.799549283,0.0,100.0,,1.75,,,,,2027-02-11 07:40:00
6007773.799694843,0.0,103.0,,1.75,,,,,2027-02-11 07:45:00
6007774.799840402,0.0,106.0,,1.75,,,,,2027-02-11 07:50:00
6007775.799985961,0.0,108.0,,1.75,,,,,2027-02-11 07:55:00
6007776.800131521,0.0,108.0,,1.75,,,,,2027-02-11 08:00:00
6007777.80027708,0.0,111.0,,1.35,,,,,2027-02-11 08:05:00
6007778.80042264,0.0,114.0,,1.35,,,,,2027-02-11 08:10:00
6007779.800568199,0.0,116.0,,1.35,,,,,2027-02-11 08:15:00
6007780.800713758,0.0,118.0,,1.35,,,,,2027-02-11 08:20:00
6007781.800859317,0.0,121.0,,1.35,,,,,2027-02-11 08:25:00
6007782.801004876,0.0,125.0,,1.35,,,,,2027-02-11 08:30:00
6007783.8011504365,0.0,124.0,,1.35,,,,,2027-02-11 08:35:00
6007784.801295996,0.0,123.0,,1.35,,,,,2027-02-11 08:40:00
6007785.801441555,0.0,123.0,,1.35,,,,,2027-02-11 08:45:00
6007786.801587114,0.0,122.0,,1.35,,,,,2027-02-11 08:50:00
6007787.801732673,0.0,122.0,,1.35,,,,,2027-02-11 08:55:00
6007788.8018782325,0.0,124.0,,1.35,,,,,2027-02-11 09:00:00
6007789.802023792,0.0,125.0,,1.35,,,,,2027-02-11 09:05:00
6007790.802169352,0.0,130.0,,1.35,,,,,2027-02-11 09:10:00
6007791.802314911,0.0,125.0,,1.35,,,,,2027-02-11 09:15:00
6007792.80246047,0.0,122.0,,1.35,,,,,2027-02-11 09:20:00
6007793.802606029,0.0,121.0,,1.35,,,,,2027-02-11 09:25:00
6007794.802751589,0.0,128.0,,1.35,,,,,2027-02-11 09:30:00
6007795.802897148,0.0,134.0,,1.35,,,,,2027-02-11 09:35:00
6007796.803042707,0.0,136.0,,1.35,,,,,2027-02-11 09:40:00
6007797.803188267,0.0,141.0,,1.35,,,,,2027-02-11 09:45:00
6007798.803333826,0.0,147.0,,1.35,,,,,2027-02-11 09:50:00
6007799.803479386,0.0,156.0,,1.35,,,,,2027-02-11 09:55:00
6007800.803624945,0.0,163.0,,1.35,,,,,2027-02-11 10:00:00
6007801.803770504,0.0,170.0,,1.15,,,,,2027-02-11 10:05:00
6007802.803916063,0.0,186.0,,1.15,,,,,2027-02-11 10:10:00
6007803.804061622,0.0,207.0,199.0,1.15,,0.108015,,18.4,2027-02-11 10:15:00
6007804.8042071825,0.0,228.0,,1.15,,0.12807,,,2027-02-11 10:20:00
6007805.804352742,0.0,244.0,,1.15,,0.159582,,,2027-02-11 10:25:00
6007806.804498301,0.0,238.0,,1.15,,0.182309,,,2027-02-11 10:30:00
6007807.80464386,0.0,243.0,,1.15,,0.221377,,,2027-02-11 10:35:00
6007808.804789419,0.0,247.0,,1.15,,0.020896,,,2027-02-11 10:40:00
6007809.8049349785,0.0,248.0,,1.15,,0.021509,,,2027-02-11 10:45:00
6007810.805080538,0.0,250.0,,1.15,,0.022335,,,2027-02-11 10:50:00
6007811.805226098,0.0,254.0,,1.15,,0.030562,,,2027-02-11 10:55:00
6007812.805371657,0.0,254.0,,1.15,,0.025774,,,2027-02-11 11:00:00
6007813.805517216,0.0,248.0,,1.15,,0.024038,,,2027-02-11 11:05:00
6007814.805662775,0.0,241.0,,1.15,,0.025589,,,2027-02-11 11:10:00
6007815.805808335,0.0,239.0,,1.15,,0.045771,,,2027-02-11 11:15:00
6007816.805953894,0.0,235.0,,1.15,,0.036033,,,2027-02-11 11:20:00
6007817.806099453,0.0,229.0,,1.15,,0.06964,,,2027-02-11 11:25:00
6007818.806245013,0.0,224.0,,1.15,,0.065499,,,2027-02-11 11:30:00
6007819.806390572,0.0,219.0,,1.15,,0.102859,,,2027-02-11 11:35:00
6007820.806536132,0.0,216.0,,1.15,,0.195327,,,2027-02-11 11:40:00
6007821.806681691,0.0,212.0,,1.15,,0.2496,,,2027-02-11 11:45:00
6007822.80682725,0.0,208.0,,1.15,,0.361697,,,2027-02-11 11:50:00
6007823.806972809,0.0,198.0,,1.15,,0.01482,,,2027-02-11 11:55:00
6007824.807118368,0.0,189.0,,1.15,,0.014424,,,2027-02-11 12:00:00
6007825.807263928,0.0,181.0,,1.15,,0.019707,,,2027-02-11 12:05:00
6007826.807409488,0.0,176.0,,1.15,,0.011889,,,2027-02-11 12:10:00
6007827.807555047,0.0,180.0,,1.15,,0.043639,,,2027-02-11 12:15:00
6007828.807700606,0.0,187.0,,1.15,,0.049235,,,2027-02-11 12:20:00
6007829.807846165,0.0,187.0,,1.15,,0.041341,,,2027-02-11 12:25:00
6007830.807991724,0.0,189.0,,1.15,,0.026786,,,2027-02-11 12:30:00
6007831.808137284,0.0,186.0,188.0,1.1,,0.008767,,4.0,2027-02-11 12:35:00
6007832.808282844,0.0,183.0,,1.1,,0.006966,,,2027-02-11 12:40:00
6007833.808428403,0.0,185.0,188.0,1.1,,0.019768,,,2027-02-11 12:45:00
6007834.808573962,0.0,183.0,,1.1,,0.029995,,,2027-02-11 12:50:00
6007835.808719521,0.0,184.0,,1.1,,0.042083,,,2027-02-11 12:55:00
6007836.808865081,0.0,184.0,,1.1,,0.051905,,,2027-02-11 13:00:00
6007837.80901064,0.0,180.0,,1.1,,0.066085,,,2027-02-11 13:05:00
6007838.809156199,0.0,173.0,,1.1,,0.083989,,,2027-02-11 13:10:00
6007839.809301759,0.0,165.0,,1.1,,0.017586,,,2027-02-11 13:15:00
6007840.809447318,0.0,158.0,,1.1,,0.012864,,,2027-02-11 13:20:00
6007841.8095928775,0.0,151.0,,1.1,,0.0,,,2027-02-11 13:25:00
6007842.809738437,0.0,147.0,,1.1,,0.013276,,,2027-02-11 13:30:00
6007843.809883996,0.0,146.0,,1.1,,0.015598,,,2027-02-11 13:35:00
6007844.810029555,0.0,147.0,,1.1,,0.01401,,,2027-02-11 13:40:00
6007845.810175114,0.0,148.0,,1.1,,0.01159,,,2027-02-11 13:45:00
6007846.810320674,0.0,149.0,,1.1,,0.022711,,,2027-02-11 13:50:00
6007847.810466234,0.0,149.0,,1.1,,0.026106,,,2027-02-11 13:55:00
6007848.810611793,0.0,150.0,,1.1,,0.0,,,2027-02-11 14:00:00
6007849.810757352,0.0,147.0,,1.1,,,,,2027-02-11 14:05:00
6007850.810902911,0.0,142.0,,1.1,,,,,2027-02-11 14:10:00
6007851.81104847,0.0,135.0,,1.1,,,,,2027-02-11 14:15:00
6007852.81119403,0.0,131.0,,1.1,,,,,2027-02-11 14:20:00
6007853.81133959,0.0,127.0,,1.1,,,,,2027-02-11 14:25:00
6007854.811485149,0.0,119.0,,1.1,,,,,2027-02-11 14:30:00
6007855.811630708,0.0,116.0,,1.1,,,,,2027-02-11 14:35:00
6007856.811776267,0.0,111.0,,1.1,,,,,2027-02-11 14:40:00
6007857.811921827,0.0,106.0,,1.1,,,,,2027-02-11 14:45:00
6007858.812067386,0.0,100.0,,1.1,,,,,2027-02-11 14:50:00
6007859.812212945,0.0,100.0,,1.1,,,,,2027-02-11 14:55:00
6007860.812358504,0.0,100.0,,1.1,,,,,2027-02-11 15:00:00
6007861.812504064,0.0,97.0,,1.1,,,,,2027-02-11 15:05:00
6007862.8126496235,0.0,95.0,,1.1,,,,,2027-02-11 15:10:00
6007863.812795183,0.0,104.0,96.0,1.1,,,,15.4,2027-02-11 15:15:00
6007864.812940742,0.0,121.0,,1.1,,,,,2027-02-11 15:20:00
6007865.813086301,0.0,139.0,,1.1,,,,,2027-02-11 15:25:00
6007866.81323186,0.0,155.0,,1.1,,,,,2027-02-11 15:30:00
6007867.8133774195,0.0,167.0,,1.1,,,,,2027-02-11 15:35:00
6007868.81352298,0.0,175.0,,1.1,,,,,2027-02-11 15:40:00
6007869.813668539,0.0,179.0,,1.1,,,,,2027-02-11 15:45:00
6007870.813814098,0.0,180.0,,1.1,,,,,2027-02-11 15:50:00
6007871.813959657,0.0,175.0,,1.1,,,,,2027-02-11 15:55:00
6007872.814105216,0.0,164.0,,1.1,,,,,2027-02-11 16:00:00
6007873.814250776,0.0,147.0,,1.1,,,,,2027-02-11 16:05:00
6007874.814396335,0.0,132.0,,1.1,,,,,2027-02-11 16:10:00
6007875.814541895,0.0,120.0,,1.1,,,,,2027-02-11 16:15:00
6007876.814687454,0.0,114.0,,1.1,,,,,2027-02-11 16:20:00
6007877.814833013,0.0,111.0,,1.1,,,,,2027-02-11 16:25:00
6007878.814978573,0.0,111.0,,1.1,,,,,2027-02-11 16:30:00
6007879.815124132,0.0,112.0,,1.1,,,,,2027-02-11 16:35:00
6007880.815269691,0.0,112.0,,1.1,,,,,2027-02-11 16:40:00
6007881.81541525,0.0,111.0,,1.1,,,,,2027-02-11 16:45:00
6007882.81556081,0.0,111.0,,1.1,,,,,2027-02-11 16:50:00
6007883.8157063695,0.0,112.0,,1.1,,,,,2027-02-11 16:55:00
6007884.815851929,0.0,108.0,,1.1,,,,,2027-02-11 17:00:00
6007885.815997488,0.0,105.0,,1.1,,,,,2027-02-11 17:05:00
6007886.816143047,0.0,101.0,,1.1,,,,,2027-02-11 17:10:00
6007887.816288606,0.0,101.0,,1.1,,,,,2027-02-11 17:15:00
6007888.816434165,0.0,101.0,,1.1,,,,,2027-02-11 17:20:00
6007889.816579726,0.0,100.0,,1.1,,,,,2027-02-11 17:25:00
6007890.816725285,0.0,98.0,,1.1,,,,,2027-02-11 17:30:00
6007891.816870844,0.0,96.0,,1.1,,,,,2027-02-11 17:35:00
6007892.817016403,0.0,95.0,,1.1,,,,,2027-02-11 17:40:00
6007893.817161962,0.0,95.0,,1.1,,,,,2027-02-11 17:45:00
6007894.817307522,0.0,96.0,,1.1,,,,,2027-02-11 17:50:00
6007895.817453081,0.0,97.0,,1.1,,,,,2027-02-11 17:55:00
6007896.817598641,0.0,98.0,,1.1,,,,,2027-02-11 18:00:00
6007897.8177442,0.0,96.0,,1.2,,,,,2027-02-11 18:05:00
6007898.817889759,0.0,96.0,,1.2,,,,,2027-02-11 18:10:00
6007899.8180353185,0.0,99.0,,1.2,,,,,2027-02-11 18:15:00
6007900.818180878,0.0,102.0,,1.2,,,,,2027-02-11 18:20:00
6007901.818326437,0.0,110.0,,1.2,,,,,2027-02-11 18:25:00
6007902.818471996,0.0,117.0,,1.2,,,,,2027-02-11 18:30:00
6007903.818617556,0.0,123.0,,1.2,,,,,2027-02-11 18:35:00
6007904.818763115,0.0,130.0,,1.2,,,,,2027-02-11 18:40:00
6007905.818908675,0.0,136.0,,1.2,,,,,2027-02-11 18:45:00
6007906.819054234,0.0,142.0,,1.2,,,,,2027-02-11 18:50:00
6007907.819199793,0.0,147.0,,1.2,,,,,2027-02-11 18:55:00
6007908.819345352,0.0,153.0,,1.2,,,,,2027-02-11 19:00:00
6007909.819490911,0.0,159.0,,1.2,,,,,2027-02-11 19:05:00
6007910.819636472,0.0,164.0,,1.2,,,,,2027-02-11 19:10:00
6007911.819782031,0.0,171.0,,1.2,,,,,2027-02-11 19:15:00
6007912.81992759,0.0,180.0,,1.2,,,,,2027-02-11 19:20:00
6007913.820073149,0.0,187.0,,1.2,,,,,2027-02-11 19:25:00
6007914.820218708,0.0,191.0,,1.2,,,,,2027-02-11 19:30:00
6007915.820364268,0.0,200.0,,1.2,,,,,2027-02-11 19:35:00
6007916.820509827,0.0,203.0,,1.2,,,,,2027-02-11 19:40:00
6007917.820655387,0.0,205.0,,1.2,,,,,2027-02-11 19:45:00
6007918.820800946,0.0,208.0,,1.2,,,,,2027-02-11 19:50:00
6007919.820946505,0.0,213.0,,1.2,,,,,2027-02-11 19:55:00
6007920.8210920645,0.0,220.0,,1.2,,,,,2027-02-11 20:00:00
6007921.821237624,0.0,230.0,,1.2,,,,,2027-02-11 20:05:00
6007922.821383183,0.0,244.0,,1.2,,,,,2027-02-11 20:10:00
6007923.821528742,0.0,248.0,,1.2,,,,,2027-02-11 20:15:00
6007924.821674302,0.0,252.0,,1.2,,,,,2027-02-11 20:20:00
6007925.821819861,0.0,260.0,,1.2,,,,,2027-02-11 20:25:00
6007926.821965421,0.0,270.0,287.0,1.2,,,,19.4,2027-02-11 20:30:00
6007927.82211098,0.0,279.0,,1.2,,,,,2027-02-11 20:35:00
6007928.822256539,0.0,286.0,,0.0,,,,,2027-02-11 20:40:00
6007929.822402098,0.0,286.0,,0.0,,,,,2027-02-11 20:45:00
6007930.822547657,0.0,289.0,,0.0,,,,,2027-02-11 20:50:00
6007931.822693218,0.0,292.0,,0.0,,,,,2027-02-11 20:55:00
6007932.822838777,0.0,295.0,,0.0,,,,,2027-02-11 21:00:00
6007933.822984336,0.0,299.0,,0.0,,,,,2027-02-11 21:05:00
6007934.823129895,0.0,290.0,,0.0,,,,,2027-02-11 21:10:00
6007935.823275454,0.0,286.0,,0.0,,,,,2027-02-11 21:15:00
6007936.823421014,0.0,281.0,,1.2,,,,,2027-02-11 21:20:00
6007937.823566573,0.0,270.0,,1.2,,,,,2027-02-11 21:25:00
6007938.823712133,0.0,265.0,,1.2,,,,,2027-02-11 21:30:00
6007939.823857692,0.0,268.0,265.0,1.2,,,,0.9,2027-02-11 21:35:00
6007940.824003251,0.0,275.0,,1.2,,,,,2027-02-11 21:40:00
6007941.8241488105,0.0,278.0,,1.2,,,,,2027-02-11 21:45:00
6007942.82429437,0.0,280.0,,1.2,,,,,2027-02-11 21:50:00
6007943.824439929,0.0,281.0,,1.2,,,,,2027-02-11 21:55:00
6007944.824585488,0.0,287.0,,1.2,,,,,2027-02-11 22:00:00
6007945.824731048,0.0,292.0,,1.0,,,,,2027-02-11 22:05:00
6007946.824876607,0.0,296.0,,1.0,,,,,2027-02-11 22:10:00
6007947.825022167,0.0,303.0,,1.0,,,,,2027-02-11 22:15:00
6007948.825167726,0.0,310.0,,1.0,,,,,2027-02-11 22:20:00
6007949.825313285,0.0,309.0,,1.0,,,,,2027-02-11 22:25:00
6007950.825458844,0.0,315.0,,1.0,,,,,2027-02-11 22:30:00
6007951.825604403,0.0,320.0,290.0,1.0,,,,10.2,2027-02-11 22:35:00
6007952.8257499635,0.0,320.0,,1.0,,,,,2027-02-11 22:40:00
6007953.825895523,0.0,291.0,290.0,1.0,,,,,2027-02-11 22:45:00
6007954.826041082,0.0,285.0,,1.0,,,,,2027-02-11 22:50:00
6007955.826186641,0.0,283.0,,1.0,,,,,2027-02-11 22:55:00
6007956.8263322,0.0,286.0,,1.0,,,,,2027-02-11 23:00:00
6007957.8264777595,0.0,289.0,,1.0,,,,,2027-02-11 23:05:00
6007958.826623319,0.0,294.0,,1.0,,,,,2027-02-11 23:10:00
6007959.826768879,0.0,297.0,,1.0,,,,,2027-02-11 23:15:00
6007960.826914438,0.0,299.0,,1.0,,,,,2027-02-11 23:20:00
6007961.827059997,0.0,300.0,,1.0,,,,,2027-02-11 23:25:00
6007962.827205556,0.0,299.0,,1.0,,,,,2027-02-11 23:30:00
6007963.827351116,0.0,295.0,,1.0,,,,,2027-02-11 23:35:00
6007964.827496675,0.0,290.0,,1.0,,,,,2027-02-11 23:40:00
6007965.827642234,0.0,283.0,290.0,1.0,,,,17.0,2027-02-11 23:45:00
6007966.827787794,0.0,270.0,,1.0,,,,,2027-02-11 23:50:00
6007967.827933353,0.0,257.0,,1.0,,,,,2027-02-11 23:55:00
6007968.828078913,0.0,254.0,,1.0,,,,,2027-02-12 00:00:00
6007969.828224472,0.0,260.0,,0.85,,,,,2027-02-12 00:05:00
6007970.828370031,0.0,265.0,,0.85,,,,,2027-02-12 00:10:00
6007971.82851559,0.0,265.0,,0.85,,0.062381,,,2027-02-12 00:15:00
6007972.828661149,0.0,257.0,,0.85,,0.087383,,,2027-02-12 00:20:00
6007973.8288067095,0.0,246.0,,0.85,,0.112607,,,2027-02-12 00:25:00
6007974.828952269,0.0,235.0,,0.85,,0.126814,,,2027-02-12 00:30:00
6007975.829097828,0.0,228.0,,0.85,,0.163586,,,2027-02-12 00:35:00
6007976.829243387,0.0,225.0,,0.85,,0.315302,,,2027-02-12 00:40:00
6007977.829388946,0.0,224.0,,0.85,,0.464879,,,2027-02-12 00:45:00
6007978.8295345055,0.0,225.0,,0.85,,0.954263,,,2027-02-12 00:50:00
6007979.829680065,0.0,227.0,,0.85,,1.16249,,,2027-02-12 00:55:00
6007980.829825625,0.0,227.0,,0.85,,2.218911,,,2027-02-12 01:00:00
6007981.829971184,0.0,226.0,,0.85,,1.649281,,,2027-02-12 01:05:00
6007982.830116743,0.0,227.0,,0.85,,2.98653,,,2027-02-12 01:10:00
6007983.830262302,0.0,229.0,,0.85,,3.403554,,,2027-02-12 01:15:00
6007984.830407862,0.0,229.0,,0.85,,2.33677,,,2027-02-12 01:20:00
6007985.830553421,0.0,228.0,,0.85,,1.694247,,,2027-02-12 01:25:00
6007986.83069898,0.0,223.0,,0.85,,1.364574,,,2027-02-12 01:30:00
6007987.83084454,0.0,220.0,,0.85,,1.147279,,,2027-02-12 01:35:00
6007988.830990099,0.0,218.0,,0.85,,0.995799,,,2027-02-12 01:40:00
6007989.831135659,0.0,210.0,,0.85,,0.849661,,,2027-02-12 01:45:00
6007990.831281218,0.0,200.0,,0.85,,0.717854,,,2027-02-12 01:50:00
6007991.831426777,0.0,191.0,,0.85,,0.617506,,,2027-02-12 01:55:00
6007992.831572336,0.0,182.0,,0.85,,0.546647,,,2027-02-12 02:00:00
6007993.831717895,0.0,176.0,,0.85,,0.543901,,,2027-02-12 02:05:00
6007994.8318634555,0.0,172.0,,0.85,,0.574943,,,2027-02-12 02:10:00
6007995.832009015,0.0,168.0,,0.85,,0.563766,,,2027-02-12 02:15:00
6007996.832154574,0.0,164.0,,0.85,,0.54136,,,2027-02-12 02:20:00
6007997.832300133,0.0,160.0,,0.85,,0.557947,,,2027-02-12 02:25:00
6007998.832445692,0.0,156.0,,0.85,,0.72029,,,2027-02-12 02:30:00
6007999.8325912515,0.0,151.0,,0.85,,0.398326,,,2027-02-12 02:35:00
6008000.832736811,0.0,146.0,,0.85,,0.057601,,,2027-02-12 02:40:00
6008001.832882371,0.0,141.0,,0.85,,0.044285,,,2027-02-12 02:45:00
6008002.83302793,0.0,138.0,,0.85,,0.031665,,,2027-02-12 02:50:00
6008003.833173489,0.0,136.0,,0.85,,0.028042,,,2027-02-12 02:55:00
6008004.833319048,0.0,137.0,,0.85,,0.028738,,,2027-02-12 03:00:00
6008005.833464608,0.0,132.0,,1.75,,0.027484,,,2027-02-12 03:05:00
6008006.833610167,0.0,127.0,,1.75,,0.045807,,,2027-02-12 03:10:00
6008007.833755726,0.0,123.0,,1.75,,0.078279,,,2027-02-12 03:15:00
6008008.833901286,0.0,119.0,,1.75,,0.113816,,,2027-02-12 03:20:00
6008009.834046845,0.0,116.0,,1.75,,0.14757,,,2027-02-12 03:25:00
6008010.8341924045,0.0,114.0,,1.75,,0.154167,,,2027-02-12 03:30:00
6008011.834337964,0.0,113.0,,1.75,,0.129307,,,2027-02-12 03:35:00
6008012.834483523,0.0,109.0,,1.75,,0.139722,,,2027-02-12 03:40:00
6008013.834629082,0.0,107.0,,1.75,,0.164292,,,2027-02-12 03:45:00
6008014.834774641,0.0,104.0,,1.75,,0.298426,,,2027-02-12 03:50:00
6008015.834920201,0.0,100.0,,1.75,,0.287634,,,2027-02-12 03:55:00
6008016.835065761,0.0,97.0,,1.75,,0.328148,,,2027-02-12 04:00:00
6008017.83521132,0.0,94.0,,1.75,,0.375278,,,2027-02-12 04:05:00
6008018.835356879,0.0,91.0,,1.75,,0.488707,,,2027-02-12 04:10:00
6008019.835502438,0.0,88.0,,1.75,,1.781872,,,2027-02-12 04:15:00
6008020.835647997,0.0,92.0,,1.75,,1.48693,,,2027-02-12 04:20:00
6008021.835793557,0.0,92.0,,1.75,,0.997755,,,2027-02-12 04:25:00
6008022.835939117,0.0,88.0,,1.75,,0.762649,,,2027-02-12 04:30:00
6008023.836084676,0.0,84.0,,1.75,,0.710495,,,2027-02-12 04:35:00
6008024.836230235,0.0,79.0,,1.75,,0.637315,,,2027-02-12 04:40:00
6008025.836375794,0.0,75.0,,1.75,,0.618168,,,2027-02-12 04:45:00
6008026.836521354,0.0,73.0,,1.75,,0.620327,,,2027-02-12 04:50:00
6008027.836666913,0.0,69.0,,1.75,,0.612032,,,2027-02-12 04:55:00
6008028.836812472,0.0,69.0,,1.75,,0.61801,,,2027-02-12 05:00:00
6008029.836958032,0.0,68.0,,1.75,,0.633828,,,2027-02-12 05:05:00
6008030.837103591,0.0,67.0,,1.75,,0.909393,,,2027-02-12 05:10:00
6008031.8372491505,0.0,65.0,,1.75,,0.618896,,,2027-02-12 05:15:00
6008032.83739471,0.0,65.0,,1.75,,0.562608,,,2027-02-12 05:20:00
6008033.837540269,0.0,64.0,,1.75,,0.51316,,,2027-02-12 05:25:00
6008034.837685828,0.0,65.0,,1.75,,0.507663,,,2027-02-12 05:30:00
6008035.837831387,0.0,64.0,,1.75,,0.188371,,,2027-02-12 05:35:00
6008036.837976947,0.0,62.0,,1.75,,0.110803,,,2027-02-12 05:40:00
6008037.838122507,0.0,62.0,,1.75,,0.193117,,,2027-02-12 05:45:00
6008038.838268066,0.0,62.0,,1.75,,0.295454,,,2027-02-12 05:50:00
6008039.838413625,0.0,60.0,,1.75,,0.349812,,,2027-02-12 05:55:00
6008040.838559184,0.0,59.0,,1.75,,0.391052,,,2027-02-12 06:00:00
6008041.838704743,0.0,63.0,,1.75,,0.443171,,,2027-02-12 06:05:00
6008042.838850303,0.0,64.0,,1.75,,0.451947,,,2027-02-12 06:10:00
6008043.838995863,0.0,62.0,,1.75,,0.481146,,,2027-02-12 06:15:00
6008044.839141422,0.0,61.0,,1.75,,0.493607,,,2027-02-12 06:20:00
6008045.839286981,0.0,60.0,,1.75,,0.504519,,,2027-02-12 06:25:00
6008046.83943254,0.0,60.0,,1.75,,0.502281,,,2027-02-12 06:30:00
6008047.8395781,0.0,60.0,,1.75,,0.370169,,,2027-02-12 06:35:00
6008048.839723659,0.0,60.0,,1.75,,0.274315,,,2027-02-12 06:40:00
6008049.839869218,0.0,59.0,,1.75,,0.347109,,,2027-02-12 06:45:00
6008050.840014778,0.0,58.0,,1.75,,0.418233,,,2027-02-12 06:50:00
6008051.840160337,0.0,58.0,,1.75,,0.367,,,2027-02-12 06:55:00
6008052.8403058965,0.0,59.0,,1.75,,0.374862,,,2027-02-12 07:00:00
6008053.840451456,0.0,59.0,,1.75,,0.395044,,,2027-02-12 07:05:00
6008054.840597015,0.0,59.0,,1.75,,0.412296,,,2027-02-12 07:10:00
6008055.840742574,0.0,59.0,,1.75,,0.419898,,,2027-02-12 07:15:00
6008056.840888133,0.0,60.0,,1.75,,0.424008,,,2027-02-12 07:20:00
6008057.841033693,0.0,61.0,,1.75,,0.381432,,,2027-02-12 07:25:00
6008058.841179253,0.0,61.0,,1.75,,0.332196,,,2027-02-12 07:30:00
6008059.841324812,0.0,62.0,,1.75,,0.415439,,,2027-02-12 07:35:00
6008060.841470371,0.0,64.0,,1.75,,0.46518,,,2027-02-12 07:40:00
6008061.84161593,0.0,65.0,,1.75,,0.499619,,,2027-02-12 07:45:00
6008062.841761489,0.0,67.0,,1.75,,0.388166,,,2027-02-12 07:50:00
6008063.841907049,0.0,69.0,,1.75,,0.305191,,,2027-02-12 07:55:00
6008064.842052609,0.0,69.0,,1.75,,0.243443,,,2027-02-12 08:00:00
6008065.842198168,0.0,69.0,,1.35,,0.111697,,,2027-02-12 08:05:00
6008066.842343727,0.0,70.0,,1.35,,0.102348,,,2027-02-12 08:10:00
6008067.842489286,0.0,72.0,,1.35,,0.124867,,,2027-02-12 08:15:00
6008068.8426348455,0.0,74.0,,1.35,,0.145042,,,2027-02-12 08:20:00
6008069.842780405,0.0,74.0,,1.35,,0.170443,,,2027-02-12 08:25:00
6008070.842925964,0.0,79.0,,1.35,,0.222367,,,2027-02-12 08:30:00
6008071.843071524,0.0,87.0,,1.35,,0.258574,,,2027-02-12 08:35:00
6008072.843217083,0.0,87.0,,1.35,,0.296964,,,2027-02-12 08:40:00
6008073.843362642,0.0,87.0,,1.35,,0.317634,,,2027-02-12 08:45:00
6008074.843508202,0.0,83.0,,1.35,,0.346478,,,2027-02-12 08:50:00
6008075.843653761,0.0,81.0,,1.35,,0.363538,,,2027-02-12 08:55:00
6008076.84379932,0.0,81.0,,1.35,,0.284377,,,2027-02-12 09:00:00
6008077.843944879,0.0,81.0,,1.35,,0.335798,,,2027-02-12 09:05:00
6008078.844090439,0.0,81.0,,1.35,,0.244385,,,2027-02-12 09:10:00
6008079.844235999,0.0,82.0,,1.35,,0.2504,,,2027-02-12 09:15:00
6008080.844381558,0.0,84.0,,1.35,,0.230788,,,2027-02-12 09:20:00
6008081.844527117,0.0,88.0,,1.35,,0.166546,,,2027-02-12 09:25:00
6008082.844672676,0.0,92.0,,1.35,,0.138501,,,2027-02-12 09:30:00
6008083.844818235,0.0,92.0,,1.35,,0.09078,,,2027-02-12 09:35:00
6008084.844963795,0.0,91.0,,1.35,,0.073072,,,2027-02-12 09:40:00
6008085.845109355,0.0,91.0,,1.35,,0.067812,,,2027-02-12 09:45:00
6008086.845254914,0.0,93.0,,1.35,,0.072368,,,2027-02-12 09:50:00
6008087.845400473,0.0,96.0,,1.35,,0.076804,,,2027-02-12 09:55:00
6008088.845546032,0.0,101.0,,1.35,,0.056848,,,2027-02-12 10:00:00
6008089.8456915915,0.0,103.0,,1.15,,0.080831,,,2027-02-12 10:05:00
6008090.845837151,0.0,107.0,,1.15,,0.017046,,,2027-02-12 10:10:00
6008091.84598271,0.0,113.0,,1.15,,0.011625,,,2027-02-12 10:15:00
6008092.84612827,0.0,117.0,,1.15,,0.013203,,,2027-02-12 10:20:00
6008093.846273829,0.0,124.0,,1.15,,0.014335,,,2027-02-12 10:25:00
6008094.846419388,0.0,134.0,,1.15,,0.015168,,,2027-02-12 10:30:00
6008095.846564948,1.0,,,1.15,,0.099917,,,2027-02-12 10:35:00
6008096.846710507,1.0,,175.0,1.15,,0.021162,,17.0,2027-02-12 10:40:00
6008097.846856066,1.0,,,1.15,,0.033491,,,2027-02-12 10:45:00
6008098.847001625,1.0,,,1.15,,0.029641,,,2027-02-12 10:50:00
6008099.847147185,1.0,,,1.15,,0.031963,,,2027-02-12 10:55:00
6008100.847292745,1.0,,,1.15,,0.016557,,,2027-02-12 11:00:00
6008101.847438304,1.0,,,1.15,,0.051955,,,2027-02-12 11:05:00
6008102.847583863,1.0,,,1.15,,0.015513,,,2027-02-12 11:10:00
6008103.847729422,1.0,,,1.15,,0.037727,,,2027-02-12 11:15:00
6008104.847874981,1.0,,,1.15,,0.018525,,,2027-02-12 11:20:00
6008105.848020541,1.0,,,1.15,,0.056416,,,2027-02-12 11:25:00
6008106.848166101,1.0,,,1.15,,0.167458,,,2027-02-12 11:30:00
6008107.84831166,1.0,,,1.15,,0.206753,,,2027-02-12 11:35:00
6008108.848457219,1.0,,,1.15,,0.669412,,,2027-02-12 11:40:00
6008109.848602778,1.0,,,1.15,,1.891642,,,2027-02-12 11:45:00
6008110.8487483375,1.0,,,1.15,,5.920821,,,2027-02-12 11:50:00
6008111.848893897,1.0,,,1.15,,1.942331,,,2027-02-12 11:55:00
6008112.849039456,1.0,,,1.15,,2.948486,,,2027-02-12 12:00:00
6008113.849185016,1.0,,,1.15,,4.846194,,,2027-02-12 12:05:00
6008114.849330575,1.0,,,1.15,,6.074044,,,2027-02-12 12:10:00
6008115.849476134,1.0,,,1.15,,3.096547,,,2027-02-12 12:15:00
6008116.849621694,1.0,,,1.15,,2.755583,,,2027-02-12 12:20:00
6008117.849767253,1.0,,,1.15,,0.261002,,,2027-02-12 12:25:00
6008118.849912812,1.0,,,1.15,,0.03726,,,2027-02-12 12:30:00
6008119.850058371,1.0,,,1.1,,0.085439,,,2027-02-12 12:35:00
6008120.850203931,1.0,,,1.1,,0.119732,,,2027-02-12 12:40:00
6008121.8503494905,1.0,,,1.1,,0.137051,,,2027-02-12 12:45:00
6008122.85049505,1.0,,,1.1,,0.075536,,,2027-02-12 12:50:00
6008123.850640609,1.0,,,1.1,,0.114289,,,2027-02-12 12:55:00
6008124.850786168,1.0,,,1.1,,0.283378,,,2027-02-12 13:00:00
6008125.850931727,1.0,,122.0,1.1,,0.314308,,12.3,2027-02-12 13:05:00
6008126.8510772865,1.0,,,1.1,,0.38437,,,2027-02-12 13:10:00
6008127.851222847,0.0,122.0,122.0,1.1,,0.345699,,,2027-02-12 13:15:00
6008128.851368406,0.0,117.0,,1.1,,0.401726,,,2027-02-12 13:20:00
6008129.851513965,0.0,116.0,,1.1,,0.024838,,,2027-02-12 13:25:00
6008130.851659524,0.0,123.0,,1.1,,0.013481,,,2027-02-12 13:30:00
6008131.851805083,0.0,129.0,,1.1,,0.011859,,,2027-02-12 13:35:00
6008132.851950643,0.0,129.0,,1.1,,0.026608,,,2027-02-12 13:40:00
6008133.852096202,0.0,129.0,,1.1,,0.025914,,,2027-02-12 13:45:00
6008134.852241762,0.0,134.0,,1.1,,0.034321,,,2027-02-12 13:50:00
6008135.852387321,0.0,132.0,,1.1,,0.038905,,,2027-02-12 13:55:00
6008136.85253288,0.0,132.0,,1.1,,0.059649,,,2027-02-12 14:00:00
6008137.85267844,0.0,131.0,,1.1,,0.015594,,,2027-02-12 14:05:00
6008138.852823999,0.0,136.0,,1.1,,0.019573,,,2027-02-12 14:10:00
6008139.852969558,0.0,139.0,,1.1,,0.035411,,,2027-02-12 14:15:00
6008140.853115117,0.0,139.0,,1.1,,0.023909,,,2027-02-12 14:20:00
6008141.853260677,0.0,140.0,,1.1,,0.019919,,,2027-02-12 14:25:00
6008142.8534062365,0.0,142.0,,1.1,,0.012143,,,2027-02-12 14:30:00
6008143.853551796,0.0,138.0,,1.1,,23.696401,,,2027-02-12 14:35:00
6008144.853697355,0.0,136.0,,1.1,,0.599778,,,2027-02-12 14:40:00
6008145.853842914,0.0,134.0,,1.1,,0.169198,,,2027-02-12 14:45:00
6008146.853988473,0.0,133.0,,1.1,,0.250191,,,2027-02-12 14:50:00
6008147.8541340325,0.0,137.0,,1.1,,0.657359,,,2027-02-12 14:55:00
6008148.854279593,0.0,140.0,,1.1,,4.423196,,,2027-02-12 15:00:00
6008149.854425152,0.0,145.0,,1.1,,2.546825,,,2027-02-12 15:05:00
6008150.854570711,0.0,150.0,,1.1,,2.001164,,,2027-02-12 15:10:00
6008151.85471627,0.0,154.0,,1.1,,1.624724,,,2027-02-12 15:15:00
6008152.854861829,0.0,157.0,,1.1,,0.765108,,,2027-02-12 15:20:00
6008153.855007389,0.0,162.0,175.0,1.1,,2.804628,,15.0,2027-02-12 15:25:00
6008154.855152948,0.0,168.0,,1.1,,2.106218,,,2027-02-12 15:30:00
6008155.855298508,0.0,174.0,,1.1,,3.374826,,,2027-02-12 15:35:00
6008156.855444067,0.0,178.0,,1.1,,3.814096,,,2027-02-12 15:40:00
6008157.855589626,0.0,184.0,,1.1,,5.314426,,,2027-02-12 15:45:00
6008158.855735186,0.0,189.0,,1.1,,5.814937,,,2027-02-12 15:50:00
6008159.855880745,0.0,190.0,,1.1,,4.441337,,,2027-02-12 15:55:00
6008160.856026304,0.0,184.0,,1.1,,3.611918,,,2027-02-12 16:00:00
6008161.856171863,0.0,177.0,,1.1,,2.716255,,,2027-02-12 16:05:00
6008162.856317423,0.0,173.0,,1.1,,2.113398,,,2027-02-12 16:10:00
6008163.8564629825,0.0,169.0,,1.1,,2.02185,,,2027-02-12 16:15:00
6008164.856608542,0.0,164.0,,1.1,,1.975436,,,2027-02-12 16:20:00
6008165.856754101,0.0,156.0,,1.1,,0.056896,,,2027-02-12 16:25:00
6008166.85689966,0.0,146.0,,1.1,,0.023932,,,2027-02-12 16:30:00
6008167.857045219,0.0,144.0,,1.1,,0.032337,,,2027-02-12 16:35:00
6008168.8571907785,0.0,141.0,,1.1,,0.04124,,,2027-02-12 16:40:00
6008169.857336339,0.0,137.0,,1.1,,0.05542,,,2027-02-12 16:45:00
6008170.857481898,0.0,134.0,,1.1,,0.063535,,,2027-02-12 16:50:00
6008171.857627457,0.0,131.0,,1.1,,0.051372,,,2027-02-12 16:55:00
6008172.857773016,0.0,127.0,,1.1,,0.056624,,,2027-02-12 17:00:00
6008173.857918575,0.0,122.0,,1.1,,0.067527,,,2027-02-12 17:05:00
6008174.858064135,0.0,118.0,,1.1,,0.066018,,,2027-02-12 17:10:00
6008175.858209694,0.0,113.0,,1.1,,0.05206,,,2027-02-12 17:15:00
6008176.858355254,0.0,106.0,,1.1,,0.028452,,,2027-02-12 17:20:00
6008177.858500813,0.0,100.0,,1.1,,0.021209,,,2027-02-12 17:25:00
6008178.858646372,0.0,93.0,,1.1,,0.01187,,,2027-02-12 17:30:00
6008179.8587919315,0.0,87.0,,1.1,,0.065507,,,2027-02-12 17:35:00
6008180.858937491,0.0,80.0,,1.1,,0.060685,,,2027-02-12 17:40:00
6008181.85908305,0.0,70.0,,1.1,,0.034246,,,2027-02-12 17:45:00
6008182.859228609,0.0,65.0,,1.1,,2.108242,,,2027-02-12 17:50:00
6008183.859374169,0.0,61.0,,1.1,,24.59249,,,2027-02-12 17:55:00
6008184.859519728,0.0,58.0,,1.1,,29.215315,,,2027-02-12 18:00:00
6008185.859665288,0.0,53.0,,1.2,,31.91895,,,2027-02-12 18:05:00
6008186.859810847,0.0,50.0,,1.2,,7.578101,,,2027-02-12 18:10:00
6008187.859956406,0.0,48.0,,1.2,,37.431576,,,2027-02-12 18:15:00
6008188.860101965,0.0,49.0,,1.2,,35.411136,,,2027-02-12 18:20:00
6008189.860247524,0.0,49.0,,1.2,,55.376761,,,2027-02-12 18:25:00
6008190.860393085,0.0,50.0,,1.2,,59.479405,,,2027-02-12 18:30:00
6008191.860538644,0.0,51.0,,1.2,,2.616354,,,2027-02-12 18:35:00
6008192.860684203,0.0,53.0,,1.2,,3.257392,,,2027-02-12 18:40:00
6008193.860829762,0.0,53.0,,1.2,,2.656306,,,2027-02-12 18:45:00
6008194.860975321,0.0,54.0,,1.2,,5.100856,,,2027-02-12 18:50:00
6008195.861120881,0.0,55.0,,1.2,,1.485377,,,2027-02-12 18:55:00
6008196.86126644,0.0,57.0,,1.2,,0.882449,,,2027-02-12 19:00:00
6008197.861412,0.0,57.0,,1.2,,0.077481,,,2027-02-12 19:05:00
6008198.861557559,0.0,58.0,,1.2,,0.010366,,,2027-02-12 19:10:00
6008199.861703118,0.0,58.0,,1.2,,0.01297,,,2027-02-12 19:15:00
6008200.8618486775,0.0,56.0,,1.2,,0.011709,,,2027-02-12 19:20:00
6008201.861994237,0.0,58.0,,1.2,,0.050289,,,2027-02-12 19:25:00
6008202.862139796,0.0,62.0,,1.2,,0.015351,,,2027-02-12 19:30:00
6008203.862285355,0.0,78.0,,1.2,,0.153835,,,2027-02-12 19:35:00
6008204.862430915,0.0,83.0,,1.2,,0.168826,,,2027-02-12 19:40:00
6008205.862576474,0.0,103.0,,1.2,,0.086527,,,2027-02-12 19:45:00
6008206.862722034,0.0,124.0,,1.2,,0.044674,,,2027-02-12 19:50:00
6008207.862867593,0.0,142.0,,1.2,,0.066447,,,2027-02-12 19:55:00
6008208.863013152,0.0,159.0,,1.2,,0.019587,,,2027-02-12 20:00:00
6008209.863158711,0.0,172.0,,1.2,,0.01202,,,2027-02-12 20:05:00
6008210.86330427,0.0,177.0,,1.2,,0.012445,,,2027-02-12 20:10:00
6008211.863449831,0.0,181.0,,1.2,,0.016013,,,2027-02-12 20:15:00
6008212.86359539,0.0,184.0,,1.2,,0.011201,,,2027-02-12 20:20:00
6008213.863740949,0.0,187.0,,1.2,,0.049806,,,2027-02-12 20:25:00
6008214.863886508,0.0,188.0,,1.2,,0.045809,,,2027-02-12 20:30:00
6008215.864032067,0.0,188.0,,1.2,,0.128277,,,2027-02-12 20:35:00
6008216.864177627,0.0,180.0,,1.2,,0.28526,,,2027-02-12 20:40:00
6008217.864323186,0.0,172.0,,1.2,,0.50422,,,2027-02-12 20:45:00
6008218.864468746,0.0,170.0,,1.2,,0.785046,,,2027-02-12 20:50:00
6008219.864614305,0.0,173.0,,1.2,,0.282272,,,2027-02-12 20:55:00
6008220.864759864,0.0,182.0,,1.2,,0.0,,,2027-02-12 21:00:00
6008221.8649054235,0.0,177.0,192.0,1.2,,,,15.2,2027-02-12 21:05:00
6008222.865050983,0.0,179.0,,1.2,,,,,2027-02-12 21:10:00
6008223.865196542,0.0,185.0,,0.0,,,,,2027-02-12 21:15:00
6008224.865342101,0.0,193.0,,0.0,,,,,2027-02-12 21:20:00
6008225.865487661,0.0,203.0,,0.0,,,,,2027-02-12 21:25:00
6008226.86563322,0.0,210.0,,0.0,,0.039046,,,2027-02-12 21:30:00
6008227.86577878,0.0,216.0,,0.0,,0.010139,,,2027-02-12 21:35:00
6008228.865924339,0.0,221.0,,0.0,,0.011665,,,2027-02-12 21:40:00
6008229.866069898,0.0,224.0,,0.0,,0.0,,,2027-02-12 21:45:00
6008230.866215457,0.0,226.0,,0.0,,0.012891,,,2027-02-12 21:50:00
6008231.866361016,0.0,232.0,,0.0,,0.011984,,,2027-02-12 21:55:00
6008232.866506577,0.0,236.0,,0.0,,0.021868,,,2027-02-12 22:00:00
6008233.866652136,0.0,240.0,,0.0,,0.021515,,,2027-02-12 22:05:00
6008234.866797695,0.0,245.0,,0.0,,0.011717,,,2027-02-12 22:10:00
6008235.866943254,0.0,254.0,,0.0,,0.0,,,2027-02-12 22:15:00
6008236.867088813,0.0,261.0,,0.0,,,,,2027-02-12 22:20:00
6008237.8672343725,0.0,266.0,,0.0,,0.021511,,,2027-02-12 22:25:00
6008238.867379932,0.0,268.0,,1.2,,0.012975,,,2027-02-12 22:30:00
6008239.867525492,0.0,272.0,,1.2,,0.015574,,,2027-02-12 22:35:00
6008240.867671051,0.0,280.0,,1.2,,0.015756,,,2027-02-12 22:40:00
6008241.86781661,0.0,284.0,,1.2,,0.017129,,,2027-02-12 22:45:00
6008242.867962169,0.0,281.0,,1.2,,0.024395,,,2027-02-12 22:50:00
6008243.868107729,0.0,280.0,,1.2,,0.020203,,,2027-02-12 22:55:00
6008244.868253288,0.0,281.0,,1.2,,0.01558,,,2027-02-12 23:00:00
6008245.868398847,0.0,279.0,,1.2,,0.016354,,,2027-02-12 23:05:00
6008246.868544407,0.0,277.0,,1.2,,0.013335,,,2027-02-12 23:10:00
6008247.868689966,0.0,277.0,,1.2,,0.0,,,2027-02-12 23:15:00
6008248.868835526,0.0,277.0,,1.2,,0.014206,,,2027-02-12 23:20:00
6008249.868981085,0.0,279.0,,1.2,,0.014516,,,2027-02-12 23:25:00
6008250.869126644,0.0,282.0,336.0,1.2,,0.017073,,25.0,2027-02-12 23:30:00
6008251.869272203,0.0,281.0,,1.2,,0.018059,,,2027-02-12 23:35:00
6008252.869417762,0.0,325.0,336.0,1.2,,0.020673,,,2027-02-12 23:40:00
6008253.8695633225,0.0,320.0,,1.2,,0.042954,,,2027-02-12 23:45:00
6008254.869708882,0.0,315.0,,1.2,,0.080366,,,2027-02-12 23:50:00
6008255.869854441,0.0,310.0,,1.2,,0.141809,,,2027-02-12 23:55:00
6008256.87,0.0,303.0,,1.2,,0.148766,,,2027-02-13 00:00:00
